{"type":"FeatureCollection","features":[{"type":"Feature","geometry":{"type":"LineString","coordinates":[[-94.9273352613746,38.8102079359917],[-94.926404018106,38.810209827039],[-94.9263810818939,38.8105716910082],[-94.9263567116228,38.8105790645607]]},"properties":{"id":"arcgis-23-1-05fd443149cf94f4","sourceId":"arcgis-23-1","source":"Fiber_BackBone \u2014 UGBackbone","sourceUrl":"https://services5.arcgis.com/Ox3HYmIeiVBmWWrQ/arcgis/rest/services/Fiber_BackBone/FeatureServer/1","name":"Fiber_BackBone \u2014 UGBackbone","carrier":"Not published","routeStatus":"Unknown","category":"unknown","evidence":"agency_route","dataDate":null,"metadataModified":"2018-05-02T20:09:15+00:00","retrievedAt":"2026-09-18T02:36:36.373285+00:00","networkType":"Published fiber route; network class not specified","serviceability":"Unconfirmed","routeDiversity":"Unconfirmed","states":["KS"]},"bbox":[-94.9273352613746,38.8102079359917,-94.9263567116228,38.8105790645607]},{"type":"Feature","geometry":{"type":"LineString","coordinates":[[-94.899676319547,38.8074324134059],[-94.8999049671846,38.8074245463873]]},"properties":{"id":"arcgis-23-1-51ab0191e7bcdf16","sourceId":"arcgis-23-1","source":"Fiber_BackBone \u2014 UGBackbone","sourceUrl":"https://services5.arcgis.com/Ox3HYmIeiVBmWWrQ/arcgis/rest/services/Fiber_BackBone/FeatureServer/1","name":"Fiber_BackBone \u2014 UGBackbone","carrier":"Not published","routeStatus":"Unknown","category":"unknown","evidence":"agency_route","dataDate":null,"metadataModified":"2018-05-02T20:09:15+00:00","retrievedAt":"2026-09-18T02:36:36.373285+00:00","networkType":"Published fiber route; network class not specified","serviceability":"Unconfirmed","routeDiversity":"Unconfirmed","states":["KS"]},"bbox":[-94.8999049671846,38.8074245463873,-94.899676319547,38.8074324134059]},{"type":"Feature","geometry":{"type":"LineString","coordinates":[[-94.8996922579284,38.8107007657767],[-94.8998270819239,38.8108121038314]]},"properties":{"id":"arcgis-23-1-f14f975e894e8b04","sourceId":"arcgis-23-1","source":"Fiber_BackBone \u2014 UGBackbone","sourceUrl":"https://services5.arcgis.com/Ox3HYmIeiVBmWWrQ/arcgis/rest/services/Fiber_BackBone/FeatureServer/1","name":"Fiber_BackBone \u2014 UGBackbone","carrier":"Not published","routeStatus":"Unknown","category":"unknown","evidence":"agency_route","dataDate":null,"metadataModified":"2018-05-02T20:09:15+00:00","retrievedAt":"2026-09-18T02:36:36.373285+00:00","networkType":"Published fiber route; network class not specified","serviceability":"Unconfirmed","routeDiversity":"Unconfirmed","states":["KS"]},"bbox":[-94.8998270819239,38.8107007657767,-94.8996922579284,38.8108121038314]},{"type":"Feature","geometry":{"type":"LineString","coordinates":[[-94.9457924775265,38.8292813148681],[-94.9458758315279,38.8292423807433],[-94.9465798125236,38.8292153420556]]},"properties":{"id":"arcgis-23-1-87a1bfb7a7be8dd4","sourceId":"arcgis-23-1","source":"Fiber_BackBone \u2014 UGBackbone","sourceUrl":"https://services5.arcgis.com/Ox3HYmIeiVBmWWrQ/arcgis/rest/services/Fiber_BackBone/FeatureServer/1","name":"Fiber_BackBone \u2014 UGBackbone","carrier":"Not published","routeStatus":"Unknown","category":"unknown","evidence":"agency_route","dataDate":null,"metadataModified":"2018-05-02T20:09:15+00:00","retrievedAt":"2026-09-18T02:36:36.373285+00:00","networkType":"Published fiber route; network class not specified","serviceability":"Unconfirmed","routeDiversity":"Unconfirmed","states":["KS"]},"bbox":[-94.9465798125236,38.8292153420556,-94.9457924775265,38.8292813148681]},{"type":"Feature","geometry":{"type":"LineString","coordinates":[[-94.8977324783947,38.8128664688624],[-94.8978150627711,38.812622823083]]},"properties":{"id":"arcgis-23-1-72e81556900cb27b","sourceId":"arcgis-23-1","source":"Fiber_BackBone \u2014 UGBackbone","sourceUrl":"https://services5.arcgis.com/Ox3HYmIeiVBmWWrQ/arcgis/rest/services/Fiber_BackBone/FeatureServer/1","name":"Fiber_BackBone \u2014 UGBackbone","carrier":"Not published","routeStatus":"Unknown","category":"unknown","evidence":"agency_route","dataDate":null,"metadataModified":"2018-05-02T20:09:15+00:00","retrievedAt":"2026-09-18T02:36:36.373285+00:00","networkType":"Published fiber route; network class not specified","serviceability":"Unconfirmed","routeDiversity":"Unconfirmed","states":["KS"]},"bbox":[-94.8978150627711,38.812622823083,-94.8977324783947,38.8128664688624]},{"type":"Feature","geometry":{"type":"LineString","coordinates":[[-94.8978150627711,38.812622823083],[-94.898218282063,38.8124950024017]]},"properties":{"id":"arcgis-23-1-aac1b9f642d05d48","sourceId":"arcgis-23-1","source":"Fiber_BackBone \u2014 UGBackbone","sourceUrl":"https://services5.arcgis.com/Ox3HYmIeiVBmWWrQ/arcgis/rest/services/Fiber_BackBone/FeatureServer/1","name":"Fiber_BackBone \u2014 UGBackbone","carrier":"Not published","routeStatus":"Unknown","category":"unknown","evidence":"agency_route","dataDate":null,"metadataModified":"2018-05-02T20:09:15+00:00","retrievedAt":"2026-09-18T02:36:36.373285+00:00","networkType":"Published fiber route; network class not specified","serviceability":"Unconfirmed","routeDiversity":"Unconfirmed","states":["KS"]},"bbox":[-94.898218282063,38.8124950024017,-94.8978150627711,38.812622823083]},{"type":"Feature","geometry":{"type":"LineString","coordinates":[[-94.9142733282262,38.8101753024231],[-94.913491115005,38.81025296699],[-94.9111746324984,38.8106056411627],[-94.9111813134535,38.8100205217189],[-94.9110060270032,38.8100107194009]]},"properties":{"id":"arcgis-23-1-1cf03b0e968f6d08","sourceId":"arcgis-23-1","source":"Fiber_BackBone \u2014 UGBackbone","sourceUrl":"https://services5.arcgis.com/Ox3HYmIeiVBmWWrQ/arcgis/rest/services/Fiber_BackBone/FeatureServer/1","name":"Fiber_BackBone \u2014 UGBackbone","carrier":"Not published","routeStatus":"Unknown","category":"unknown","evidence":"agency_route","dataDate":null,"metadataModified":"2018-05-02T20:09:15+00:00","retrievedAt":"2026-09-18T02:36:36.373285+00:00","networkType":"Published fiber route; network class not specified","serviceability":"Unconfirmed","routeDiversity":"Unconfirmed","states":["KS"]},"bbox":[-94.9142733282262,38.8100107194009,-94.9110060270032,38.8106056411627]},{"type":"Feature","geometry":{"type":"LineString","coordinates":[[-94.909404877851,38.7965941026504],[-94.9075375279772,38.7968364186664]]},"properties":{"id":"arcgis-23-1-936ec67e5cabdbcf","sourceId":"arcgis-23-1","source":"Fiber_BackBone \u2014 UGBackbone","sourceUrl":"https://services5.arcgis.com/Ox3HYmIeiVBmWWrQ/arcgis/rest/services/Fiber_BackBone/FeatureServer/1","name":"Fiber_BackBone \u2014 UGBackbone","carrier":"Not published","routeStatus":"Unknown","category":"unknown","evidence":"agency_route","dataDate":null,"metadataModified":"2018-05-02T20:09:15+00:00","retrievedAt":"2026-09-18T02:36:36.373285+00:00","networkType":"Published fiber route; network class not specified","serviceability":"Unconfirmed","routeDiversity":"Unconfirmed","states":["KS"]},"bbox":[-94.909404877851,38.7965941026504,-94.9075375279772,38.7968364186664]},{"type":"Feature","geometry":{"type":"LineString","coordinates":[[-94.9134868238825,38.8037402748136],[-94.9136049859541,38.8037327203819]]},"properties":{"id":"arcgis-23-1-dadefecb5ae94945","sourceId":"arcgis-23-1","source":"Fiber_BackBone \u2014 UGBackbone","sourceUrl":"https://services5.arcgis.com/Ox3HYmIeiVBmWWrQ/arcgis/rest/services/Fiber_BackBone/FeatureServer/1","name":"Fiber_BackBone \u2014 UGBackbone","carrier":"Not published","routeStatus":"Unknown","category":"unknown","evidence":"agency_route","dataDate":null,"metadataModified":"2018-05-02T20:09:15+00:00","retrievedAt":"2026-09-18T02:36:36.373285+00:00","networkType":"Published fiber route; network class not specified","serviceability":"Unconfirmed","routeDiversity":"Unconfirmed","states":["KS"]},"bbox":[-94.9136049859541,38.8037327203819,-94.9134868238825,38.8037402748136]},{"type":"Feature","geometry":{"type":"LineString","coordinates":[[-94.9091886782998,38.8062454694326],[-94.9088219455484,38.8062408021847]]},"properties":{"id":"arcgis-23-1-8fd504c70c6677a9","sourceId":"arcgis-23-1","source":"Fiber_BackBone \u2014 UGBackbone","sourceUrl":"https://services5.arcgis.com/Ox3HYmIeiVBmWWrQ/arcgis/rest/services/Fiber_BackBone/FeatureServer/1","name":"Fiber_BackBone \u2014 UGBackbone","carrier":"Not published","routeStatus":"Unknown","category":"unknown","evidence":"agency_route","dataDate":null,"metadataModified":"2018-05-02T20:09:15+00:00","retrievedAt":"2026-09-18T02:36:36.373285+00:00","networkType":"Published fiber route; network class not specified","serviceability":"Unconfirmed","routeDiversity":"Unconfirmed","states":["KS"]},"bbox":[-94.9091886782998,38.8062408021847,-94.9088219455484,38.8062454694326]},{"type":"Feature","geometry":{"type":"LineString","coordinates":[[-94.9182633120338,38.7966297194258],[-94.9182840254303,38.7962885337974]]},"properties":{"id":"arcgis-23-1-74e5ff76d4024f36","sourceId":"arcgis-23-1","source":"Fiber_BackBone \u2014 UGBackbone","sourceUrl":"https://services5.arcgis.com/Ox3HYmIeiVBmWWrQ/arcgis/rest/services/Fiber_BackBone/FeatureServer/1","name":"Fiber_BackBone \u2014 UGBackbone","carrier":"Not published","routeStatus":"Unknown","category":"unknown","evidence":"agency_route","dataDate":null,"metadataModified":"2018-05-02T20:09:15+00:00","retrievedAt":"2026-09-18T02:36:36.373285+00:00","networkType":"Published fiber route; network class not specified","serviceability":"Unconfirmed","routeDiversity":"Unconfirmed","states":["KS"]},"bbox":[-94.9182840254303,38.7962885337974,-94.9182633120338,38.7966297194258]},{"type":"Feature","geometry":{"type":"LineString","coordinates":[[-94.9182192787031,38.7899651189],[-94.9182106451325,38.789402518645]]},"properties":{"id":"arcgis-23-1-3c00c4a65dc96299","sourceId":"arcgis-23-1","source":"Fiber_BackBone \u2014 UGBackbone","sourceUrl":"https://services5.arcgis.com/Ox3HYmIeiVBmWWrQ/arcgis/rest/services/Fiber_BackBone/FeatureServer/1","name":"Fiber_BackBone \u2014 UGBackbone","carrier":"Not published","routeStatus":"Unknown","category":"unknown","evidence":"agency_route","dataDate":null,"metadataModified":"2018-05-02T20:09:15+00:00","retrievedAt":"2026-09-18T02:36:36.373285+00:00","networkType":"Published fiber route; network class not specified","serviceability":"Unconfirmed","routeDiversity":"Unconfirmed","states":["KS"]},"bbox":[-94.9182192787031,38.789402518645,-94.9182106451325,38.7899651189]},{"type":"Feature","geometry":{"type":"LineString","coordinates":[[-94.9467927657754,38.8258848839653],[-94.947791577847,38.8258893781806],[-94.9478239787687,38.825901835577]]},"properties":{"id":"arcgis-23-1-1b02a0f542c82769","sourceId":"arcgis-23-1","source":"Fiber_BackBone \u2014 UGBackbone","sourceUrl":"https://services5.arcgis.com/Ox3HYmIeiVBmWWrQ/arcgis/rest/services/Fiber_BackBone/FeatureServer/1","name":"Fiber_BackBone \u2014 UGBackbone","carrier":"Not published","routeStatus":"Unknown","category":"unknown","evidence":"agency_route","dataDate":null,"metadataModified":"2018-05-02T20:09:15+00:00","retrievedAt":"2026-09-18T02:36:36.373285+00:00","networkType":"Published fiber route; network class not specified","serviceability":"Unconfirmed","routeDiversity":"Unconfirmed","states":["KS"]},"bbox":[-94.9478239787687,38.8258848839653,-94.9467927657754,38.825901835577]},{"type":"Feature","geometry":{"type":"LineString","coordinates":[[-94.8982460656688,38.8124070710604],[-94.898218282063,38.8124950024017]]},"properties":{"id":"arcgis-23-1-babbe418bfdf8de9","sourceId":"arcgis-23-1","source":"Fiber_BackBone \u2014 UGBackbone","sourceUrl":"https://services5.arcgis.com/Ox3HYmIeiVBmWWrQ/arcgis/rest/services/Fiber_BackBone/FeatureServer/1","name":"Fiber_BackBone \u2014 UGBackbone","carrier":"Not published","routeStatus":"Unknown","category":"unknown","evidence":"agency_route","dataDate":null,"metadataModified":"2018-05-02T20:09:15+00:00","retrievedAt":"2026-09-18T02:36:36.373285+00:00","networkType":"Published fiber route; network class not specified","serviceability":"Unconfirmed","routeDiversity":"Unconfirmed","states":["KS"]},"bbox":[-94.8982460656688,38.8124070710604,-94.898218282063,38.8124950024017]},{"type":"Feature","geometry":{"type":"LineString","coordinates":[[-94.9381515613069,38.8183570526433],[-94.9381279371473,38.8183595560235]]},"properties":{"id":"arcgis-23-1-3b61e52cf139e143","sourceId":"arcgis-23-1","source":"Fiber_BackBone \u2014 UGBackbone","sourceUrl":"https://services5.arcgis.com/Ox3HYmIeiVBmWWrQ/arcgis/rest/services/Fiber_BackBone/FeatureServer/1","name":"Fiber_BackBone \u2014 UGBackbone","carrier":"Not published","routeStatus":"Unknown","category":"unknown","evidence":"agency_route","dataDate":null,"metadataModified":"2018-05-02T20:09:15+00:00","retrievedAt":"2026-09-18T02:36:36.373285+00:00","networkType":"Published fiber route; network class not specified","serviceability":"Unconfirmed","routeDiversity":"Unconfirmed","states":["KS"]},"bbox":[-94.9381515613069,38.8183570526433,-94.9381279371473,38.8183595560235]},{"type":"Feature","geometry":{"type":"LineString","coordinates":[[-94.9378809378266,38.8183607224125],[-94.9378912159672,38.8174114977419]]},"properties":{"id":"arcgis-23-1-15a85a68d52c4dc9","sourceId":"arcgis-23-1","source":"Fiber_BackBone \u2014 UGBackbone","sourceUrl":"https://services5.arcgis.com/Ox3HYmIeiVBmWWrQ/arcgis/rest/services/Fiber_BackBone/FeatureServer/1","name":"Fiber_BackBone \u2014 UGBackbone","carrier":"Not published","routeStatus":"Unknown","category":"unknown","evidence":"agency_route","dataDate":null,"metadataModified":"2018-05-02T20:09:15+00:00","retrievedAt":"2026-09-18T02:36:36.373285+00:00","networkType":"Published fiber route; network class not specified","serviceability":"Unconfirmed","routeDiversity":"Unconfirmed","states":["KS"]},"bbox":[-94.9378912159672,38.8174114977419,-94.9378809378266,38.8183607224125]},{"type":"Feature","geometry":{"type":"LineString","coordinates":[[-94.9460651446291,38.8291822854859],[-94.9465762935429,38.8291904356245]]},"properties":{"id":"arcgis-23-1-b98822b8909a2b79","sourceId":"arcgis-23-1","source":"Fiber_BackBone \u2014 UGBackbone","sourceUrl":"https://services5.arcgis.com/Ox3HYmIeiVBmWWrQ/arcgis/rest/services/Fiber_BackBone/FeatureServer/1","name":"Fiber_BackBone \u2014 UGBackbone","carrier":"Not published","routeStatus":"Unknown","category":"unknown","evidence":"agency_route","dataDate":null,"metadataModified":"2018-05-02T20:09:15+00:00","retrievedAt":"2026-09-18T02:36:36.373285+00:00","networkType":"Published fiber route; network class not specified","serviceability":"Unconfirmed","routeDiversity":"Unconfirmed","states":["KS"]},"bbox":[-94.9465762935429,38.8291822854859,-94.9460651446291,38.8291904356245]},{"type":"Feature","geometry":{"type":"LineString","coordinates":[[-94.9644250284007,38.834180585598],[-94.9637488633217,38.8341791688574]]},"properties":{"id":"arcgis-23-1-1f07685dec4981d3","sourceId":"arcgis-23-1","source":"Fiber_BackBone \u2014 UGBackbone","sourceUrl":"https://services5.arcgis.com/Ox3HYmIeiVBmWWrQ/arcgis/rest/services/Fiber_BackBone/FeatureServer/1","name":"Fiber_BackBone \u2014 UGBackbone","carrier":"Not published","routeStatus":"Unknown","category":"unknown","evidence":"agency_route","dataDate":null,"metadataModified":"2018-05-02T20:09:15+00:00","retrievedAt":"2026-09-18T02:36:36.373285+00:00","networkType":"Published fiber route; network class not specified","serviceability":"Unconfirmed","routeDiversity":"Unconfirmed","states":["KS"]},"bbox":[-94.9644250284007,38.8341791688574,-94.9637488633217,38.834180585598]},{"type":"Feature","geometry":{"type":"LineString","coordinates":[[-94.9378912159672,38.8174114977419],[-94.9379084365879,38.8168617820998],[-94.9382229449791,38.8168636190256]]},"properties":{"id":"arcgis-23-1-045e509c5f72f01c","sourceId":"arcgis-23-1","source":"Fiber_BackBone \u2014 UGBackbone","sourceUrl":"https://services5.arcgis.com/Ox3HYmIeiVBmWWrQ/arcgis/rest/services/Fiber_BackBone/FeatureServer/1","name":"Fiber_BackBone \u2014 UGBackbone","carrier":"Not published","routeStatus":"Unknown","category":"unknown","evidence":"agency_route","dataDate":null,"metadataModified":"2018-05-02T20:09:15+00:00","retrievedAt":"2026-09-18T02:36:36.373285+00:00","networkType":"Published fiber route; network class not specified","serviceability":"Unconfirmed","routeDiversity":"Unconfirmed","states":["KS"]},"bbox":[-94.9382229449791,38.8168617820998,-94.9378912159672,38.8174114977419]},{"type":"Feature","geometry":{"type":"LineString","coordinates":[[-94.9575197951862,38.8401619022236],[-94.9575096928426,38.8400411430749]]},"properties":{"id":"arcgis-23-1-2b41a3adecb0f864","sourceId":"arcgis-23-1","source":"Fiber_BackBone \u2014 UGBackbone","sourceUrl":"https://services5.arcgis.com/Ox3HYmIeiVBmWWrQ/arcgis/rest/services/Fiber_BackBone/FeatureServer/1","name":"Fiber_BackBone \u2014 UGBackbone","carrier":"Not published","routeStatus":"Unknown","category":"unknown","evidence":"agency_route","dataDate":null,"metadataModified":"2018-05-02T20:09:15+00:00","retrievedAt":"2026-09-18T02:36:36.373285+00:00","networkType":"Published fiber route; network class not specified","serviceability":"Unconfirmed","routeDiversity":"Unconfirmed","states":["KS"]},"bbox":[-94.9575197951862,38.8400411430749,-94.9575096928426,38.8401619022236]},{"type":"Feature","geometry":{"type":"LineString","coordinates":[[-94.9575096928426,38.8400411430749],[-94.9575040606511,38.8400064715837]]},"properties":{"id":"arcgis-23-1-cc7a6cdf3dd66fda","sourceId":"arcgis-23-1","source":"Fiber_BackBone \u2014 UGBackbone","sourceUrl":"https://services5.arcgis.com/Ox3HYmIeiVBmWWrQ/arcgis/rest/services/Fiber_BackBone/FeatureServer/1","name":"Fiber_BackBone \u2014 UGBackbone","carrier":"Not published","routeStatus":"Unknown","category":"unknown","evidence":"agency_route","dataDate":null,"metadataModified":"2018-05-02T20:09:15+00:00","retrievedAt":"2026-09-18T02:36:36.373285+00:00","networkType":"Published fiber route; network class not specified","serviceability":"Unconfirmed","routeDiversity":"Unconfirmed","states":["KS"]},"bbox":[-94.9575096928426,38.8400064715837,-94.9575040606511,38.8400411430749]},{"type":"Feature","geometry":{"type":"LineString","coordinates":[[-94.9575040606511,38.8400064715837],[-94.9571156442072,38.8398115216734]]},"properties":{"id":"arcgis-23-1-63fc8882d39646fd","sourceId":"arcgis-23-1","source":"Fiber_BackBone \u2014 UGBackbone","sourceUrl":"https://services5.arcgis.com/Ox3HYmIeiVBmWWrQ/arcgis/rest/services/Fiber_BackBone/FeatureServer/1","name":"Fiber_BackBone \u2014 UGBackbone","carrier":"Not published","routeStatus":"Unknown","category":"unknown","evidence":"agency_route","dataDate":null,"metadataModified":"2018-05-02T20:09:15+00:00","retrievedAt":"2026-09-18T02:36:36.373285+00:00","networkType":"Published fiber route; network class not specified","serviceability":"Unconfirmed","routeDiversity":"Unconfirmed","states":["KS"]},"bbox":[-94.9575040606511,38.8398115216734,-94.9571156442072,38.8400064715837]},{"type":"Feature","geometry":{"type":"LineString","coordinates":[[-94.9571156442072,38.8398115216734],[-94.9570174466766,38.839771781104]]},"properties":{"id":"arcgis-23-1-bec30a483bbdd346","sourceId":"arcgis-23-1","source":"Fiber_BackBone \u2014 UGBackbone","sourceUrl":"https://services5.arcgis.com/Ox3HYmIeiVBmWWrQ/arcgis/rest/services/Fiber_BackBone/FeatureServer/1","name":"Fiber_BackBone \u2014 UGBackbone","carrier":"Not published","routeStatus":"Unknown","category":"unknown","evidence":"agency_route","dataDate":null,"metadataModified":"2018-05-02T20:09:15+00:00","retrievedAt":"2026-09-18T02:36:36.373285+00:00","networkType":"Published fiber route; network class not specified","serviceability":"Unconfirmed","routeDiversity":"Unconfirmed","states":["KS"]},"bbox":[-94.9571156442072,38.839771781104,-94.9570174466766,38.8398115216734]},{"type":"Feature","geometry":{"type":"LineString","coordinates":[[-94.9571156442072,38.8398115216734],[-94.957054417554,38.8390365013404]]},"properties":{"id":"arcgis-23-1-228c0e80cd29f83d","sourceId":"arcgis-23-1","source":"Fiber_BackBone \u2014 UGBackbone","sourceUrl":"https://services5.arcgis.com/Ox3HYmIeiVBmWWrQ/arcgis/rest/services/Fiber_BackBone/FeatureServer/1","name":"Fiber_BackBone \u2014 UGBackbone","carrier":"Not published","routeStatus":"Unknown","category":"unknown","evidence":"agency_route","dataDate":null,"metadataModified":"2018-05-02T20:09:15+00:00","retrievedAt":"2026-09-18T02:36:36.373285+00:00","networkType":"Published fiber route; network class not specified","serviceability":"Unconfirmed","routeDiversity":"Unconfirmed","states":["KS"]},"bbox":[-94.9571156442072,38.8390365013404,-94.957054417554,38.8398115216734]},{"type":"Feature","geometry":{"type":"LineString","coordinates":[[-94.957054417554,38.8390365013404],[-94.9570542616194,38.8383027033769]]},"properties":{"id":"arcgis-23-1-87965e3175cc6888","sourceId":"arcgis-23-1","source":"Fiber_BackBone \u2014 UGBackbone","sourceUrl":"https://services5.arcgis.com/Ox3HYmIeiVBmWWrQ/arcgis/rest/services/Fiber_BackBone/FeatureServer/1","name":"Fiber_BackBone \u2014 UGBackbone","carrier":"Not published","routeStatus":"Unknown","category":"unknown","evidence":"agency_route","dataDate":null,"metadataModified":"2018-05-02T20:09:15+00:00","retrievedAt":"2026-09-18T02:36:36.373285+00:00","networkType":"Published fiber route; network class not specified","serviceability":"Unconfirmed","routeDiversity":"Unconfirmed","states":["KS"]},"bbox":[-94.957054417554,38.8383027033769,-94.9570542616194,38.8390365013404]},{"type":"Feature","geometry":{"type":"LineString","coordinates":[[-94.9570542616194,38.8383027033769],[-94.9570534047292,38.8378323721897]]},"properties":{"id":"arcgis-23-1-cf0dbeacdb1840ce","sourceId":"arcgis-23-1","source":"Fiber_BackBone \u2014 UGBackbone","sourceUrl":"https://services5.arcgis.com/Ox3HYmIeiVBmWWrQ/arcgis/rest/services/Fiber_BackBone/FeatureServer/1","name":"Fiber_BackBone \u2014 UGBackbone","carrier":"Not published","routeStatus":"Unknown","category":"unknown","evidence":"agency_route","dataDate":null,"metadataModified":"2018-05-02T20:09:15+00:00","retrievedAt":"2026-09-18T02:36:36.373285+00:00","networkType":"Published fiber route; network class not specified","serviceability":"Unconfirmed","routeDiversity":"Unconfirmed","states":["KS"]},"bbox":[-94.9570542616194,38.8378323721897,-94.9570534047292,38.8383027033769]},{"type":"Feature","geometry":{"type":"LineString","coordinates":[[-94.9598139259551,38.8386738821335],[-94.9597894595448,38.8386937968693]]},"properties":{"id":"arcgis-23-1-3df38e3310d58e26","sourceId":"arcgis-23-1","source":"Fiber_BackBone \u2014 UGBackbone","sourceUrl":"https://services5.arcgis.com/Ox3HYmIeiVBmWWrQ/arcgis/rest/services/Fiber_BackBone/FeatureServer/1","name":"Fiber_BackBone \u2014 UGBackbone","carrier":"Not published","routeStatus":"Unknown","category":"unknown","evidence":"agency_route","dataDate":null,"metadataModified":"2018-05-02T20:09:15+00:00","retrievedAt":"2026-09-18T02:36:36.373285+00:00","networkType":"Published fiber route; network class not specified","serviceability":"Unconfirmed","routeDiversity":"Unconfirmed","states":["KS"]},"bbox":[-94.9598139259551,38.8386738821335,-94.9597894595448,38.8386937968693]},{"type":"Feature","geometry":{"type":"LineString","coordinates":[[-94.9279085747839,38.8166971317825],[-94.9278867653559,38.8166938171614]]},"properties":{"id":"arcgis-23-1-7c8a72e370be12b8","sourceId":"arcgis-23-1","source":"Fiber_BackBone \u2014 UGBackbone","sourceUrl":"https://services5.arcgis.com/Ox3HYmIeiVBmWWrQ/arcgis/rest/services/Fiber_BackBone/FeatureServer/1","name":"Fiber_BackBone \u2014 UGBackbone","carrier":"Not published","routeStatus":"Unknown","category":"unknown","evidence":"agency_route","dataDate":null,"metadataModified":"2018-05-02T20:09:15+00:00","retrievedAt":"2026-09-18T02:36:36.373285+00:00","networkType":"Published fiber route; network class not specified","serviceability":"Unconfirmed","routeDiversity":"Unconfirmed","states":["KS"]},"bbox":[-94.9279085747839,38.8166938171614,-94.9278867653559,38.8166971317825]},{"type":"Feature","geometry":{"type":"LineString","coordinates":[[-94.9601481046722,38.8113109260996],[-94.9601869890842,38.8113117864171]]},"properties":{"id":"arcgis-23-1-26bb2a5798896f7d","sourceId":"arcgis-23-1","source":"Fiber_BackBone \u2014 UGBackbone","sourceUrl":"https://services5.arcgis.com/Ox3HYmIeiVBmWWrQ/arcgis/rest/services/Fiber_BackBone/FeatureServer/1","name":"Fiber_BackBone \u2014 UGBackbone","carrier":"Not published","routeStatus":"Unknown","category":"unknown","evidence":"agency_route","dataDate":null,"metadataModified":"2018-05-02T20:09:15+00:00","retrievedAt":"2026-09-18T02:36:36.373285+00:00","networkType":"Published fiber route; network class not specified","serviceability":"Unconfirmed","routeDiversity":"Unconfirmed","states":["KS"]},"bbox":[-94.9601869890842,38.8113109260996,-94.9601481046722,38.8113117864171]},{"type":"Feature","geometry":{"type":"LineString","coordinates":[[-94.9602197834847,38.8112759956734],[-94.9606722515294,38.8112625735996]]},"properties":{"id":"arcgis-23-1-75f38afee1f241a2","sourceId":"arcgis-23-1","source":"Fiber_BackBone \u2014 UGBackbone","sourceUrl":"https://services5.arcgis.com/Ox3HYmIeiVBmWWrQ/arcgis/rest/services/Fiber_BackBone/FeatureServer/1","name":"Fiber_BackBone \u2014 UGBackbone","carrier":"Not published","routeStatus":"Unknown","category":"unknown","evidence":"agency_route","dataDate":null,"metadataModified":"2018-05-02T20:09:15+00:00","retrievedAt":"2026-09-18T02:36:36.373285+00:00","networkType":"Published fiber route; network class not specified","serviceability":"Unconfirmed","routeDiversity":"Unconfirmed","states":["KS"]},"bbox":[-94.9606722515294,38.8112625735996,-94.9602197834847,38.8112759956734]},{"type":"Feature","geometry":{"type":"LineString","coordinates":[[-94.9248794481658,38.8114826945758],[-94.9255383277651,38.8114373352375]]},"properties":{"id":"arcgis-23-1-1754996dd47e5d55","sourceId":"arcgis-23-1","source":"Fiber_BackBone \u2014 UGBackbone","sourceUrl":"https://services5.arcgis.com/Ox3HYmIeiVBmWWrQ/arcgis/rest/services/Fiber_BackBone/FeatureServer/1","name":"Fiber_BackBone \u2014 UGBackbone","carrier":"Not published","routeStatus":"Unknown","category":"unknown","evidence":"agency_route","dataDate":null,"metadataModified":"2018-05-02T20:09:15+00:00","retrievedAt":"2026-09-18T02:36:36.373285+00:00","networkType":"Published fiber route; network class not specified","serviceability":"Unconfirmed","routeDiversity":"Unconfirmed","states":["KS"]},"bbox":[-94.9255383277651,38.8114373352375,-94.9248794481658,38.8114826945758]},{"type":"Feature","geometry":{"type":"LineString","coordinates":[[-94.9255383277651,38.8114373352375],[-94.9257944283171,38.811435768863]]},"properties":{"id":"arcgis-23-1-c158852a6128bc2c","sourceId":"arcgis-23-1","source":"Fiber_BackBone \u2014 UGBackbone","sourceUrl":"https://services5.arcgis.com/Ox3HYmIeiVBmWWrQ/arcgis/rest/services/Fiber_BackBone/FeatureServer/1","name":"Fiber_BackBone \u2014 UGBackbone","carrier":"Not published","routeStatus":"Unknown","category":"unknown","evidence":"agency_route","dataDate":null,"metadataModified":"2018-05-02T20:09:15+00:00","retrievedAt":"2026-09-18T02:36:36.373285+00:00","networkType":"Published fiber route; network class not specified","serviceability":"Unconfirmed","routeDiversity":"Unconfirmed","states":["KS"]},"bbox":[-94.9257944283171,38.811435768863,-94.9255383277651,38.8114373352375]},{"type":"Feature","geometry":{"type":"LineString","coordinates":[[-94.9257944283171,38.811435768863],[-94.9263384898358,38.8114392881559]]},"properties":{"id":"arcgis-23-1-349d30af09c522ec","sourceId":"arcgis-23-1","source":"Fiber_BackBone \u2014 UGBackbone","sourceUrl":"https://services5.arcgis.com/Ox3HYmIeiVBmWWrQ/arcgis/rest/services/Fiber_BackBone/FeatureServer/1","name":"Fiber_BackBone \u2014 UGBackbone","carrier":"Not published","routeStatus":"Unknown","category":"unknown","evidence":"agency_route","dataDate":null,"metadataModified":"2018-05-02T20:09:15+00:00","retrievedAt":"2026-09-18T02:36:36.373285+00:00","networkType":"Published fiber route; network class not specified","serviceability":"Unconfirmed","routeDiversity":"Unconfirmed","states":["KS"]},"bbox":[-94.9263384898358,38.811435768863,-94.9257944283171,38.8114392881559]},{"type":"Feature","geometry":{"type":"LineString","coordinates":[[-94.9263384898358,38.8114392881559],[-94.9266001956823,38.8114389766552]]},"properties":{"id":"arcgis-23-1-ce4b94091b992587","sourceId":"arcgis-23-1","source":"Fiber_BackBone \u2014 UGBackbone","sourceUrl":"https://services5.arcgis.com/Ox3HYmIeiVBmWWrQ/arcgis/rest/services/Fiber_BackBone/FeatureServer/1","name":"Fiber_BackBone \u2014 UGBackbone","carrier":"Not published","routeStatus":"Unknown","category":"unknown","evidence":"agency_route","dataDate":null,"metadataModified":"2018-05-02T20:09:15+00:00","retrievedAt":"2026-09-18T02:36:36.373285+00:00","networkType":"Published fiber route; network class not specified","serviceability":"Unconfirmed","routeDiversity":"Unconfirmed","states":["KS"]},"bbox":[-94.9266001956823,38.8114389766552,-94.9263384898358,38.8114392881559]},{"type":"Feature","geometry":{"type":"LineString","coordinates":[[-94.9267787624198,38.8114359721587],[-94.926988945013,38.8114324353095]]},"properties":{"id":"arcgis-23-1-eab7e06a265dc892","sourceId":"arcgis-23-1","source":"Fiber_BackBone \u2014 UGBackbone","sourceUrl":"https://services5.arcgis.com/Ox3HYmIeiVBmWWrQ/arcgis/rest/services/Fiber_BackBone/FeatureServer/1","name":"Fiber_BackBone \u2014 UGBackbone","carrier":"Not published","routeStatus":"Unknown","category":"unknown","evidence":"agency_route","dataDate":null,"metadataModified":"2018-05-02T20:09:15+00:00","retrievedAt":"2026-09-18T02:36:36.373285+00:00","networkType":"Published fiber route; network class not specified","serviceability":"Unconfirmed","routeDiversity":"Unconfirmed","states":["KS"]},"bbox":[-94.926988945013,38.8114324353095,-94.9267787624198,38.8114359721587]},{"type":"Feature","geometry":{"type":"LineString","coordinates":[[-94.926988945013,38.8114324353095],[-94.9270201779034,38.8114318353659]]},"properties":{"id":"arcgis-23-1-6f93987b656279ba","sourceId":"arcgis-23-1","source":"Fiber_BackBone \u2014 UGBackbone","sourceUrl":"https://services5.arcgis.com/Ox3HYmIeiVBmWWrQ/arcgis/rest/services/Fiber_BackBone/FeatureServer/1","name":"Fiber_BackBone \u2014 UGBackbone","carrier":"Not published","routeStatus":"Unknown","category":"unknown","evidence":"agency_route","dataDate":null,"metadataModified":"2018-05-02T20:09:15+00:00","retrievedAt":"2026-09-18T02:36:36.373285+00:00","networkType":"Published fiber route; network class not specified","serviceability":"Unconfirmed","routeDiversity":"Unconfirmed","states":["KS"]},"bbox":[-94.9270201779034,38.8114318353659,-94.926988945013,38.8114324353095]},{"type":"Feature","geometry":{"type":"LineString","coordinates":[[-94.9270201779034,38.8114318353659],[-94.9270512128063,38.811431709666]]},"properties":{"id":"arcgis-23-1-5fc80fee88964cb5","sourceId":"arcgis-23-1","source":"Fiber_BackBone \u2014 UGBackbone","sourceUrl":"https://services5.arcgis.com/Ox3HYmIeiVBmWWrQ/arcgis/rest/services/Fiber_BackBone/FeatureServer/1","name":"Fiber_BackBone \u2014 UGBackbone","carrier":"Not published","routeStatus":"Unknown","category":"unknown","evidence":"agency_route","dataDate":null,"metadataModified":"2018-05-02T20:09:15+00:00","retrievedAt":"2026-09-18T02:36:36.373285+00:00","networkType":"Published fiber route; network class not specified","serviceability":"Unconfirmed","routeDiversity":"Unconfirmed","states":["KS"]},"bbox":[-94.9270512128063,38.811431709666,-94.9270201779034,38.8114318353659]},{"type":"Feature","geometry":{"type":"LineString","coordinates":[[-94.9255383277651,38.8114373352375],[-94.9255164285058,38.8114251693146]]},"properties":{"id":"arcgis-23-1-54f51fa7de7717f6","sourceId":"arcgis-23-1","source":"Fiber_BackBone \u2014 UGBackbone","sourceUrl":"https://services5.arcgis.com/Ox3HYmIeiVBmWWrQ/arcgis/rest/services/Fiber_BackBone/FeatureServer/1","name":"Fiber_BackBone \u2014 UGBackbone","carrier":"Not published","routeStatus":"Unknown","category":"unknown","evidence":"agency_route","dataDate":null,"metadataModified":"2018-05-02T20:09:15+00:00","retrievedAt":"2026-09-18T02:36:36.373285+00:00","networkType":"Published fiber route; network class not specified","serviceability":"Unconfirmed","routeDiversity":"Unconfirmed","states":["KS"]},"bbox":[-94.9255383277651,38.8114251693146,-94.9255164285058,38.8114373352375]},{"type":"Feature","geometry":{"type":"LineString","coordinates":[[-94.9264040334204,38.8115220604488],[-94.9263384898358,38.8114392881559]]},"properties":{"id":"arcgis-23-1-95afc319d15ef6ef","sourceId":"arcgis-23-1","source":"Fiber_BackBone \u2014 UGBackbone","sourceUrl":"https://services5.arcgis.com/Ox3HYmIeiVBmWWrQ/arcgis/rest/services/Fiber_BackBone/FeatureServer/1","name":"Fiber_BackBone \u2014 UGBackbone","carrier":"Not published","routeStatus":"Unknown","category":"unknown","evidence":"agency_route","dataDate":null,"metadataModified":"2018-05-02T20:09:15+00:00","retrievedAt":"2026-09-18T02:36:36.373285+00:00","networkType":"Published fiber route; network class not specified","serviceability":"Unconfirmed","routeDiversity":"Unconfirmed","states":["KS"]},"bbox":[-94.9264040334204,38.8114392881559,-94.9263384898358,38.8115220604488]},{"type":"Feature","geometry":{"type":"LineString","coordinates":[[-94.9266001956823,38.8114389766552],[-94.9267787624198,38.8114359721587]]},"properties":{"id":"arcgis-23-1-99eb19d7d79191b3","sourceId":"arcgis-23-1","source":"Fiber_BackBone \u2014 UGBackbone","sourceUrl":"https://services5.arcgis.com/Ox3HYmIeiVBmWWrQ/arcgis/rest/services/Fiber_BackBone/FeatureServer/1","name":"Fiber_BackBone \u2014 UGBackbone","carrier":"Not published","routeStatus":"Unknown","category":"unknown","evidence":"agency_route","dataDate":null,"metadataModified":"2018-05-02T20:09:15+00:00","retrievedAt":"2026-09-18T02:36:36.373285+00:00","networkType":"Published fiber route; network class not specified","serviceability":"Unconfirmed","routeDiversity":"Unconfirmed","states":["KS"]},"bbox":[-94.9267787624198,38.8114359721587,-94.9266001956823,38.8114389766552]},{"type":"Feature","geometry":{"type":"LineString","coordinates":[[-94.9278087378088,38.816698186343],[-94.92788705234,38.8166954877453]]},"properties":{"id":"arcgis-23-1-ee7cc30cdeafa6b2","sourceId":"arcgis-23-1","source":"Fiber_BackBone \u2014 UGBackbone","sourceUrl":"https://services5.arcgis.com/Ox3HYmIeiVBmWWrQ/arcgis/rest/services/Fiber_BackBone/FeatureServer/1","name":"Fiber_BackBone \u2014 UGBackbone","carrier":"Not published","routeStatus":"Unknown","category":"unknown","evidence":"agency_route","dataDate":null,"metadataModified":"2018-05-02T20:09:15+00:00","retrievedAt":"2026-09-18T02:36:36.373285+00:00","networkType":"Published fiber route; network class not specified","serviceability":"Unconfirmed","routeDiversity":"Unconfirmed","states":["KS"]},"bbox":[-94.92788705234,38.8166954877453,-94.9278087378088,38.816698186343]},{"type":"Feature","geometry":{"type":"LineString","coordinates":[[-94.92788705234,38.8166954877453],[-94.9279088617685,38.8166988023665]]},"properties":{"id":"arcgis-23-1-8939d20fc671429a","sourceId":"arcgis-23-1","source":"Fiber_BackBone \u2014 UGBackbone","sourceUrl":"https://services5.arcgis.com/Ox3HYmIeiVBmWWrQ/arcgis/rest/services/Fiber_BackBone/FeatureServer/1","name":"Fiber_BackBone \u2014 UGBackbone","carrier":"Not published","routeStatus":"Unknown","category":"unknown","evidence":"agency_route","dataDate":null,"metadataModified":"2018-05-02T20:09:15+00:00","retrievedAt":"2026-09-18T02:36:36.373285+00:00","networkType":"Published fiber route; network class not specified","serviceability":"Unconfirmed","routeDiversity":"Unconfirmed","states":["KS"]},"bbox":[-94.9279088617685,38.8166954877453,-94.92788705234,38.8166988023665]},{"type":"Feature","geometry":{"type":"LineString","coordinates":[[-94.9263606945017,38.8105453693593],[-94.9263567116228,38.8105790645607]]},"properties":{"id":"arcgis-23-1-10a09bf09e601057","sourceId":"arcgis-23-1","source":"Fiber_BackBone \u2014 UGBackbone","sourceUrl":"https://services5.arcgis.com/Ox3HYmIeiVBmWWrQ/arcgis/rest/services/Fiber_BackBone/FeatureServer/1","name":"Fiber_BackBone \u2014 UGBackbone","carrier":"Not published","routeStatus":"Unknown","category":"unknown","evidence":"agency_route","dataDate":null,"metadataModified":"2018-05-02T20:09:15+00:00","retrievedAt":"2026-09-18T02:36:36.373285+00:00","networkType":"Published fiber route; network class not specified","serviceability":"Unconfirmed","routeDiversity":"Unconfirmed","states":["KS"]},"bbox":[-94.9263606945017,38.8105453693593,-94.9263567116228,38.8105790645607]},{"type":"Feature","geometry":{"type":"LineString","coordinates":[[-94.9263567116228,38.8105790645607],[-94.9263457450842,38.8105529066631]]},"properties":{"id":"arcgis-23-1-6a88e1e01ab06bac","sourceId":"arcgis-23-1","source":"Fiber_BackBone \u2014 UGBackbone","sourceUrl":"https://services5.arcgis.com/Ox3HYmIeiVBmWWrQ/arcgis/rest/services/Fiber_BackBone/FeatureServer/1","name":"Fiber_BackBone \u2014 UGBackbone","carrier":"Not published","routeStatus":"Unknown","category":"unknown","evidence":"agency_route","dataDate":null,"metadataModified":"2018-05-02T20:09:15+00:00","retrievedAt":"2026-09-18T02:36:36.373285+00:00","networkType":"Published fiber route; network class not specified","serviceability":"Unconfirmed","routeDiversity":"Unconfirmed","states":["KS"]},"bbox":[-94.9263567116228,38.8105529066631,-94.9263457450842,38.8105790645607]},{"type":"Feature","geometry":{"type":"LineString","coordinates":[[-94.9259104287684,38.8105471021435],[-94.9259316118669,38.8105590687016]]},"properties":{"id":"arcgis-23-1-44ab0b92e6fceda2","sourceId":"arcgis-23-1","source":"Fiber_BackBone \u2014 UGBackbone","sourceUrl":"https://services5.arcgis.com/Ox3HYmIeiVBmWWrQ/arcgis/rest/services/Fiber_BackBone/FeatureServer/1","name":"Fiber_BackBone \u2014 UGBackbone","carrier":"Not published","routeStatus":"Unknown","category":"unknown","evidence":"agency_route","dataDate":null,"metadataModified":"2018-05-02T20:09:15+00:00","retrievedAt":"2026-09-18T02:36:36.373285+00:00","networkType":"Published fiber route; network class not specified","serviceability":"Unconfirmed","routeDiversity":"Unconfirmed","states":["KS"]},"bbox":[-94.9259316118669,38.8105471021435,-94.9259104287684,38.8105590687016]},{"type":"Feature","geometry":{"type":"LineString","coordinates":[[-94.9601499638056,38.8113233573493],[-94.9574706539985,38.8113335537964]]},"properties":{"id":"arcgis-23-1-1bfb3109ed207c64","sourceId":"arcgis-23-1","source":"Fiber_BackBone \u2014 UGBackbone","sourceUrl":"https://services5.arcgis.com/Ox3HYmIeiVBmWWrQ/arcgis/rest/services/Fiber_BackBone/FeatureServer/1","name":"Fiber_BackBone \u2014 UGBackbone","carrier":"Not published","routeStatus":"Unknown","category":"unknown","evidence":"agency_route","dataDate":null,"metadataModified":"2018-05-02T20:09:15+00:00","retrievedAt":"2026-09-18T02:36:36.373285+00:00","networkType":"Published fiber route; network class not specified","serviceability":"Unconfirmed","routeDiversity":"Unconfirmed","states":["KS"]},"bbox":[-94.9601499638056,38.8113233573493,-94.9574706539985,38.8113335537964]},{"type":"Feature","geometry":{"type":"LineString","coordinates":[[-94.9142542347319,38.8121198740694],[-94.9142019611245,38.812076069099]]},"properties":{"id":"arcgis-23-1-7b879661c9bbf0a0","sourceId":"arcgis-23-1","source":"Fiber_BackBone \u2014 UGBackbone","sourceUrl":"https://services5.arcgis.com/Ox3HYmIeiVBmWWrQ/arcgis/rest/services/Fiber_BackBone/FeatureServer/1","name":"Fiber_BackBone \u2014 UGBackbone","carrier":"Not published","routeStatus":"Unknown","category":"unknown","evidence":"agency_route","dataDate":null,"metadataModified":"2018-05-02T20:09:15+00:00","retrievedAt":"2026-09-18T02:36:36.373285+00:00","networkType":"Published fiber route; network class not specified","serviceability":"Unconfirmed","routeDiversity":"Unconfirmed","states":["KS"]},"bbox":[-94.9142542347319,38.812076069099,-94.9142019611245,38.8121198740694]},{"type":"Feature","geometry":{"type":"LineString","coordinates":[[-94.9274832111531,38.817577869239],[-94.9274590284797,38.8175826188678]]},"properties":{"id":"arcgis-23-1-9f25034310b1b24c","sourceId":"arcgis-23-1","source":"Fiber_BackBone \u2014 UGBackbone","sourceUrl":"https://services5.arcgis.com/Ox3HYmIeiVBmWWrQ/arcgis/rest/services/Fiber_BackBone/FeatureServer/1","name":"Fiber_BackBone \u2014 UGBackbone","carrier":"Not published","routeStatus":"Unknown","category":"unknown","evidence":"agency_route","dataDate":null,"metadataModified":"2018-05-02T20:09:15+00:00","retrievedAt":"2026-09-18T02:36:36.373285+00:00","networkType":"Published fiber route; network class not specified","serviceability":"Unconfirmed","routeDiversity":"Unconfirmed","states":["KS"]},"bbox":[-94.9274832111531,38.817577869239,-94.9274590284797,38.8175826188678]},{"type":"Feature","geometry":{"type":"LineString","coordinates":[[-94.945449628625,38.8183873026482],[-94.9458012121524,38.8187377358138]]},"properties":{"id":"arcgis-23-1-2a80bcbb67452689","sourceId":"arcgis-23-1","source":"Fiber_BackBone \u2014 UGBackbone","sourceUrl":"https://services5.arcgis.com/Ox3HYmIeiVBmWWrQ/arcgis/rest/services/Fiber_BackBone/FeatureServer/1","name":"Fiber_BackBone \u2014 UGBackbone","carrier":"Not published","routeStatus":"Unknown","category":"unknown","evidence":"agency_route","dataDate":null,"metadataModified":"2018-05-02T20:09:15+00:00","retrievedAt":"2026-09-18T02:36:36.373285+00:00","networkType":"Published fiber route; network class not specified","serviceability":"Unconfirmed","routeDiversity":"Unconfirmed","states":["KS"]},"bbox":[-94.9458012121524,38.8183873026482,-94.945449628625,38.8187377358138]},{"type":"Feature","geometry":{"type":"LineString","coordinates":[[-94.9319118615599,38.7827639522393],[-94.9318572450857,38.7827976688899]]},"properties":{"id":"arcgis-23-1-7e13998628567a99","sourceId":"arcgis-23-1","source":"Fiber_BackBone \u2014 UGBackbone","sourceUrl":"https://services5.arcgis.com/Ox3HYmIeiVBmWWrQ/arcgis/rest/services/Fiber_BackBone/FeatureServer/1","name":"Fiber_BackBone \u2014 UGBackbone","carrier":"Not published","routeStatus":"Unknown","category":"unknown","evidence":"agency_route","dataDate":null,"metadataModified":"2018-05-02T20:09:15+00:00","retrievedAt":"2026-09-18T02:36:36.373285+00:00","networkType":"Published fiber route; network class not specified","serviceability":"Unconfirmed","routeDiversity":"Unconfirmed","states":["KS"]},"bbox":[-94.9319118615599,38.7827639522393,-94.9318572450857,38.7827976688899]},{"type":"Feature","geometry":{"type":"LineString","coordinates":[[-94.9273535288428,38.8115563691215],[-94.9273391502554,38.81142868076],[-94.9270512128063,38.811431709666]]},"properties":{"id":"arcgis-23-1-3f1b3bafb6d6ba60","sourceId":"arcgis-23-1","source":"Fiber_BackBone \u2014 UGBackbone","sourceUrl":"https://services5.arcgis.com/Ox3HYmIeiVBmWWrQ/arcgis/rest/services/Fiber_BackBone/FeatureServer/1","name":"Fiber_BackBone \u2014 UGBackbone","carrier":"Not published","routeStatus":"Unknown","category":"unknown","evidence":"agency_route","dataDate":null,"metadataModified":"2018-05-02T20:09:15+00:00","retrievedAt":"2026-09-18T02:36:36.373285+00:00","networkType":"Published fiber route; network class not specified","serviceability":"Unconfirmed","routeDiversity":"Unconfirmed","states":["KS"]},"bbox":[-94.9273535288428,38.81142868076,-94.9270512128063,38.8115563691215]},{"type":"Feature","geometry":{"type":"LineString","coordinates":[[-94.9215578112347,38.814004735425],[-94.9206147643337,38.8139973132688],[-94.9206140417815,38.8138691598047],[-94.9205737138135,38.8138142423159]]},"properties":{"id":"arcgis-23-1-504bf3ae7d55b210","sourceId":"arcgis-23-1","source":"Fiber_BackBone \u2014 UGBackbone","sourceUrl":"https://services5.arcgis.com/Ox3HYmIeiVBmWWrQ/arcgis/rest/services/Fiber_BackBone/FeatureServer/1","name":"Fiber_BackBone \u2014 UGBackbone","carrier":"Not published","routeStatus":"Unknown","category":"unknown","evidence":"agency_route","dataDate":null,"metadataModified":"2018-05-02T20:09:15+00:00","retrievedAt":"2026-09-18T02:36:36.373285+00:00","networkType":"Published fiber route; network class not specified","serviceability":"Unconfirmed","routeDiversity":"Unconfirmed","states":["KS"]},"bbox":[-94.9215578112347,38.8138142423159,-94.9205737138135,38.814004735425]},{"type":"Feature","geometry":{"type":"LineString","coordinates":[[-94.9259746751254,38.8123433457091],[-94.9257562116008,38.8123883024989]]},"properties":{"id":"arcgis-23-1-427a495d4beb88ff","sourceId":"arcgis-23-1","source":"Fiber_BackBone \u2014 UGBackbone","sourceUrl":"https://services5.arcgis.com/Ox3HYmIeiVBmWWrQ/arcgis/rest/services/Fiber_BackBone/FeatureServer/1","name":"Fiber_BackBone \u2014 UGBackbone","carrier":"Not published","routeStatus":"Unknown","category":"unknown","evidence":"agency_route","dataDate":null,"metadataModified":"2018-05-02T20:09:15+00:00","retrievedAt":"2026-09-18T02:36:36.373285+00:00","networkType":"Published fiber route; network class not specified","serviceability":"Unconfirmed","routeDiversity":"Unconfirmed","states":["KS"]},"bbox":[-94.9259746751254,38.8123433457091,-94.9257562116008,38.8123883024989]},{"type":"Feature","geometry":{"type":"LineString","coordinates":[[-94.9257562116008,38.8123883024989],[-94.925699811707,38.8123891527443]]},"properties":{"id":"arcgis-23-1-42b3fcb53d1aa7f3","sourceId":"arcgis-23-1","source":"Fiber_BackBone \u2014 UGBackbone","sourceUrl":"https://services5.arcgis.com/Ox3HYmIeiVBmWWrQ/arcgis/rest/services/Fiber_BackBone/FeatureServer/1","name":"Fiber_BackBone \u2014 UGBackbone","carrier":"Not published","routeStatus":"Unknown","category":"unknown","evidence":"agency_route","dataDate":null,"metadataModified":"2018-05-02T20:09:15+00:00","retrievedAt":"2026-09-18T02:36:36.373285+00:00","networkType":"Published fiber route; network class not specified","serviceability":"Unconfirmed","routeDiversity":"Unconfirmed","states":["KS"]},"bbox":[-94.9257562116008,38.8123883024989,-94.925699811707,38.8123891527443]},{"type":"Feature","geometry":{"type":"LineString","coordinates":[[-94.9206136947759,38.8138076693914],[-94.9209784638041,38.8137141542319]]},"properties":{"id":"arcgis-23-1-837e37e99a96fc96","sourceId":"arcgis-23-1","source":"Fiber_BackBone \u2014 UGBackbone","sourceUrl":"https://services5.arcgis.com/Ox3HYmIeiVBmWWrQ/arcgis/rest/services/Fiber_BackBone/FeatureServer/1","name":"Fiber_BackBone \u2014 UGBackbone","carrier":"Not published","routeStatus":"Unknown","category":"unknown","evidence":"agency_route","dataDate":null,"metadataModified":"2018-05-02T20:09:15+00:00","retrievedAt":"2026-09-18T02:36:36.373285+00:00","networkType":"Published fiber route; network class not specified","serviceability":"Unconfirmed","routeDiversity":"Unconfirmed","states":["KS"]},"bbox":[-94.9209784638041,38.8137141542319,-94.9206136947759,38.8138076693914]},{"type":"Feature","geometry":{"type":"LineString","coordinates":[[-94.9248098787534,38.812215002311],[-94.9251466559475,38.8123211200371],[-94.925432826797,38.8123856238318],[-94.9257562116008,38.8123883024989]]},"properties":{"id":"arcgis-23-1-be5648187c10a168","sourceId":"arcgis-23-1","source":"Fiber_BackBone \u2014 UGBackbone","sourceUrl":"https://services5.arcgis.com/Ox3HYmIeiVBmWWrQ/arcgis/rest/services/Fiber_BackBone/FeatureServer/1","name":"Fiber_BackBone \u2014 UGBackbone","carrier":"Not published","routeStatus":"Unknown","category":"unknown","evidence":"agency_route","dataDate":null,"metadataModified":"2018-05-02T20:09:15+00:00","retrievedAt":"2026-09-18T02:36:36.373285+00:00","networkType":"Published fiber route; network class not specified","serviceability":"Unconfirmed","routeDiversity":"Unconfirmed","states":["KS"]},"bbox":[-94.9257562116008,38.812215002311,-94.9248098787534,38.8123883024989]},{"type":"Feature","geometry":{"type":"LineString","coordinates":[[-94.9142402120115,38.8118191689433],[-94.9130551780581,38.8118601523506]]},"properties":{"id":"arcgis-23-1-6ac75e552adc6f1b","sourceId":"arcgis-23-1","source":"Fiber_BackBone \u2014 UGBackbone","sourceUrl":"https://services5.arcgis.com/Ox3HYmIeiVBmWWrQ/arcgis/rest/services/Fiber_BackBone/FeatureServer/1","name":"Fiber_BackBone \u2014 UGBackbone","carrier":"Not published","routeStatus":"Unknown","category":"unknown","evidence":"agency_route","dataDate":null,"metadataModified":"2018-05-02T20:09:15+00:00","retrievedAt":"2026-09-18T02:36:36.373285+00:00","networkType":"Published fiber route; network class not specified","serviceability":"Unconfirmed","routeDiversity":"Unconfirmed","states":["KS"]},"bbox":[-94.9142402120115,38.8118191689433,-94.9130551780581,38.8118601523506]},{"type":"Feature","geometry":{"type":"LineString","coordinates":[[-94.9142019611245,38.812076069099],[-94.9141399359863,38.8118345131123],[-94.9129774024216,38.8118747177114],[-94.9129655857053,38.8118591066619]]},"properties":{"id":"arcgis-23-1-8050b74452b780fe","sourceId":"arcgis-23-1","source":"Fiber_BackBone \u2014 UGBackbone","sourceUrl":"https://services5.arcgis.com/Ox3HYmIeiVBmWWrQ/arcgis/rest/services/Fiber_BackBone/FeatureServer/1","name":"Fiber_BackBone \u2014 UGBackbone","carrier":"Not published","routeStatus":"Unknown","category":"unknown","evidence":"agency_route","dataDate":null,"metadataModified":"2018-05-02T20:09:15+00:00","retrievedAt":"2026-09-18T02:36:36.373285+00:00","networkType":"Published fiber route; network class not specified","serviceability":"Unconfirmed","routeDiversity":"Unconfirmed","states":["KS"]},"bbox":[-94.9142019611245,38.8118345131123,-94.9129655857053,38.812076069099]},{"type":"Feature","geometry":{"type":"LineString","coordinates":[[-94.8998381334078,38.8108229682435],[-94.8998417864207,38.8108158103003],[-94.8996965462747,38.8112431408865],[-94.8996515184877,38.8119654432819],[-94.8983221228379,38.8119324874327],[-94.8983109680966,38.8119593621597]]},"properties":{"id":"arcgis-23-1-116098208ee260f2","sourceId":"arcgis-23-1","source":"Fiber_BackBone \u2014 UGBackbone","sourceUrl":"https://services5.arcgis.com/Ox3HYmIeiVBmWWrQ/arcgis/rest/services/Fiber_BackBone/FeatureServer/1","name":"Fiber_BackBone \u2014 UGBackbone","carrier":"Not published","routeStatus":"Unknown","category":"unknown","evidence":"agency_route","dataDate":null,"metadataModified":"2018-05-02T20:09:15+00:00","retrievedAt":"2026-09-18T02:36:36.373285+00:00","networkType":"Published fiber route; network class not specified","serviceability":"Unconfirmed","routeDiversity":"Unconfirmed","states":["KS"]},"bbox":[-94.8998417864207,38.8108158103003,-94.8983109680966,38.8119654432819]},{"type":"Feature","geometry":{"type":"LineString","coordinates":[[-94.8978276393058,38.8122541186153],[-94.8978597182881,38.8124524447151],[-94.8978714311957,38.8125041769496]]},"properties":{"id":"arcgis-23-1-9984f8627060ad82","sourceId":"arcgis-23-1","source":"Fiber_BackBone \u2014 UGBackbone","sourceUrl":"https://services5.arcgis.com/Ox3HYmIeiVBmWWrQ/arcgis/rest/services/Fiber_BackBone/FeatureServer/1","name":"Fiber_BackBone \u2014 UGBackbone","carrier":"Not published","routeStatus":"Unknown","category":"unknown","evidence":"agency_route","dataDate":null,"metadataModified":"2018-05-02T20:09:15+00:00","retrievedAt":"2026-09-18T02:36:36.373285+00:00","networkType":"Published fiber route; network class not specified","serviceability":"Unconfirmed","routeDiversity":"Unconfirmed","states":["KS"]},"bbox":[-94.8978714311957,38.8122541186153,-94.8978276393058,38.8125041769496]},{"type":"Feature","geometry":{"type":"LineString","coordinates":[[-94.8982460656688,38.8124070710604],[-94.8982426654594,38.8121317025788],[-94.8982860928999,38.812033132022],[-94.8983109680966,38.8119593621597]]},"properties":{"id":"arcgis-23-1-b8ba15fa56f0d89e","sourceId":"arcgis-23-1","source":"Fiber_BackBone \u2014 UGBackbone","sourceUrl":"https://services5.arcgis.com/Ox3HYmIeiVBmWWrQ/arcgis/rest/services/Fiber_BackBone/FeatureServer/1","name":"Fiber_BackBone \u2014 UGBackbone","carrier":"Not published","routeStatus":"Unknown","category":"unknown","evidence":"agency_route","dataDate":null,"metadataModified":"2018-05-02T20:09:15+00:00","retrievedAt":"2026-09-18T02:36:36.373285+00:00","networkType":"Published fiber route; network class not specified","serviceability":"Unconfirmed","routeDiversity":"Unconfirmed","states":["KS"]},"bbox":[-94.8983109680966,38.8119593621597,-94.8982426654594,38.8124070710604]},{"type":"Feature","geometry":{"type":"LineString","coordinates":[[-94.9142536279432,38.803740369017],[-94.9136049859541,38.8037327203819]]},"properties":{"id":"arcgis-23-1-af919b5e64ae252c","sourceId":"arcgis-23-1","source":"Fiber_BackBone \u2014 UGBackbone","sourceUrl":"https://services5.arcgis.com/Ox3HYmIeiVBmWWrQ/arcgis/rest/services/Fiber_BackBone/FeatureServer/1","name":"Fiber_BackBone \u2014 UGBackbone","carrier":"Not published","routeStatus":"Unknown","category":"unknown","evidence":"agency_route","dataDate":null,"metadataModified":"2018-05-02T20:09:15+00:00","retrievedAt":"2026-09-18T02:36:36.373285+00:00","networkType":"Published fiber route; network class not specified","serviceability":"Unconfirmed","routeDiversity":"Unconfirmed","states":["KS"]},"bbox":[-94.9142536279432,38.8037327203819,-94.9136049859541,38.803740369017]},{"type":"Feature","geometry":{"type":"LineString","coordinates":[[-94.9134950735404,38.8039912470635],[-94.9134993393189,38.8038773872194],[-94.9134868238825,38.8037402748136]]},"properties":{"id":"arcgis-23-1-379810bd85df16d0","sourceId":"arcgis-23-1","source":"Fiber_BackBone \u2014 UGBackbone","sourceUrl":"https://services5.arcgis.com/Ox3HYmIeiVBmWWrQ/arcgis/rest/services/Fiber_BackBone/FeatureServer/1","name":"Fiber_BackBone \u2014 UGBackbone","carrier":"Not published","routeStatus":"Unknown","category":"unknown","evidence":"agency_route","dataDate":null,"metadataModified":"2018-05-02T20:09:15+00:00","retrievedAt":"2026-09-18T02:36:36.373285+00:00","networkType":"Published fiber route; network class not specified","serviceability":"Unconfirmed","routeDiversity":"Unconfirmed","states":["KS"]},"bbox":[-94.9134993393189,38.8037402748136,-94.9134868238825,38.8039912470635]},{"type":"Feature","geometry":{"type":"LineString","coordinates":[[-94.9182291445886,38.8036741189065],[-94.9182782089901,38.8036701026514],[-94.919493205276,38.8036419903584],[-94.9205654192182,38.8036458774983],[-94.9207821287902,38.8044556173732],[-94.9208427948818,38.8051518089097],[-94.9214214923593,38.8051681171766]]},"properties":{"id":"arcgis-23-1-7266d4e45f18f235","sourceId":"arcgis-23-1","source":"Fiber_BackBone \u2014 UGBackbone","sourceUrl":"https://services5.arcgis.com/Ox3HYmIeiVBmWWrQ/arcgis/rest/services/Fiber_BackBone/FeatureServer/1","name":"Fiber_BackBone \u2014 UGBackbone","carrier":"Not published","routeStatus":"Unknown","category":"unknown","evidence":"agency_route","dataDate":null,"metadataModified":"2018-05-02T20:09:15+00:00","retrievedAt":"2026-09-18T02:36:36.373285+00:00","networkType":"Published fiber route; network class not specified","serviceability":"Unconfirmed","routeDiversity":"Unconfirmed","states":["KS"]},"bbox":[-94.9214214923593,38.8036419903584,-94.9182291445886,38.8051681171766]},{"type":"Feature","geometry":{"type":"LineString","coordinates":[[-94.9271348993413,38.7753341967036],[-94.9283934520464,38.7752486655231]]},"properties":{"id":"arcgis-23-1-99d94d60611d6572","sourceId":"arcgis-23-1","source":"Fiber_BackBone \u2014 UGBackbone","sourceUrl":"https://services5.arcgis.com/Ox3HYmIeiVBmWWrQ/arcgis/rest/services/Fiber_BackBone/FeatureServer/1","name":"Fiber_BackBone \u2014 UGBackbone","carrier":"Not published","routeStatus":"Unknown","category":"unknown","evidence":"agency_route","dataDate":null,"metadataModified":"2018-05-02T20:09:15+00:00","retrievedAt":"2026-09-18T02:36:36.373285+00:00","networkType":"Published fiber route; network class not specified","serviceability":"Unconfirmed","routeDiversity":"Unconfirmed","states":["KS"]},"bbox":[-94.9283934520464,38.7752486655231,-94.9271348993413,38.7753341967036]},{"type":"Feature","geometry":{"type":"LineString","coordinates":[[-94.9248794481658,38.8114826945758],[-94.9248711732976,38.8117359422618]]},"properties":{"id":"arcgis-23-1-9b74235245ad4c21","sourceId":"arcgis-23-1","source":"Fiber_BackBone \u2014 UGBackbone","sourceUrl":"https://services5.arcgis.com/Ox3HYmIeiVBmWWrQ/arcgis/rest/services/Fiber_BackBone/FeatureServer/1","name":"Fiber_BackBone \u2014 UGBackbone","carrier":"Not published","routeStatus":"Unknown","category":"unknown","evidence":"agency_route","dataDate":null,"metadataModified":"2018-05-02T20:09:15+00:00","retrievedAt":"2026-09-18T02:36:36.373285+00:00","networkType":"Published fiber route; network class not specified","serviceability":"Unconfirmed","routeDiversity":"Unconfirmed","states":["KS"]},"bbox":[-94.9248794481658,38.8114826945758,-94.9248711732976,38.8117359422618]},{"type":"Feature","geometry":{"type":"LineString","coordinates":[[-94.9141996693434,38.8182003809171],[-94.9139010452086,38.818254302499]]},"properties":{"id":"arcgis-23-1-eda1937e86d5b3fd","sourceId":"arcgis-23-1","source":"Fiber_BackBone \u2014 UGBackbone","sourceUrl":"https://services5.arcgis.com/Ox3HYmIeiVBmWWrQ/arcgis/rest/services/Fiber_BackBone/FeatureServer/1","name":"Fiber_BackBone \u2014 UGBackbone","carrier":"Not published","routeStatus":"Unknown","category":"unknown","evidence":"agency_route","dataDate":null,"metadataModified":"2018-05-02T20:09:15+00:00","retrievedAt":"2026-09-18T02:36:36.373285+00:00","networkType":"Published fiber route; network class not specified","serviceability":"Unconfirmed","routeDiversity":"Unconfirmed","states":["KS"]},"bbox":[-94.9141996693434,38.8182003809171,-94.9139010452086,38.818254302499]},{"type":"Feature","geometry":{"type":"LineString","coordinates":[[-94.9460714612761,38.8286830185619],[-94.9461369462384,38.8287996760261],[-94.9464695196163,38.8288098984499],[-94.9464823231901,38.8289637389025]]},"properties":{"id":"arcgis-23-1-36a81c1c65d0c7cf","sourceId":"arcgis-23-1","source":"Fiber_BackBone \u2014 UGBackbone","sourceUrl":"https://services5.arcgis.com/Ox3HYmIeiVBmWWrQ/arcgis/rest/services/Fiber_BackBone/FeatureServer/1","name":"Fiber_BackBone \u2014 UGBackbone","carrier":"Not published","routeStatus":"Unknown","category":"unknown","evidence":"agency_route","dataDate":null,"metadataModified":"2018-05-02T20:09:15+00:00","retrievedAt":"2026-09-18T02:36:36.373285+00:00","networkType":"Published fiber route; network class not specified","serviceability":"Unconfirmed","routeDiversity":"Unconfirmed","states":["KS"]},"bbox":[-94.9464823231901,38.8286830185619,-94.9460714612761,38.8289637389025]},{"type":"Feature","geometry":{"type":"LineString","coordinates":[[-94.9601499638056,38.8113233573493],[-94.9606768770248,38.8113207133863]]},"properties":{"id":"arcgis-23-1-8ce9617c57fd831b","sourceId":"arcgis-23-1","source":"Fiber_BackBone \u2014 UGBackbone","sourceUrl":"https://services5.arcgis.com/Ox3HYmIeiVBmWWrQ/arcgis/rest/services/Fiber_BackBone/FeatureServer/1","name":"Fiber_BackBone \u2014 UGBackbone","carrier":"Not published","routeStatus":"Unknown","category":"unknown","evidence":"agency_route","dataDate":null,"metadataModified":"2018-05-02T20:09:15+00:00","retrievedAt":"2026-09-18T02:36:36.373285+00:00","networkType":"Published fiber route; network class not specified","serviceability":"Unconfirmed","routeDiversity":"Unconfirmed","states":["KS"]},"bbox":[-94.9606768770248,38.8113207133863,-94.9601499638056,38.8113233573493]},{"type":"Feature","geometry":{"type":"LineString","coordinates":[[-94.9274845619873,38.8151451854957],[-94.9274816281059,38.8148094185857]]},"properties":{"id":"arcgis-23-2-361d10649474da37","sourceId":"arcgis-23-2","source":"Fiber_BackBone \u2014 Fiber Backbone (Approx 31 Miles)","sourceUrl":"https://services5.arcgis.com/Ox3HYmIeiVBmWWrQ/arcgis/rest/services/Fiber_BackBone/FeatureServer/2","name":"Fiber_BackBone \u2014 Fiber Backbone (Approx 31 Miles)","carrier":"Not published","routeStatus":"Unknown","category":"unknown","evidence":"agency_route","dataDate":null,"metadataModified":"2018-05-02T20:09:15+00:00","retrievedAt":"2026-09-18T02:36:49.784947+00:00","networkType":"Published fiber route; network class not specified","serviceability":"Unconfirmed","routeDiversity":"Unconfirmed","states":["KS"]},"bbox":[-94.9274845619873,38.8148094185857,-94.9274816281059,38.8151451854957]},{"type":"Feature","geometry":{"type":"LineString","coordinates":[[-94.9274816281059,38.8148094185857],[-94.9274802784383,38.8144112194505]]},"properties":{"id":"arcgis-23-2-3ba0960aa1332ea8","sourceId":"arcgis-23-2","source":"Fiber_BackBone \u2014 Fiber Backbone (Approx 31 Miles)","sourceUrl":"https://services5.arcgis.com/Ox3HYmIeiVBmWWrQ/arcgis/rest/services/Fiber_BackBone/FeatureServer/2","name":"Fiber_BackBone \u2014 Fiber Backbone (Approx 31 Miles)","carrier":"Not published","routeStatus":"Unknown","category":"unknown","evidence":"agency_route","dataDate":null,"metadataModified":"2018-05-02T20:09:15+00:00","retrievedAt":"2026-09-18T02:36:49.784947+00:00","networkType":"Published fiber route; network class not specified","serviceability":"Unconfirmed","routeDiversity":"Unconfirmed","states":["KS"]},"bbox":[-94.9274816281059,38.8144112194505,-94.9274802784383,38.8148094185857]},{"type":"Feature","geometry":{"type":"LineString","coordinates":[[-94.9274802784383,38.8144112194505],[-94.9274763541992,38.813975811494]]},"properties":{"id":"arcgis-23-2-684b6f975e94d479","sourceId":"arcgis-23-2","source":"Fiber_BackBone \u2014 Fiber Backbone (Approx 31 Miles)","sourceUrl":"https://services5.arcgis.com/Ox3HYmIeiVBmWWrQ/arcgis/rest/services/Fiber_BackBone/FeatureServer/2","name":"Fiber_BackBone \u2014 Fiber Backbone (Approx 31 Miles)","carrier":"Not published","routeStatus":"Unknown","category":"unknown","evidence":"agency_route","dataDate":null,"metadataModified":"2018-05-02T20:09:15+00:00","retrievedAt":"2026-09-18T02:36:49.784947+00:00","networkType":"Published fiber route; network class not specified","serviceability":"Unconfirmed","routeDiversity":"Unconfirmed","states":["KS"]},"bbox":[-94.9274802784383,38.813975811494,-94.9274763541992,38.8144112194505]},{"type":"Feature","geometry":{"type":"LineString","coordinates":[[-94.9274763541992,38.813975811494],[-94.9274766617919,38.8138294959004]]},"properties":{"id":"arcgis-23-2-e43ea95f32f91a61","sourceId":"arcgis-23-2","source":"Fiber_BackBone \u2014 Fiber Backbone (Approx 31 Miles)","sourceUrl":"https://services5.arcgis.com/Ox3HYmIeiVBmWWrQ/arcgis/rest/services/Fiber_BackBone/FeatureServer/2","name":"Fiber_BackBone \u2014 Fiber Backbone (Approx 31 Miles)","carrier":"Not published","routeStatus":"Unknown","category":"unknown","evidence":"agency_route","dataDate":null,"metadataModified":"2018-05-02T20:09:15+00:00","retrievedAt":"2026-09-18T02:36:49.784947+00:00","networkType":"Published fiber route; network class not specified","serviceability":"Unconfirmed","routeDiversity":"Unconfirmed","states":["KS"]},"bbox":[-94.9274766617919,38.8138294959004,-94.9274763541992,38.813975811494]},{"type":"Feature","geometry":{"type":"LineString","coordinates":[[-94.9274766617919,38.8138294959004],[-94.9274656954427,38.8135526117444]]},"properties":{"id":"arcgis-23-2-939c76dd8d2d93f7","sourceId":"arcgis-23-2","source":"Fiber_BackBone \u2014 Fiber Backbone (Approx 31 Miles)","sourceUrl":"https://services5.arcgis.com/Ox3HYmIeiVBmWWrQ/arcgis/rest/services/Fiber_BackBone/FeatureServer/2","name":"Fiber_BackBone \u2014 Fiber Backbone (Approx 31 Miles)","carrier":"Not published","routeStatus":"Unknown","category":"unknown","evidence":"agency_route","dataDate":null,"metadataModified":"2018-05-02T20:09:15+00:00","retrievedAt":"2026-09-18T02:36:49.784947+00:00","networkType":"Published fiber route; network class not specified","serviceability":"Unconfirmed","routeDiversity":"Unconfirmed","states":["KS"]},"bbox":[-94.9274766617919,38.8135526117444,-94.9274656954427,38.8138294959004]},{"type":"Feature","geometry":{"type":"LineString","coordinates":[[-94.9274656954427,38.8135526117444],[-94.9274470454513,38.8132125192531]]},"properties":{"id":"arcgis-23-2-b1580df301196d70","sourceId":"arcgis-23-2","source":"Fiber_BackBone \u2014 Fiber Backbone (Approx 31 Miles)","sourceUrl":"https://services5.arcgis.com/Ox3HYmIeiVBmWWrQ/arcgis/rest/services/Fiber_BackBone/FeatureServer/2","name":"Fiber_BackBone \u2014 Fiber Backbone (Approx 31 Miles)","carrier":"Not published","routeStatus":"Unknown","category":"unknown","evidence":"agency_route","dataDate":null,"metadataModified":"2018-05-02T20:09:15+00:00","retrievedAt":"2026-09-18T02:36:49.784947+00:00","networkType":"Published fiber route; network class not specified","serviceability":"Unconfirmed","routeDiversity":"Unconfirmed","states":["KS"]},"bbox":[-94.9274656954427,38.8132125192531,-94.9274470454513,38.8135526117444]},{"type":"Feature","geometry":{"type":"LineString","coordinates":[[-94.9274470454513,38.8132125192531],[-94.9274436617739,38.812914052065]]},"properties":{"id":"arcgis-23-2-64275ae55eaaca49","sourceId":"arcgis-23-2","source":"Fiber_BackBone \u2014 Fiber Backbone (Approx 31 Miles)","sourceUrl":"https://services5.arcgis.com/Ox3HYmIeiVBmWWrQ/arcgis/rest/services/Fiber_BackBone/FeatureServer/2","name":"Fiber_BackBone \u2014 Fiber Backbone (Approx 31 Miles)","carrier":"Not published","routeStatus":"Unknown","category":"unknown","evidence":"agency_route","dataDate":null,"metadataModified":"2018-05-02T20:09:15+00:00","retrievedAt":"2026-09-18T02:36:49.784947+00:00","networkType":"Published fiber route; network class not specified","serviceability":"Unconfirmed","routeDiversity":"Unconfirmed","states":["KS"]},"bbox":[-94.9274470454513,38.812914052065,-94.9274436617739,38.8132125192531]},{"type":"Feature","geometry":{"type":"LineString","coordinates":[[-94.9274000881906,38.8123138300873],[-94.9273905210988,38.8119985717217]]},"properties":{"id":"arcgis-23-2-4fc02c2b4b154969","sourceId":"arcgis-23-2","source":"Fiber_BackBone \u2014 Fiber Backbone (Approx 31 Miles)","sourceUrl":"https://services5.arcgis.com/Ox3HYmIeiVBmWWrQ/arcgis/rest/services/Fiber_BackBone/FeatureServer/2","name":"Fiber_BackBone \u2014 Fiber Backbone (Approx 31 Miles)","carrier":"Not published","routeStatus":"Unknown","category":"unknown","evidence":"agency_route","dataDate":null,"metadataModified":"2018-05-02T20:09:15+00:00","retrievedAt":"2026-09-18T02:36:49.784947+00:00","networkType":"Published fiber route; network class not specified","serviceability":"Unconfirmed","routeDiversity":"Unconfirmed","states":["KS"]},"bbox":[-94.9274000881906,38.8119985717217,-94.9273905210988,38.8123138300873]},{"type":"Feature","geometry":{"type":"LineString","coordinates":[[-94.9259746751254,38.8123433457091],[-94.9260178612536,38.8123436359648]]},"properties":{"id":"arcgis-23-2-02378490f5a90df1","sourceId":"arcgis-23-2","source":"Fiber_BackBone \u2014 Fiber Backbone (Approx 31 Miles)","sourceUrl":"https://services5.arcgis.com/Ox3HYmIeiVBmWWrQ/arcgis/rest/services/Fiber_BackBone/FeatureServer/2","name":"Fiber_BackBone \u2014 Fiber Backbone (Approx 31 Miles)","carrier":"Not published","routeStatus":"Unknown","category":"unknown","evidence":"agency_route","dataDate":null,"metadataModified":"2018-05-02T20:09:15+00:00","retrievedAt":"2026-09-18T02:36:49.784947+00:00","networkType":"Published fiber route; network class not specified","serviceability":"Unconfirmed","routeDiversity":"Unconfirmed","states":["KS"]},"bbox":[-94.9260178612536,38.8123433457091,-94.9259746751254,38.8123436359648]},{"type":"Feature","geometry":{"type":"LineString","coordinates":[[-94.9260178612536,38.8123436359648],[-94.9264448189431,38.8123347648094]]},"properties":{"id":"arcgis-23-2-f896e94cfa45bea3","sourceId":"arcgis-23-2","source":"Fiber_BackBone \u2014 Fiber Backbone (Approx 31 Miles)","sourceUrl":"https://services5.arcgis.com/Ox3HYmIeiVBmWWrQ/arcgis/rest/services/Fiber_BackBone/FeatureServer/2","name":"Fiber_BackBone \u2014 Fiber Backbone (Approx 31 Miles)","carrier":"Not published","routeStatus":"Unknown","category":"unknown","evidence":"agency_route","dataDate":null,"metadataModified":"2018-05-02T20:09:15+00:00","retrievedAt":"2026-09-18T02:36:49.784947+00:00","networkType":"Published fiber route; network class not specified","serviceability":"Unconfirmed","routeDiversity":"Unconfirmed","states":["KS"]},"bbox":[-94.9264448189431,38.8123347648094,-94.9260178612536,38.8123436359648]},{"type":"Feature","geometry":{"type":"LineString","coordinates":[[-94.9264448189431,38.8123347648094],[-94.9269251551653,38.8123279219049]]},"properties":{"id":"arcgis-23-2-06825ebfc9f1697e","sourceId":"arcgis-23-2","source":"Fiber_BackBone \u2014 Fiber Backbone (Approx 31 Miles)","sourceUrl":"https://services5.arcgis.com/Ox3HYmIeiVBmWWrQ/arcgis/rest/services/Fiber_BackBone/FeatureServer/2","name":"Fiber_BackBone \u2014 Fiber Backbone (Approx 31 Miles)","carrier":"Not published","routeStatus":"Unknown","category":"unknown","evidence":"agency_route","dataDate":null,"metadataModified":"2018-05-02T20:09:15+00:00","retrievedAt":"2026-09-18T02:36:49.784947+00:00","networkType":"Published fiber route; network class not specified","serviceability":"Unconfirmed","routeDiversity":"Unconfirmed","states":["KS"]},"bbox":[-94.9269251551653,38.8123279219049,-94.9264448189431,38.8123347648094]},{"type":"Feature","geometry":{"type":"LineString","coordinates":[[-94.9269251551653,38.8123279219049],[-94.9274000881906,38.8123138300873]]},"properties":{"id":"arcgis-23-2-6721d06fce979931","sourceId":"arcgis-23-2","source":"Fiber_BackBone \u2014 Fiber Backbone (Approx 31 Miles)","sourceUrl":"https://services5.arcgis.com/Ox3HYmIeiVBmWWrQ/arcgis/rest/services/Fiber_BackBone/FeatureServer/2","name":"Fiber_BackBone \u2014 Fiber Backbone (Approx 31 Miles)","carrier":"Not published","routeStatus":"Unknown","category":"unknown","evidence":"agency_route","dataDate":null,"metadataModified":"2018-05-02T20:09:15+00:00","retrievedAt":"2026-09-18T02:36:49.784947+00:00","networkType":"Published fiber route; network class not specified","serviceability":"Unconfirmed","routeDiversity":"Unconfirmed","states":["KS"]},"bbox":[-94.9274000881906,38.8123138300873,-94.9269251551653,38.8123279219049]},{"type":"Feature","geometry":{"type":"LineString","coordinates":[[-94.9344486131395,38.8142617745032],[-94.934440021808,38.8138617901471]]},"properties":{"id":"arcgis-23-2-12ae9b7841baa547","sourceId":"arcgis-23-2","source":"Fiber_BackBone \u2014 Fiber Backbone (Approx 31 Miles)","sourceUrl":"https://services5.arcgis.com/Ox3HYmIeiVBmWWrQ/arcgis/rest/services/Fiber_BackBone/FeatureServer/2","name":"Fiber_BackBone \u2014 Fiber Backbone (Approx 31 Miles)","carrier":"Not published","routeStatus":"Unknown","category":"unknown","evidence":"agency_route","dataDate":null,"metadataModified":"2018-05-02T20:09:15+00:00","retrievedAt":"2026-09-18T02:36:49.784947+00:00","networkType":"Published fiber route; network class not specified","serviceability":"Unconfirmed","routeDiversity":"Unconfirmed","states":["KS"]},"bbox":[-94.9344486131395,38.8138617901471,-94.934440021808,38.8142617745032]},{"type":"Feature","geometry":{"type":"LineString","coordinates":[[-94.934440021808,38.8138617901471],[-94.934460487794,38.8134131438459]]},"properties":{"id":"arcgis-23-2-3b6794d9f26a6f05","sourceId":"arcgis-23-2","source":"Fiber_BackBone \u2014 Fiber Backbone (Approx 31 Miles)","sourceUrl":"https://services5.arcgis.com/Ox3HYmIeiVBmWWrQ/arcgis/rest/services/Fiber_BackBone/FeatureServer/2","name":"Fiber_BackBone \u2014 Fiber Backbone (Approx 31 Miles)","carrier":"Not published","routeStatus":"Unknown","category":"unknown","evidence":"agency_route","dataDate":null,"metadataModified":"2018-05-02T20:09:15+00:00","retrievedAt":"2026-09-18T02:36:49.784947+00:00","networkType":"Published fiber route; network class not specified","serviceability":"Unconfirmed","routeDiversity":"Unconfirmed","states":["KS"]},"bbox":[-94.934460487794,38.8134131438459,-94.934440021808,38.8138617901471]},{"type":"Feature","geometry":{"type":"LineString","coordinates":[[-94.934460487794,38.8134131438459],[-94.9344649213088,38.8130168611472]]},"properties":{"id":"arcgis-23-2-a0571a0418e05bbf","sourceId":"arcgis-23-2","source":"Fiber_BackBone \u2014 Fiber Backbone (Approx 31 Miles)","sourceUrl":"https://services5.arcgis.com/Ox3HYmIeiVBmWWrQ/arcgis/rest/services/Fiber_BackBone/FeatureServer/2","name":"Fiber_BackBone \u2014 Fiber Backbone (Approx 31 Miles)","carrier":"Not published","routeStatus":"Unknown","category":"unknown","evidence":"agency_route","dataDate":null,"metadataModified":"2018-05-02T20:09:15+00:00","retrievedAt":"2026-09-18T02:36:49.784947+00:00","networkType":"Published fiber route; network class not specified","serviceability":"Unconfirmed","routeDiversity":"Unconfirmed","states":["KS"]},"bbox":[-94.9344649213088,38.8130168611472,-94.934460487794,38.8134131438459]},{"type":"Feature","geometry":{"type":"LineString","coordinates":[[-94.9221348415826,38.8123852795732],[-94.9221205414533,38.8120686630107]]},"properties":{"id":"arcgis-23-2-ec9a8b6a229f594e","sourceId":"arcgis-23-2","source":"Fiber_BackBone \u2014 Fiber Backbone (Approx 31 Miles)","sourceUrl":"https://services5.arcgis.com/Ox3HYmIeiVBmWWrQ/arcgis/rest/services/Fiber_BackBone/FeatureServer/2","name":"Fiber_BackBone \u2014 Fiber Backbone (Approx 31 Miles)","carrier":"Not published","routeStatus":"Unknown","category":"unknown","evidence":"agency_route","dataDate":null,"metadataModified":"2018-05-02T20:09:15+00:00","retrievedAt":"2026-09-18T02:36:49.784947+00:00","networkType":"Published fiber route; network class not specified","serviceability":"Unconfirmed","routeDiversity":"Unconfirmed","states":["KS"]},"bbox":[-94.9221348415826,38.8120686630107,-94.9221205414533,38.8123852795732]},{"type":"Feature","geometry":{"type":"LineString","coordinates":[[-94.9221205414533,38.8120686630107],[-94.9220640885032,38.8118466128492]]},"properties":{"id":"arcgis-23-2-ea7303636a7f0057","sourceId":"arcgis-23-2","source":"Fiber_BackBone \u2014 Fiber Backbone (Approx 31 Miles)","sourceUrl":"https://services5.arcgis.com/Ox3HYmIeiVBmWWrQ/arcgis/rest/services/Fiber_BackBone/FeatureServer/2","name":"Fiber_BackBone \u2014 Fiber Backbone (Approx 31 Miles)","carrier":"Not published","routeStatus":"Unknown","category":"unknown","evidence":"agency_route","dataDate":null,"metadataModified":"2018-05-02T20:09:15+00:00","retrievedAt":"2026-09-18T02:36:49.784947+00:00","networkType":"Published fiber route; network class not specified","serviceability":"Unconfirmed","routeDiversity":"Unconfirmed","states":["KS"]},"bbox":[-94.9221205414533,38.8118466128492,-94.9220640885032,38.8120686630107]},{"type":"Feature","geometry":{"type":"LineString","coordinates":[[-94.9205725025086,38.8118584674882],[-94.9205756285402,38.8121083025061]]},"properties":{"id":"arcgis-23-2-9c3a38e0f2f8281a","sourceId":"arcgis-23-2","source":"Fiber_BackBone \u2014 Fiber Backbone (Approx 31 Miles)","sourceUrl":"https://services5.arcgis.com/Ox3HYmIeiVBmWWrQ/arcgis/rest/services/Fiber_BackBone/FeatureServer/2","name":"Fiber_BackBone \u2014 Fiber Backbone (Approx 31 Miles)","carrier":"Not published","routeStatus":"Unknown","category":"unknown","evidence":"agency_route","dataDate":null,"metadataModified":"2018-05-02T20:09:15+00:00","retrievedAt":"2026-09-18T02:36:49.784947+00:00","networkType":"Published fiber route; network class not specified","serviceability":"Unconfirmed","routeDiversity":"Unconfirmed","states":["KS"]},"bbox":[-94.9205756285402,38.8118584674882,-94.9205725025086,38.8121083025061]},{"type":"Feature","geometry":{"type":"LineString","coordinates":[[-94.9205756285402,38.8121083025061],[-94.9205717905355,38.8123892700629]]},"properties":{"id":"arcgis-23-2-35b004220bc9d89f","sourceId":"arcgis-23-2","source":"Fiber_BackBone \u2014 Fiber Backbone (Approx 31 Miles)","sourceUrl":"https://services5.arcgis.com/Ox3HYmIeiVBmWWrQ/arcgis/rest/services/Fiber_BackBone/FeatureServer/2","name":"Fiber_BackBone \u2014 Fiber Backbone (Approx 31 Miles)","carrier":"Not published","routeStatus":"Unknown","category":"unknown","evidence":"agency_route","dataDate":null,"metadataModified":"2018-05-02T20:09:15+00:00","retrievedAt":"2026-09-18T02:36:49.784947+00:00","networkType":"Published fiber route; network class not specified","serviceability":"Unconfirmed","routeDiversity":"Unconfirmed","states":["KS"]},"bbox":[-94.9205756285402,38.8121083025061,-94.9205717905355,38.8123892700629]},{"type":"Feature","geometry":{"type":"LineString","coordinates":[[-94.9205717905355,38.8123892700629],[-94.9205731287532,38.812668485282]]},"properties":{"id":"arcgis-23-2-850dd567fa5459f3","sourceId":"arcgis-23-2","source":"Fiber_BackBone \u2014 Fiber Backbone (Approx 31 Miles)","sourceUrl":"https://services5.arcgis.com/Ox3HYmIeiVBmWWrQ/arcgis/rest/services/Fiber_BackBone/FeatureServer/2","name":"Fiber_BackBone \u2014 Fiber Backbone (Approx 31 Miles)","carrier":"Not published","routeStatus":"Unknown","category":"unknown","evidence":"agency_route","dataDate":null,"metadataModified":"2018-05-02T20:09:15+00:00","retrievedAt":"2026-09-18T02:36:49.784947+00:00","networkType":"Published fiber route; network class not specified","serviceability":"Unconfirmed","routeDiversity":"Unconfirmed","states":["KS"]},"bbox":[-94.9205731287532,38.8123892700629,-94.9205717905355,38.812668485282]},{"type":"Feature","geometry":{"type":"LineString","coordinates":[[-94.8998143559749,38.8041341549469],[-94.8998142820394,38.8041587669102]]},"properties":{"id":"arcgis-23-2-e39a459233762e82","sourceId":"arcgis-23-2","source":"Fiber_BackBone \u2014 Fiber Backbone (Approx 31 Miles)","sourceUrl":"https://services5.arcgis.com/Ox3HYmIeiVBmWWrQ/arcgis/rest/services/Fiber_BackBone/FeatureServer/2","name":"Fiber_BackBone \u2014 Fiber Backbone (Approx 31 Miles)","carrier":"Not published","routeStatus":"Unknown","category":"unknown","evidence":"agency_route","dataDate":null,"metadataModified":"2018-05-02T20:09:15+00:00","retrievedAt":"2026-09-18T02:36:49.784947+00:00","networkType":"Published fiber route; network class not specified","serviceability":"Unconfirmed","routeDiversity":"Unconfirmed","states":["KS"]},"bbox":[-94.8998143559749,38.8041341549469,-94.8998142820394,38.8041587669102]},{"type":"Feature","geometry":{"type":"LineString","coordinates":[[-94.8998219737373,38.8072958654267],[-94.8998218946079,38.8074478689077]]},"properties":{"id":"arcgis-23-2-202ae40087aeb20e","sourceId":"arcgis-23-2","source":"Fiber_BackBone \u2014 Fiber Backbone (Approx 31 Miles)","sourceUrl":"https://services5.arcgis.com/Ox3HYmIeiVBmWWrQ/arcgis/rest/services/Fiber_BackBone/FeatureServer/2","name":"Fiber_BackBone \u2014 Fiber Backbone (Approx 31 Miles)","carrier":"Not published","routeStatus":"Unknown","category":"unknown","evidence":"agency_route","dataDate":null,"metadataModified":"2018-05-02T20:09:15+00:00","retrievedAt":"2026-09-18T02:36:49.784947+00:00","networkType":"Published fiber route; network class not specified","serviceability":"Unconfirmed","routeDiversity":"Unconfirmed","states":["KS"]},"bbox":[-94.8998219737373,38.8072958654267,-94.8998218946079,38.8074478689077]},{"type":"Feature","geometry":{"type":"LineString","coordinates":[[-94.9392228128817,38.8110294843152],[-94.9397954952627,38.8110222858271]]},"properties":{"id":"arcgis-23-2-8f3f03dcea47b26e","sourceId":"arcgis-23-2","source":"Fiber_BackBone \u2014 Fiber Backbone (Approx 31 Miles)","sourceUrl":"https://services5.arcgis.com/Ox3HYmIeiVBmWWrQ/arcgis/rest/services/Fiber_BackBone/FeatureServer/2","name":"Fiber_BackBone \u2014 Fiber Backbone (Approx 31 Miles)","carrier":"Not published","routeStatus":"Unknown","category":"unknown","evidence":"agency_route","dataDate":null,"metadataModified":"2018-05-02T20:09:15+00:00","retrievedAt":"2026-09-18T02:36:49.784947+00:00","networkType":"Published fiber route; network class not specified","serviceability":"Unconfirmed","routeDiversity":"Unconfirmed","states":["KS"]},"bbox":[-94.9397954952627,38.8110222858271,-94.9392228128817,38.8110294843152]},{"type":"Feature","geometry":{"type":"LineString","coordinates":[[-94.9397954952627,38.8110222858271],[-94.9402917454701,38.8110216519838]]},"properties":{"id":"arcgis-23-2-b6211b053ec6b5e3","sourceId":"arcgis-23-2","source":"Fiber_BackBone \u2014 Fiber Backbone (Approx 31 Miles)","sourceUrl":"https://services5.arcgis.com/Ox3HYmIeiVBmWWrQ/arcgis/rest/services/Fiber_BackBone/FeatureServer/2","name":"Fiber_BackBone \u2014 Fiber Backbone (Approx 31 Miles)","carrier":"Not published","routeStatus":"Unknown","category":"unknown","evidence":"agency_route","dataDate":null,"metadataModified":"2018-05-02T20:09:15+00:00","retrievedAt":"2026-09-18T02:36:49.784947+00:00","networkType":"Published fiber route; network class not specified","serviceability":"Unconfirmed","routeDiversity":"Unconfirmed","states":["KS"]},"bbox":[-94.9402917454701,38.8110216519838,-94.9397954952627,38.8110222858271]},{"type":"Feature","geometry":{"type":"LineString","coordinates":[[-94.9436313782638,38.8110260022262],[-94.9441420119931,38.8110249855458]]},"properties":{"id":"arcgis-23-2-8da340f82e7d0efd","sourceId":"arcgis-23-2","source":"Fiber_BackBone \u2014 Fiber Backbone (Approx 31 Miles)","sourceUrl":"https://services5.arcgis.com/Ox3HYmIeiVBmWWrQ/arcgis/rest/services/Fiber_BackBone/FeatureServer/2","name":"Fiber_BackBone \u2014 Fiber Backbone (Approx 31 Miles)","carrier":"Not published","routeStatus":"Unknown","category":"unknown","evidence":"agency_route","dataDate":null,"metadataModified":"2018-05-02T20:09:15+00:00","retrievedAt":"2026-09-18T02:36:49.784947+00:00","networkType":"Published fiber route; network class not specified","serviceability":"Unconfirmed","routeDiversity":"Unconfirmed","states":["KS"]},"bbox":[-94.9441420119931,38.8110249855458,-94.9436313782638,38.8110260022262]},{"type":"Feature","geometry":{"type":"LineString","coordinates":[[-94.9441420119931,38.8110249855458],[-94.944192211763,38.8109257356105]]},"properties":{"id":"arcgis-23-2-452f2768643ce57c","sourceId":"arcgis-23-2","source":"Fiber_BackBone \u2014 Fiber Backbone (Approx 31 Miles)","sourceUrl":"https://services5.arcgis.com/Ox3HYmIeiVBmWWrQ/arcgis/rest/services/Fiber_BackBone/FeatureServer/2","name":"Fiber_BackBone \u2014 Fiber Backbone (Approx 31 Miles)","carrier":"Not published","routeStatus":"Unknown","category":"unknown","evidence":"agency_route","dataDate":null,"metadataModified":"2018-05-02T20:09:15+00:00","retrievedAt":"2026-09-18T02:36:49.784947+00:00","networkType":"Published fiber route; network class not specified","serviceability":"Unconfirmed","routeDiversity":"Unconfirmed","states":["KS"]},"bbox":[-94.944192211763,38.8109257356105,-94.9441420119931,38.8110249855458]},{"type":"Feature","geometry":{"type":"LineString","coordinates":[[-94.9457009591659,38.811425246491],[-94.9457128945134,38.8112442518765]]},"properties":{"id":"arcgis-23-2-ddc24f7c4e14f7df","sourceId":"arcgis-23-2","source":"Fiber_BackBone \u2014 Fiber Backbone (Approx 31 Miles)","sourceUrl":"https://services5.arcgis.com/Ox3HYmIeiVBmWWrQ/arcgis/rest/services/Fiber_BackBone/FeatureServer/2","name":"Fiber_BackBone \u2014 Fiber Backbone (Approx 31 Miles)","carrier":"Not published","routeStatus":"Unknown","category":"unknown","evidence":"agency_route","dataDate":null,"metadataModified":"2018-05-02T20:09:15+00:00","retrievedAt":"2026-09-18T02:36:49.784947+00:00","networkType":"Published fiber route; network class not specified","serviceability":"Unconfirmed","routeDiversity":"Unconfirmed","states":["KS"]},"bbox":[-94.9457128945134,38.8112442518765,-94.9457009591659,38.811425246491]},{"type":"Feature","geometry":{"type":"LineString","coordinates":[[-94.9457128945134,38.8112442518765],[-94.945692961238,38.8109356691513]]},"properties":{"id":"arcgis-23-2-a458b1e68bcf6e51","sourceId":"arcgis-23-2","source":"Fiber_BackBone \u2014 Fiber Backbone (Approx 31 Miles)","sourceUrl":"https://services5.arcgis.com/Ox3HYmIeiVBmWWrQ/arcgis/rest/services/Fiber_BackBone/FeatureServer/2","name":"Fiber_BackBone \u2014 Fiber Backbone (Approx 31 Miles)","carrier":"Not published","routeStatus":"Unknown","category":"unknown","evidence":"agency_route","dataDate":null,"metadataModified":"2018-05-02T20:09:15+00:00","retrievedAt":"2026-09-18T02:36:49.784947+00:00","networkType":"Published fiber route; network class not specified","serviceability":"Unconfirmed","routeDiversity":"Unconfirmed","states":["KS"]},"bbox":[-94.9457128945134,38.8109356691513,-94.945692961238,38.8112442518765]},{"type":"Feature","geometry":{"type":"LineString","coordinates":[[-94.945692961238,38.8109356691513],[-94.9455523783023,38.8109320686118]]},"properties":{"id":"arcgis-23-2-26c841c5888ffa0e","sourceId":"arcgis-23-2","source":"Fiber_BackBone \u2014 Fiber Backbone (Approx 31 Miles)","sourceUrl":"https://services5.arcgis.com/Ox3HYmIeiVBmWWrQ/arcgis/rest/services/Fiber_BackBone/FeatureServer/2","name":"Fiber_BackBone \u2014 Fiber Backbone (Approx 31 Miles)","carrier":"Not published","routeStatus":"Unknown","category":"unknown","evidence":"agency_route","dataDate":null,"metadataModified":"2018-05-02T20:09:15+00:00","retrievedAt":"2026-09-18T02:36:49.784947+00:00","networkType":"Published fiber route; network class not specified","serviceability":"Unconfirmed","routeDiversity":"Unconfirmed","states":["KS"]},"bbox":[-94.945692961238,38.8109320686118,-94.9455523783023,38.8109356691513]},{"type":"Feature","geometry":{"type":"LineString","coordinates":[[-94.9443238619381,38.810923252245],[-94.944192211763,38.8109257356105]]},"properties":{"id":"arcgis-23-2-839297b81e12d415","sourceId":"arcgis-23-2","source":"Fiber_BackBone \u2014 Fiber Backbone (Approx 31 Miles)","sourceUrl":"https://services5.arcgis.com/Ox3HYmIeiVBmWWrQ/arcgis/rest/services/Fiber_BackBone/FeatureServer/2","name":"Fiber_BackBone \u2014 Fiber Backbone (Approx 31 Miles)","carrier":"Not published","routeStatus":"Unknown","category":"unknown","evidence":"agency_route","dataDate":null,"metadataModified":"2018-05-02T20:09:15+00:00","retrievedAt":"2026-09-18T02:36:49.784947+00:00","networkType":"Published fiber route; network class not specified","serviceability":"Unconfirmed","routeDiversity":"Unconfirmed","states":["KS"]},"bbox":[-94.9443238619381,38.810923252245,-94.944192211763,38.8109257356105]},{"type":"Feature","geometry":{"type":"LineString","coordinates":[[-94.9229094776656,38.785331168978],[-94.9228324788178,38.7855622190129]]},"properties":{"id":"arcgis-23-2-5d24623ab4a60e79","sourceId":"arcgis-23-2","source":"Fiber_BackBone \u2014 Fiber Backbone (Approx 31 Miles)","sourceUrl":"https://services5.arcgis.com/Ox3HYmIeiVBmWWrQ/arcgis/rest/services/Fiber_BackBone/FeatureServer/2","name":"Fiber_BackBone \u2014 Fiber Backbone (Approx 31 Miles)","carrier":"Not published","routeStatus":"Unknown","category":"unknown","evidence":"agency_route","dataDate":null,"metadataModified":"2018-05-02T20:09:15+00:00","retrievedAt":"2026-09-18T02:36:49.784947+00:00","networkType":"Published fiber route; network class not specified","serviceability":"Unconfirmed","routeDiversity":"Unconfirmed","states":["KS"]},"bbox":[-94.9229094776656,38.785331168978,-94.9228324788178,38.7855622190129]},{"type":"Feature","geometry":{"type":"LineString","coordinates":[[-94.9270386116509,38.7868135186944],[-94.9272128116835,38.7868236019329]]},"properties":{"id":"arcgis-23-2-14b5983ecbaa15b4","sourceId":"arcgis-23-2","source":"Fiber_BackBone \u2014 Fiber Backbone (Approx 31 Miles)","sourceUrl":"https://services5.arcgis.com/Ox3HYmIeiVBmWWrQ/arcgis/rest/services/Fiber_BackBone/FeatureServer/2","name":"Fiber_BackBone \u2014 Fiber Backbone (Approx 31 Miles)","carrier":"Not published","routeStatus":"Unknown","category":"unknown","evidence":"agency_route","dataDate":null,"metadataModified":"2018-05-02T20:09:15+00:00","retrievedAt":"2026-09-18T02:36:49.784947+00:00","networkType":"Published fiber route; network class not specified","serviceability":"Unconfirmed","routeDiversity":"Unconfirmed","states":["KS"]},"bbox":[-94.9272128116835,38.7868135186944,-94.9270386116509,38.7868236019329]},{"type":"Feature","geometry":{"type":"LineString","coordinates":[[-94.9272280952568,38.7874011853105],[-94.9277056946342,38.7874054853694]]},"properties":{"id":"arcgis-23-2-07df8072192ba7b7","sourceId":"arcgis-23-2","source":"Fiber_BackBone \u2014 Fiber Backbone (Approx 31 Miles)","sourceUrl":"https://services5.arcgis.com/Ox3HYmIeiVBmWWrQ/arcgis/rest/services/Fiber_BackBone/FeatureServer/2","name":"Fiber_BackBone \u2014 Fiber Backbone (Approx 31 Miles)","carrier":"Not published","routeStatus":"Unknown","category":"unknown","evidence":"agency_route","dataDate":null,"metadataModified":"2018-05-02T20:09:15+00:00","retrievedAt":"2026-09-18T02:36:49.784947+00:00","networkType":"Published fiber route; network class not specified","serviceability":"Unconfirmed","routeDiversity":"Unconfirmed","states":["KS"]},"bbox":[-94.9277056946342,38.7874011853105,-94.9272280952568,38.7874054853694]},{"type":"Feature","geometry":{"type":"LineString","coordinates":[[-94.9205743448022,38.8129198026312],[-94.9205693403918,38.813371065015]]},"properties":{"id":"arcgis-23-2-ada68baab02d775a","sourceId":"arcgis-23-2","source":"Fiber_BackBone \u2014 Fiber Backbone (Approx 31 Miles)","sourceUrl":"https://services5.arcgis.com/Ox3HYmIeiVBmWWrQ/arcgis/rest/services/Fiber_BackBone/FeatureServer/2","name":"Fiber_BackBone \u2014 Fiber Backbone (Approx 31 Miles)","carrier":"Not published","routeStatus":"Unknown","category":"unknown","evidence":"agency_route","dataDate":null,"metadataModified":"2018-05-02T20:09:15+00:00","retrievedAt":"2026-09-18T02:36:49.784947+00:00","networkType":"Published fiber route; network class not specified","serviceability":"Unconfirmed","routeDiversity":"Unconfirmed","states":["KS"]},"bbox":[-94.9205743448022,38.8129198026312,-94.9205693403918,38.813371065015]},{"type":"Feature","geometry":{"type":"LineString","coordinates":[[-94.9205693403918,38.813371065015],[-94.9205737138135,38.8138142423159]]},"properties":{"id":"arcgis-23-2-4dcc3564abd996e5","sourceId":"arcgis-23-2","source":"Fiber_BackBone \u2014 Fiber Backbone (Approx 31 Miles)","sourceUrl":"https://services5.arcgis.com/Ox3HYmIeiVBmWWrQ/arcgis/rest/services/Fiber_BackBone/FeatureServer/2","name":"Fiber_BackBone \u2014 Fiber Backbone (Approx 31 Miles)","carrier":"Not published","routeStatus":"Unknown","category":"unknown","evidence":"agency_route","dataDate":null,"metadataModified":"2018-05-02T20:09:15+00:00","retrievedAt":"2026-09-18T02:36:49.784947+00:00","networkType":"Published fiber route; network class not specified","serviceability":"Unconfirmed","routeDiversity":"Unconfirmed","states":["KS"]},"bbox":[-94.9205737138135,38.813371065015,-94.9205693403918,38.8138142423159]},{"type":"Feature","geometry":{"type":"LineString","coordinates":[[-94.9139010452086,38.818254302499],[-94.9134782931539,38.8182491796496]]},"properties":{"id":"arcgis-23-2-c3b1ed2225b281d3","sourceId":"arcgis-23-2","source":"Fiber_BackBone \u2014 Fiber Backbone (Approx 31 Miles)","sourceUrl":"https://services5.arcgis.com/Ox3HYmIeiVBmWWrQ/arcgis/rest/services/Fiber_BackBone/FeatureServer/2","name":"Fiber_BackBone \u2014 Fiber Backbone (Approx 31 Miles)","carrier":"Not published","routeStatus":"Unknown","category":"unknown","evidence":"agency_route","dataDate":null,"metadataModified":"2018-05-02T20:09:15+00:00","retrievedAt":"2026-09-18T02:36:49.784947+00:00","networkType":"Published fiber route; network class not specified","serviceability":"Unconfirmed","routeDiversity":"Unconfirmed","states":["KS"]},"bbox":[-94.9139010452086,38.8182491796496,-94.9134782931539,38.818254302499]},{"type":"Feature","geometry":{"type":"LineString","coordinates":[[-94.9134782931539,38.8182491796496],[-94.9130483287095,38.8182484191112]]},"properties":{"id":"arcgis-23-2-dd4d371457a7c34d","sourceId":"arcgis-23-2","source":"Fiber_BackBone \u2014 Fiber Backbone (Approx 31 Miles)","sourceUrl":"https://services5.arcgis.com/Ox3HYmIeiVBmWWrQ/arcgis/rest/services/Fiber_BackBone/FeatureServer/2","name":"Fiber_BackBone \u2014 Fiber Backbone (Approx 31 Miles)","carrier":"Not published","routeStatus":"Unknown","category":"unknown","evidence":"agency_route","dataDate":null,"metadataModified":"2018-05-02T20:09:15+00:00","retrievedAt":"2026-09-18T02:36:49.784947+00:00","networkType":"Published fiber route; network class not specified","serviceability":"Unconfirmed","routeDiversity":"Unconfirmed","states":["KS"]},"bbox":[-94.9134782931539,38.8182484191112,-94.9130483287095,38.8182491796496]},{"type":"Feature","geometry":{"type":"LineString","coordinates":[[-94.9130483287095,38.8182484191112],[-94.9126223977328,38.8182540027789]]},"properties":{"id":"arcgis-23-2-33fb55f76b6b6392","sourceId":"arcgis-23-2","source":"Fiber_BackBone \u2014 Fiber Backbone (Approx 31 Miles)","sourceUrl":"https://services5.arcgis.com/Ox3HYmIeiVBmWWrQ/arcgis/rest/services/Fiber_BackBone/FeatureServer/2","name":"Fiber_BackBone \u2014 Fiber Backbone (Approx 31 Miles)","carrier":"Not published","routeStatus":"Unknown","category":"unknown","evidence":"agency_route","dataDate":null,"metadataModified":"2018-05-02T20:09:15+00:00","retrievedAt":"2026-09-18T02:36:49.784947+00:00","networkType":"Published fiber route; network class not specified","serviceability":"Unconfirmed","routeDiversity":"Unconfirmed","states":["KS"]},"bbox":[-94.9130483287095,38.8182484191112,-94.9126223977328,38.8182540027789]},{"type":"Feature","geometry":{"type":"LineString","coordinates":[[-94.9126223977328,38.8182540027789],[-94.9122194145365,38.8182463265395]]},"properties":{"id":"arcgis-23-2-7ea5863275dcbe8a","sourceId":"arcgis-23-2","source":"Fiber_BackBone \u2014 Fiber Backbone (Approx 31 Miles)","sourceUrl":"https://services5.arcgis.com/Ox3HYmIeiVBmWWrQ/arcgis/rest/services/Fiber_BackBone/FeatureServer/2","name":"Fiber_BackBone \u2014 Fiber Backbone (Approx 31 Miles)","carrier":"Not published","routeStatus":"Unknown","category":"unknown","evidence":"agency_route","dataDate":null,"metadataModified":"2018-05-02T20:09:15+00:00","retrievedAt":"2026-09-18T02:36:49.784947+00:00","networkType":"Published fiber route; network class not specified","serviceability":"Unconfirmed","routeDiversity":"Unconfirmed","states":["KS"]},"bbox":[-94.9126223977328,38.8182463265395,-94.9122194145365,38.8182540027789]},{"type":"Feature","geometry":{"type":"LineString","coordinates":[[-94.9122194145365,38.8182463265395],[-94.911785531924,38.8182480931706]]},"properties":{"id":"arcgis-23-2-02c33535d7ff43a4","sourceId":"arcgis-23-2","source":"Fiber_BackBone \u2014 Fiber Backbone (Approx 31 Miles)","sourceUrl":"https://services5.arcgis.com/Ox3HYmIeiVBmWWrQ/arcgis/rest/services/Fiber_BackBone/FeatureServer/2","name":"Fiber_BackBone \u2014 Fiber Backbone (Approx 31 Miles)","carrier":"Not published","routeStatus":"Unknown","category":"unknown","evidence":"agency_route","dataDate":null,"metadataModified":"2018-05-02T20:09:15+00:00","retrievedAt":"2026-09-18T02:36:49.784947+00:00","networkType":"Published fiber route; network class not specified","serviceability":"Unconfirmed","routeDiversity":"Unconfirmed","states":["KS"]},"bbox":[-94.9122194145365,38.8182463265395,-94.911785531924,38.8182480931706]},{"type":"Feature","geometry":{"type":"LineString","coordinates":[[-94.911785531924,38.8182480931706],[-94.9113558451745,38.8182554359121]]},"properties":{"id":"arcgis-23-2-413a423151bfcf3f","sourceId":"arcgis-23-2","source":"Fiber_BackBone \u2014 Fiber Backbone (Approx 31 Miles)","sourceUrl":"https://services5.arcgis.com/Ox3HYmIeiVBmWWrQ/arcgis/rest/services/Fiber_BackBone/FeatureServer/2","name":"Fiber_BackBone \u2014 Fiber Backbone (Approx 31 Miles)","carrier":"Not published","routeStatus":"Unknown","category":"unknown","evidence":"agency_route","dataDate":null,"metadataModified":"2018-05-02T20:09:15+00:00","retrievedAt":"2026-09-18T02:36:49.784947+00:00","networkType":"Published fiber route; network class not specified","serviceability":"Unconfirmed","routeDiversity":"Unconfirmed","states":["KS"]},"bbox":[-94.911785531924,38.8182480931706,-94.9113558451745,38.8182554359121]},{"type":"Feature","geometry":{"type":"LineString","coordinates":[[-94.9113558451745,38.8182554359121],[-94.9109221478503,38.8182425962167]]},"properties":{"id":"arcgis-23-2-fc73f4dcc622cbc6","sourceId":"arcgis-23-2","source":"Fiber_BackBone \u2014 Fiber Backbone (Approx 31 Miles)","sourceUrl":"https://services5.arcgis.com/Ox3HYmIeiVBmWWrQ/arcgis/rest/services/Fiber_BackBone/FeatureServer/2","name":"Fiber_BackBone \u2014 Fiber Backbone (Approx 31 Miles)","carrier":"Not published","routeStatus":"Unknown","category":"unknown","evidence":"agency_route","dataDate":null,"metadataModified":"2018-05-02T20:09:15+00:00","retrievedAt":"2026-09-18T02:36:49.784947+00:00","networkType":"Published fiber route; network class not specified","serviceability":"Unconfirmed","routeDiversity":"Unconfirmed","states":["KS"]},"bbox":[-94.9113558451745,38.8182425962167,-94.9109221478503,38.8182554359121]},{"type":"Feature","geometry":{"type":"LineString","coordinates":[[-94.9109221478503,38.8182425962167],[-94.9104987621653,38.8182410860794]]},"properties":{"id":"arcgis-23-2-718a78a1c4fad6e7","sourceId":"arcgis-23-2","source":"Fiber_BackBone \u2014 Fiber Backbone (Approx 31 Miles)","sourceUrl":"https://services5.arcgis.com/Ox3HYmIeiVBmWWrQ/arcgis/rest/services/Fiber_BackBone/FeatureServer/2","name":"Fiber_BackBone \u2014 Fiber Backbone (Approx 31 Miles)","carrier":"Not published","routeStatus":"Unknown","category":"unknown","evidence":"agency_route","dataDate":null,"metadataModified":"2018-05-02T20:09:15+00:00","retrievedAt":"2026-09-18T02:36:49.784947+00:00","networkType":"Published fiber route; network class not specified","serviceability":"Unconfirmed","routeDiversity":"Unconfirmed","states":["KS"]},"bbox":[-94.9109221478503,38.8182410860794,-94.9104987621653,38.8182425962167]},{"type":"Feature","geometry":{"type":"LineString","coordinates":[[-94.9104987621653,38.8182410860794],[-94.910077694042,38.8182431515152]]},"properties":{"id":"arcgis-23-2-d08db54d01a005a7","sourceId":"arcgis-23-2","source":"Fiber_BackBone \u2014 Fiber Backbone (Approx 31 Miles)","sourceUrl":"https://services5.arcgis.com/Ox3HYmIeiVBmWWrQ/arcgis/rest/services/Fiber_BackBone/FeatureServer/2","name":"Fiber_BackBone \u2014 Fiber Backbone (Approx 31 Miles)","carrier":"Not published","routeStatus":"Unknown","category":"unknown","evidence":"agency_route","dataDate":null,"metadataModified":"2018-05-02T20:09:15+00:00","retrievedAt":"2026-09-18T02:36:49.784947+00:00","networkType":"Published fiber route; network class not specified","serviceability":"Unconfirmed","routeDiversity":"Unconfirmed","states":["KS"]},"bbox":[-94.9104987621653,38.8182410860794,-94.910077694042,38.8182431515152]},{"type":"Feature","geometry":{"type":"LineString","coordinates":[[-94.910077694042,38.8182431515152],[-94.9096474781896,38.8182433360641]]},"properties":{"id":"arcgis-23-2-b8146a522cf10a34","sourceId":"arcgis-23-2","source":"Fiber_BackBone \u2014 Fiber Backbone (Approx 31 Miles)","sourceUrl":"https://services5.arcgis.com/Ox3HYmIeiVBmWWrQ/arcgis/rest/services/Fiber_BackBone/FeatureServer/2","name":"Fiber_BackBone \u2014 Fiber Backbone (Approx 31 Miles)","carrier":"Not published","routeStatus":"Unknown","category":"unknown","evidence":"agency_route","dataDate":null,"metadataModified":"2018-05-02T20:09:15+00:00","retrievedAt":"2026-09-18T02:36:49.784947+00:00","networkType":"Published fiber route; network class not specified","serviceability":"Unconfirmed","routeDiversity":"Unconfirmed","states":["KS"]},"bbox":[-94.910077694042,38.8182431515152,-94.9096474781896,38.8182433360641]},{"type":"Feature","geometry":{"type":"LineString","coordinates":[[-94.9096474781896,38.8182433360641],[-94.9092142287486,38.8182383192597]]},"properties":{"id":"arcgis-23-2-d93f7f54e7088ff0","sourceId":"arcgis-23-2","source":"Fiber_BackBone \u2014 Fiber Backbone (Approx 31 Miles)","sourceUrl":"https://services5.arcgis.com/Ox3HYmIeiVBmWWrQ/arcgis/rest/services/Fiber_BackBone/FeatureServer/2","name":"Fiber_BackBone \u2014 Fiber Backbone (Approx 31 Miles)","carrier":"Not published","routeStatus":"Unknown","category":"unknown","evidence":"agency_route","dataDate":null,"metadataModified":"2018-05-02T20:09:15+00:00","retrievedAt":"2026-09-18T02:36:49.784947+00:00","networkType":"Published fiber route; network class not specified","serviceability":"Unconfirmed","routeDiversity":"Unconfirmed","states":["KS"]},"bbox":[-94.9096474781896,38.8182383192597,-94.9092142287486,38.8182433360641]},{"type":"Feature","geometry":{"type":"LineString","coordinates":[[-94.927478503789,38.8165637721891],[-94.9274762118815,38.8167877689719]]},"properties":{"id":"arcgis-23-2-e724e3bc1cee39f3","sourceId":"arcgis-23-2","source":"Fiber_BackBone \u2014 Fiber Backbone (Approx 31 Miles)","sourceUrl":"https://services5.arcgis.com/Ox3HYmIeiVBmWWrQ/arcgis/rest/services/Fiber_BackBone/FeatureServer/2","name":"Fiber_BackBone \u2014 Fiber Backbone (Approx 31 Miles)","carrier":"Not published","routeStatus":"Unknown","category":"unknown","evidence":"agency_route","dataDate":null,"metadataModified":"2018-05-02T20:09:15+00:00","retrievedAt":"2026-09-18T02:36:49.784947+00:00","networkType":"Published fiber route; network class not specified","serviceability":"Unconfirmed","routeDiversity":"Unconfirmed","states":["KS"]},"bbox":[-94.927478503789,38.8165637721891,-94.9274762118815,38.8167877689719]},{"type":"Feature","geometry":{"type":"LineString","coordinates":[[-94.9274762118815,38.8167877689719],[-94.9274738445421,38.8171623688382]]},"properties":{"id":"arcgis-23-2-b0a3cf167fcd1efd","sourceId":"arcgis-23-2","source":"Fiber_BackBone \u2014 Fiber Backbone (Approx 31 Miles)","sourceUrl":"https://services5.arcgis.com/Ox3HYmIeiVBmWWrQ/arcgis/rest/services/Fiber_BackBone/FeatureServer/2","name":"Fiber_BackBone \u2014 Fiber Backbone (Approx 31 Miles)","carrier":"Not published","routeStatus":"Unknown","category":"unknown","evidence":"agency_route","dataDate":null,"metadataModified":"2018-05-02T20:09:15+00:00","retrievedAt":"2026-09-18T02:36:49.784947+00:00","networkType":"Published fiber route; network class not specified","serviceability":"Unconfirmed","routeDiversity":"Unconfirmed","states":["KS"]},"bbox":[-94.9274762118815,38.8167877689719,-94.9274738445421,38.8171623688382]},{"type":"Feature","geometry":{"type":"LineString","coordinates":[[-94.9274738445421,38.8171623688382],[-94.9274832111531,38.817577869239]]},"properties":{"id":"arcgis-23-2-1749d23040ae64cd","sourceId":"arcgis-23-2","source":"Fiber_BackBone \u2014 Fiber Backbone (Approx 31 Miles)","sourceUrl":"https://services5.arcgis.com/Ox3HYmIeiVBmWWrQ/arcgis/rest/services/Fiber_BackBone/FeatureServer/2","name":"Fiber_BackBone \u2014 Fiber Backbone (Approx 31 Miles)","carrier":"Not published","routeStatus":"Unknown","category":"unknown","evidence":"agency_route","dataDate":null,"metadataModified":"2018-05-02T20:09:15+00:00","retrievedAt":"2026-09-18T02:36:49.784947+00:00","networkType":"Published fiber route; network class not specified","serviceability":"Unconfirmed","routeDiversity":"Unconfirmed","states":["KS"]},"bbox":[-94.9274832111531,38.8171623688382,-94.9274738445421,38.817577869239]},{"type":"Feature","geometry":{"type":"LineString","coordinates":[[-94.8998142820394,38.8041587669102],[-94.8996612018288,38.804141476838]]},"properties":{"id":"arcgis-23-2-d74c4dcffe555834","sourceId":"arcgis-23-2","source":"Fiber_BackBone \u2014 Fiber Backbone (Approx 31 Miles)","sourceUrl":"https://services5.arcgis.com/Ox3HYmIeiVBmWWrQ/arcgis/rest/services/Fiber_BackBone/FeatureServer/2","name":"Fiber_BackBone \u2014 Fiber Backbone (Approx 31 Miles)","carrier":"Not published","routeStatus":"Unknown","category":"unknown","evidence":"agency_route","dataDate":null,"metadataModified":"2018-05-02T20:09:15+00:00","retrievedAt":"2026-09-18T02:36:49.784947+00:00","networkType":"Published fiber route; network class not specified","serviceability":"Unconfirmed","routeDiversity":"Unconfirmed","states":["KS"]},"bbox":[-94.8998142820394,38.804141476838,-94.8996612018288,38.8041587669102]},{"type":"Feature","geometry":{"type":"LineString","coordinates":[[-94.8996612018288,38.804141476838],[-94.8994919855862,38.8041280598174]]},"properties":{"id":"arcgis-23-2-88e3cd2bec47dd43","sourceId":"arcgis-23-2","source":"Fiber_BackBone \u2014 Fiber Backbone (Approx 31 Miles)","sourceUrl":"https://services5.arcgis.com/Ox3HYmIeiVBmWWrQ/arcgis/rest/services/Fiber_BackBone/FeatureServer/2","name":"Fiber_BackBone \u2014 Fiber Backbone (Approx 31 Miles)","carrier":"Not published","routeStatus":"Unknown","category":"unknown","evidence":"agency_route","dataDate":null,"metadataModified":"2018-05-02T20:09:15+00:00","retrievedAt":"2026-09-18T02:36:49.784947+00:00","networkType":"Published fiber route; network class not specified","serviceability":"Unconfirmed","routeDiversity":"Unconfirmed","states":["KS"]},"bbox":[-94.8996612018288,38.8041280598174,-94.8994919855862,38.804141476838]},{"type":"Feature","geometry":{"type":"LineString","coordinates":[[-94.8969561785379,38.804142602502],[-94.8967730121284,38.8041449026432]]},"properties":{"id":"arcgis-23-2-fa126c32b4f0daae","sourceId":"arcgis-23-2","source":"Fiber_BackBone \u2014 Fiber Backbone (Approx 31 Miles)","sourceUrl":"https://services5.arcgis.com/Ox3HYmIeiVBmWWrQ/arcgis/rest/services/Fiber_BackBone/FeatureServer/2","name":"Fiber_BackBone \u2014 Fiber Backbone (Approx 31 Miles)","carrier":"Not published","routeStatus":"Unknown","category":"unknown","evidence":"agency_route","dataDate":null,"metadataModified":"2018-05-02T20:09:15+00:00","retrievedAt":"2026-09-18T02:36:49.784947+00:00","networkType":"Published fiber route; network class not specified","serviceability":"Unconfirmed","routeDiversity":"Unconfirmed","states":["KS"]},"bbox":[-94.8969561785379,38.804142602502,-94.8967730121284,38.8041449026432]},{"type":"Feature","geometry":{"type":"LineString","coordinates":[[-94.8943242283885,38.8059084693598],[-94.8941520954841,38.8060316520518]]},"properties":{"id":"arcgis-23-2-481d7633ced9663a","sourceId":"arcgis-23-2","source":"Fiber_BackBone \u2014 Fiber Backbone (Approx 31 Miles)","sourceUrl":"https://services5.arcgis.com/Ox3HYmIeiVBmWWrQ/arcgis/rest/services/Fiber_BackBone/FeatureServer/2","name":"Fiber_BackBone \u2014 Fiber Backbone (Approx 31 Miles)","carrier":"Not published","routeStatus":"Unknown","category":"unknown","evidence":"agency_route","dataDate":null,"metadataModified":"2018-05-02T20:09:15+00:00","retrievedAt":"2026-09-18T02:36:49.784947+00:00","networkType":"Published fiber route; network class not specified","serviceability":"Unconfirmed","routeDiversity":"Unconfirmed","states":["KS"]},"bbox":[-94.8943242283885,38.8059084693598,-94.8941520954841,38.8060316520518]},{"type":"Feature","geometry":{"type":"LineString","coordinates":[[-94.8941520954841,38.8060316520518],[-94.8940377784793,38.8061094022267]]},"properties":{"id":"arcgis-23-2-ed55e08bc54d7cba","sourceId":"arcgis-23-2","source":"Fiber_BackBone \u2014 Fiber Backbone (Approx 31 Miles)","sourceUrl":"https://services5.arcgis.com/Ox3HYmIeiVBmWWrQ/arcgis/rest/services/Fiber_BackBone/FeatureServer/2","name":"Fiber_BackBone \u2014 Fiber Backbone (Approx 31 Miles)","carrier":"Not published","routeStatus":"Unknown","category":"unknown","evidence":"agency_route","dataDate":null,"metadataModified":"2018-05-02T20:09:15+00:00","retrievedAt":"2026-09-18T02:36:49.784947+00:00","networkType":"Published fiber route; network class not specified","serviceability":"Unconfirmed","routeDiversity":"Unconfirmed","states":["KS"]},"bbox":[-94.8941520954841,38.8060316520518,-94.8940377784793,38.8061094022267]},{"type":"Feature","geometry":{"type":"LineString","coordinates":[[-94.8943242283885,38.8059084693598],[-94.8943197786428,38.8061092295877]]},"properties":{"id":"arcgis-23-2-a78d1621a6bd8d1c","sourceId":"arcgis-23-2","source":"Fiber_BackBone \u2014 Fiber Backbone (Approx 31 Miles)","sourceUrl":"https://services5.arcgis.com/Ox3HYmIeiVBmWWrQ/arcgis/rest/services/Fiber_BackBone/FeatureServer/2","name":"Fiber_BackBone \u2014 Fiber Backbone (Approx 31 Miles)","carrier":"Not published","routeStatus":"Unknown","category":"unknown","evidence":"agency_route","dataDate":null,"metadataModified":"2018-05-02T20:09:15+00:00","retrievedAt":"2026-09-18T02:36:49.784947+00:00","networkType":"Published fiber route; network class not specified","serviceability":"Unconfirmed","routeDiversity":"Unconfirmed","states":["KS"]},"bbox":[-94.8943242283885,38.8059084693598,-94.8943197786428,38.8061092295877]},{"type":"Feature","geometry":{"type":"LineString","coordinates":[[-94.8906581951075,38.8083700022462],[-94.8905211122324,38.8084502361124]]},"properties":{"id":"arcgis-23-2-e99263c259cee9f3","sourceId":"arcgis-23-2","source":"Fiber_BackBone \u2014 Fiber Backbone (Approx 31 Miles)","sourceUrl":"https://services5.arcgis.com/Ox3HYmIeiVBmWWrQ/arcgis/rest/services/Fiber_BackBone/FeatureServer/2","name":"Fiber_BackBone \u2014 Fiber Backbone (Approx 31 Miles)","carrier":"Not published","routeStatus":"Unknown","category":"unknown","evidence":"agency_route","dataDate":null,"metadataModified":"2018-05-02T20:09:15+00:00","retrievedAt":"2026-09-18T02:36:49.784947+00:00","networkType":"Published fiber route; network class not specified","serviceability":"Unconfirmed","routeDiversity":"Unconfirmed","states":["KS"]},"bbox":[-94.8906581951075,38.8083700022462,-94.8905211122324,38.8084502361124]},{"type":"Feature","geometry":{"type":"LineString","coordinates":[[-94.8905211122324,38.8084502361124],[-94.890543477927,38.8085744526996]]},"properties":{"id":"arcgis-23-2-dff481c9acfd9654","sourceId":"arcgis-23-2","source":"Fiber_BackBone \u2014 Fiber Backbone (Approx 31 Miles)","sourceUrl":"https://services5.arcgis.com/Ox3HYmIeiVBmWWrQ/arcgis/rest/services/Fiber_BackBone/FeatureServer/2","name":"Fiber_BackBone \u2014 Fiber Backbone (Approx 31 Miles)","carrier":"Not published","routeStatus":"Unknown","category":"unknown","evidence":"agency_route","dataDate":null,"metadataModified":"2018-05-02T20:09:15+00:00","retrievedAt":"2026-09-18T02:36:49.784947+00:00","networkType":"Published fiber route; network class not specified","serviceability":"Unconfirmed","routeDiversity":"Unconfirmed","states":["KS"]},"bbox":[-94.890543477927,38.8084502361124,-94.8905211122324,38.8085744526996]},{"type":"Feature","geometry":{"type":"LineString","coordinates":[[-94.890543477927,38.8085744526996],[-94.8905421120014,38.8088854858024]]},"properties":{"id":"arcgis-23-2-857ee33a7cf8de2d","sourceId":"arcgis-23-2","source":"Fiber_BackBone \u2014 Fiber Backbone (Approx 31 Miles)","sourceUrl":"https://services5.arcgis.com/Ox3HYmIeiVBmWWrQ/arcgis/rest/services/Fiber_BackBone/FeatureServer/2","name":"Fiber_BackBone \u2014 Fiber Backbone (Approx 31 Miles)","carrier":"Not published","routeStatus":"Unknown","category":"unknown","evidence":"agency_route","dataDate":null,"metadataModified":"2018-05-02T20:09:15+00:00","retrievedAt":"2026-09-18T02:36:49.784947+00:00","networkType":"Published fiber route; network class not specified","serviceability":"Unconfirmed","routeDiversity":"Unconfirmed","states":["KS"]},"bbox":[-94.890543477927,38.8085744526996,-94.8905421120014,38.8088854858024]},{"type":"Feature","geometry":{"type":"LineString","coordinates":[[-94.8905700612661,38.8102241528026],[-94.8906039446801,38.8106471523499]]},"properties":{"id":"arcgis-23-2-2ca7350f445df985","sourceId":"arcgis-23-2","source":"Fiber_BackBone \u2014 Fiber Backbone (Approx 31 Miles)","sourceUrl":"https://services5.arcgis.com/Ox3HYmIeiVBmWWrQ/arcgis/rest/services/Fiber_BackBone/FeatureServer/2","name":"Fiber_BackBone \u2014 Fiber Backbone (Approx 31 Miles)","carrier":"Not published","routeStatus":"Unknown","category":"unknown","evidence":"agency_route","dataDate":null,"metadataModified":"2018-05-02T20:09:15+00:00","retrievedAt":"2026-09-18T02:36:49.784947+00:00","networkType":"Published fiber route; network class not specified","serviceability":"Unconfirmed","routeDiversity":"Unconfirmed","states":["KS"]},"bbox":[-94.8906039446801,38.8102241528026,-94.8905700612661,38.8106471523499]},{"type":"Feature","geometry":{"type":"LineString","coordinates":[[-94.8906814117862,38.8113114856923],[-94.890716297043,38.8115998280947]]},"properties":{"id":"arcgis-23-2-65cf51197059fd66","sourceId":"arcgis-23-2","source":"Fiber_BackBone \u2014 Fiber Backbone (Approx 31 Miles)","sourceUrl":"https://services5.arcgis.com/Ox3HYmIeiVBmWWrQ/arcgis/rest/services/Fiber_BackBone/FeatureServer/2","name":"Fiber_BackBone \u2014 Fiber Backbone (Approx 31 Miles)","carrier":"Not published","routeStatus":"Unknown","category":"unknown","evidence":"agency_route","dataDate":null,"metadataModified":"2018-05-02T20:09:15+00:00","retrievedAt":"2026-09-18T02:36:49.784947+00:00","networkType":"Published fiber route; network class not specified","serviceability":"Unconfirmed","routeDiversity":"Unconfirmed","states":["KS"]},"bbox":[-94.890716297043,38.8113114856923,-94.8906814117862,38.8115998280947]},{"type":"Feature","geometry":{"type":"LineString","coordinates":[[-94.936008489057,38.8111689902573],[-94.9365192370498,38.8111705853119]]},"properties":{"id":"arcgis-23-2-48fa3e40a33ed81f","sourceId":"arcgis-23-2","source":"Fiber_BackBone \u2014 Fiber Backbone (Approx 31 Miles)","sourceUrl":"https://services5.arcgis.com/Ox3HYmIeiVBmWWrQ/arcgis/rest/services/Fiber_BackBone/FeatureServer/2","name":"Fiber_BackBone \u2014 Fiber Backbone (Approx 31 Miles)","carrier":"Not published","routeStatus":"Unknown","category":"unknown","evidence":"agency_route","dataDate":null,"metadataModified":"2018-05-02T20:09:15+00:00","retrievedAt":"2026-09-18T02:36:49.784947+00:00","networkType":"Published fiber route; network class not specified","serviceability":"Unconfirmed","routeDiversity":"Unconfirmed","states":["KS"]},"bbox":[-94.9365192370498,38.8111689902573,-94.936008489057,38.8111705853119]},{"type":"Feature","geometry":{"type":"LineString","coordinates":[[-94.936008489057,38.8111689902573],[-94.9354432101821,38.8111796046438]]},"properties":{"id":"arcgis-23-2-ba198031752fbc25","sourceId":"arcgis-23-2","source":"Fiber_BackBone \u2014 Fiber Backbone (Approx 31 Miles)","sourceUrl":"https://services5.arcgis.com/Ox3HYmIeiVBmWWrQ/arcgis/rest/services/Fiber_BackBone/FeatureServer/2","name":"Fiber_BackBone \u2014 Fiber Backbone (Approx 31 Miles)","carrier":"Not published","routeStatus":"Unknown","category":"unknown","evidence":"agency_route","dataDate":null,"metadataModified":"2018-05-02T20:09:15+00:00","retrievedAt":"2026-09-18T02:36:49.784947+00:00","networkType":"Published fiber route; network class not specified","serviceability":"Unconfirmed","routeDiversity":"Unconfirmed","states":["KS"]},"bbox":[-94.936008489057,38.8111689902573,-94.9354432101821,38.8111796046438]},{"type":"Feature","geometry":{"type":"LineString","coordinates":[[-94.9354432101821,38.8111796046438],[-94.9349835117165,38.8111768686775]]},"properties":{"id":"arcgis-23-2-bd134b330d92b3a5","sourceId":"arcgis-23-2","source":"Fiber_BackBone \u2014 Fiber Backbone (Approx 31 Miles)","sourceUrl":"https://services5.arcgis.com/Ox3HYmIeiVBmWWrQ/arcgis/rest/services/Fiber_BackBone/FeatureServer/2","name":"Fiber_BackBone \u2014 Fiber Backbone (Approx 31 Miles)","carrier":"Not published","routeStatus":"Unknown","category":"unknown","evidence":"agency_route","dataDate":null,"metadataModified":"2018-05-02T20:09:15+00:00","retrievedAt":"2026-09-18T02:36:49.784947+00:00","networkType":"Published fiber route; network class not specified","serviceability":"Unconfirmed","routeDiversity":"Unconfirmed","states":["KS"]},"bbox":[-94.9354432101821,38.8111768686775,-94.9349835117165,38.8111796046438]},{"type":"Feature","geometry":{"type":"LineString","coordinates":[[-94.9343842787864,38.8111793523893],[-94.9338184113927,38.8111846524254]]},"properties":{"id":"arcgis-23-2-0f08ec2044850878","sourceId":"arcgis-23-2","source":"Fiber_BackBone \u2014 Fiber Backbone (Approx 31 Miles)","sourceUrl":"https://services5.arcgis.com/Ox3HYmIeiVBmWWrQ/arcgis/rest/services/Fiber_BackBone/FeatureServer/2","name":"Fiber_BackBone \u2014 Fiber Backbone (Approx 31 Miles)","carrier":"Not published","routeStatus":"Unknown","category":"unknown","evidence":"agency_route","dataDate":null,"metadataModified":"2018-05-02T20:09:15+00:00","retrievedAt":"2026-09-18T02:36:49.784947+00:00","networkType":"Published fiber route; network class not specified","serviceability":"Unconfirmed","routeDiversity":"Unconfirmed","states":["KS"]},"bbox":[-94.9343842787864,38.8111793523893,-94.9338184113927,38.8111846524254]},{"type":"Feature","geometry":{"type":"LineString","coordinates":[[-94.9338184113927,38.8111846524254],[-94.9334262117179,38.8111851187148]]},"properties":{"id":"arcgis-23-2-1bee58500ddce7c6","sourceId":"arcgis-23-2","source":"Fiber_BackBone \u2014 Fiber Backbone (Approx 31 Miles)","sourceUrl":"https://services5.arcgis.com/Ox3HYmIeiVBmWWrQ/arcgis/rest/services/Fiber_BackBone/FeatureServer/2","name":"Fiber_BackBone \u2014 Fiber Backbone (Approx 31 Miles)","carrier":"Not published","routeStatus":"Unknown","category":"unknown","evidence":"agency_route","dataDate":null,"metadataModified":"2018-05-02T20:09:15+00:00","retrievedAt":"2026-09-18T02:36:49.784947+00:00","networkType":"Published fiber route; network class not specified","serviceability":"Unconfirmed","routeDiversity":"Unconfirmed","states":["KS"]},"bbox":[-94.9338184113927,38.8111846524254,-94.9334262117179,38.8111851187148]},{"type":"Feature","geometry":{"type":"LineString","coordinates":[[-94.9311152950764,38.8111735188477],[-94.9309055980034,38.8111711452611]]},"properties":{"id":"arcgis-23-2-5db971d48207a502","sourceId":"arcgis-23-2","source":"Fiber_BackBone \u2014 Fiber Backbone (Approx 31 Miles)","sourceUrl":"https://services5.arcgis.com/Ox3HYmIeiVBmWWrQ/arcgis/rest/services/Fiber_BackBone/FeatureServer/2","name":"Fiber_BackBone \u2014 Fiber Backbone (Approx 31 Miles)","carrier":"Not published","routeStatus":"Unknown","category":"unknown","evidence":"agency_route","dataDate":null,"metadataModified":"2018-05-02T20:09:15+00:00","retrievedAt":"2026-09-18T02:36:49.784947+00:00","networkType":"Published fiber route; network class not specified","serviceability":"Unconfirmed","routeDiversity":"Unconfirmed","states":["KS"]},"bbox":[-94.9311152950764,38.8111711452611,-94.9309055980034,38.8111735188477]},{"type":"Feature","geometry":{"type":"LineString","coordinates":[[-94.9308708785806,38.8111707524252],[-94.9308680286877,38.8107915023993]]},"properties":{"id":"arcgis-23-2-06f3d82398b66daf","sourceId":"arcgis-23-2","source":"Fiber_BackBone \u2014 Fiber Backbone (Approx 31 Miles)","sourceUrl":"https://services5.arcgis.com/Ox3HYmIeiVBmWWrQ/arcgis/rest/services/Fiber_BackBone/FeatureServer/2","name":"Fiber_BackBone \u2014 Fiber Backbone (Approx 31 Miles)","carrier":"Not published","routeStatus":"Unknown","category":"unknown","evidence":"agency_route","dataDate":null,"metadataModified":"2018-05-02T20:09:15+00:00","retrievedAt":"2026-09-18T02:36:49.784947+00:00","networkType":"Published fiber route; network class not specified","serviceability":"Unconfirmed","routeDiversity":"Unconfirmed","states":["KS"]},"bbox":[-94.9308708785806,38.8107915023993,-94.9308680286877,38.8111707524252]},{"type":"Feature","geometry":{"type":"LineString","coordinates":[[-94.9308680286877,38.8107915023993],[-94.9308646115732,38.8104788026987]]},"properties":{"id":"arcgis-23-2-661e5f76ab3a1e80","sourceId":"arcgis-23-2","source":"Fiber_BackBone \u2014 Fiber Backbone (Approx 31 Miles)","sourceUrl":"https://services5.arcgis.com/Ox3HYmIeiVBmWWrQ/arcgis/rest/services/Fiber_BackBone/FeatureServer/2","name":"Fiber_BackBone \u2014 Fiber Backbone (Approx 31 Miles)","carrier":"Not published","routeStatus":"Unknown","category":"unknown","evidence":"agency_route","dataDate":null,"metadataModified":"2018-05-02T20:09:15+00:00","retrievedAt":"2026-09-18T02:36:49.784947+00:00","networkType":"Published fiber route; network class not specified","serviceability":"Unconfirmed","routeDiversity":"Unconfirmed","states":["KS"]},"bbox":[-94.9308680286877,38.8104788026987,-94.9308646115732,38.8107915023993]},{"type":"Feature","geometry":{"type":"LineString","coordinates":[[-94.9308788787477,38.8099673861386],[-94.9308671947845,38.8096041023356]]},"properties":{"id":"arcgis-23-2-d4c7f250632cffa6","sourceId":"arcgis-23-2","source":"Fiber_BackBone \u2014 Fiber Backbone (Approx 31 Miles)","sourceUrl":"https://services5.arcgis.com/Ox3HYmIeiVBmWWrQ/arcgis/rest/services/Fiber_BackBone/FeatureServer/2","name":"Fiber_BackBone \u2014 Fiber Backbone (Approx 31 Miles)","carrier":"Not published","routeStatus":"Unknown","category":"unknown","evidence":"agency_route","dataDate":null,"metadataModified":"2018-05-02T20:09:15+00:00","retrievedAt":"2026-09-18T02:36:49.784947+00:00","networkType":"Published fiber route; network class not specified","serviceability":"Unconfirmed","routeDiversity":"Unconfirmed","states":["KS"]},"bbox":[-94.9308788787477,38.8096041023356,-94.9308671947845,38.8099673861386]},{"type":"Feature","geometry":{"type":"LineString","coordinates":[[-94.9308191498377,38.8081582628578],[-94.9308226948301,38.8085751359666]]},"properties":{"id":"arcgis-23-2-a4368eecd6a8be58","sourceId":"arcgis-23-2","source":"Fiber_BackBone \u2014 Fiber Backbone (Approx 31 Miles)","sourceUrl":"https://services5.arcgis.com/Ox3HYmIeiVBmWWrQ/arcgis/rest/services/Fiber_BackBone/FeatureServer/2","name":"Fiber_BackBone \u2014 Fiber Backbone (Approx 31 Miles)","carrier":"Not published","routeStatus":"Unknown","category":"unknown","evidence":"agency_route","dataDate":null,"metadataModified":"2018-05-02T20:09:15+00:00","retrievedAt":"2026-09-18T02:36:49.784947+00:00","networkType":"Published fiber route; network class not specified","serviceability":"Unconfirmed","routeDiversity":"Unconfirmed","states":["KS"]},"bbox":[-94.9308226948301,38.8081582628578,-94.9308191498377,38.8085751359666]},{"type":"Feature","geometry":{"type":"LineString","coordinates":[[-94.9308226948301,38.8085751359666],[-94.9308315280155,38.8086930359669]]},"properties":{"id":"arcgis-23-2-1aefd89946dbb140","sourceId":"arcgis-23-2","source":"Fiber_BackBone \u2014 Fiber Backbone (Approx 31 Miles)","sourceUrl":"https://services5.arcgis.com/Ox3HYmIeiVBmWWrQ/arcgis/rest/services/Fiber_BackBone/FeatureServer/2","name":"Fiber_BackBone \u2014 Fiber Backbone (Approx 31 Miles)","carrier":"Not published","routeStatus":"Unknown","category":"unknown","evidence":"agency_route","dataDate":null,"metadataModified":"2018-05-02T20:09:15+00:00","retrievedAt":"2026-09-18T02:36:49.784947+00:00","networkType":"Published fiber route; network class not specified","serviceability":"Unconfirmed","routeDiversity":"Unconfirmed","states":["KS"]},"bbox":[-94.9308315280155,38.8085751359666,-94.9308226948301,38.8086930359669]},{"type":"Feature","geometry":{"type":"LineString","coordinates":[[-94.9308315280155,38.8086930359669],[-94.9308409370921,38.8090954639069]]},"properties":{"id":"arcgis-23-2-bfa322246110f9ab","sourceId":"arcgis-23-2","source":"Fiber_BackBone \u2014 Fiber Backbone (Approx 31 Miles)","sourceUrl":"https://services5.arcgis.com/Ox3HYmIeiVBmWWrQ/arcgis/rest/services/Fiber_BackBone/FeatureServer/2","name":"Fiber_BackBone \u2014 Fiber Backbone (Approx 31 Miles)","carrier":"Not published","routeStatus":"Unknown","category":"unknown","evidence":"agency_route","dataDate":null,"metadataModified":"2018-05-02T20:09:15+00:00","retrievedAt":"2026-09-18T02:36:49.784947+00:00","networkType":"Published fiber route; network class not specified","serviceability":"Unconfirmed","routeDiversity":"Unconfirmed","states":["KS"]},"bbox":[-94.9308409370921,38.8086930359669,-94.9308315280155,38.8090954639069]},{"type":"Feature","geometry":{"type":"LineString","coordinates":[[-94.930825191772,38.8078144863593],[-94.9308191498377,38.8081582628578]]},"properties":{"id":"arcgis-23-2-06006a67e150e041","sourceId":"arcgis-23-2","source":"Fiber_BackBone \u2014 Fiber Backbone (Approx 31 Miles)","sourceUrl":"https://services5.arcgis.com/Ox3HYmIeiVBmWWrQ/arcgis/rest/services/Fiber_BackBone/FeatureServer/2","name":"Fiber_BackBone \u2014 Fiber Backbone (Approx 31 Miles)","carrier":"Not published","routeStatus":"Unknown","category":"unknown","evidence":"agency_route","dataDate":null,"metadataModified":"2018-05-02T20:09:15+00:00","retrievedAt":"2026-09-18T02:36:49.784947+00:00","networkType":"Published fiber route; network class not specified","serviceability":"Unconfirmed","routeDiversity":"Unconfirmed","states":["KS"]},"bbox":[-94.930825191772,38.8078144863593,-94.9308191498377,38.8081582628578]},{"type":"Feature","geometry":{"type":"LineString","coordinates":[[-94.890716297043,38.8115998280947],[-94.8909367951822,38.8115949853164]]},"properties":{"id":"arcgis-23-2-92c4f3c6ba1d4986","sourceId":"arcgis-23-2","source":"Fiber_BackBone \u2014 Fiber Backbone (Approx 31 Miles)","sourceUrl":"https://services5.arcgis.com/Ox3HYmIeiVBmWWrQ/arcgis/rest/services/Fiber_BackBone/FeatureServer/2","name":"Fiber_BackBone \u2014 Fiber Backbone (Approx 31 Miles)","carrier":"Not published","routeStatus":"Unknown","category":"unknown","evidence":"agency_route","dataDate":null,"metadataModified":"2018-05-02T20:09:15+00:00","retrievedAt":"2026-09-18T02:36:49.784947+00:00","networkType":"Published fiber route; network class not specified","serviceability":"Unconfirmed","routeDiversity":"Unconfirmed","states":["KS"]},"bbox":[-94.8909367951822,38.8115949853164,-94.890716297043,38.8115998280947]},{"type":"Feature","geometry":{"type":"LineString","coordinates":[[-94.8915645451617,38.8115975189226],[-94.8920842619921,38.8115995861311]]},"properties":{"id":"arcgis-23-2-41427fc2952e9038","sourceId":"arcgis-23-2","source":"Fiber_BackBone \u2014 Fiber Backbone (Approx 31 Miles)","sourceUrl":"https://services5.arcgis.com/Ox3HYmIeiVBmWWrQ/arcgis/rest/services/Fiber_BackBone/FeatureServer/2","name":"Fiber_BackBone \u2014 Fiber Backbone (Approx 31 Miles)","carrier":"Not published","routeStatus":"Unknown","category":"unknown","evidence":"agency_route","dataDate":null,"metadataModified":"2018-05-02T20:09:15+00:00","retrievedAt":"2026-09-18T02:36:49.784947+00:00","networkType":"Published fiber route; network class not specified","serviceability":"Unconfirmed","routeDiversity":"Unconfirmed","states":["KS"]},"bbox":[-94.8920842619921,38.8115975189226,-94.8915645451617,38.8115995861311]},{"type":"Feature","geometry":{"type":"LineString","coordinates":[[-94.892924311633,38.8115775857618],[-94.8934177115154,38.811696385801]]},"properties":{"id":"arcgis-23-2-b18abd437ea946ea","sourceId":"arcgis-23-2","source":"Fiber_BackBone \u2014 Fiber Backbone (Approx 31 Miles)","sourceUrl":"https://services5.arcgis.com/Ox3HYmIeiVBmWWrQ/arcgis/rest/services/Fiber_BackBone/FeatureServer/2","name":"Fiber_BackBone \u2014 Fiber Backbone (Approx 31 Miles)","carrier":"Not published","routeStatus":"Unknown","category":"unknown","evidence":"agency_route","dataDate":null,"metadataModified":"2018-05-02T20:09:15+00:00","retrievedAt":"2026-09-18T02:36:49.784947+00:00","networkType":"Published fiber route; network class not specified","serviceability":"Unconfirmed","routeDiversity":"Unconfirmed","states":["KS"]},"bbox":[-94.8934177115154,38.8115775857618,-94.892924311633,38.811696385801]},{"type":"Feature","geometry":{"type":"LineString","coordinates":[[-94.8934177115154,38.811696385801],[-94.8939317452204,38.8118019353164]]},"properties":{"id":"arcgis-23-2-3df857af50611cbb","sourceId":"arcgis-23-2","source":"Fiber_BackBone \u2014 Fiber Backbone (Approx 31 Miles)","sourceUrl":"https://services5.arcgis.com/Ox3HYmIeiVBmWWrQ/arcgis/rest/services/Fiber_BackBone/FeatureServer/2","name":"Fiber_BackBone \u2014 Fiber Backbone (Approx 31 Miles)","carrier":"Not published","routeStatus":"Unknown","category":"unknown","evidence":"agency_route","dataDate":null,"metadataModified":"2018-05-02T20:09:15+00:00","retrievedAt":"2026-09-18T02:36:49.784947+00:00","networkType":"Published fiber route; network class not specified","serviceability":"Unconfirmed","routeDiversity":"Unconfirmed","states":["KS"]},"bbox":[-94.8939317452204,38.811696385801,-94.8934177115154,38.8118019353164]},{"type":"Feature","geometry":{"type":"LineString","coordinates":[[-94.8939317452204,38.8118019353164],[-94.8944278613044,38.8119147693634]]},"properties":{"id":"arcgis-23-2-c174756852e943c8","sourceId":"arcgis-23-2","source":"Fiber_BackBone \u2014 Fiber Backbone (Approx 31 Miles)","sourceUrl":"https://services5.arcgis.com/Ox3HYmIeiVBmWWrQ/arcgis/rest/services/Fiber_BackBone/FeatureServer/2","name":"Fiber_BackBone \u2014 Fiber Backbone (Approx 31 Miles)","carrier":"Not published","routeStatus":"Unknown","category":"unknown","evidence":"agency_route","dataDate":null,"metadataModified":"2018-05-02T20:09:15+00:00","retrievedAt":"2026-09-18T02:36:49.784947+00:00","networkType":"Published fiber route; network class not specified","serviceability":"Unconfirmed","routeDiversity":"Unconfirmed","states":["KS"]},"bbox":[-94.8944278613044,38.8118019353164,-94.8939317452204,38.8119147693634]},{"type":"Feature","geometry":{"type":"LineString","coordinates":[[-94.8954483281557,38.8124286686398],[-94.8958046121729,38.8126919521246]]},"properties":{"id":"arcgis-23-2-c67b9f9eb0ebedbb","sourceId":"arcgis-23-2","source":"Fiber_BackBone \u2014 Fiber Backbone (Approx 31 Miles)","sourceUrl":"https://services5.arcgis.com/Ox3HYmIeiVBmWWrQ/arcgis/rest/services/Fiber_BackBone/FeatureServer/2","name":"Fiber_BackBone \u2014 Fiber Backbone (Approx 31 Miles)","carrier":"Not published","routeStatus":"Unknown","category":"unknown","evidence":"agency_route","dataDate":null,"metadataModified":"2018-05-02T20:09:15+00:00","retrievedAt":"2026-09-18T02:36:49.784947+00:00","networkType":"Published fiber route; network class not specified","serviceability":"Unconfirmed","routeDiversity":"Unconfirmed","states":["KS"]},"bbox":[-94.8958046121729,38.8124286686398,-94.8954483281557,38.8126919521246]},{"type":"Feature","geometry":{"type":"LineString","coordinates":[[-94.8958046121729,38.8126919521246],[-94.8961601953546,38.8129535688773]]},"properties":{"id":"arcgis-23-2-9592653536150658","sourceId":"arcgis-23-2","source":"Fiber_BackBone \u2014 Fiber Backbone (Approx 31 Miles)","sourceUrl":"https://services5.arcgis.com/Ox3HYmIeiVBmWWrQ/arcgis/rest/services/Fiber_BackBone/FeatureServer/2","name":"Fiber_BackBone \u2014 Fiber Backbone (Approx 31 Miles)","carrier":"Not published","routeStatus":"Unknown","category":"unknown","evidence":"agency_route","dataDate":null,"metadataModified":"2018-05-02T20:09:15+00:00","retrievedAt":"2026-09-18T02:36:49.784947+00:00","networkType":"Published fiber route; network class not specified","serviceability":"Unconfirmed","routeDiversity":"Unconfirmed","states":["KS"]},"bbox":[-94.8961601953546,38.8126919521246,-94.8958046121729,38.8129535688773]},{"type":"Feature","geometry":{"type":"LineString","coordinates":[[-94.8961601953546,38.8129535688773],[-94.8965269117253,38.8132169856451]]},"properties":{"id":"arcgis-23-2-a46c355d0c343a67","sourceId":"arcgis-23-2","source":"Fiber_BackBone \u2014 Fiber Backbone (Approx 31 Miles)","sourceUrl":"https://services5.arcgis.com/Ox3HYmIeiVBmWWrQ/arcgis/rest/services/Fiber_BackBone/FeatureServer/2","name":"Fiber_BackBone \u2014 Fiber Backbone (Approx 31 Miles)","carrier":"Not published","routeStatus":"Unknown","category":"unknown","evidence":"agency_route","dataDate":null,"metadataModified":"2018-05-02T20:09:15+00:00","retrievedAt":"2026-09-18T02:36:49.784947+00:00","networkType":"Published fiber route; network class not specified","serviceability":"Unconfirmed","routeDiversity":"Unconfirmed","states":["KS"]},"bbox":[-94.8965269117253,38.8129535688773,-94.8961601953546,38.8132169856451]},{"type":"Feature","geometry":{"type":"LineString","coordinates":[[-94.8965269117253,38.8132169856451],[-94.8966553613405,38.8132228187613]]},"properties":{"id":"arcgis-23-2-9934cab3389119b0","sourceId":"arcgis-23-2","source":"Fiber_BackBone \u2014 Fiber Backbone (Approx 31 Miles)","sourceUrl":"https://services5.arcgis.com/Ox3HYmIeiVBmWWrQ/arcgis/rest/services/Fiber_BackBone/FeatureServer/2","name":"Fiber_BackBone \u2014 Fiber Backbone (Approx 31 Miles)","carrier":"Not published","routeStatus":"Unknown","category":"unknown","evidence":"agency_route","dataDate":null,"metadataModified":"2018-05-02T20:09:15+00:00","retrievedAt":"2026-09-18T02:36:49.784947+00:00","networkType":"Published fiber route; network class not specified","serviceability":"Unconfirmed","routeDiversity":"Unconfirmed","states":["KS"]},"bbox":[-94.8966553613405,38.8132169856451,-94.8965269117253,38.8132228187613]},{"type":"Feature","geometry":{"type":"LineString","coordinates":[[-94.8966553613405,38.8132228187613],[-94.8970318947325,38.8131497352895]]},"properties":{"id":"arcgis-23-2-8b5a04c988daa4f8","sourceId":"arcgis-23-2","source":"Fiber_BackBone \u2014 Fiber Backbone (Approx 31 Miles)","sourceUrl":"https://services5.arcgis.com/Ox3HYmIeiVBmWWrQ/arcgis/rest/services/Fiber_BackBone/FeatureServer/2","name":"Fiber_BackBone \u2014 Fiber Backbone (Approx 31 Miles)","carrier":"Not published","routeStatus":"Unknown","category":"unknown","evidence":"agency_route","dataDate":null,"metadataModified":"2018-05-02T20:09:15+00:00","retrievedAt":"2026-09-18T02:36:49.784947+00:00","networkType":"Published fiber route; network class not specified","serviceability":"Unconfirmed","routeDiversity":"Unconfirmed","states":["KS"]},"bbox":[-94.8970318947325,38.8131497352895,-94.8966553613405,38.8132228187613]},{"type":"Feature","geometry":{"type":"LineString","coordinates":[[-94.8970318947325,38.8131497352895],[-94.8973540954106,38.8130346023759]]},"properties":{"id":"arcgis-23-2-efb35d9cc4fe1c5c","sourceId":"arcgis-23-2","source":"Fiber_BackBone \u2014 Fiber Backbone (Approx 31 Miles)","sourceUrl":"https://services5.arcgis.com/Ox3HYmIeiVBmWWrQ/arcgis/rest/services/Fiber_BackBone/FeatureServer/2","name":"Fiber_BackBone \u2014 Fiber Backbone (Approx 31 Miles)","carrier":"Not published","routeStatus":"Unknown","category":"unknown","evidence":"agency_route","dataDate":null,"metadataModified":"2018-05-02T20:09:15+00:00","retrievedAt":"2026-09-18T02:36:49.784947+00:00","networkType":"Published fiber route; network class not specified","serviceability":"Unconfirmed","routeDiversity":"Unconfirmed","states":["KS"]},"bbox":[-94.8973540954106,38.8130346023759,-94.8970318947325,38.8131497352895]},{"type":"Feature","geometry":{"type":"LineString","coordinates":[[-94.8973540954106,38.8130346023759],[-94.8977324783947,38.8128664688624]]},"properties":{"id":"arcgis-23-2-d72b08943f860c31","sourceId":"arcgis-23-2","source":"Fiber_BackBone \u2014 Fiber Backbone (Approx 31 Miles)","sourceUrl":"https://services5.arcgis.com/Ox3HYmIeiVBmWWrQ/arcgis/rest/services/Fiber_BackBone/FeatureServer/2","name":"Fiber_BackBone \u2014 Fiber Backbone (Approx 31 Miles)","carrier":"Not published","routeStatus":"Unknown","category":"unknown","evidence":"agency_route","dataDate":null,"metadataModified":"2018-05-02T20:09:15+00:00","retrievedAt":"2026-09-18T02:36:49.784947+00:00","networkType":"Published fiber route; network class not specified","serviceability":"Unconfirmed","routeDiversity":"Unconfirmed","states":["KS"]},"bbox":[-94.8977324783947,38.8128664688624,-94.8973540954106,38.8130346023759]},{"type":"Feature","geometry":{"type":"LineString","coordinates":[[-94.8942601284736,38.8102178693702],[-94.8943293287883,38.8100947525104]]},"properties":{"id":"arcgis-23-2-07c2ef0b264b3c5d","sourceId":"arcgis-23-2","source":"Fiber_BackBone \u2014 Fiber Backbone (Approx 31 Miles)","sourceUrl":"https://services5.arcgis.com/Ox3HYmIeiVBmWWrQ/arcgis/rest/services/Fiber_BackBone/FeatureServer/2","name":"Fiber_BackBone \u2014 Fiber Backbone (Approx 31 Miles)","carrier":"Not published","routeStatus":"Unknown","category":"unknown","evidence":"agency_route","dataDate":null,"metadataModified":"2018-05-02T20:09:15+00:00","retrievedAt":"2026-09-18T02:36:49.784947+00:00","networkType":"Published fiber route; network class not specified","serviceability":"Unconfirmed","routeDiversity":"Unconfirmed","states":["KS"]},"bbox":[-94.8943293287883,38.8100947525104,-94.8942601284736,38.8102178693702]},{"type":"Feature","geometry":{"type":"LineString","coordinates":[[-94.9319132280668,38.7874405772919],[-94.9320577019555,38.7874431640871]]},"properties":{"id":"arcgis-23-2-2cfc9c7f9117cf46","sourceId":"arcgis-23-2","source":"Fiber_BackBone \u2014 Fiber Backbone (Approx 31 Miles)","sourceUrl":"https://services5.arcgis.com/Ox3HYmIeiVBmWWrQ/arcgis/rest/services/Fiber_BackBone/FeatureServer/2","name":"Fiber_BackBone \u2014 Fiber Backbone (Approx 31 Miles)","carrier":"Not published","routeStatus":"Unknown","category":"unknown","evidence":"agency_route","dataDate":null,"metadataModified":"2018-05-02T20:09:15+00:00","retrievedAt":"2026-09-18T02:36:49.784947+00:00","networkType":"Published fiber route; network class not specified","serviceability":"Unconfirmed","routeDiversity":"Unconfirmed","states":["KS"]},"bbox":[-94.9320577019555,38.7874405772919,-94.9319132280668,38.7874431640871]},{"type":"Feature","geometry":{"type":"LineString","coordinates":[[-94.9256821081811,38.779920428828],[-94.9259648439185,38.7802960509918]]},"properties":{"id":"arcgis-23-2-ec8cea29ff40eefc","sourceId":"arcgis-23-2","source":"Fiber_BackBone \u2014 Fiber Backbone (Approx 31 Miles)","sourceUrl":"https://services5.arcgis.com/Ox3HYmIeiVBmWWrQ/arcgis/rest/services/Fiber_BackBone/FeatureServer/2","name":"Fiber_BackBone \u2014 Fiber Backbone (Approx 31 Miles)","carrier":"Not published","routeStatus":"Unknown","category":"unknown","evidence":"agency_route","dataDate":null,"metadataModified":"2018-05-02T20:09:15+00:00","retrievedAt":"2026-09-18T02:36:49.784947+00:00","networkType":"Published fiber route; network class not specified","serviceability":"Unconfirmed","routeDiversity":"Unconfirmed","states":["KS"]},"bbox":[-94.9259648439185,38.779920428828,-94.9256821081811,38.7802960509918]},{"type":"Feature","geometry":{"type":"LineString","coordinates":[[-94.92596515979,38.7802952995607],[-94.925701959767,38.7806119164748]]},"properties":{"id":"arcgis-23-2-71c56e698721e9cf","sourceId":"arcgis-23-2","source":"Fiber_BackBone \u2014 Fiber Backbone (Approx 31 Miles)","sourceUrl":"https://services5.arcgis.com/Ox3HYmIeiVBmWWrQ/arcgis/rest/services/Fiber_BackBone/FeatureServer/2","name":"Fiber_BackBone \u2014 Fiber Backbone (Approx 31 Miles)","carrier":"Not published","routeStatus":"Unknown","category":"unknown","evidence":"agency_route","dataDate":null,"metadataModified":"2018-05-02T20:09:15+00:00","retrievedAt":"2026-09-18T02:36:49.784947+00:00","networkType":"Published fiber route; network class not specified","serviceability":"Unconfirmed","routeDiversity":"Unconfirmed","states":["KS"]},"bbox":[-94.92596515979,38.7802952995607,-94.925701959767,38.7806119164748]},{"type":"Feature","geometry":{"type":"LineString","coordinates":[[-94.9274832111531,38.817577869239],[-94.9274760950745,38.8179897186804]]},"properties":{"id":"arcgis-23-2-1eb3a3c3d183f685","sourceId":"arcgis-23-2","source":"Fiber_BackBone \u2014 Fiber Backbone (Approx 31 Miles)","sourceUrl":"https://services5.arcgis.com/Ox3HYmIeiVBmWWrQ/arcgis/rest/services/Fiber_BackBone/FeatureServer/2","name":"Fiber_BackBone \u2014 Fiber Backbone (Approx 31 Miles)","carrier":"Not published","routeStatus":"Unknown","category":"unknown","evidence":"agency_route","dataDate":null,"metadataModified":"2018-05-02T20:09:15+00:00","retrievedAt":"2026-09-18T02:36:49.784947+00:00","networkType":"Published fiber route; network class not specified","serviceability":"Unconfirmed","routeDiversity":"Unconfirmed","states":["KS"]},"bbox":[-94.9274832111531,38.817577869239,-94.9274760950745,38.8179897186804]},{"type":"Feature","geometry":{"type":"LineString","coordinates":[[-94.9274760950745,38.8179897186804],[-94.9274695111533,38.8183692522382]]},"properties":{"id":"arcgis-23-2-018031471e02b762","sourceId":"arcgis-23-2","source":"Fiber_BackBone \u2014 Fiber Backbone (Approx 31 Miles)","sourceUrl":"https://services5.arcgis.com/Ox3HYmIeiVBmWWrQ/arcgis/rest/services/Fiber_BackBone/FeatureServer/2","name":"Fiber_BackBone \u2014 Fiber Backbone (Approx 31 Miles)","carrier":"Not published","routeStatus":"Unknown","category":"unknown","evidence":"agency_route","dataDate":null,"metadataModified":"2018-05-02T20:09:15+00:00","retrievedAt":"2026-09-18T02:36:49.784947+00:00","networkType":"Published fiber route; network class not specified","serviceability":"Unconfirmed","routeDiversity":"Unconfirmed","states":["KS"]},"bbox":[-94.9274760950745,38.8179897186804,-94.9274695111533,38.8183692522382]},{"type":"Feature","geometry":{"type":"LineString","coordinates":[[-94.9274695111533,38.8183692522382],[-94.9274661336261,38.8185968922204]]},"properties":{"id":"arcgis-23-2-82497eb99dd9f907","sourceId":"arcgis-23-2","source":"Fiber_BackBone \u2014 Fiber Backbone (Approx 31 Miles)","sourceUrl":"https://services5.arcgis.com/Ox3HYmIeiVBmWWrQ/arcgis/rest/services/Fiber_BackBone/FeatureServer/2","name":"Fiber_BackBone \u2014 Fiber Backbone (Approx 31 Miles)","carrier":"Not published","routeStatus":"Unknown","category":"unknown","evidence":"agency_route","dataDate":null,"metadataModified":"2018-05-02T20:09:15+00:00","retrievedAt":"2026-09-18T02:36:49.784947+00:00","networkType":"Published fiber route; network class not specified","serviceability":"Unconfirmed","routeDiversity":"Unconfirmed","states":["KS"]},"bbox":[-94.9274695111533,38.8183692522382,-94.9274661336261,38.8185968922204]},{"type":"Feature","geometry":{"type":"LineString","coordinates":[[-94.9274238447014,38.8221131359943],[-94.9274077785906,38.8225398856541]]},"properties":{"id":"arcgis-23-2-e96ec1d2d12a8a72","sourceId":"arcgis-23-2","source":"Fiber_BackBone \u2014 Fiber Backbone (Approx 31 Miles)","sourceUrl":"https://services5.arcgis.com/Ox3HYmIeiVBmWWrQ/arcgis/rest/services/Fiber_BackBone/FeatureServer/2","name":"Fiber_BackBone \u2014 Fiber Backbone (Approx 31 Miles)","carrier":"Not published","routeStatus":"Unknown","category":"unknown","evidence":"agency_route","dataDate":null,"metadataModified":"2018-05-02T20:09:15+00:00","retrievedAt":"2026-09-18T02:36:49.784947+00:00","networkType":"Published fiber route; network class not specified","serviceability":"Unconfirmed","routeDiversity":"Unconfirmed","states":["KS"]},"bbox":[-94.9274238447014,38.8221131359943,-94.9274077785906,38.8225398856541]},{"type":"Feature","geometry":{"type":"LineString","coordinates":[[-94.9273995615897,38.8231112358778],[-94.9273863281226,38.8235267859356]]},"properties":{"id":"arcgis-23-2-70d8a7e95a521791","sourceId":"arcgis-23-2","source":"Fiber_BackBone \u2014 Fiber Backbone (Approx 31 Miles)","sourceUrl":"https://services5.arcgis.com/Ox3HYmIeiVBmWWrQ/arcgis/rest/services/Fiber_BackBone/FeatureServer/2","name":"Fiber_BackBone \u2014 Fiber Backbone (Approx 31 Miles)","carrier":"Not published","routeStatus":"Unknown","category":"unknown","evidence":"agency_route","dataDate":null,"metadataModified":"2018-05-02T20:09:15+00:00","retrievedAt":"2026-09-18T02:36:49.784947+00:00","networkType":"Published fiber route; network class not specified","serviceability":"Unconfirmed","routeDiversity":"Unconfirmed","states":["KS"]},"bbox":[-94.9273995615897,38.8231112358778,-94.9273863281226,38.8235267859356]},{"type":"Feature","geometry":{"type":"LineString","coordinates":[[-94.9273863281226,38.8235267859356],[-94.927370227831,38.8239382191786]]},"properties":{"id":"arcgis-23-2-07940b8439c4b489","sourceId":"arcgis-23-2","source":"Fiber_BackBone \u2014 Fiber Backbone (Approx 31 Miles)","sourceUrl":"https://services5.arcgis.com/Ox3HYmIeiVBmWWrQ/arcgis/rest/services/Fiber_BackBone/FeatureServer/2","name":"Fiber_BackBone \u2014 Fiber Backbone (Approx 31 Miles)","carrier":"Not published","routeStatus":"Unknown","category":"unknown","evidence":"agency_route","dataDate":null,"metadataModified":"2018-05-02T20:09:15+00:00","retrievedAt":"2026-09-18T02:36:49.784947+00:00","networkType":"Published fiber route; network class not specified","serviceability":"Unconfirmed","routeDiversity":"Unconfirmed","states":["KS"]},"bbox":[-94.9273863281226,38.8235267859356,-94.927370227831,38.8239382191786]},{"type":"Feature","geometry":{"type":"LineString","coordinates":[[-94.9273356113205,38.8254852021906],[-94.9273276453024,38.8257085020342]]},"properties":{"id":"arcgis-23-2-919622549e812dd8","sourceId":"arcgis-23-2","source":"Fiber_BackBone \u2014 Fiber Backbone (Approx 31 Miles)","sourceUrl":"https://services5.arcgis.com/Ox3HYmIeiVBmWWrQ/arcgis/rest/services/Fiber_BackBone/FeatureServer/2","name":"Fiber_BackBone \u2014 Fiber Backbone (Approx 31 Miles)","carrier":"Not published","routeStatus":"Unknown","category":"unknown","evidence":"agency_route","dataDate":null,"metadataModified":"2018-05-02T20:09:15+00:00","retrievedAt":"2026-09-18T02:36:49.784947+00:00","networkType":"Published fiber route; network class not specified","serviceability":"Unconfirmed","routeDiversity":"Unconfirmed","states":["KS"]},"bbox":[-94.9273356113205,38.8254852021906,-94.9273276453024,38.8257085020342]},{"type":"Feature","geometry":{"type":"LineString","coordinates":[[-94.9343836787507,38.8117290688648],[-94.9343805614125,38.8114727190972]]},"properties":{"id":"arcgis-23-2-782ae55ea05650c5","sourceId":"arcgis-23-2","source":"Fiber_BackBone \u2014 Fiber Backbone (Approx 31 Miles)","sourceUrl":"https://services5.arcgis.com/Ox3HYmIeiVBmWWrQ/arcgis/rest/services/Fiber_BackBone/FeatureServer/2","name":"Fiber_BackBone \u2014 Fiber Backbone (Approx 31 Miles)","carrier":"Not published","routeStatus":"Unknown","category":"unknown","evidence":"agency_route","dataDate":null,"metadataModified":"2018-05-02T20:09:15+00:00","retrievedAt":"2026-09-18T02:36:49.784947+00:00","networkType":"Published fiber route; network class not specified","serviceability":"Unconfirmed","routeDiversity":"Unconfirmed","states":["KS"]},"bbox":[-94.9343836787507,38.8114727190972,-94.9343805614125,38.8117290688648]},{"type":"Feature","geometry":{"type":"LineString","coordinates":[[-94.9343805614125,38.8114727190972],[-94.9343842787864,38.8111793523893]]},"properties":{"id":"arcgis-23-2-f39c1c6062b6547d","sourceId":"arcgis-23-2","source":"Fiber_BackBone \u2014 Fiber Backbone (Approx 31 Miles)","sourceUrl":"https://services5.arcgis.com/Ox3HYmIeiVBmWWrQ/arcgis/rest/services/Fiber_BackBone/FeatureServer/2","name":"Fiber_BackBone \u2014 Fiber Backbone (Approx 31 Miles)","carrier":"Not published","routeStatus":"Unknown","category":"unknown","evidence":"agency_route","dataDate":null,"metadataModified":"2018-05-02T20:09:15+00:00","retrievedAt":"2026-09-18T02:36:49.784947+00:00","networkType":"Published fiber route; network class not specified","serviceability":"Unconfirmed","routeDiversity":"Unconfirmed","states":["KS"]},"bbox":[-94.9343842787864,38.8111793523893,-94.9343805614125,38.8114727190972]},{"type":"Feature","geometry":{"type":"LineString","coordinates":[[-94.8883465618326,38.8123001859679],[-94.8883340283405,38.8126078687444]]},"properties":{"id":"arcgis-23-2-502b9afc4ffdaf6f","sourceId":"arcgis-23-2","source":"Fiber_BackBone \u2014 Fiber Backbone (Approx 31 Miles)","sourceUrl":"https://services5.arcgis.com/Ox3HYmIeiVBmWWrQ/arcgis/rest/services/Fiber_BackBone/FeatureServer/2","name":"Fiber_BackBone \u2014 Fiber Backbone (Approx 31 Miles)","carrier":"Not published","routeStatus":"Unknown","category":"unknown","evidence":"agency_route","dataDate":null,"metadataModified":"2018-05-02T20:09:15+00:00","retrievedAt":"2026-09-18T02:36:49.784947+00:00","networkType":"Published fiber route; network class not specified","serviceability":"Unconfirmed","routeDiversity":"Unconfirmed","states":["KS"]},"bbox":[-94.8883465618326,38.8123001859679,-94.8883340283405,38.8126078687444]},{"type":"Feature","geometry":{"type":"LineString","coordinates":[[-94.8883229278842,38.8142496021493],[-94.8883204451802,38.8146984189652]]},"properties":{"id":"arcgis-23-2-db617632e07714f7","sourceId":"arcgis-23-2","source":"Fiber_BackBone \u2014 Fiber Backbone (Approx 31 Miles)","sourceUrl":"https://services5.arcgis.com/Ox3HYmIeiVBmWWrQ/arcgis/rest/services/Fiber_BackBone/FeatureServer/2","name":"Fiber_BackBone \u2014 Fiber Backbone (Approx 31 Miles)","carrier":"Not published","routeStatus":"Unknown","category":"unknown","evidence":"agency_route","dataDate":null,"metadataModified":"2018-05-02T20:09:15+00:00","retrievedAt":"2026-09-18T02:36:49.784947+00:00","networkType":"Published fiber route; network class not specified","serviceability":"Unconfirmed","routeDiversity":"Unconfirmed","states":["KS"]},"bbox":[-94.8883229278842,38.8142496021493,-94.8883204451802,38.8146984189652]},{"type":"Feature","geometry":{"type":"LineString","coordinates":[[-94.8883204451802,38.8146984189652],[-94.8883216280025,38.8148072688535]]},"properties":{"id":"arcgis-23-2-e12691c4e92a3818","sourceId":"arcgis-23-2","source":"Fiber_BackBone \u2014 Fiber Backbone (Approx 31 Miles)","sourceUrl":"https://services5.arcgis.com/Ox3HYmIeiVBmWWrQ/arcgis/rest/services/Fiber_BackBone/FeatureServer/2","name":"Fiber_BackBone \u2014 Fiber Backbone (Approx 31 Miles)","carrier":"Not published","routeStatus":"Unknown","category":"unknown","evidence":"agency_route","dataDate":null,"metadataModified":"2018-05-02T20:09:15+00:00","retrievedAt":"2026-09-18T02:36:49.784947+00:00","networkType":"Published fiber route; network class not specified","serviceability":"Unconfirmed","routeDiversity":"Unconfirmed","states":["KS"]},"bbox":[-94.8883216280025,38.8146984189652,-94.8883204451802,38.8148072688535]},{"type":"Feature","geometry":{"type":"LineString","coordinates":[[-94.8863675611761,38.8154655522055],[-94.8864239951613,38.8155606021435]]},"properties":{"id":"arcgis-23-2-070b5b601d7a87f3","sourceId":"arcgis-23-2","source":"Fiber_BackBone \u2014 Fiber Backbone (Approx 31 Miles)","sourceUrl":"https://services5.arcgis.com/Ox3HYmIeiVBmWWrQ/arcgis/rest/services/Fiber_BackBone/FeatureServer/2","name":"Fiber_BackBone \u2014 Fiber Backbone (Approx 31 Miles)","carrier":"Not published","routeStatus":"Unknown","category":"unknown","evidence":"agency_route","dataDate":null,"metadataModified":"2018-05-02T20:09:15+00:00","retrievedAt":"2026-09-18T02:36:49.784947+00:00","networkType":"Published fiber route; network class not specified","serviceability":"Unconfirmed","routeDiversity":"Unconfirmed","states":["KS"]},"bbox":[-94.8864239951613,38.8154655522055,-94.8863675611761,38.8155606021435]},{"type":"Feature","geometry":{"type":"LineString","coordinates":[[-94.9308671947845,38.8096041023356],[-94.93045029686,38.8096153870147]]},"properties":{"id":"arcgis-23-2-19f9a4dc15d0dc82","sourceId":"arcgis-23-2","source":"Fiber_BackBone \u2014 Fiber Backbone (Approx 31 Miles)","sourceUrl":"https://services5.arcgis.com/Ox3HYmIeiVBmWWrQ/arcgis/rest/services/Fiber_BackBone/FeatureServer/2","name":"Fiber_BackBone \u2014 Fiber Backbone (Approx 31 Miles)","carrier":"Not published","routeStatus":"Unknown","category":"unknown","evidence":"agency_route","dataDate":null,"metadataModified":"2018-05-02T20:09:15+00:00","retrievedAt":"2026-09-18T02:36:49.784947+00:00","networkType":"Published fiber route; network class not specified","serviceability":"Unconfirmed","routeDiversity":"Unconfirmed","states":["KS"]},"bbox":[-94.9308671947845,38.8096041023356,-94.93045029686,38.8096153870147]},{"type":"Feature","geometry":{"type":"LineString","coordinates":[[-94.93045029686,38.8096153870147],[-94.9299141143002,38.8096137605299]]},"properties":{"id":"arcgis-23-2-f23d0137a60d5a33","sourceId":"arcgis-23-2","source":"Fiber_BackBone \u2014 Fiber Backbone (Approx 31 Miles)","sourceUrl":"https://services5.arcgis.com/Ox3HYmIeiVBmWWrQ/arcgis/rest/services/Fiber_BackBone/FeatureServer/2","name":"Fiber_BackBone \u2014 Fiber Backbone (Approx 31 Miles)","carrier":"Not published","routeStatus":"Unknown","category":"unknown","evidence":"agency_route","dataDate":null,"metadataModified":"2018-05-02T20:09:15+00:00","retrievedAt":"2026-09-18T02:36:49.784947+00:00","networkType":"Published fiber route; network class not specified","serviceability":"Unconfirmed","routeDiversity":"Unconfirmed","states":["KS"]},"bbox":[-94.93045029686,38.8096137605299,-94.9299141143002,38.8096153870147]},{"type":"Feature","geometry":{"type":"LineString","coordinates":[[-94.9299141143002,38.8096137605299],[-94.9294412975591,38.809603843672]]},"properties":{"id":"arcgis-23-2-0b2e4eea8a99ea31","sourceId":"arcgis-23-2","source":"Fiber_BackBone \u2014 Fiber Backbone (Approx 31 Miles)","sourceUrl":"https://services5.arcgis.com/Ox3HYmIeiVBmWWrQ/arcgis/rest/services/Fiber_BackBone/FeatureServer/2","name":"Fiber_BackBone \u2014 Fiber Backbone (Approx 31 Miles)","carrier":"Not published","routeStatus":"Unknown","category":"unknown","evidence":"agency_route","dataDate":null,"metadataModified":"2018-05-02T20:09:15+00:00","retrievedAt":"2026-09-18T02:36:49.784947+00:00","networkType":"Published fiber route; network class not specified","serviceability":"Unconfirmed","routeDiversity":"Unconfirmed","states":["KS"]},"bbox":[-94.9299141143002,38.809603843672,-94.9294412975591,38.8096137605299]},{"type":"Feature","geometry":{"type":"LineString","coordinates":[[-94.9294412975591,38.809603843672],[-94.9290046972609,38.8095998156303]]},"properties":{"id":"arcgis-23-2-d65753e4fbcddcdb","sourceId":"arcgis-23-2","source":"Fiber_BackBone \u2014 Fiber Backbone (Approx 31 Miles)","sourceUrl":"https://services5.arcgis.com/Ox3HYmIeiVBmWWrQ/arcgis/rest/services/Fiber_BackBone/FeatureServer/2","name":"Fiber_BackBone \u2014 Fiber Backbone (Approx 31 Miles)","carrier":"Not published","routeStatus":"Unknown","category":"unknown","evidence":"agency_route","dataDate":null,"metadataModified":"2018-05-02T20:09:15+00:00","retrievedAt":"2026-09-18T02:36:49.784947+00:00","networkType":"Published fiber route; network class not specified","serviceability":"Unconfirmed","routeDiversity":"Unconfirmed","states":["KS"]},"bbox":[-94.9294412975591,38.8095998156303,-94.9290046972609,38.809603843672]},{"type":"Feature","geometry":{"type":"LineString","coordinates":[[-94.9290046972609,38.8095998156303],[-94.9286080102258,38.809601990379]]},"properties":{"id":"arcgis-23-2-53be780a1df9029d","sourceId":"arcgis-23-2","source":"Fiber_BackBone \u2014 Fiber Backbone (Approx 31 Miles)","sourceUrl":"https://services5.arcgis.com/Ox3HYmIeiVBmWWrQ/arcgis/rest/services/Fiber_BackBone/FeatureServer/2","name":"Fiber_BackBone \u2014 Fiber Backbone (Approx 31 Miles)","carrier":"Not published","routeStatus":"Unknown","category":"unknown","evidence":"agency_route","dataDate":null,"metadataModified":"2018-05-02T20:09:15+00:00","retrievedAt":"2026-09-18T02:36:49.784947+00:00","networkType":"Published fiber route; network class not specified","serviceability":"Unconfirmed","routeDiversity":"Unconfirmed","states":["KS"]},"bbox":[-94.9290046972609,38.8095998156303,-94.9286080102258,38.809601990379]},{"type":"Feature","geometry":{"type":"LineString","coordinates":[[-94.9286080102258,38.809601990379],[-94.9282283414714,38.8096010012671]]},"properties":{"id":"arcgis-23-2-8e2c7e7f69996370","sourceId":"arcgis-23-2","source":"Fiber_BackBone \u2014 Fiber Backbone (Approx 31 Miles)","sourceUrl":"https://services5.arcgis.com/Ox3HYmIeiVBmWWrQ/arcgis/rest/services/Fiber_BackBone/FeatureServer/2","name":"Fiber_BackBone \u2014 Fiber Backbone (Approx 31 Miles)","carrier":"Not published","routeStatus":"Unknown","category":"unknown","evidence":"agency_route","dataDate":null,"metadataModified":"2018-05-02T20:09:15+00:00","retrievedAt":"2026-09-18T02:36:49.784947+00:00","networkType":"Published fiber route; network class not specified","serviceability":"Unconfirmed","routeDiversity":"Unconfirmed","states":["KS"]},"bbox":[-94.9286080102258,38.8096010012671,-94.9282283414714,38.809601990379]},{"type":"Feature","geometry":{"type":"LineString","coordinates":[[-94.9280230648916,38.8095933857657],[-94.92757384391,38.8095897175448]]},"properties":{"id":"arcgis-23-2-04f48e93fcbacf41","sourceId":"arcgis-23-2","source":"Fiber_BackBone \u2014 Fiber Backbone (Approx 31 Miles)","sourceUrl":"https://services5.arcgis.com/Ox3HYmIeiVBmWWrQ/arcgis/rest/services/Fiber_BackBone/FeatureServer/2","name":"Fiber_BackBone \u2014 Fiber Backbone (Approx 31 Miles)","carrier":"Not published","routeStatus":"Unknown","category":"unknown","evidence":"agency_route","dataDate":null,"metadataModified":"2018-05-02T20:09:15+00:00","retrievedAt":"2026-09-18T02:36:49.784947+00:00","networkType":"Published fiber route; network class not specified","serviceability":"Unconfirmed","routeDiversity":"Unconfirmed","states":["KS"]},"bbox":[-94.9280230648916,38.8095897175448,-94.92757384391,38.8095933857657]},{"type":"Feature","geometry":{"type":"LineString","coordinates":[[-94.9320942954622,38.8175843359103],[-94.9325333285505,38.8178079020277]]},"properties":{"id":"arcgis-23-2-258db39f05ccaa41","sourceId":"arcgis-23-2","source":"Fiber_BackBone \u2014 Fiber Backbone (Approx 31 Miles)","sourceUrl":"https://services5.arcgis.com/Ox3HYmIeiVBmWWrQ/arcgis/rest/services/Fiber_BackBone/FeatureServer/2","name":"Fiber_BackBone \u2014 Fiber Backbone (Approx 31 Miles)","carrier":"Not published","routeStatus":"Unknown","category":"unknown","evidence":"agency_route","dataDate":null,"metadataModified":"2018-05-02T20:09:15+00:00","retrievedAt":"2026-09-18T02:36:49.784947+00:00","networkType":"Published fiber route; network class not specified","serviceability":"Unconfirmed","routeDiversity":"Unconfirmed","states":["KS"]},"bbox":[-94.9325333285505,38.8175843359103,-94.9320942954622,38.8178079020277]},{"type":"Feature","geometry":{"type":"LineString","coordinates":[[-94.9330842992506,38.8179875767256],[-94.9336385052061,38.8180080093261]]},"properties":{"id":"arcgis-23-2-fd78ec9715ebcf6e","sourceId":"arcgis-23-2","source":"Fiber_BackBone \u2014 Fiber Backbone (Approx 31 Miles)","sourceUrl":"https://services5.arcgis.com/Ox3HYmIeiVBmWWrQ/arcgis/rest/services/Fiber_BackBone/FeatureServer/2","name":"Fiber_BackBone \u2014 Fiber Backbone (Approx 31 Miles)","carrier":"Not published","routeStatus":"Unknown","category":"unknown","evidence":"agency_route","dataDate":null,"metadataModified":"2018-05-02T20:09:15+00:00","retrievedAt":"2026-09-18T02:36:49.784947+00:00","networkType":"Published fiber route; network class not specified","serviceability":"Unconfirmed","routeDiversity":"Unconfirmed","states":["KS"]},"bbox":[-94.9336385052061,38.8179875767256,-94.9330842992506,38.8180080093261]},{"type":"Feature","geometry":{"type":"LineString","coordinates":[[-94.9363986612387,38.818124785885],[-94.9367007627264,38.8182028980477]]},"properties":{"id":"arcgis-23-2-18e5df018927c064","sourceId":"arcgis-23-2","source":"Fiber_BackBone \u2014 Fiber Backbone (Approx 31 Miles)","sourceUrl":"https://services5.arcgis.com/Ox3HYmIeiVBmWWrQ/arcgis/rest/services/Fiber_BackBone/FeatureServer/2","name":"Fiber_BackBone \u2014 Fiber Backbone (Approx 31 Miles)","carrier":"Not published","routeStatus":"Unknown","category":"unknown","evidence":"agency_route","dataDate":null,"metadataModified":"2018-05-02T20:09:15+00:00","retrievedAt":"2026-09-18T02:36:49.784947+00:00","networkType":"Published fiber route; network class not specified","serviceability":"Unconfirmed","routeDiversity":"Unconfirmed","states":["KS"]},"bbox":[-94.9367007627264,38.818124785885,-94.9363986612387,38.8182028980477]},{"type":"Feature","geometry":{"type":"LineString","coordinates":[[-94.9367007627264,38.8182028980477],[-94.9368855788488,38.818260985665]]},"properties":{"id":"arcgis-23-2-40b8b100fc11a4ea","sourceId":"arcgis-23-2","source":"Fiber_BackBone \u2014 Fiber Backbone (Approx 31 Miles)","sourceUrl":"https://services5.arcgis.com/Ox3HYmIeiVBmWWrQ/arcgis/rest/services/Fiber_BackBone/FeatureServer/2","name":"Fiber_BackBone \u2014 Fiber Backbone (Approx 31 Miles)","carrier":"Not published","routeStatus":"Unknown","category":"unknown","evidence":"agency_route","dataDate":null,"metadataModified":"2018-05-02T20:09:15+00:00","retrievedAt":"2026-09-18T02:36:49.784947+00:00","networkType":"Published fiber route; network class not specified","serviceability":"Unconfirmed","routeDiversity":"Unconfirmed","states":["KS"]},"bbox":[-94.9368855788488,38.8182028980477,-94.9367007627264,38.818260985665]},{"type":"Feature","geometry":{"type":"LineString","coordinates":[[-94.9368855788488,38.818260985665],[-94.937410511141,38.8183499024611]]},"properties":{"id":"arcgis-23-2-be0d1415e8b52599","sourceId":"arcgis-23-2","source":"Fiber_BackBone \u2014 Fiber Backbone (Approx 31 Miles)","sourceUrl":"https://services5.arcgis.com/Ox3HYmIeiVBmWWrQ/arcgis/rest/services/Fiber_BackBone/FeatureServer/2","name":"Fiber_BackBone \u2014 Fiber Backbone (Approx 31 Miles)","carrier":"Not published","routeStatus":"Unknown","category":"unknown","evidence":"agency_route","dataDate":null,"metadataModified":"2018-05-02T20:09:15+00:00","retrievedAt":"2026-09-18T02:36:49.784947+00:00","networkType":"Published fiber route; network class not specified","serviceability":"Unconfirmed","routeDiversity":"Unconfirmed","states":["KS"]},"bbox":[-94.937410511141,38.818260985665,-94.9368855788488,38.8183499024611]},{"type":"Feature","geometry":{"type":"LineString","coordinates":[[-94.9435591445468,38.8183820019048],[-94.9441403778518,38.8183821853297]]},"properties":{"id":"arcgis-23-2-04acb64497666a11","sourceId":"arcgis-23-2","source":"Fiber_BackBone \u2014 Fiber Backbone (Approx 31 Miles)","sourceUrl":"https://services5.arcgis.com/Ox3HYmIeiVBmWWrQ/arcgis/rest/services/Fiber_BackBone/FeatureServer/2","name":"Fiber_BackBone \u2014 Fiber Backbone (Approx 31 Miles)","carrier":"Not published","routeStatus":"Unknown","category":"unknown","evidence":"agency_route","dataDate":null,"metadataModified":"2018-05-02T20:09:15+00:00","retrievedAt":"2026-09-18T02:36:49.784947+00:00","networkType":"Published fiber route; network class not specified","serviceability":"Unconfirmed","routeDiversity":"Unconfirmed","states":["KS"]},"bbox":[-94.9441403778518,38.8183820019048,-94.9435591445468,38.8183821853297]},{"type":"Feature","geometry":{"type":"LineString","coordinates":[[-94.9449203783628,38.818384252174],[-94.945449628625,38.8183873026482]]},"properties":{"id":"arcgis-23-2-96e0738312765998","sourceId":"arcgis-23-2","source":"Fiber_BackBone \u2014 Fiber Backbone (Approx 31 Miles)","sourceUrl":"https://services5.arcgis.com/Ox3HYmIeiVBmWWrQ/arcgis/rest/services/Fiber_BackBone/FeatureServer/2","name":"Fiber_BackBone \u2014 Fiber Backbone (Approx 31 Miles)","carrier":"Not published","routeStatus":"Unknown","category":"unknown","evidence":"agency_route","dataDate":null,"metadataModified":"2018-05-02T20:09:15+00:00","retrievedAt":"2026-09-18T02:36:49.784947+00:00","networkType":"Published fiber route; network class not specified","serviceability":"Unconfirmed","routeDiversity":"Unconfirmed","states":["KS"]},"bbox":[-94.945449628625,38.818384252174,-94.9449203783628,38.8183873026482]},{"type":"Feature","geometry":{"type":"LineString","coordinates":[[-94.9456931454825,38.8151372352024],[-94.9456973783426,38.8147336521987]]},"properties":{"id":"arcgis-23-2-e8b698ab84f1001e","sourceId":"arcgis-23-2","source":"Fiber_BackBone \u2014 Fiber Backbone (Approx 31 Miles)","sourceUrl":"https://services5.arcgis.com/Ox3HYmIeiVBmWWrQ/arcgis/rest/services/Fiber_BackBone/FeatureServer/2","name":"Fiber_BackBone \u2014 Fiber Backbone (Approx 31 Miles)","carrier":"Not published","routeStatus":"Unknown","category":"unknown","evidence":"agency_route","dataDate":null,"metadataModified":"2018-05-02T20:09:15+00:00","retrievedAt":"2026-09-18T02:36:49.784947+00:00","networkType":"Published fiber route; network class not specified","serviceability":"Unconfirmed","routeDiversity":"Unconfirmed","states":["KS"]},"bbox":[-94.9456973783426,38.8147336521987,-94.9456931454825,38.8151372352024]},{"type":"Feature","geometry":{"type":"LineString","coordinates":[[-94.9458012121524,38.8187377358138],[-94.9457935063524,38.8190225138715]]},"properties":{"id":"arcgis-23-2-0ebb7bff3327e65c","sourceId":"arcgis-23-2","source":"Fiber_BackBone \u2014 Fiber Backbone (Approx 31 Miles)","sourceUrl":"https://services5.arcgis.com/Ox3HYmIeiVBmWWrQ/arcgis/rest/services/Fiber_BackBone/FeatureServer/2","name":"Fiber_BackBone \u2014 Fiber Backbone (Approx 31 Miles)","carrier":"Not published","routeStatus":"Unknown","category":"unknown","evidence":"agency_route","dataDate":null,"metadataModified":"2018-05-02T20:09:15+00:00","retrievedAt":"2026-09-18T02:36:49.784947+00:00","networkType":"Published fiber route; network class not specified","serviceability":"Unconfirmed","routeDiversity":"Unconfirmed","states":["KS"]},"bbox":[-94.9458012121524,38.8187377358138,-94.9457935063524,38.8190225138715]},{"type":"Feature","geometry":{"type":"LineString","coordinates":[[-94.9457997113125,38.8325604686647],[-94.9458048781287,38.83301680185]]},"properties":{"id":"arcgis-23-2-f609d332beb7113c","sourceId":"arcgis-23-2","source":"Fiber_BackBone \u2014 Fiber Backbone (Approx 31 Miles)","sourceUrl":"https://services5.arcgis.com/Ox3HYmIeiVBmWWrQ/arcgis/rest/services/Fiber_BackBone/FeatureServer/2","name":"Fiber_BackBone \u2014 Fiber Backbone (Approx 31 Miles)","carrier":"Not published","routeStatus":"Unknown","category":"unknown","evidence":"agency_route","dataDate":null,"metadataModified":"2018-05-02T20:09:15+00:00","retrievedAt":"2026-09-18T02:36:49.784947+00:00","networkType":"Published fiber route; network class not specified","serviceability":"Unconfirmed","routeDiversity":"Unconfirmed","states":["KS"]},"bbox":[-94.9458048781287,38.8325604686647,-94.9457997113125,38.83301680185]},{"type":"Feature","geometry":{"type":"LineString","coordinates":[[-94.9458002451372,38.8358608192621],[-94.9458002281596,38.8362877521343]]},"properties":{"id":"arcgis-23-2-886d11638e85e004","sourceId":"arcgis-23-2","source":"Fiber_BackBone \u2014 Fiber Backbone (Approx 31 Miles)","sourceUrl":"https://services5.arcgis.com/Ox3HYmIeiVBmWWrQ/arcgis/rest/services/Fiber_BackBone/FeatureServer/2","name":"Fiber_BackBone \u2014 Fiber Backbone (Approx 31 Miles)","carrier":"Not published","routeStatus":"Unknown","category":"unknown","evidence":"agency_route","dataDate":null,"metadataModified":"2018-05-02T20:09:15+00:00","retrievedAt":"2026-09-18T02:36:49.784947+00:00","networkType":"Published fiber route; network class not specified","serviceability":"Unconfirmed","routeDiversity":"Unconfirmed","states":["KS"]},"bbox":[-94.9458002451372,38.8358608192621,-94.9458002281596,38.8362877521343]},{"type":"Feature","geometry":{"type":"LineString","coordinates":[[-94.92757384391,38.8095897175448],[-94.9273258278423,38.809586719003]]},"properties":{"id":"arcgis-23-2-eb82c1b4dd72d50f","sourceId":"arcgis-23-2","source":"Fiber_BackBone \u2014 Fiber Backbone (Approx 31 Miles)","sourceUrl":"https://services5.arcgis.com/Ox3HYmIeiVBmWWrQ/arcgis/rest/services/Fiber_BackBone/FeatureServer/2","name":"Fiber_BackBone \u2014 Fiber Backbone (Approx 31 Miles)","carrier":"Not published","routeStatus":"Unknown","category":"unknown","evidence":"agency_route","dataDate":null,"metadataModified":"2018-05-02T20:09:15+00:00","retrievedAt":"2026-09-18T02:36:49.784947+00:00","networkType":"Published fiber route; network class not specified","serviceability":"Unconfirmed","routeDiversity":"Unconfirmed","states":["KS"]},"bbox":[-94.92757384391,38.809586719003,-94.9273258278423,38.8095897175448]},{"type":"Feature","geometry":{"type":"LineString","coordinates":[[-94.927330878563,38.8104760860318],[-94.9273352613746,38.8102079359917]]},"properties":{"id":"arcgis-23-2-b93369dec05577de","sourceId":"arcgis-23-2","source":"Fiber_BackBone \u2014 Fiber Backbone (Approx 31 Miles)","sourceUrl":"https://services5.arcgis.com/Ox3HYmIeiVBmWWrQ/arcgis/rest/services/Fiber_BackBone/FeatureServer/2","name":"Fiber_BackBone \u2014 Fiber Backbone (Approx 31 Miles)","carrier":"Not published","routeStatus":"Unknown","category":"unknown","evidence":"agency_route","dataDate":null,"metadataModified":"2018-05-02T20:09:15+00:00","retrievedAt":"2026-09-18T02:36:49.784947+00:00","networkType":"Published fiber route; network class not specified","serviceability":"Unconfirmed","routeDiversity":"Unconfirmed","states":["KS"]},"bbox":[-94.9273352613746,38.8102079359917,-94.927330878563,38.8104760860318]},{"type":"Feature","geometry":{"type":"LineString","coordinates":[[-94.9273352613746,38.8102079359917],[-94.9273300321057,38.8099664157166]]},"properties":{"id":"arcgis-23-2-60d5b6b3451bf26c","sourceId":"arcgis-23-2","source":"Fiber_BackBone \u2014 Fiber Backbone (Approx 31 Miles)","sourceUrl":"https://services5.arcgis.com/Ox3HYmIeiVBmWWrQ/arcgis/rest/services/Fiber_BackBone/FeatureServer/2","name":"Fiber_BackBone \u2014 Fiber Backbone (Approx 31 Miles)","carrier":"Not published","routeStatus":"Unknown","category":"unknown","evidence":"agency_route","dataDate":null,"metadataModified":"2018-05-02T20:09:15+00:00","retrievedAt":"2026-09-18T02:36:49.784947+00:00","networkType":"Published fiber route; network class not specified","serviceability":"Unconfirmed","routeDiversity":"Unconfirmed","states":["KS"]},"bbox":[-94.9273352613746,38.8099664157166,-94.9273300321057,38.8102079359917]},{"type":"Feature","geometry":{"type":"LineString","coordinates":[[-94.9273300321057,38.8099664157166],[-94.9273258278423,38.809586719003]]},"properties":{"id":"arcgis-23-2-ad12bf0ecc84f610","sourceId":"arcgis-23-2","source":"Fiber_BackBone \u2014 Fiber Backbone (Approx 31 Miles)","sourceUrl":"https://services5.arcgis.com/Ox3HYmIeiVBmWWrQ/arcgis/rest/services/Fiber_BackBone/FeatureServer/2","name":"Fiber_BackBone \u2014 Fiber Backbone (Approx 31 Miles)","carrier":"Not published","routeStatus":"Unknown","category":"unknown","evidence":"agency_route","dataDate":null,"metadataModified":"2018-05-02T20:09:15+00:00","retrievedAt":"2026-09-18T02:36:49.784947+00:00","networkType":"Published fiber route; network class not specified","serviceability":"Unconfirmed","routeDiversity":"Unconfirmed","states":["KS"]},"bbox":[-94.9273300321057,38.809586719003,-94.9273258278423,38.8099664157166]},{"type":"Feature","geometry":{"type":"LineString","coordinates":[[-94.927330878563,38.8104760860318],[-94.9273503382654,38.8108325891088]]},"properties":{"id":"arcgis-23-2-1c7a66cafcf40bb1","sourceId":"arcgis-23-2","source":"Fiber_BackBone \u2014 Fiber Backbone (Approx 31 Miles)","sourceUrl":"https://services5.arcgis.com/Ox3HYmIeiVBmWWrQ/arcgis/rest/services/Fiber_BackBone/FeatureServer/2","name":"Fiber_BackBone \u2014 Fiber Backbone (Approx 31 Miles)","carrier":"Not published","routeStatus":"Unknown","category":"unknown","evidence":"agency_route","dataDate":null,"metadataModified":"2018-05-02T20:09:15+00:00","retrievedAt":"2026-09-18T02:36:49.784947+00:00","networkType":"Published fiber route; network class not specified","serviceability":"Unconfirmed","routeDiversity":"Unconfirmed","states":["KS"]},"bbox":[-94.9273503382654,38.8104760860318,-94.927330878563,38.8108325891088]},{"type":"Feature","geometry":{"type":"LineString","coordinates":[[-94.9273503382654,38.8108325891088],[-94.9273768216408,38.8112012610666]]},"properties":{"id":"arcgis-23-2-164b3d6945b0da15","sourceId":"arcgis-23-2","source":"Fiber_BackBone \u2014 Fiber Backbone (Approx 31 Miles)","sourceUrl":"https://services5.arcgis.com/Ox3HYmIeiVBmWWrQ/arcgis/rest/services/Fiber_BackBone/FeatureServer/2","name":"Fiber_BackBone \u2014 Fiber Backbone (Approx 31 Miles)","carrier":"Not published","routeStatus":"Unknown","category":"unknown","evidence":"agency_route","dataDate":null,"metadataModified":"2018-05-02T20:09:15+00:00","retrievedAt":"2026-09-18T02:36:49.784947+00:00","networkType":"Published fiber route; network class not specified","serviceability":"Unconfirmed","routeDiversity":"Unconfirmed","states":["KS"]},"bbox":[-94.9273768216408,38.8108325891088,-94.9273503382654,38.8112012610666]},{"type":"Feature","geometry":{"type":"LineString","coordinates":[[-94.9273768216408,38.8112012610666],[-94.927385908743,38.8115548765719]]},"properties":{"id":"arcgis-23-2-14d8a5945e6878a3","sourceId":"arcgis-23-2","source":"Fiber_BackBone \u2014 Fiber Backbone (Approx 31 Miles)","sourceUrl":"https://services5.arcgis.com/Ox3HYmIeiVBmWWrQ/arcgis/rest/services/Fiber_BackBone/FeatureServer/2","name":"Fiber_BackBone \u2014 Fiber Backbone (Approx 31 Miles)","carrier":"Not published","routeStatus":"Unknown","category":"unknown","evidence":"agency_route","dataDate":null,"metadataModified":"2018-05-02T20:09:15+00:00","retrievedAt":"2026-09-18T02:36:49.784947+00:00","networkType":"Published fiber route; network class not specified","serviceability":"Unconfirmed","routeDiversity":"Unconfirmed","states":["KS"]},"bbox":[-94.927385908743,38.8112012610666,-94.9273768216408,38.8115548765719]},{"type":"Feature","geometry":{"type":"LineString","coordinates":[[-94.927385908743,38.8115548765719],[-94.9273881164363,38.8118223696915]]},"properties":{"id":"arcgis-23-2-f0d5b8f63c96595e","sourceId":"arcgis-23-2","source":"Fiber_BackBone \u2014 Fiber Backbone (Approx 31 Miles)","sourceUrl":"https://services5.arcgis.com/Ox3HYmIeiVBmWWrQ/arcgis/rest/services/Fiber_BackBone/FeatureServer/2","name":"Fiber_BackBone \u2014 Fiber Backbone (Approx 31 Miles)","carrier":"Not published","routeStatus":"Unknown","category":"unknown","evidence":"agency_route","dataDate":null,"metadataModified":"2018-05-02T20:09:15+00:00","retrievedAt":"2026-09-18T02:36:49.784947+00:00","networkType":"Published fiber route; network class not specified","serviceability":"Unconfirmed","routeDiversity":"Unconfirmed","states":["KS"]},"bbox":[-94.9273881164363,38.8115548765719,-94.927385908743,38.8118223696915]},{"type":"Feature","geometry":{"type":"LineString","coordinates":[[-94.9458085617963,38.8377003686577],[-94.9458103618956,38.8381568021604]]},"properties":{"id":"arcgis-23-2-866defc289c613a7","sourceId":"arcgis-23-2","source":"Fiber_BackBone \u2014 Fiber Backbone (Approx 31 Miles)","sourceUrl":"https://services5.arcgis.com/Ox3HYmIeiVBmWWrQ/arcgis/rest/services/Fiber_BackBone/FeatureServer/2","name":"Fiber_BackBone \u2014 Fiber Backbone (Approx 31 Miles)","carrier":"Not published","routeStatus":"Unknown","category":"unknown","evidence":"agency_route","dataDate":null,"metadataModified":"2018-05-02T20:09:15+00:00","retrievedAt":"2026-09-18T02:36:49.784947+00:00","networkType":"Published fiber route; network class not specified","serviceability":"Unconfirmed","routeDiversity":"Unconfirmed","states":["KS"]},"bbox":[-94.9458103618956,38.8377003686577,-94.9458085617963,38.8381568021604]},{"type":"Feature","geometry":{"type":"LineString","coordinates":[[-94.945822395462,38.8395858185124],[-94.9458262479416,38.8398210669007]]},"properties":{"id":"arcgis-23-2-7c7a41ade80203f1","sourceId":"arcgis-23-2","source":"Fiber_BackBone \u2014 Fiber Backbone (Approx 31 Miles)","sourceUrl":"https://services5.arcgis.com/Ox3HYmIeiVBmWWrQ/arcgis/rest/services/Fiber_BackBone/FeatureServer/2","name":"Fiber_BackBone \u2014 Fiber Backbone (Approx 31 Miles)","carrier":"Not published","routeStatus":"Unknown","category":"unknown","evidence":"agency_route","dataDate":null,"metadataModified":"2018-05-02T20:09:15+00:00","retrievedAt":"2026-09-18T02:36:49.784947+00:00","networkType":"Published fiber route; network class not specified","serviceability":"Unconfirmed","routeDiversity":"Unconfirmed","states":["KS"]},"bbox":[-94.9458262479416,38.8395858185124,-94.945822395462,38.8398210669007]},{"type":"Feature","geometry":{"type":"LineString","coordinates":[[-94.9458262479416,38.8398210669007],[-94.9458280792611,38.8400526764671]]},"properties":{"id":"arcgis-23-2-3b0e086fb6638eec","sourceId":"arcgis-23-2","source":"Fiber_BackBone \u2014 Fiber Backbone (Approx 31 Miles)","sourceUrl":"https://services5.arcgis.com/Ox3HYmIeiVBmWWrQ/arcgis/rest/services/Fiber_BackBone/FeatureServer/2","name":"Fiber_BackBone \u2014 Fiber Backbone (Approx 31 Miles)","carrier":"Not published","routeStatus":"Unknown","category":"unknown","evidence":"agency_route","dataDate":null,"metadataModified":"2018-05-02T20:09:15+00:00","retrievedAt":"2026-09-18T02:36:49.784947+00:00","networkType":"Published fiber route; network class not specified","serviceability":"Unconfirmed","routeDiversity":"Unconfirmed","states":["KS"]},"bbox":[-94.9458280792611,38.8398210669007,-94.9458262479416,38.8400526764671]},{"type":"Feature","geometry":{"type":"LineString","coordinates":[[-94.9458280792611,38.8400526764671],[-94.9461314121776,38.8400582727987]]},"properties":{"id":"arcgis-23-2-f41a998cb3ab0fa8","sourceId":"arcgis-23-2","source":"Fiber_BackBone \u2014 Fiber Backbone (Approx 31 Miles)","sourceUrl":"https://services5.arcgis.com/Ox3HYmIeiVBmWWrQ/arcgis/rest/services/Fiber_BackBone/FeatureServer/2","name":"Fiber_BackBone \u2014 Fiber Backbone (Approx 31 Miles)","carrier":"Not published","routeStatus":"Unknown","category":"unknown","evidence":"agency_route","dataDate":null,"metadataModified":"2018-05-02T20:09:15+00:00","retrievedAt":"2026-09-18T02:36:49.784947+00:00","networkType":"Published fiber route; network class not specified","serviceability":"Unconfirmed","routeDiversity":"Unconfirmed","states":["KS"]},"bbox":[-94.9461314121776,38.8400526764671,-94.9458280792611,38.8400582727987]},{"type":"Feature","geometry":{"type":"LineString","coordinates":[[-94.9598046675108,38.8400368905636],[-94.9598063778215,38.8401635859238]]},"properties":{"id":"arcgis-23-2-8f7420f978610d42","sourceId":"arcgis-23-2","source":"Fiber_BackBone \u2014 Fiber Backbone (Approx 31 Miles)","sourceUrl":"https://services5.arcgis.com/Ox3HYmIeiVBmWWrQ/arcgis/rest/services/Fiber_BackBone/FeatureServer/2","name":"Fiber_BackBone \u2014 Fiber Backbone (Approx 31 Miles)","carrier":"Not published","routeStatus":"Unknown","category":"unknown","evidence":"agency_route","dataDate":null,"metadataModified":"2018-05-02T20:09:15+00:00","retrievedAt":"2026-09-18T02:36:49.784947+00:00","networkType":"Published fiber route; network class not specified","serviceability":"Unconfirmed","routeDiversity":"Unconfirmed","states":["KS"]},"bbox":[-94.9598063778215,38.8400368905636,-94.9598046675108,38.8401635859238]},{"type":"Feature","geometry":{"type":"LineString","coordinates":[[-94.9598063778215,38.8401635859238],[-94.9592722946511,38.8401616690698]]},"properties":{"id":"arcgis-23-2-ba0ddc10166954d8","sourceId":"arcgis-23-2","source":"Fiber_BackBone \u2014 Fiber Backbone (Approx 31 Miles)","sourceUrl":"https://services5.arcgis.com/Ox3HYmIeiVBmWWrQ/arcgis/rest/services/Fiber_BackBone/FeatureServer/2","name":"Fiber_BackBone \u2014 Fiber Backbone (Approx 31 Miles)","carrier":"Not published","routeStatus":"Unknown","category":"unknown","evidence":"agency_route","dataDate":null,"metadataModified":"2018-05-02T20:09:15+00:00","retrievedAt":"2026-09-18T02:36:49.784947+00:00","networkType":"Published fiber route; network class not specified","serviceability":"Unconfirmed","routeDiversity":"Unconfirmed","states":["KS"]},"bbox":[-94.9598063778215,38.8401616690698,-94.9592722946511,38.8401635859238]},{"type":"Feature","geometry":{"type":"LineString","coordinates":[[-94.9134896953034,38.8052227687806],[-94.9134888953078,38.8047931187969]]},"properties":{"id":"arcgis-23-2-5d2c09d289c8343b","sourceId":"arcgis-23-2","source":"Fiber_BackBone \u2014 Fiber Backbone (Approx 31 Miles)","sourceUrl":"https://services5.arcgis.com/Ox3HYmIeiVBmWWrQ/arcgis/rest/services/Fiber_BackBone/FeatureServer/2","name":"Fiber_BackBone \u2014 Fiber Backbone (Approx 31 Miles)","carrier":"Not published","routeStatus":"Unknown","category":"unknown","evidence":"agency_route","dataDate":null,"metadataModified":"2018-05-02T20:09:15+00:00","retrievedAt":"2026-09-18T02:36:49.784947+00:00","networkType":"Published fiber route; network class not specified","serviceability":"Unconfirmed","routeDiversity":"Unconfirmed","states":["KS"]},"bbox":[-94.9134896953034,38.8047931187969,-94.9134888953078,38.8052227687806]},{"type":"Feature","geometry":{"type":"LineString","coordinates":[[-94.913486261972,38.8043166691414],[-94.9134951019334,38.8039902518393]]},"properties":{"id":"arcgis-23-2-9762370dd1b15ae1","sourceId":"arcgis-23-2","source":"Fiber_BackBone \u2014 Fiber Backbone (Approx 31 Miles)","sourceUrl":"https://services5.arcgis.com/Ox3HYmIeiVBmWWrQ/arcgis/rest/services/Fiber_BackBone/FeatureServer/2","name":"Fiber_BackBone \u2014 Fiber Backbone (Approx 31 Miles)","carrier":"Not published","routeStatus":"Unknown","category":"unknown","evidence":"agency_route","dataDate":null,"metadataModified":"2018-05-02T20:09:15+00:00","retrievedAt":"2026-09-18T02:36:49.784947+00:00","networkType":"Published fiber route; network class not specified","serviceability":"Unconfirmed","routeDiversity":"Unconfirmed","states":["KS"]},"bbox":[-94.9134951019334,38.8039902518393,-94.913486261972,38.8043166691414]},{"type":"Feature","geometry":{"type":"LineString","coordinates":[[-94.913997128234,38.810210002775],[-94.9138197449719,38.810243202246]]},"properties":{"id":"arcgis-23-2-3830d371d51c7edf","sourceId":"arcgis-23-2","source":"Fiber_BackBone \u2014 Fiber Backbone (Approx 31 Miles)","sourceUrl":"https://services5.arcgis.com/Ox3HYmIeiVBmWWrQ/arcgis/rest/services/Fiber_BackBone/FeatureServer/2","name":"Fiber_BackBone \u2014 Fiber Backbone (Approx 31 Miles)","carrier":"Not published","routeStatus":"Unknown","category":"unknown","evidence":"agency_route","dataDate":null,"metadataModified":"2018-05-02T20:09:15+00:00","retrievedAt":"2026-09-18T02:36:49.784947+00:00","networkType":"Published fiber route; network class not specified","serviceability":"Unconfirmed","routeDiversity":"Unconfirmed","states":["KS"]},"bbox":[-94.913997128234,38.810210002775,-94.9138197449719,38.810243202246]},{"type":"Feature","geometry":{"type":"LineString","coordinates":[[-94.9138197449719,38.810243202246],[-94.9134826559493,38.8103068911623]]},"properties":{"id":"arcgis-23-2-a9cedad0fdbf2bb5","sourceId":"arcgis-23-2","source":"Fiber_BackBone \u2014 Fiber Backbone (Approx 31 Miles)","sourceUrl":"https://services5.arcgis.com/Ox3HYmIeiVBmWWrQ/arcgis/rest/services/Fiber_BackBone/FeatureServer/2","name":"Fiber_BackBone \u2014 Fiber Backbone (Approx 31 Miles)","carrier":"Not published","routeStatus":"Unknown","category":"unknown","evidence":"agency_route","dataDate":null,"metadataModified":"2018-05-02T20:09:15+00:00","retrievedAt":"2026-09-18T02:36:49.784947+00:00","networkType":"Published fiber route; network class not specified","serviceability":"Unconfirmed","routeDiversity":"Unconfirmed","states":["KS"]},"bbox":[-94.9138197449719,38.810243202246,-94.9134826559493,38.8103068911623]},{"type":"Feature","geometry":{"type":"LineString","coordinates":[[-94.9134826559493,38.8103068911623],[-94.9129640445177,38.8104032693646]]},"properties":{"id":"arcgis-23-2-87bfab8e177faf6a","sourceId":"arcgis-23-2","source":"Fiber_BackBone \u2014 Fiber Backbone (Approx 31 Miles)","sourceUrl":"https://services5.arcgis.com/Ox3HYmIeiVBmWWrQ/arcgis/rest/services/Fiber_BackBone/FeatureServer/2","name":"Fiber_BackBone \u2014 Fiber Backbone (Approx 31 Miles)","carrier":"Not published","routeStatus":"Unknown","category":"unknown","evidence":"agency_route","dataDate":null,"metadataModified":"2018-05-02T20:09:15+00:00","retrievedAt":"2026-09-18T02:36:49.784947+00:00","networkType":"Published fiber route; network class not specified","serviceability":"Unconfirmed","routeDiversity":"Unconfirmed","states":["KS"]},"bbox":[-94.9134826559493,38.8103068911623,-94.9129640445177,38.8104032693646]},{"type":"Feature","geometry":{"type":"LineString","coordinates":[[-94.9129640445177,38.8104032693646],[-94.912500661408,38.8104894359765]]},"properties":{"id":"arcgis-23-2-bb18cd4de3b97d48","sourceId":"arcgis-23-2","source":"Fiber_BackBone \u2014 Fiber Backbone (Approx 31 Miles)","sourceUrl":"https://services5.arcgis.com/Ox3HYmIeiVBmWWrQ/arcgis/rest/services/Fiber_BackBone/FeatureServer/2","name":"Fiber_BackBone \u2014 Fiber Backbone (Approx 31 Miles)","carrier":"Not published","routeStatus":"Unknown","category":"unknown","evidence":"agency_route","dataDate":null,"metadataModified":"2018-05-02T20:09:15+00:00","retrievedAt":"2026-09-18T02:36:49.784947+00:00","networkType":"Published fiber route; network class not specified","serviceability":"Unconfirmed","routeDiversity":"Unconfirmed","states":["KS"]},"bbox":[-94.9129640445177,38.8104032693646,-94.912500661408,38.8104894359765]},{"type":"Feature","geometry":{"type":"LineString","coordinates":[[-94.912500661408,38.8104894359765],[-94.9119795115048,38.8105824332707]]},"properties":{"id":"arcgis-23-2-f48423444d9b3ed9","sourceId":"arcgis-23-2","source":"Fiber_BackBone \u2014 Fiber Backbone (Approx 31 Miles)","sourceUrl":"https://services5.arcgis.com/Ox3HYmIeiVBmWWrQ/arcgis/rest/services/Fiber_BackBone/FeatureServer/2","name":"Fiber_BackBone \u2014 Fiber Backbone (Approx 31 Miles)","carrier":"Not published","routeStatus":"Unknown","category":"unknown","evidence":"agency_route","dataDate":null,"metadataModified":"2018-05-02T20:09:15+00:00","retrievedAt":"2026-09-18T02:36:49.784947+00:00","networkType":"Published fiber route; network class not specified","serviceability":"Unconfirmed","routeDiversity":"Unconfirmed","states":["KS"]},"bbox":[-94.912500661408,38.8104894359765,-94.9119795115048,38.8105824332707]},{"type":"Feature","geometry":{"type":"LineString","coordinates":[[-94.9119795115048,38.8105824332707],[-94.911549474828,38.8106625080042]]},"properties":{"id":"arcgis-23-2-d2987f585f5275f0","sourceId":"arcgis-23-2","source":"Fiber_BackBone \u2014 Fiber Backbone (Approx 31 Miles)","sourceUrl":"https://services5.arcgis.com/Ox3HYmIeiVBmWWrQ/arcgis/rest/services/Fiber_BackBone/FeatureServer/2","name":"Fiber_BackBone \u2014 Fiber Backbone (Approx 31 Miles)","carrier":"Not published","routeStatus":"Unknown","category":"unknown","evidence":"agency_route","dataDate":null,"metadataModified":"2018-05-02T20:09:15+00:00","retrievedAt":"2026-09-18T02:36:49.784947+00:00","networkType":"Published fiber route; network class not specified","serviceability":"Unconfirmed","routeDiversity":"Unconfirmed","states":["KS"]},"bbox":[-94.9119795115048,38.8105824332707,-94.911549474828,38.8106625080042]},{"type":"Feature","geometry":{"type":"LineString","coordinates":[[-94.911549474828,38.8106625080042],[-94.9114545288434,38.8106801526194]]},"properties":{"id":"arcgis-23-2-168bf016c167f193","sourceId":"arcgis-23-2","source":"Fiber_BackBone \u2014 Fiber Backbone (Approx 31 Miles)","sourceUrl":"https://services5.arcgis.com/Ox3HYmIeiVBmWWrQ/arcgis/rest/services/Fiber_BackBone/FeatureServer/2","name":"Fiber_BackBone \u2014 Fiber Backbone (Approx 31 Miles)","carrier":"Not published","routeStatus":"Unknown","category":"unknown","evidence":"agency_route","dataDate":null,"metadataModified":"2018-05-02T20:09:15+00:00","retrievedAt":"2026-09-18T02:36:49.784947+00:00","networkType":"Published fiber route; network class not specified","serviceability":"Unconfirmed","routeDiversity":"Unconfirmed","states":["KS"]},"bbox":[-94.911549474828,38.8106625080042,-94.9114545288434,38.8106801526194]},{"type":"Feature","geometry":{"type":"LineString","coordinates":[[-94.9114545288434,38.8106801526194],[-94.9112348612733,38.8107107024152]]},"properties":{"id":"arcgis-23-2-c253e2ec16d327db","sourceId":"arcgis-23-2","source":"Fiber_BackBone \u2014 Fiber Backbone (Approx 31 Miles)","sourceUrl":"https://services5.arcgis.com/Ox3HYmIeiVBmWWrQ/arcgis/rest/services/Fiber_BackBone/FeatureServer/2","name":"Fiber_BackBone \u2014 Fiber Backbone (Approx 31 Miles)","carrier":"Not published","routeStatus":"Unknown","category":"unknown","evidence":"agency_route","dataDate":null,"metadataModified":"2018-05-02T20:09:15+00:00","retrievedAt":"2026-09-18T02:36:49.784947+00:00","networkType":"Published fiber route; network class not specified","serviceability":"Unconfirmed","routeDiversity":"Unconfirmed","states":["KS"]},"bbox":[-94.9114545288434,38.8106801526194,-94.9112348612733,38.8107107024152]},{"type":"Feature","geometry":{"type":"LineString","coordinates":[[-94.9105488459291,38.8108282644513],[-94.9101544278255,38.8108957831183]]},"properties":{"id":"arcgis-23-2-9ec7c91751e40ed0","sourceId":"arcgis-23-2","source":"Fiber_BackBone \u2014 Fiber Backbone (Approx 31 Miles)","sourceUrl":"https://services5.arcgis.com/Ox3HYmIeiVBmWWrQ/arcgis/rest/services/Fiber_BackBone/FeatureServer/2","name":"Fiber_BackBone \u2014 Fiber Backbone (Approx 31 Miles)","carrier":"Not published","routeStatus":"Unknown","category":"unknown","evidence":"agency_route","dataDate":null,"metadataModified":"2018-05-02T20:09:15+00:00","retrievedAt":"2026-09-18T02:36:49.784947+00:00","networkType":"Published fiber route; network class not specified","serviceability":"Unconfirmed","routeDiversity":"Unconfirmed","states":["KS"]},"bbox":[-94.9105488459291,38.8108282644513,-94.9101544278255,38.8108957831183]},{"type":"Feature","geometry":{"type":"LineString","coordinates":[[-94.9135011277914,38.806284169212],[-94.9133195117004,38.8062784024352]]},"properties":{"id":"arcgis-23-2-6d6f76b43d67c858","sourceId":"arcgis-23-2","source":"Fiber_BackBone \u2014 Fiber Backbone (Approx 31 Miles)","sourceUrl":"https://services5.arcgis.com/Ox3HYmIeiVBmWWrQ/arcgis/rest/services/Fiber_BackBone/FeatureServer/2","name":"Fiber_BackBone \u2014 Fiber Backbone (Approx 31 Miles)","carrier":"Not published","routeStatus":"Unknown","category":"unknown","evidence":"agency_route","dataDate":null,"metadataModified":"2018-05-02T20:09:15+00:00","retrievedAt":"2026-09-18T02:36:49.784947+00:00","networkType":"Published fiber route; network class not specified","serviceability":"Unconfirmed","routeDiversity":"Unconfirmed","states":["KS"]},"bbox":[-94.9135011277914,38.8062784024352,-94.9133195117004,38.806284169212]},{"type":"Feature","geometry":{"type":"LineString","coordinates":[[-94.9133195117004,38.8062784024352],[-94.9128056969868,38.8062704498258]]},"properties":{"id":"arcgis-23-2-ecf05f8fda066a31","sourceId":"arcgis-23-2","source":"Fiber_BackBone \u2014 Fiber Backbone (Approx 31 Miles)","sourceUrl":"https://services5.arcgis.com/Ox3HYmIeiVBmWWrQ/arcgis/rest/services/Fiber_BackBone/FeatureServer/2","name":"Fiber_BackBone \u2014 Fiber Backbone (Approx 31 Miles)","carrier":"Not published","routeStatus":"Unknown","category":"unknown","evidence":"agency_route","dataDate":null,"metadataModified":"2018-05-02T20:09:15+00:00","retrievedAt":"2026-09-18T02:36:49.784947+00:00","networkType":"Published fiber route; network class not specified","serviceability":"Unconfirmed","routeDiversity":"Unconfirmed","states":["KS"]},"bbox":[-94.9133195117004,38.8062704498258,-94.9128056969868,38.8062784024352]},{"type":"Feature","geometry":{"type":"LineString","coordinates":[[-94.9097426117709,38.806250935963],[-94.9091886782998,38.8062454694326]]},"properties":{"id":"arcgis-23-2-659e6f112cf20d57","sourceId":"arcgis-23-2","source":"Fiber_BackBone \u2014 Fiber Backbone (Approx 31 Miles)","sourceUrl":"https://services5.arcgis.com/Ox3HYmIeiVBmWWrQ/arcgis/rest/services/Fiber_BackBone/FeatureServer/2","name":"Fiber_BackBone \u2014 Fiber Backbone (Approx 31 Miles)","carrier":"Not published","routeStatus":"Unknown","category":"unknown","evidence":"agency_route","dataDate":null,"metadataModified":"2018-05-02T20:09:15+00:00","retrievedAt":"2026-09-18T02:36:49.784947+00:00","networkType":"Published fiber route; network class not specified","serviceability":"Unconfirmed","routeDiversity":"Unconfirmed","states":["KS"]},"bbox":[-94.9097426117709,38.8062454694326,-94.9091886782998,38.806250935963]},{"type":"Feature","geometry":{"type":"LineString","coordinates":[[-94.9088120368492,38.8072800195754],[-94.9086398955824,38.8072812686623]]},"properties":{"id":"arcgis-23-2-ce83c7012fbb2a3c","sourceId":"arcgis-23-2","source":"Fiber_BackBone \u2014 Fiber Backbone (Approx 31 Miles)","sourceUrl":"https://services5.arcgis.com/Ox3HYmIeiVBmWWrQ/arcgis/rest/services/Fiber_BackBone/FeatureServer/2","name":"Fiber_BackBone \u2014 Fiber Backbone (Approx 31 Miles)","carrier":"Not published","routeStatus":"Unknown","category":"unknown","evidence":"agency_route","dataDate":null,"metadataModified":"2018-05-02T20:09:15+00:00","retrievedAt":"2026-09-18T02:36:49.784947+00:00","networkType":"Published fiber route; network class not specified","serviceability":"Unconfirmed","routeDiversity":"Unconfirmed","states":["KS"]},"bbox":[-94.9088120368492,38.8072800195754,-94.9086398955824,38.8072812686623]},{"type":"Feature","geometry":{"type":"LineString","coordinates":[[-94.9088142954394,38.8068383193936],[-94.9088120368492,38.8072800195754]]},"properties":{"id":"arcgis-23-2-c420addf32f8ef29","sourceId":"arcgis-23-2","source":"Fiber_BackBone \u2014 Fiber Backbone (Approx 31 Miles)","sourceUrl":"https://services5.arcgis.com/Ox3HYmIeiVBmWWrQ/arcgis/rest/services/Fiber_BackBone/FeatureServer/2","name":"Fiber_BackBone \u2014 Fiber Backbone (Approx 31 Miles)","carrier":"Not published","routeStatus":"Unknown","category":"unknown","evidence":"agency_route","dataDate":null,"metadataModified":"2018-05-02T20:09:15+00:00","retrievedAt":"2026-09-18T02:36:49.784947+00:00","networkType":"Published fiber route; network class not specified","serviceability":"Unconfirmed","routeDiversity":"Unconfirmed","states":["KS"]},"bbox":[-94.9088142954394,38.8068383193936,-94.9088120368492,38.8072800195754]},{"type":"Feature","geometry":{"type":"LineString","coordinates":[[-94.9642949903501,38.8113113735817],[-94.9642790312776,38.811284750659],[-94.9642729581471,38.8112837251365]]},"properties":{"id":"arcgis-23-2-93222e978a3f6d41","sourceId":"arcgis-23-2","source":"Fiber_BackBone \u2014 Fiber Backbone (Approx 31 Miles)","sourceUrl":"https://services5.arcgis.com/Ox3HYmIeiVBmWWrQ/arcgis/rest/services/Fiber_BackBone/FeatureServer/2","name":"Fiber_BackBone \u2014 Fiber Backbone (Approx 31 Miles)","carrier":"Not published","routeStatus":"Unknown","category":"unknown","evidence":"agency_route","dataDate":null,"metadataModified":"2018-05-02T20:09:15+00:00","retrievedAt":"2026-09-18T02:36:49.784947+00:00","networkType":"Published fiber route; network class not specified","serviceability":"Unconfirmed","routeDiversity":"Unconfirmed","states":["KS"]},"bbox":[-94.9642949903501,38.8112837251365,-94.9642729581471,38.8113113735817]},{"type":"Feature","geometry":{"type":"LineString","coordinates":[[-94.9638915564567,38.8113100232636],[-94.9639134645607,38.8112832429983]]},"properties":{"id":"arcgis-23-2-1209de3e10bdd1f2","sourceId":"arcgis-23-2","source":"Fiber_BackBone \u2014 Fiber Backbone (Approx 31 Miles)","sourceUrl":"https://services5.arcgis.com/Ox3HYmIeiVBmWWrQ/arcgis/rest/services/Fiber_BackBone/FeatureServer/2","name":"Fiber_BackBone \u2014 Fiber Backbone (Approx 31 Miles)","carrier":"Not published","routeStatus":"Unknown","category":"unknown","evidence":"agency_route","dataDate":null,"metadataModified":"2018-05-02T20:09:15+00:00","retrievedAt":"2026-09-18T02:36:49.784947+00:00","networkType":"Published fiber route; network class not specified","serviceability":"Unconfirmed","routeDiversity":"Unconfirmed","states":["KS"]},"bbox":[-94.9639134645607,38.8112832429983,-94.9638915564567,38.8113100232636]},{"type":"Feature","geometry":{"type":"LineString","coordinates":[[-94.9000077235835,38.8072956484841],[-94.8998219737373,38.8072958654267]]},"properties":{"id":"arcgis-23-2-4b7a6d10f775d713","sourceId":"arcgis-23-2","source":"Fiber_BackBone \u2014 Fiber Backbone (Approx 31 Miles)","sourceUrl":"https://services5.arcgis.com/Ox3HYmIeiVBmWWrQ/arcgis/rest/services/Fiber_BackBone/FeatureServer/2","name":"Fiber_BackBone \u2014 Fiber Backbone (Approx 31 Miles)","carrier":"Not published","routeStatus":"Unknown","category":"unknown","evidence":"agency_route","dataDate":null,"metadataModified":"2018-05-02T20:09:15+00:00","retrievedAt":"2026-09-18T02:36:49.784947+00:00","networkType":"Published fiber route; network class not specified","serviceability":"Unconfirmed","routeDiversity":"Unconfirmed","states":["KS"]},"bbox":[-94.9000077235835,38.8072956484841,-94.8998219737373,38.8072958654267]},{"type":"Feature","geometry":{"type":"LineString","coordinates":[[-94.9248794481658,38.8114826945758],[-94.9245461952844,38.8114907194022]]},"properties":{"id":"arcgis-23-2-ed9c1cc0975d572a","sourceId":"arcgis-23-2","source":"Fiber_BackBone \u2014 Fiber Backbone (Approx 31 Miles)","sourceUrl":"https://services5.arcgis.com/Ox3HYmIeiVBmWWrQ/arcgis/rest/services/Fiber_BackBone/FeatureServer/2","name":"Fiber_BackBone \u2014 Fiber Backbone (Approx 31 Miles)","carrier":"Not published","routeStatus":"Unknown","category":"unknown","evidence":"agency_route","dataDate":null,"metadataModified":"2018-05-02T20:09:15+00:00","retrievedAt":"2026-09-18T02:36:49.784947+00:00","networkType":"Published fiber route; network class not specified","serviceability":"Unconfirmed","routeDiversity":"Unconfirmed","states":["KS"]},"bbox":[-94.9248794481658,38.8114826945758,-94.9245461952844,38.8114907194022]},{"type":"Feature","geometry":{"type":"LineString","coordinates":[[-94.9245461952844,38.8114907194022],[-94.9243572786364,38.8114893694748]]},"properties":{"id":"arcgis-23-2-ff8d7176ed819d4a","sourceId":"arcgis-23-2","source":"Fiber_BackBone \u2014 Fiber Backbone (Approx 31 Miles)","sourceUrl":"https://services5.arcgis.com/Ox3HYmIeiVBmWWrQ/arcgis/rest/services/Fiber_BackBone/FeatureServer/2","name":"Fiber_BackBone \u2014 Fiber Backbone (Approx 31 Miles)","carrier":"Not published","routeStatus":"Unknown","category":"unknown","evidence":"agency_route","dataDate":null,"metadataModified":"2018-05-02T20:09:15+00:00","retrievedAt":"2026-09-18T02:36:49.784947+00:00","networkType":"Published fiber route; network class not specified","serviceability":"Unconfirmed","routeDiversity":"Unconfirmed","states":["KS"]},"bbox":[-94.9245461952844,38.8114893694748,-94.9243572786364,38.8114907194022]},{"type":"Feature","geometry":{"type":"LineString","coordinates":[[-94.9243572786364,38.8114893694748],[-94.923922111236,38.8114857293001]]},"properties":{"id":"arcgis-23-2-9114e9caa5d5b8fa","sourceId":"arcgis-23-2","source":"Fiber_BackBone \u2014 Fiber Backbone (Approx 31 Miles)","sourceUrl":"https://services5.arcgis.com/Ox3HYmIeiVBmWWrQ/arcgis/rest/services/Fiber_BackBone/FeatureServer/2","name":"Fiber_BackBone \u2014 Fiber Backbone (Approx 31 Miles)","carrier":"Not published","routeStatus":"Unknown","category":"unknown","evidence":"agency_route","dataDate":null,"metadataModified":"2018-05-02T20:09:15+00:00","retrievedAt":"2026-09-18T02:36:49.784947+00:00","networkType":"Published fiber route; network class not specified","serviceability":"Unconfirmed","routeDiversity":"Unconfirmed","states":["KS"]},"bbox":[-94.9243572786364,38.8114857293001,-94.923922111236,38.8114893694748]},{"type":"Feature","geometry":{"type":"LineString","coordinates":[[-94.923922111236,38.8114857293001],[-94.9235951942523,38.8114906497962]]},"properties":{"id":"arcgis-23-2-054526e64fbb4e6e","sourceId":"arcgis-23-2","source":"Fiber_BackBone \u2014 Fiber Backbone (Approx 31 Miles)","sourceUrl":"https://services5.arcgis.com/Ox3HYmIeiVBmWWrQ/arcgis/rest/services/Fiber_BackBone/FeatureServer/2","name":"Fiber_BackBone \u2014 Fiber Backbone (Approx 31 Miles)","carrier":"Not published","routeStatus":"Unknown","category":"unknown","evidence":"agency_route","dataDate":null,"metadataModified":"2018-05-02T20:09:15+00:00","retrievedAt":"2026-09-18T02:36:49.784947+00:00","networkType":"Published fiber route; network class not specified","serviceability":"Unconfirmed","routeDiversity":"Unconfirmed","states":["KS"]},"bbox":[-94.923922111236,38.8114857293001,-94.9235951942523,38.8114906497962]},{"type":"Feature","geometry":{"type":"LineString","coordinates":[[-94.9235951942523,38.8114906497962],[-94.9231105241382,38.8115053718637]]},"properties":{"id":"arcgis-23-2-f605e05d0f0e1b79","sourceId":"arcgis-23-2","source":"Fiber_BackBone \u2014 Fiber Backbone (Approx 31 Miles)","sourceUrl":"https://services5.arcgis.com/Ox3HYmIeiVBmWWrQ/arcgis/rest/services/Fiber_BackBone/FeatureServer/2","name":"Fiber_BackBone \u2014 Fiber Backbone (Approx 31 Miles)","carrier":"Not published","routeStatus":"Unknown","category":"unknown","evidence":"agency_route","dataDate":null,"metadataModified":"2018-05-02T20:09:15+00:00","retrievedAt":"2026-09-18T02:36:49.784947+00:00","networkType":"Published fiber route; network class not specified","serviceability":"Unconfirmed","routeDiversity":"Unconfirmed","states":["KS"]},"bbox":[-94.9235951942523,38.8114906497962,-94.9231105241382,38.8115053718637]},{"type":"Feature","geometry":{"type":"LineString","coordinates":[[-94.923102178213,38.8115053355823],[-94.9230871298718,38.8117703071346]]},"properties":{"id":"arcgis-23-2-e29a2f49ae076ad9","sourceId":"arcgis-23-2","source":"Fiber_BackBone \u2014 Fiber Backbone (Approx 31 Miles)","sourceUrl":"https://services5.arcgis.com/Ox3HYmIeiVBmWWrQ/arcgis/rest/services/Fiber_BackBone/FeatureServer/2","name":"Fiber_BackBone \u2014 Fiber Backbone (Approx 31 Miles)","carrier":"Not published","routeStatus":"Unknown","category":"unknown","evidence":"agency_route","dataDate":null,"metadataModified":"2018-05-02T20:09:15+00:00","retrievedAt":"2026-09-18T02:36:49.784947+00:00","networkType":"Published fiber route; network class not specified","serviceability":"Unconfirmed","routeDiversity":"Unconfirmed","states":["KS"]},"bbox":[-94.923102178213,38.8115053355823,-94.9230871298718,38.8117703071346]},{"type":"Feature","geometry":{"type":"LineString","coordinates":[[-94.9230919944889,38.811848619415],[-94.9228546833423,38.8118487930892]]},"properties":{"id":"arcgis-23-2-cc04b33c40ac1506","sourceId":"arcgis-23-2","source":"Fiber_BackBone \u2014 Fiber Backbone (Approx 31 Miles)","sourceUrl":"https://services5.arcgis.com/Ox3HYmIeiVBmWWrQ/arcgis/rest/services/Fiber_BackBone/FeatureServer/2","name":"Fiber_BackBone \u2014 Fiber Backbone (Approx 31 Miles)","carrier":"Not published","routeStatus":"Unknown","category":"unknown","evidence":"agency_route","dataDate":null,"metadataModified":"2018-05-02T20:09:15+00:00","retrievedAt":"2026-09-18T02:36:49.784947+00:00","networkType":"Published fiber route; network class not specified","serviceability":"Unconfirmed","routeDiversity":"Unconfirmed","states":["KS"]},"bbox":[-94.9230919944889,38.811848619415,-94.9228546833423,38.8118487930892]},{"type":"Feature","geometry":{"type":"LineString","coordinates":[[-94.9228546833423,38.8118487930892],[-94.9224063836403,38.8118482095586]]},"properties":{"id":"arcgis-23-2-a50855f2ac1dfcfd","sourceId":"arcgis-23-2","source":"Fiber_BackBone \u2014 Fiber Backbone (Approx 31 Miles)","sourceUrl":"https://services5.arcgis.com/Ox3HYmIeiVBmWWrQ/arcgis/rest/services/Fiber_BackBone/FeatureServer/2","name":"Fiber_BackBone \u2014 Fiber Backbone (Approx 31 Miles)","carrier":"Not published","routeStatus":"Unknown","category":"unknown","evidence":"agency_route","dataDate":null,"metadataModified":"2018-05-02T20:09:15+00:00","retrievedAt":"2026-09-18T02:36:49.784947+00:00","networkType":"Published fiber route; network class not specified","serviceability":"Unconfirmed","routeDiversity":"Unconfirmed","states":["KS"]},"bbox":[-94.9228546833423,38.8118482095586,-94.9224063836403,38.8118487930892]},{"type":"Feature","geometry":{"type":"LineString","coordinates":[[-94.9592722946511,38.8401616690698],[-94.9587246729993,38.8401570785144]]},"properties":{"id":"arcgis-23-2-6e3a8e6519c0672e","sourceId":"arcgis-23-2","source":"Fiber_BackBone \u2014 Fiber Backbone (Approx 31 Miles)","sourceUrl":"https://services5.arcgis.com/Ox3HYmIeiVBmWWrQ/arcgis/rest/services/Fiber_BackBone/FeatureServer/2","name":"Fiber_BackBone \u2014 Fiber Backbone (Approx 31 Miles)","carrier":"Not published","routeStatus":"Unknown","category":"unknown","evidence":"agency_route","dataDate":null,"metadataModified":"2018-05-02T20:09:15+00:00","retrievedAt":"2026-09-18T02:36:49.784947+00:00","networkType":"Published fiber route; network class not specified","serviceability":"Unconfirmed","routeDiversity":"Unconfirmed","states":["KS"]},"bbox":[-94.9592722946511,38.8401570785144,-94.9587246729993,38.8401616690698]},{"type":"Feature","geometry":{"type":"LineString","coordinates":[[-94.9532709617919,38.8401274852579],[-94.952692162141,38.8401305188185]]},"properties":{"id":"arcgis-23-2-e9012c9dff9909ca","sourceId":"arcgis-23-2","source":"Fiber_BackBone \u2014 Fiber Backbone (Approx 31 Miles)","sourceUrl":"https://services5.arcgis.com/Ox3HYmIeiVBmWWrQ/arcgis/rest/services/Fiber_BackBone/FeatureServer/2","name":"Fiber_BackBone \u2014 Fiber Backbone (Approx 31 Miles)","carrier":"Not published","routeStatus":"Unknown","category":"unknown","evidence":"agency_route","dataDate":null,"metadataModified":"2018-05-02T20:09:15+00:00","retrievedAt":"2026-09-18T02:36:49.784947+00:00","networkType":"Published fiber route; network class not specified","serviceability":"Unconfirmed","routeDiversity":"Unconfirmed","states":["KS"]},"bbox":[-94.9532709617919,38.8401274852579,-94.952692162141,38.8401305188185]},{"type":"Feature","geometry":{"type":"LineString","coordinates":[[-94.949079694561,38.8401054358008],[-94.9485191288294,38.8400859191376]]},"properties":{"id":"arcgis-23-2-ab167468a40e9a7e","sourceId":"arcgis-23-2","source":"Fiber_BackBone \u2014 Fiber Backbone (Approx 31 Miles)","sourceUrl":"https://services5.arcgis.com/Ox3HYmIeiVBmWWrQ/arcgis/rest/services/Fiber_BackBone/FeatureServer/2","name":"Fiber_BackBone \u2014 Fiber Backbone (Approx 31 Miles)","carrier":"Not published","routeStatus":"Unknown","category":"unknown","evidence":"agency_route","dataDate":null,"metadataModified":"2018-05-02T20:09:15+00:00","retrievedAt":"2026-09-18T02:36:49.784947+00:00","networkType":"Published fiber route; network class not specified","serviceability":"Unconfirmed","routeDiversity":"Unconfirmed","states":["KS"]},"bbox":[-94.949079694561,38.8400859191376,-94.9485191288294,38.8401054358008]},{"type":"Feature","geometry":{"type":"LineString","coordinates":[[-94.9485191288294,38.8400859191376],[-94.9480890613129,38.8400616855729]]},"properties":{"id":"arcgis-23-2-bef7c852aea987ad","sourceId":"arcgis-23-2","source":"Fiber_BackBone \u2014 Fiber Backbone (Approx 31 Miles)","sourceUrl":"https://services5.arcgis.com/Ox3HYmIeiVBmWWrQ/arcgis/rest/services/Fiber_BackBone/FeatureServer/2","name":"Fiber_BackBone \u2014 Fiber Backbone (Approx 31 Miles)","carrier":"Not published","routeStatus":"Unknown","category":"unknown","evidence":"agency_route","dataDate":null,"metadataModified":"2018-05-02T20:09:15+00:00","retrievedAt":"2026-09-18T02:36:49.784947+00:00","networkType":"Published fiber route; network class not specified","serviceability":"Unconfirmed","routeDiversity":"Unconfirmed","states":["KS"]},"bbox":[-94.9485191288294,38.8400616855729,-94.9480890613129,38.8400859191376]},{"type":"Feature","geometry":{"type":"LineString","coordinates":[[-94.9644713592832,38.825925687484],[-94.9639712615565,38.8259328685938]]},"properties":{"id":"arcgis-23-2-4e6f7f828a594a18","sourceId":"arcgis-23-2","source":"Fiber_BackBone \u2014 Fiber Backbone (Approx 31 Miles)","sourceUrl":"https://services5.arcgis.com/Ox3HYmIeiVBmWWrQ/arcgis/rest/services/Fiber_BackBone/FeatureServer/2","name":"Fiber_BackBone \u2014 Fiber Backbone (Approx 31 Miles)","carrier":"Not published","routeStatus":"Unknown","category":"unknown","evidence":"agency_route","dataDate":null,"metadataModified":"2018-05-02T20:09:15+00:00","retrievedAt":"2026-09-18T02:36:49.784947+00:00","networkType":"Published fiber route; network class not specified","serviceability":"Unconfirmed","routeDiversity":"Unconfirmed","states":["KS"]},"bbox":[-94.9644713592832,38.825925687484,-94.9639712615565,38.8259328685938]},{"type":"Feature","geometry":{"type":"LineString","coordinates":[[-94.9571196615953,38.8258249023566],[-94.9565636454389,38.8258299185976]]},"properties":{"id":"arcgis-23-2-b1a9f04eb0f8513c","sourceId":"arcgis-23-2","source":"Fiber_BackBone \u2014 Fiber Backbone (Approx 31 Miles)","sourceUrl":"https://services5.arcgis.com/Ox3HYmIeiVBmWWrQ/arcgis/rest/services/Fiber_BackBone/FeatureServer/2","name":"Fiber_BackBone \u2014 Fiber Backbone (Approx 31 Miles)","carrier":"Not published","routeStatus":"Unknown","category":"unknown","evidence":"agency_route","dataDate":null,"metadataModified":"2018-05-02T20:09:15+00:00","retrievedAt":"2026-09-18T02:36:49.784947+00:00","networkType":"Published fiber route; network class not specified","serviceability":"Unconfirmed","routeDiversity":"Unconfirmed","states":["KS"]},"bbox":[-94.9571196615953,38.8258249023566,-94.9565636454389,38.8258299185976]},{"type":"Feature","geometry":{"type":"LineString","coordinates":[[-94.9496997281887,38.8258010193128],[-94.9491704612247,38.8258039858327]]},"properties":{"id":"arcgis-23-2-d96064314c75bb92","sourceId":"arcgis-23-2","source":"Fiber_BackBone \u2014 Fiber Backbone (Approx 31 Miles)","sourceUrl":"https://services5.arcgis.com/Ox3HYmIeiVBmWWrQ/arcgis/rest/services/Fiber_BackBone/FeatureServer/2","name":"Fiber_BackBone \u2014 Fiber Backbone (Approx 31 Miles)","carrier":"Not published","routeStatus":"Unknown","category":"unknown","evidence":"agency_route","dataDate":null,"metadataModified":"2018-05-02T20:09:15+00:00","retrievedAt":"2026-09-18T02:36:49.784947+00:00","networkType":"Published fiber route; network class not specified","serviceability":"Unconfirmed","routeDiversity":"Unconfirmed","states":["KS"]},"bbox":[-94.9496997281887,38.8258010193128,-94.9491704612247,38.8258039858327]},{"type":"Feature","geometry":{"type":"LineString","coordinates":[[-94.9463897279986,38.8258904858971],[-94.9460563112326,38.8261522022676]]},"properties":{"id":"arcgis-23-2-6b90b8fa56b89f91","sourceId":"arcgis-23-2","source":"Fiber_BackBone \u2014 Fiber Backbone (Approx 31 Miles)","sourceUrl":"https://services5.arcgis.com/Ox3HYmIeiVBmWWrQ/arcgis/rest/services/Fiber_BackBone/FeatureServer/2","name":"Fiber_BackBone \u2014 Fiber Backbone (Approx 31 Miles)","carrier":"Not published","routeStatus":"Unknown","category":"unknown","evidence":"agency_route","dataDate":null,"metadataModified":"2018-05-02T20:09:15+00:00","retrievedAt":"2026-09-18T02:36:49.784947+00:00","networkType":"Published fiber route; network class not specified","serviceability":"Unconfirmed","routeDiversity":"Unconfirmed","states":["KS"]},"bbox":[-94.9463897279986,38.8258904858971,-94.9460563112326,38.8261522022676]},{"type":"Feature","geometry":{"type":"LineString","coordinates":[[-94.9224063836403,38.8118482095586],[-94.9220640885032,38.8118466128492]]},"properties":{"id":"arcgis-23-2-cccc411427c0ecf1","sourceId":"arcgis-23-2","source":"Fiber_BackBone \u2014 Fiber Backbone (Approx 31 Miles)","sourceUrl":"https://services5.arcgis.com/Ox3HYmIeiVBmWWrQ/arcgis/rest/services/Fiber_BackBone/FeatureServer/2","name":"Fiber_BackBone \u2014 Fiber Backbone (Approx 31 Miles)","carrier":"Not published","routeStatus":"Unknown","category":"unknown","evidence":"agency_route","dataDate":null,"metadataModified":"2018-05-02T20:09:15+00:00","retrievedAt":"2026-09-18T02:36:49.784947+00:00","networkType":"Published fiber route; network class not specified","serviceability":"Unconfirmed","routeDiversity":"Unconfirmed","states":["KS"]},"bbox":[-94.9224063836403,38.8118466128492,-94.9220640885032,38.8118482095586]},{"type":"Feature","geometry":{"type":"LineString","coordinates":[[-94.9220640885032,38.8118466128492],[-94.9217375619569,38.8118460025159]]},"properties":{"id":"arcgis-23-2-62397be273cb97e6","sourceId":"arcgis-23-2","source":"Fiber_BackBone \u2014 Fiber Backbone (Approx 31 Miles)","sourceUrl":"https://services5.arcgis.com/Ox3HYmIeiVBmWWrQ/arcgis/rest/services/Fiber_BackBone/FeatureServer/2","name":"Fiber_BackBone \u2014 Fiber Backbone (Approx 31 Miles)","carrier":"Not published","routeStatus":"Unknown","category":"unknown","evidence":"agency_route","dataDate":null,"metadataModified":"2018-05-02T20:09:15+00:00","retrievedAt":"2026-09-18T02:36:49.784947+00:00","networkType":"Published fiber route; network class not specified","serviceability":"Unconfirmed","routeDiversity":"Unconfirmed","states":["KS"]},"bbox":[-94.9220640885032,38.8118460025159,-94.9217375619569,38.8118466128492]},{"type":"Feature","geometry":{"type":"LineString","coordinates":[[-94.9210533086828,38.8118421821588],[-94.9205725025086,38.8118584674882]]},"properties":{"id":"arcgis-23-2-eccd304cc2adea6d","sourceId":"arcgis-23-2","source":"Fiber_BackBone \u2014 Fiber Backbone (Approx 31 Miles)","sourceUrl":"https://services5.arcgis.com/Ox3HYmIeiVBmWWrQ/arcgis/rest/services/Fiber_BackBone/FeatureServer/2","name":"Fiber_BackBone \u2014 Fiber Backbone (Approx 31 Miles)","carrier":"Not published","routeStatus":"Unknown","category":"unknown","evidence":"agency_route","dataDate":null,"metadataModified":"2018-05-02T20:09:15+00:00","retrievedAt":"2026-09-18T02:36:49.784947+00:00","networkType":"Published fiber route; network class not specified","serviceability":"Unconfirmed","routeDiversity":"Unconfirmed","states":["KS"]},"bbox":[-94.9210533086828,38.8118421821588,-94.9205725025086,38.8118584674882]},{"type":"Feature","geometry":{"type":"LineString","coordinates":[[-94.9205725025086,38.8118584674882],[-94.9205910647376,38.8115611449682]]},"properties":{"id":"arcgis-23-2-ab72e27fe6c0beeb","sourceId":"arcgis-23-2","source":"Fiber_BackBone \u2014 Fiber Backbone (Approx 31 Miles)","sourceUrl":"https://services5.arcgis.com/Ox3HYmIeiVBmWWrQ/arcgis/rest/services/Fiber_BackBone/FeatureServer/2","name":"Fiber_BackBone \u2014 Fiber Backbone (Approx 31 Miles)","carrier":"Not published","routeStatus":"Unknown","category":"unknown","evidence":"agency_route","dataDate":null,"metadataModified":"2018-05-02T20:09:15+00:00","retrievedAt":"2026-09-18T02:36:49.784947+00:00","networkType":"Published fiber route; network class not specified","serviceability":"Unconfirmed","routeDiversity":"Unconfirmed","states":["KS"]},"bbox":[-94.9205910647376,38.8115611449682,-94.9205725025086,38.8118584674882]},{"type":"Feature","geometry":{"type":"LineString","coordinates":[[-94.9205910647376,38.8115611449682],[-94.9200779837345,38.8115522483371]]},"properties":{"id":"arcgis-23-2-cef43efcfe6d510f","sourceId":"arcgis-23-2","source":"Fiber_BackBone \u2014 Fiber Backbone (Approx 31 Miles)","sourceUrl":"https://services5.arcgis.com/Ox3HYmIeiVBmWWrQ/arcgis/rest/services/Fiber_BackBone/FeatureServer/2","name":"Fiber_BackBone \u2014 Fiber Backbone (Approx 31 Miles)","carrier":"Not published","routeStatus":"Unknown","category":"unknown","evidence":"agency_route","dataDate":null,"metadataModified":"2018-05-02T20:09:15+00:00","retrievedAt":"2026-09-18T02:36:49.784947+00:00","networkType":"Published fiber route; network class not specified","serviceability":"Unconfirmed","routeDiversity":"Unconfirmed","states":["KS"]},"bbox":[-94.9205910647376,38.8115522483371,-94.9200779837345,38.8115611449682]},{"type":"Feature","geometry":{"type":"LineString","coordinates":[[-94.9200779837345,38.8115522483371],[-94.9196571001661,38.8115486154475]]},"properties":{"id":"arcgis-23-2-0fb89c697ff38d48","sourceId":"arcgis-23-2","source":"Fiber_BackBone \u2014 Fiber Backbone (Approx 31 Miles)","sourceUrl":"https://services5.arcgis.com/Ox3HYmIeiVBmWWrQ/arcgis/rest/services/Fiber_BackBone/FeatureServer/2","name":"Fiber_BackBone \u2014 Fiber Backbone (Approx 31 Miles)","carrier":"Not published","routeStatus":"Unknown","category":"unknown","evidence":"agency_route","dataDate":null,"metadataModified":"2018-05-02T20:09:15+00:00","retrievedAt":"2026-09-18T02:36:49.784947+00:00","networkType":"Published fiber route; network class not specified","serviceability":"Unconfirmed","routeDiversity":"Unconfirmed","states":["KS"]},"bbox":[-94.9200779837345,38.8115486154475,-94.9196571001661,38.8115522483371]},{"type":"Feature","geometry":{"type":"LineString","coordinates":[[-94.9196571001661,38.8115486154475],[-94.919091711893,38.8115428690273]]},"properties":{"id":"arcgis-23-2-2fbebb4d2d3f2c77","sourceId":"arcgis-23-2","source":"Fiber_BackBone \u2014 Fiber Backbone (Approx 31 Miles)","sourceUrl":"https://services5.arcgis.com/Ox3HYmIeiVBmWWrQ/arcgis/rest/services/Fiber_BackBone/FeatureServer/2","name":"Fiber_BackBone \u2014 Fiber Backbone (Approx 31 Miles)","carrier":"Not published","routeStatus":"Unknown","category":"unknown","evidence":"agency_route","dataDate":null,"metadataModified":"2018-05-02T20:09:15+00:00","retrievedAt":"2026-09-18T02:36:49.784947+00:00","networkType":"Published fiber route; network class not specified","serviceability":"Unconfirmed","routeDiversity":"Unconfirmed","states":["KS"]},"bbox":[-94.9196571001661,38.8115428690273,-94.919091711893,38.8115486154475]},{"type":"Feature","geometry":{"type":"LineString","coordinates":[[-94.919091711893,38.8115428690273],[-94.9188056278141,38.8115522190424]]},"properties":{"id":"arcgis-23-2-645f72aa2ec9d340","sourceId":"arcgis-23-2","source":"Fiber_BackBone \u2014 Fiber Backbone (Approx 31 Miles)","sourceUrl":"https://services5.arcgis.com/Ox3HYmIeiVBmWWrQ/arcgis/rest/services/Fiber_BackBone/FeatureServer/2","name":"Fiber_BackBone \u2014 Fiber Backbone (Approx 31 Miles)","carrier":"Not published","routeStatus":"Unknown","category":"unknown","evidence":"agency_route","dataDate":null,"metadataModified":"2018-05-02T20:09:15+00:00","retrievedAt":"2026-09-18T02:36:49.784947+00:00","networkType":"Published fiber route; network class not specified","serviceability":"Unconfirmed","routeDiversity":"Unconfirmed","states":["KS"]},"bbox":[-94.919091711893,38.8115428690273,-94.9188056278141,38.8115522190424]},{"type":"Feature","geometry":{"type":"LineString","coordinates":[[-94.9188056278141,38.8115522190424],[-94.9186542319837,38.8115400379899]]},"properties":{"id":"arcgis-23-2-fe202bac89dd411b","sourceId":"arcgis-23-2","source":"Fiber_BackBone \u2014 Fiber Backbone (Approx 31 Miles)","sourceUrl":"https://services5.arcgis.com/Ox3HYmIeiVBmWWrQ/arcgis/rest/services/Fiber_BackBone/FeatureServer/2","name":"Fiber_BackBone \u2014 Fiber Backbone (Approx 31 Miles)","carrier":"Not published","routeStatus":"Unknown","category":"unknown","evidence":"agency_route","dataDate":null,"metadataModified":"2018-05-02T20:09:15+00:00","retrievedAt":"2026-09-18T02:36:49.784947+00:00","networkType":"Published fiber route; network class not specified","serviceability":"Unconfirmed","routeDiversity":"Unconfirmed","states":["KS"]},"bbox":[-94.9188056278141,38.8115400379899,-94.9186542319837,38.8115522190424]},{"type":"Feature","geometry":{"type":"LineString","coordinates":[[-94.9186542319837,38.8115400379899],[-94.9182179117977,38.8115402854194]]},"properties":{"id":"arcgis-23-2-197af3267e5a9a81","sourceId":"arcgis-23-2","source":"Fiber_BackBone \u2014 Fiber Backbone (Approx 31 Miles)","sourceUrl":"https://services5.arcgis.com/Ox3HYmIeiVBmWWrQ/arcgis/rest/services/Fiber_BackBone/FeatureServer/2","name":"Fiber_BackBone \u2014 Fiber Backbone (Approx 31 Miles)","carrier":"Not published","routeStatus":"Unknown","category":"unknown","evidence":"agency_route","dataDate":null,"metadataModified":"2018-05-02T20:09:15+00:00","retrievedAt":"2026-09-18T02:36:49.784947+00:00","networkType":"Published fiber route; network class not specified","serviceability":"Unconfirmed","routeDiversity":"Unconfirmed","states":["KS"]},"bbox":[-94.9186542319837,38.8115400379899,-94.9182179117977,38.8115402854194]},{"type":"Feature","geometry":{"type":"LineString","coordinates":[[-94.9182179117977,38.8115402854194],[-94.9178517983165,38.8115388006881]]},"properties":{"id":"arcgis-23-2-0b14353b3b5d5b44","sourceId":"arcgis-23-2","source":"Fiber_BackBone \u2014 Fiber Backbone (Approx 31 Miles)","sourceUrl":"https://services5.arcgis.com/Ox3HYmIeiVBmWWrQ/arcgis/rest/services/Fiber_BackBone/FeatureServer/2","name":"Fiber_BackBone \u2014 Fiber Backbone (Approx 31 Miles)","carrier":"Not published","routeStatus":"Unknown","category":"unknown","evidence":"agency_route","dataDate":null,"metadataModified":"2018-05-02T20:09:15+00:00","retrievedAt":"2026-09-18T02:36:49.784947+00:00","networkType":"Published fiber route; network class not specified","serviceability":"Unconfirmed","routeDiversity":"Unconfirmed","states":["KS"]},"bbox":[-94.9182179117977,38.8115388006881,-94.9178517983165,38.8115402854194]},{"type":"Feature","geometry":{"type":"LineString","coordinates":[[-94.9175030945192,38.8115373856637],[-94.9171722111469,38.8115426690821]]},"properties":{"id":"arcgis-23-2-e17510fd9503f385","sourceId":"arcgis-23-2","source":"Fiber_BackBone \u2014 Fiber Backbone (Approx 31 Miles)","sourceUrl":"https://services5.arcgis.com/Ox3HYmIeiVBmWWrQ/arcgis/rest/services/Fiber_BackBone/FeatureServer/2","name":"Fiber_BackBone \u2014 Fiber Backbone (Approx 31 Miles)","carrier":"Not published","routeStatus":"Unknown","category":"unknown","evidence":"agency_route","dataDate":null,"metadataModified":"2018-05-02T20:09:15+00:00","retrievedAt":"2026-09-18T02:36:49.784947+00:00","networkType":"Published fiber route; network class not specified","serviceability":"Unconfirmed","routeDiversity":"Unconfirmed","states":["KS"]},"bbox":[-94.9175030945192,38.8115373856637,-94.9171722111469,38.8115426690821]},{"type":"Feature","geometry":{"type":"LineString","coordinates":[[-94.9171722111469,38.8115426690821],[-94.9168711951427,38.8115377853911]]},"properties":{"id":"arcgis-23-2-10d70fd2858b05d3","sourceId":"arcgis-23-2","source":"Fiber_BackBone \u2014 Fiber Backbone (Approx 31 Miles)","sourceUrl":"https://services5.arcgis.com/Ox3HYmIeiVBmWWrQ/arcgis/rest/services/Fiber_BackBone/FeatureServer/2","name":"Fiber_BackBone \u2014 Fiber Backbone (Approx 31 Miles)","carrier":"Not published","routeStatus":"Unknown","category":"unknown","evidence":"agency_route","dataDate":null,"metadataModified":"2018-05-02T20:09:15+00:00","retrievedAt":"2026-09-18T02:36:49.784947+00:00","networkType":"Published fiber route; network class not specified","serviceability":"Unconfirmed","routeDiversity":"Unconfirmed","states":["KS"]},"bbox":[-94.9171722111469,38.8115377853911,-94.9168711951427,38.8115426690821]},{"type":"Feature","geometry":{"type":"LineString","coordinates":[[-94.9168711951427,38.8115377853911],[-94.916515106791,38.8115398633898]]},"properties":{"id":"arcgis-23-2-a34cae3ad4d8e994","sourceId":"arcgis-23-2","source":"Fiber_BackBone \u2014 Fiber Backbone (Approx 31 Miles)","sourceUrl":"https://services5.arcgis.com/Ox3HYmIeiVBmWWrQ/arcgis/rest/services/Fiber_BackBone/FeatureServer/2","name":"Fiber_BackBone \u2014 Fiber Backbone (Approx 31 Miles)","carrier":"Not published","routeStatus":"Unknown","category":"unknown","evidence":"agency_route","dataDate":null,"metadataModified":"2018-05-02T20:09:15+00:00","retrievedAt":"2026-09-18T02:36:49.784947+00:00","networkType":"Published fiber route; network class not specified","serviceability":"Unconfirmed","routeDiversity":"Unconfirmed","states":["KS"]},"bbox":[-94.9168711951427,38.8115377853911,-94.916515106791,38.8115398633898]},{"type":"Feature","geometry":{"type":"LineString","coordinates":[[-94.916515106791,38.8115398633898],[-94.9162212041846,38.8115330287112]]},"properties":{"id":"arcgis-23-2-c3b343e4e6e04f02","sourceId":"arcgis-23-2","source":"Fiber_BackBone \u2014 Fiber Backbone (Approx 31 Miles)","sourceUrl":"https://services5.arcgis.com/Ox3HYmIeiVBmWWrQ/arcgis/rest/services/Fiber_BackBone/FeatureServer/2","name":"Fiber_BackBone \u2014 Fiber Backbone (Approx 31 Miles)","carrier":"Not published","routeStatus":"Unknown","category":"unknown","evidence":"agency_route","dataDate":null,"metadataModified":"2018-05-02T20:09:15+00:00","retrievedAt":"2026-09-18T02:36:49.784947+00:00","networkType":"Published fiber route; network class not specified","serviceability":"Unconfirmed","routeDiversity":"Unconfirmed","states":["KS"]},"bbox":[-94.916515106791,38.8115330287112,-94.9162212041846,38.8115398633898]},{"type":"Feature","geometry":{"type":"LineString","coordinates":[[-94.9162212041846,38.8115330287112],[-94.9157701788344,38.8115341855052]]},"properties":{"id":"arcgis-23-2-efc8f1ba3f8d2bda","sourceId":"arcgis-23-2","source":"Fiber_BackBone \u2014 Fiber Backbone (Approx 31 Miles)","sourceUrl":"https://services5.arcgis.com/Ox3HYmIeiVBmWWrQ/arcgis/rest/services/Fiber_BackBone/FeatureServer/2","name":"Fiber_BackBone \u2014 Fiber Backbone (Approx 31 Miles)","carrier":"Not published","routeStatus":"Unknown","category":"unknown","evidence":"agency_route","dataDate":null,"metadataModified":"2018-05-02T20:09:15+00:00","retrievedAt":"2026-09-18T02:36:49.784947+00:00","networkType":"Published fiber route; network class not specified","serviceability":"Unconfirmed","routeDiversity":"Unconfirmed","states":["KS"]},"bbox":[-94.9162212041846,38.8115330287112,-94.9157701788344,38.8115341855052]},{"type":"Feature","geometry":{"type":"LineString","coordinates":[[-94.9157701788344,38.8115341855052],[-94.9154569458882,38.8115376018806]]},"properties":{"id":"arcgis-23-2-7bafc182d7aa3155","sourceId":"arcgis-23-2","source":"Fiber_BackBone \u2014 Fiber Backbone (Approx 31 Miles)","sourceUrl":"https://services5.arcgis.com/Ox3HYmIeiVBmWWrQ/arcgis/rest/services/Fiber_BackBone/FeatureServer/2","name":"Fiber_BackBone \u2014 Fiber Backbone (Approx 31 Miles)","carrier":"Not published","routeStatus":"Unknown","category":"unknown","evidence":"agency_route","dataDate":null,"metadataModified":"2018-05-02T20:09:15+00:00","retrievedAt":"2026-09-18T02:36:49.784947+00:00","networkType":"Published fiber route; network class not specified","serviceability":"Unconfirmed","routeDiversity":"Unconfirmed","states":["KS"]},"bbox":[-94.9157701788344,38.8115341855052,-94.9154569458882,38.8115376018806]},{"type":"Feature","geometry":{"type":"LineString","coordinates":[[-94.9154569458882,38.8115376018806],[-94.9149860544102,38.8115406487737]]},"properties":{"id":"arcgis-23-2-b0c06b74d0d174ad","sourceId":"arcgis-23-2","source":"Fiber_BackBone \u2014 Fiber Backbone (Approx 31 Miles)","sourceUrl":"https://services5.arcgis.com/Ox3HYmIeiVBmWWrQ/arcgis/rest/services/Fiber_BackBone/FeatureServer/2","name":"Fiber_BackBone \u2014 Fiber Backbone (Approx 31 Miles)","carrier":"Not published","routeStatus":"Unknown","category":"unknown","evidence":"agency_route","dataDate":null,"metadataModified":"2018-05-02T20:09:15+00:00","retrievedAt":"2026-09-18T02:36:49.784947+00:00","networkType":"Published fiber route; network class not specified","serviceability":"Unconfirmed","routeDiversity":"Unconfirmed","states":["KS"]},"bbox":[-94.9154569458882,38.8115376018806,-94.9149860544102,38.8115406487737]},{"type":"Feature","geometry":{"type":"LineString","coordinates":[[-94.9144020446917,38.811536269398],[-94.9142235504613,38.8115419355377]]},"properties":{"id":"arcgis-23-2-a8abbfcbb84f342c","sourceId":"arcgis-23-2","source":"Fiber_BackBone \u2014 Fiber Backbone (Approx 31 Miles)","sourceUrl":"https://services5.arcgis.com/Ox3HYmIeiVBmWWrQ/arcgis/rest/services/Fiber_BackBone/FeatureServer/2","name":"Fiber_BackBone \u2014 Fiber Backbone (Approx 31 Miles)","carrier":"Not published","routeStatus":"Unknown","category":"unknown","evidence":"agency_route","dataDate":null,"metadataModified":"2018-05-02T20:09:15+00:00","retrievedAt":"2026-09-18T02:36:49.784947+00:00","networkType":"Published fiber route; network class not specified","serviceability":"Unconfirmed","routeDiversity":"Unconfirmed","states":["KS"]},"bbox":[-94.9144020446917,38.811536269398,-94.9142235504613,38.8115419355377]},{"type":"Feature","geometry":{"type":"LineString","coordinates":[[-94.9142235504613,38.8115419355377],[-94.9142346835441,38.8115931518965]]},"properties":{"id":"arcgis-23-2-dd4935e078d42607","sourceId":"arcgis-23-2","source":"Fiber_BackBone \u2014 Fiber Backbone (Approx 31 Miles)","sourceUrl":"https://services5.arcgis.com/Ox3HYmIeiVBmWWrQ/arcgis/rest/services/Fiber_BackBone/FeatureServer/2","name":"Fiber_BackBone \u2014 Fiber Backbone (Approx 31 Miles)","carrier":"Not published","routeStatus":"Unknown","category":"unknown","evidence":"agency_route","dataDate":null,"metadataModified":"2018-05-02T20:09:15+00:00","retrievedAt":"2026-09-18T02:36:49.784947+00:00","networkType":"Published fiber route; network class not specified","serviceability":"Unconfirmed","routeDiversity":"Unconfirmed","states":["KS"]},"bbox":[-94.9142346835441,38.8115419355377,-94.9142235504613,38.8115931518965]},{"type":"Feature","geometry":{"type":"LineString","coordinates":[[-94.9142346835441,38.8115931518965],[-94.9142100075693,38.8118127065376]]},"properties":{"id":"arcgis-23-2-b1140c4aeb78caf8","sourceId":"arcgis-23-2","source":"Fiber_BackBone \u2014 Fiber Backbone (Approx 31 Miles)","sourceUrl":"https://services5.arcgis.com/Ox3HYmIeiVBmWWrQ/arcgis/rest/services/Fiber_BackBone/FeatureServer/2","name":"Fiber_BackBone \u2014 Fiber Backbone (Approx 31 Miles)","carrier":"Not published","routeStatus":"Unknown","category":"unknown","evidence":"agency_route","dataDate":null,"metadataModified":"2018-05-02T20:09:15+00:00","retrievedAt":"2026-09-18T02:36:49.784947+00:00","networkType":"Published fiber route; network class not specified","serviceability":"Unconfirmed","routeDiversity":"Unconfirmed","states":["KS"]},"bbox":[-94.9142346835441,38.8115931518965,-94.9142100075693,38.8118127065376]},{"type":"Feature","geometry":{"type":"LineString","coordinates":[[-94.9142542347319,38.8121198740694],[-94.9142022140932,38.8123573264981]]},"properties":{"id":"arcgis-23-2-134708135ff55add","sourceId":"arcgis-23-2","source":"Fiber_BackBone \u2014 Fiber Backbone (Approx 31 Miles)","sourceUrl":"https://services5.arcgis.com/Ox3HYmIeiVBmWWrQ/arcgis/rest/services/Fiber_BackBone/FeatureServer/2","name":"Fiber_BackBone \u2014 Fiber Backbone (Approx 31 Miles)","carrier":"Not published","routeStatus":"Unknown","category":"unknown","evidence":"agency_route","dataDate":null,"metadataModified":"2018-05-02T20:09:15+00:00","retrievedAt":"2026-09-18T02:36:49.784947+00:00","networkType":"Published fiber route; network class not specified","serviceability":"Unconfirmed","routeDiversity":"Unconfirmed","states":["KS"]},"bbox":[-94.9142542347319,38.8121198740694,-94.9142022140932,38.8123573264981]},{"type":"Feature","geometry":{"type":"LineString","coordinates":[[-94.9142022140932,38.8123573264981],[-94.9142017982383,38.8127755598785]]},"properties":{"id":"arcgis-23-2-53c5265e52dfb1ad","sourceId":"arcgis-23-2","source":"Fiber_BackBone \u2014 Fiber Backbone (Approx 31 Miles)","sourceUrl":"https://services5.arcgis.com/Ox3HYmIeiVBmWWrQ/arcgis/rest/services/Fiber_BackBone/FeatureServer/2","name":"Fiber_BackBone \u2014 Fiber Backbone (Approx 31 Miles)","carrier":"Not published","routeStatus":"Unknown","category":"unknown","evidence":"agency_route","dataDate":null,"metadataModified":"2018-05-02T20:09:15+00:00","retrievedAt":"2026-09-18T02:36:49.784947+00:00","networkType":"Published fiber route; network class not specified","serviceability":"Unconfirmed","routeDiversity":"Unconfirmed","states":["KS"]},"bbox":[-94.9142022140932,38.8123573264981,-94.9142017982383,38.8127755598785]},{"type":"Feature","geometry":{"type":"LineString","coordinates":[[-94.9142017982383,38.8127755598785],[-94.9142021312839,38.8131881068404]]},"properties":{"id":"arcgis-23-2-3276cfac5ed5bbad","sourceId":"arcgis-23-2","source":"Fiber_BackBone \u2014 Fiber Backbone (Approx 31 Miles)","sourceUrl":"https://services5.arcgis.com/Ox3HYmIeiVBmWWrQ/arcgis/rest/services/Fiber_BackBone/FeatureServer/2","name":"Fiber_BackBone \u2014 Fiber Backbone (Approx 31 Miles)","carrier":"Not published","routeStatus":"Unknown","category":"unknown","evidence":"agency_route","dataDate":null,"metadataModified":"2018-05-02T20:09:15+00:00","retrievedAt":"2026-09-18T02:36:49.784947+00:00","networkType":"Published fiber route; network class not specified","serviceability":"Unconfirmed","routeDiversity":"Unconfirmed","states":["KS"]},"bbox":[-94.9142021312839,38.8127755598785,-94.9142017982383,38.8131881068404]},{"type":"Feature","geometry":{"type":"LineString","coordinates":[[-94.9142021312839,38.8131881068404],[-94.9141920284354,38.8135736191722]]},"properties":{"id":"arcgis-23-2-762aae49224643f2","sourceId":"arcgis-23-2","source":"Fiber_BackBone \u2014 Fiber Backbone (Approx 31 Miles)","sourceUrl":"https://services5.arcgis.com/Ox3HYmIeiVBmWWrQ/arcgis/rest/services/Fiber_BackBone/FeatureServer/2","name":"Fiber_BackBone \u2014 Fiber Backbone (Approx 31 Miles)","carrier":"Not published","routeStatus":"Unknown","category":"unknown","evidence":"agency_route","dataDate":null,"metadataModified":"2018-05-02T20:09:15+00:00","retrievedAt":"2026-09-18T02:36:49.784947+00:00","networkType":"Published fiber route; network class not specified","serviceability":"Unconfirmed","routeDiversity":"Unconfirmed","states":["KS"]},"bbox":[-94.9142021312839,38.8131881068404,-94.9141920284354,38.8135736191722]},{"type":"Feature","geometry":{"type":"LineString","coordinates":[[-94.9263606945017,38.8105453693593],[-94.9262003787573,38.8105437024058]]},"properties":{"id":"arcgis-23-2-5f26bedbccd4936c","sourceId":"arcgis-23-2","source":"Fiber_BackBone \u2014 Fiber Backbone (Approx 31 Miles)","sourceUrl":"https://services5.arcgis.com/Ox3HYmIeiVBmWWrQ/arcgis/rest/services/Fiber_BackBone/FeatureServer/2","name":"Fiber_BackBone \u2014 Fiber Backbone (Approx 31 Miles)","carrier":"Not published","routeStatus":"Unknown","category":"unknown","evidence":"agency_route","dataDate":null,"metadataModified":"2018-05-02T20:09:15+00:00","retrievedAt":"2026-09-18T02:36:49.784947+00:00","networkType":"Published fiber route; network class not specified","serviceability":"Unconfirmed","routeDiversity":"Unconfirmed","states":["KS"]},"bbox":[-94.9263606945017,38.8105437024058,-94.9262003787573,38.8105453693593]},{"type":"Feature","geometry":{"type":"LineString","coordinates":[[-94.9262003787573,38.8105437024058],[-94.9259104287684,38.8105471021435]]},"properties":{"id":"arcgis-23-2-411a5ebc227a41c8","sourceId":"arcgis-23-2","source":"Fiber_BackBone \u2014 Fiber Backbone (Approx 31 Miles)","sourceUrl":"https://services5.arcgis.com/Ox3HYmIeiVBmWWrQ/arcgis/rest/services/Fiber_BackBone/FeatureServer/2","name":"Fiber_BackBone \u2014 Fiber Backbone (Approx 31 Miles)","carrier":"Not published","routeStatus":"Unknown","category":"unknown","evidence":"agency_route","dataDate":null,"metadataModified":"2018-05-02T20:09:15+00:00","retrievedAt":"2026-09-18T02:36:49.784947+00:00","networkType":"Published fiber route; network class not specified","serviceability":"Unconfirmed","routeDiversity":"Unconfirmed","states":["KS"]},"bbox":[-94.9262003787573,38.8105437024058,-94.9259104287684,38.8105471021435]},{"type":"Feature","geometry":{"type":"LineString","coordinates":[[-94.9259104287684,38.8105471021435],[-94.9256122115132,38.8105504860704]]},"properties":{"id":"arcgis-23-2-10db90bea1510a20","sourceId":"arcgis-23-2","source":"Fiber_BackBone \u2014 Fiber Backbone (Approx 31 Miles)","sourceUrl":"https://services5.arcgis.com/Ox3HYmIeiVBmWWrQ/arcgis/rest/services/Fiber_BackBone/FeatureServer/2","name":"Fiber_BackBone \u2014 Fiber Backbone (Approx 31 Miles)","carrier":"Not published","routeStatus":"Unknown","category":"unknown","evidence":"agency_route","dataDate":null,"metadataModified":"2018-05-02T20:09:15+00:00","retrievedAt":"2026-09-18T02:36:49.784947+00:00","networkType":"Published fiber route; network class not specified","serviceability":"Unconfirmed","routeDiversity":"Unconfirmed","states":["KS"]},"bbox":[-94.9259104287684,38.8105471021435,-94.9256122115132,38.8105504860704]},{"type":"Feature","geometry":{"type":"LineString","coordinates":[[-94.9256122115132,38.8105504860704],[-94.9251449948492,38.8105525694265]]},"properties":{"id":"arcgis-23-2-682e930a11040748","sourceId":"arcgis-23-2","source":"Fiber_BackBone \u2014 Fiber Backbone (Approx 31 Miles)","sourceUrl":"https://services5.arcgis.com/Ox3HYmIeiVBmWWrQ/arcgis/rest/services/Fiber_BackBone/FeatureServer/2","name":"Fiber_BackBone \u2014 Fiber Backbone (Approx 31 Miles)","carrier":"Not published","routeStatus":"Unknown","category":"unknown","evidence":"agency_route","dataDate":null,"metadataModified":"2018-05-02T20:09:15+00:00","retrievedAt":"2026-09-18T02:36:49.784947+00:00","networkType":"Published fiber route; network class not specified","serviceability":"Unconfirmed","routeDiversity":"Unconfirmed","states":["KS"]},"bbox":[-94.9256122115132,38.8105504860704,-94.9251449948492,38.8105525694265]},{"type":"Feature","geometry":{"type":"LineString","coordinates":[[-94.9251449948492,38.8105525694265],[-94.9247050833105,38.8105646685849]]},"properties":{"id":"arcgis-23-2-107c33cd8f2c0eee","sourceId":"arcgis-23-2","source":"Fiber_BackBone \u2014 Fiber Backbone (Approx 31 Miles)","sourceUrl":"https://services5.arcgis.com/Ox3HYmIeiVBmWWrQ/arcgis/rest/services/Fiber_BackBone/FeatureServer/2","name":"Fiber_BackBone \u2014 Fiber Backbone (Approx 31 Miles)","carrier":"Not published","routeStatus":"Unknown","category":"unknown","evidence":"agency_route","dataDate":null,"metadataModified":"2018-05-02T20:09:15+00:00","retrievedAt":"2026-09-18T02:36:49.784947+00:00","networkType":"Published fiber route; network class not specified","serviceability":"Unconfirmed","routeDiversity":"Unconfirmed","states":["KS"]},"bbox":[-94.9251449948492,38.8105525694265,-94.9247050833105,38.8105646685849]},{"type":"Feature","geometry":{"type":"LineString","coordinates":[[-94.9247050833105,38.8105646685849],[-94.9242371283964,38.8105722853986]]},"properties":{"id":"arcgis-23-2-a17044f5903db044","sourceId":"arcgis-23-2","source":"Fiber_BackBone \u2014 Fiber Backbone (Approx 31 Miles)","sourceUrl":"https://services5.arcgis.com/Ox3HYmIeiVBmWWrQ/arcgis/rest/services/Fiber_BackBone/FeatureServer/2","name":"Fiber_BackBone \u2014 Fiber Backbone (Approx 31 Miles)","carrier":"Not published","routeStatus":"Unknown","category":"unknown","evidence":"agency_route","dataDate":null,"metadataModified":"2018-05-02T20:09:15+00:00","retrievedAt":"2026-09-18T02:36:49.784947+00:00","networkType":"Published fiber route; network class not specified","serviceability":"Unconfirmed","routeDiversity":"Unconfirmed","states":["KS"]},"bbox":[-94.9247050833105,38.8105646685849,-94.9242371283964,38.8105722853986]},{"type":"Feature","geometry":{"type":"LineString","coordinates":[[-94.9242371283964,38.8105722853986],[-94.9238692615683,38.8105850690681]]},"properties":{"id":"arcgis-23-2-ffd82da374a72858","sourceId":"arcgis-23-2","source":"Fiber_BackBone \u2014 Fiber Backbone (Approx 31 Miles)","sourceUrl":"https://services5.arcgis.com/Ox3HYmIeiVBmWWrQ/arcgis/rest/services/Fiber_BackBone/FeatureServer/2","name":"Fiber_BackBone \u2014 Fiber Backbone (Approx 31 Miles)","carrier":"Not published","routeStatus":"Unknown","category":"unknown","evidence":"agency_route","dataDate":null,"metadataModified":"2018-05-02T20:09:15+00:00","retrievedAt":"2026-09-18T02:36:49.784947+00:00","networkType":"Published fiber route; network class not specified","serviceability":"Unconfirmed","routeDiversity":"Unconfirmed","states":["KS"]},"bbox":[-94.9242371283964,38.8105722853986,-94.9238692615683,38.8105850690681]},{"type":"Feature","geometry":{"type":"LineString","coordinates":[[-94.9238692615683,38.8105850690681],[-94.9234249611584,38.8105969358144]]},"properties":{"id":"arcgis-23-2-20d85838616b097e","sourceId":"arcgis-23-2","source":"Fiber_BackBone \u2014 Fiber Backbone (Approx 31 Miles)","sourceUrl":"https://services5.arcgis.com/Ox3HYmIeiVBmWWrQ/arcgis/rest/services/Fiber_BackBone/FeatureServer/2","name":"Fiber_BackBone \u2014 Fiber Backbone (Approx 31 Miles)","carrier":"Not published","routeStatus":"Unknown","category":"unknown","evidence":"agency_route","dataDate":null,"metadataModified":"2018-05-02T20:09:15+00:00","retrievedAt":"2026-09-18T02:36:49.784947+00:00","networkType":"Published fiber route; network class not specified","serviceability":"Unconfirmed","routeDiversity":"Unconfirmed","states":["KS"]},"bbox":[-94.9238692615683,38.8105850690681,-94.9234249611584,38.8105969358144]},{"type":"Feature","geometry":{"type":"LineString","coordinates":[[-94.9457009591659,38.811425246491],[-94.9460512905748,38.8113359863183]]},"properties":{"id":"arcgis-23-2-529c8c6f393612b6","sourceId":"arcgis-23-2","source":"Fiber_BackBone \u2014 Fiber Backbone (Approx 31 Miles)","sourceUrl":"https://services5.arcgis.com/Ox3HYmIeiVBmWWrQ/arcgis/rest/services/Fiber_BackBone/FeatureServer/2","name":"Fiber_BackBone \u2014 Fiber Backbone (Approx 31 Miles)","carrier":"Not published","routeStatus":"Unknown","category":"unknown","evidence":"agency_route","dataDate":null,"metadataModified":"2018-05-02T20:09:15+00:00","retrievedAt":"2026-09-18T02:36:49.784947+00:00","networkType":"Published fiber route; network class not specified","serviceability":"Unconfirmed","routeDiversity":"Unconfirmed","states":["KS"]},"bbox":[-94.9460512905748,38.8113359863183,-94.9457009591659,38.811425246491]},{"type":"Feature","geometry":{"type":"LineString","coordinates":[[-94.9499821945421,38.8112447880648],[-94.9505614110936,38.8112470219693]]},"properties":{"id":"arcgis-23-2-ebb11065a1dfa753","sourceId":"arcgis-23-2","source":"Fiber_BackBone \u2014 Fiber Backbone (Approx 31 Miles)","sourceUrl":"https://services5.arcgis.com/Ox3HYmIeiVBmWWrQ/arcgis/rest/services/Fiber_BackBone/FeatureServer/2","name":"Fiber_BackBone \u2014 Fiber Backbone (Approx 31 Miles)","carrier":"Not published","routeStatus":"Unknown","category":"unknown","evidence":"agency_route","dataDate":null,"metadataModified":"2018-05-02T20:09:15+00:00","retrievedAt":"2026-09-18T02:36:49.784947+00:00","networkType":"Published fiber route; network class not specified","serviceability":"Unconfirmed","routeDiversity":"Unconfirmed","states":["KS"]},"bbox":[-94.9505614110936,38.8112447880648,-94.9499821945421,38.8112470219693]},{"type":"Feature","geometry":{"type":"LineString","coordinates":[[-94.9564200319179,38.8113089478754],[-94.9568791761906,38.8113134894823]]},"properties":{"id":"arcgis-23-2-3a4e20fa781bc788","sourceId":"arcgis-23-2","source":"Fiber_BackBone \u2014 Fiber Backbone (Approx 31 Miles)","sourceUrl":"https://services5.arcgis.com/Ox3HYmIeiVBmWWrQ/arcgis/rest/services/Fiber_BackBone/FeatureServer/2","name":"Fiber_BackBone \u2014 Fiber Backbone (Approx 31 Miles)","carrier":"Not published","routeStatus":"Unknown","category":"unknown","evidence":"agency_route","dataDate":null,"metadataModified":"2018-05-02T20:09:15+00:00","retrievedAt":"2026-09-18T02:36:49.784947+00:00","networkType":"Published fiber route; network class not specified","serviceability":"Unconfirmed","routeDiversity":"Unconfirmed","states":["KS"]},"bbox":[-94.9568791761906,38.8113089478754,-94.9564200319179,38.8113134894823]},{"type":"Feature","geometry":{"type":"LineString","coordinates":[[-94.9568791761906,38.8113134894823],[-94.9574525088608,38.8113183228209]]},"properties":{"id":"arcgis-23-2-836c2d7e8203369d","sourceId":"arcgis-23-2","source":"Fiber_BackBone \u2014 Fiber Backbone (Approx 31 Miles)","sourceUrl":"https://services5.arcgis.com/Ox3HYmIeiVBmWWrQ/arcgis/rest/services/Fiber_BackBone/FeatureServer/2","name":"Fiber_BackBone \u2014 Fiber Backbone (Approx 31 Miles)","carrier":"Not published","routeStatus":"Unknown","category":"unknown","evidence":"agency_route","dataDate":null,"metadataModified":"2018-05-02T20:09:15+00:00","retrievedAt":"2026-09-18T02:36:49.784947+00:00","networkType":"Published fiber route; network class not specified","serviceability":"Unconfirmed","routeDiversity":"Unconfirmed","states":["KS"]},"bbox":[-94.9574525088608,38.8113134894823,-94.9568791761906,38.8113183228209]},{"type":"Feature","geometry":{"type":"LineString","coordinates":[[-94.9615218387212,38.8112822778206],[-94.9619625964072,38.8112732579922]]},"properties":{"id":"arcgis-23-2-dda52dcb6ac837be","sourceId":"arcgis-23-2","source":"Fiber_BackBone \u2014 Fiber Backbone (Approx 31 Miles)","sourceUrl":"https://services5.arcgis.com/Ox3HYmIeiVBmWWrQ/arcgis/rest/services/Fiber_BackBone/FeatureServer/2","name":"Fiber_BackBone \u2014 Fiber Backbone (Approx 31 Miles)","carrier":"Not published","routeStatus":"Unknown","category":"unknown","evidence":"agency_route","dataDate":null,"metadataModified":"2018-05-02T20:09:15+00:00","retrievedAt":"2026-09-18T02:36:49.784947+00:00","networkType":"Published fiber route; network class not specified","serviceability":"Unconfirmed","routeDiversity":"Unconfirmed","states":["KS"]},"bbox":[-94.9619625964072,38.8112732579922,-94.9615218387212,38.8112822778206]},{"type":"Feature","geometry":{"type":"LineString","coordinates":[[-94.9626950772932,38.8112696275294],[-94.9632227983222,38.8112673573308]]},"properties":{"id":"arcgis-23-2-af0f06a2758a8bf9","sourceId":"arcgis-23-2","source":"Fiber_BackBone \u2014 Fiber Backbone (Approx 31 Miles)","sourceUrl":"https://services5.arcgis.com/Ox3HYmIeiVBmWWrQ/arcgis/rest/services/Fiber_BackBone/FeatureServer/2","name":"Fiber_BackBone \u2014 Fiber Backbone (Approx 31 Miles)","carrier":"Not published","routeStatus":"Unknown","category":"unknown","evidence":"agency_route","dataDate":null,"metadataModified":"2018-05-02T20:09:15+00:00","retrievedAt":"2026-09-18T02:36:49.784947+00:00","networkType":"Published fiber route; network class not specified","serviceability":"Unconfirmed","routeDiversity":"Unconfirmed","states":["KS"]},"bbox":[-94.9632227983222,38.8112673573308,-94.9626950772932,38.8112696275294]},{"type":"Feature","geometry":{"type":"LineString","coordinates":[[-94.9632861163346,38.81127002154],[-94.9638600058756,38.8112749756549]]},"properties":{"id":"arcgis-23-2-c6f2a99b9ef401e3","sourceId":"arcgis-23-2","source":"Fiber_BackBone \u2014 Fiber Backbone (Approx 31 Miles)","sourceUrl":"https://services5.arcgis.com/Ox3HYmIeiVBmWWrQ/arcgis/rest/services/Fiber_BackBone/FeatureServer/2","name":"Fiber_BackBone \u2014 Fiber Backbone (Approx 31 Miles)","carrier":"Not published","routeStatus":"Unknown","category":"unknown","evidence":"agency_route","dataDate":null,"metadataModified":"2018-05-02T20:09:15+00:00","retrievedAt":"2026-09-18T02:36:49.784947+00:00","networkType":"Published fiber route; network class not specified","serviceability":"Unconfirmed","routeDiversity":"Unconfirmed","states":["KS"]},"bbox":[-94.9638600058756,38.81127002154,-94.9632861163346,38.8112749756549]},{"type":"Feature","geometry":{"type":"LineString","coordinates":[[-94.9639134645607,38.8112832429983],[-94.9642729581471,38.8112837251365]]},"properties":{"id":"arcgis-23-2-1cc803654df794a4","sourceId":"arcgis-23-2","source":"Fiber_BackBone \u2014 Fiber Backbone (Approx 31 Miles)","sourceUrl":"https://services5.arcgis.com/Ox3HYmIeiVBmWWrQ/arcgis/rest/services/Fiber_BackBone/FeatureServer/2","name":"Fiber_BackBone \u2014 Fiber Backbone (Approx 31 Miles)","carrier":"Not published","routeStatus":"Unknown","category":"unknown","evidence":"agency_route","dataDate":null,"metadataModified":"2018-05-02T20:09:15+00:00","retrievedAt":"2026-09-18T02:36:49.784947+00:00","networkType":"Published fiber route; network class not specified","serviceability":"Unconfirmed","routeDiversity":"Unconfirmed","states":["KS"]},"bbox":[-94.9642729581471,38.8112832429983,-94.9639134645607,38.8112837251365]},{"type":"Feature","geometry":{"type":"LineString","coordinates":[[-94.930815274147,38.80613742657],[-94.9308078777494,38.8064412190858]]},"properties":{"id":"arcgis-23-2-352e4e5a275449ec","sourceId":"arcgis-23-2","source":"Fiber_BackBone \u2014 Fiber Backbone (Approx 31 Miles)","sourceUrl":"https://services5.arcgis.com/Ox3HYmIeiVBmWWrQ/arcgis/rest/services/Fiber_BackBone/FeatureServer/2","name":"Fiber_BackBone \u2014 Fiber Backbone (Approx 31 Miles)","carrier":"Not published","routeStatus":"Unknown","category":"unknown","evidence":"agency_route","dataDate":null,"metadataModified":"2018-05-02T20:09:15+00:00","retrievedAt":"2026-09-18T02:36:49.784947+00:00","networkType":"Published fiber route; network class not specified","serviceability":"Unconfirmed","routeDiversity":"Unconfirmed","states":["KS"]},"bbox":[-94.930815274147,38.80613742657,-94.9308078777494,38.8064412190858]},{"type":"Feature","geometry":{"type":"LineString","coordinates":[[-94.9141899111247,38.8156712024436],[-94.9141927613735,38.8160874525001]]},"properties":{"id":"arcgis-23-2-f80392badc489d01","sourceId":"arcgis-23-2","source":"Fiber_BackBone \u2014 Fiber Backbone (Approx 31 Miles)","sourceUrl":"https://services5.arcgis.com/Ox3HYmIeiVBmWWrQ/arcgis/rest/services/Fiber_BackBone/FeatureServer/2","name":"Fiber_BackBone \u2014 Fiber Backbone (Approx 31 Miles)","carrier":"Not published","routeStatus":"Unknown","category":"unknown","evidence":"agency_route","dataDate":null,"metadataModified":"2018-05-02T20:09:15+00:00","retrievedAt":"2026-09-18T02:36:49.784947+00:00","networkType":"Published fiber route; network class not specified","serviceability":"Unconfirmed","routeDiversity":"Unconfirmed","states":["KS"]},"bbox":[-94.9141927613735,38.8156712024436,-94.9141899111247,38.8160874525001]},{"type":"Feature","geometry":{"type":"LineString","coordinates":[[-94.9141927613735,38.8160874525001],[-94.9142030785597,38.8163689854771]]},"properties":{"id":"arcgis-23-2-1934003adaa7bc43","sourceId":"arcgis-23-2","source":"Fiber_BackBone \u2014 Fiber Backbone (Approx 31 Miles)","sourceUrl":"https://services5.arcgis.com/Ox3HYmIeiVBmWWrQ/arcgis/rest/services/Fiber_BackBone/FeatureServer/2","name":"Fiber_BackBone \u2014 Fiber Backbone (Approx 31 Miles)","carrier":"Not published","routeStatus":"Unknown","category":"unknown","evidence":"agency_route","dataDate":null,"metadataModified":"2018-05-02T20:09:15+00:00","retrievedAt":"2026-09-18T02:36:49.784947+00:00","networkType":"Published fiber route; network class not specified","serviceability":"Unconfirmed","routeDiversity":"Unconfirmed","states":["KS"]},"bbox":[-94.9142030785597,38.8160874525001,-94.9141927613735,38.8163689854771]},{"type":"Feature","geometry":{"type":"LineString","coordinates":[[-94.9141793569817,38.8163828373622],[-94.9141834947483,38.8165807026687]]},"properties":{"id":"arcgis-23-2-d551fb83f2722676","sourceId":"arcgis-23-2","source":"Fiber_BackBone \u2014 Fiber Backbone (Approx 31 Miles)","sourceUrl":"https://services5.arcgis.com/Ox3HYmIeiVBmWWrQ/arcgis/rest/services/Fiber_BackBone/FeatureServer/2","name":"Fiber_BackBone \u2014 Fiber Backbone (Approx 31 Miles)","carrier":"Not published","routeStatus":"Unknown","category":"unknown","evidence":"agency_route","dataDate":null,"metadataModified":"2018-05-02T20:09:15+00:00","retrievedAt":"2026-09-18T02:36:49.784947+00:00","networkType":"Published fiber route; network class not specified","serviceability":"Unconfirmed","routeDiversity":"Unconfirmed","states":["KS"]},"bbox":[-94.9141834947483,38.8163828373622,-94.9141793569817,38.8165807026687]},{"type":"Feature","geometry":{"type":"LineString","coordinates":[[-94.9141834947483,38.8165807026687],[-94.9141865612431,38.8168998192378]]},"properties":{"id":"arcgis-23-2-09a2453e84861597","sourceId":"arcgis-23-2","source":"Fiber_BackBone \u2014 Fiber Backbone (Approx 31 Miles)","sourceUrl":"https://services5.arcgis.com/Ox3HYmIeiVBmWWrQ/arcgis/rest/services/Fiber_BackBone/FeatureServer/2","name":"Fiber_BackBone \u2014 Fiber Backbone (Approx 31 Miles)","carrier":"Not published","routeStatus":"Unknown","category":"unknown","evidence":"agency_route","dataDate":null,"metadataModified":"2018-05-02T20:09:15+00:00","retrievedAt":"2026-09-18T02:36:49.784947+00:00","networkType":"Published fiber route; network class not specified","serviceability":"Unconfirmed","routeDiversity":"Unconfirmed","states":["KS"]},"bbox":[-94.9141865612431,38.8165807026687,-94.9141834947483,38.8168998192378]},{"type":"Feature","geometry":{"type":"LineString","coordinates":[[-94.9141865612431,38.8168998192378],[-94.9141849278577,38.8173214019032]]},"properties":{"id":"arcgis-23-2-d0da3ea6fefc0812","sourceId":"arcgis-23-2","source":"Fiber_BackBone \u2014 Fiber Backbone (Approx 31 Miles)","sourceUrl":"https://services5.arcgis.com/Ox3HYmIeiVBmWWrQ/arcgis/rest/services/Fiber_BackBone/FeatureServer/2","name":"Fiber_BackBone \u2014 Fiber Backbone (Approx 31 Miles)","carrier":"Not published","routeStatus":"Unknown","category":"unknown","evidence":"agency_route","dataDate":null,"metadataModified":"2018-05-02T20:09:15+00:00","retrievedAt":"2026-09-18T02:36:49.784947+00:00","networkType":"Published fiber route; network class not specified","serviceability":"Unconfirmed","routeDiversity":"Unconfirmed","states":["KS"]},"bbox":[-94.9141865612431,38.8168998192378,-94.9141849278577,38.8173214019032]},{"type":"Feature","geometry":{"type":"LineString","coordinates":[[-94.9141849278577,38.8173214019032],[-94.9141841279171,38.8177407525375]]},"properties":{"id":"arcgis-23-2-e6001b5b54c01618","sourceId":"arcgis-23-2","source":"Fiber_BackBone \u2014 Fiber Backbone (Approx 31 Miles)","sourceUrl":"https://services5.arcgis.com/Ox3HYmIeiVBmWWrQ/arcgis/rest/services/Fiber_BackBone/FeatureServer/2","name":"Fiber_BackBone \u2014 Fiber Backbone (Approx 31 Miles)","carrier":"Not published","routeStatus":"Unknown","category":"unknown","evidence":"agency_route","dataDate":null,"metadataModified":"2018-05-02T20:09:15+00:00","retrievedAt":"2026-09-18T02:36:49.784947+00:00","networkType":"Published fiber route; network class not specified","serviceability":"Unconfirmed","routeDiversity":"Unconfirmed","states":["KS"]},"bbox":[-94.9141849278577,38.8173214019032,-94.9141841279171,38.8177407525375]},{"type":"Feature","geometry":{"type":"LineString","coordinates":[[-94.9141841279171,38.8177407525375],[-94.9141862946563,38.8181805687966]]},"properties":{"id":"arcgis-23-2-a6cb7446a3d0fad4","sourceId":"arcgis-23-2","source":"Fiber_BackBone \u2014 Fiber Backbone (Approx 31 Miles)","sourceUrl":"https://services5.arcgis.com/Ox3HYmIeiVBmWWrQ/arcgis/rest/services/Fiber_BackBone/FeatureServer/2","name":"Fiber_BackBone \u2014 Fiber Backbone (Approx 31 Miles)","carrier":"Not published","routeStatus":"Unknown","category":"unknown","evidence":"agency_route","dataDate":null,"metadataModified":"2018-05-02T20:09:15+00:00","retrievedAt":"2026-09-18T02:36:49.784947+00:00","networkType":"Published fiber route; network class not specified","serviceability":"Unconfirmed","routeDiversity":"Unconfirmed","states":["KS"]},"bbox":[-94.9141862946563,38.8177407525375,-94.9141841279171,38.8181805687966]},{"type":"Feature","geometry":{"type":"LineString","coordinates":[[-94.916463925423,38.8097586058093],[-94.9165449699185,38.809675817279]]},"properties":{"id":"arcgis-23-2-6a5079568000a17c","sourceId":"arcgis-23-2","source":"Fiber_BackBone \u2014 Fiber Backbone (Approx 31 Miles)","sourceUrl":"https://services5.arcgis.com/Ox3HYmIeiVBmWWrQ/arcgis/rest/services/Fiber_BackBone/FeatureServer/2","name":"Fiber_BackBone \u2014 Fiber Backbone (Approx 31 Miles)","carrier":"Not published","routeStatus":"Unknown","category":"unknown","evidence":"agency_route","dataDate":null,"metadataModified":"2018-05-02T20:09:15+00:00","retrievedAt":"2026-09-18T02:36:49.784947+00:00","networkType":"Published fiber route; network class not specified","serviceability":"Unconfirmed","routeDiversity":"Unconfirmed","states":["KS"]},"bbox":[-94.9165449699185,38.809675817279,-94.916463925423,38.8097586058093]},{"type":"Feature","geometry":{"type":"LineString","coordinates":[[-94.926673644648,38.8079122521811],[-94.9272318455059,38.8078205857507]]},"properties":{"id":"arcgis-23-2-42909669dbba0f32","sourceId":"arcgis-23-2","source":"Fiber_BackBone \u2014 Fiber Backbone (Approx 31 Miles)","sourceUrl":"https://services5.arcgis.com/Ox3HYmIeiVBmWWrQ/arcgis/rest/services/Fiber_BackBone/FeatureServer/2","name":"Fiber_BackBone \u2014 Fiber Backbone (Approx 31 Miles)","carrier":"Not published","routeStatus":"Unknown","category":"unknown","evidence":"agency_route","dataDate":null,"metadataModified":"2018-05-02T20:09:15+00:00","retrievedAt":"2026-09-18T02:36:49.784947+00:00","networkType":"Published fiber route; network class not specified","serviceability":"Unconfirmed","routeDiversity":"Unconfirmed","states":["KS"]},"bbox":[-94.9272318455059,38.8078205857507,-94.926673644648,38.8079122521811]},{"type":"Feature","geometry":{"type":"LineString","coordinates":[[-94.9181161049369,38.8330896705688],[-94.9181988893375,38.8329509039556]]},"properties":{"id":"arcgis-23-2-065e81fcc8a998ac","sourceId":"arcgis-23-2","source":"Fiber_BackBone \u2014 Fiber Backbone (Approx 31 Miles)","sourceUrl":"https://services5.arcgis.com/Ox3HYmIeiVBmWWrQ/arcgis/rest/services/Fiber_BackBone/FeatureServer/2","name":"Fiber_BackBone \u2014 Fiber Backbone (Approx 31 Miles)","carrier":"Not published","routeStatus":"Unknown","category":"unknown","evidence":"agency_route","dataDate":null,"metadataModified":"2018-05-02T20:09:15+00:00","retrievedAt":"2026-09-18T02:36:49.784947+00:00","networkType":"Published fiber route; network class not specified","serviceability":"Unconfirmed","routeDiversity":"Unconfirmed","states":["KS"]},"bbox":[-94.9181988893375,38.8329509039556,-94.9181161049369,38.8330896705688]},{"type":"Feature","geometry":{"type":"LineString","coordinates":[[-94.9181988893375,38.8329509039556],[-94.9182002101204,38.8327320869872]]},"properties":{"id":"arcgis-23-2-beaa726ee7405d33","sourceId":"arcgis-23-2","source":"Fiber_BackBone \u2014 Fiber Backbone (Approx 31 Miles)","sourceUrl":"https://services5.arcgis.com/Ox3HYmIeiVBmWWrQ/arcgis/rest/services/Fiber_BackBone/FeatureServer/2","name":"Fiber_BackBone \u2014 Fiber Backbone (Approx 31 Miles)","carrier":"Not published","routeStatus":"Unknown","category":"unknown","evidence":"agency_route","dataDate":null,"metadataModified":"2018-05-02T20:09:15+00:00","retrievedAt":"2026-09-18T02:36:49.784947+00:00","networkType":"Published fiber route; network class not specified","serviceability":"Unconfirmed","routeDiversity":"Unconfirmed","states":["KS"]},"bbox":[-94.9182002101204,38.8327320869872,-94.9181988893375,38.8329509039556]},{"type":"Feature","geometry":{"type":"LineString","coordinates":[[-94.9182002101204,38.8327320869872],[-94.9182119962027,38.8323946991356]]},"properties":{"id":"arcgis-23-2-90fd73d089782ad0","sourceId":"arcgis-23-2","source":"Fiber_BackBone \u2014 Fiber Backbone (Approx 31 Miles)","sourceUrl":"https://services5.arcgis.com/Ox3HYmIeiVBmWWrQ/arcgis/rest/services/Fiber_BackBone/FeatureServer/2","name":"Fiber_BackBone \u2014 Fiber Backbone (Approx 31 Miles)","carrier":"Not published","routeStatus":"Unknown","category":"unknown","evidence":"agency_route","dataDate":null,"metadataModified":"2018-05-02T20:09:15+00:00","retrievedAt":"2026-09-18T02:36:49.784947+00:00","networkType":"Published fiber route; network class not specified","serviceability":"Unconfirmed","routeDiversity":"Unconfirmed","states":["KS"]},"bbox":[-94.9182119962027,38.8323946991356,-94.9182002101204,38.8327320869872]},{"type":"Feature","geometry":{"type":"LineString","coordinates":[[-94.91826949511,38.8258601353225],[-94.9182782940957,38.8257590168371]]},"properties":{"id":"arcgis-23-2-f3595435956ebf42","sourceId":"arcgis-23-2","source":"Fiber_BackBone \u2014 Fiber Backbone (Approx 31 Miles)","sourceUrl":"https://services5.arcgis.com/Ox3HYmIeiVBmWWrQ/arcgis/rest/services/Fiber_BackBone/FeatureServer/2","name":"Fiber_BackBone \u2014 Fiber Backbone (Approx 31 Miles)","carrier":"Not published","routeStatus":"Unknown","category":"unknown","evidence":"agency_route","dataDate":null,"metadataModified":"2018-05-02T20:09:15+00:00","retrievedAt":"2026-09-18T02:36:49.784947+00:00","networkType":"Published fiber route; network class not specified","serviceability":"Unconfirmed","routeDiversity":"Unconfirmed","states":["KS"]},"bbox":[-94.9182782940957,38.8257590168371,-94.91826949511,38.8258601353225]},{"type":"Feature","geometry":{"type":"LineString","coordinates":[[-94.930806144631,38.8037593688254],[-94.9305849783662,38.8034618855931]]},"properties":{"id":"arcgis-23-2-4c878fcc8142b0b1","sourceId":"arcgis-23-2","source":"Fiber_BackBone \u2014 Fiber Backbone (Approx 31 Miles)","sourceUrl":"https://services5.arcgis.com/Ox3HYmIeiVBmWWrQ/arcgis/rest/services/Fiber_BackBone/FeatureServer/2","name":"Fiber_BackBone \u2014 Fiber Backbone (Approx 31 Miles)","carrier":"Not published","routeStatus":"Unknown","category":"unknown","evidence":"agency_route","dataDate":null,"metadataModified":"2018-05-02T20:09:15+00:00","retrievedAt":"2026-09-18T02:36:49.784947+00:00","networkType":"Published fiber route; network class not specified","serviceability":"Unconfirmed","routeDiversity":"Unconfirmed","states":["KS"]},"bbox":[-94.930806144631,38.8034618855931,-94.9305849783662,38.8037593688254]},{"type":"Feature","geometry":{"type":"LineString","coordinates":[[-94.9299915956725,38.8026068253806],[-94.9297653450806,38.8022826358856]]},"properties":{"id":"arcgis-23-2-c38443eecd492f88","sourceId":"arcgis-23-2","source":"Fiber_BackBone \u2014 Fiber Backbone (Approx 31 Miles)","sourceUrl":"https://services5.arcgis.com/Ox3HYmIeiVBmWWrQ/arcgis/rest/services/Fiber_BackBone/FeatureServer/2","name":"Fiber_BackBone \u2014 Fiber Backbone (Approx 31 Miles)","carrier":"Not published","routeStatus":"Unknown","category":"unknown","evidence":"agency_route","dataDate":null,"metadataModified":"2018-05-02T20:09:15+00:00","retrievedAt":"2026-09-18T02:36:49.784947+00:00","networkType":"Published fiber route; network class not specified","serviceability":"Unconfirmed","routeDiversity":"Unconfirmed","states":["KS"]},"bbox":[-94.9299915956725,38.8022826358856,-94.9297653450806,38.8026068253806]},{"type":"Feature","geometry":{"type":"LineString","coordinates":[[-94.9294824608328,38.8018671993928],[-94.9292281843395,38.8015302094483]]},"properties":{"id":"arcgis-23-2-bde0c97864bc6625","sourceId":"arcgis-23-2","source":"Fiber_BackBone \u2014 Fiber Backbone (Approx 31 Miles)","sourceUrl":"https://services5.arcgis.com/Ox3HYmIeiVBmWWrQ/arcgis/rest/services/Fiber_BackBone/FeatureServer/2","name":"Fiber_BackBone \u2014 Fiber Backbone (Approx 31 Miles)","carrier":"Not published","routeStatus":"Unknown","category":"unknown","evidence":"agency_route","dataDate":null,"metadataModified":"2018-05-02T20:09:15+00:00","retrievedAt":"2026-09-18T02:36:49.784947+00:00","networkType":"Published fiber route; network class not specified","serviceability":"Unconfirmed","routeDiversity":"Unconfirmed","states":["KS"]},"bbox":[-94.9294824608328,38.8015302094483,-94.9292281843395,38.8018671993928]},{"type":"Feature","geometry":{"type":"LineString","coordinates":[[-94.9292281843395,38.8015302094483],[-94.9289633012379,38.8011312760131]]},"properties":{"id":"arcgis-23-2-bc48b60f02193e9a","sourceId":"arcgis-23-2","source":"Fiber_BackBone \u2014 Fiber Backbone (Approx 31 Miles)","sourceUrl":"https://services5.arcgis.com/Ox3HYmIeiVBmWWrQ/arcgis/rest/services/Fiber_BackBone/FeatureServer/2","name":"Fiber_BackBone \u2014 Fiber Backbone (Approx 31 Miles)","carrier":"Not published","routeStatus":"Unknown","category":"unknown","evidence":"agency_route","dataDate":null,"metadataModified":"2018-05-02T20:09:15+00:00","retrievedAt":"2026-09-18T02:36:49.784947+00:00","networkType":"Published fiber route; network class not specified","serviceability":"Unconfirmed","routeDiversity":"Unconfirmed","states":["KS"]},"bbox":[-94.9292281843395,38.8011312760131,-94.9289633012379,38.8015302094483]},{"type":"Feature","geometry":{"type":"LineString","coordinates":[[-94.9289633012379,38.8011312760131],[-94.9287032954514,38.8007868859289]]},"properties":{"id":"arcgis-23-2-5efe15fc83fa5461","sourceId":"arcgis-23-2","source":"Fiber_BackBone \u2014 Fiber Backbone (Approx 31 Miles)","sourceUrl":"https://services5.arcgis.com/Ox3HYmIeiVBmWWrQ/arcgis/rest/services/Fiber_BackBone/FeatureServer/2","name":"Fiber_BackBone \u2014 Fiber Backbone (Approx 31 Miles)","carrier":"Not published","routeStatus":"Unknown","category":"unknown","evidence":"agency_route","dataDate":null,"metadataModified":"2018-05-02T20:09:15+00:00","retrievedAt":"2026-09-18T02:36:49.784947+00:00","networkType":"Published fiber route; network class not specified","serviceability":"Unconfirmed","routeDiversity":"Unconfirmed","states":["KS"]},"bbox":[-94.9289633012379,38.8007868859289,-94.9287032954514,38.8011312760131]},{"type":"Feature","geometry":{"type":"LineString","coordinates":[[-94.9281879779567,38.8000316025844],[-94.9279685786651,38.7997318189621]]},"properties":{"id":"arcgis-23-2-8351dda01375dee3","sourceId":"arcgis-23-2","source":"Fiber_BackBone \u2014 Fiber Backbone (Approx 31 Miles)","sourceUrl":"https://services5.arcgis.com/Ox3HYmIeiVBmWWrQ/arcgis/rest/services/Fiber_BackBone/FeatureServer/2","name":"Fiber_BackBone \u2014 Fiber Backbone (Approx 31 Miles)","carrier":"Not published","routeStatus":"Unknown","category":"unknown","evidence":"agency_route","dataDate":null,"metadataModified":"2018-05-02T20:09:15+00:00","retrievedAt":"2026-09-18T02:36:49.784947+00:00","networkType":"Published fiber route; network class not specified","serviceability":"Unconfirmed","routeDiversity":"Unconfirmed","states":["KS"]},"bbox":[-94.9281879779567,38.7997318189621,-94.9279685786651,38.8000316025844]},{"type":"Feature","geometry":{"type":"LineString","coordinates":[[-94.930815274147,38.80613742657],[-94.9308375784983,38.8057935488025]]},"properties":{"id":"arcgis-23-2-bd84258204e0b0c8","sourceId":"arcgis-23-2","source":"Fiber_BackBone \u2014 Fiber Backbone (Approx 31 Miles)","sourceUrl":"https://services5.arcgis.com/Ox3HYmIeiVBmWWrQ/arcgis/rest/services/Fiber_BackBone/FeatureServer/2","name":"Fiber_BackBone \u2014 Fiber Backbone (Approx 31 Miles)","carrier":"Not published","routeStatus":"Unknown","category":"unknown","evidence":"agency_route","dataDate":null,"metadataModified":"2018-05-02T20:09:15+00:00","retrievedAt":"2026-09-18T02:36:49.784947+00:00","networkType":"Published fiber route; network class not specified","serviceability":"Unconfirmed","routeDiversity":"Unconfirmed","states":["KS"]},"bbox":[-94.9308375784983,38.8057935488025,-94.930815274147,38.80613742657]},{"type":"Feature","geometry":{"type":"LineString","coordinates":[[-94.9249008445386,38.8164409522833],[-94.9254546786994,38.816441419324]]},"properties":{"id":"arcgis-23-2-4da15ac8bc60ea50","sourceId":"arcgis-23-2","source":"Fiber_BackBone \u2014 Fiber Backbone (Approx 31 Miles)","sourceUrl":"https://services5.arcgis.com/Ox3HYmIeiVBmWWrQ/arcgis/rest/services/Fiber_BackBone/FeatureServer/2","name":"Fiber_BackBone \u2014 Fiber Backbone (Approx 31 Miles)","carrier":"Not published","routeStatus":"Unknown","category":"unknown","evidence":"agency_route","dataDate":null,"metadataModified":"2018-05-02T20:09:15+00:00","retrievedAt":"2026-09-18T02:36:49.784947+00:00","networkType":"Published fiber route; network class not specified","serviceability":"Unconfirmed","routeDiversity":"Unconfirmed","states":["KS"]},"bbox":[-94.9254546786994,38.8164409522833,-94.9249008445386,38.816441419324]},{"type":"Feature","geometry":{"type":"LineString","coordinates":[[-94.9261288783565,38.8164498360331],[-94.9265278113159,38.8165511188782]]},"properties":{"id":"arcgis-23-2-350cc5b3e5deea56","sourceId":"arcgis-23-2","source":"Fiber_BackBone \u2014 Fiber Backbone (Approx 31 Miles)","sourceUrl":"https://services5.arcgis.com/Ox3HYmIeiVBmWWrQ/arcgis/rest/services/Fiber_BackBone/FeatureServer/2","name":"Fiber_BackBone \u2014 Fiber Backbone (Approx 31 Miles)","carrier":"Not published","routeStatus":"Unknown","category":"unknown","evidence":"agency_route","dataDate":null,"metadataModified":"2018-05-02T20:09:15+00:00","retrievedAt":"2026-09-18T02:36:49.784947+00:00","networkType":"Published fiber route; network class not specified","serviceability":"Unconfirmed","routeDiversity":"Unconfirmed","states":["KS"]},"bbox":[-94.9265278113159,38.8164498360331,-94.9261288783565,38.8165511188782]},{"type":"Feature","geometry":{"type":"LineString","coordinates":[[-94.9274790046788,38.8163249729779],[-94.927478503789,38.8165637721891]]},"properties":{"id":"arcgis-23-2-a849437a341b4a08","sourceId":"arcgis-23-2","source":"Fiber_BackBone \u2014 Fiber Backbone (Approx 31 Miles)","sourceUrl":"https://services5.arcgis.com/Ox3HYmIeiVBmWWrQ/arcgis/rest/services/Fiber_BackBone/FeatureServer/2","name":"Fiber_BackBone \u2014 Fiber Backbone (Approx 31 Miles)","carrier":"Not published","routeStatus":"Unknown","category":"unknown","evidence":"agency_route","dataDate":null,"metadataModified":"2018-05-02T20:09:15+00:00","retrievedAt":"2026-09-18T02:36:49.784947+00:00","networkType":"Published fiber route; network class not specified","serviceability":"Unconfirmed","routeDiversity":"Unconfirmed","states":["KS"]},"bbox":[-94.9274790046788,38.8163249729779,-94.927478503789,38.8165637721891]},{"type":"Feature","geometry":{"type":"LineString","coordinates":[[-94.927478503789,38.8165637721891],[-94.9273013138596,38.8165634788263]]},"properties":{"id":"arcgis-23-2-b4e9f9f568f9c849","sourceId":"arcgis-23-2","source":"Fiber_BackBone \u2014 Fiber Backbone (Approx 31 Miles)","sourceUrl":"https://services5.arcgis.com/Ox3HYmIeiVBmWWrQ/arcgis/rest/services/Fiber_BackBone/FeatureServer/2","name":"Fiber_BackBone \u2014 Fiber Backbone (Approx 31 Miles)","carrier":"Not published","routeStatus":"Unknown","category":"unknown","evidence":"agency_route","dataDate":null,"metadataModified":"2018-05-02T20:09:15+00:00","retrievedAt":"2026-09-18T02:36:49.784947+00:00","networkType":"Published fiber route; network class not specified","serviceability":"Unconfirmed","routeDiversity":"Unconfirmed","states":["KS"]},"bbox":[-94.927478503789,38.8165634788263,-94.9273013138596,38.8165637721891]},{"type":"Feature","geometry":{"type":"LineString","coordinates":[[-94.9273013138596,38.8165634788263],[-94.9272256806359,38.8165641796664]]},"properties":{"id":"arcgis-23-2-fcd3074943aaaf18","sourceId":"arcgis-23-2","source":"Fiber_BackBone \u2014 Fiber Backbone (Approx 31 Miles)","sourceUrl":"https://services5.arcgis.com/Ox3HYmIeiVBmWWrQ/arcgis/rest/services/Fiber_BackBone/FeatureServer/2","name":"Fiber_BackBone \u2014 Fiber Backbone (Approx 31 Miles)","carrier":"Not published","routeStatus":"Unknown","category":"unknown","evidence":"agency_route","dataDate":null,"metadataModified":"2018-05-02T20:09:15+00:00","retrievedAt":"2026-09-18T02:36:49.784947+00:00","networkType":"Published fiber route; network class not specified","serviceability":"Unconfirmed","routeDiversity":"Unconfirmed","states":["KS"]},"bbox":[-94.9273013138596,38.8165634788263,-94.9272256806359,38.8165641796664]},{"type":"Feature","geometry":{"type":"LineString","coordinates":[[-94.9274790046788,38.8163249729779],[-94.9274844782017,38.8159193522907]]},"properties":{"id":"arcgis-23-2-c2fcc5703d8da314","sourceId":"arcgis-23-2","source":"Fiber_BackBone \u2014 Fiber Backbone (Approx 31 Miles)","sourceUrl":"https://services5.arcgis.com/Ox3HYmIeiVBmWWrQ/arcgis/rest/services/Fiber_BackBone/FeatureServer/2","name":"Fiber_BackBone \u2014 Fiber Backbone (Approx 31 Miles)","carrier":"Not published","routeStatus":"Unknown","category":"unknown","evidence":"agency_route","dataDate":null,"metadataModified":"2018-05-02T20:09:15+00:00","retrievedAt":"2026-09-18T02:36:49.784947+00:00","networkType":"Published fiber route; network class not specified","serviceability":"Unconfirmed","routeDiversity":"Unconfirmed","states":["KS"]},"bbox":[-94.9274844782017,38.8159193522907,-94.9274790046788,38.8163249729779]},{"type":"Feature","geometry":{"type":"LineString","coordinates":[[-94.9274844782017,38.8159193522907],[-94.9274930753319,38.8155552011814]]},"properties":{"id":"arcgis-23-2-f6239dc1b19e7c43","sourceId":"arcgis-23-2","source":"Fiber_BackBone \u2014 Fiber Backbone (Approx 31 Miles)","sourceUrl":"https://services5.arcgis.com/Ox3HYmIeiVBmWWrQ/arcgis/rest/services/Fiber_BackBone/FeatureServer/2","name":"Fiber_BackBone \u2014 Fiber Backbone (Approx 31 Miles)","carrier":"Not published","routeStatus":"Unknown","category":"unknown","evidence":"agency_route","dataDate":null,"metadataModified":"2018-05-02T20:09:15+00:00","retrievedAt":"2026-09-18T02:36:49.784947+00:00","networkType":"Published fiber route; network class not specified","serviceability":"Unconfirmed","routeDiversity":"Unconfirmed","states":["KS"]},"bbox":[-94.9274930753319,38.8155552011814,-94.9274844782017,38.8159193522907]},{"type":"Feature","geometry":{"type":"LineString","coordinates":[[-94.9274930753319,38.8155552011814],[-94.9274845619873,38.8151451854957]]},"properties":{"id":"arcgis-23-2-e8d92e30ba5e07e7","sourceId":"arcgis-23-2","source":"Fiber_BackBone \u2014 Fiber Backbone (Approx 31 Miles)","sourceUrl":"https://services5.arcgis.com/Ox3HYmIeiVBmWWrQ/arcgis/rest/services/Fiber_BackBone/FeatureServer/2","name":"Fiber_BackBone \u2014 Fiber Backbone (Approx 31 Miles)","carrier":"Not published","routeStatus":"Unknown","category":"unknown","evidence":"agency_route","dataDate":null,"metadataModified":"2018-05-02T20:09:15+00:00","retrievedAt":"2026-09-18T02:36:49.784947+00:00","networkType":"Published fiber route; network class not specified","serviceability":"Unconfirmed","routeDiversity":"Unconfirmed","states":["KS"]},"bbox":[-94.9274930753319,38.8151451854957,-94.9274845619873,38.8155552011814]},{"type":"Feature","geometry":{"type":"LineString","coordinates":[[-94.9205731287532,38.812668485282],[-94.9205743448022,38.8129198026312]]},"properties":{"id":"arcgis-23-2-3b4f663332d9e503","sourceId":"arcgis-23-2","source":"Fiber_BackBone \u2014 Fiber Backbone (Approx 31 Miles)","sourceUrl":"https://services5.arcgis.com/Ox3HYmIeiVBmWWrQ/arcgis/rest/services/Fiber_BackBone/FeatureServer/2","name":"Fiber_BackBone \u2014 Fiber Backbone (Approx 31 Miles)","carrier":"Not published","routeStatus":"Unknown","category":"unknown","evidence":"agency_route","dataDate":null,"metadataModified":"2018-05-02T20:09:15+00:00","retrievedAt":"2026-09-18T02:36:49.784947+00:00","networkType":"Published fiber route; network class not specified","serviceability":"Unconfirmed","routeDiversity":"Unconfirmed","states":["KS"]},"bbox":[-94.9205743448022,38.812668485282,-94.9205731287532,38.8129198026312]},{"type":"Feature","geometry":{"type":"LineString","coordinates":[[-94.916463925423,38.8097586058093],[-94.9163514279303,38.8098140358336]]},"properties":{"id":"arcgis-23-2-4adcddce5d588db5","sourceId":"arcgis-23-2","source":"Fiber_BackBone \u2014 Fiber Backbone (Approx 31 Miles)","sourceUrl":"https://services5.arcgis.com/Ox3HYmIeiVBmWWrQ/arcgis/rest/services/Fiber_BackBone/FeatureServer/2","name":"Fiber_BackBone \u2014 Fiber Backbone (Approx 31 Miles)","carrier":"Not published","routeStatus":"Unknown","category":"unknown","evidence":"agency_route","dataDate":null,"metadataModified":"2018-05-02T20:09:15+00:00","retrievedAt":"2026-09-18T02:36:49.784947+00:00","networkType":"Published fiber route; network class not specified","serviceability":"Unconfirmed","routeDiversity":"Unconfirmed","states":["KS"]},"bbox":[-94.916463925423,38.8097586058093,-94.9163514279303,38.8098140358336]},{"type":"Feature","geometry":{"type":"LineString","coordinates":[[-94.914058227886,38.8102021242856],[-94.913997128234,38.810210002775]]},"properties":{"id":"arcgis-23-2-3dd45ef98c4c5cf4","sourceId":"arcgis-23-2","source":"Fiber_BackBone \u2014 Fiber Backbone (Approx 31 Miles)","sourceUrl":"https://services5.arcgis.com/Ox3HYmIeiVBmWWrQ/arcgis/rest/services/Fiber_BackBone/FeatureServer/2","name":"Fiber_BackBone \u2014 Fiber Backbone (Approx 31 Miles)","carrier":"Not published","routeStatus":"Unknown","category":"unknown","evidence":"agency_route","dataDate":null,"metadataModified":"2018-05-02T20:09:15+00:00","retrievedAt":"2026-09-18T02:36:49.784947+00:00","networkType":"Published fiber route; network class not specified","serviceability":"Unconfirmed","routeDiversity":"Unconfirmed","states":["KS"]},"bbox":[-94.914058227886,38.8102021242856,-94.913997128234,38.810210002775]},{"type":"Feature","geometry":{"type":"LineString","coordinates":[[-94.9181107106311,38.8037612996264],[-94.9182309841297,38.8037617780934]]},"properties":{"id":"arcgis-23-2-9d67afd169d902d7","sourceId":"arcgis-23-2","source":"Fiber_BackBone \u2014 Fiber Backbone (Approx 31 Miles)","sourceUrl":"https://services5.arcgis.com/Ox3HYmIeiVBmWWrQ/arcgis/rest/services/Fiber_BackBone/FeatureServer/2","name":"Fiber_BackBone \u2014 Fiber Backbone (Approx 31 Miles)","carrier":"Not published","routeStatus":"Unknown","category":"unknown","evidence":"agency_route","dataDate":null,"metadataModified":"2018-05-02T20:09:15+00:00","retrievedAt":"2026-09-18T02:36:49.784947+00:00","networkType":"Published fiber route; network class not specified","serviceability":"Unconfirmed","routeDiversity":"Unconfirmed","states":["KS"]},"bbox":[-94.9182309841297,38.8037612996264,-94.9181107106311,38.8037617780934]},{"type":"Feature","geometry":{"type":"LineString","coordinates":[[-94.9182309841297,38.8037617780934],[-94.9182291445886,38.8036741189065]]},"properties":{"id":"arcgis-23-2-eb5eb04d89c1e333","sourceId":"arcgis-23-2","source":"Fiber_BackBone \u2014 Fiber Backbone (Approx 31 Miles)","sourceUrl":"https://services5.arcgis.com/Ox3HYmIeiVBmWWrQ/arcgis/rest/services/Fiber_BackBone/FeatureServer/2","name":"Fiber_BackBone \u2014 Fiber Backbone (Approx 31 Miles)","carrier":"Not published","routeStatus":"Unknown","category":"unknown","evidence":"agency_route","dataDate":null,"metadataModified":"2018-05-02T20:09:15+00:00","retrievedAt":"2026-09-18T02:36:49.784947+00:00","networkType":"Published fiber route; network class not specified","serviceability":"Unconfirmed","routeDiversity":"Unconfirmed","states":["KS"]},"bbox":[-94.9182309841297,38.8036741189065,-94.9182291445886,38.8037617780934]},{"type":"Feature","geometry":{"type":"LineString","coordinates":[[-94.9182472778601,38.7971417019612],[-94.9182580621704,38.7967106027715]]},"properties":{"id":"arcgis-23-2-ee3e3a0096a48730","sourceId":"arcgis-23-2","source":"Fiber_BackBone \u2014 Fiber Backbone (Approx 31 Miles)","sourceUrl":"https://services5.arcgis.com/Ox3HYmIeiVBmWWrQ/arcgis/rest/services/Fiber_BackBone/FeatureServer/2","name":"Fiber_BackBone \u2014 Fiber Backbone (Approx 31 Miles)","carrier":"Not published","routeStatus":"Unknown","category":"unknown","evidence":"agency_route","dataDate":null,"metadataModified":"2018-05-02T20:09:15+00:00","retrievedAt":"2026-09-18T02:36:49.784947+00:00","networkType":"Published fiber route; network class not specified","serviceability":"Unconfirmed","routeDiversity":"Unconfirmed","states":["KS"]},"bbox":[-94.9182580621704,38.7967106027715,-94.9182472778601,38.7971417019612]},{"type":"Feature","geometry":{"type":"LineString","coordinates":[[-94.9182580621704,38.7967106027715],[-94.9182633120338,38.7966297194258]]},"properties":{"id":"arcgis-23-2-30a12dc53657d28c","sourceId":"arcgis-23-2","source":"Fiber_BackBone \u2014 Fiber Backbone (Approx 31 Miles)","sourceUrl":"https://services5.arcgis.com/Ox3HYmIeiVBmWWrQ/arcgis/rest/services/Fiber_BackBone/FeatureServer/2","name":"Fiber_BackBone \u2014 Fiber Backbone (Approx 31 Miles)","carrier":"Not published","routeStatus":"Unknown","category":"unknown","evidence":"agency_route","dataDate":null,"metadataModified":"2018-05-02T20:09:15+00:00","retrievedAt":"2026-09-18T02:36:49.784947+00:00","networkType":"Published fiber route; network class not specified","serviceability":"Unconfirmed","routeDiversity":"Unconfirmed","states":["KS"]},"bbox":[-94.9182633120338,38.7966297194258,-94.9182580621704,38.7967106027715]},{"type":"Feature","geometry":{"type":"LineString","coordinates":[[-94.9321108706777,38.8037093651917],[-94.932119061673,38.8032868023919]]},"properties":{"id":"arcgis-23-2-7fe3cba00b78be9a","sourceId":"arcgis-23-2","source":"Fiber_BackBone \u2014 Fiber Backbone (Approx 31 Miles)","sourceUrl":"https://services5.arcgis.com/Ox3HYmIeiVBmWWrQ/arcgis/rest/services/Fiber_BackBone/FeatureServer/2","name":"Fiber_BackBone \u2014 Fiber Backbone (Approx 31 Miles)","carrier":"Not published","routeStatus":"Unknown","category":"unknown","evidence":"agency_route","dataDate":null,"metadataModified":"2018-05-02T20:09:15+00:00","retrievedAt":"2026-09-18T02:36:49.784947+00:00","networkType":"Published fiber route; network class not specified","serviceability":"Unconfirmed","routeDiversity":"Unconfirmed","states":["KS"]},"bbox":[-94.932119061673,38.8032868023919,-94.9321108706777,38.8037093651917]},{"type":"Feature","geometry":{"type":"LineString","coordinates":[[-94.932119061673,38.8032868023919],[-94.9321116614891,38.8028514859379]]},"properties":{"id":"arcgis-23-2-1f780c6a9df07228","sourceId":"arcgis-23-2","source":"Fiber_BackBone \u2014 Fiber Backbone (Approx 31 Miles)","sourceUrl":"https://services5.arcgis.com/Ox3HYmIeiVBmWWrQ/arcgis/rest/services/Fiber_BackBone/FeatureServer/2","name":"Fiber_BackBone \u2014 Fiber Backbone (Approx 31 Miles)","carrier":"Not published","routeStatus":"Unknown","category":"unknown","evidence":"agency_route","dataDate":null,"metadataModified":"2018-05-02T20:09:15+00:00","retrievedAt":"2026-09-18T02:36:49.784947+00:00","networkType":"Published fiber route; network class not specified","serviceability":"Unconfirmed","routeDiversity":"Unconfirmed","states":["KS"]},"bbox":[-94.932119061673,38.8028514859379,-94.9321116614891,38.8032868023919]},{"type":"Feature","geometry":{"type":"LineString","coordinates":[[-94.9321116614891,38.8028514859379],[-94.9321131430493,38.8026677106442]]},"properties":{"id":"arcgis-23-2-866474eca971f297","sourceId":"arcgis-23-2","source":"Fiber_BackBone \u2014 Fiber Backbone (Approx 31 Miles)","sourceUrl":"https://services5.arcgis.com/Ox3HYmIeiVBmWWrQ/arcgis/rest/services/Fiber_BackBone/FeatureServer/2","name":"Fiber_BackBone \u2014 Fiber Backbone (Approx 31 Miles)","carrier":"Not published","routeStatus":"Unknown","category":"unknown","evidence":"agency_route","dataDate":null,"metadataModified":"2018-05-02T20:09:15+00:00","retrievedAt":"2026-09-18T02:36:49.784947+00:00","networkType":"Published fiber route; network class not specified","serviceability":"Unconfirmed","routeDiversity":"Unconfirmed","states":["KS"]},"bbox":[-94.9321131430493,38.8026677106442,-94.9321116614891,38.8028514859379]},{"type":"Feature","geometry":{"type":"LineString","coordinates":[[-94.9321131430493,38.8026677106442],[-94.9321231112106,38.8022595360985]]},"properties":{"id":"arcgis-23-2-c2b79cadf2d92ae8","sourceId":"arcgis-23-2","source":"Fiber_BackBone \u2014 Fiber Backbone (Approx 31 Miles)","sourceUrl":"https://services5.arcgis.com/Ox3HYmIeiVBmWWrQ/arcgis/rest/services/Fiber_BackBone/FeatureServer/2","name":"Fiber_BackBone \u2014 Fiber Backbone (Approx 31 Miles)","carrier":"Not published","routeStatus":"Unknown","category":"unknown","evidence":"agency_route","dataDate":null,"metadataModified":"2018-05-02T20:09:15+00:00","retrievedAt":"2026-09-18T02:36:49.784947+00:00","networkType":"Published fiber route; network class not specified","serviceability":"Unconfirmed","routeDiversity":"Unconfirmed","states":["KS"]},"bbox":[-94.9321231112106,38.8022595360985,-94.9321131430493,38.8026677106442]},{"type":"Feature","geometry":{"type":"LineString","coordinates":[[-94.9321231112106,38.8022595360985],[-94.9321110453374,38.8018520021139]]},"properties":{"id":"arcgis-23-2-ad801ecb1144b531","sourceId":"arcgis-23-2","source":"Fiber_BackBone \u2014 Fiber Backbone (Approx 31 Miles)","sourceUrl":"https://services5.arcgis.com/Ox3HYmIeiVBmWWrQ/arcgis/rest/services/Fiber_BackBone/FeatureServer/2","name":"Fiber_BackBone \u2014 Fiber Backbone (Approx 31 Miles)","carrier":"Not published","routeStatus":"Unknown","category":"unknown","evidence":"agency_route","dataDate":null,"metadataModified":"2018-05-02T20:09:15+00:00","retrievedAt":"2026-09-18T02:36:49.784947+00:00","networkType":"Published fiber route; network class not specified","serviceability":"Unconfirmed","routeDiversity":"Unconfirmed","states":["KS"]},"bbox":[-94.9321231112106,38.8018520021139,-94.9321110453374,38.8022595360985]},{"type":"Feature","geometry":{"type":"LineString","coordinates":[[-94.9321110453374,38.8018520021139],[-94.9321082274129,38.8014308869052]]},"properties":{"id":"arcgis-23-2-e8a1a248a4025d21","sourceId":"arcgis-23-2","source":"Fiber_BackBone \u2014 Fiber Backbone (Approx 31 Miles)","sourceUrl":"https://services5.arcgis.com/Ox3HYmIeiVBmWWrQ/arcgis/rest/services/Fiber_BackBone/FeatureServer/2","name":"Fiber_BackBone \u2014 Fiber Backbone (Approx 31 Miles)","carrier":"Not published","routeStatus":"Unknown","category":"unknown","evidence":"agency_route","dataDate":null,"metadataModified":"2018-05-02T20:09:15+00:00","retrievedAt":"2026-09-18T02:36:49.784947+00:00","networkType":"Published fiber route; network class not specified","serviceability":"Unconfirmed","routeDiversity":"Unconfirmed","states":["KS"]},"bbox":[-94.9321110453374,38.8014308869052,-94.9321082274129,38.8018520021139]},{"type":"Feature","geometry":{"type":"LineString","coordinates":[[-94.9321082274129,38.8014308869052],[-94.9321144450027,38.8010107188652]]},"properties":{"id":"arcgis-23-2-01329d33e9f23c40","sourceId":"arcgis-23-2","source":"Fiber_BackBone \u2014 Fiber Backbone (Approx 31 Miles)","sourceUrl":"https://services5.arcgis.com/Ox3HYmIeiVBmWWrQ/arcgis/rest/services/Fiber_BackBone/FeatureServer/2","name":"Fiber_BackBone \u2014 Fiber Backbone (Approx 31 Miles)","carrier":"Not published","routeStatus":"Unknown","category":"unknown","evidence":"agency_route","dataDate":null,"metadataModified":"2018-05-02T20:09:15+00:00","retrievedAt":"2026-09-18T02:36:49.784947+00:00","networkType":"Published fiber route; network class not specified","serviceability":"Unconfirmed","routeDiversity":"Unconfirmed","states":["KS"]},"bbox":[-94.9321144450027,38.8010107188652,-94.9321082274129,38.8014308869052]},{"type":"Feature","geometry":{"type":"LineString","coordinates":[[-94.9321144450027,38.8010107188652],[-94.9321192603422,38.8006111442823]]},"properties":{"id":"arcgis-23-2-30c8882612924bf5","sourceId":"arcgis-23-2","source":"Fiber_BackBone \u2014 Fiber Backbone (Approx 31 Miles)","sourceUrl":"https://services5.arcgis.com/Ox3HYmIeiVBmWWrQ/arcgis/rest/services/Fiber_BackBone/FeatureServer/2","name":"Fiber_BackBone \u2014 Fiber Backbone (Approx 31 Miles)","carrier":"Not published","routeStatus":"Unknown","category":"unknown","evidence":"agency_route","dataDate":null,"metadataModified":"2018-05-02T20:09:15+00:00","retrievedAt":"2026-09-18T02:36:49.784947+00:00","networkType":"Published fiber route; network class not specified","serviceability":"Unconfirmed","routeDiversity":"Unconfirmed","states":["KS"]},"bbox":[-94.9321192603422,38.8006111442823,-94.9321144450027,38.8010107188652]},{"type":"Feature","geometry":{"type":"LineString","coordinates":[[-94.9321192603422,38.8006111442823],[-94.9320901958919,38.8001986951332]]},"properties":{"id":"arcgis-23-2-d7d331f95fc6776d","sourceId":"arcgis-23-2","source":"Fiber_BackBone \u2014 Fiber Backbone (Approx 31 Miles)","sourceUrl":"https://services5.arcgis.com/Ox3HYmIeiVBmWWrQ/arcgis/rest/services/Fiber_BackBone/FeatureServer/2","name":"Fiber_BackBone \u2014 Fiber Backbone (Approx 31 Miles)","carrier":"Not published","routeStatus":"Unknown","category":"unknown","evidence":"agency_route","dataDate":null,"metadataModified":"2018-05-02T20:09:15+00:00","retrievedAt":"2026-09-18T02:36:49.784947+00:00","networkType":"Published fiber route; network class not specified","serviceability":"Unconfirmed","routeDiversity":"Unconfirmed","states":["KS"]},"bbox":[-94.9321192603422,38.8001986951332,-94.9320901958919,38.8006111442823]},{"type":"Feature","geometry":{"type":"LineString","coordinates":[[-94.9320901958919,38.8001986951332],[-94.9320910380026,38.7997905993997]]},"properties":{"id":"arcgis-23-2-acd9c45501e6af45","sourceId":"arcgis-23-2","source":"Fiber_BackBone \u2014 Fiber Backbone (Approx 31 Miles)","sourceUrl":"https://services5.arcgis.com/Ox3HYmIeiVBmWWrQ/arcgis/rest/services/Fiber_BackBone/FeatureServer/2","name":"Fiber_BackBone \u2014 Fiber Backbone (Approx 31 Miles)","carrier":"Not published","routeStatus":"Unknown","category":"unknown","evidence":"agency_route","dataDate":null,"metadataModified":"2018-05-02T20:09:15+00:00","retrievedAt":"2026-09-18T02:36:49.784947+00:00","networkType":"Published fiber route; network class not specified","serviceability":"Unconfirmed","routeDiversity":"Unconfirmed","states":["KS"]},"bbox":[-94.9320910380026,38.7997905993997,-94.9320901958919,38.8001986951332]},{"type":"Feature","geometry":{"type":"LineString","coordinates":[[-94.9320910380026,38.7997905993997],[-94.9320946120379,38.7993735186021]]},"properties":{"id":"arcgis-23-2-d5e63f753e129232","sourceId":"arcgis-23-2","source":"Fiber_BackBone \u2014 Fiber Backbone (Approx 31 Miles)","sourceUrl":"https://services5.arcgis.com/Ox3HYmIeiVBmWWrQ/arcgis/rest/services/Fiber_BackBone/FeatureServer/2","name":"Fiber_BackBone \u2014 Fiber Backbone (Approx 31 Miles)","carrier":"Not published","routeStatus":"Unknown","category":"unknown","evidence":"agency_route","dataDate":null,"metadataModified":"2018-05-02T20:09:15+00:00","retrievedAt":"2026-09-18T02:36:49.784947+00:00","networkType":"Published fiber route; network class not specified","serviceability":"Unconfirmed","routeDiversity":"Unconfirmed","states":["KS"]},"bbox":[-94.9320946120379,38.7993735186021,-94.9320910380026,38.7997905993997]},{"type":"Feature","geometry":{"type":"LineString","coordinates":[[-94.9320946120379,38.7993735186021],[-94.9320994895791,38.7989597955918]]},"properties":{"id":"arcgis-23-2-a1546eeda01ae6b8","sourceId":"arcgis-23-2","source":"Fiber_BackBone \u2014 Fiber Backbone (Approx 31 Miles)","sourceUrl":"https://services5.arcgis.com/Ox3HYmIeiVBmWWrQ/arcgis/rest/services/Fiber_BackBone/FeatureServer/2","name":"Fiber_BackBone \u2014 Fiber Backbone (Approx 31 Miles)","carrier":"Not published","routeStatus":"Unknown","category":"unknown","evidence":"agency_route","dataDate":null,"metadataModified":"2018-05-02T20:09:15+00:00","retrievedAt":"2026-09-18T02:36:49.784947+00:00","networkType":"Published fiber route; network class not specified","serviceability":"Unconfirmed","routeDiversity":"Unconfirmed","states":["KS"]},"bbox":[-94.9320994895791,38.7989597955918,-94.9320946120379,38.7993735186021]},{"type":"Feature","geometry":{"type":"LineString","coordinates":[[-94.9320994895791,38.7989597955918],[-94.9320979610692,38.7985447354488]]},"properties":{"id":"arcgis-23-2-42a21a70a37568ad","sourceId":"arcgis-23-2","source":"Fiber_BackBone \u2014 Fiber Backbone (Approx 31 Miles)","sourceUrl":"https://services5.arcgis.com/Ox3HYmIeiVBmWWrQ/arcgis/rest/services/Fiber_BackBone/FeatureServer/2","name":"Fiber_BackBone \u2014 Fiber Backbone (Approx 31 Miles)","carrier":"Not published","routeStatus":"Unknown","category":"unknown","evidence":"agency_route","dataDate":null,"metadataModified":"2018-05-02T20:09:15+00:00","retrievedAt":"2026-09-18T02:36:49.784947+00:00","networkType":"Published fiber route; network class not specified","serviceability":"Unconfirmed","routeDiversity":"Unconfirmed","states":["KS"]},"bbox":[-94.9320994895791,38.7985447354488,-94.9320979610692,38.7989597955918]},{"type":"Feature","geometry":{"type":"LineString","coordinates":[[-94.9320979610692,38.7985447354488],[-94.9320980078724,38.7981373694122]]},"properties":{"id":"arcgis-23-2-25e4bd229d8c07b4","sourceId":"arcgis-23-2","source":"Fiber_BackBone \u2014 Fiber Backbone (Approx 31 Miles)","sourceUrl":"https://services5.arcgis.com/Ox3HYmIeiVBmWWrQ/arcgis/rest/services/Fiber_BackBone/FeatureServer/2","name":"Fiber_BackBone \u2014 Fiber Backbone (Approx 31 Miles)","carrier":"Not published","routeStatus":"Unknown","category":"unknown","evidence":"agency_route","dataDate":null,"metadataModified":"2018-05-02T20:09:15+00:00","retrievedAt":"2026-09-18T02:36:49.784947+00:00","networkType":"Published fiber route; network class not specified","serviceability":"Unconfirmed","routeDiversity":"Unconfirmed","states":["KS"]},"bbox":[-94.9320980078724,38.7981373694122,-94.9320979610692,38.7985447354488]},{"type":"Feature","geometry":{"type":"LineString","coordinates":[[-94.9320980078724,38.7981373694122],[-94.9320950283572,38.7977243519551]]},"properties":{"id":"arcgis-23-2-344f7a0057d3a9a5","sourceId":"arcgis-23-2","source":"Fiber_BackBone \u2014 Fiber Backbone (Approx 31 Miles)","sourceUrl":"https://services5.arcgis.com/Ox3HYmIeiVBmWWrQ/arcgis/rest/services/Fiber_BackBone/FeatureServer/2","name":"Fiber_BackBone \u2014 Fiber Backbone (Approx 31 Miles)","carrier":"Not published","routeStatus":"Unknown","category":"unknown","evidence":"agency_route","dataDate":null,"metadataModified":"2018-05-02T20:09:15+00:00","retrievedAt":"2026-09-18T02:36:49.784947+00:00","networkType":"Published fiber route; network class not specified","serviceability":"Unconfirmed","routeDiversity":"Unconfirmed","states":["KS"]},"bbox":[-94.9320980078724,38.7977243519551,-94.9320950283572,38.7981373694122]},{"type":"Feature","geometry":{"type":"LineString","coordinates":[[-94.9320950283572,38.7977243519551],[-94.9320923620771,38.7973139692885]]},"properties":{"id":"arcgis-23-2-22ea1fda57727802","sourceId":"arcgis-23-2","source":"Fiber_BackBone \u2014 Fiber Backbone (Approx 31 Miles)","sourceUrl":"https://services5.arcgis.com/Ox3HYmIeiVBmWWrQ/arcgis/rest/services/Fiber_BackBone/FeatureServer/2","name":"Fiber_BackBone \u2014 Fiber Backbone (Approx 31 Miles)","carrier":"Not published","routeStatus":"Unknown","category":"unknown","evidence":"agency_route","dataDate":null,"metadataModified":"2018-05-02T20:09:15+00:00","retrievedAt":"2026-09-18T02:36:49.784947+00:00","networkType":"Published fiber route; network class not specified","serviceability":"Unconfirmed","routeDiversity":"Unconfirmed","states":["KS"]},"bbox":[-94.9320950283572,38.7973139692885,-94.9320923620771,38.7977243519551]},{"type":"Feature","geometry":{"type":"LineString","coordinates":[[-94.9320923620771,38.7973139692885],[-94.9320954952627,38.796906585945]]},"properties":{"id":"arcgis-23-2-4eb8b48073a0e5cf","sourceId":"arcgis-23-2","source":"Fiber_BackBone \u2014 Fiber Backbone (Approx 31 Miles)","sourceUrl":"https://services5.arcgis.com/Ox3HYmIeiVBmWWrQ/arcgis/rest/services/Fiber_BackBone/FeatureServer/2","name":"Fiber_BackBone \u2014 Fiber Backbone (Approx 31 Miles)","carrier":"Not published","routeStatus":"Unknown","category":"unknown","evidence":"agency_route","dataDate":null,"metadataModified":"2018-05-02T20:09:15+00:00","retrievedAt":"2026-09-18T02:36:49.784947+00:00","networkType":"Published fiber route; network class not specified","serviceability":"Unconfirmed","routeDiversity":"Unconfirmed","states":["KS"]},"bbox":[-94.9320954952627,38.796906585945,-94.9320923620771,38.7973139692885]},{"type":"Feature","geometry":{"type":"LineString","coordinates":[[-94.9320954952627,38.796906585945],[-94.9320961787987,38.7966536859089]]},"properties":{"id":"arcgis-23-2-200d9891f95b477a","sourceId":"arcgis-23-2","source":"Fiber_BackBone \u2014 Fiber Backbone (Approx 31 Miles)","sourceUrl":"https://services5.arcgis.com/Ox3HYmIeiVBmWWrQ/arcgis/rest/services/Fiber_BackBone/FeatureServer/2","name":"Fiber_BackBone \u2014 Fiber Backbone (Approx 31 Miles)","carrier":"Not published","routeStatus":"Unknown","category":"unknown","evidence":"agency_route","dataDate":null,"metadataModified":"2018-05-02T20:09:15+00:00","retrievedAt":"2026-09-18T02:36:49.784947+00:00","networkType":"Published fiber route; network class not specified","serviceability":"Unconfirmed","routeDiversity":"Unconfirmed","states":["KS"]},"bbox":[-94.9320961787987,38.7966536859089,-94.9320954952627,38.796906585945]},{"type":"Feature","geometry":{"type":"LineString","coordinates":[[-94.931537194498,38.7966019519515],[-94.9320958114035,38.7966106022731]]},"properties":{"id":"arcgis-23-2-8a3eceb9ecd95477","sourceId":"arcgis-23-2","source":"Fiber_BackBone \u2014 Fiber Backbone (Approx 31 Miles)","sourceUrl":"https://services5.arcgis.com/Ox3HYmIeiVBmWWrQ/arcgis/rest/services/Fiber_BackBone/FeatureServer/2","name":"Fiber_BackBone \u2014 Fiber Backbone (Approx 31 Miles)","carrier":"Not published","routeStatus":"Unknown","category":"unknown","evidence":"agency_route","dataDate":null,"metadataModified":"2018-05-02T20:09:15+00:00","retrievedAt":"2026-09-18T02:36:49.784947+00:00","networkType":"Published fiber route; network class not specified","serviceability":"Unconfirmed","routeDiversity":"Unconfirmed","states":["KS"]},"bbox":[-94.9320958114035,38.7966019519515,-94.931537194498,38.7966106022731]},{"type":"Feature","geometry":{"type":"LineString","coordinates":[[-94.9307877065098,38.7965968080529],[-94.9302376115107,38.7965890355437]]},"properties":{"id":"arcgis-23-2-0a153f2f44e04f27","sourceId":"arcgis-23-2","source":"Fiber_BackBone \u2014 Fiber Backbone (Approx 31 Miles)","sourceUrl":"https://services5.arcgis.com/Ox3HYmIeiVBmWWrQ/arcgis/rest/services/Fiber_BackBone/FeatureServer/2","name":"Fiber_BackBone \u2014 Fiber Backbone (Approx 31 Miles)","carrier":"Not published","routeStatus":"Unknown","category":"unknown","evidence":"agency_route","dataDate":null,"metadataModified":"2018-05-02T20:09:15+00:00","retrievedAt":"2026-09-18T02:36:49.784947+00:00","networkType":"Published fiber route; network class not specified","serviceability":"Unconfirmed","routeDiversity":"Unconfirmed","states":["KS"]},"bbox":[-94.9307877065098,38.7965890355437,-94.9302376115107,38.7965968080529]},{"type":"Feature","geometry":{"type":"LineString","coordinates":[[-94.9307530945469,38.7995097686734],[-94.9302253378692,38.7996343664452]]},"properties":{"id":"arcgis-23-2-6eaac0f5c2bd33e1","sourceId":"arcgis-23-2","source":"Fiber_BackBone \u2014 Fiber Backbone (Approx 31 Miles)","sourceUrl":"https://services5.arcgis.com/Ox3HYmIeiVBmWWrQ/arcgis/rest/services/Fiber_BackBone/FeatureServer/2","name":"Fiber_BackBone \u2014 Fiber Backbone (Approx 31 Miles)","carrier":"Not published","routeStatus":"Unknown","category":"unknown","evidence":"agency_route","dataDate":null,"metadataModified":"2018-05-02T20:09:15+00:00","retrievedAt":"2026-09-18T02:36:49.784947+00:00","networkType":"Published fiber route; network class not specified","serviceability":"Unconfirmed","routeDiversity":"Unconfirmed","states":["KS"]},"bbox":[-94.9307530945469,38.7995097686734,-94.9302253378692,38.7996343664452]},{"type":"Feature","geometry":{"type":"LineString","coordinates":[[-94.9302253378692,38.7996343664452],[-94.9300452886942,38.7997193919019]]},"properties":{"id":"arcgis-23-2-b5bf8c734ff0cc6d","sourceId":"arcgis-23-2","source":"Fiber_BackBone \u2014 Fiber Backbone (Approx 31 Miles)","sourceUrl":"https://services5.arcgis.com/Ox3HYmIeiVBmWWrQ/arcgis/rest/services/Fiber_BackBone/FeatureServer/2","name":"Fiber_BackBone \u2014 Fiber Backbone (Approx 31 Miles)","carrier":"Not published","routeStatus":"Unknown","category":"unknown","evidence":"agency_route","dataDate":null,"metadataModified":"2018-05-02T20:09:15+00:00","retrievedAt":"2026-09-18T02:36:49.784947+00:00","networkType":"Published fiber route; network class not specified","serviceability":"Unconfirmed","routeDiversity":"Unconfirmed","states":["KS"]},"bbox":[-94.9302253378692,38.7996343664452,-94.9300452886942,38.7997193919019]},{"type":"Feature","geometry":{"type":"LineString","coordinates":[[-94.9300452886942,38.7997193919019],[-94.9295087946433,38.7997318853258]]},"properties":{"id":"arcgis-23-2-edfbf0988b6dfa3d","sourceId":"arcgis-23-2","source":"Fiber_BackBone \u2014 Fiber Backbone (Approx 31 Miles)","sourceUrl":"https://services5.arcgis.com/Ox3HYmIeiVBmWWrQ/arcgis/rest/services/Fiber_BackBone/FeatureServer/2","name":"Fiber_BackBone \u2014 Fiber Backbone (Approx 31 Miles)","carrier":"Not published","routeStatus":"Unknown","category":"unknown","evidence":"agency_route","dataDate":null,"metadataModified":"2018-05-02T20:09:15+00:00","retrievedAt":"2026-09-18T02:36:49.784947+00:00","networkType":"Published fiber route; network class not specified","serviceability":"Unconfirmed","routeDiversity":"Unconfirmed","states":["KS"]},"bbox":[-94.9300452886942,38.7997193919019,-94.9295087946433,38.7997318853258]},{"type":"Feature","geometry":{"type":"LineString","coordinates":[[-94.9307530945469,38.7995097686734],[-94.9309461143615,38.7998804489114]]},"properties":{"id":"arcgis-23-2-d8e8a7ec47ac06c7","sourceId":"arcgis-23-2","source":"Fiber_BackBone \u2014 Fiber Backbone (Approx 31 Miles)","sourceUrl":"https://services5.arcgis.com/Ox3HYmIeiVBmWWrQ/arcgis/rest/services/Fiber_BackBone/FeatureServer/2","name":"Fiber_BackBone \u2014 Fiber Backbone (Approx 31 Miles)","carrier":"Not published","routeStatus":"Unknown","category":"unknown","evidence":"agency_route","dataDate":null,"metadataModified":"2018-05-02T20:09:15+00:00","retrievedAt":"2026-09-18T02:36:49.784947+00:00","networkType":"Published fiber route; network class not specified","serviceability":"Unconfirmed","routeDiversity":"Unconfirmed","states":["KS"]},"bbox":[-94.9309461143615,38.7995097686734,-94.9307530945469,38.7998804489114]},{"type":"Feature","geometry":{"type":"LineString","coordinates":[[-94.9309461143615,38.7998804489114],[-94.931099828809,38.8002340359412]]},"properties":{"id":"arcgis-23-2-47dd08825940a8f9","sourceId":"arcgis-23-2","source":"Fiber_BackBone \u2014 Fiber Backbone (Approx 31 Miles)","sourceUrl":"https://services5.arcgis.com/Ox3HYmIeiVBmWWrQ/arcgis/rest/services/Fiber_BackBone/FeatureServer/2","name":"Fiber_BackBone \u2014 Fiber Backbone (Approx 31 Miles)","carrier":"Not published","routeStatus":"Unknown","category":"unknown","evidence":"agency_route","dataDate":null,"metadataModified":"2018-05-02T20:09:15+00:00","retrievedAt":"2026-09-18T02:36:49.784947+00:00","networkType":"Published fiber route; network class not specified","serviceability":"Unconfirmed","routeDiversity":"Unconfirmed","states":["KS"]},"bbox":[-94.931099828809,38.7998804489114,-94.9309461143615,38.8002340359412]},{"type":"Feature","geometry":{"type":"LineString","coordinates":[[-94.931099828809,38.8002340359412],[-94.931258564824,38.8005879073594]]},"properties":{"id":"arcgis-23-2-72ecbef33faad87e","sourceId":"arcgis-23-2","source":"Fiber_BackBone \u2014 Fiber Backbone (Approx 31 Miles)","sourceUrl":"https://services5.arcgis.com/Ox3HYmIeiVBmWWrQ/arcgis/rest/services/Fiber_BackBone/FeatureServer/2","name":"Fiber_BackBone \u2014 Fiber Backbone (Approx 31 Miles)","carrier":"Not published","routeStatus":"Unknown","category":"unknown","evidence":"agency_route","dataDate":null,"metadataModified":"2018-05-02T20:09:15+00:00","retrievedAt":"2026-09-18T02:36:49.784947+00:00","networkType":"Published fiber route; network class not specified","serviceability":"Unconfirmed","routeDiversity":"Unconfirmed","states":["KS"]},"bbox":[-94.931258564824,38.8002340359412,-94.931099828809,38.8005879073594]},{"type":"Feature","geometry":{"type":"LineString","coordinates":[[-94.931258564824,38.8005879073594],[-94.9316757786591,38.8005968690314]]},"properties":{"id":"arcgis-23-2-0e32f996b1cdec0f","sourceId":"arcgis-23-2","source":"Fiber_BackBone \u2014 Fiber Backbone (Approx 31 Miles)","sourceUrl":"https://services5.arcgis.com/Ox3HYmIeiVBmWWrQ/arcgis/rest/services/Fiber_BackBone/FeatureServer/2","name":"Fiber_BackBone \u2014 Fiber Backbone (Approx 31 Miles)","carrier":"Not published","routeStatus":"Unknown","category":"unknown","evidence":"agency_route","dataDate":null,"metadataModified":"2018-05-02T20:09:15+00:00","retrievedAt":"2026-09-18T02:36:49.784947+00:00","networkType":"Published fiber route; network class not specified","serviceability":"Unconfirmed","routeDiversity":"Unconfirmed","states":["KS"]},"bbox":[-94.9316757786591,38.8005879073594,-94.931258564824,38.8005968690314]},{"type":"Feature","geometry":{"type":"LineString","coordinates":[[-94.9316757786591,38.8005968690314],[-94.9320366280551,38.8006116694034]]},"properties":{"id":"arcgis-23-2-bd4bb4aad2858fe1","sourceId":"arcgis-23-2","source":"Fiber_BackBone \u2014 Fiber Backbone (Approx 31 Miles)","sourceUrl":"https://services5.arcgis.com/Ox3HYmIeiVBmWWrQ/arcgis/rest/services/Fiber_BackBone/FeatureServer/2","name":"Fiber_BackBone \u2014 Fiber Backbone (Approx 31 Miles)","carrier":"Not published","routeStatus":"Unknown","category":"unknown","evidence":"agency_route","dataDate":null,"metadataModified":"2018-05-02T20:09:15+00:00","retrievedAt":"2026-09-18T02:36:49.784947+00:00","networkType":"Published fiber route; network class not specified","serviceability":"Unconfirmed","routeDiversity":"Unconfirmed","states":["KS"]},"bbox":[-94.9320366280551,38.8005968690314,-94.9316757786591,38.8006116694034]},{"type":"Feature","geometry":{"type":"LineString","coordinates":[[-94.9320366280551,38.8006116694034],[-94.9321192603422,38.8006111442823]]},"properties":{"id":"arcgis-23-2-3f5e1176b3227dde","sourceId":"arcgis-23-2","source":"Fiber_BackBone \u2014 Fiber Backbone (Approx 31 Miles)","sourceUrl":"https://services5.arcgis.com/Ox3HYmIeiVBmWWrQ/arcgis/rest/services/Fiber_BackBone/FeatureServer/2","name":"Fiber_BackBone \u2014 Fiber Backbone (Approx 31 Miles)","carrier":"Not published","routeStatus":"Unknown","category":"unknown","evidence":"agency_route","dataDate":null,"metadataModified":"2018-05-02T20:09:15+00:00","retrievedAt":"2026-09-18T02:36:49.784947+00:00","networkType":"Published fiber route; network class not specified","serviceability":"Unconfirmed","routeDiversity":"Unconfirmed","states":["KS"]},"bbox":[-94.9321192603422,38.8006111442823,-94.9320366280551,38.8006116694034]},{"type":"Feature","geometry":{"type":"LineString","coordinates":[[-94.9460512905748,38.8113359863183],[-94.9463827292873,38.8112515380021]]},"properties":{"id":"arcgis-23-2-d5705a614af649eb","sourceId":"arcgis-23-2","source":"Fiber_BackBone \u2014 Fiber Backbone (Approx 31 Miles)","sourceUrl":"https://services5.arcgis.com/Ox3HYmIeiVBmWWrQ/arcgis/rest/services/Fiber_BackBone/FeatureServer/2","name":"Fiber_BackBone \u2014 Fiber Backbone (Approx 31 Miles)","carrier":"Not published","routeStatus":"Unknown","category":"unknown","evidence":"agency_route","dataDate":null,"metadataModified":"2018-05-02T20:09:15+00:00","retrievedAt":"2026-09-18T02:36:49.784947+00:00","networkType":"Published fiber route; network class not specified","serviceability":"Unconfirmed","routeDiversity":"Unconfirmed","states":["KS"]},"bbox":[-94.9463827292873,38.8112515380021,-94.9460512905748,38.8113359863183]},{"type":"Feature","geometry":{"type":"LineString","coordinates":[[-94.9638915564567,38.8113100232636],[-94.9638600058756,38.8112749756549]]},"properties":{"id":"arcgis-23-2-9ae997d435480215","sourceId":"arcgis-23-2","source":"Fiber_BackBone \u2014 Fiber Backbone (Approx 31 Miles)","sourceUrl":"https://services5.arcgis.com/Ox3HYmIeiVBmWWrQ/arcgis/rest/services/Fiber_BackBone/FeatureServer/2","name":"Fiber_BackBone \u2014 Fiber Backbone (Approx 31 Miles)","carrier":"Not published","routeStatus":"Unknown","category":"unknown","evidence":"agency_route","dataDate":null,"metadataModified":"2018-05-02T20:09:15+00:00","retrievedAt":"2026-09-18T02:36:49.784947+00:00","networkType":"Published fiber route; network class not specified","serviceability":"Unconfirmed","routeDiversity":"Unconfirmed","states":["KS"]},"bbox":[-94.9638915564567,38.8112749756549,-94.9638600058756,38.8113100232636]},{"type":"Feature","geometry":{"type":"LineString","coordinates":[[-94.9307715102073,38.8078324174809],[-94.9307914731629,38.8078264980394],[-94.9308145102574,38.8078193919712],[-94.9308429151746,38.8078117072344],[-94.9309583286918,38.8077858523694]]},"properties":{"id":"arcgis-23-2-5962c096ccd8df09","sourceId":"arcgis-23-2","source":"Fiber_BackBone \u2014 Fiber Backbone (Approx 31 Miles)","sourceUrl":"https://services5.arcgis.com/Ox3HYmIeiVBmWWrQ/arcgis/rest/services/Fiber_BackBone/FeatureServer/2","name":"Fiber_BackBone \u2014 Fiber Backbone (Approx 31 Miles)","carrier":"Not published","routeStatus":"Unknown","category":"unknown","evidence":"agency_route","dataDate":null,"metadataModified":"2018-05-02T20:09:15+00:00","retrievedAt":"2026-09-18T02:36:49.784947+00:00","networkType":"Published fiber route; network class not specified","serviceability":"Unconfirmed","routeDiversity":"Unconfirmed","states":["KS"]},"bbox":[-94.9309583286918,38.8077858523694,-94.9307715102073,38.8078324174809]},{"type":"Feature","geometry":{"type":"LineString","coordinates":[[-94.9632592073411,38.811311790141],[-94.9632861163346,38.81127002154]]},"properties":{"id":"arcgis-23-2-7c448070cdbd3238","sourceId":"arcgis-23-2","source":"Fiber_BackBone \u2014 Fiber Backbone (Approx 31 Miles)","sourceUrl":"https://services5.arcgis.com/Ox3HYmIeiVBmWWrQ/arcgis/rest/services/Fiber_BackBone/FeatureServer/2","name":"Fiber_BackBone \u2014 Fiber Backbone (Approx 31 Miles)","carrier":"Not published","routeStatus":"Unknown","category":"unknown","evidence":"agency_route","dataDate":null,"metadataModified":"2018-05-02T20:09:15+00:00","retrievedAt":"2026-09-18T02:36:49.784947+00:00","networkType":"Published fiber route; network class not specified","serviceability":"Unconfirmed","routeDiversity":"Unconfirmed","states":["KS"]},"bbox":[-94.9632861163346,38.81127002154,-94.9632592073411,38.811311790141]},{"type":"Feature","geometry":{"type":"LineString","coordinates":[[-94.9632592073411,38.811311790141],[-94.9632227983222,38.8112673573308]]},"properties":{"id":"arcgis-23-2-a9e8bf00fe148895","sourceId":"arcgis-23-2","source":"Fiber_BackBone \u2014 Fiber Backbone (Approx 31 Miles)","sourceUrl":"https://services5.arcgis.com/Ox3HYmIeiVBmWWrQ/arcgis/rest/services/Fiber_BackBone/FeatureServer/2","name":"Fiber_BackBone \u2014 Fiber Backbone (Approx 31 Miles)","carrier":"Not published","routeStatus":"Unknown","category":"unknown","evidence":"agency_route","dataDate":null,"metadataModified":"2018-05-02T20:09:15+00:00","retrievedAt":"2026-09-18T02:36:49.784947+00:00","networkType":"Published fiber route; network class not specified","serviceability":"Unconfirmed","routeDiversity":"Unconfirmed","states":["KS"]},"bbox":[-94.9632592073411,38.8112673573308,-94.9632227983222,38.811311790141]},{"type":"Feature","geometry":{"type":"LineString","coordinates":[[-94.9626581743363,38.8113057563355],[-94.9626950772932,38.8112696275294]]},"properties":{"id":"arcgis-23-2-b78dbf30ff0d1016","sourceId":"arcgis-23-2","source":"Fiber_BackBone \u2014 Fiber Backbone (Approx 31 Miles)","sourceUrl":"https://services5.arcgis.com/Ox3HYmIeiVBmWWrQ/arcgis/rest/services/Fiber_BackBone/FeatureServer/2","name":"Fiber_BackBone \u2014 Fiber Backbone (Approx 31 Miles)","carrier":"Not published","routeStatus":"Unknown","category":"unknown","evidence":"agency_route","dataDate":null,"metadataModified":"2018-05-02T20:09:15+00:00","retrievedAt":"2026-09-18T02:36:49.784947+00:00","networkType":"Published fiber route; network class not specified","serviceability":"Unconfirmed","routeDiversity":"Unconfirmed","states":["KS"]},"bbox":[-94.9626950772932,38.8112696275294,-94.9626581743363,38.8113057563355]},{"type":"Feature","geometry":{"type":"LineString","coordinates":[[-94.9626581743363,38.8113057563355],[-94.962622068503,38.8112639865866]]},"properties":{"id":"arcgis-23-2-712408d4464fd90c","sourceId":"arcgis-23-2","source":"Fiber_BackBone \u2014 Fiber Backbone (Approx 31 Miles)","sourceUrl":"https://services5.arcgis.com/Ox3HYmIeiVBmWWrQ/arcgis/rest/services/Fiber_BackBone/FeatureServer/2","name":"Fiber_BackBone \u2014 Fiber Backbone (Approx 31 Miles)","carrier":"Not published","routeStatus":"Unknown","category":"unknown","evidence":"agency_route","dataDate":null,"metadataModified":"2018-05-02T20:09:15+00:00","retrievedAt":"2026-09-18T02:36:49.784947+00:00","networkType":"Published fiber route; network class not specified","serviceability":"Unconfirmed","routeDiversity":"Unconfirmed","states":["KS"]},"bbox":[-94.9626581743363,38.8112639865866,-94.962622068503,38.8113057563355]},{"type":"Feature","geometry":{"type":"LineString","coordinates":[[-94.9619890240713,38.8113066727211],[-94.9620259702503,38.8112730626532]]},"properties":{"id":"arcgis-23-2-83d356efa08c4750","sourceId":"arcgis-23-2","source":"Fiber_BackBone \u2014 Fiber Backbone (Approx 31 Miles)","sourceUrl":"https://services5.arcgis.com/Ox3HYmIeiVBmWWrQ/arcgis/rest/services/Fiber_BackBone/FeatureServer/2","name":"Fiber_BackBone \u2014 Fiber Backbone (Approx 31 Miles)","carrier":"Not published","routeStatus":"Unknown","category":"unknown","evidence":"agency_route","dataDate":null,"metadataModified":"2018-05-02T20:09:15+00:00","retrievedAt":"2026-09-18T02:36:49.784947+00:00","networkType":"Published fiber route; network class not specified","serviceability":"Unconfirmed","routeDiversity":"Unconfirmed","states":["KS"]},"bbox":[-94.9620259702503,38.8112730626532,-94.9619890240713,38.8113066727211]},{"type":"Feature","geometry":{"type":"LineString","coordinates":[[-94.9619890240713,38.8113066727211],[-94.9619625964072,38.8112732579922]]},"properties":{"id":"arcgis-23-2-86f430e6d4f5cd11","sourceId":"arcgis-23-2","source":"Fiber_BackBone \u2014 Fiber Backbone (Approx 31 Miles)","sourceUrl":"https://services5.arcgis.com/Ox3HYmIeiVBmWWrQ/arcgis/rest/services/Fiber_BackBone/FeatureServer/2","name":"Fiber_BackBone \u2014 Fiber Backbone (Approx 31 Miles)","carrier":"Not published","routeStatus":"Unknown","category":"unknown","evidence":"agency_route","dataDate":null,"metadataModified":"2018-05-02T20:09:15+00:00","retrievedAt":"2026-09-18T02:36:49.784947+00:00","networkType":"Published fiber route; network class not specified","serviceability":"Unconfirmed","routeDiversity":"Unconfirmed","states":["KS"]},"bbox":[-94.9619890240713,38.8112732579922,-94.9619625964072,38.8113066727211]},{"type":"Feature","geometry":{"type":"LineString","coordinates":[[-94.9614910917108,38.8113077394277],[-94.9615218387212,38.8112822778206]]},"properties":{"id":"arcgis-23-2-a3fd5a3acd137bb0","sourceId":"arcgis-23-2","source":"Fiber_BackBone \u2014 Fiber Backbone (Approx 31 Miles)","sourceUrl":"https://services5.arcgis.com/Ox3HYmIeiVBmWWrQ/arcgis/rest/services/Fiber_BackBone/FeatureServer/2","name":"Fiber_BackBone \u2014 Fiber Backbone (Approx 31 Miles)","carrier":"Not published","routeStatus":"Unknown","category":"unknown","evidence":"agency_route","dataDate":null,"metadataModified":"2018-05-02T20:09:15+00:00","retrievedAt":"2026-09-18T02:36:49.784947+00:00","networkType":"Published fiber route; network class not specified","serviceability":"Unconfirmed","routeDiversity":"Unconfirmed","states":["KS"]},"bbox":[-94.9615218387212,38.8112822778206,-94.9614910917108,38.8113077394277]},{"type":"Feature","geometry":{"type":"LineString","coordinates":[[-94.9614910917108,38.8113077394277],[-94.9614446219809,38.8112756378171]]},"properties":{"id":"arcgis-23-2-ccf9a0d5dfd2897e","sourceId":"arcgis-23-2","source":"Fiber_BackBone \u2014 Fiber Backbone (Approx 31 Miles)","sourceUrl":"https://services5.arcgis.com/Ox3HYmIeiVBmWWrQ/arcgis/rest/services/Fiber_BackBone/FeatureServer/2","name":"Fiber_BackBone \u2014 Fiber Backbone (Approx 31 Miles)","carrier":"Not published","routeStatus":"Unknown","category":"unknown","evidence":"agency_route","dataDate":null,"metadataModified":"2018-05-02T20:09:15+00:00","retrievedAt":"2026-09-18T02:36:49.784947+00:00","networkType":"Published fiber route; network class not specified","serviceability":"Unconfirmed","routeDiversity":"Unconfirmed","states":["KS"]},"bbox":[-94.9614910917108,38.8112756378171,-94.9614446219809,38.8113077394277]},{"type":"Feature","geometry":{"type":"LineString","coordinates":[[-94.9606254577237,38.8113050892239],[-94.9606722515294,38.8112625735996]]},"properties":{"id":"arcgis-23-2-73efbe3a53a0328f","sourceId":"arcgis-23-2","source":"Fiber_BackBone \u2014 Fiber Backbone (Approx 31 Miles)","sourceUrl":"https://services5.arcgis.com/Ox3HYmIeiVBmWWrQ/arcgis/rest/services/Fiber_BackBone/FeatureServer/2","name":"Fiber_BackBone \u2014 Fiber Backbone (Approx 31 Miles)","carrier":"Not published","routeStatus":"Unknown","category":"unknown","evidence":"agency_route","dataDate":null,"metadataModified":"2018-05-02T20:09:15+00:00","retrievedAt":"2026-09-18T02:36:49.784947+00:00","networkType":"Published fiber route; network class not specified","serviceability":"Unconfirmed","routeDiversity":"Unconfirmed","states":["KS"]},"bbox":[-94.9606722515294,38.8112625735996,-94.9606254577237,38.8113050892239]},{"type":"Feature","geometry":{"type":"LineString","coordinates":[[-94.9606254577237,38.8113050892239],[-94.96059170785,38.8112682830074]]},"properties":{"id":"arcgis-23-2-259527c031e6d300","sourceId":"arcgis-23-2","source":"Fiber_BackBone \u2014 Fiber Backbone (Approx 31 Miles)","sourceUrl":"https://services5.arcgis.com/Ox3HYmIeiVBmWWrQ/arcgis/rest/services/Fiber_BackBone/FeatureServer/2","name":"Fiber_BackBone \u2014 Fiber Backbone (Approx 31 Miles)","carrier":"Not published","routeStatus":"Unknown","category":"unknown","evidence":"agency_route","dataDate":null,"metadataModified":"2018-05-02T20:09:15+00:00","retrievedAt":"2026-09-18T02:36:49.784947+00:00","networkType":"Published fiber route; network class not specified","serviceability":"Unconfirmed","routeDiversity":"Unconfirmed","states":["KS"]},"bbox":[-94.9606254577237,38.8112682830074,-94.96059170785,38.8113050892239]},{"type":"Feature","geometry":{"type":"LineString","coordinates":[[-94.9601481046722,38.8113109260996],[-94.9600760337136,38.8112733192625]]},"properties":{"id":"arcgis-23-2-98ee0ac96e9214fd","sourceId":"arcgis-23-2","source":"Fiber_BackBone \u2014 Fiber Backbone (Approx 31 Miles)","sourceUrl":"https://services5.arcgis.com/Ox3HYmIeiVBmWWrQ/arcgis/rest/services/Fiber_BackBone/FeatureServer/2","name":"Fiber_BackBone \u2014 Fiber Backbone (Approx 31 Miles)","carrier":"Not published","routeStatus":"Unknown","category":"unknown","evidence":"agency_route","dataDate":null,"metadataModified":"2018-05-02T20:09:15+00:00","retrievedAt":"2026-09-18T02:36:49.784947+00:00","networkType":"Published fiber route; network class not specified","serviceability":"Unconfirmed","routeDiversity":"Unconfirmed","states":["KS"]},"bbox":[-94.9601481046722,38.8112733192625,-94.9600760337136,38.8113109260996]},{"type":"Feature","geometry":{"type":"LineString","coordinates":[[-94.9601869890842,38.8113117864171],[-94.9602197834847,38.8112759956734]]},"properties":{"id":"arcgis-23-2-23b74eea45c0e258","sourceId":"arcgis-23-2","source":"Fiber_BackBone \u2014 Fiber Backbone (Approx 31 Miles)","sourceUrl":"https://services5.arcgis.com/Ox3HYmIeiVBmWWrQ/arcgis/rest/services/Fiber_BackBone/FeatureServer/2","name":"Fiber_BackBone \u2014 Fiber Backbone (Approx 31 Miles)","carrier":"Not published","routeStatus":"Unknown","category":"unknown","evidence":"agency_route","dataDate":null,"metadataModified":"2018-05-02T20:09:15+00:00","retrievedAt":"2026-09-18T02:36:49.784947+00:00","networkType":"Published fiber route; network class not specified","serviceability":"Unconfirmed","routeDiversity":"Unconfirmed","states":["KS"]},"bbox":[-94.9602197834847,38.8112759956734,-94.9601869890842,38.8113117864171]},{"type":"Feature","geometry":{"type":"LineString","coordinates":[[-94.9478734789725,38.8112510878698],[-94.947909044332,38.811223989355],[-94.9479090251471,38.811224942455]]},"properties":{"id":"arcgis-23-2-bc1622103579edd1","sourceId":"arcgis-23-2","source":"Fiber_BackBone \u2014 Fiber Backbone (Approx 31 Miles)","sourceUrl":"https://services5.arcgis.com/Ox3HYmIeiVBmWWrQ/arcgis/rest/services/Fiber_BackBone/FeatureServer/2","name":"Fiber_BackBone \u2014 Fiber Backbone (Approx 31 Miles)","carrier":"Not published","routeStatus":"Unknown","category":"unknown","evidence":"agency_route","dataDate":null,"metadataModified":"2018-05-02T20:09:15+00:00","retrievedAt":"2026-09-18T02:36:49.784947+00:00","networkType":"Published fiber route; network class not specified","serviceability":"Unconfirmed","routeDiversity":"Unconfirmed","states":["KS"]},"bbox":[-94.947909044332,38.811223989355,-94.9478734789725,38.8112510878698]},{"type":"Feature","geometry":{"type":"LineString","coordinates":[[-94.9478734789725,38.8112510878698],[-94.947842127689,38.8112184123397]]},"properties":{"id":"arcgis-23-2-0ecb8cb3953720b4","sourceId":"arcgis-23-2","source":"Fiber_BackBone \u2014 Fiber Backbone (Approx 31 Miles)","sourceUrl":"https://services5.arcgis.com/Ox3HYmIeiVBmWWrQ/arcgis/rest/services/Fiber_BackBone/FeatureServer/2","name":"Fiber_BackBone \u2014 Fiber Backbone (Approx 31 Miles)","carrier":"Not published","routeStatus":"Unknown","category":"unknown","evidence":"agency_route","dataDate":null,"metadataModified":"2018-05-02T20:09:15+00:00","retrievedAt":"2026-09-18T02:36:49.784947+00:00","networkType":"Published fiber route; network class not specified","serviceability":"Unconfirmed","routeDiversity":"Unconfirmed","states":["KS"]},"bbox":[-94.9478734789725,38.8112184123397,-94.947842127689,38.8112510878698]},{"type":"Feature","geometry":{"type":"LineString","coordinates":[[-94.9471767796153,38.8112483220148],[-94.9472254847504,38.811218582509]]},"properties":{"id":"arcgis-23-2-1b82d40bb1ac6078","sourceId":"arcgis-23-2","source":"Fiber_BackBone \u2014 Fiber Backbone (Approx 31 Miles)","sourceUrl":"https://services5.arcgis.com/Ox3HYmIeiVBmWWrQ/arcgis/rest/services/Fiber_BackBone/FeatureServer/2","name":"Fiber_BackBone \u2014 Fiber Backbone (Approx 31 Miles)","carrier":"Not published","routeStatus":"Unknown","category":"unknown","evidence":"agency_route","dataDate":null,"metadataModified":"2018-05-02T20:09:15+00:00","retrievedAt":"2026-09-18T02:36:49.784947+00:00","networkType":"Published fiber route; network class not specified","serviceability":"Unconfirmed","routeDiversity":"Unconfirmed","states":["KS"]},"bbox":[-94.9472254847504,38.811218582509,-94.9471767796153,38.8112483220148]},{"type":"Feature","geometry":{"type":"LineString","coordinates":[[-94.9471767796153,38.8112483220148],[-94.9471413238834,38.8112223322045]]},"properties":{"id":"arcgis-23-2-73445c4e5abce6ec","sourceId":"arcgis-23-2","source":"Fiber_BackBone \u2014 Fiber Backbone (Approx 31 Miles)","sourceUrl":"https://services5.arcgis.com/Ox3HYmIeiVBmWWrQ/arcgis/rest/services/Fiber_BackBone/FeatureServer/2","name":"Fiber_BackBone \u2014 Fiber Backbone (Approx 31 Miles)","carrier":"Not published","routeStatus":"Unknown","category":"unknown","evidence":"agency_route","dataDate":null,"metadataModified":"2018-05-02T20:09:15+00:00","retrievedAt":"2026-09-18T02:36:49.784947+00:00","networkType":"Published fiber route; network class not specified","serviceability":"Unconfirmed","routeDiversity":"Unconfirmed","states":["KS"]},"bbox":[-94.9471767796153,38.8112223322045,-94.9471413238834,38.8112483220148]},{"type":"Feature","geometry":{"type":"LineString","coordinates":[[-94.9105193454521,38.8111042859247],[-94.91050348031,38.8106793600702]]},"properties":{"id":"arcgis-23-2-75422443ebaf5dcc","sourceId":"arcgis-23-2","source":"Fiber_BackBone \u2014 Fiber Backbone (Approx 31 Miles)","sourceUrl":"https://services5.arcgis.com/Ox3HYmIeiVBmWWrQ/arcgis/rest/services/Fiber_BackBone/FeatureServer/2","name":"Fiber_BackBone \u2014 Fiber Backbone (Approx 31 Miles)","carrier":"Not published","routeStatus":"Unknown","category":"unknown","evidence":"agency_route","dataDate":null,"metadataModified":"2018-05-02T20:09:15+00:00","retrievedAt":"2026-09-18T02:36:49.784947+00:00","networkType":"Published fiber route; network class not specified","serviceability":"Unconfirmed","routeDiversity":"Unconfirmed","states":["KS"]},"bbox":[-94.9105193454521,38.8106793600702,-94.91050348031,38.8111042859247]},{"type":"Feature","geometry":{"type":"LineString","coordinates":[[-94.9230871298718,38.8117703071346],[-94.9230919944889,38.811848619415]]},"properties":{"id":"arcgis-23-2-5300b3567debc7e7","sourceId":"arcgis-23-2","source":"Fiber_BackBone \u2014 Fiber Backbone (Approx 31 Miles)","sourceUrl":"https://services5.arcgis.com/Ox3HYmIeiVBmWWrQ/arcgis/rest/services/Fiber_BackBone/FeatureServer/2","name":"Fiber_BackBone \u2014 Fiber Backbone (Approx 31 Miles)","carrier":"Not published","routeStatus":"Unknown","category":"unknown","evidence":"agency_route","dataDate":null,"metadataModified":"2018-05-02T20:09:15+00:00","retrievedAt":"2026-09-18T02:36:49.784947+00:00","networkType":"Published fiber route; network class not specified","serviceability":"Unconfirmed","routeDiversity":"Unconfirmed","states":["KS"]},"bbox":[-94.9230919944889,38.8117703071346,-94.9230871298718,38.811848619415]},{"type":"Feature","geometry":{"type":"LineString","coordinates":[[-94.9282283414714,38.8096010012671],[-94.9280230648916,38.8095933857657]]},"properties":{"id":"arcgis-23-2-ba459fe4e9dc4c00","sourceId":"arcgis-23-2","source":"Fiber_BackBone \u2014 Fiber Backbone (Approx 31 Miles)","sourceUrl":"https://services5.arcgis.com/Ox3HYmIeiVBmWWrQ/arcgis/rest/services/Fiber_BackBone/FeatureServer/2","name":"Fiber_BackBone \u2014 Fiber Backbone (Approx 31 Miles)","carrier":"Not published","routeStatus":"Unknown","category":"unknown","evidence":"agency_route","dataDate":null,"metadataModified":"2018-05-02T20:09:15+00:00","retrievedAt":"2026-09-18T02:36:49.784947+00:00","networkType":"Published fiber route; network class not specified","serviceability":"Unconfirmed","routeDiversity":"Unconfirmed","states":["KS"]},"bbox":[-94.9282283414714,38.8095933857657,-94.9280230648916,38.8096010012671]},{"type":"Feature","geometry":{"type":"LineString","coordinates":[[-94.9561698265178,38.8113064720034],[-94.9564200319179,38.8113089478754]]},"properties":{"id":"arcgis-23-2-d7eb03a99c5b1d04","sourceId":"arcgis-23-2","source":"Fiber_BackBone \u2014 Fiber Backbone (Approx 31 Miles)","sourceUrl":"https://services5.arcgis.com/Ox3HYmIeiVBmWWrQ/arcgis/rest/services/Fiber_BackBone/FeatureServer/2","name":"Fiber_BackBone \u2014 Fiber Backbone (Approx 31 Miles)","carrier":"Not published","routeStatus":"Unknown","category":"unknown","evidence":"agency_route","dataDate":null,"metadataModified":"2018-05-02T20:09:15+00:00","retrievedAt":"2026-09-18T02:36:49.784947+00:00","networkType":"Published fiber route; network class not specified","serviceability":"Unconfirmed","routeDiversity":"Unconfirmed","states":["KS"]},"bbox":[-94.9564200319179,38.8113064720034,-94.9561698265178,38.8113089478754]},{"type":"Feature","geometry":{"type":"LineString","coordinates":[[-94.9178517983165,38.8115388006881],[-94.9175030945192,38.8115373856637]]},"properties":{"id":"arcgis-23-2-e7aa86f9bc7fa413","sourceId":"arcgis-23-2","source":"Fiber_BackBone \u2014 Fiber Backbone (Approx 31 Miles)","sourceUrl":"https://services5.arcgis.com/Ox3HYmIeiVBmWWrQ/arcgis/rest/services/Fiber_BackBone/FeatureServer/2","name":"Fiber_BackBone \u2014 Fiber Backbone (Approx 31 Miles)","carrier":"Not published","routeStatus":"Unknown","category":"unknown","evidence":"agency_route","dataDate":null,"metadataModified":"2018-05-02T20:09:15+00:00","retrievedAt":"2026-09-18T02:36:49.784947+00:00","networkType":"Published fiber route; network class not specified","serviceability":"Unconfirmed","routeDiversity":"Unconfirmed","states":["KS"]},"bbox":[-94.9178517983165,38.8115373856637,-94.9175030945192,38.8115388006881]},{"type":"Feature","geometry":{"type":"LineString","coordinates":[[-94.9273881164363,38.8118223696915],[-94.9273905210988,38.8119985717217]]},"properties":{"id":"arcgis-23-2-f137219187bdfbba","sourceId":"arcgis-23-2","source":"Fiber_BackBone \u2014 Fiber Backbone (Approx 31 Miles)","sourceUrl":"https://services5.arcgis.com/Ox3HYmIeiVBmWWrQ/arcgis/rest/services/Fiber_BackBone/FeatureServer/2","name":"Fiber_BackBone \u2014 Fiber Backbone (Approx 31 Miles)","carrier":"Not published","routeStatus":"Unknown","category":"unknown","evidence":"agency_route","dataDate":null,"metadataModified":"2018-05-02T20:09:15+00:00","retrievedAt":"2026-09-18T02:36:49.784947+00:00","networkType":"Published fiber route; network class not specified","serviceability":"Unconfirmed","routeDiversity":"Unconfirmed","states":["KS"]},"bbox":[-94.9273905210988,38.8118223696915,-94.9273881164363,38.8119985717217]},{"type":"Feature","geometry":{"type":"LineString","coordinates":[[-94.9328607339415,38.7966138882097],[-94.9335967445728,38.7966427189107]]},"properties":{"id":"arcgis-23-2-93553b28102ee192","sourceId":"arcgis-23-2","source":"Fiber_BackBone \u2014 Fiber Backbone (Approx 31 Miles)","sourceUrl":"https://services5.arcgis.com/Ox3HYmIeiVBmWWrQ/arcgis/rest/services/Fiber_BackBone/FeatureServer/2","name":"Fiber_BackBone \u2014 Fiber Backbone (Approx 31 Miles)","carrier":"Not published","routeStatus":"Unknown","category":"unknown","evidence":"agency_route","dataDate":null,"metadataModified":"2018-05-02T20:09:15+00:00","retrievedAt":"2026-09-18T02:36:49.784947+00:00","networkType":"Published fiber route; network class not specified","serviceability":"Unconfirmed","routeDiversity":"Unconfirmed","states":["KS"]},"bbox":[-94.9335967445728,38.7966138882097,-94.9328607339415,38.7966427189107]},{"type":"Feature","geometry":{"type":"LineString","coordinates":[[-94.9359963113006,38.7966566192291],[-94.9366913277564,38.7966584192621]]},"properties":{"id":"arcgis-23-2-d79a90a19d565a5d","sourceId":"arcgis-23-2","source":"Fiber_BackBone \u2014 Fiber Backbone (Approx 31 Miles)","sourceUrl":"https://services5.arcgis.com/Ox3HYmIeiVBmWWrQ/arcgis/rest/services/Fiber_BackBone/FeatureServer/2","name":"Fiber_BackBone \u2014 Fiber Backbone (Approx 31 Miles)","carrier":"Not published","routeStatus":"Unknown","category":"unknown","evidence":"agency_route","dataDate":null,"metadataModified":"2018-05-02T20:09:15+00:00","retrievedAt":"2026-09-18T02:36:49.784947+00:00","networkType":"Published fiber route; network class not specified","serviceability":"Unconfirmed","routeDiversity":"Unconfirmed","states":["KS"]},"bbox":[-94.9366913277564,38.7966566192291,-94.9359963113006,38.7966584192621]},{"type":"Feature","geometry":{"type":"LineString","coordinates":[[-94.9295253343252,38.796589163139],[-94.9289112998832,38.7965745899916]]},"properties":{"id":"arcgis-23-2-9b0dfc94abb02df8","sourceId":"arcgis-23-2","source":"Fiber_BackBone \u2014 Fiber Backbone (Approx 31 Miles)","sourceUrl":"https://services5.arcgis.com/Ox3HYmIeiVBmWWrQ/arcgis/rest/services/Fiber_BackBone/FeatureServer/2","name":"Fiber_BackBone \u2014 Fiber Backbone (Approx 31 Miles)","carrier":"Not published","routeStatus":"Unknown","category":"unknown","evidence":"agency_route","dataDate":null,"metadataModified":"2018-05-02T20:09:15+00:00","retrievedAt":"2026-09-18T02:36:49.784947+00:00","networkType":"Published fiber route; network class not specified","serviceability":"Unconfirmed","routeDiversity":"Unconfirmed","states":["KS"]},"bbox":[-94.9295253343252,38.7965745899916,-94.9289112998832,38.796589163139]},{"type":"Feature","geometry":{"type":"LineString","coordinates":[[-94.9289112998832,38.7965745899916],[-94.9283035817902,38.796564587043]]},"properties":{"id":"arcgis-23-2-97beca4eb8b7d3f9","sourceId":"arcgis-23-2","source":"Fiber_BackBone \u2014 Fiber Backbone (Approx 31 Miles)","sourceUrl":"https://services5.arcgis.com/Ox3HYmIeiVBmWWrQ/arcgis/rest/services/Fiber_BackBone/FeatureServer/2","name":"Fiber_BackBone \u2014 Fiber Backbone (Approx 31 Miles)","carrier":"Not published","routeStatus":"Unknown","category":"unknown","evidence":"agency_route","dataDate":null,"metadataModified":"2018-05-02T20:09:15+00:00","retrievedAt":"2026-09-18T02:36:49.784947+00:00","networkType":"Published fiber route; network class not specified","serviceability":"Unconfirmed","routeDiversity":"Unconfirmed","states":["KS"]},"bbox":[-94.9289112998832,38.796564587043,-94.9283035817902,38.7965745899916]},{"type":"Feature","geometry":{"type":"LineString","coordinates":[[-94.9283035817902,38.796564587043],[-94.9276985231316,38.7965553816167]]},"properties":{"id":"arcgis-23-2-7a583583539b51b5","sourceId":"arcgis-23-2","source":"Fiber_BackBone \u2014 Fiber Backbone (Approx 31 Miles)","sourceUrl":"https://services5.arcgis.com/Ox3HYmIeiVBmWWrQ/arcgis/rest/services/Fiber_BackBone/FeatureServer/2","name":"Fiber_BackBone \u2014 Fiber Backbone (Approx 31 Miles)","carrier":"Not published","routeStatus":"Unknown","category":"unknown","evidence":"agency_route","dataDate":null,"metadataModified":"2018-05-02T20:09:15+00:00","retrievedAt":"2026-09-18T02:36:49.784947+00:00","networkType":"Published fiber route; network class not specified","serviceability":"Unconfirmed","routeDiversity":"Unconfirmed","states":["KS"]},"bbox":[-94.9283035817902,38.7965553816167,-94.9276985231316,38.796564587043]},{"type":"Feature","geometry":{"type":"LineString","coordinates":[[-94.9276985231316,38.7965553816167],[-94.9270606284947,38.7965885026671]]},"properties":{"id":"arcgis-23-2-ccdf36de0a810e1a","sourceId":"arcgis-23-2","source":"Fiber_BackBone \u2014 Fiber Backbone (Approx 31 Miles)","sourceUrl":"https://services5.arcgis.com/Ox3HYmIeiVBmWWrQ/arcgis/rest/services/Fiber_BackBone/FeatureServer/2","name":"Fiber_BackBone \u2014 Fiber Backbone (Approx 31 Miles)","carrier":"Not published","routeStatus":"Unknown","category":"unknown","evidence":"agency_route","dataDate":null,"metadataModified":"2018-05-02T20:09:15+00:00","retrievedAt":"2026-09-18T02:36:49.784947+00:00","networkType":"Published fiber route; network class not specified","serviceability":"Unconfirmed","routeDiversity":"Unconfirmed","states":["KS"]},"bbox":[-94.9276985231316,38.7965553816167,-94.9270606284947,38.7965885026671]},{"type":"Feature","geometry":{"type":"LineString","coordinates":[[-94.9270606284947,38.7965885026671],[-94.9264715696011,38.7965878522429]]},"properties":{"id":"arcgis-23-2-7d66bb788828e697","sourceId":"arcgis-23-2","source":"Fiber_BackBone \u2014 Fiber Backbone (Approx 31 Miles)","sourceUrl":"https://services5.arcgis.com/Ox3HYmIeiVBmWWrQ/arcgis/rest/services/Fiber_BackBone/FeatureServer/2","name":"Fiber_BackBone \u2014 Fiber Backbone (Approx 31 Miles)","carrier":"Not published","routeStatus":"Unknown","category":"unknown","evidence":"agency_route","dataDate":null,"metadataModified":"2018-05-02T20:09:15+00:00","retrievedAt":"2026-09-18T02:36:49.784947+00:00","networkType":"Published fiber route; network class not specified","serviceability":"Unconfirmed","routeDiversity":"Unconfirmed","states":["KS"]},"bbox":[-94.9270606284947,38.7965878522429,-94.9264715696011,38.7965885026671]},{"type":"Feature","geometry":{"type":"LineString","coordinates":[[-94.9264715696011,38.7965878522429],[-94.925821311149,38.7965881853251]]},"properties":{"id":"arcgis-23-2-d1f198cd592bb1a5","sourceId":"arcgis-23-2","source":"Fiber_BackBone \u2014 Fiber Backbone (Approx 31 Miles)","sourceUrl":"https://services5.arcgis.com/Ox3HYmIeiVBmWWrQ/arcgis/rest/services/Fiber_BackBone/FeatureServer/2","name":"Fiber_BackBone \u2014 Fiber Backbone (Approx 31 Miles)","carrier":"Not published","routeStatus":"Unknown","category":"unknown","evidence":"agency_route","dataDate":null,"metadataModified":"2018-05-02T20:09:15+00:00","retrievedAt":"2026-09-18T02:36:49.784947+00:00","networkType":"Published fiber route; network class not specified","serviceability":"Unconfirmed","routeDiversity":"Unconfirmed","states":["KS"]},"bbox":[-94.9264715696011,38.7965878522429,-94.925821311149,38.7965881853251]},{"type":"Feature","geometry":{"type":"LineString","coordinates":[[-94.925821311149,38.7965881853251],[-94.9250891948517,38.7965909355666]]},"properties":{"id":"arcgis-23-2-be184042aca2c8ee","sourceId":"arcgis-23-2","source":"Fiber_BackBone \u2014 Fiber Backbone (Approx 31 Miles)","sourceUrl":"https://services5.arcgis.com/Ox3HYmIeiVBmWWrQ/arcgis/rest/services/Fiber_BackBone/FeatureServer/2","name":"Fiber_BackBone \u2014 Fiber Backbone (Approx 31 Miles)","carrier":"Not published","routeStatus":"Unknown","category":"unknown","evidence":"agency_route","dataDate":null,"metadataModified":"2018-05-02T20:09:15+00:00","retrievedAt":"2026-09-18T02:36:49.784947+00:00","networkType":"Published fiber route; network class not specified","serviceability":"Unconfirmed","routeDiversity":"Unconfirmed","states":["KS"]},"bbox":[-94.925821311149,38.7965881853251,-94.9250891948517,38.7965909355666]},{"type":"Feature","geometry":{"type":"LineString","coordinates":[[-94.9250891948517,38.7965909355666],[-94.9244972117072,38.7965903523862]]},"properties":{"id":"arcgis-23-2-f9defd01b7f48749","sourceId":"arcgis-23-2","source":"Fiber_BackBone \u2014 Fiber Backbone (Approx 31 Miles)","sourceUrl":"https://services5.arcgis.com/Ox3HYmIeiVBmWWrQ/arcgis/rest/services/Fiber_BackBone/FeatureServer/2","name":"Fiber_BackBone \u2014 Fiber Backbone (Approx 31 Miles)","carrier":"Not published","routeStatus":"Unknown","category":"unknown","evidence":"agency_route","dataDate":null,"metadataModified":"2018-05-02T20:09:15+00:00","retrievedAt":"2026-09-18T02:36:49.784947+00:00","networkType":"Published fiber route; network class not specified","serviceability":"Unconfirmed","routeDiversity":"Unconfirmed","states":["KS"]},"bbox":[-94.9250891948517,38.7965903523862,-94.9244972117072,38.7965909355666]},{"type":"Feature","geometry":{"type":"LineString","coordinates":[[-94.9237513042634,38.7965888183804],[-94.9230715691378,38.7965941855435]]},"properties":{"id":"arcgis-23-2-125b682a4414705d","sourceId":"arcgis-23-2","source":"Fiber_BackBone \u2014 Fiber Backbone (Approx 31 Miles)","sourceUrl":"https://services5.arcgis.com/Ox3HYmIeiVBmWWrQ/arcgis/rest/services/Fiber_BackBone/FeatureServer/2","name":"Fiber_BackBone \u2014 Fiber Backbone (Approx 31 Miles)","carrier":"Not published","routeStatus":"Unknown","category":"unknown","evidence":"agency_route","dataDate":null,"metadataModified":"2018-05-02T20:09:15+00:00","retrievedAt":"2026-09-18T02:36:49.784947+00:00","networkType":"Published fiber route; network class not specified","serviceability":"Unconfirmed","routeDiversity":"Unconfirmed","states":["KS"]},"bbox":[-94.9237513042634,38.7965888183804,-94.9230715691378,38.7965941855435]},{"type":"Feature","geometry":{"type":"LineString","coordinates":[[-94.9230715691378,38.7965941855435],[-94.9224339029918,38.7965954528722]]},"properties":{"id":"arcgis-23-2-d4748358f118a3d0","sourceId":"arcgis-23-2","source":"Fiber_BackBone \u2014 Fiber Backbone (Approx 31 Miles)","sourceUrl":"https://services5.arcgis.com/Ox3HYmIeiVBmWWrQ/arcgis/rest/services/Fiber_BackBone/FeatureServer/2","name":"Fiber_BackBone \u2014 Fiber Backbone (Approx 31 Miles)","carrier":"Not published","routeStatus":"Unknown","category":"unknown","evidence":"agency_route","dataDate":null,"metadataModified":"2018-05-02T20:09:15+00:00","retrievedAt":"2026-09-18T02:36:49.784947+00:00","networkType":"Published fiber route; network class not specified","serviceability":"Unconfirmed","routeDiversity":"Unconfirmed","states":["KS"]},"bbox":[-94.9230715691378,38.7965941855435,-94.9224339029918,38.7965954528722]},{"type":"Feature","geometry":{"type":"LineString","coordinates":[[-94.9224339029918,38.7965954528722],[-94.9217553113057,38.7965984028073]]},"properties":{"id":"arcgis-23-2-8ed84370ac4b09a0","sourceId":"arcgis-23-2","source":"Fiber_BackBone \u2014 Fiber Backbone (Approx 31 Miles)","sourceUrl":"https://services5.arcgis.com/Ox3HYmIeiVBmWWrQ/arcgis/rest/services/Fiber_BackBone/FeatureServer/2","name":"Fiber_BackBone \u2014 Fiber Backbone (Approx 31 Miles)","carrier":"Not published","routeStatus":"Unknown","category":"unknown","evidence":"agency_route","dataDate":null,"metadataModified":"2018-05-02T20:09:15+00:00","retrievedAt":"2026-09-18T02:36:49.784947+00:00","networkType":"Published fiber route; network class not specified","serviceability":"Unconfirmed","routeDiversity":"Unconfirmed","states":["KS"]},"bbox":[-94.9224339029918,38.7965954528722,-94.9217553113057,38.7965984028073]},{"type":"Feature","geometry":{"type":"LineString","coordinates":[[-94.9217553113057,38.7965984028073],[-94.9210669119136,38.7966023360582]]},"properties":{"id":"arcgis-23-2-9d191d4fffe62d3a","sourceId":"arcgis-23-2","source":"Fiber_BackBone \u2014 Fiber Backbone (Approx 31 Miles)","sourceUrl":"https://services5.arcgis.com/Ox3HYmIeiVBmWWrQ/arcgis/rest/services/Fiber_BackBone/FeatureServer/2","name":"Fiber_BackBone \u2014 Fiber Backbone (Approx 31 Miles)","carrier":"Not published","routeStatus":"Unknown","category":"unknown","evidence":"agency_route","dataDate":null,"metadataModified":"2018-05-02T20:09:15+00:00","retrievedAt":"2026-09-18T02:36:49.784947+00:00","networkType":"Published fiber route; network class not specified","serviceability":"Unconfirmed","routeDiversity":"Unconfirmed","states":["KS"]},"bbox":[-94.9217553113057,38.7965984028073,-94.9210669119136,38.7966023360582]},{"type":"Feature","geometry":{"type":"LineString","coordinates":[[-94.9210669119136,38.7966023360582],[-94.920374782914,38.7966109565351]]},"properties":{"id":"arcgis-23-2-efaa79c6d1b5736d","sourceId":"arcgis-23-2","source":"Fiber_BackBone \u2014 Fiber Backbone (Approx 31 Miles)","sourceUrl":"https://services5.arcgis.com/Ox3HYmIeiVBmWWrQ/arcgis/rest/services/Fiber_BackBone/FeatureServer/2","name":"Fiber_BackBone \u2014 Fiber Backbone (Approx 31 Miles)","carrier":"Not published","routeStatus":"Unknown","category":"unknown","evidence":"agency_route","dataDate":null,"metadataModified":"2018-05-02T20:09:15+00:00","retrievedAt":"2026-09-18T02:36:49.784947+00:00","networkType":"Published fiber route; network class not specified","serviceability":"Unconfirmed","routeDiversity":"Unconfirmed","states":["KS"]},"bbox":[-94.9210669119136,38.7966023360582,-94.920374782914,38.7966109565351]},{"type":"Feature","geometry":{"type":"LineString","coordinates":[[-94.920374782914,38.7966109565351],[-94.9196925953691,38.796610552021]]},"properties":{"id":"arcgis-23-2-7114c13d86351570","sourceId":"arcgis-23-2","source":"Fiber_BackBone \u2014 Fiber Backbone (Approx 31 Miles)","sourceUrl":"https://services5.arcgis.com/Ox3HYmIeiVBmWWrQ/arcgis/rest/services/Fiber_BackBone/FeatureServer/2","name":"Fiber_BackBone \u2014 Fiber Backbone (Approx 31 Miles)","carrier":"Not published","routeStatus":"Unknown","category":"unknown","evidence":"agency_route","dataDate":null,"metadataModified":"2018-05-02T20:09:15+00:00","retrievedAt":"2026-09-18T02:36:49.784947+00:00","networkType":"Published fiber route; network class not specified","serviceability":"Unconfirmed","routeDiversity":"Unconfirmed","states":["KS"]},"bbox":[-94.920374782914,38.796610552021,-94.9196925953691,38.7966109565351]},{"type":"Feature","geometry":{"type":"LineString","coordinates":[[-94.9196925953691,38.796610552021],[-94.9189831617648,38.7966187691593]]},"properties":{"id":"arcgis-23-2-7b106e267bf1b407","sourceId":"arcgis-23-2","source":"Fiber_BackBone \u2014 Fiber Backbone (Approx 31 Miles)","sourceUrl":"https://services5.arcgis.com/Ox3HYmIeiVBmWWrQ/arcgis/rest/services/Fiber_BackBone/FeatureServer/2","name":"Fiber_BackBone \u2014 Fiber Backbone (Approx 31 Miles)","carrier":"Not published","routeStatus":"Unknown","category":"unknown","evidence":"agency_route","dataDate":null,"metadataModified":"2018-05-02T20:09:15+00:00","retrievedAt":"2026-09-18T02:36:49.784947+00:00","networkType":"Published fiber route; network class not specified","serviceability":"Unconfirmed","routeDiversity":"Unconfirmed","states":["KS"]},"bbox":[-94.9196925953691,38.796610552021,-94.9189831617648,38.7966187691593]},{"type":"Feature","geometry":{"type":"LineString","coordinates":[[-94.9189831617648,38.7966187691593],[-94.9182633120338,38.7966297194258]]},"properties":{"id":"arcgis-23-2-3d05747f707aefca","sourceId":"arcgis-23-2","source":"Fiber_BackBone \u2014 Fiber Backbone (Approx 31 Miles)","sourceUrl":"https://services5.arcgis.com/Ox3HYmIeiVBmWWrQ/arcgis/rest/services/Fiber_BackBone/FeatureServer/2","name":"Fiber_BackBone \u2014 Fiber Backbone (Approx 31 Miles)","carrier":"Not published","routeStatus":"Unknown","category":"unknown","evidence":"agency_route","dataDate":null,"metadataModified":"2018-05-02T20:09:15+00:00","retrievedAt":"2026-09-18T02:36:49.784947+00:00","networkType":"Published fiber route; network class not specified","serviceability":"Unconfirmed","routeDiversity":"Unconfirmed","states":["KS"]},"bbox":[-94.9189831617648,38.7966187691593,-94.9182633120338,38.7966297194258]},{"type":"Feature","geometry":{"type":"LineString","coordinates":[[-94.9075375279772,38.7968364186664],[-94.9069418611603,38.7971336520922]]},"properties":{"id":"arcgis-23-2-b905be3b4d24d29d","sourceId":"arcgis-23-2","source":"Fiber_BackBone \u2014 Fiber Backbone (Approx 31 Miles)","sourceUrl":"https://services5.arcgis.com/Ox3HYmIeiVBmWWrQ/arcgis/rest/services/Fiber_BackBone/FeatureServer/2","name":"Fiber_BackBone \u2014 Fiber Backbone (Approx 31 Miles)","carrier":"Not published","routeStatus":"Unknown","category":"unknown","evidence":"agency_route","dataDate":null,"metadataModified":"2018-05-02T20:09:15+00:00","retrievedAt":"2026-09-18T02:36:49.784947+00:00","networkType":"Published fiber route; network class not specified","serviceability":"Unconfirmed","routeDiversity":"Unconfirmed","states":["KS"]},"bbox":[-94.9075375279772,38.7968364186664,-94.9069418611603,38.7971336520922]},{"type":"Feature","geometry":{"type":"LineString","coordinates":[[-94.9069418611603,38.7971336520922],[-94.9063732111397,38.79741860236]]},"properties":{"id":"arcgis-23-2-4dc90235dbe51580","sourceId":"arcgis-23-2","source":"Fiber_BackBone \u2014 Fiber Backbone (Approx 31 Miles)","sourceUrl":"https://services5.arcgis.com/Ox3HYmIeiVBmWWrQ/arcgis/rest/services/Fiber_BackBone/FeatureServer/2","name":"Fiber_BackBone \u2014 Fiber Backbone (Approx 31 Miles)","carrier":"Not published","routeStatus":"Unknown","category":"unknown","evidence":"agency_route","dataDate":null,"metadataModified":"2018-05-02T20:09:15+00:00","retrievedAt":"2026-09-18T02:36:49.784947+00:00","networkType":"Published fiber route; network class not specified","serviceability":"Unconfirmed","routeDiversity":"Unconfirmed","states":["KS"]},"bbox":[-94.9069418611603,38.7971336520922,-94.9063732111397,38.79741860236]},{"type":"Feature","geometry":{"type":"LineString","coordinates":[[-94.9056839612452,38.7977665357118],[-94.9052475279471,38.7980920861635]]},"properties":{"id":"arcgis-23-2-95d064346d482b03","sourceId":"arcgis-23-2","source":"Fiber_BackBone \u2014 Fiber Backbone (Approx 31 Miles)","sourceUrl":"https://services5.arcgis.com/Ox3HYmIeiVBmWWrQ/arcgis/rest/services/Fiber_BackBone/FeatureServer/2","name":"Fiber_BackBone \u2014 Fiber Backbone (Approx 31 Miles)","carrier":"Not published","routeStatus":"Unknown","category":"unknown","evidence":"agency_route","dataDate":null,"metadataModified":"2018-05-02T20:09:15+00:00","retrievedAt":"2026-09-18T02:36:49.784947+00:00","networkType":"Published fiber route; network class not specified","serviceability":"Unconfirmed","routeDiversity":"Unconfirmed","states":["KS"]},"bbox":[-94.9056839612452,38.7977665357118,-94.9052475279471,38.7980920861635]},{"type":"Feature","geometry":{"type":"LineString","coordinates":[[-94.9052475279471,38.7980920861635],[-94.9048016452584,38.7984177526792]]},"properties":{"id":"arcgis-23-2-6ccd9be9f88d151d","sourceId":"arcgis-23-2","source":"Fiber_BackBone \u2014 Fiber Backbone (Approx 31 Miles)","sourceUrl":"https://services5.arcgis.com/Ox3HYmIeiVBmWWrQ/arcgis/rest/services/Fiber_BackBone/FeatureServer/2","name":"Fiber_BackBone \u2014 Fiber Backbone (Approx 31 Miles)","carrier":"Not published","routeStatus":"Unknown","category":"unknown","evidence":"agency_route","dataDate":null,"metadataModified":"2018-05-02T20:09:15+00:00","retrievedAt":"2026-09-18T02:36:49.784947+00:00","networkType":"Published fiber route; network class not specified","serviceability":"Unconfirmed","routeDiversity":"Unconfirmed","states":["KS"]},"bbox":[-94.9052475279471,38.7980920861635,-94.9048016452584,38.7984177526792]},{"type":"Feature","geometry":{"type":"LineString","coordinates":[[-94.9048016452584,38.7984177526792],[-94.904284594784,38.7987888524916]]},"properties":{"id":"arcgis-23-2-d8e4b4bceb9340ff","sourceId":"arcgis-23-2","source":"Fiber_BackBone \u2014 Fiber Backbone (Approx 31 Miles)","sourceUrl":"https://services5.arcgis.com/Ox3HYmIeiVBmWWrQ/arcgis/rest/services/Fiber_BackBone/FeatureServer/2","name":"Fiber_BackBone \u2014 Fiber Backbone (Approx 31 Miles)","carrier":"Not published","routeStatus":"Unknown","category":"unknown","evidence":"agency_route","dataDate":null,"metadataModified":"2018-05-02T20:09:15+00:00","retrievedAt":"2026-09-18T02:36:49.784947+00:00","networkType":"Published fiber route; network class not specified","serviceability":"Unconfirmed","routeDiversity":"Unconfirmed","states":["KS"]},"bbox":[-94.9048016452584,38.7984177526792,-94.904284594784,38.7987888524916]},{"type":"Feature","geometry":{"type":"LineString","coordinates":[[-94.904284594784,38.7987888524916],[-94.9037644620566,38.7991603525555]]},"properties":{"id":"arcgis-23-2-6774ed4726a7297d","sourceId":"arcgis-23-2","source":"Fiber_BackBone \u2014 Fiber Backbone (Approx 31 Miles)","sourceUrl":"https://services5.arcgis.com/Ox3HYmIeiVBmWWrQ/arcgis/rest/services/Fiber_BackBone/FeatureServer/2","name":"Fiber_BackBone \u2014 Fiber Backbone (Approx 31 Miles)","carrier":"Not published","routeStatus":"Unknown","category":"unknown","evidence":"agency_route","dataDate":null,"metadataModified":"2018-05-02T20:09:15+00:00","retrievedAt":"2026-09-18T02:36:49.784947+00:00","networkType":"Published fiber route; network class not specified","serviceability":"Unconfirmed","routeDiversity":"Unconfirmed","states":["KS"]},"bbox":[-94.904284594784,38.7987888524916,-94.9037644620566,38.7991603525555]},{"type":"Feature","geometry":{"type":"LineString","coordinates":[[-94.9037644620566,38.7991603525555],[-94.9032487611214,38.7995240687812]]},"properties":{"id":"arcgis-23-2-45b0dbbfe67380bf","sourceId":"arcgis-23-2","source":"Fiber_BackBone \u2014 Fiber Backbone (Approx 31 Miles)","sourceUrl":"https://services5.arcgis.com/Ox3HYmIeiVBmWWrQ/arcgis/rest/services/Fiber_BackBone/FeatureServer/2","name":"Fiber_BackBone \u2014 Fiber Backbone (Approx 31 Miles)","carrier":"Not published","routeStatus":"Unknown","category":"unknown","evidence":"agency_route","dataDate":null,"metadataModified":"2018-05-02T20:09:15+00:00","retrievedAt":"2026-09-18T02:36:49.784947+00:00","networkType":"Published fiber route; network class not specified","serviceability":"Unconfirmed","routeDiversity":"Unconfirmed","states":["KS"]},"bbox":[-94.9037644620566,38.7991603525555,-94.9032487611214,38.7995240687812]},{"type":"Feature","geometry":{"type":"LineString","coordinates":[[-94.9032487611214,38.7995240687812],[-94.9027319784658,38.7998954360434]]},"properties":{"id":"arcgis-23-2-06d4d3d6294f00f1","sourceId":"arcgis-23-2","source":"Fiber_BackBone \u2014 Fiber Backbone (Approx 31 Miles)","sourceUrl":"https://services5.arcgis.com/Ox3HYmIeiVBmWWrQ/arcgis/rest/services/Fiber_BackBone/FeatureServer/2","name":"Fiber_BackBone \u2014 Fiber Backbone (Approx 31 Miles)","carrier":"Not published","routeStatus":"Unknown","category":"unknown","evidence":"agency_route","dataDate":null,"metadataModified":"2018-05-02T20:09:15+00:00","retrievedAt":"2026-09-18T02:36:49.784947+00:00","networkType":"Published fiber route; network class not specified","serviceability":"Unconfirmed","routeDiversity":"Unconfirmed","states":["KS"]},"bbox":[-94.9032487611214,38.7995240687812,-94.9027319784658,38.7998954360434]},{"type":"Feature","geometry":{"type":"LineString","coordinates":[[-94.9027319784658,38.7998954360434],[-94.9022174401185,38.800263741685]]},"properties":{"id":"arcgis-23-2-d6a6b058fdc10927","sourceId":"arcgis-23-2","source":"Fiber_BackBone \u2014 Fiber Backbone (Approx 31 Miles)","sourceUrl":"https://services5.arcgis.com/Ox3HYmIeiVBmWWrQ/arcgis/rest/services/Fiber_BackBone/FeatureServer/2","name":"Fiber_BackBone \u2014 Fiber Backbone (Approx 31 Miles)","carrier":"Not published","routeStatus":"Unknown","category":"unknown","evidence":"agency_route","dataDate":null,"metadataModified":"2018-05-02T20:09:15+00:00","retrievedAt":"2026-09-18T02:36:49.784947+00:00","networkType":"Published fiber route; network class not specified","serviceability":"Unconfirmed","routeDiversity":"Unconfirmed","states":["KS"]},"bbox":[-94.9027319784658,38.7998954360434,-94.9022174401185,38.800263741685]},{"type":"Feature","geometry":{"type":"LineString","coordinates":[[-94.9022174401185,38.800263741685],[-94.901699040637,38.8006406424445]]},"properties":{"id":"arcgis-23-2-94ede43567fd2c2a","sourceId":"arcgis-23-2","source":"Fiber_BackBone \u2014 Fiber Backbone (Approx 31 Miles)","sourceUrl":"https://services5.arcgis.com/Ox3HYmIeiVBmWWrQ/arcgis/rest/services/Fiber_BackBone/FeatureServer/2","name":"Fiber_BackBone \u2014 Fiber Backbone (Approx 31 Miles)","carrier":"Not published","routeStatus":"Unknown","category":"unknown","evidence":"agency_route","dataDate":null,"metadataModified":"2018-05-02T20:09:15+00:00","retrievedAt":"2026-09-18T02:36:49.784947+00:00","networkType":"Published fiber route; network class not specified","serviceability":"Unconfirmed","routeDiversity":"Unconfirmed","states":["KS"]},"bbox":[-94.9022174401185,38.800263741685,-94.901699040637,38.8006406424445]},{"type":"Feature","geometry":{"type":"LineString","coordinates":[[-94.901699040637,38.8006406424445],[-94.9011846404856,38.8010075918511]]},"properties":{"id":"arcgis-23-2-3d27862aa9a68de8","sourceId":"arcgis-23-2","source":"Fiber_BackBone \u2014 Fiber Backbone (Approx 31 Miles)","sourceUrl":"https://services5.arcgis.com/Ox3HYmIeiVBmWWrQ/arcgis/rest/services/Fiber_BackBone/FeatureServer/2","name":"Fiber_BackBone \u2014 Fiber Backbone (Approx 31 Miles)","carrier":"Not published","routeStatus":"Unknown","category":"unknown","evidence":"agency_route","dataDate":null,"metadataModified":"2018-05-02T20:09:15+00:00","retrievedAt":"2026-09-18T02:36:49.784947+00:00","networkType":"Published fiber route; network class not specified","serviceability":"Unconfirmed","routeDiversity":"Unconfirmed","states":["KS"]},"bbox":[-94.901699040637,38.8006406424445,-94.9011846404856,38.8010075918511]},{"type":"Feature","geometry":{"type":"LineString","coordinates":[[-94.9011846404856,38.8010075918511],[-94.9006716121088,38.8013831855134]]},"properties":{"id":"arcgis-23-2-6479139c04457115","sourceId":"arcgis-23-2","source":"Fiber_BackBone \u2014 Fiber Backbone (Approx 31 Miles)","sourceUrl":"https://services5.arcgis.com/Ox3HYmIeiVBmWWrQ/arcgis/rest/services/Fiber_BackBone/FeatureServer/2","name":"Fiber_BackBone \u2014 Fiber Backbone (Approx 31 Miles)","carrier":"Not published","routeStatus":"Unknown","category":"unknown","evidence":"agency_route","dataDate":null,"metadataModified":"2018-05-02T20:09:15+00:00","retrievedAt":"2026-09-18T02:36:49.784947+00:00","networkType":"Published fiber route; network class not specified","serviceability":"Unconfirmed","routeDiversity":"Unconfirmed","states":["KS"]},"bbox":[-94.9011846404856,38.8010075918511,-94.9006716121088,38.8013831855134]},{"type":"Feature","geometry":{"type":"LineString","coordinates":[[-94.9006716121088,38.8013831855134],[-94.9005075613304,38.8018243025621]]},"properties":{"id":"arcgis-23-2-3766d6ca44ed0dac","sourceId":"arcgis-23-2","source":"Fiber_BackBone \u2014 Fiber Backbone (Approx 31 Miles)","sourceUrl":"https://services5.arcgis.com/Ox3HYmIeiVBmWWrQ/arcgis/rest/services/Fiber_BackBone/FeatureServer/2","name":"Fiber_BackBone \u2014 Fiber Backbone (Approx 31 Miles)","carrier":"Not published","routeStatus":"Unknown","category":"unknown","evidence":"agency_route","dataDate":null,"metadataModified":"2018-05-02T20:09:15+00:00","retrievedAt":"2026-09-18T02:36:49.784947+00:00","networkType":"Published fiber route; network class not specified","serviceability":"Unconfirmed","routeDiversity":"Unconfirmed","states":["KS"]},"bbox":[-94.9006716121088,38.8013831855134,-94.9005075613304,38.8018243025621]},{"type":"Feature","geometry":{"type":"LineString","coordinates":[[-94.9005075613304,38.8018243025621],[-94.9003335454971,38.8022776693956]]},"properties":{"id":"arcgis-23-2-eb4d4866fcc97006","sourceId":"arcgis-23-2","source":"Fiber_BackBone \u2014 Fiber Backbone (Approx 31 Miles)","sourceUrl":"https://services5.arcgis.com/Ox3HYmIeiVBmWWrQ/arcgis/rest/services/Fiber_BackBone/FeatureServer/2","name":"Fiber_BackBone \u2014 Fiber Backbone (Approx 31 Miles)","carrier":"Not published","routeStatus":"Unknown","category":"unknown","evidence":"agency_route","dataDate":null,"metadataModified":"2018-05-02T20:09:15+00:00","retrievedAt":"2026-09-18T02:36:49.784947+00:00","networkType":"Published fiber route; network class not specified","serviceability":"Unconfirmed","routeDiversity":"Unconfirmed","states":["KS"]},"bbox":[-94.9005075613304,38.8018243025621,-94.9003335454971,38.8022776693956]},{"type":"Feature","geometry":{"type":"LineString","coordinates":[[-94.9003335454971,38.8022776693956],[-94.9001578948614,38.8027307019796]]},"properties":{"id":"arcgis-23-2-482f09998d653a99","sourceId":"arcgis-23-2","source":"Fiber_BackBone \u2014 Fiber Backbone (Approx 31 Miles)","sourceUrl":"https://services5.arcgis.com/Ox3HYmIeiVBmWWrQ/arcgis/rest/services/Fiber_BackBone/FeatureServer/2","name":"Fiber_BackBone \u2014 Fiber Backbone (Approx 31 Miles)","carrier":"Not published","routeStatus":"Unknown","category":"unknown","evidence":"agency_route","dataDate":null,"metadataModified":"2018-05-02T20:09:15+00:00","retrievedAt":"2026-09-18T02:36:49.784947+00:00","networkType":"Published fiber route; network class not specified","serviceability":"Unconfirmed","routeDiversity":"Unconfirmed","states":["KS"]},"bbox":[-94.9003335454971,38.8022776693956,-94.9001578948614,38.8027307019796]},{"type":"Feature","geometry":{"type":"LineString","coordinates":[[-94.9001578948614,38.8027307019796],[-94.8999862062762,38.8031897993193]]},"properties":{"id":"arcgis-23-2-25957447b0fbf73a","sourceId":"arcgis-23-2","source":"Fiber_BackBone \u2014 Fiber Backbone (Approx 31 Miles)","sourceUrl":"https://services5.arcgis.com/Ox3HYmIeiVBmWWrQ/arcgis/rest/services/Fiber_BackBone/FeatureServer/2","name":"Fiber_BackBone \u2014 Fiber Backbone (Approx 31 Miles)","carrier":"Not published","routeStatus":"Unknown","category":"unknown","evidence":"agency_route","dataDate":null,"metadataModified":"2018-05-02T20:09:15+00:00","retrievedAt":"2026-09-18T02:36:49.784947+00:00","networkType":"Published fiber route; network class not specified","serviceability":"Unconfirmed","routeDiversity":"Unconfirmed","states":["KS"]},"bbox":[-94.9001578948614,38.8027307019796,-94.8999862062762,38.8031897993193]},{"type":"Feature","geometry":{"type":"LineString","coordinates":[[-94.8999862062762,38.8031897993193],[-94.8998174780234,38.8036401353931]]},"properties":{"id":"arcgis-23-2-eb05f5d6d497ca4e","sourceId":"arcgis-23-2","source":"Fiber_BackBone \u2014 Fiber Backbone (Approx 31 Miles)","sourceUrl":"https://services5.arcgis.com/Ox3HYmIeiVBmWWrQ/arcgis/rest/services/Fiber_BackBone/FeatureServer/2","name":"Fiber_BackBone \u2014 Fiber Backbone (Approx 31 Miles)","carrier":"Not published","routeStatus":"Unknown","category":"unknown","evidence":"agency_route","dataDate":null,"metadataModified":"2018-05-02T20:09:15+00:00","retrievedAt":"2026-09-18T02:36:49.784947+00:00","networkType":"Published fiber route; network class not specified","serviceability":"Unconfirmed","routeDiversity":"Unconfirmed","states":["KS"]},"bbox":[-94.8999862062762,38.8031897993193,-94.8998174780234,38.8036401353931]},{"type":"Feature","geometry":{"type":"LineString","coordinates":[[-94.8998174780234,38.8036401353931],[-94.8998143559749,38.8041341549469]]},"properties":{"id":"arcgis-23-2-4071d13265d04d07","sourceId":"arcgis-23-2","source":"Fiber_BackBone \u2014 Fiber Backbone (Approx 31 Miles)","sourceUrl":"https://services5.arcgis.com/Ox3HYmIeiVBmWWrQ/arcgis/rest/services/Fiber_BackBone/FeatureServer/2","name":"Fiber_BackBone \u2014 Fiber Backbone (Approx 31 Miles)","carrier":"Not published","routeStatus":"Unknown","category":"unknown","evidence":"agency_route","dataDate":null,"metadataModified":"2018-05-02T20:09:15+00:00","retrievedAt":"2026-09-18T02:36:49.784947+00:00","networkType":"Published fiber route; network class not specified","serviceability":"Unconfirmed","routeDiversity":"Unconfirmed","states":["KS"]},"bbox":[-94.8998174780234,38.8036401353931,-94.8998143559749,38.8041341549469]},{"type":"Feature","geometry":{"type":"LineString","coordinates":[[-94.9402917454701,38.8110216519838],[-94.941029845088,38.8110263020761]]},"properties":{"id":"arcgis-23-2-07ae4c6769eaa5bb","sourceId":"arcgis-23-2","source":"Fiber_BackBone \u2014 Fiber Backbone (Approx 31 Miles)","sourceUrl":"https://services5.arcgis.com/Ox3HYmIeiVBmWWrQ/arcgis/rest/services/Fiber_BackBone/FeatureServer/2","name":"Fiber_BackBone \u2014 Fiber Backbone (Approx 31 Miles)","carrier":"Not published","routeStatus":"Unknown","category":"unknown","evidence":"agency_route","dataDate":null,"metadataModified":"2018-05-02T20:09:15+00:00","retrievedAt":"2026-09-18T02:36:49.784947+00:00","networkType":"Published fiber route; network class not specified","serviceability":"Unconfirmed","routeDiversity":"Unconfirmed","states":["KS"]},"bbox":[-94.941029845088,38.8110216519838,-94.9402917454701,38.8110263020761]},{"type":"Feature","geometry":{"type":"LineString","coordinates":[[-94.9455523783023,38.8109320686118],[-94.9449317111714,38.810926869104]]},"properties":{"id":"arcgis-23-2-a87531ed3393ee3c","sourceId":"arcgis-23-2","source":"Fiber_BackBone \u2014 Fiber Backbone (Approx 31 Miles)","sourceUrl":"https://services5.arcgis.com/Ox3HYmIeiVBmWWrQ/arcgis/rest/services/Fiber_BackBone/FeatureServer/2","name":"Fiber_BackBone \u2014 Fiber Backbone (Approx 31 Miles)","carrier":"Not published","routeStatus":"Unknown","category":"unknown","evidence":"agency_route","dataDate":null,"metadataModified":"2018-05-02T20:09:15+00:00","retrievedAt":"2026-09-18T02:36:49.784947+00:00","networkType":"Published fiber route; network class not specified","serviceability":"Unconfirmed","routeDiversity":"Unconfirmed","states":["KS"]},"bbox":[-94.9455523783023,38.810926869104,-94.9449317111714,38.8109320686118]},{"type":"Feature","geometry":{"type":"LineString","coordinates":[[-94.9449317111714,38.810926869104],[-94.9443238619381,38.810923252245]]},"properties":{"id":"arcgis-23-2-a7dda4528c33b74f","sourceId":"arcgis-23-2","source":"Fiber_BackBone \u2014 Fiber Backbone (Approx 31 Miles)","sourceUrl":"https://services5.arcgis.com/Ox3HYmIeiVBmWWrQ/arcgis/rest/services/Fiber_BackBone/FeatureServer/2","name":"Fiber_BackBone \u2014 Fiber Backbone (Approx 31 Miles)","carrier":"Not published","routeStatus":"Unknown","category":"unknown","evidence":"agency_route","dataDate":null,"metadataModified":"2018-05-02T20:09:15+00:00","retrievedAt":"2026-09-18T02:36:49.784947+00:00","networkType":"Published fiber route; network class not specified","serviceability":"Unconfirmed","routeDiversity":"Unconfirmed","states":["KS"]},"bbox":[-94.9449317111714,38.810923252245,-94.9443238619381,38.810926869104]},{"type":"Feature","geometry":{"type":"LineString","coordinates":[[-94.9182840254303,38.7962885337974],[-94.9182799371655,38.7957894874696]]},"properties":{"id":"arcgis-23-2-b495643fb08e8121","sourceId":"arcgis-23-2","source":"Fiber_BackBone \u2014 Fiber Backbone (Approx 31 Miles)","sourceUrl":"https://services5.arcgis.com/Ox3HYmIeiVBmWWrQ/arcgis/rest/services/Fiber_BackBone/FeatureServer/2","name":"Fiber_BackBone \u2014 Fiber Backbone (Approx 31 Miles)","carrier":"Not published","routeStatus":"Unknown","category":"unknown","evidence":"agency_route","dataDate":null,"metadataModified":"2018-05-02T20:09:15+00:00","retrievedAt":"2026-09-18T02:36:49.784947+00:00","networkType":"Published fiber route; network class not specified","serviceability":"Unconfirmed","routeDiversity":"Unconfirmed","states":["KS"]},"bbox":[-94.9182840254303,38.7957894874696,-94.9182799371655,38.7962885337974]},{"type":"Feature","geometry":{"type":"LineString","coordinates":[[-94.9182593442129,38.794002213356],[-94.9182480615032,38.7934408693897]]},"properties":{"id":"arcgis-23-2-eebec3e33777e2ea","sourceId":"arcgis-23-2","source":"Fiber_BackBone \u2014 Fiber Backbone (Approx 31 Miles)","sourceUrl":"https://services5.arcgis.com/Ox3HYmIeiVBmWWrQ/arcgis/rest/services/Fiber_BackBone/FeatureServer/2","name":"Fiber_BackBone \u2014 Fiber Backbone (Approx 31 Miles)","carrier":"Not published","routeStatus":"Unknown","category":"unknown","evidence":"agency_route","dataDate":null,"metadataModified":"2018-05-02T20:09:15+00:00","retrievedAt":"2026-09-18T02:36:49.784947+00:00","networkType":"Published fiber route; network class not specified","serviceability":"Unconfirmed","routeDiversity":"Unconfirmed","states":["KS"]},"bbox":[-94.9182593442129,38.7934408693897,-94.9182480615032,38.794002213356]},{"type":"Feature","geometry":{"type":"LineString","coordinates":[[-94.9182450618759,38.7922652028018],[-94.9182312360223,38.7916990274509]]},"properties":{"id":"arcgis-23-2-ae35e22b8a7e5baf","sourceId":"arcgis-23-2","source":"Fiber_BackBone \u2014 Fiber Backbone (Approx 31 Miles)","sourceUrl":"https://services5.arcgis.com/Ox3HYmIeiVBmWWrQ/arcgis/rest/services/Fiber_BackBone/FeatureServer/2","name":"Fiber_BackBone \u2014 Fiber Backbone (Approx 31 Miles)","carrier":"Not published","routeStatus":"Unknown","category":"unknown","evidence":"agency_route","dataDate":null,"metadataModified":"2018-05-02T20:09:15+00:00","retrievedAt":"2026-09-18T02:36:49.784947+00:00","networkType":"Published fiber route; network class not specified","serviceability":"Unconfirmed","routeDiversity":"Unconfirmed","states":["KS"]},"bbox":[-94.9182450618759,38.7916990274509,-94.9182312360223,38.7922652028018]},{"type":"Feature","geometry":{"type":"LineString","coordinates":[[-94.9182355620483,38.7910855692324],[-94.9182273935314,38.7905467425152]]},"properties":{"id":"arcgis-23-2-45d7d524abac1ae3","sourceId":"arcgis-23-2","source":"Fiber_BackBone \u2014 Fiber Backbone (Approx 31 Miles)","sourceUrl":"https://services5.arcgis.com/Ox3HYmIeiVBmWWrQ/arcgis/rest/services/Fiber_BackBone/FeatureServer/2","name":"Fiber_BackBone \u2014 Fiber Backbone (Approx 31 Miles)","carrier":"Not published","routeStatus":"Unknown","category":"unknown","evidence":"agency_route","dataDate":null,"metadataModified":"2018-05-02T20:09:15+00:00","retrievedAt":"2026-09-18T02:36:49.784947+00:00","networkType":"Published fiber route; network class not specified","serviceability":"Unconfirmed","routeDiversity":"Unconfirmed","states":["KS"]},"bbox":[-94.9182355620483,38.7905467425152,-94.9182273935314,38.7910855692324]},{"type":"Feature","geometry":{"type":"LineString","coordinates":[[-94.9187920620869,38.7883013522287],[-94.9193065544859,38.7879265288524]]},"properties":{"id":"arcgis-23-2-36c035395db46044","sourceId":"arcgis-23-2","source":"Fiber_BackBone \u2014 Fiber Backbone (Approx 31 Miles)","sourceUrl":"https://services5.arcgis.com/Ox3HYmIeiVBmWWrQ/arcgis/rest/services/Fiber_BackBone/FeatureServer/2","name":"Fiber_BackBone \u2014 Fiber Backbone (Approx 31 Miles)","carrier":"Not published","routeStatus":"Unknown","category":"unknown","evidence":"agency_route","dataDate":null,"metadataModified":"2018-05-02T20:09:15+00:00","retrievedAt":"2026-09-18T02:36:49.784947+00:00","networkType":"Published fiber route; network class not specified","serviceability":"Unconfirmed","routeDiversity":"Unconfirmed","states":["KS"]},"bbox":[-94.9193065544859,38.7879265288524,-94.9187920620869,38.7883013522287]},{"type":"Feature","geometry":{"type":"LineString","coordinates":[[-94.9198594781305,38.7875325521499],[-94.9203455287892,38.7871845191163]]},"properties":{"id":"arcgis-23-2-234d8f7b78ccd6bd","sourceId":"arcgis-23-2","source":"Fiber_BackBone \u2014 Fiber Backbone (Approx 31 Miles)","sourceUrl":"https://services5.arcgis.com/Ox3HYmIeiVBmWWrQ/arcgis/rest/services/Fiber_BackBone/FeatureServer/2","name":"Fiber_BackBone \u2014 Fiber Backbone (Approx 31 Miles)","carrier":"Not published","routeStatus":"Unknown","category":"unknown","evidence":"agency_route","dataDate":null,"metadataModified":"2018-05-02T20:09:15+00:00","retrievedAt":"2026-09-18T02:36:49.784947+00:00","networkType":"Published fiber route; network class not specified","serviceability":"Unconfirmed","routeDiversity":"Unconfirmed","states":["KS"]},"bbox":[-94.9203455287892,38.7871845191163,-94.9198594781305,38.7875325521499]},{"type":"Feature","geometry":{"type":"LineString","coordinates":[[-94.9203455287892,38.7871845191163],[-94.9208555119727,38.7868180192555]]},"properties":{"id":"arcgis-23-2-3c5e36e8b21e104e","sourceId":"arcgis-23-2","source":"Fiber_BackBone \u2014 Fiber Backbone (Approx 31 Miles)","sourceUrl":"https://services5.arcgis.com/Ox3HYmIeiVBmWWrQ/arcgis/rest/services/Fiber_BackBone/FeatureServer/2","name":"Fiber_BackBone \u2014 Fiber Backbone (Approx 31 Miles)","carrier":"Not published","routeStatus":"Unknown","category":"unknown","evidence":"agency_route","dataDate":null,"metadataModified":"2018-05-02T20:09:15+00:00","retrievedAt":"2026-09-18T02:36:49.784947+00:00","networkType":"Published fiber route; network class not specified","serviceability":"Unconfirmed","routeDiversity":"Unconfirmed","states":["KS"]},"bbox":[-94.9208555119727,38.7868180192555,-94.9203455287892,38.7871845191163]},{"type":"Feature","geometry":{"type":"LineString","coordinates":[[-94.9208555119727,38.7868180192555],[-94.9213988453211,38.7864244527129]]},"properties":{"id":"arcgis-23-2-b627c26d7b77cf40","sourceId":"arcgis-23-2","source":"Fiber_BackBone \u2014 Fiber Backbone (Approx 31 Miles)","sourceUrl":"https://services5.arcgis.com/Ox3HYmIeiVBmWWrQ/arcgis/rest/services/Fiber_BackBone/FeatureServer/2","name":"Fiber_BackBone \u2014 Fiber Backbone (Approx 31 Miles)","carrier":"Not published","routeStatus":"Unknown","category":"unknown","evidence":"agency_route","dataDate":null,"metadataModified":"2018-05-02T20:09:15+00:00","retrievedAt":"2026-09-18T02:36:49.784947+00:00","networkType":"Published fiber route; network class not specified","serviceability":"Unconfirmed","routeDiversity":"Unconfirmed","states":["KS"]},"bbox":[-94.9213988453211,38.7864244527129,-94.9208555119727,38.7868180192555]},{"type":"Feature","geometry":{"type":"LineString","coordinates":[[-94.9213988453211,38.7864244527129],[-94.9219076717214,38.786055192056]]},"properties":{"id":"arcgis-23-2-aad950b7ed85e07b","sourceId":"arcgis-23-2","source":"Fiber_BackBone \u2014 Fiber Backbone (Approx 31 Miles)","sourceUrl":"https://services5.arcgis.com/Ox3HYmIeiVBmWWrQ/arcgis/rest/services/Fiber_BackBone/FeatureServer/2","name":"Fiber_BackBone \u2014 Fiber Backbone (Approx 31 Miles)","carrier":"Not published","routeStatus":"Unknown","category":"unknown","evidence":"agency_route","dataDate":null,"metadataModified":"2018-05-02T20:09:15+00:00","retrievedAt":"2026-09-18T02:36:49.784947+00:00","networkType":"Published fiber route; network class not specified","serviceability":"Unconfirmed","routeDiversity":"Unconfirmed","states":["KS"]},"bbox":[-94.9219076717214,38.786055192056,-94.9213988453211,38.7864244527129]},{"type":"Feature","geometry":{"type":"LineString","coordinates":[[-94.9219076717214,38.786055192056],[-94.9224004501076,38.7857072930126]]},"properties":{"id":"arcgis-23-2-1336b0dcf690af25","sourceId":"arcgis-23-2","source":"Fiber_BackBone \u2014 Fiber Backbone (Approx 31 Miles)","sourceUrl":"https://services5.arcgis.com/Ox3HYmIeiVBmWWrQ/arcgis/rest/services/Fiber_BackBone/FeatureServer/2","name":"Fiber_BackBone \u2014 Fiber Backbone (Approx 31 Miles)","carrier":"Not published","routeStatus":"Unknown","category":"unknown","evidence":"agency_route","dataDate":null,"metadataModified":"2018-05-02T20:09:15+00:00","retrievedAt":"2026-09-18T02:36:49.784947+00:00","networkType":"Published fiber route; network class not specified","serviceability":"Unconfirmed","routeDiversity":"Unconfirmed","states":["KS"]},"bbox":[-94.9224004501076,38.7857072930126,-94.9219076717214,38.786055192056]},{"type":"Feature","geometry":{"type":"LineString","coordinates":[[-94.9224004501076,38.7857072930126],[-94.9229094776656,38.785331168978]]},"properties":{"id":"arcgis-23-2-d84571e8cb8726b3","sourceId":"arcgis-23-2","source":"Fiber_BackBone \u2014 Fiber Backbone (Approx 31 Miles)","sourceUrl":"https://services5.arcgis.com/Ox3HYmIeiVBmWWrQ/arcgis/rest/services/Fiber_BackBone/FeatureServer/2","name":"Fiber_BackBone \u2014 Fiber Backbone (Approx 31 Miles)","carrier":"Not published","routeStatus":"Unknown","category":"unknown","evidence":"agency_route","dataDate":null,"metadataModified":"2018-05-02T20:09:15+00:00","retrievedAt":"2026-09-18T02:36:49.784947+00:00","networkType":"Published fiber route; network class not specified","serviceability":"Unconfirmed","routeDiversity":"Unconfirmed","states":["KS"]},"bbox":[-94.9229094776656,38.785331168978,-94.9224004501076,38.7857072930126]},{"type":"Feature","geometry":{"type":"LineString","coordinates":[[-94.9229094776656,38.785331168978],[-94.9233662448955,38.7850058689272]]},"properties":{"id":"arcgis-23-2-1cd16f6022cd350e","sourceId":"arcgis-23-2","source":"Fiber_BackBone \u2014 Fiber Backbone (Approx 31 Miles)","sourceUrl":"https://services5.arcgis.com/Ox3HYmIeiVBmWWrQ/arcgis/rest/services/Fiber_BackBone/FeatureServer/2","name":"Fiber_BackBone \u2014 Fiber Backbone (Approx 31 Miles)","carrier":"Not published","routeStatus":"Unknown","category":"unknown","evidence":"agency_route","dataDate":null,"metadataModified":"2018-05-02T20:09:15+00:00","retrievedAt":"2026-09-18T02:36:49.784947+00:00","networkType":"Published fiber route; network class not specified","serviceability":"Unconfirmed","routeDiversity":"Unconfirmed","states":["KS"]},"bbox":[-94.9233662448955,38.7850058689272,-94.9229094776656,38.785331168978]},{"type":"Feature","geometry":{"type":"LineString","coordinates":[[-94.9228449952127,38.7867603693324],[-94.9234359779476,38.786765002474]]},"properties":{"id":"arcgis-23-2-0443405596668367","sourceId":"arcgis-23-2","source":"Fiber_BackBone \u2014 Fiber Backbone (Approx 31 Miles)","sourceUrl":"https://services5.arcgis.com/Ox3HYmIeiVBmWWrQ/arcgis/rest/services/Fiber_BackBone/FeatureServer/2","name":"Fiber_BackBone \u2014 Fiber Backbone (Approx 31 Miles)","carrier":"Not published","routeStatus":"Unknown","category":"unknown","evidence":"agency_route","dataDate":null,"metadataModified":"2018-05-02T20:09:15+00:00","retrievedAt":"2026-09-18T02:36:49.784947+00:00","networkType":"Published fiber route; network class not specified","serviceability":"Unconfirmed","routeDiversity":"Unconfirmed","states":["KS"]},"bbox":[-94.9234359779476,38.7867603693324,-94.9228449952127,38.786765002474]},{"type":"Feature","geometry":{"type":"LineString","coordinates":[[-94.9241774778317,38.7867752526495],[-94.9249037286032,38.7867857028241]]},"properties":{"id":"arcgis-23-2-cfc60765c311abe9","sourceId":"arcgis-23-2","source":"Fiber_BackBone \u2014 Fiber Backbone (Approx 31 Miles)","sourceUrl":"https://services5.arcgis.com/Ox3HYmIeiVBmWWrQ/arcgis/rest/services/Fiber_BackBone/FeatureServer/2","name":"Fiber_BackBone \u2014 Fiber Backbone (Approx 31 Miles)","carrier":"Not published","routeStatus":"Unknown","category":"unknown","evidence":"agency_route","dataDate":null,"metadataModified":"2018-05-02T20:09:15+00:00","retrievedAt":"2026-09-18T02:36:49.784947+00:00","networkType":"Published fiber route; network class not specified","serviceability":"Unconfirmed","routeDiversity":"Unconfirmed","states":["KS"]},"bbox":[-94.9249037286032,38.7867752526495,-94.9241774778317,38.7867857028241]},{"type":"Feature","geometry":{"type":"LineString","coordinates":[[-94.9249037286032,38.7867857028241],[-94.9256283779402,38.7867921354739]]},"properties":{"id":"arcgis-23-2-fb75004ab81bb291","sourceId":"arcgis-23-2","source":"Fiber_BackBone \u2014 Fiber Backbone (Approx 31 Miles)","sourceUrl":"https://services5.arcgis.com/Ox3HYmIeiVBmWWrQ/arcgis/rest/services/Fiber_BackBone/FeatureServer/2","name":"Fiber_BackBone \u2014 Fiber Backbone (Approx 31 Miles)","carrier":"Not published","routeStatus":"Unknown","category":"unknown","evidence":"agency_route","dataDate":null,"metadataModified":"2018-05-02T20:09:15+00:00","retrievedAt":"2026-09-18T02:36:49.784947+00:00","networkType":"Published fiber route; network class not specified","serviceability":"Unconfirmed","routeDiversity":"Unconfirmed","states":["KS"]},"bbox":[-94.9256283779402,38.7867857028241,-94.9249037286032,38.7867921354739]},{"type":"Feature","geometry":{"type":"LineString","coordinates":[[-94.9256283779402,38.7867921354739],[-94.9263484945701,38.7868066353738]]},"properties":{"id":"arcgis-23-2-c1a27508d8748a53","sourceId":"arcgis-23-2","source":"Fiber_BackBone \u2014 Fiber Backbone (Approx 31 Miles)","sourceUrl":"https://services5.arcgis.com/Ox3HYmIeiVBmWWrQ/arcgis/rest/services/Fiber_BackBone/FeatureServer/2","name":"Fiber_BackBone \u2014 Fiber Backbone (Approx 31 Miles)","carrier":"Not published","routeStatus":"Unknown","category":"unknown","evidence":"agency_route","dataDate":null,"metadataModified":"2018-05-02T20:09:15+00:00","retrievedAt":"2026-09-18T02:36:49.784947+00:00","networkType":"Published fiber route; network class not specified","serviceability":"Unconfirmed","routeDiversity":"Unconfirmed","states":["KS"]},"bbox":[-94.9263484945701,38.7867921354739,-94.9256283779402,38.7868066353738]},{"type":"Feature","geometry":{"type":"LineString","coordinates":[[-94.926345086267,38.7868068900071],[-94.92703520335,38.7868137733481]]},"properties":{"id":"arcgis-23-2-5f29a17bcec2fa03","sourceId":"arcgis-23-2","source":"Fiber_BackBone \u2014 Fiber Backbone (Approx 31 Miles)","sourceUrl":"https://services5.arcgis.com/Ox3HYmIeiVBmWWrQ/arcgis/rest/services/Fiber_BackBone/FeatureServer/2","name":"Fiber_BackBone \u2014 Fiber Backbone (Approx 31 Miles)","carrier":"Not published","routeStatus":"Unknown","category":"unknown","evidence":"agency_route","dataDate":null,"metadataModified":"2018-05-02T20:09:15+00:00","retrievedAt":"2026-09-18T02:36:49.784947+00:00","networkType":"Published fiber route; network class not specified","serviceability":"Unconfirmed","routeDiversity":"Unconfirmed","states":["KS"]},"bbox":[-94.92703520335,38.7868068900071,-94.926345086267,38.7868137733481]},{"type":"Feature","geometry":{"type":"LineString","coordinates":[[-94.9272128116835,38.7868236019329],[-94.9272280952568,38.7874011853105]]},"properties":{"id":"arcgis-23-2-9e957f4043ed3584","sourceId":"arcgis-23-2","source":"Fiber_BackBone \u2014 Fiber Backbone (Approx 31 Miles)","sourceUrl":"https://services5.arcgis.com/Ox3HYmIeiVBmWWrQ/arcgis/rest/services/Fiber_BackBone/FeatureServer/2","name":"Fiber_BackBone \u2014 Fiber Backbone (Approx 31 Miles)","carrier":"Not published","routeStatus":"Unknown","category":"unknown","evidence":"agency_route","dataDate":null,"metadataModified":"2018-05-02T20:09:15+00:00","retrievedAt":"2026-09-18T02:36:49.784947+00:00","networkType":"Published fiber route; network class not specified","serviceability":"Unconfirmed","routeDiversity":"Unconfirmed","states":["KS"]},"bbox":[-94.9272280952568,38.7868236019329,-94.9272128116835,38.7874011853105]},{"type":"Feature","geometry":{"type":"LineString","coordinates":[[-94.8947734616071,38.8055804024029],[-94.8943242283885,38.8059084693598]]},"properties":{"id":"arcgis-23-2-336e23f864ec6d9b","sourceId":"arcgis-23-2","source":"Fiber_BackBone \u2014 Fiber Backbone (Approx 31 Miles)","sourceUrl":"https://services5.arcgis.com/Ox3HYmIeiVBmWWrQ/arcgis/rest/services/Fiber_BackBone/FeatureServer/2","name":"Fiber_BackBone \u2014 Fiber Backbone (Approx 31 Miles)","carrier":"Not published","routeStatus":"Unknown","category":"unknown","evidence":"agency_route","dataDate":null,"metadataModified":"2018-05-02T20:09:15+00:00","retrievedAt":"2026-09-18T02:36:49.784947+00:00","networkType":"Published fiber route; network class not specified","serviceability":"Unconfirmed","routeDiversity":"Unconfirmed","states":["KS"]},"bbox":[-94.8947734616071,38.8055804024029,-94.8943242283885,38.8059084693598]},{"type":"Feature","geometry":{"type":"LineString","coordinates":[[-94.8943197786428,38.8061092295877],[-94.89432916911,38.8066399651644]]},"properties":{"id":"arcgis-23-2-859a9bec625679bc","sourceId":"arcgis-23-2","source":"Fiber_BackBone \u2014 Fiber Backbone (Approx 31 Miles)","sourceUrl":"https://services5.arcgis.com/Ox3HYmIeiVBmWWrQ/arcgis/rest/services/Fiber_BackBone/FeatureServer/2","name":"Fiber_BackBone \u2014 Fiber Backbone (Approx 31 Miles)","carrier":"Not published","routeStatus":"Unknown","category":"unknown","evidence":"agency_route","dataDate":null,"metadataModified":"2018-05-02T20:09:15+00:00","retrievedAt":"2026-09-18T02:36:49.784947+00:00","networkType":"Published fiber route; network class not specified","serviceability":"Unconfirmed","routeDiversity":"Unconfirmed","states":["KS"]},"bbox":[-94.89432916911,38.8061092295877,-94.8943197786428,38.8066399651644]},{"type":"Feature","geometry":{"type":"LineString","coordinates":[[-94.89432916911,38.8066399651644],[-94.8943284856271,38.8072089043]]},"properties":{"id":"arcgis-23-2-d0b3079689a2623a","sourceId":"arcgis-23-2","source":"Fiber_BackBone \u2014 Fiber Backbone (Approx 31 Miles)","sourceUrl":"https://services5.arcgis.com/Ox3HYmIeiVBmWWrQ/arcgis/rest/services/Fiber_BackBone/FeatureServer/2","name":"Fiber_BackBone \u2014 Fiber Backbone (Approx 31 Miles)","carrier":"Not published","routeStatus":"Unknown","category":"unknown","evidence":"agency_route","dataDate":null,"metadataModified":"2018-05-02T20:09:15+00:00","retrievedAt":"2026-09-18T02:36:49.784947+00:00","networkType":"Published fiber route; network class not specified","serviceability":"Unconfirmed","routeDiversity":"Unconfirmed","states":["KS"]},"bbox":[-94.89432916911,38.8066399651644,-94.8943284856271,38.8072089043]},{"type":"Feature","geometry":{"type":"LineString","coordinates":[[-94.8943284856271,38.8072089043],[-94.8943242024242,38.8077786535447]]},"properties":{"id":"arcgis-23-2-8098e559e4be5448","sourceId":"arcgis-23-2","source":"Fiber_BackBone \u2014 Fiber Backbone (Approx 31 Miles)","sourceUrl":"https://services5.arcgis.com/Ox3HYmIeiVBmWWrQ/arcgis/rest/services/Fiber_BackBone/FeatureServer/2","name":"Fiber_BackBone \u2014 Fiber Backbone (Approx 31 Miles)","carrier":"Not published","routeStatus":"Unknown","category":"unknown","evidence":"agency_route","dataDate":null,"metadataModified":"2018-05-02T20:09:15+00:00","retrievedAt":"2026-09-18T02:36:49.784947+00:00","networkType":"Published fiber route; network class not specified","serviceability":"Unconfirmed","routeDiversity":"Unconfirmed","states":["KS"]},"bbox":[-94.8943284856271,38.8072089043,-94.8943242024242,38.8077786535447]},{"type":"Feature","geometry":{"type":"LineString","coordinates":[[-94.8940377784793,38.8061094022267],[-94.8935572615682,38.8064447521208]]},"properties":{"id":"arcgis-23-2-60d4ab1ba34df364","sourceId":"arcgis-23-2","source":"Fiber_BackBone \u2014 Fiber Backbone (Approx 31 Miles)","sourceUrl":"https://services5.arcgis.com/Ox3HYmIeiVBmWWrQ/arcgis/rest/services/Fiber_BackBone/FeatureServer/2","name":"Fiber_BackBone \u2014 Fiber Backbone (Approx 31 Miles)","carrier":"Not published","routeStatus":"Unknown","category":"unknown","evidence":"agency_route","dataDate":null,"metadataModified":"2018-05-02T20:09:15+00:00","retrievedAt":"2026-09-18T02:36:49.784947+00:00","networkType":"Published fiber route; network class not specified","serviceability":"Unconfirmed","routeDiversity":"Unconfirmed","states":["KS"]},"bbox":[-94.8940377784793,38.8061094022267,-94.8935572615682,38.8064447521208]},{"type":"Feature","geometry":{"type":"LineString","coordinates":[[-94.8935572615682,38.8064447521208],[-94.8930340279372,38.8068141361307]]},"properties":{"id":"arcgis-23-2-c07982aed1dc1eb5","sourceId":"arcgis-23-2","source":"Fiber_BackBone \u2014 Fiber Backbone (Approx 31 Miles)","sourceUrl":"https://services5.arcgis.com/Ox3HYmIeiVBmWWrQ/arcgis/rest/services/Fiber_BackBone/FeatureServer/2","name":"Fiber_BackBone \u2014 Fiber Backbone (Approx 31 Miles)","carrier":"Not published","routeStatus":"Unknown","category":"unknown","evidence":"agency_route","dataDate":null,"metadataModified":"2018-05-02T20:09:15+00:00","retrievedAt":"2026-09-18T02:36:49.784947+00:00","networkType":"Published fiber route; network class not specified","serviceability":"Unconfirmed","routeDiversity":"Unconfirmed","states":["KS"]},"bbox":[-94.8935572615682,38.8064447521208,-94.8930340279372,38.8068141361307]},{"type":"Feature","geometry":{"type":"LineString","coordinates":[[-94.8930340279372,38.8068141361307],[-94.8924905036672,38.8071891182793]]},"properties":{"id":"arcgis-23-2-4e7338546c2a2b94","sourceId":"arcgis-23-2","source":"Fiber_BackBone \u2014 Fiber Backbone (Approx 31 Miles)","sourceUrl":"https://services5.arcgis.com/Ox3HYmIeiVBmWWrQ/arcgis/rest/services/Fiber_BackBone/FeatureServer/2","name":"Fiber_BackBone \u2014 Fiber Backbone (Approx 31 Miles)","carrier":"Not published","routeStatus":"Unknown","category":"unknown","evidence":"agency_route","dataDate":null,"metadataModified":"2018-05-02T20:09:15+00:00","retrievedAt":"2026-09-18T02:36:49.784947+00:00","networkType":"Published fiber route; network class not specified","serviceability":"Unconfirmed","routeDiversity":"Unconfirmed","states":["KS"]},"bbox":[-94.8930340279372,38.8068141361307,-94.8924905036672,38.8071891182793]},{"type":"Feature","geometry":{"type":"LineString","coordinates":[[-94.8924905036672,38.8071891182793],[-94.8919407112008,38.8075725852713]]},"properties":{"id":"arcgis-23-2-342952e71051ca88","sourceId":"arcgis-23-2","source":"Fiber_BackBone \u2014 Fiber Backbone (Approx 31 Miles)","sourceUrl":"https://services5.arcgis.com/Ox3HYmIeiVBmWWrQ/arcgis/rest/services/Fiber_BackBone/FeatureServer/2","name":"Fiber_BackBone \u2014 Fiber Backbone (Approx 31 Miles)","carrier":"Not published","routeStatus":"Unknown","category":"unknown","evidence":"agency_route","dataDate":null,"metadataModified":"2018-05-02T20:09:15+00:00","retrievedAt":"2026-09-18T02:36:49.784947+00:00","networkType":"Published fiber route; network class not specified","serviceability":"Unconfirmed","routeDiversity":"Unconfirmed","states":["KS"]},"bbox":[-94.8924905036672,38.8071891182793,-94.8919407112008,38.8075725852713]},{"type":"Feature","geometry":{"type":"LineString","coordinates":[[-94.9349835117165,38.8111768686775],[-94.9343842787864,38.8111793523893]]},"properties":{"id":"arcgis-23-2-0b674bf01124de75","sourceId":"arcgis-23-2","source":"Fiber_BackBone \u2014 Fiber Backbone (Approx 31 Miles)","sourceUrl":"https://services5.arcgis.com/Ox3HYmIeiVBmWWrQ/arcgis/rest/services/Fiber_BackBone/FeatureServer/2","name":"Fiber_BackBone \u2014 Fiber Backbone (Approx 31 Miles)","carrier":"Not published","routeStatus":"Unknown","category":"unknown","evidence":"agency_route","dataDate":null,"metadataModified":"2018-05-02T20:09:15+00:00","retrievedAt":"2026-09-18T02:36:49.784947+00:00","networkType":"Published fiber route; network class not specified","serviceability":"Unconfirmed","routeDiversity":"Unconfirmed","states":["KS"]},"bbox":[-94.9349835117165,38.8111768686775,-94.9343842787864,38.8111793523893]},{"type":"Feature","geometry":{"type":"LineString","coordinates":[[-94.9334262117179,38.8111851187148],[-94.9327198611738,38.811185452189]]},"properties":{"id":"arcgis-23-2-400b2234f7f200b4","sourceId":"arcgis-23-2","source":"Fiber_BackBone \u2014 Fiber Backbone (Approx 31 Miles)","sourceUrl":"https://services5.arcgis.com/Ox3HYmIeiVBmWWrQ/arcgis/rest/services/Fiber_BackBone/FeatureServer/2","name":"Fiber_BackBone \u2014 Fiber Backbone (Approx 31 Miles)","carrier":"Not published","routeStatus":"Unknown","category":"unknown","evidence":"agency_route","dataDate":null,"metadataModified":"2018-05-02T20:09:15+00:00","retrievedAt":"2026-09-18T02:36:49.784947+00:00","networkType":"Published fiber route; network class not specified","serviceability":"Unconfirmed","routeDiversity":"Unconfirmed","states":["KS"]},"bbox":[-94.9334262117179,38.8111851187148,-94.9327198611738,38.811185452189]},{"type":"Feature","geometry":{"type":"LineString","coordinates":[[-94.9308646115732,38.8104788026987],[-94.9308788787477,38.8099673861386]]},"properties":{"id":"arcgis-23-2-b451102f259e3e30","sourceId":"arcgis-23-2","source":"Fiber_BackBone \u2014 Fiber Backbone (Approx 31 Miles)","sourceUrl":"https://services5.arcgis.com/Ox3HYmIeiVBmWWrQ/arcgis/rest/services/Fiber_BackBone/FeatureServer/2","name":"Fiber_BackBone \u2014 Fiber Backbone (Approx 31 Miles)","carrier":"Not published","routeStatus":"Unknown","category":"unknown","evidence":"agency_route","dataDate":null,"metadataModified":"2018-05-02T20:09:15+00:00","retrievedAt":"2026-09-18T02:36:49.784947+00:00","networkType":"Published fiber route; network class not specified","serviceability":"Unconfirmed","routeDiversity":"Unconfirmed","states":["KS"]},"bbox":[-94.9308788787477,38.8099673861386,-94.9308646115732,38.8104788026987]},{"type":"Feature","geometry":{"type":"LineString","coordinates":[[-94.9308671947845,38.8096041023356],[-94.9308409370921,38.8090954639069]]},"properties":{"id":"arcgis-23-2-d8ede877308560fe","sourceId":"arcgis-23-2","source":"Fiber_BackBone \u2014 Fiber Backbone (Approx 31 Miles)","sourceUrl":"https://services5.arcgis.com/Ox3HYmIeiVBmWWrQ/arcgis/rest/services/Fiber_BackBone/FeatureServer/2","name":"Fiber_BackBone \u2014 Fiber Backbone (Approx 31 Miles)","carrier":"Not published","routeStatus":"Unknown","category":"unknown","evidence":"agency_route","dataDate":null,"metadataModified":"2018-05-02T20:09:15+00:00","retrievedAt":"2026-09-18T02:36:49.784947+00:00","networkType":"Published fiber route; network class not specified","serviceability":"Unconfirmed","routeDiversity":"Unconfirmed","states":["KS"]},"bbox":[-94.9308671947845,38.8090954639069,-94.9308409370921,38.8096041023356]},{"type":"Feature","geometry":{"type":"LineString","coordinates":[[-94.8909367951822,38.8115949853164],[-94.8915645451617,38.8115975189226]]},"properties":{"id":"arcgis-23-2-77cd884cb6b84e6a","sourceId":"arcgis-23-2","source":"Fiber_BackBone \u2014 Fiber Backbone (Approx 31 Miles)","sourceUrl":"https://services5.arcgis.com/Ox3HYmIeiVBmWWrQ/arcgis/rest/services/Fiber_BackBone/FeatureServer/2","name":"Fiber_BackBone \u2014 Fiber Backbone (Approx 31 Miles)","carrier":"Not published","routeStatus":"Unknown","category":"unknown","evidence":"agency_route","dataDate":null,"metadataModified":"2018-05-02T20:09:15+00:00","retrievedAt":"2026-09-18T02:36:49.784947+00:00","networkType":"Published fiber route; network class not specified","serviceability":"Unconfirmed","routeDiversity":"Unconfirmed","states":["KS"]},"bbox":[-94.8915645451617,38.8115949853164,-94.8909367951822,38.8115975189226]},{"type":"Feature","geometry":{"type":"LineString","coordinates":[[-94.8944278613044,38.8119147693634],[-94.8949486454628,38.8121750854938]]},"properties":{"id":"arcgis-23-2-8ae23c44dcbc7216","sourceId":"arcgis-23-2","source":"Fiber_BackBone \u2014 Fiber Backbone (Approx 31 Miles)","sourceUrl":"https://services5.arcgis.com/Ox3HYmIeiVBmWWrQ/arcgis/rest/services/Fiber_BackBone/FeatureServer/2","name":"Fiber_BackBone \u2014 Fiber Backbone (Approx 31 Miles)","carrier":"Not published","routeStatus":"Unknown","category":"unknown","evidence":"agency_route","dataDate":null,"metadataModified":"2018-05-02T20:09:15+00:00","retrievedAt":"2026-09-18T02:36:49.784947+00:00","networkType":"Published fiber route; network class not specified","serviceability":"Unconfirmed","routeDiversity":"Unconfirmed","states":["KS"]},"bbox":[-94.8949486454628,38.8119147693634,-94.8944278613044,38.8121750854938]},{"type":"Feature","geometry":{"type":"LineString","coordinates":[[-94.8949486454628,38.8121750854938],[-94.8954483281557,38.8124286686398]]},"properties":{"id":"arcgis-23-2-fb1ae1c231d15d79","sourceId":"arcgis-23-2","source":"Fiber_BackBone \u2014 Fiber Backbone (Approx 31 Miles)","sourceUrl":"https://services5.arcgis.com/Ox3HYmIeiVBmWWrQ/arcgis/rest/services/Fiber_BackBone/FeatureServer/2","name":"Fiber_BackBone \u2014 Fiber Backbone (Approx 31 Miles)","carrier":"Not published","routeStatus":"Unknown","category":"unknown","evidence":"agency_route","dataDate":null,"metadataModified":"2018-05-02T20:09:15+00:00","retrievedAt":"2026-09-18T02:36:49.784947+00:00","networkType":"Published fiber route; network class not specified","serviceability":"Unconfirmed","routeDiversity":"Unconfirmed","states":["KS"]},"bbox":[-94.8954483281557,38.8121750854938,-94.8949486454628,38.8124286686398]},{"type":"Feature","geometry":{"type":"LineString","coordinates":[[-94.8943281781681,38.8088953853581],[-94.8943197450721,38.8083336151067]]},"properties":{"id":"arcgis-23-2-ad9f75ea333d55a0","sourceId":"arcgis-23-2","source":"Fiber_BackBone \u2014 Fiber Backbone (Approx 31 Miles)","sourceUrl":"https://services5.arcgis.com/Ox3HYmIeiVBmWWrQ/arcgis/rest/services/Fiber_BackBone/FeatureServer/2","name":"Fiber_BackBone \u2014 Fiber Backbone (Approx 31 Miles)","carrier":"Not published","routeStatus":"Unknown","category":"unknown","evidence":"agency_route","dataDate":null,"metadataModified":"2018-05-02T20:09:15+00:00","retrievedAt":"2026-09-18T02:36:49.784947+00:00","networkType":"Published fiber route; network class not specified","serviceability":"Unconfirmed","routeDiversity":"Unconfirmed","states":["KS"]},"bbox":[-94.8943281781681,38.8083336151067,-94.8943197450721,38.8088953853581]},{"type":"Feature","geometry":{"type":"LineString","coordinates":[[-94.8943197450721,38.8083336151067],[-94.8943242024242,38.8077786535447]]},"properties":{"id":"arcgis-23-2-183d0a3263965939","sourceId":"arcgis-23-2","source":"Fiber_BackBone \u2014 Fiber Backbone (Approx 31 Miles)","sourceUrl":"https://services5.arcgis.com/Ox3HYmIeiVBmWWrQ/arcgis/rest/services/Fiber_BackBone/FeatureServer/2","name":"Fiber_BackBone \u2014 Fiber Backbone (Approx 31 Miles)","carrier":"Not published","routeStatus":"Unknown","category":"unknown","evidence":"agency_route","dataDate":null,"metadataModified":"2018-05-02T20:09:15+00:00","retrievedAt":"2026-09-18T02:36:49.784947+00:00","networkType":"Published fiber route; network class not specified","serviceability":"Unconfirmed","routeDiversity":"Unconfirmed","states":["KS"]},"bbox":[-94.8943242024242,38.8077786535447,-94.8943197450721,38.8083336151067]},{"type":"Feature","geometry":{"type":"LineString","coordinates":[[-94.8900615619633,38.8116041358476],[-94.890716297043,38.8115998280947]]},"properties":{"id":"arcgis-23-2-ada263c435a96a56","sourceId":"arcgis-23-2","source":"Fiber_BackBone \u2014 Fiber Backbone (Approx 31 Miles)","sourceUrl":"https://services5.arcgis.com/Ox3HYmIeiVBmWWrQ/arcgis/rest/services/Fiber_BackBone/FeatureServer/2","name":"Fiber_BackBone \u2014 Fiber Backbone (Approx 31 Miles)","carrier":"Not published","routeStatus":"Unknown","category":"unknown","evidence":"agency_route","dataDate":null,"metadataModified":"2018-05-02T20:09:15+00:00","retrievedAt":"2026-09-18T02:36:49.784947+00:00","networkType":"Published fiber route; network class not specified","serviceability":"Unconfirmed","routeDiversity":"Unconfirmed","states":["KS"]},"bbox":[-94.890716297043,38.8115998280947,-94.8900615619633,38.8116041358476]},{"type":"Feature","geometry":{"type":"LineString","coordinates":[[-94.9277056946342,38.7874054853694],[-94.9284109787086,38.787411352648]]},"properties":{"id":"arcgis-23-2-6b870f07157dc225","sourceId":"arcgis-23-2","source":"Fiber_BackBone \u2014 Fiber Backbone (Approx 31 Miles)","sourceUrl":"https://services5.arcgis.com/Ox3HYmIeiVBmWWrQ/arcgis/rest/services/Fiber_BackBone/FeatureServer/2","name":"Fiber_BackBone \u2014 Fiber Backbone (Approx 31 Miles)","carrier":"Not published","routeStatus":"Unknown","category":"unknown","evidence":"agency_route","dataDate":null,"metadataModified":"2018-05-02T20:09:15+00:00","retrievedAt":"2026-09-18T02:36:49.784947+00:00","networkType":"Published fiber route; network class not specified","serviceability":"Unconfirmed","routeDiversity":"Unconfirmed","states":["KS"]},"bbox":[-94.9284109787086,38.7874054853694,-94.9277056946342,38.787411352648]},{"type":"Feature","geometry":{"type":"LineString","coordinates":[[-94.9284109787086,38.787411352648],[-94.9291132819241,38.7874255450421]]},"properties":{"id":"arcgis-23-2-d84e406a936132b5","sourceId":"arcgis-23-2","source":"Fiber_BackBone \u2014 Fiber Backbone (Approx 31 Miles)","sourceUrl":"https://services5.arcgis.com/Ox3HYmIeiVBmWWrQ/arcgis/rest/services/Fiber_BackBone/FeatureServer/2","name":"Fiber_BackBone \u2014 Fiber Backbone (Approx 31 Miles)","carrier":"Not published","routeStatus":"Unknown","category":"unknown","evidence":"agency_route","dataDate":null,"metadataModified":"2018-05-02T20:09:15+00:00","retrievedAt":"2026-09-18T02:36:49.784947+00:00","networkType":"Published fiber route; network class not specified","serviceability":"Unconfirmed","routeDiversity":"Unconfirmed","states":["KS"]},"bbox":[-94.9291132819241,38.787411352648,-94.9284109787086,38.7874255450421]},{"type":"Feature","geometry":{"type":"LineString","coordinates":[[-94.9291132819241,38.7874255450421],[-94.9298126287514,38.7874189356782]]},"properties":{"id":"arcgis-23-2-1478be03d6bbce75","sourceId":"arcgis-23-2","source":"Fiber_BackBone \u2014 Fiber Backbone (Approx 31 Miles)","sourceUrl":"https://services5.arcgis.com/Ox3HYmIeiVBmWWrQ/arcgis/rest/services/Fiber_BackBone/FeatureServer/2","name":"Fiber_BackBone \u2014 Fiber Backbone (Approx 31 Miles)","carrier":"Not published","routeStatus":"Unknown","category":"unknown","evidence":"agency_route","dataDate":null,"metadataModified":"2018-05-02T20:09:15+00:00","retrievedAt":"2026-09-18T02:36:49.784947+00:00","networkType":"Published fiber route; network class not specified","serviceability":"Unconfirmed","routeDiversity":"Unconfirmed","states":["KS"]},"bbox":[-94.9298126287514,38.7874189356782,-94.9291132819241,38.7874255450421]},{"type":"Feature","geometry":{"type":"LineString","coordinates":[[-94.9298126287514,38.7874189356782],[-94.9305143799684,38.7874314617702]]},"properties":{"id":"arcgis-23-2-f209d1f32ec5f7ef","sourceId":"arcgis-23-2","source":"Fiber_BackBone \u2014 Fiber Backbone (Approx 31 Miles)","sourceUrl":"https://services5.arcgis.com/Ox3HYmIeiVBmWWrQ/arcgis/rest/services/Fiber_BackBone/FeatureServer/2","name":"Fiber_BackBone \u2014 Fiber Backbone (Approx 31 Miles)","carrier":"Not published","routeStatus":"Unknown","category":"unknown","evidence":"agency_route","dataDate":null,"metadataModified":"2018-05-02T20:09:15+00:00","retrievedAt":"2026-09-18T02:36:49.784947+00:00","networkType":"Published fiber route; network class not specified","serviceability":"Unconfirmed","routeDiversity":"Unconfirmed","states":["KS"]},"bbox":[-94.9305143799684,38.7874189356782,-94.9298126287514,38.7874314617702]},{"type":"Feature","geometry":{"type":"LineString","coordinates":[[-94.9305143799684,38.7874314617702],[-94.9312104120611,38.7874320027244]]},"properties":{"id":"arcgis-23-2-606e3d2fa1ec8490","sourceId":"arcgis-23-2","source":"Fiber_BackBone \u2014 Fiber Backbone (Approx 31 Miles)","sourceUrl":"https://services5.arcgis.com/Ox3HYmIeiVBmWWrQ/arcgis/rest/services/Fiber_BackBone/FeatureServer/2","name":"Fiber_BackBone \u2014 Fiber Backbone (Approx 31 Miles)","carrier":"Not published","routeStatus":"Unknown","category":"unknown","evidence":"agency_route","dataDate":null,"metadataModified":"2018-05-02T20:09:15+00:00","retrievedAt":"2026-09-18T02:36:49.784947+00:00","networkType":"Published fiber route; network class not specified","serviceability":"Unconfirmed","routeDiversity":"Unconfirmed","states":["KS"]},"bbox":[-94.9312104120611,38.7874314617702,-94.9305143799684,38.7874320027244]},{"type":"Feature","geometry":{"type":"LineString","coordinates":[[-94.9312104120611,38.7874320027244],[-94.9319132280668,38.7874405772919]]},"properties":{"id":"arcgis-23-2-064a63739e7a96d7","sourceId":"arcgis-23-2","source":"Fiber_BackBone \u2014 Fiber Backbone (Approx 31 Miles)","sourceUrl":"https://services5.arcgis.com/Ox3HYmIeiVBmWWrQ/arcgis/rest/services/Fiber_BackBone/FeatureServer/2","name":"Fiber_BackBone \u2014 Fiber Backbone (Approx 31 Miles)","carrier":"Not published","routeStatus":"Unknown","category":"unknown","evidence":"agency_route","dataDate":null,"metadataModified":"2018-05-02T20:09:15+00:00","retrievedAt":"2026-09-18T02:36:49.784947+00:00","networkType":"Published fiber route; network class not specified","serviceability":"Unconfirmed","routeDiversity":"Unconfirmed","states":["KS"]},"bbox":[-94.9319132280668,38.7874320027244,-94.9312104120611,38.7874405772919]},{"type":"Feature","geometry":{"type":"LineString","coordinates":[[-94.9319589444981,38.784482635298],[-94.9319440279363,38.7839158855689]]},"properties":{"id":"arcgis-23-2-1b029e5bb50031f9","sourceId":"arcgis-23-2","source":"Fiber_BackBone \u2014 Fiber Backbone (Approx 31 Miles)","sourceUrl":"https://services5.arcgis.com/Ox3HYmIeiVBmWWrQ/arcgis/rest/services/Fiber_BackBone/FeatureServer/2","name":"Fiber_BackBone \u2014 Fiber Backbone (Approx 31 Miles)","carrier":"Not published","routeStatus":"Unknown","category":"unknown","evidence":"agency_route","dataDate":null,"metadataModified":"2018-05-02T20:09:15+00:00","retrievedAt":"2026-09-18T02:36:49.784947+00:00","networkType":"Published fiber route; network class not specified","serviceability":"Unconfirmed","routeDiversity":"Unconfirmed","states":["KS"]},"bbox":[-94.9319589444981,38.7839158855689,-94.9319440279363,38.784482635298]},{"type":"Feature","geometry":{"type":"LineString","coordinates":[[-94.931922978268,38.7833336359955],[-94.9319118615599,38.7827639522393]]},"properties":{"id":"arcgis-23-2-d560d8247d72ebd5","sourceId":"arcgis-23-2","source":"Fiber_BackBone \u2014 Fiber Backbone (Approx 31 Miles)","sourceUrl":"https://services5.arcgis.com/Ox3HYmIeiVBmWWrQ/arcgis/rest/services/Fiber_BackBone/FeatureServer/2","name":"Fiber_BackBone \u2014 Fiber Backbone (Approx 31 Miles)","carrier":"Not published","routeStatus":"Unknown","category":"unknown","evidence":"agency_route","dataDate":null,"metadataModified":"2018-05-02T20:09:15+00:00","retrievedAt":"2026-09-18T02:36:49.784947+00:00","networkType":"Published fiber route; network class not specified","serviceability":"Unconfirmed","routeDiversity":"Unconfirmed","states":["KS"]},"bbox":[-94.931922978268,38.7827639522393,-94.9319118615599,38.7833336359955]},{"type":"Feature","geometry":{"type":"LineString","coordinates":[[-94.931982997352,38.7850620306492],[-94.9319589444981,38.784482635298]]},"properties":{"id":"arcgis-23-2-e9b2085edf9ed225","sourceId":"arcgis-23-2","source":"Fiber_BackBone \u2014 Fiber Backbone (Approx 31 Miles)","sourceUrl":"https://services5.arcgis.com/Ox3HYmIeiVBmWWrQ/arcgis/rest/services/Fiber_BackBone/FeatureServer/2","name":"Fiber_BackBone \u2014 Fiber Backbone (Approx 31 Miles)","carrier":"Not published","routeStatus":"Unknown","category":"unknown","evidence":"agency_route","dataDate":null,"metadataModified":"2018-05-02T20:09:15+00:00","retrievedAt":"2026-09-18T02:36:49.784947+00:00","networkType":"Published fiber route; network class not specified","serviceability":"Unconfirmed","routeDiversity":"Unconfirmed","states":["KS"]},"bbox":[-94.931982997352,38.784482635298,-94.9319589444981,38.7850620306492]},{"type":"Feature","geometry":{"type":"LineString","coordinates":[[-94.9241568112892,38.7819273357513],[-94.9234387280481,38.7820313027]]},"properties":{"id":"arcgis-23-2-5a8f518b714d9dfa","sourceId":"arcgis-23-2","source":"Fiber_BackBone \u2014 Fiber Backbone (Approx 31 Miles)","sourceUrl":"https://services5.arcgis.com/Ox3HYmIeiVBmWWrQ/arcgis/rest/services/Fiber_BackBone/FeatureServer/2","name":"Fiber_BackBone \u2014 Fiber Backbone (Approx 31 Miles)","carrier":"Not published","routeStatus":"Unknown","category":"unknown","evidence":"agency_route","dataDate":null,"metadataModified":"2018-05-02T20:09:15+00:00","retrievedAt":"2026-09-18T02:36:49.784947+00:00","networkType":"Published fiber route; network class not specified","serviceability":"Unconfirmed","routeDiversity":"Unconfirmed","states":["KS"]},"bbox":[-94.9241568112892,38.7819273357513,-94.9234387280481,38.7820313027]},{"type":"Feature","geometry":{"type":"LineString","coordinates":[[-94.9274635783273,38.8191901691283],[-94.9274617111894,38.8197579186415]]},"properties":{"id":"arcgis-23-2-1a3a54f1621bbbc8","sourceId":"arcgis-23-2","source":"Fiber_BackBone \u2014 Fiber Backbone (Approx 31 Miles)","sourceUrl":"https://services5.arcgis.com/Ox3HYmIeiVBmWWrQ/arcgis/rest/services/Fiber_BackBone/FeatureServer/2","name":"Fiber_BackBone \u2014 Fiber Backbone (Approx 31 Miles)","carrier":"Not published","routeStatus":"Unknown","category":"unknown","evidence":"agency_route","dataDate":null,"metadataModified":"2018-05-02T20:09:15+00:00","retrievedAt":"2026-09-18T02:36:49.784947+00:00","networkType":"Published fiber route; network class not specified","serviceability":"Unconfirmed","routeDiversity":"Unconfirmed","states":["KS"]},"bbox":[-94.9274635783273,38.8191901691283,-94.9274617111894,38.8197579186415]},{"type":"Feature","geometry":{"type":"LineString","coordinates":[[-94.9274617111894,38.8197579186415],[-94.9274536945924,38.820334970678]]},"properties":{"id":"arcgis-23-2-fbf14004ee245497","sourceId":"arcgis-23-2","source":"Fiber_BackBone \u2014 Fiber Backbone (Approx 31 Miles)","sourceUrl":"https://services5.arcgis.com/Ox3HYmIeiVBmWWrQ/arcgis/rest/services/Fiber_BackBone/FeatureServer/2","name":"Fiber_BackBone \u2014 Fiber Backbone (Approx 31 Miles)","carrier":"Not published","routeStatus":"Unknown","category":"unknown","evidence":"agency_route","dataDate":null,"metadataModified":"2018-05-02T20:09:15+00:00","retrievedAt":"2026-09-18T02:36:49.784947+00:00","networkType":"Published fiber route; network class not specified","serviceability":"Unconfirmed","routeDiversity":"Unconfirmed","states":["KS"]},"bbox":[-94.9274617111894,38.8197579186415,-94.9274536945924,38.820334970678]},{"type":"Feature","geometry":{"type":"LineString","coordinates":[[-94.9274077785906,38.8225398856541],[-94.9273995615897,38.8231112358778]]},"properties":{"id":"arcgis-23-2-e8479077f07721af","sourceId":"arcgis-23-2","source":"Fiber_BackBone \u2014 Fiber Backbone (Approx 31 Miles)","sourceUrl":"https://services5.arcgis.com/Ox3HYmIeiVBmWWrQ/arcgis/rest/services/Fiber_BackBone/FeatureServer/2","name":"Fiber_BackBone \u2014 Fiber Backbone (Approx 31 Miles)","carrier":"Not published","routeStatus":"Unknown","category":"unknown","evidence":"agency_route","dataDate":null,"metadataModified":"2018-05-02T20:09:15+00:00","retrievedAt":"2026-09-18T02:36:49.784947+00:00","networkType":"Published fiber route; network class not specified","serviceability":"Unconfirmed","routeDiversity":"Unconfirmed","states":["KS"]},"bbox":[-94.9274077785906,38.8225398856541,-94.9273995615897,38.8231112358778]},{"type":"Feature","geometry":{"type":"LineString","coordinates":[[-94.9279088617685,38.8166988023665],[-94.9285584073066,38.816691497953]]},"properties":{"id":"arcgis-23-2-49fa7ccf5f23c0eb","sourceId":"arcgis-23-2","source":"Fiber_BackBone \u2014 Fiber Backbone (Approx 31 Miles)","sourceUrl":"https://services5.arcgis.com/Ox3HYmIeiVBmWWrQ/arcgis/rest/services/Fiber_BackBone/FeatureServer/2","name":"Fiber_BackBone \u2014 Fiber Backbone (Approx 31 Miles)","carrier":"Not published","routeStatus":"Unknown","category":"unknown","evidence":"agency_route","dataDate":null,"metadataModified":"2018-05-02T20:09:15+00:00","retrievedAt":"2026-09-18T02:36:49.784947+00:00","networkType":"Published fiber route; network class not specified","serviceability":"Unconfirmed","routeDiversity":"Unconfirmed","states":["KS"]},"bbox":[-94.9285584073066,38.816691497953,-94.9279088617685,38.8166988023665]},{"type":"Feature","geometry":{"type":"LineString","coordinates":[[-94.9285584073066,38.816691497953],[-94.9292230953063,38.816669669272]]},"properties":{"id":"arcgis-23-2-31312f3aeab2c479","sourceId":"arcgis-23-2","source":"Fiber_BackBone \u2014 Fiber Backbone (Approx 31 Miles)","sourceUrl":"https://services5.arcgis.com/Ox3HYmIeiVBmWWrQ/arcgis/rest/services/Fiber_BackBone/FeatureServer/2","name":"Fiber_BackBone \u2014 Fiber Backbone (Approx 31 Miles)","carrier":"Not published","routeStatus":"Unknown","category":"unknown","evidence":"agency_route","dataDate":null,"metadataModified":"2018-05-02T20:09:15+00:00","retrievedAt":"2026-09-18T02:36:49.784947+00:00","networkType":"Published fiber route; network class not specified","serviceability":"Unconfirmed","routeDiversity":"Unconfirmed","states":["KS"]},"bbox":[-94.9292230953063,38.816669669272,-94.9285584073066,38.816691497953]},{"type":"Feature","geometry":{"type":"LineString","coordinates":[[-94.9292230953063,38.816669669272],[-94.9299287287772,38.8166689022169]]},"properties":{"id":"arcgis-23-2-62dea428f5c99397","sourceId":"arcgis-23-2","source":"Fiber_BackBone \u2014 Fiber Backbone (Approx 31 Miles)","sourceUrl":"https://services5.arcgis.com/Ox3HYmIeiVBmWWrQ/arcgis/rest/services/Fiber_BackBone/FeatureServer/2","name":"Fiber_BackBone \u2014 Fiber Backbone (Approx 31 Miles)","carrier":"Not published","routeStatus":"Unknown","category":"unknown","evidence":"agency_route","dataDate":null,"metadataModified":"2018-05-02T20:09:15+00:00","retrievedAt":"2026-09-18T02:36:49.784947+00:00","networkType":"Published fiber route; network class not specified","serviceability":"Unconfirmed","routeDiversity":"Unconfirmed","states":["KS"]},"bbox":[-94.9299287287772,38.8166689022169,-94.9292230953063,38.816669669272]},{"type":"Feature","geometry":{"type":"LineString","coordinates":[[-94.9299287287772,38.8166689022169],[-94.9305720953272,38.8168350520747]]},"properties":{"id":"arcgis-23-2-b39273842119d585","sourceId":"arcgis-23-2","source":"Fiber_BackBone \u2014 Fiber Backbone (Approx 31 Miles)","sourceUrl":"https://services5.arcgis.com/Ox3HYmIeiVBmWWrQ/arcgis/rest/services/Fiber_BackBone/FeatureServer/2","name":"Fiber_BackBone \u2014 Fiber Backbone (Approx 31 Miles)","carrier":"Not published","routeStatus":"Unknown","category":"unknown","evidence":"agency_route","dataDate":null,"metadataModified":"2018-05-02T20:09:15+00:00","retrievedAt":"2026-09-18T02:36:49.784947+00:00","networkType":"Published fiber route; network class not specified","serviceability":"Unconfirmed","routeDiversity":"Unconfirmed","states":["KS"]},"bbox":[-94.9305720953272,38.8166689022169,-94.9299287287772,38.8168350520747]},{"type":"Feature","geometry":{"type":"LineString","coordinates":[[-94.9305720953272,38.8168350520747],[-94.9310778116496,38.817088085524]]},"properties":{"id":"arcgis-23-2-66afa6ef74716145","sourceId":"arcgis-23-2","source":"Fiber_BackBone \u2014 Fiber Backbone (Approx 31 Miles)","sourceUrl":"https://services5.arcgis.com/Ox3HYmIeiVBmWWrQ/arcgis/rest/services/Fiber_BackBone/FeatureServer/2","name":"Fiber_BackBone \u2014 Fiber Backbone (Approx 31 Miles)","carrier":"Not published","routeStatus":"Unknown","category":"unknown","evidence":"agency_route","dataDate":null,"metadataModified":"2018-05-02T20:09:15+00:00","retrievedAt":"2026-09-18T02:36:49.784947+00:00","networkType":"Published fiber route; network class not specified","serviceability":"Unconfirmed","routeDiversity":"Unconfirmed","states":["KS"]},"bbox":[-94.9310778116496,38.8168350520747,-94.9305720953272,38.817088085524]},{"type":"Feature","geometry":{"type":"LineString","coordinates":[[-94.8883340283405,38.8126078687444],[-94.8883378445571,38.8131516192418]]},"properties":{"id":"arcgis-23-2-e2487d9bd126c7cd","sourceId":"arcgis-23-2","source":"Fiber_BackBone \u2014 Fiber Backbone (Approx 31 Miles)","sourceUrl":"https://services5.arcgis.com/Ox3HYmIeiVBmWWrQ/arcgis/rest/services/Fiber_BackBone/FeatureServer/2","name":"Fiber_BackBone \u2014 Fiber Backbone (Approx 31 Miles)","carrier":"Not published","routeStatus":"Unknown","category":"unknown","evidence":"agency_route","dataDate":null,"metadataModified":"2018-05-02T20:09:15+00:00","retrievedAt":"2026-09-18T02:36:49.784947+00:00","networkType":"Published fiber route; network class not specified","serviceability":"Unconfirmed","routeDiversity":"Unconfirmed","states":["KS"]},"bbox":[-94.8883378445571,38.8126078687444,-94.8883340283405,38.8131516192418]},{"type":"Feature","geometry":{"type":"LineString","coordinates":[[-94.8883378445571,38.8131516192418],[-94.8883261451451,38.8137016025934]]},"properties":{"id":"arcgis-23-2-d3f3e62367ed554b","sourceId":"arcgis-23-2","source":"Fiber_BackBone \u2014 Fiber Backbone (Approx 31 Miles)","sourceUrl":"https://services5.arcgis.com/Ox3HYmIeiVBmWWrQ/arcgis/rest/services/Fiber_BackBone/FeatureServer/2","name":"Fiber_BackBone \u2014 Fiber Backbone (Approx 31 Miles)","carrier":"Not published","routeStatus":"Unknown","category":"unknown","evidence":"agency_route","dataDate":null,"metadataModified":"2018-05-02T20:09:15+00:00","retrievedAt":"2026-09-18T02:36:49.784947+00:00","networkType":"Published fiber route; network class not specified","serviceability":"Unconfirmed","routeDiversity":"Unconfirmed","states":["KS"]},"bbox":[-94.8883378445571,38.8131516192418,-94.8883261451451,38.8137016025934]},{"type":"Feature","geometry":{"type":"LineString","coordinates":[[-94.8883261451451,38.8137016025934],[-94.8883229278842,38.8142496021493]]},"properties":{"id":"arcgis-23-2-36bed6d1d154b1f5","sourceId":"arcgis-23-2","source":"Fiber_BackBone \u2014 Fiber Backbone (Approx 31 Miles)","sourceUrl":"https://services5.arcgis.com/Ox3HYmIeiVBmWWrQ/arcgis/rest/services/Fiber_BackBone/FeatureServer/2","name":"Fiber_BackBone \u2014 Fiber Backbone (Approx 31 Miles)","carrier":"Not published","routeStatus":"Unknown","category":"unknown","evidence":"agency_route","dataDate":null,"metadataModified":"2018-05-02T20:09:15+00:00","retrievedAt":"2026-09-18T02:36:49.784947+00:00","networkType":"Published fiber route; network class not specified","serviceability":"Unconfirmed","routeDiversity":"Unconfirmed","states":["KS"]},"bbox":[-94.8883261451451,38.8137016025934,-94.8883229278842,38.8142496021493]},{"type":"Feature","geometry":{"type":"LineString","coordinates":[[-94.8876402455468,38.8150378194303],[-94.886981594825,38.8152671687199]]},"properties":{"id":"arcgis-23-2-95bbd7a75d75585d","sourceId":"arcgis-23-2","source":"Fiber_BackBone \u2014 Fiber Backbone (Approx 31 Miles)","sourceUrl":"https://services5.arcgis.com/Ox3HYmIeiVBmWWrQ/arcgis/rest/services/Fiber_BackBone/FeatureServer/2","name":"Fiber_BackBone \u2014 Fiber Backbone (Approx 31 Miles)","carrier":"Not published","routeStatus":"Unknown","category":"unknown","evidence":"agency_route","dataDate":null,"metadataModified":"2018-05-02T20:09:15+00:00","retrievedAt":"2026-09-18T02:36:49.784947+00:00","networkType":"Published fiber route; network class not specified","serviceability":"Unconfirmed","routeDiversity":"Unconfirmed","states":["KS"]},"bbox":[-94.8876402455468,38.8150378194303,-94.886981594825,38.8152671687199]},{"type":"Feature","geometry":{"type":"LineString","coordinates":[[-94.886981594825,38.8152671687199],[-94.8863675611761,38.8154655522055]]},"properties":{"id":"arcgis-23-2-e54b9ac3ec1d875f","sourceId":"arcgis-23-2","source":"Fiber_BackBone \u2014 Fiber Backbone (Approx 31 Miles)","sourceUrl":"https://services5.arcgis.com/Ox3HYmIeiVBmWWrQ/arcgis/rest/services/Fiber_BackBone/FeatureServer/2","name":"Fiber_BackBone \u2014 Fiber Backbone (Approx 31 Miles)","carrier":"Not published","routeStatus":"Unknown","category":"unknown","evidence":"agency_route","dataDate":null,"metadataModified":"2018-05-02T20:09:15+00:00","retrievedAt":"2026-09-18T02:36:49.784947+00:00","networkType":"Published fiber route; network class not specified","serviceability":"Unconfirmed","routeDiversity":"Unconfirmed","states":["KS"]},"bbox":[-94.886981594825,38.8152671687199,-94.8863675611761,38.8154655522055]},{"type":"Feature","geometry":{"type":"LineString","coordinates":[[-94.8861469785348,38.8164814689963],[-94.8855698283847,38.8167642854821]]},"properties":{"id":"arcgis-23-2-bc590ec529ee16cc","sourceId":"arcgis-23-2","source":"Fiber_BackBone \u2014 Fiber Backbone (Approx 31 Miles)","sourceUrl":"https://services5.arcgis.com/Ox3HYmIeiVBmWWrQ/arcgis/rest/services/Fiber_BackBone/FeatureServer/2","name":"Fiber_BackBone \u2014 Fiber Backbone (Approx 31 Miles)","carrier":"Not published","routeStatus":"Unknown","category":"unknown","evidence":"agency_route","dataDate":null,"metadataModified":"2018-05-02T20:09:15+00:00","retrievedAt":"2026-09-18T02:36:49.784947+00:00","networkType":"Published fiber route; network class not specified","serviceability":"Unconfirmed","routeDiversity":"Unconfirmed","states":["KS"]},"bbox":[-94.8861469785348,38.8164814689963,-94.8855698283847,38.8167642854821]},{"type":"Feature","geometry":{"type":"LineString","coordinates":[[-94.8849014118274,38.8170986690119],[-94.8843900953568,38.8173882187322]]},"properties":{"id":"arcgis-23-2-f3f86a9f7e477e47","sourceId":"arcgis-23-2","source":"Fiber_BackBone \u2014 Fiber Backbone (Approx 31 Miles)","sourceUrl":"https://services5.arcgis.com/Ox3HYmIeiVBmWWrQ/arcgis/rest/services/Fiber_BackBone/FeatureServer/2","name":"Fiber_BackBone \u2014 Fiber Backbone (Approx 31 Miles)","carrier":"Not published","routeStatus":"Unknown","category":"unknown","evidence":"agency_route","dataDate":null,"metadataModified":"2018-05-02T20:09:15+00:00","retrievedAt":"2026-09-18T02:36:49.784947+00:00","networkType":"Published fiber route; network class not specified","serviceability":"Unconfirmed","routeDiversity":"Unconfirmed","states":["KS"]},"bbox":[-94.8849014118274,38.8170986690119,-94.8843900953568,38.8173882187322]},{"type":"Feature","geometry":{"type":"LineString","coordinates":[[-94.918115295442,38.8395169687259],[-94.9181251784991,38.8389722522743]]},"properties":{"id":"arcgis-23-2-4bc8cf841dfd9297","sourceId":"arcgis-23-2","source":"Fiber_BackBone \u2014 Fiber Backbone (Approx 31 Miles)","sourceUrl":"https://services5.arcgis.com/Ox3HYmIeiVBmWWrQ/arcgis/rest/services/Fiber_BackBone/FeatureServer/2","name":"Fiber_BackBone \u2014 Fiber Backbone (Approx 31 Miles)","carrier":"Not published","routeStatus":"Unknown","category":"unknown","evidence":"agency_route","dataDate":null,"metadataModified":"2018-05-02T20:09:15+00:00","retrievedAt":"2026-09-18T02:36:49.784947+00:00","networkType":"Published fiber route; network class not specified","serviceability":"Unconfirmed","routeDiversity":"Unconfirmed","states":["KS"]},"bbox":[-94.9181251784991,38.8389722522743,-94.918115295442,38.8395169687259]},{"type":"Feature","geometry":{"type":"LineString","coordinates":[[-94.9181251784991,38.8389722522743],[-94.9181370004718,38.8384171697752]]},"properties":{"id":"arcgis-23-2-ac35f9c9f2134ab7","sourceId":"arcgis-23-2","source":"Fiber_BackBone \u2014 Fiber Backbone (Approx 31 Miles)","sourceUrl":"https://services5.arcgis.com/Ox3HYmIeiVBmWWrQ/arcgis/rest/services/Fiber_BackBone/FeatureServer/2","name":"Fiber_BackBone \u2014 Fiber Backbone (Approx 31 Miles)","carrier":"Not published","routeStatus":"Unknown","category":"unknown","evidence":"agency_route","dataDate":null,"metadataModified":"2018-05-02T20:09:15+00:00","retrievedAt":"2026-09-18T02:36:49.784947+00:00","networkType":"Published fiber route; network class not specified","serviceability":"Unconfirmed","routeDiversity":"Unconfirmed","states":["KS"]},"bbox":[-94.9181370004718,38.8384171697752,-94.9181251784991,38.8389722522743]},{"type":"Feature","geometry":{"type":"LineString","coordinates":[[-94.9310778116496,38.817088085524],[-94.9315897238478,38.8173349815487]]},"properties":{"id":"arcgis-23-2-602c97e63c41e474","sourceId":"arcgis-23-2","source":"Fiber_BackBone \u2014 Fiber Backbone (Approx 31 Miles)","sourceUrl":"https://services5.arcgis.com/Ox3HYmIeiVBmWWrQ/arcgis/rest/services/Fiber_BackBone/FeatureServer/2","name":"Fiber_BackBone \u2014 Fiber Backbone (Approx 31 Miles)","carrier":"Not published","routeStatus":"Unknown","category":"unknown","evidence":"agency_route","dataDate":null,"metadataModified":"2018-05-02T20:09:15+00:00","retrievedAt":"2026-09-18T02:36:49.784947+00:00","networkType":"Published fiber route; network class not specified","serviceability":"Unconfirmed","routeDiversity":"Unconfirmed","states":["KS"]},"bbox":[-94.9315897238478,38.817088085524,-94.9310778116496,38.8173349815487]},{"type":"Feature","geometry":{"type":"LineString","coordinates":[[-94.9315897238478,38.8173349815487],[-94.9320942954622,38.8175843359103]]},"properties":{"id":"arcgis-23-2-0f64ce31bb643d21","sourceId":"arcgis-23-2","source":"Fiber_BackBone \u2014 Fiber Backbone (Approx 31 Miles)","sourceUrl":"https://services5.arcgis.com/Ox3HYmIeiVBmWWrQ/arcgis/rest/services/Fiber_BackBone/FeatureServer/2","name":"Fiber_BackBone \u2014 Fiber Backbone (Approx 31 Miles)","carrier":"Not published","routeStatus":"Unknown","category":"unknown","evidence":"agency_route","dataDate":null,"metadataModified":"2018-05-02T20:09:15+00:00","retrievedAt":"2026-09-18T02:36:49.784947+00:00","networkType":"Published fiber route; network class not specified","serviceability":"Unconfirmed","routeDiversity":"Unconfirmed","states":["KS"]},"bbox":[-94.9320942954622,38.8173349815487,-94.9315897238478,38.8175843359103]},{"type":"Feature","geometry":{"type":"LineString","coordinates":[[-94.9325333285505,38.8178079020277],[-94.9330842992506,38.8179875767256]]},"properties":{"id":"arcgis-23-2-2284be515ad6b78e","sourceId":"arcgis-23-2","source":"Fiber_BackBone \u2014 Fiber Backbone (Approx 31 Miles)","sourceUrl":"https://services5.arcgis.com/Ox3HYmIeiVBmWWrQ/arcgis/rest/services/Fiber_BackBone/FeatureServer/2","name":"Fiber_BackBone \u2014 Fiber Backbone (Approx 31 Miles)","carrier":"Not published","routeStatus":"Unknown","category":"unknown","evidence":"agency_route","dataDate":null,"metadataModified":"2018-05-02T20:09:15+00:00","retrievedAt":"2026-09-18T02:36:49.784947+00:00","networkType":"Published fiber route; network class not specified","serviceability":"Unconfirmed","routeDiversity":"Unconfirmed","states":["KS"]},"bbox":[-94.9330842992506,38.8178079020277,-94.9325333285505,38.8179875767256]},{"type":"Feature","geometry":{"type":"LineString","coordinates":[[-94.9336385052061,38.8180080093261],[-94.9343415283847,38.8180092693833]]},"properties":{"id":"arcgis-23-2-1d428f316e7538de","sourceId":"arcgis-23-2","source":"Fiber_BackBone \u2014 Fiber Backbone (Approx 31 Miles)","sourceUrl":"https://services5.arcgis.com/Ox3HYmIeiVBmWWrQ/arcgis/rest/services/Fiber_BackBone/FeatureServer/2","name":"Fiber_BackBone \u2014 Fiber Backbone (Approx 31 Miles)","carrier":"Not published","routeStatus":"Unknown","category":"unknown","evidence":"agency_route","dataDate":null,"metadataModified":"2018-05-02T20:09:15+00:00","retrievedAt":"2026-09-18T02:36:49.784947+00:00","networkType":"Published fiber route; network class not specified","serviceability":"Unconfirmed","routeDiversity":"Unconfirmed","states":["KS"]},"bbox":[-94.9343415283847,38.8180080093261,-94.9336385052061,38.8180092693833]},{"type":"Feature","geometry":{"type":"LineString","coordinates":[[-94.9343415283847,38.8180092693833],[-94.9350400114108,38.8180082020479]]},"properties":{"id":"arcgis-23-2-bb502d9d1c4f659e","sourceId":"arcgis-23-2","source":"Fiber_BackBone \u2014 Fiber Backbone (Approx 31 Miles)","sourceUrl":"https://services5.arcgis.com/Ox3HYmIeiVBmWWrQ/arcgis/rest/services/Fiber_BackBone/FeatureServer/2","name":"Fiber_BackBone \u2014 Fiber Backbone (Approx 31 Miles)","carrier":"Not published","routeStatus":"Unknown","category":"unknown","evidence":"agency_route","dataDate":null,"metadataModified":"2018-05-02T20:09:15+00:00","retrievedAt":"2026-09-18T02:36:49.784947+00:00","networkType":"Published fiber route; network class not specified","serviceability":"Unconfirmed","routeDiversity":"Unconfirmed","states":["KS"]},"bbox":[-94.9350400114108,38.8180082020479,-94.9343415283847,38.8180092693833]},{"type":"Feature","geometry":{"type":"LineString","coordinates":[[-94.9350400114108,38.8180082020479],[-94.9357455744195,38.8180231003359]]},"properties":{"id":"arcgis-23-2-1d85c361cd98e39e","sourceId":"arcgis-23-2","source":"Fiber_BackBone \u2014 Fiber Backbone (Approx 31 Miles)","sourceUrl":"https://services5.arcgis.com/Ox3HYmIeiVBmWWrQ/arcgis/rest/services/Fiber_BackBone/FeatureServer/2","name":"Fiber_BackBone \u2014 Fiber Backbone (Approx 31 Miles)","carrier":"Not published","routeStatus":"Unknown","category":"unknown","evidence":"agency_route","dataDate":null,"metadataModified":"2018-05-02T20:09:15+00:00","retrievedAt":"2026-09-18T02:36:49.784947+00:00","networkType":"Published fiber route; network class not specified","serviceability":"Unconfirmed","routeDiversity":"Unconfirmed","states":["KS"]},"bbox":[-94.9357455744195,38.8180082020479,-94.9350400114108,38.8180231003359]},{"type":"Feature","geometry":{"type":"LineString","coordinates":[[-94.9357455744195,38.8180231003359],[-94.9363986612387,38.818124785885]]},"properties":{"id":"arcgis-23-2-a516d70a4c388375","sourceId":"arcgis-23-2","source":"Fiber_BackBone \u2014 Fiber Backbone (Approx 31 Miles)","sourceUrl":"https://services5.arcgis.com/Ox3HYmIeiVBmWWrQ/arcgis/rest/services/Fiber_BackBone/FeatureServer/2","name":"Fiber_BackBone \u2014 Fiber Backbone (Approx 31 Miles)","carrier":"Not published","routeStatus":"Unknown","category":"unknown","evidence":"agency_route","dataDate":null,"metadataModified":"2018-05-02T20:09:15+00:00","retrievedAt":"2026-09-18T02:36:49.784947+00:00","networkType":"Published fiber route; network class not specified","serviceability":"Unconfirmed","routeDiversity":"Unconfirmed","states":["KS"]},"bbox":[-94.9363986612387,38.8180231003359,-94.9357455744195,38.818124785885]},{"type":"Feature","geometry":{"type":"LineString","coordinates":[[-94.937410511141,38.8183499024611],[-94.9381515613069,38.8183570526433]]},"properties":{"id":"arcgis-23-2-806f5036476c944a","sourceId":"arcgis-23-2","source":"Fiber_BackBone \u2014 Fiber Backbone (Approx 31 Miles)","sourceUrl":"https://services5.arcgis.com/Ox3HYmIeiVBmWWrQ/arcgis/rest/services/Fiber_BackBone/FeatureServer/2","name":"Fiber_BackBone \u2014 Fiber Backbone (Approx 31 Miles)","carrier":"Not published","routeStatus":"Unknown","category":"unknown","evidence":"agency_route","dataDate":null,"metadataModified":"2018-05-02T20:09:15+00:00","retrievedAt":"2026-09-18T02:36:49.784947+00:00","networkType":"Published fiber route; network class not specified","serviceability":"Unconfirmed","routeDiversity":"Unconfirmed","states":["KS"]},"bbox":[-94.9381515613069,38.8183499024611,-94.937410511141,38.8183570526433]},{"type":"Feature","geometry":{"type":"LineString","coordinates":[[-94.9381515613069,38.8183570526433],[-94.9388596719607,38.8183611724574]]},"properties":{"id":"arcgis-23-2-7f9c33801ad545a1","sourceId":"arcgis-23-2","source":"Fiber_BackBone \u2014 Fiber Backbone (Approx 31 Miles)","sourceUrl":"https://services5.arcgis.com/Ox3HYmIeiVBmWWrQ/arcgis/rest/services/Fiber_BackBone/FeatureServer/2","name":"Fiber_BackBone \u2014 Fiber Backbone (Approx 31 Miles)","carrier":"Not published","routeStatus":"Unknown","category":"unknown","evidence":"agency_route","dataDate":null,"metadataModified":"2018-05-02T20:09:15+00:00","retrievedAt":"2026-09-18T02:36:49.784947+00:00","networkType":"Published fiber route; network class not specified","serviceability":"Unconfirmed","routeDiversity":"Unconfirmed","states":["KS"]},"bbox":[-94.9388596719607,38.8183570526433,-94.9381515613069,38.8183611724574]},{"type":"Feature","geometry":{"type":"LineString","coordinates":[[-94.9388596719607,38.8183611724574],[-94.9395205813882,38.8183627848163]]},"properties":{"id":"arcgis-23-2-2891d1954cfca786","sourceId":"arcgis-23-2","source":"Fiber_BackBone \u2014 Fiber Backbone (Approx 31 Miles)","sourceUrl":"https://services5.arcgis.com/Ox3HYmIeiVBmWWrQ/arcgis/rest/services/Fiber_BackBone/FeatureServer/2","name":"Fiber_BackBone \u2014 Fiber Backbone (Approx 31 Miles)","carrier":"Not published","routeStatus":"Unknown","category":"unknown","evidence":"agency_route","dataDate":null,"metadataModified":"2018-05-02T20:09:15+00:00","retrievedAt":"2026-09-18T02:36:49.784947+00:00","networkType":"Published fiber route; network class not specified","serviceability":"Unconfirmed","routeDiversity":"Unconfirmed","states":["KS"]},"bbox":[-94.9395205813882,38.8183611724574,-94.9388596719607,38.8183627848163]},{"type":"Feature","geometry":{"type":"LineString","coordinates":[[-94.9395205813882,38.8183627848163],[-94.9401939280489,38.8183606852318]]},"properties":{"id":"arcgis-23-2-d067335fc513dec0","sourceId":"arcgis-23-2","source":"Fiber_BackBone \u2014 Fiber Backbone (Approx 31 Miles)","sourceUrl":"https://services5.arcgis.com/Ox3HYmIeiVBmWWrQ/arcgis/rest/services/Fiber_BackBone/FeatureServer/2","name":"Fiber_BackBone \u2014 Fiber Backbone (Approx 31 Miles)","carrier":"Not published","routeStatus":"Unknown","category":"unknown","evidence":"agency_route","dataDate":null,"metadataModified":"2018-05-02T20:09:15+00:00","retrievedAt":"2026-09-18T02:36:49.784947+00:00","networkType":"Published fiber route; network class not specified","serviceability":"Unconfirmed","routeDiversity":"Unconfirmed","states":["KS"]},"bbox":[-94.9401939280489,38.8183606852318,-94.9395205813882,38.8183627848163]},{"type":"Feature","geometry":{"type":"LineString","coordinates":[[-94.9401939280489,38.8183606852318],[-94.9408708913188,38.8183678330709]]},"properties":{"id":"arcgis-23-2-5470cfb10931b0c3","sourceId":"arcgis-23-2","source":"Fiber_BackBone \u2014 Fiber Backbone (Approx 31 Miles)","sourceUrl":"https://services5.arcgis.com/Ox3HYmIeiVBmWWrQ/arcgis/rest/services/Fiber_BackBone/FeatureServer/2","name":"Fiber_BackBone \u2014 Fiber Backbone (Approx 31 Miles)","carrier":"Not published","routeStatus":"Unknown","category":"unknown","evidence":"agency_route","dataDate":null,"metadataModified":"2018-05-02T20:09:15+00:00","retrievedAt":"2026-09-18T02:36:49.784947+00:00","networkType":"Published fiber route; network class not specified","serviceability":"Unconfirmed","routeDiversity":"Unconfirmed","states":["KS"]},"bbox":[-94.9408708913188,38.8183606852318,-94.9401939280489,38.8183678330709]},{"type":"Feature","geometry":{"type":"LineString","coordinates":[[-94.9408708913188,38.8183678330709],[-94.941567487568,38.8183740528647]]},"properties":{"id":"arcgis-23-2-b6615a66c6905528","sourceId":"arcgis-23-2","source":"Fiber_BackBone \u2014 Fiber Backbone (Approx 31 Miles)","sourceUrl":"https://services5.arcgis.com/Ox3HYmIeiVBmWWrQ/arcgis/rest/services/Fiber_BackBone/FeatureServer/2","name":"Fiber_BackBone \u2014 Fiber Backbone (Approx 31 Miles)","carrier":"Not published","routeStatus":"Unknown","category":"unknown","evidence":"agency_route","dataDate":null,"metadataModified":"2018-05-02T20:09:15+00:00","retrievedAt":"2026-09-18T02:36:49.784947+00:00","networkType":"Published fiber route; network class not specified","serviceability":"Unconfirmed","routeDiversity":"Unconfirmed","states":["KS"]},"bbox":[-94.941567487568,38.8183678330709,-94.9408708913188,38.8183740528647]},{"type":"Feature","geometry":{"type":"LineString","coordinates":[[-94.941567487568,38.8183740528647],[-94.942215894993,38.818375902532]]},"properties":{"id":"arcgis-23-2-83c3ef17fe944560","sourceId":"arcgis-23-2","source":"Fiber_BackBone \u2014 Fiber Backbone (Approx 31 Miles)","sourceUrl":"https://services5.arcgis.com/Ox3HYmIeiVBmWWrQ/arcgis/rest/services/Fiber_BackBone/FeatureServer/2","name":"Fiber_BackBone \u2014 Fiber Backbone (Approx 31 Miles)","carrier":"Not published","routeStatus":"Unknown","category":"unknown","evidence":"agency_route","dataDate":null,"metadataModified":"2018-05-02T20:09:15+00:00","retrievedAt":"2026-09-18T02:36:49.784947+00:00","networkType":"Published fiber route; network class not specified","serviceability":"Unconfirmed","routeDiversity":"Unconfirmed","states":["KS"]},"bbox":[-94.942215894993,38.8183740528647,-94.941567487568,38.818375902532]},{"type":"Feature","geometry":{"type":"LineString","coordinates":[[-94.942215894993,38.818375902532],[-94.9428913447618,38.8183726026026]]},"properties":{"id":"arcgis-23-2-64ccd30fe7cc5e66","sourceId":"arcgis-23-2","source":"Fiber_BackBone \u2014 Fiber Backbone (Approx 31 Miles)","sourceUrl":"https://services5.arcgis.com/Ox3HYmIeiVBmWWrQ/arcgis/rest/services/Fiber_BackBone/FeatureServer/2","name":"Fiber_BackBone \u2014 Fiber Backbone (Approx 31 Miles)","carrier":"Not published","routeStatus":"Unknown","category":"unknown","evidence":"agency_route","dataDate":null,"metadataModified":"2018-05-02T20:09:15+00:00","retrievedAt":"2026-09-18T02:36:49.784947+00:00","networkType":"Published fiber route; network class not specified","serviceability":"Unconfirmed","routeDiversity":"Unconfirmed","states":["KS"]},"bbox":[-94.9428913447618,38.8183726026026,-94.942215894993,38.818375902532]},{"type":"Feature","geometry":{"type":"LineString","coordinates":[[-94.9428913447618,38.8183726026026],[-94.9435591445468,38.8183820019048]]},"properties":{"id":"arcgis-23-2-2c46cea165736551","sourceId":"arcgis-23-2","source":"Fiber_BackBone \u2014 Fiber Backbone (Approx 31 Miles)","sourceUrl":"https://services5.arcgis.com/Ox3HYmIeiVBmWWrQ/arcgis/rest/services/Fiber_BackBone/FeatureServer/2","name":"Fiber_BackBone \u2014 Fiber Backbone (Approx 31 Miles)","carrier":"Not published","routeStatus":"Unknown","category":"unknown","evidence":"agency_route","dataDate":null,"metadataModified":"2018-05-02T20:09:15+00:00","retrievedAt":"2026-09-18T02:36:49.784947+00:00","networkType":"Published fiber route; network class not specified","serviceability":"Unconfirmed","routeDiversity":"Unconfirmed","states":["KS"]},"bbox":[-94.9435591445468,38.8183726026026,-94.9428913447618,38.8183820019048]},{"type":"Feature","geometry":{"type":"LineString","coordinates":[[-94.9456902452551,38.8181298352307],[-94.9456896278317,38.8175703853038]]},"properties":{"id":"arcgis-23-2-96f4a5c95ab9440c","sourceId":"arcgis-23-2","source":"Fiber_BackBone \u2014 Fiber Backbone (Approx 31 Miles)","sourceUrl":"https://services5.arcgis.com/Ox3HYmIeiVBmWWrQ/arcgis/rest/services/Fiber_BackBone/FeatureServer/2","name":"Fiber_BackBone \u2014 Fiber Backbone (Approx 31 Miles)","carrier":"Not published","routeStatus":"Unknown","category":"unknown","evidence":"agency_route","dataDate":null,"metadataModified":"2018-05-02T20:09:15+00:00","retrievedAt":"2026-09-18T02:36:49.784947+00:00","networkType":"Published fiber route; network class not specified","serviceability":"Unconfirmed","routeDiversity":"Unconfirmed","states":["KS"]},"bbox":[-94.9456902452551,38.8175703853038,-94.9456896278317,38.8181298352307]},{"type":"Feature","geometry":{"type":"LineString","coordinates":[[-94.9456896278317,38.8175703853038],[-94.9456904114237,38.8169926356975]]},"properties":{"id":"arcgis-23-2-94452ea05b13d52c","sourceId":"arcgis-23-2","source":"Fiber_BackBone \u2014 Fiber Backbone (Approx 31 Miles)","sourceUrl":"https://services5.arcgis.com/Ox3HYmIeiVBmWWrQ/arcgis/rest/services/Fiber_BackBone/FeatureServer/2","name":"Fiber_BackBone \u2014 Fiber Backbone (Approx 31 Miles)","carrier":"Not published","routeStatus":"Unknown","category":"unknown","evidence":"agency_route","dataDate":null,"metadataModified":"2018-05-02T20:09:15+00:00","retrievedAt":"2026-09-18T02:36:49.784947+00:00","networkType":"Published fiber route; network class not specified","serviceability":"Unconfirmed","routeDiversity":"Unconfirmed","states":["KS"]},"bbox":[-94.9456904114237,38.8169926356975,-94.9456896278317,38.8175703853038]},{"type":"Feature","geometry":{"type":"LineString","coordinates":[[-94.9456904114237,38.8169926356975],[-94.9456946446929,38.8164191520996]]},"properties":{"id":"arcgis-23-2-ce40e00a1b3a2c29","sourceId":"arcgis-23-2","source":"Fiber_BackBone \u2014 Fiber Backbone (Approx 31 Miles)","sourceUrl":"https://services5.arcgis.com/Ox3HYmIeiVBmWWrQ/arcgis/rest/services/Fiber_BackBone/FeatureServer/2","name":"Fiber_BackBone \u2014 Fiber Backbone (Approx 31 Miles)","carrier":"Not published","routeStatus":"Unknown","category":"unknown","evidence":"agency_route","dataDate":null,"metadataModified":"2018-05-02T20:09:15+00:00","retrievedAt":"2026-09-18T02:36:49.784947+00:00","networkType":"Published fiber route; network class not specified","serviceability":"Unconfirmed","routeDiversity":"Unconfirmed","states":["KS"]},"bbox":[-94.9456946446929,38.8164191520996,-94.9456904114237,38.8169926356975]},{"type":"Feature","geometry":{"type":"LineString","coordinates":[[-94.9456973783426,38.8147336521987],[-94.9456964610762,38.81421088561]]},"properties":{"id":"arcgis-23-2-527cad527e8eb869","sourceId":"arcgis-23-2","source":"Fiber_BackBone \u2014 Fiber Backbone (Approx 31 Miles)","sourceUrl":"https://services5.arcgis.com/Ox3HYmIeiVBmWWrQ/arcgis/rest/services/Fiber_BackBone/FeatureServer/2","name":"Fiber_BackBone \u2014 Fiber Backbone (Approx 31 Miles)","carrier":"Not published","routeStatus":"Unknown","category":"unknown","evidence":"agency_route","dataDate":null,"metadataModified":"2018-05-02T20:09:15+00:00","retrievedAt":"2026-09-18T02:36:49.784947+00:00","networkType":"Published fiber route; network class not specified","serviceability":"Unconfirmed","routeDiversity":"Unconfirmed","states":["KS"]},"bbox":[-94.9456973783426,38.81421088561,-94.9456964610762,38.8147336521987]},{"type":"Feature","geometry":{"type":"LineString","coordinates":[[-94.9456964610762,38.81421088561],[-94.9456941447174,38.8136502523668]]},"properties":{"id":"arcgis-23-2-adf963cbeae4f736","sourceId":"arcgis-23-2","source":"Fiber_BackBone \u2014 Fiber Backbone (Approx 31 Miles)","sourceUrl":"https://services5.arcgis.com/Ox3HYmIeiVBmWWrQ/arcgis/rest/services/Fiber_BackBone/FeatureServer/2","name":"Fiber_BackBone \u2014 Fiber Backbone (Approx 31 Miles)","carrier":"Not published","routeStatus":"Unknown","category":"unknown","evidence":"agency_route","dataDate":null,"metadataModified":"2018-05-02T20:09:15+00:00","retrievedAt":"2026-09-18T02:36:49.784947+00:00","networkType":"Published fiber route; network class not specified","serviceability":"Unconfirmed","routeDiversity":"Unconfirmed","states":["KS"]},"bbox":[-94.9456964610762,38.8136502523668,-94.9456941447174,38.81421088561]},{"type":"Feature","geometry":{"type":"LineString","coordinates":[[-94.9456923781839,38.8124592688373],[-94.9456946113912,38.8119107857062]]},"properties":{"id":"arcgis-23-2-dcb5b8ac9dec12d9","sourceId":"arcgis-23-2","source":"Fiber_BackBone \u2014 Fiber Backbone (Approx 31 Miles)","sourceUrl":"https://services5.arcgis.com/Ox3HYmIeiVBmWWrQ/arcgis/rest/services/Fiber_BackBone/FeatureServer/2","name":"Fiber_BackBone \u2014 Fiber Backbone (Approx 31 Miles)","carrier":"Not published","routeStatus":"Unknown","category":"unknown","evidence":"agency_route","dataDate":null,"metadataModified":"2018-05-02T20:09:15+00:00","retrievedAt":"2026-09-18T02:36:49.784947+00:00","networkType":"Published fiber route; network class not specified","serviceability":"Unconfirmed","routeDiversity":"Unconfirmed","states":["KS"]},"bbox":[-94.9456946113912,38.8119107857062,-94.9456923781839,38.8124592688373]},{"type":"Feature","geometry":{"type":"LineString","coordinates":[[-94.9456946113912,38.8119107857062],[-94.9457009591659,38.811425246491]]},"properties":{"id":"arcgis-23-2-af12c5d245235cf0","sourceId":"arcgis-23-2","source":"Fiber_BackBone \u2014 Fiber Backbone (Approx 31 Miles)","sourceUrl":"https://services5.arcgis.com/Ox3HYmIeiVBmWWrQ/arcgis/rest/services/Fiber_BackBone/FeatureServer/2","name":"Fiber_BackBone \u2014 Fiber Backbone (Approx 31 Miles)","carrier":"Not published","routeStatus":"Unknown","category":"unknown","evidence":"agency_route","dataDate":null,"metadataModified":"2018-05-02T20:09:15+00:00","retrievedAt":"2026-09-18T02:36:49.784947+00:00","networkType":"Published fiber route; network class not specified","serviceability":"Unconfirmed","routeDiversity":"Unconfirmed","states":["KS"]},"bbox":[-94.9457009591659,38.811425246491,-94.9456946113912,38.8119107857062]},{"type":"Feature","geometry":{"type":"LineString","coordinates":[[-94.9457935063524,38.8190225138715],[-94.9457951026442,38.819479385839]]},"properties":{"id":"arcgis-23-2-3f5aaf41b1cb155e","sourceId":"arcgis-23-2","source":"Fiber_BackBone \u2014 Fiber Backbone (Approx 31 Miles)","sourceUrl":"https://services5.arcgis.com/Ox3HYmIeiVBmWWrQ/arcgis/rest/services/Fiber_BackBone/FeatureServer/2","name":"Fiber_BackBone \u2014 Fiber Backbone (Approx 31 Miles)","carrier":"Not published","routeStatus":"Unknown","category":"unknown","evidence":"agency_route","dataDate":null,"metadataModified":"2018-05-02T20:09:15+00:00","retrievedAt":"2026-09-18T02:36:49.784947+00:00","networkType":"Published fiber route; network class not specified","serviceability":"Unconfirmed","routeDiversity":"Unconfirmed","states":["KS"]},"bbox":[-94.9457951026442,38.8190225138715,-94.9457935063524,38.819479385839]},{"type":"Feature","geometry":{"type":"LineString","coordinates":[[-94.9457951026442,38.819479385839],[-94.9457875449366,38.8199485518651]]},"properties":{"id":"arcgis-23-2-4f63b90f76bd5cdb","sourceId":"arcgis-23-2","source":"Fiber_BackBone \u2014 Fiber Backbone (Approx 31 Miles)","sourceUrl":"https://services5.arcgis.com/Ox3HYmIeiVBmWWrQ/arcgis/rest/services/Fiber_BackBone/FeatureServer/2","name":"Fiber_BackBone \u2014 Fiber Backbone (Approx 31 Miles)","carrier":"Not published","routeStatus":"Unknown","category":"unknown","evidence":"agency_route","dataDate":null,"metadataModified":"2018-05-02T20:09:15+00:00","retrievedAt":"2026-09-18T02:36:49.784947+00:00","networkType":"Published fiber route; network class not specified","serviceability":"Unconfirmed","routeDiversity":"Unconfirmed","states":["KS"]},"bbox":[-94.9457951026442,38.819479385839,-94.9457875449366,38.8199485518651]},{"type":"Feature","geometry":{"type":"LineString","coordinates":[[-94.9457875449366,38.8199485518651],[-94.9457871952105,38.8204121026771]]},"properties":{"id":"arcgis-23-2-65b316f2508ef21f","sourceId":"arcgis-23-2","source":"Fiber_BackBone \u2014 Fiber Backbone (Approx 31 Miles)","sourceUrl":"https://services5.arcgis.com/Ox3HYmIeiVBmWWrQ/arcgis/rest/services/Fiber_BackBone/FeatureServer/2","name":"Fiber_BackBone \u2014 Fiber Backbone (Approx 31 Miles)","carrier":"Not published","routeStatus":"Unknown","category":"unknown","evidence":"agency_route","dataDate":null,"metadataModified":"2018-05-02T20:09:15+00:00","retrievedAt":"2026-09-18T02:36:49.784947+00:00","networkType":"Published fiber route; network class not specified","serviceability":"Unconfirmed","routeDiversity":"Unconfirmed","states":["KS"]},"bbox":[-94.9457875449366,38.8199485518651,-94.9457871952105,38.8204121026771]},{"type":"Feature","geometry":{"type":"LineString","coordinates":[[-94.9457871952105,38.8204121026771],[-94.9457851953221,38.8208849026307]]},"properties":{"id":"arcgis-23-2-aebc3bdf90460389","sourceId":"arcgis-23-2","source":"Fiber_BackBone \u2014 Fiber Backbone (Approx 31 Miles)","sourceUrl":"https://services5.arcgis.com/Ox3HYmIeiVBmWWrQ/arcgis/rest/services/Fiber_BackBone/FeatureServer/2","name":"Fiber_BackBone \u2014 Fiber Backbone (Approx 31 Miles)","carrier":"Not published","routeStatus":"Unknown","category":"unknown","evidence":"agency_route","dataDate":null,"metadataModified":"2018-05-02T20:09:15+00:00","retrievedAt":"2026-09-18T02:36:49.784947+00:00","networkType":"Published fiber route; network class not specified","serviceability":"Unconfirmed","routeDiversity":"Unconfirmed","states":["KS"]},"bbox":[-94.9457871952105,38.8204121026771,-94.9457851953221,38.8208849026307]},{"type":"Feature","geometry":{"type":"LineString","coordinates":[[-94.9457851953221,38.8208849026307],[-94.9457937777969,38.8213522854929]]},"properties":{"id":"arcgis-23-2-dac27fda7ae452d9","sourceId":"arcgis-23-2","source":"Fiber_BackBone \u2014 Fiber Backbone (Approx 31 Miles)","sourceUrl":"https://services5.arcgis.com/Ox3HYmIeiVBmWWrQ/arcgis/rest/services/Fiber_BackBone/FeatureServer/2","name":"Fiber_BackBone \u2014 Fiber Backbone (Approx 31 Miles)","carrier":"Not published","routeStatus":"Unknown","category":"unknown","evidence":"agency_route","dataDate":null,"metadataModified":"2018-05-02T20:09:15+00:00","retrievedAt":"2026-09-18T02:36:49.784947+00:00","networkType":"Published fiber route; network class not specified","serviceability":"Unconfirmed","routeDiversity":"Unconfirmed","states":["KS"]},"bbox":[-94.9457937777969,38.8208849026307,-94.9457851953221,38.8213522854929]},{"type":"Feature","geometry":{"type":"LineString","coordinates":[[-94.9457937777969,38.8213522854929],[-94.9457927872696,38.8218176580753]]},"properties":{"id":"arcgis-23-2-9519933c453b7871","sourceId":"arcgis-23-2","source":"Fiber_BackBone \u2014 Fiber Backbone (Approx 31 Miles)","sourceUrl":"https://services5.arcgis.com/Ox3HYmIeiVBmWWrQ/arcgis/rest/services/Fiber_BackBone/FeatureServer/2","name":"Fiber_BackBone \u2014 Fiber Backbone (Approx 31 Miles)","carrier":"Not published","routeStatus":"Unknown","category":"unknown","evidence":"agency_route","dataDate":null,"metadataModified":"2018-05-02T20:09:15+00:00","retrievedAt":"2026-09-18T02:36:49.784947+00:00","networkType":"Published fiber route; network class not specified","serviceability":"Unconfirmed","routeDiversity":"Unconfirmed","states":["KS"]},"bbox":[-94.9457937777969,38.8213522854929,-94.9457927872696,38.8218176580753]},{"type":"Feature","geometry":{"type":"LineString","coordinates":[[-94.9457927872696,38.8218176580753],[-94.9457968114312,38.8222894858339]]},"properties":{"id":"arcgis-23-2-11034e223c051940","sourceId":"arcgis-23-2","source":"Fiber_BackBone \u2014 Fiber Backbone (Approx 31 Miles)","sourceUrl":"https://services5.arcgis.com/Ox3HYmIeiVBmWWrQ/arcgis/rest/services/Fiber_BackBone/FeatureServer/2","name":"Fiber_BackBone \u2014 Fiber Backbone (Approx 31 Miles)","carrier":"Not published","routeStatus":"Unknown","category":"unknown","evidence":"agency_route","dataDate":null,"metadataModified":"2018-05-02T20:09:15+00:00","retrievedAt":"2026-09-18T02:36:49.784947+00:00","networkType":"Published fiber route; network class not specified","serviceability":"Unconfirmed","routeDiversity":"Unconfirmed","states":["KS"]},"bbox":[-94.9457968114312,38.8218176580753,-94.9457927872696,38.8222894858339]},{"type":"Feature","geometry":{"type":"LineString","coordinates":[[-94.9457968114312,38.8222894858339],[-94.9457879636575,38.8227587430472]]},"properties":{"id":"arcgis-23-2-b2766bf7acf4b30b","sourceId":"arcgis-23-2","source":"Fiber_BackBone \u2014 Fiber Backbone (Approx 31 Miles)","sourceUrl":"https://services5.arcgis.com/Ox3HYmIeiVBmWWrQ/arcgis/rest/services/Fiber_BackBone/FeatureServer/2","name":"Fiber_BackBone \u2014 Fiber Backbone (Approx 31 Miles)","carrier":"Not published","routeStatus":"Unknown","category":"unknown","evidence":"agency_route","dataDate":null,"metadataModified":"2018-05-02T20:09:15+00:00","retrievedAt":"2026-09-18T02:36:49.784947+00:00","networkType":"Published fiber route; network class not specified","serviceability":"Unconfirmed","routeDiversity":"Unconfirmed","states":["KS"]},"bbox":[-94.9457968114312,38.8222894858339,-94.9457879636575,38.8227587430472]},{"type":"Feature","geometry":{"type":"LineString","coordinates":[[-94.9457879636575,38.8227587430472],[-94.9457916136256,38.8232235927332]]},"properties":{"id":"arcgis-23-2-9febb1879d81c435","sourceId":"arcgis-23-2","source":"Fiber_BackBone \u2014 Fiber Backbone (Approx 31 Miles)","sourceUrl":"https://services5.arcgis.com/Ox3HYmIeiVBmWWrQ/arcgis/rest/services/Fiber_BackBone/FeatureServer/2","name":"Fiber_BackBone \u2014 Fiber Backbone (Approx 31 Miles)","carrier":"Not published","routeStatus":"Unknown","category":"unknown","evidence":"agency_route","dataDate":null,"metadataModified":"2018-05-02T20:09:15+00:00","retrievedAt":"2026-09-18T02:36:49.784947+00:00","networkType":"Published fiber route; network class not specified","serviceability":"Unconfirmed","routeDiversity":"Unconfirmed","states":["KS"]},"bbox":[-94.9457916136256,38.8227587430472,-94.9457879636575,38.8232235927332]},{"type":"Feature","geometry":{"type":"LineString","coordinates":[[-94.9457916136256,38.8232235927332],[-94.9457871862749,38.8236859677818]]},"properties":{"id":"arcgis-23-2-0d9826fc728fd440","sourceId":"arcgis-23-2","source":"Fiber_BackBone \u2014 Fiber Backbone (Approx 31 Miles)","sourceUrl":"https://services5.arcgis.com/Ox3HYmIeiVBmWWrQ/arcgis/rest/services/Fiber_BackBone/FeatureServer/2","name":"Fiber_BackBone \u2014 Fiber Backbone (Approx 31 Miles)","carrier":"Not published","routeStatus":"Unknown","category":"unknown","evidence":"agency_route","dataDate":null,"metadataModified":"2018-05-02T20:09:15+00:00","retrievedAt":"2026-09-18T02:36:49.784947+00:00","networkType":"Published fiber route; network class not specified","serviceability":"Unconfirmed","routeDiversity":"Unconfirmed","states":["KS"]},"bbox":[-94.9457916136256,38.8232235927332,-94.9457871862749,38.8236859677818]},{"type":"Feature","geometry":{"type":"LineString","coordinates":[[-94.9457871862749,38.8236859677818],[-94.9457914807853,38.8241450109717]]},"properties":{"id":"arcgis-23-2-17e4327cdf0d5391","sourceId":"arcgis-23-2","source":"Fiber_BackBone \u2014 Fiber Backbone (Approx 31 Miles)","sourceUrl":"https://services5.arcgis.com/Ox3HYmIeiVBmWWrQ/arcgis/rest/services/Fiber_BackBone/FeatureServer/2","name":"Fiber_BackBone \u2014 Fiber Backbone (Approx 31 Miles)","carrier":"Not published","routeStatus":"Unknown","category":"unknown","evidence":"agency_route","dataDate":null,"metadataModified":"2018-05-02T20:09:15+00:00","retrievedAt":"2026-09-18T02:36:49.784947+00:00","networkType":"Published fiber route; network class not specified","serviceability":"Unconfirmed","routeDiversity":"Unconfirmed","states":["KS"]},"bbox":[-94.9457914807853,38.8236859677818,-94.9457871862749,38.8241450109717]},{"type":"Feature","geometry":{"type":"LineString","coordinates":[[-94.9457914807853,38.8241450109717],[-94.9457909452301,38.8246215521626]]},"properties":{"id":"arcgis-23-2-c6049f9b116303a3","sourceId":"arcgis-23-2","source":"Fiber_BackBone \u2014 Fiber Backbone (Approx 31 Miles)","sourceUrl":"https://services5.arcgis.com/Ox3HYmIeiVBmWWrQ/arcgis/rest/services/Fiber_BackBone/FeatureServer/2","name":"Fiber_BackBone \u2014 Fiber Backbone (Approx 31 Miles)","carrier":"Not published","routeStatus":"Unknown","category":"unknown","evidence":"agency_route","dataDate":null,"metadataModified":"2018-05-02T20:09:15+00:00","retrievedAt":"2026-09-18T02:36:49.784947+00:00","networkType":"Published fiber route; network class not specified","serviceability":"Unconfirmed","routeDiversity":"Unconfirmed","states":["KS"]},"bbox":[-94.9457914807853,38.8241450109717,-94.9457909452301,38.8246215521626]},{"type":"Feature","geometry":{"type":"LineString","coordinates":[[-94.9457909452301,38.8246215521626],[-94.94578923221,38.8250844666162]]},"properties":{"id":"arcgis-23-2-77675023fa39e3cf","sourceId":"arcgis-23-2","source":"Fiber_BackBone \u2014 Fiber Backbone (Approx 31 Miles)","sourceUrl":"https://services5.arcgis.com/Ox3HYmIeiVBmWWrQ/arcgis/rest/services/Fiber_BackBone/FeatureServer/2","name":"Fiber_BackBone \u2014 Fiber Backbone (Approx 31 Miles)","carrier":"Not published","routeStatus":"Unknown","category":"unknown","evidence":"agency_route","dataDate":null,"metadataModified":"2018-05-02T20:09:15+00:00","retrievedAt":"2026-09-18T02:36:49.784947+00:00","networkType":"Published fiber route; network class not specified","serviceability":"Unconfirmed","routeDiversity":"Unconfirmed","states":["KS"]},"bbox":[-94.9457909452301,38.8246215521626,-94.94578923221,38.8250844666162]},{"type":"Feature","geometry":{"type":"LineString","coordinates":[[-94.94578923221,38.8250844666162],[-94.945785882257,38.8255526340679]]},"properties":{"id":"arcgis-23-2-ab619d32216fcb7a","sourceId":"arcgis-23-2","source":"Fiber_BackBone \u2014 Fiber Backbone (Approx 31 Miles)","sourceUrl":"https://services5.arcgis.com/Ox3HYmIeiVBmWWrQ/arcgis/rest/services/Fiber_BackBone/FeatureServer/2","name":"Fiber_BackBone \u2014 Fiber Backbone (Approx 31 Miles)","carrier":"Not published","routeStatus":"Unknown","category":"unknown","evidence":"agency_route","dataDate":null,"metadataModified":"2018-05-02T20:09:15+00:00","retrievedAt":"2026-09-18T02:36:49.784947+00:00","networkType":"Published fiber route; network class not specified","serviceability":"Unconfirmed","routeDiversity":"Unconfirmed","states":["KS"]},"bbox":[-94.94578923221,38.8250844666162,-94.945785882257,38.8255526340679]},{"type":"Feature","geometry":{"type":"LineString","coordinates":[[-94.9457924775265,38.8292813148681],[-94.9457911395554,38.829750652085]]},"properties":{"id":"arcgis-23-2-255e1e24808a7505","sourceId":"arcgis-23-2","source":"Fiber_BackBone \u2014 Fiber Backbone (Approx 31 Miles)","sourceUrl":"https://services5.arcgis.com/Ox3HYmIeiVBmWWrQ/arcgis/rest/services/Fiber_BackBone/FeatureServer/2","name":"Fiber_BackBone \u2014 Fiber Backbone (Approx 31 Miles)","carrier":"Not published","routeStatus":"Unknown","category":"unknown","evidence":"agency_route","dataDate":null,"metadataModified":"2018-05-02T20:09:15+00:00","retrievedAt":"2026-09-18T02:36:49.784947+00:00","networkType":"Published fiber route; network class not specified","serviceability":"Unconfirmed","routeDiversity":"Unconfirmed","states":["KS"]},"bbox":[-94.9457924775265,38.8292813148681,-94.9457911395554,38.829750652085]},{"type":"Feature","geometry":{"type":"LineString","coordinates":[[-94.9457911395554,38.829750652085],[-94.9457924113433,38.8302114189289]]},"properties":{"id":"arcgis-23-2-9c308cefa162b098","sourceId":"arcgis-23-2","source":"Fiber_BackBone \u2014 Fiber Backbone (Approx 31 Miles)","sourceUrl":"https://services5.arcgis.com/Ox3HYmIeiVBmWWrQ/arcgis/rest/services/Fiber_BackBone/FeatureServer/2","name":"Fiber_BackBone \u2014 Fiber Backbone (Approx 31 Miles)","carrier":"Not published","routeStatus":"Unknown","category":"unknown","evidence":"agency_route","dataDate":null,"metadataModified":"2018-05-02T20:09:15+00:00","retrievedAt":"2026-09-18T02:36:49.784947+00:00","networkType":"Published fiber route; network class not specified","serviceability":"Unconfirmed","routeDiversity":"Unconfirmed","states":["KS"]},"bbox":[-94.9457924113433,38.829750652085,-94.9457911395554,38.8302114189289]},{"type":"Feature","geometry":{"type":"LineString","coordinates":[[-94.9457924113433,38.8302114189289],[-94.945802428787,38.830672596837]]},"properties":{"id":"arcgis-23-2-1a9d9e96a9d2ec39","sourceId":"arcgis-23-2","source":"Fiber_BackBone \u2014 Fiber Backbone (Approx 31 Miles)","sourceUrl":"https://services5.arcgis.com/Ox3HYmIeiVBmWWrQ/arcgis/rest/services/Fiber_BackBone/FeatureServer/2","name":"Fiber_BackBone \u2014 Fiber Backbone (Approx 31 Miles)","carrier":"Not published","routeStatus":"Unknown","category":"unknown","evidence":"agency_route","dataDate":null,"metadataModified":"2018-05-02T20:09:15+00:00","retrievedAt":"2026-09-18T02:36:49.784947+00:00","networkType":"Published fiber route; network class not specified","serviceability":"Unconfirmed","routeDiversity":"Unconfirmed","states":["KS"]},"bbox":[-94.945802428787,38.8302114189289,-94.9457924113433,38.830672596837]},{"type":"Feature","geometry":{"type":"LineString","coordinates":[[-94.945802428787,38.830672596837],[-94.9457958993817,38.8311536404799]]},"properties":{"id":"arcgis-23-2-86f76027a28a7191","sourceId":"arcgis-23-2","source":"Fiber_BackBone \u2014 Fiber Backbone (Approx 31 Miles)","sourceUrl":"https://services5.arcgis.com/Ox3HYmIeiVBmWWrQ/arcgis/rest/services/Fiber_BackBone/FeatureServer/2","name":"Fiber_BackBone \u2014 Fiber Backbone (Approx 31 Miles)","carrier":"Not published","routeStatus":"Unknown","category":"unknown","evidence":"agency_route","dataDate":null,"metadataModified":"2018-05-02T20:09:15+00:00","retrievedAt":"2026-09-18T02:36:49.784947+00:00","networkType":"Published fiber route; network class not specified","serviceability":"Unconfirmed","routeDiversity":"Unconfirmed","states":["KS"]},"bbox":[-94.945802428787,38.830672596837,-94.9457958993817,38.8311536404799]},{"type":"Feature","geometry":{"type":"LineString","coordinates":[[-94.9457958993817,38.8311536404799],[-94.9457972132202,38.8316221958857]]},"properties":{"id":"arcgis-23-2-2861b5323c098b1d","sourceId":"arcgis-23-2","source":"Fiber_BackBone \u2014 Fiber Backbone (Approx 31 Miles)","sourceUrl":"https://services5.arcgis.com/Ox3HYmIeiVBmWWrQ/arcgis/rest/services/Fiber_BackBone/FeatureServer/2","name":"Fiber_BackBone \u2014 Fiber Backbone (Approx 31 Miles)","carrier":"Not published","routeStatus":"Unknown","category":"unknown","evidence":"agency_route","dataDate":null,"metadataModified":"2018-05-02T20:09:15+00:00","retrievedAt":"2026-09-18T02:36:49.784947+00:00","networkType":"Published fiber route; network class not specified","serviceability":"Unconfirmed","routeDiversity":"Unconfirmed","states":["KS"]},"bbox":[-94.9457972132202,38.8311536404799,-94.9457958993817,38.8316221958857]},{"type":"Feature","geometry":{"type":"LineString","coordinates":[[-94.9457972132202,38.8316221958857],[-94.9457981001717,38.8320870238359]]},"properties":{"id":"arcgis-23-2-b54ccb3f83b7fba9","sourceId":"arcgis-23-2","source":"Fiber_BackBone \u2014 Fiber Backbone (Approx 31 Miles)","sourceUrl":"https://services5.arcgis.com/Ox3HYmIeiVBmWWrQ/arcgis/rest/services/Fiber_BackBone/FeatureServer/2","name":"Fiber_BackBone \u2014 Fiber Backbone (Approx 31 Miles)","carrier":"Not published","routeStatus":"Unknown","category":"unknown","evidence":"agency_route","dataDate":null,"metadataModified":"2018-05-02T20:09:15+00:00","retrievedAt":"2026-09-18T02:36:49.784947+00:00","networkType":"Published fiber route; network class not specified","serviceability":"Unconfirmed","routeDiversity":"Unconfirmed","states":["KS"]},"bbox":[-94.9457981001717,38.8316221958857,-94.9457972132202,38.8320870238359]},{"type":"Feature","geometry":{"type":"LineString","coordinates":[[-94.9457981001717,38.8320870238359],[-94.9457997113125,38.8325604686647]]},"properties":{"id":"arcgis-23-2-0084e6d6c1bc0b03","sourceId":"arcgis-23-2","source":"Fiber_BackBone \u2014 Fiber Backbone (Approx 31 Miles)","sourceUrl":"https://services5.arcgis.com/Ox3HYmIeiVBmWWrQ/arcgis/rest/services/Fiber_BackBone/FeatureServer/2","name":"Fiber_BackBone \u2014 Fiber Backbone (Approx 31 Miles)","carrier":"Not published","routeStatus":"Unknown","category":"unknown","evidence":"agency_route","dataDate":null,"metadataModified":"2018-05-02T20:09:15+00:00","retrievedAt":"2026-09-18T02:36:49.784947+00:00","networkType":"Published fiber route; network class not specified","serviceability":"Unconfirmed","routeDiversity":"Unconfirmed","states":["KS"]},"bbox":[-94.9457997113125,38.8320870238359,-94.9457981001717,38.8325604686647]},{"type":"Feature","geometry":{"type":"LineString","coordinates":[[-94.9458048781287,38.83301680185],[-94.9457946374308,38.8334882664269]]},"properties":{"id":"arcgis-23-2-94cfd85ffd48fa8b","sourceId":"arcgis-23-2","source":"Fiber_BackBone \u2014 Fiber Backbone (Approx 31 Miles)","sourceUrl":"https://services5.arcgis.com/Ox3HYmIeiVBmWWrQ/arcgis/rest/services/Fiber_BackBone/FeatureServer/2","name":"Fiber_BackBone \u2014 Fiber Backbone (Approx 31 Miles)","carrier":"Not published","routeStatus":"Unknown","category":"unknown","evidence":"agency_route","dataDate":null,"metadataModified":"2018-05-02T20:09:15+00:00","retrievedAt":"2026-09-18T02:36:49.784947+00:00","networkType":"Published fiber route; network class not specified","serviceability":"Unconfirmed","routeDiversity":"Unconfirmed","states":["KS"]},"bbox":[-94.9458048781287,38.83301680185,-94.9457946374308,38.8334882664269]},{"type":"Feature","geometry":{"type":"LineString","coordinates":[[-94.9457946374308,38.8334882664269],[-94.945800361607,38.8339498185741]]},"properties":{"id":"arcgis-23-2-f1921de9190b4c88","sourceId":"arcgis-23-2","source":"Fiber_BackBone \u2014 Fiber Backbone (Approx 31 Miles)","sourceUrl":"https://services5.arcgis.com/Ox3HYmIeiVBmWWrQ/arcgis/rest/services/Fiber_BackBone/FeatureServer/2","name":"Fiber_BackBone \u2014 Fiber Backbone (Approx 31 Miles)","carrier":"Not published","routeStatus":"Unknown","category":"unknown","evidence":"agency_route","dataDate":null,"metadataModified":"2018-05-02T20:09:15+00:00","retrievedAt":"2026-09-18T02:36:49.784947+00:00","networkType":"Published fiber route; network class not specified","serviceability":"Unconfirmed","routeDiversity":"Unconfirmed","states":["KS"]},"bbox":[-94.945800361607,38.8334882664269,-94.9457946374308,38.8339498185741]},{"type":"Feature","geometry":{"type":"LineString","coordinates":[[-94.945800361607,38.8339498185741],[-94.9458026946107,38.8344224522872]]},"properties":{"id":"arcgis-23-2-8dae9ed386ef8287","sourceId":"arcgis-23-2","source":"Fiber_BackBone \u2014 Fiber Backbone (Approx 31 Miles)","sourceUrl":"https://services5.arcgis.com/Ox3HYmIeiVBmWWrQ/arcgis/rest/services/Fiber_BackBone/FeatureServer/2","name":"Fiber_BackBone \u2014 Fiber Backbone (Approx 31 Miles)","carrier":"Not published","routeStatus":"Unknown","category":"unknown","evidence":"agency_route","dataDate":null,"metadataModified":"2018-05-02T20:09:15+00:00","retrievedAt":"2026-09-18T02:36:49.784947+00:00","networkType":"Published fiber route; network class not specified","serviceability":"Unconfirmed","routeDiversity":"Unconfirmed","states":["KS"]},"bbox":[-94.9458026946107,38.8339498185741,-94.945800361607,38.8344224522872]},{"type":"Feature","geometry":{"type":"LineString","coordinates":[[-94.9458026946107,38.8344224522872],[-94.9457993120061,38.8348938526607]]},"properties":{"id":"arcgis-23-2-2ee770088e9f507b","sourceId":"arcgis-23-2","source":"Fiber_BackBone \u2014 Fiber Backbone (Approx 31 Miles)","sourceUrl":"https://services5.arcgis.com/Ox3HYmIeiVBmWWrQ/arcgis/rest/services/Fiber_BackBone/FeatureServer/2","name":"Fiber_BackBone \u2014 Fiber Backbone (Approx 31 Miles)","carrier":"Not published","routeStatus":"Unknown","category":"unknown","evidence":"agency_route","dataDate":null,"metadataModified":"2018-05-02T20:09:15+00:00","retrievedAt":"2026-09-18T02:36:49.784947+00:00","networkType":"Published fiber route; network class not specified","serviceability":"Unconfirmed","routeDiversity":"Unconfirmed","states":["KS"]},"bbox":[-94.9458026946107,38.8344224522872,-94.9457993120061,38.8348938526607]},{"type":"Feature","geometry":{"type":"LineString","coordinates":[[-94.9457993120061,38.8348938526607],[-94.945798711227,38.8353534189806]]},"properties":{"id":"arcgis-23-2-6e53620a5ee41fd3","sourceId":"arcgis-23-2","source":"Fiber_BackBone \u2014 Fiber Backbone (Approx 31 Miles)","sourceUrl":"https://services5.arcgis.com/Ox3HYmIeiVBmWWrQ/arcgis/rest/services/Fiber_BackBone/FeatureServer/2","name":"Fiber_BackBone \u2014 Fiber Backbone (Approx 31 Miles)","carrier":"Not published","routeStatus":"Unknown","category":"unknown","evidence":"agency_route","dataDate":null,"metadataModified":"2018-05-02T20:09:15+00:00","retrievedAt":"2026-09-18T02:36:49.784947+00:00","networkType":"Published fiber route; network class not specified","serviceability":"Unconfirmed","routeDiversity":"Unconfirmed","states":["KS"]},"bbox":[-94.9457993120061,38.8348938526607,-94.945798711227,38.8353534189806]},{"type":"Feature","geometry":{"type":"LineString","coordinates":[[-94.945798711227,38.8353534189806],[-94.9458002451372,38.8358608192621]]},"properties":{"id":"arcgis-23-2-645a3a364459d6ed","sourceId":"arcgis-23-2","source":"Fiber_BackBone \u2014 Fiber Backbone (Approx 31 Miles)","sourceUrl":"https://services5.arcgis.com/Ox3HYmIeiVBmWWrQ/arcgis/rest/services/Fiber_BackBone/FeatureServer/2","name":"Fiber_BackBone \u2014 Fiber Backbone (Approx 31 Miles)","carrier":"Not published","routeStatus":"Unknown","category":"unknown","evidence":"agency_route","dataDate":null,"metadataModified":"2018-05-02T20:09:15+00:00","retrievedAt":"2026-09-18T02:36:49.784947+00:00","networkType":"Published fiber route; network class not specified","serviceability":"Unconfirmed","routeDiversity":"Unconfirmed","states":["KS"]},"bbox":[-94.9458002451372,38.8353534189806,-94.945798711227,38.8358608192621]},{"type":"Feature","geometry":{"type":"LineString","coordinates":[[-94.9458002281596,38.8362877521343],[-94.9458072944917,38.8367546358407]]},"properties":{"id":"arcgis-23-2-3784419e7d7a38b8","sourceId":"arcgis-23-2","source":"Fiber_BackBone \u2014 Fiber Backbone (Approx 31 Miles)","sourceUrl":"https://services5.arcgis.com/Ox3HYmIeiVBmWWrQ/arcgis/rest/services/Fiber_BackBone/FeatureServer/2","name":"Fiber_BackBone \u2014 Fiber Backbone (Approx 31 Miles)","carrier":"Not published","routeStatus":"Unknown","category":"unknown","evidence":"agency_route","dataDate":null,"metadataModified":"2018-05-02T20:09:15+00:00","retrievedAt":"2026-09-18T02:36:49.784947+00:00","networkType":"Published fiber route; network class not specified","serviceability":"Unconfirmed","routeDiversity":"Unconfirmed","states":["KS"]},"bbox":[-94.9458072944917,38.8362877521343,-94.9458002281596,38.8367546358407]},{"type":"Feature","geometry":{"type":"LineString","coordinates":[[-94.9066529121356,38.8072805354777],[-94.9059908619466,38.8072792024043]]},"properties":{"id":"arcgis-23-2-6eb8fe78a8d028ff","sourceId":"arcgis-23-2","source":"Fiber_BackBone \u2014 Fiber Backbone (Approx 31 Miles)","sourceUrl":"https://services5.arcgis.com/Ox3HYmIeiVBmWWrQ/arcgis/rest/services/Fiber_BackBone/FeatureServer/2","name":"Fiber_BackBone \u2014 Fiber Backbone (Approx 31 Miles)","carrier":"Not published","routeStatus":"Unknown","category":"unknown","evidence":"agency_route","dataDate":null,"metadataModified":"2018-05-02T20:09:15+00:00","retrievedAt":"2026-09-18T02:36:49.784947+00:00","networkType":"Published fiber route; network class not specified","serviceability":"Unconfirmed","routeDiversity":"Unconfirmed","states":["KS"]},"bbox":[-94.9066529121356,38.8072792024043,-94.9059908619466,38.8072805354777]},{"type":"Feature","geometry":{"type":"LineString","coordinates":[[-94.9458072944917,38.8367546358407],[-94.9458048953366,38.837215686021]]},"properties":{"id":"arcgis-23-2-62de24e5da6e4c1b","sourceId":"arcgis-23-2","source":"Fiber_BackBone \u2014 Fiber Backbone (Approx 31 Miles)","sourceUrl":"https://services5.arcgis.com/Ox3HYmIeiVBmWWrQ/arcgis/rest/services/Fiber_BackBone/FeatureServer/2","name":"Fiber_BackBone \u2014 Fiber Backbone (Approx 31 Miles)","carrier":"Not published","routeStatus":"Unknown","category":"unknown","evidence":"agency_route","dataDate":null,"metadataModified":"2018-05-02T20:09:15+00:00","retrievedAt":"2026-09-18T02:36:49.784947+00:00","networkType":"Published fiber route; network class not specified","serviceability":"Unconfirmed","routeDiversity":"Unconfirmed","states":["KS"]},"bbox":[-94.9458072944917,38.8367546358407,-94.9458048953366,38.837215686021]},{"type":"Feature","geometry":{"type":"LineString","coordinates":[[-94.9458048953366,38.837215686021],[-94.9458085617963,38.8377003686577]]},"properties":{"id":"arcgis-23-2-92fd1081dfd90b90","sourceId":"arcgis-23-2","source":"Fiber_BackBone \u2014 Fiber Backbone (Approx 31 Miles)","sourceUrl":"https://services5.arcgis.com/Ox3HYmIeiVBmWWrQ/arcgis/rest/services/Fiber_BackBone/FeatureServer/2","name":"Fiber_BackBone \u2014 Fiber Backbone (Approx 31 Miles)","carrier":"Not published","routeStatus":"Unknown","category":"unknown","evidence":"agency_route","dataDate":null,"metadataModified":"2018-05-02T20:09:15+00:00","retrievedAt":"2026-09-18T02:36:49.784947+00:00","networkType":"Published fiber route; network class not specified","serviceability":"Unconfirmed","routeDiversity":"Unconfirmed","states":["KS"]},"bbox":[-94.9458085617963,38.837215686021,-94.9458048953366,38.8377003686577]},{"type":"Feature","geometry":{"type":"LineString","coordinates":[[-94.9458103618956,38.8381568021604],[-94.9458132950029,38.8386225023671]]},"properties":{"id":"arcgis-23-2-35d8329657f54a4c","sourceId":"arcgis-23-2","source":"Fiber_BackBone \u2014 Fiber Backbone (Approx 31 Miles)","sourceUrl":"https://services5.arcgis.com/Ox3HYmIeiVBmWWrQ/arcgis/rest/services/Fiber_BackBone/FeatureServer/2","name":"Fiber_BackBone \u2014 Fiber Backbone (Approx 31 Miles)","carrier":"Not published","routeStatus":"Unknown","category":"unknown","evidence":"agency_route","dataDate":null,"metadataModified":"2018-05-02T20:09:15+00:00","retrievedAt":"2026-09-18T02:36:49.784947+00:00","networkType":"Published fiber route; network class not specified","serviceability":"Unconfirmed","routeDiversity":"Unconfirmed","states":["KS"]},"bbox":[-94.9458132950029,38.8381568021604,-94.9458103618956,38.8386225023671]},{"type":"Feature","geometry":{"type":"LineString","coordinates":[[-94.9458132950029,38.8386225023671],[-94.9458145950394,38.8390868687665]]},"properties":{"id":"arcgis-23-2-df0716162dde40bc","sourceId":"arcgis-23-2","source":"Fiber_BackBone \u2014 Fiber Backbone (Approx 31 Miles)","sourceUrl":"https://services5.arcgis.com/Ox3HYmIeiVBmWWrQ/arcgis/rest/services/Fiber_BackBone/FeatureServer/2","name":"Fiber_BackBone \u2014 Fiber Backbone (Approx 31 Miles)","carrier":"Not published","routeStatus":"Unknown","category":"unknown","evidence":"agency_route","dataDate":null,"metadataModified":"2018-05-02T20:09:15+00:00","retrievedAt":"2026-09-18T02:36:49.784947+00:00","networkType":"Published fiber route; network class not specified","serviceability":"Unconfirmed","routeDiversity":"Unconfirmed","states":["KS"]},"bbox":[-94.9458145950394,38.8386225023671,-94.9458132950029,38.8390868687665]},{"type":"Feature","geometry":{"type":"LineString","coordinates":[[-94.9458145950394,38.8390868687665],[-94.945822395462,38.8395858185124]]},"properties":{"id":"arcgis-23-2-541f133e0c1bf8eb","sourceId":"arcgis-23-2","source":"Fiber_BackBone \u2014 Fiber Backbone (Approx 31 Miles)","sourceUrl":"https://services5.arcgis.com/Ox3HYmIeiVBmWWrQ/arcgis/rest/services/Fiber_BackBone/FeatureServer/2","name":"Fiber_BackBone \u2014 Fiber Backbone (Approx 31 Miles)","carrier":"Not published","routeStatus":"Unknown","category":"unknown","evidence":"agency_route","dataDate":null,"metadataModified":"2018-05-02T20:09:15+00:00","retrievedAt":"2026-09-18T02:36:49.784947+00:00","networkType":"Published fiber route; network class not specified","serviceability":"Unconfirmed","routeDiversity":"Unconfirmed","states":["KS"]},"bbox":[-94.945822395462,38.8390868687665,-94.9458145950394,38.8395858185124]},{"type":"Feature","geometry":{"type":"LineString","coordinates":[[-94.9461314121776,38.8400582727987],[-94.9467236783117,38.84005935608]]},"properties":{"id":"arcgis-23-2-c2b42b56d19d38af","sourceId":"arcgis-23-2","source":"Fiber_BackBone \u2014 Fiber Backbone (Approx 31 Miles)","sourceUrl":"https://services5.arcgis.com/Ox3HYmIeiVBmWWrQ/arcgis/rest/services/Fiber_BackBone/FeatureServer/2","name":"Fiber_BackBone \u2014 Fiber Backbone (Approx 31 Miles)","carrier":"Not published","routeStatus":"Unknown","category":"unknown","evidence":"agency_route","dataDate":null,"metadataModified":"2018-05-02T20:09:15+00:00","retrievedAt":"2026-09-18T02:36:49.784947+00:00","networkType":"Published fiber route; network class not specified","serviceability":"Unconfirmed","routeDiversity":"Unconfirmed","states":["KS"]},"bbox":[-94.9467236783117,38.8400582727987,-94.9461314121776,38.84005935608]},{"type":"Feature","geometry":{"type":"LineString","coordinates":[[-94.9134952455139,38.8056896194453],[-94.9134896953034,38.8052227687806]]},"properties":{"id":"arcgis-23-2-69bf6572fcd42e9e","sourceId":"arcgis-23-2","source":"Fiber_BackBone \u2014 Fiber Backbone (Approx 31 Miles)","sourceUrl":"https://services5.arcgis.com/Ox3HYmIeiVBmWWrQ/arcgis/rest/services/Fiber_BackBone/FeatureServer/2","name":"Fiber_BackBone \u2014 Fiber Backbone (Approx 31 Miles)","carrier":"Not published","routeStatus":"Unknown","category":"unknown","evidence":"agency_route","dataDate":null,"metadataModified":"2018-05-02T20:09:15+00:00","retrievedAt":"2026-09-18T02:36:49.784947+00:00","networkType":"Published fiber route; network class not specified","serviceability":"Unconfirmed","routeDiversity":"Unconfirmed","states":["KS"]},"bbox":[-94.9134952455139,38.8052227687806,-94.9134896953034,38.8056896194453]},{"type":"Feature","geometry":{"type":"LineString","coordinates":[[-94.9134888953078,38.8047931187969],[-94.913486261972,38.8043166691414]]},"properties":{"id":"arcgis-23-2-dd32df22742a7e7e","sourceId":"arcgis-23-2","source":"Fiber_BackBone \u2014 Fiber Backbone (Approx 31 Miles)","sourceUrl":"https://services5.arcgis.com/Ox3HYmIeiVBmWWrQ/arcgis/rest/services/Fiber_BackBone/FeatureServer/2","name":"Fiber_BackBone \u2014 Fiber Backbone (Approx 31 Miles)","carrier":"Not published","routeStatus":"Unknown","category":"unknown","evidence":"agency_route","dataDate":null,"metadataModified":"2018-05-02T20:09:15+00:00","retrievedAt":"2026-09-18T02:36:49.784947+00:00","networkType":"Published fiber route; network class not specified","serviceability":"Unconfirmed","routeDiversity":"Unconfirmed","states":["KS"]},"bbox":[-94.9134888953078,38.8043166691414,-94.913486261972,38.8047931187969]},{"type":"Feature","geometry":{"type":"LineString","coordinates":[[-94.9112348612733,38.8107107024152],[-94.9105488459291,38.8108282644513]]},"properties":{"id":"arcgis-23-2-2a7fa57db8d8796e","sourceId":"arcgis-23-2","source":"Fiber_BackBone \u2014 Fiber Backbone (Approx 31 Miles)","sourceUrl":"https://services5.arcgis.com/Ox3HYmIeiVBmWWrQ/arcgis/rest/services/Fiber_BackBone/FeatureServer/2","name":"Fiber_BackBone \u2014 Fiber Backbone (Approx 31 Miles)","carrier":"Not published","routeStatus":"Unknown","category":"unknown","evidence":"agency_route","dataDate":null,"metadataModified":"2018-05-02T20:09:15+00:00","retrievedAt":"2026-09-18T02:36:49.784947+00:00","networkType":"Published fiber route; network class not specified","serviceability":"Unconfirmed","routeDiversity":"Unconfirmed","states":["KS"]},"bbox":[-94.9112348612733,38.8107107024152,-94.9105488459291,38.8108282644513]},{"type":"Feature","geometry":{"type":"LineString","coordinates":[[-94.9128056969868,38.8062704498258],[-94.9121852248886,38.8062682523828]]},"properties":{"id":"arcgis-23-2-7a4e789652d70684","sourceId":"arcgis-23-2","source":"Fiber_BackBone \u2014 Fiber Backbone (Approx 31 Miles)","sourceUrl":"https://services5.arcgis.com/Ox3HYmIeiVBmWWrQ/arcgis/rest/services/Fiber_BackBone/FeatureServer/2","name":"Fiber_BackBone \u2014 Fiber Backbone (Approx 31 Miles)","carrier":"Not published","routeStatus":"Unknown","category":"unknown","evidence":"agency_route","dataDate":null,"metadataModified":"2018-05-02T20:09:15+00:00","retrievedAt":"2026-09-18T02:36:49.784947+00:00","networkType":"Published fiber route; network class not specified","serviceability":"Unconfirmed","routeDiversity":"Unconfirmed","states":["KS"]},"bbox":[-94.9128056969868,38.8062682523828,-94.9121852248886,38.8062704498258]},{"type":"Feature","geometry":{"type":"LineString","coordinates":[[-94.9121852248886,38.8062682523828],[-94.9115731312011,38.8062689495661]]},"properties":{"id":"arcgis-23-2-75d897878c65c93b","sourceId":"arcgis-23-2","source":"Fiber_BackBone \u2014 Fiber Backbone (Approx 31 Miles)","sourceUrl":"https://services5.arcgis.com/Ox3HYmIeiVBmWWrQ/arcgis/rest/services/Fiber_BackBone/FeatureServer/2","name":"Fiber_BackBone \u2014 Fiber Backbone (Approx 31 Miles)","carrier":"Not published","routeStatus":"Unknown","category":"unknown","evidence":"agency_route","dataDate":null,"metadataModified":"2018-05-02T20:09:15+00:00","retrievedAt":"2026-09-18T02:36:49.784947+00:00","networkType":"Published fiber route; network class not specified","serviceability":"Unconfirmed","routeDiversity":"Unconfirmed","states":["KS"]},"bbox":[-94.9121852248886,38.8062682523828,-94.9115731312011,38.8062689495661]},{"type":"Feature","geometry":{"type":"LineString","coordinates":[[-94.9115731312011,38.8062689495661],[-94.9109615137346,38.8062612331901]]},"properties":{"id":"arcgis-23-2-f2265200aff13ad8","sourceId":"arcgis-23-2","source":"Fiber_BackBone \u2014 Fiber Backbone (Approx 31 Miles)","sourceUrl":"https://services5.arcgis.com/Ox3HYmIeiVBmWWrQ/arcgis/rest/services/Fiber_BackBone/FeatureServer/2","name":"Fiber_BackBone \u2014 Fiber Backbone (Approx 31 Miles)","carrier":"Not published","routeStatus":"Unknown","category":"unknown","evidence":"agency_route","dataDate":null,"metadataModified":"2018-05-02T20:09:15+00:00","retrievedAt":"2026-09-18T02:36:49.784947+00:00","networkType":"Published fiber route; network class not specified","serviceability":"Unconfirmed","routeDiversity":"Unconfirmed","states":["KS"]},"bbox":[-94.9115731312011,38.8062612331901,-94.9109615137346,38.8062689495661]},{"type":"Feature","geometry":{"type":"LineString","coordinates":[[-94.9109615137346,38.8062612331901],[-94.9103472912334,38.8062539244209]]},"properties":{"id":"arcgis-23-2-5f5665e8ac950858","sourceId":"arcgis-23-2","source":"Fiber_BackBone \u2014 Fiber Backbone (Approx 31 Miles)","sourceUrl":"https://services5.arcgis.com/Ox3HYmIeiVBmWWrQ/arcgis/rest/services/Fiber_BackBone/FeatureServer/2","name":"Fiber_BackBone \u2014 Fiber Backbone (Approx 31 Miles)","carrier":"Not published","routeStatus":"Unknown","category":"unknown","evidence":"agency_route","dataDate":null,"metadataModified":"2018-05-02T20:09:15+00:00","retrievedAt":"2026-09-18T02:36:49.784947+00:00","networkType":"Published fiber route; network class not specified","serviceability":"Unconfirmed","routeDiversity":"Unconfirmed","states":["KS"]},"bbox":[-94.9109615137346,38.8062539244209,-94.9103472912334,38.8062612331901]},{"type":"Feature","geometry":{"type":"LineString","coordinates":[[-94.9103472912334,38.8062539244209],[-94.9097426117709,38.806250935963]]},"properties":{"id":"arcgis-23-2-0e2287ec49f27f42","sourceId":"arcgis-23-2","source":"Fiber_BackBone \u2014 Fiber Backbone (Approx 31 Miles)","sourceUrl":"https://services5.arcgis.com/Ox3HYmIeiVBmWWrQ/arcgis/rest/services/Fiber_BackBone/FeatureServer/2","name":"Fiber_BackBone \u2014 Fiber Backbone (Approx 31 Miles)","carrier":"Not published","routeStatus":"Unknown","category":"unknown","evidence":"agency_route","dataDate":null,"metadataModified":"2018-05-02T20:09:15+00:00","retrievedAt":"2026-09-18T02:36:49.784947+00:00","networkType":"Published fiber route; network class not specified","serviceability":"Unconfirmed","routeDiversity":"Unconfirmed","states":["KS"]},"bbox":[-94.9103472912334,38.806250935963,-94.9097426117709,38.8062539244209]},{"type":"Feature","geometry":{"type":"LineString","coordinates":[[-94.9059908619466,38.8072792024043],[-94.9053342787632,38.8072838020167]]},"properties":{"id":"arcgis-23-2-a2670723901f3121","sourceId":"arcgis-23-2","source":"Fiber_BackBone \u2014 Fiber Backbone (Approx 31 Miles)","sourceUrl":"https://services5.arcgis.com/Ox3HYmIeiVBmWWrQ/arcgis/rest/services/Fiber_BackBone/FeatureServer/2","name":"Fiber_BackBone \u2014 Fiber Backbone (Approx 31 Miles)","carrier":"Not published","routeStatus":"Unknown","category":"unknown","evidence":"agency_route","dataDate":null,"metadataModified":"2018-05-02T20:09:15+00:00","retrievedAt":"2026-09-18T02:36:49.784947+00:00","networkType":"Published fiber route; network class not specified","serviceability":"Unconfirmed","routeDiversity":"Unconfirmed","states":["KS"]},"bbox":[-94.9059908619466,38.8072792024043,-94.9053342787632,38.8072838020167]},{"type":"Feature","geometry":{"type":"LineString","coordinates":[[-94.9053342787632,38.8072838020167],[-94.9046836121841,38.8072792191883]]},"properties":{"id":"arcgis-23-2-9112c57e54dbf98a","sourceId":"arcgis-23-2","source":"Fiber_BackBone \u2014 Fiber Backbone (Approx 31 Miles)","sourceUrl":"https://services5.arcgis.com/Ox3HYmIeiVBmWWrQ/arcgis/rest/services/Fiber_BackBone/FeatureServer/2","name":"Fiber_BackBone \u2014 Fiber Backbone (Approx 31 Miles)","carrier":"Not published","routeStatus":"Unknown","category":"unknown","evidence":"agency_route","dataDate":null,"metadataModified":"2018-05-02T20:09:15+00:00","retrievedAt":"2026-09-18T02:36:49.784947+00:00","networkType":"Published fiber route; network class not specified","serviceability":"Unconfirmed","routeDiversity":"Unconfirmed","states":["KS"]},"bbox":[-94.9053342787632,38.8072792191883,-94.9046836121841,38.8072838020167]},{"type":"Feature","geometry":{"type":"LineString","coordinates":[[-94.9046836121841,38.8072792191883],[-94.9039964454806,38.8072812857826]]},"properties":{"id":"arcgis-23-2-b0038c9c4945e4f0","sourceId":"arcgis-23-2","source":"Fiber_BackBone \u2014 Fiber Backbone (Approx 31 Miles)","sourceUrl":"https://services5.arcgis.com/Ox3HYmIeiVBmWWrQ/arcgis/rest/services/Fiber_BackBone/FeatureServer/2","name":"Fiber_BackBone \u2014 Fiber Backbone (Approx 31 Miles)","carrier":"Not published","routeStatus":"Unknown","category":"unknown","evidence":"agency_route","dataDate":null,"metadataModified":"2018-05-02T20:09:15+00:00","retrievedAt":"2026-09-18T02:36:49.784947+00:00","networkType":"Published fiber route; network class not specified","serviceability":"Unconfirmed","routeDiversity":"Unconfirmed","states":["KS"]},"bbox":[-94.9046836121841,38.8072792191883,-94.9039964454806,38.8072812857826]},{"type":"Feature","geometry":{"type":"LineString","coordinates":[[-94.9039964454806,38.8072812857826],[-94.9033246170296,38.8072903828426]]},"properties":{"id":"arcgis-23-2-0e3c1e00cc25d557","sourceId":"arcgis-23-2","source":"Fiber_BackBone \u2014 Fiber Backbone (Approx 31 Miles)","sourceUrl":"https://services5.arcgis.com/Ox3HYmIeiVBmWWrQ/arcgis/rest/services/Fiber_BackBone/FeatureServer/2","name":"Fiber_BackBone \u2014 Fiber Backbone (Approx 31 Miles)","carrier":"Not published","routeStatus":"Unknown","category":"unknown","evidence":"agency_route","dataDate":null,"metadataModified":"2018-05-02T20:09:15+00:00","retrievedAt":"2026-09-18T02:36:49.784947+00:00","networkType":"Published fiber route; network class not specified","serviceability":"Unconfirmed","routeDiversity":"Unconfirmed","states":["KS"]},"bbox":[-94.9039964454806,38.8072812857826,-94.9033246170296,38.8072903828426]},{"type":"Feature","geometry":{"type":"LineString","coordinates":[[-94.9033246170296,38.8072903828426],[-94.9026706281485,38.8072922191905]]},"properties":{"id":"arcgis-23-2-eb087cf9cbed8ad7","sourceId":"arcgis-23-2","source":"Fiber_BackBone \u2014 Fiber Backbone (Approx 31 Miles)","sourceUrl":"https://services5.arcgis.com/Ox3HYmIeiVBmWWrQ/arcgis/rest/services/Fiber_BackBone/FeatureServer/2","name":"Fiber_BackBone \u2014 Fiber Backbone (Approx 31 Miles)","carrier":"Not published","routeStatus":"Unknown","category":"unknown","evidence":"agency_route","dataDate":null,"metadataModified":"2018-05-02T20:09:15+00:00","retrievedAt":"2026-09-18T02:36:49.784947+00:00","networkType":"Published fiber route; network class not specified","serviceability":"Unconfirmed","routeDiversity":"Unconfirmed","states":["KS"]},"bbox":[-94.9033246170296,38.8072903828426,-94.9026706281485,38.8072922191905]},{"type":"Feature","geometry":{"type":"LineString","coordinates":[[-94.9026706281485,38.8072922191905],[-94.902010725149,38.8072917329481]]},"properties":{"id":"arcgis-23-2-a238a16cd682252a","sourceId":"arcgis-23-2","source":"Fiber_BackBone \u2014 Fiber Backbone (Approx 31 Miles)","sourceUrl":"https://services5.arcgis.com/Ox3HYmIeiVBmWWrQ/arcgis/rest/services/Fiber_BackBone/FeatureServer/2","name":"Fiber_BackBone \u2014 Fiber Backbone (Approx 31 Miles)","carrier":"Not published","routeStatus":"Unknown","category":"unknown","evidence":"agency_route","dataDate":null,"metadataModified":"2018-05-02T20:09:15+00:00","retrievedAt":"2026-09-18T02:36:49.784947+00:00","networkType":"Published fiber route; network class not specified","serviceability":"Unconfirmed","routeDiversity":"Unconfirmed","states":["KS"]},"bbox":[-94.9026706281485,38.8072917329481,-94.902010725149,38.8072922191905]},{"type":"Feature","geometry":{"type":"LineString","coordinates":[[-94.902010725149,38.8072917329481],[-94.9013404113706,38.8072941521526]]},"properties":{"id":"arcgis-23-2-8a952eeebf19328c","sourceId":"arcgis-23-2","source":"Fiber_BackBone \u2014 Fiber Backbone (Approx 31 Miles)","sourceUrl":"https://services5.arcgis.com/Ox3HYmIeiVBmWWrQ/arcgis/rest/services/Fiber_BackBone/FeatureServer/2","name":"Fiber_BackBone \u2014 Fiber Backbone (Approx 31 Miles)","carrier":"Not published","routeStatus":"Unknown","category":"unknown","evidence":"agency_route","dataDate":null,"metadataModified":"2018-05-02T20:09:15+00:00","retrievedAt":"2026-09-18T02:36:49.784947+00:00","networkType":"Published fiber route; network class not specified","serviceability":"Unconfirmed","routeDiversity":"Unconfirmed","states":["KS"]},"bbox":[-94.902010725149,38.8072917329481,-94.9013404113706,38.8072941521526]},{"type":"Feature","geometry":{"type":"LineString","coordinates":[[-94.9013404113706,38.8072941521526],[-94.9006820960218,38.807293125801]]},"properties":{"id":"arcgis-23-2-e796373804c29cba","sourceId":"arcgis-23-2","source":"Fiber_BackBone \u2014 Fiber Backbone (Approx 31 Miles)","sourceUrl":"https://services5.arcgis.com/Ox3HYmIeiVBmWWrQ/arcgis/rest/services/Fiber_BackBone/FeatureServer/2","name":"Fiber_BackBone \u2014 Fiber Backbone (Approx 31 Miles)","carrier":"Not published","routeStatus":"Unknown","category":"unknown","evidence":"agency_route","dataDate":null,"metadataModified":"2018-05-02T20:09:15+00:00","retrievedAt":"2026-09-18T02:36:49.784947+00:00","networkType":"Published fiber route; network class not specified","serviceability":"Unconfirmed","routeDiversity":"Unconfirmed","states":["KS"]},"bbox":[-94.9013404113706,38.807293125801,-94.9006820960218,38.8072941521526]},{"type":"Feature","geometry":{"type":"LineString","coordinates":[[-94.9006820960218,38.807293125801],[-94.9000077235835,38.8072956484841]]},"properties":{"id":"arcgis-23-2-e315e518e473be9b","sourceId":"arcgis-23-2","source":"Fiber_BackBone \u2014 Fiber Backbone (Approx 31 Miles)","sourceUrl":"https://services5.arcgis.com/Ox3HYmIeiVBmWWrQ/arcgis/rest/services/Fiber_BackBone/FeatureServer/2","name":"Fiber_BackBone \u2014 Fiber Backbone (Approx 31 Miles)","carrier":"Not published","routeStatus":"Unknown","category":"unknown","evidence":"agency_route","dataDate":null,"metadataModified":"2018-05-02T20:09:15+00:00","retrievedAt":"2026-09-18T02:36:49.784947+00:00","networkType":"Published fiber route; network class not specified","serviceability":"Unconfirmed","routeDiversity":"Unconfirmed","states":["KS"]},"bbox":[-94.9006820960218,38.807293125801,-94.9000077235835,38.8072956484841]},{"type":"Feature","geometry":{"type":"LineString","coordinates":[[-94.9644360710933,38.8336780624724],[-94.9644250284007,38.834180585598]]},"properties":{"id":"arcgis-23-2-d024998d3ce3a7cf","sourceId":"arcgis-23-2","source":"Fiber_BackBone \u2014 Fiber Backbone (Approx 31 Miles)","sourceUrl":"https://services5.arcgis.com/Ox3HYmIeiVBmWWrQ/arcgis/rest/services/Fiber_BackBone/FeatureServer/2","name":"Fiber_BackBone \u2014 Fiber Backbone (Approx 31 Miles)","carrier":"Not published","routeStatus":"Unknown","category":"unknown","evidence":"agency_route","dataDate":null,"metadataModified":"2018-05-02T20:09:15+00:00","retrievedAt":"2026-09-18T02:36:49.784947+00:00","networkType":"Published fiber route; network class not specified","serviceability":"Unconfirmed","routeDiversity":"Unconfirmed","states":["KS"]},"bbox":[-94.9644360710933,38.8336780624724,-94.9644250284007,38.834180585598]},{"type":"Feature","geometry":{"type":"LineString","coordinates":[[-94.9587246729993,38.8401570785144],[-94.9581403569232,38.8401584125361]]},"properties":{"id":"arcgis-23-2-7ca34ab6c1048fc5","sourceId":"arcgis-23-2","source":"Fiber_BackBone \u2014 Fiber Backbone (Approx 31 Miles)","sourceUrl":"https://services5.arcgis.com/Ox3HYmIeiVBmWWrQ/arcgis/rest/services/Fiber_BackBone/FeatureServer/2","name":"Fiber_BackBone \u2014 Fiber Backbone (Approx 31 Miles)","carrier":"Not published","routeStatus":"Unknown","category":"unknown","evidence":"agency_route","dataDate":null,"metadataModified":"2018-05-02T20:09:15+00:00","retrievedAt":"2026-09-18T02:36:49.784947+00:00","networkType":"Published fiber route; network class not specified","serviceability":"Unconfirmed","routeDiversity":"Unconfirmed","states":["KS"]},"bbox":[-94.9587246729993,38.8401570785144,-94.9581403569232,38.8401584125361]},{"type":"Feature","geometry":{"type":"LineString","coordinates":[[-94.9581403569232,38.8401584125361],[-94.9575197951862,38.8401619022236]]},"properties":{"id":"arcgis-23-2-26975cb22e2ed029","sourceId":"arcgis-23-2","source":"Fiber_BackBone \u2014 Fiber Backbone (Approx 31 Miles)","sourceUrl":"https://services5.arcgis.com/Ox3HYmIeiVBmWWrQ/arcgis/rest/services/Fiber_BackBone/FeatureServer/2","name":"Fiber_BackBone \u2014 Fiber Backbone (Approx 31 Miles)","carrier":"Not published","routeStatus":"Unknown","category":"unknown","evidence":"agency_route","dataDate":null,"metadataModified":"2018-05-02T20:09:15+00:00","retrievedAt":"2026-09-18T02:36:49.784947+00:00","networkType":"Published fiber route; network class not specified","serviceability":"Unconfirmed","routeDiversity":"Unconfirmed","states":["KS"]},"bbox":[-94.9581403569232,38.8401584125361,-94.9575197951862,38.8401619022236]},{"type":"Feature","geometry":{"type":"LineString","coordinates":[[-94.9562530287207,38.840152985624],[-94.9556606170564,38.8401507845733]]},"properties":{"id":"arcgis-23-2-49e862187dbc2d50","sourceId":"arcgis-23-2","source":"Fiber_BackBone \u2014 Fiber Backbone (Approx 31 Miles)","sourceUrl":"https://services5.arcgis.com/Ox3HYmIeiVBmWWrQ/arcgis/rest/services/Fiber_BackBone/FeatureServer/2","name":"Fiber_BackBone \u2014 Fiber Backbone (Approx 31 Miles)","carrier":"Not published","routeStatus":"Unknown","category":"unknown","evidence":"agency_route","dataDate":null,"metadataModified":"2018-05-02T20:09:15+00:00","retrievedAt":"2026-09-18T02:36:49.784947+00:00","networkType":"Published fiber route; network class not specified","serviceability":"Unconfirmed","routeDiversity":"Unconfirmed","states":["KS"]},"bbox":[-94.9562530287207,38.8401507845733,-94.9556606170564,38.840152985624]},{"type":"Feature","geometry":{"type":"LineString","coordinates":[[-94.9556606170564,38.8401507845733],[-94.9550722454037,38.8401538189209]]},"properties":{"id":"arcgis-23-2-5b5657fc8850ecd5","sourceId":"arcgis-23-2","source":"Fiber_BackBone \u2014 Fiber Backbone (Approx 31 Miles)","sourceUrl":"https://services5.arcgis.com/Ox3HYmIeiVBmWWrQ/arcgis/rest/services/Fiber_BackBone/FeatureServer/2","name":"Fiber_BackBone \u2014 Fiber Backbone (Approx 31 Miles)","carrier":"Not published","routeStatus":"Unknown","category":"unknown","evidence":"agency_route","dataDate":null,"metadataModified":"2018-05-02T20:09:15+00:00","retrievedAt":"2026-09-18T02:36:49.784947+00:00","networkType":"Published fiber route; network class not specified","serviceability":"Unconfirmed","routeDiversity":"Unconfirmed","states":["KS"]},"bbox":[-94.9556606170564,38.8401507845733,-94.9550722454037,38.8401538189209]},{"type":"Feature","geometry":{"type":"LineString","coordinates":[[-94.9550722454037,38.8401538189209],[-94.9544760117761,38.8401488352262]]},"properties":{"id":"arcgis-23-2-3908ab8e1726de41","sourceId":"arcgis-23-2","source":"Fiber_BackBone \u2014 Fiber Backbone (Approx 31 Miles)","sourceUrl":"https://services5.arcgis.com/Ox3HYmIeiVBmWWrQ/arcgis/rest/services/Fiber_BackBone/FeatureServer/2","name":"Fiber_BackBone \u2014 Fiber Backbone (Approx 31 Miles)","carrier":"Not published","routeStatus":"Unknown","category":"unknown","evidence":"agency_route","dataDate":null,"metadataModified":"2018-05-02T20:09:15+00:00","retrievedAt":"2026-09-18T02:36:49.784947+00:00","networkType":"Published fiber route; network class not specified","serviceability":"Unconfirmed","routeDiversity":"Unconfirmed","states":["KS"]},"bbox":[-94.9550722454037,38.8401488352262,-94.9544760117761,38.8401538189209]},{"type":"Feature","geometry":{"type":"LineString","coordinates":[[-94.9544760117761,38.8401488352262],[-94.9538731613415,38.8401408351424]]},"properties":{"id":"arcgis-23-2-7d09016203c8102a","sourceId":"arcgis-23-2","source":"Fiber_BackBone \u2014 Fiber Backbone (Approx 31 Miles)","sourceUrl":"https://services5.arcgis.com/Ox3HYmIeiVBmWWrQ/arcgis/rest/services/Fiber_BackBone/FeatureServer/2","name":"Fiber_BackBone \u2014 Fiber Backbone (Approx 31 Miles)","carrier":"Not published","routeStatus":"Unknown","category":"unknown","evidence":"agency_route","dataDate":null,"metadataModified":"2018-05-02T20:09:15+00:00","retrievedAt":"2026-09-18T02:36:49.784947+00:00","networkType":"Published fiber route; network class not specified","serviceability":"Unconfirmed","routeDiversity":"Unconfirmed","states":["KS"]},"bbox":[-94.9544760117761,38.8401408351424,-94.9538731613415,38.8401488352262]},{"type":"Feature","geometry":{"type":"LineString","coordinates":[[-94.9538731613415,38.8401408351424],[-94.9532709617919,38.8401274852579]]},"properties":{"id":"arcgis-23-2-5e5aa9da2065cba5","sourceId":"arcgis-23-2","source":"Fiber_BackBone \u2014 Fiber Backbone (Approx 31 Miles)","sourceUrl":"https://services5.arcgis.com/Ox3HYmIeiVBmWWrQ/arcgis/rest/services/Fiber_BackBone/FeatureServer/2","name":"Fiber_BackBone \u2014 Fiber Backbone (Approx 31 Miles)","carrier":"Not published","routeStatus":"Unknown","category":"unknown","evidence":"agency_route","dataDate":null,"metadataModified":"2018-05-02T20:09:15+00:00","retrievedAt":"2026-09-18T02:36:49.784947+00:00","networkType":"Published fiber route; network class not specified","serviceability":"Unconfirmed","routeDiversity":"Unconfirmed","states":["KS"]},"bbox":[-94.9538731613415,38.8401274852579,-94.9532709617919,38.8401408351424]},{"type":"Feature","geometry":{"type":"LineString","coordinates":[[-94.952692162141,38.8401305188185],[-94.9520922787047,38.8401270022657]]},"properties":{"id":"arcgis-23-2-8b935d3ed4a271bb","sourceId":"arcgis-23-2","source":"Fiber_BackBone \u2014 Fiber Backbone (Approx 31 Miles)","sourceUrl":"https://services5.arcgis.com/Ox3HYmIeiVBmWWrQ/arcgis/rest/services/Fiber_BackBone/FeatureServer/2","name":"Fiber_BackBone \u2014 Fiber Backbone (Approx 31 Miles)","carrier":"Not published","routeStatus":"Unknown","category":"unknown","evidence":"agency_route","dataDate":null,"metadataModified":"2018-05-02T20:09:15+00:00","retrievedAt":"2026-09-18T02:36:49.784947+00:00","networkType":"Published fiber route; network class not specified","serviceability":"Unconfirmed","routeDiversity":"Unconfirmed","states":["KS"]},"bbox":[-94.952692162141,38.8401270022657,-94.9520922787047,38.8401305188185]},{"type":"Feature","geometry":{"type":"LineString","coordinates":[[-94.9520922787047,38.8401270022657],[-94.9514997591522,38.8401132157584]]},"properties":{"id":"arcgis-23-2-52aa5cefa7aa5308","sourceId":"arcgis-23-2","source":"Fiber_BackBone \u2014 Fiber Backbone (Approx 31 Miles)","sourceUrl":"https://services5.arcgis.com/Ox3HYmIeiVBmWWrQ/arcgis/rest/services/Fiber_BackBone/FeatureServer/2","name":"Fiber_BackBone \u2014 Fiber Backbone (Approx 31 Miles)","carrier":"Not published","routeStatus":"Unknown","category":"unknown","evidence":"agency_route","dataDate":null,"metadataModified":"2018-05-02T20:09:15+00:00","retrievedAt":"2026-09-18T02:36:49.784947+00:00","networkType":"Published fiber route; network class not specified","serviceability":"Unconfirmed","routeDiversity":"Unconfirmed","states":["KS"]},"bbox":[-94.9520922787047,38.8401132157584,-94.9514997591522,38.8401270022657]},{"type":"Feature","geometry":{"type":"LineString","coordinates":[[-94.9514997591522,38.8401132157584],[-94.9509041579984,38.8401055569779]]},"properties":{"id":"arcgis-23-2-cb4a4d5a66951a61","sourceId":"arcgis-23-2","source":"Fiber_BackBone \u2014 Fiber Backbone (Approx 31 Miles)","sourceUrl":"https://services5.arcgis.com/Ox3HYmIeiVBmWWrQ/arcgis/rest/services/Fiber_BackBone/FeatureServer/2","name":"Fiber_BackBone \u2014 Fiber Backbone (Approx 31 Miles)","carrier":"Not published","routeStatus":"Unknown","category":"unknown","evidence":"agency_route","dataDate":null,"metadataModified":"2018-05-02T20:09:15+00:00","retrievedAt":"2026-09-18T02:36:49.784947+00:00","networkType":"Published fiber route; network class not specified","serviceability":"Unconfirmed","routeDiversity":"Unconfirmed","states":["KS"]},"bbox":[-94.9514997591522,38.8401055569779,-94.9509041579984,38.8401132157584]},{"type":"Feature","geometry":{"type":"LineString","coordinates":[[-94.9509041579984,38.8401055569779],[-94.9503043376815,38.8401088396395]]},"properties":{"id":"arcgis-23-2-7ed5d809f74187c4","sourceId":"arcgis-23-2","source":"Fiber_BackBone \u2014 Fiber Backbone (Approx 31 Miles)","sourceUrl":"https://services5.arcgis.com/Ox3HYmIeiVBmWWrQ/arcgis/rest/services/Fiber_BackBone/FeatureServer/2","name":"Fiber_BackBone \u2014 Fiber Backbone (Approx 31 Miles)","carrier":"Not published","routeStatus":"Unknown","category":"unknown","evidence":"agency_route","dataDate":null,"metadataModified":"2018-05-02T20:09:15+00:00","retrievedAt":"2026-09-18T02:36:49.784947+00:00","networkType":"Published fiber route; network class not specified","serviceability":"Unconfirmed","routeDiversity":"Unconfirmed","states":["KS"]},"bbox":[-94.9509041579984,38.8401055569779,-94.9503043376815,38.8401088396395]},{"type":"Feature","geometry":{"type":"LineString","coordinates":[[-94.9503043376815,38.8401088396395],[-94.9497027446987,38.8401100354787]]},"properties":{"id":"arcgis-23-2-a7d780f836ad029d","sourceId":"arcgis-23-2","source":"Fiber_BackBone \u2014 Fiber Backbone (Approx 31 Miles)","sourceUrl":"https://services5.arcgis.com/Ox3HYmIeiVBmWWrQ/arcgis/rest/services/Fiber_BackBone/FeatureServer/2","name":"Fiber_BackBone \u2014 Fiber Backbone (Approx 31 Miles)","carrier":"Not published","routeStatus":"Unknown","category":"unknown","evidence":"agency_route","dataDate":null,"metadataModified":"2018-05-02T20:09:15+00:00","retrievedAt":"2026-09-18T02:36:49.784947+00:00","networkType":"Published fiber route; network class not specified","serviceability":"Unconfirmed","routeDiversity":"Unconfirmed","states":["KS"]},"bbox":[-94.9503043376815,38.8401088396395,-94.9497027446987,38.8401100354787]},{"type":"Feature","geometry":{"type":"LineString","coordinates":[[-94.9497027446987,38.8401100354787],[-94.949079694561,38.8401054358008]]},"properties":{"id":"arcgis-23-2-334d301ca60240e1","sourceId":"arcgis-23-2","source":"Fiber_BackBone \u2014 Fiber Backbone (Approx 31 Miles)","sourceUrl":"https://services5.arcgis.com/Ox3HYmIeiVBmWWrQ/arcgis/rest/services/Fiber_BackBone/FeatureServer/2","name":"Fiber_BackBone \u2014 Fiber Backbone (Approx 31 Miles)","carrier":"Not published","routeStatus":"Unknown","category":"unknown","evidence":"agency_route","dataDate":null,"metadataModified":"2018-05-02T20:09:15+00:00","retrievedAt":"2026-09-18T02:36:49.784947+00:00","networkType":"Published fiber route; network class not specified","serviceability":"Unconfirmed","routeDiversity":"Unconfirmed","states":["KS"]},"bbox":[-94.9497027446987,38.8401054358008,-94.949079694561,38.8401100354787]},{"type":"Feature","geometry":{"type":"LineString","coordinates":[[-94.9480890613129,38.8400616855729],[-94.9473986117647,38.8400555024339]]},"properties":{"id":"arcgis-23-2-a37a727bed5e656a","sourceId":"arcgis-23-2","source":"Fiber_BackBone \u2014 Fiber Backbone (Approx 31 Miles)","sourceUrl":"https://services5.arcgis.com/Ox3HYmIeiVBmWWrQ/arcgis/rest/services/Fiber_BackBone/FeatureServer/2","name":"Fiber_BackBone \u2014 Fiber Backbone (Approx 31 Miles)","carrier":"Not published","routeStatus":"Unknown","category":"unknown","evidence":"agency_route","dataDate":null,"metadataModified":"2018-05-02T20:09:15+00:00","retrievedAt":"2026-09-18T02:36:49.784947+00:00","networkType":"Published fiber route; network class not specified","serviceability":"Unconfirmed","routeDiversity":"Unconfirmed","states":["KS"]},"bbox":[-94.9480890613129,38.8400555024339,-94.9473986117647,38.8400616855729]},{"type":"Feature","geometry":{"type":"LineString","coordinates":[[-94.9473986117647,38.8400555024339],[-94.9467236783117,38.84005935608]]},"properties":{"id":"arcgis-23-2-4492857f7a4efe48","sourceId":"arcgis-23-2","source":"Fiber_BackBone \u2014 Fiber Backbone (Approx 31 Miles)","sourceUrl":"https://services5.arcgis.com/Ox3HYmIeiVBmWWrQ/arcgis/rest/services/Fiber_BackBone/FeatureServer/2","name":"Fiber_BackBone \u2014 Fiber Backbone (Approx 31 Miles)","carrier":"Not published","routeStatus":"Unknown","category":"unknown","evidence":"agency_route","dataDate":null,"metadataModified":"2018-05-02T20:09:15+00:00","retrievedAt":"2026-09-18T02:36:49.784947+00:00","networkType":"Published fiber route; network class not specified","serviceability":"Unconfirmed","routeDiversity":"Unconfirmed","states":["KS"]},"bbox":[-94.9473986117647,38.8400555024339,-94.9467236783117,38.84005935608]},{"type":"Feature","geometry":{"type":"LineString","coordinates":[[-94.9639712615565,38.8259328685938],[-94.9633696580738,38.8259297506692]]},"properties":{"id":"arcgis-23-2-78f4ba603453212e","sourceId":"arcgis-23-2","source":"Fiber_BackBone \u2014 Fiber Backbone (Approx 31 Miles)","sourceUrl":"https://services5.arcgis.com/Ox3HYmIeiVBmWWrQ/arcgis/rest/services/Fiber_BackBone/FeatureServer/2","name":"Fiber_BackBone \u2014 Fiber Backbone (Approx 31 Miles)","carrier":"Not published","routeStatus":"Unknown","category":"unknown","evidence":"agency_route","dataDate":null,"metadataModified":"2018-05-02T20:09:15+00:00","retrievedAt":"2026-09-18T02:36:49.784947+00:00","networkType":"Published fiber route; network class not specified","serviceability":"Unconfirmed","routeDiversity":"Unconfirmed","states":["KS"]},"bbox":[-94.9639712615565,38.8259297506692,-94.9633696580738,38.8259328685938]},{"type":"Feature","geometry":{"type":"LineString","coordinates":[[-94.9633696580738,38.8259297506692],[-94.9627321454032,38.8259281855996]]},"properties":{"id":"arcgis-23-2-096410cc5757b4f4","sourceId":"arcgis-23-2","source":"Fiber_BackBone \u2014 Fiber Backbone (Approx 31 Miles)","sourceUrl":"https://services5.arcgis.com/Ox3HYmIeiVBmWWrQ/arcgis/rest/services/Fiber_BackBone/FeatureServer/2","name":"Fiber_BackBone \u2014 Fiber Backbone (Approx 31 Miles)","carrier":"Not published","routeStatus":"Unknown","category":"unknown","evidence":"agency_route","dataDate":null,"metadataModified":"2018-05-02T20:09:15+00:00","retrievedAt":"2026-09-18T02:36:49.784947+00:00","networkType":"Published fiber route; network class not specified","serviceability":"Unconfirmed","routeDiversity":"Unconfirmed","states":["KS"]},"bbox":[-94.9633696580738,38.8259281855996,-94.9627321454032,38.8259297506692]},{"type":"Feature","geometry":{"type":"LineString","coordinates":[[-94.9627321454032,38.8259281855996],[-94.9621486119731,38.8259310354794]]},"properties":{"id":"arcgis-23-2-913c3c6e5e0b151f","sourceId":"arcgis-23-2","source":"Fiber_BackBone \u2014 Fiber Backbone (Approx 31 Miles)","sourceUrl":"https://services5.arcgis.com/Ox3HYmIeiVBmWWrQ/arcgis/rest/services/Fiber_BackBone/FeatureServer/2","name":"Fiber_BackBone \u2014 Fiber Backbone (Approx 31 Miles)","carrier":"Not published","routeStatus":"Unknown","category":"unknown","evidence":"agency_route","dataDate":null,"metadataModified":"2018-05-02T20:09:15+00:00","retrievedAt":"2026-09-18T02:36:49.784947+00:00","networkType":"Published fiber route; network class not specified","serviceability":"Unconfirmed","routeDiversity":"Unconfirmed","states":["KS"]},"bbox":[-94.9627321454032,38.8259281855996,-94.9621486119731,38.8259310354794]},{"type":"Feature","geometry":{"type":"LineString","coordinates":[[-94.9613894277974,38.8259238857809],[-94.9606962616019,38.8259220856433]]},"properties":{"id":"arcgis-23-2-ed453911a0710dbe","sourceId":"arcgis-23-2","source":"Fiber_BackBone \u2014 Fiber Backbone (Approx 31 Miles)","sourceUrl":"https://services5.arcgis.com/Ox3HYmIeiVBmWWrQ/arcgis/rest/services/Fiber_BackBone/FeatureServer/2","name":"Fiber_BackBone \u2014 Fiber Backbone (Approx 31 Miles)","carrier":"Not published","routeStatus":"Unknown","category":"unknown","evidence":"agency_route","dataDate":null,"metadataModified":"2018-05-02T20:09:15+00:00","retrievedAt":"2026-09-18T02:36:49.784947+00:00","networkType":"Published fiber route; network class not specified","serviceability":"Unconfirmed","routeDiversity":"Unconfirmed","states":["KS"]},"bbox":[-94.9613894277974,38.8259220856433,-94.9606962616019,38.8259238857809]},{"type":"Feature","geometry":{"type":"LineString","coordinates":[[-94.9586213784955,38.8259152520782],[-94.9579839782707,38.8259115853539]]},"properties":{"id":"arcgis-23-2-06c9596d93174211","sourceId":"arcgis-23-2","source":"Fiber_BackBone \u2014 Fiber Backbone (Approx 31 Miles)","sourceUrl":"https://services5.arcgis.com/Ox3HYmIeiVBmWWrQ/arcgis/rest/services/Fiber_BackBone/FeatureServer/2","name":"Fiber_BackBone \u2014 Fiber Backbone (Approx 31 Miles)","carrier":"Not published","routeStatus":"Unknown","category":"unknown","evidence":"agency_route","dataDate":null,"metadataModified":"2018-05-02T20:09:15+00:00","retrievedAt":"2026-09-18T02:36:49.784947+00:00","networkType":"Published fiber route; network class not specified","serviceability":"Unconfirmed","routeDiversity":"Unconfirmed","states":["KS"]},"bbox":[-94.9586213784955,38.8259115853539,-94.9579839782707,38.8259152520782]},{"type":"Feature","geometry":{"type":"LineString","coordinates":[[-94.9565636454389,38.8258299185976],[-94.9559190284311,38.8258268853073]]},"properties":{"id":"arcgis-23-2-158efecd7e9c8b9d","sourceId":"arcgis-23-2","source":"Fiber_BackBone \u2014 Fiber Backbone (Approx 31 Miles)","sourceUrl":"https://services5.arcgis.com/Ox3HYmIeiVBmWWrQ/arcgis/rest/services/Fiber_BackBone/FeatureServer/2","name":"Fiber_BackBone \u2014 Fiber Backbone (Approx 31 Miles)","carrier":"Not published","routeStatus":"Unknown","category":"unknown","evidence":"agency_route","dataDate":null,"metadataModified":"2018-05-02T20:09:15+00:00","retrievedAt":"2026-09-18T02:36:49.784947+00:00","networkType":"Published fiber route; network class not specified","serviceability":"Unconfirmed","routeDiversity":"Unconfirmed","states":["KS"]},"bbox":[-94.9565636454389,38.8258268853073,-94.9559190284311,38.8258299185976]},{"type":"Feature","geometry":{"type":"LineString","coordinates":[[-94.9559190284311,38.8258268853073],[-94.9552755947264,38.8258227520011]]},"properties":{"id":"arcgis-23-2-f0d274f5683b1666","sourceId":"arcgis-23-2","source":"Fiber_BackBone \u2014 Fiber Backbone (Approx 31 Miles)","sourceUrl":"https://services5.arcgis.com/Ox3HYmIeiVBmWWrQ/arcgis/rest/services/Fiber_BackBone/FeatureServer/2","name":"Fiber_BackBone \u2014 Fiber Backbone (Approx 31 Miles)","carrier":"Not published","routeStatus":"Unknown","category":"unknown","evidence":"agency_route","dataDate":null,"metadataModified":"2018-05-02T20:09:15+00:00","retrievedAt":"2026-09-18T02:36:49.784947+00:00","networkType":"Published fiber route; network class not specified","serviceability":"Unconfirmed","routeDiversity":"Unconfirmed","states":["KS"]},"bbox":[-94.9559190284311,38.8258227520011,-94.9552755947264,38.8258268853073]},{"type":"Feature","geometry":{"type":"LineString","coordinates":[[-94.9544992368447,38.8259129207441],[-94.9538465415738,38.8259159122258]]},"properties":{"id":"arcgis-23-2-0d6ab771526a0fbe","sourceId":"arcgis-23-2","source":"Fiber_BackBone \u2014 Fiber Backbone (Approx 31 Miles)","sourceUrl":"https://services5.arcgis.com/Ox3HYmIeiVBmWWrQ/arcgis/rest/services/Fiber_BackBone/FeatureServer/2","name":"Fiber_BackBone \u2014 Fiber Backbone (Approx 31 Miles)","carrier":"Not published","routeStatus":"Unknown","category":"unknown","evidence":"agency_route","dataDate":null,"metadataModified":"2018-05-02T20:09:15+00:00","retrievedAt":"2026-09-18T02:36:49.784947+00:00","networkType":"Published fiber route; network class not specified","serviceability":"Unconfirmed","routeDiversity":"Unconfirmed","states":["KS"]},"bbox":[-94.9544992368447,38.8259129207441,-94.9538465415738,38.8259159122258]},{"type":"Feature","geometry":{"type":"LineString","coordinates":[[-94.9538465415738,38.8259159122258],[-94.9532474786448,38.825905019293]]},"properties":{"id":"arcgis-23-2-a2e52206b4581039","sourceId":"arcgis-23-2","source":"Fiber_BackBone \u2014 Fiber Backbone (Approx 31 Miles)","sourceUrl":"https://services5.arcgis.com/Ox3HYmIeiVBmWWrQ/arcgis/rest/services/Fiber_BackBone/FeatureServer/2","name":"Fiber_BackBone \u2014 Fiber Backbone (Approx 31 Miles)","carrier":"Not published","routeStatus":"Unknown","category":"unknown","evidence":"agency_route","dataDate":null,"metadataModified":"2018-05-02T20:09:15+00:00","retrievedAt":"2026-09-18T02:36:49.784947+00:00","networkType":"Published fiber route; network class not specified","serviceability":"Unconfirmed","routeDiversity":"Unconfirmed","states":["KS"]},"bbox":[-94.9538465415738,38.825905019293,-94.9532474786448,38.8259159122258]},{"type":"Feature","geometry":{"type":"LineString","coordinates":[[-94.9524496615482,38.8258986856655],[-94.9518253284452,38.8258996356885]]},"properties":{"id":"arcgis-23-2-b609664abb08e61a","sourceId":"arcgis-23-2","source":"Fiber_BackBone \u2014 Fiber Backbone (Approx 31 Miles)","sourceUrl":"https://services5.arcgis.com/Ox3HYmIeiVBmWWrQ/arcgis/rest/services/Fiber_BackBone/FeatureServer/2","name":"Fiber_BackBone \u2014 Fiber Backbone (Approx 31 Miles)","carrier":"Not published","routeStatus":"Unknown","category":"unknown","evidence":"agency_route","dataDate":null,"metadataModified":"2018-05-02T20:09:15+00:00","retrievedAt":"2026-09-18T02:36:49.784947+00:00","networkType":"Published fiber route; network class not specified","serviceability":"Unconfirmed","routeDiversity":"Unconfirmed","states":["KS"]},"bbox":[-94.9524496615482,38.8258986856655,-94.9518253284452,38.8258996356885]},{"type":"Feature","geometry":{"type":"LineString","coordinates":[[-94.9518253284452,38.8258996356885],[-94.9511883111077,38.825900752004]]},"properties":{"id":"arcgis-23-2-c90e9f5b8507fc12","sourceId":"arcgis-23-2","source":"Fiber_BackBone \u2014 Fiber Backbone (Approx 31 Miles)","sourceUrl":"https://services5.arcgis.com/Ox3HYmIeiVBmWWrQ/arcgis/rest/services/Fiber_BackBone/FeatureServer/2","name":"Fiber_BackBone \u2014 Fiber Backbone (Approx 31 Miles)","carrier":"Not published","routeStatus":"Unknown","category":"unknown","evidence":"agency_route","dataDate":null,"metadataModified":"2018-05-02T20:09:15+00:00","retrievedAt":"2026-09-18T02:36:49.784947+00:00","networkType":"Published fiber route; network class not specified","serviceability":"Unconfirmed","routeDiversity":"Unconfirmed","states":["KS"]},"bbox":[-94.9518253284452,38.8258996356885,-94.9511883111077,38.825900752004]},{"type":"Feature","geometry":{"type":"LineString","coordinates":[[-94.9511883111077,38.825900752004],[-94.9504960861772,38.8258104529717]]},"properties":{"id":"arcgis-23-2-834f1ffb4cb9353f","sourceId":"arcgis-23-2","source":"Fiber_BackBone \u2014 Fiber Backbone (Approx 31 Miles)","sourceUrl":"https://services5.arcgis.com/Ox3HYmIeiVBmWWrQ/arcgis/rest/services/Fiber_BackBone/FeatureServer/2","name":"Fiber_BackBone \u2014 Fiber Backbone (Approx 31 Miles)","carrier":"Not published","routeStatus":"Unknown","category":"unknown","evidence":"agency_route","dataDate":null,"metadataModified":"2018-05-02T20:09:15+00:00","retrievedAt":"2026-09-18T02:36:49.784947+00:00","networkType":"Published fiber route; network class not specified","serviceability":"Unconfirmed","routeDiversity":"Unconfirmed","states":["KS"]},"bbox":[-94.9511883111077,38.8258104529717,-94.9504960861772,38.825900752004]},{"type":"Feature","geometry":{"type":"LineString","coordinates":[[-94.9491704612247,38.8258039858327],[-94.9484651618786,38.8258119351895]]},"properties":{"id":"arcgis-23-2-d09126f6e15a72fc","sourceId":"arcgis-23-2","source":"Fiber_BackBone \u2014 Fiber Backbone (Approx 31 Miles)","sourceUrl":"https://services5.arcgis.com/Ox3HYmIeiVBmWWrQ/arcgis/rest/services/Fiber_BackBone/FeatureServer/2","name":"Fiber_BackBone \u2014 Fiber Backbone (Approx 31 Miles)","carrier":"Not published","routeStatus":"Unknown","category":"unknown","evidence":"agency_route","dataDate":null,"metadataModified":"2018-05-02T20:09:15+00:00","retrievedAt":"2026-09-18T02:36:49.784947+00:00","networkType":"Published fiber route; network class not specified","serviceability":"Unconfirmed","routeDiversity":"Unconfirmed","states":["KS"]},"bbox":[-94.9491704612247,38.8258039858327,-94.9484651618786,38.8258119351895]},{"type":"Feature","geometry":{"type":"LineString","coordinates":[[-94.9484651618786,38.8258119351895],[-94.9478239787687,38.825901835577]]},"properties":{"id":"arcgis-23-2-ae5dfcb4f0edf178","sourceId":"arcgis-23-2","source":"Fiber_BackBone \u2014 Fiber Backbone (Approx 31 Miles)","sourceUrl":"https://services5.arcgis.com/Ox3HYmIeiVBmWWrQ/arcgis/rest/services/Fiber_BackBone/FeatureServer/2","name":"Fiber_BackBone \u2014 Fiber Backbone (Approx 31 Miles)","carrier":"Not published","routeStatus":"Unknown","category":"unknown","evidence":"agency_route","dataDate":null,"metadataModified":"2018-05-02T20:09:15+00:00","retrievedAt":"2026-09-18T02:36:49.784947+00:00","networkType":"Published fiber route; network class not specified","serviceability":"Unconfirmed","routeDiversity":"Unconfirmed","states":["KS"]},"bbox":[-94.9484651618786,38.8258119351895,-94.9478239787687,38.825901835577]},{"type":"Feature","geometry":{"type":"LineString","coordinates":[[-94.9470408954036,38.8258940857623],[-94.9463897279986,38.8258904858971]]},"properties":{"id":"arcgis-23-2-b11ac6903c43b5ae","sourceId":"arcgis-23-2","source":"Fiber_BackBone \u2014 Fiber Backbone (Approx 31 Miles)","sourceUrl":"https://services5.arcgis.com/Ox3HYmIeiVBmWWrQ/arcgis/rest/services/Fiber_BackBone/FeatureServer/2","name":"Fiber_BackBone \u2014 Fiber Backbone (Approx 31 Miles)","carrier":"Not published","routeStatus":"Unknown","category":"unknown","evidence":"agency_route","dataDate":null,"metadataModified":"2018-05-02T20:09:15+00:00","retrievedAt":"2026-09-18T02:36:49.784947+00:00","networkType":"Published fiber route; network class not specified","serviceability":"Unconfirmed","routeDiversity":"Unconfirmed","states":["KS"]},"bbox":[-94.9470408954036,38.8258904858971,-94.9463897279986,38.8258940857623]},{"type":"Feature","geometry":{"type":"LineString","coordinates":[[-94.9460563112326,38.8261522022676],[-94.9460595121554,38.826691119314]]},"properties":{"id":"arcgis-23-2-fb91417957f6c686","sourceId":"arcgis-23-2","source":"Fiber_BackBone \u2014 Fiber Backbone (Approx 31 Miles)","sourceUrl":"https://services5.arcgis.com/Ox3HYmIeiVBmWWrQ/arcgis/rest/services/Fiber_BackBone/FeatureServer/2","name":"Fiber_BackBone \u2014 Fiber Backbone (Approx 31 Miles)","carrier":"Not published","routeStatus":"Unknown","category":"unknown","evidence":"agency_route","dataDate":null,"metadataModified":"2018-05-02T20:09:15+00:00","retrievedAt":"2026-09-18T02:36:49.784947+00:00","networkType":"Published fiber route; network class not specified","serviceability":"Unconfirmed","routeDiversity":"Unconfirmed","states":["KS"]},"bbox":[-94.9460595121554,38.8261522022676,-94.9460563112326,38.826691119314]},{"type":"Feature","geometry":{"type":"LineString","coordinates":[[-94.9460595121554,38.826691119314],[-94.9460618277398,38.8271934190213]]},"properties":{"id":"arcgis-23-2-67bdce125d9e1e8d","sourceId":"arcgis-23-2","source":"Fiber_BackBone \u2014 Fiber Backbone (Approx 31 Miles)","sourceUrl":"https://services5.arcgis.com/Ox3HYmIeiVBmWWrQ/arcgis/rest/services/Fiber_BackBone/FeatureServer/2","name":"Fiber_BackBone \u2014 Fiber Backbone (Approx 31 Miles)","carrier":"Not published","routeStatus":"Unknown","category":"unknown","evidence":"agency_route","dataDate":null,"metadataModified":"2018-05-02T20:09:15+00:00","retrievedAt":"2026-09-18T02:36:49.784947+00:00","networkType":"Published fiber route; network class not specified","serviceability":"Unconfirmed","routeDiversity":"Unconfirmed","states":["KS"]},"bbox":[-94.9460618277398,38.826691119314,-94.9460595121554,38.8271934190213]},{"type":"Feature","geometry":{"type":"LineString","coordinates":[[-94.9460618277398,38.8271934190213],[-94.9460624114467,38.8276682023052]]},"properties":{"id":"arcgis-23-2-41f846467a2023e9","sourceId":"arcgis-23-2","source":"Fiber_BackBone \u2014 Fiber Backbone (Approx 31 Miles)","sourceUrl":"https://services5.arcgis.com/Ox3HYmIeiVBmWWrQ/arcgis/rest/services/Fiber_BackBone/FeatureServer/2","name":"Fiber_BackBone \u2014 Fiber Backbone (Approx 31 Miles)","carrier":"Not published","routeStatus":"Unknown","category":"unknown","evidence":"agency_route","dataDate":null,"metadataModified":"2018-05-02T20:09:15+00:00","retrievedAt":"2026-09-18T02:36:49.784947+00:00","networkType":"Published fiber route; network class not specified","serviceability":"Unconfirmed","routeDiversity":"Unconfirmed","states":["KS"]},"bbox":[-94.9460624114467,38.8271934190213,-94.9460618277398,38.8276682023052]},{"type":"Feature","geometry":{"type":"LineString","coordinates":[[-94.9460624114467,38.8276682023052],[-94.9460678455053,38.8281698524065]]},"properties":{"id":"arcgis-23-2-1df834082b1d47a2","sourceId":"arcgis-23-2","source":"Fiber_BackBone \u2014 Fiber Backbone (Approx 31 Miles)","sourceUrl":"https://services5.arcgis.com/Ox3HYmIeiVBmWWrQ/arcgis/rest/services/Fiber_BackBone/FeatureServer/2","name":"Fiber_BackBone \u2014 Fiber Backbone (Approx 31 Miles)","carrier":"Not published","routeStatus":"Unknown","category":"unknown","evidence":"agency_route","dataDate":null,"metadataModified":"2018-05-02T20:09:15+00:00","retrievedAt":"2026-09-18T02:36:49.784947+00:00","networkType":"Published fiber route; network class not specified","serviceability":"Unconfirmed","routeDiversity":"Unconfirmed","states":["KS"]},"bbox":[-94.9460678455053,38.8276682023052,-94.9460624114467,38.8281698524065]},{"type":"Feature","geometry":{"type":"LineString","coordinates":[[-94.9460678455053,38.8281698524065],[-94.9460690009252,38.8286810734619]]},"properties":{"id":"arcgis-23-2-6db0dca815e28373","sourceId":"arcgis-23-2","source":"Fiber_BackBone \u2014 Fiber Backbone (Approx 31 Miles)","sourceUrl":"https://services5.arcgis.com/Ox3HYmIeiVBmWWrQ/arcgis/rest/services/Fiber_BackBone/FeatureServer/2","name":"Fiber_BackBone \u2014 Fiber Backbone (Approx 31 Miles)","carrier":"Not published","routeStatus":"Unknown","category":"unknown","evidence":"agency_route","dataDate":null,"metadataModified":"2018-05-02T20:09:15+00:00","retrievedAt":"2026-09-18T02:36:49.784947+00:00","networkType":"Published fiber route; network class not specified","serviceability":"Unconfirmed","routeDiversity":"Unconfirmed","states":["KS"]},"bbox":[-94.9460690009252,38.8281698524065,-94.9460678455053,38.8286810734619]},{"type":"Feature","geometry":{"type":"LineString","coordinates":[[-94.9460651446291,38.8291822854859],[-94.9460690009252,38.8286810734619]]},"properties":{"id":"arcgis-23-2-d6fdd4ca11e4cf4e","sourceId":"arcgis-23-2","source":"Fiber_BackBone \u2014 Fiber Backbone (Approx 31 Miles)","sourceUrl":"https://services5.arcgis.com/Ox3HYmIeiVBmWWrQ/arcgis/rest/services/Fiber_BackBone/FeatureServer/2","name":"Fiber_BackBone \u2014 Fiber Backbone (Approx 31 Miles)","carrier":"Not published","routeStatus":"Unknown","category":"unknown","evidence":"agency_route","dataDate":null,"metadataModified":"2018-05-02T20:09:15+00:00","retrievedAt":"2026-09-18T02:36:49.784947+00:00","networkType":"Published fiber route; network class not specified","serviceability":"Unconfirmed","routeDiversity":"Unconfirmed","states":["KS"]},"bbox":[-94.9460690009252,38.8286810734619,-94.9460651446291,38.8291822854859]},{"type":"Feature","geometry":{"type":"LineString","coordinates":[[-94.9217375619569,38.8118460025159],[-94.9210533086828,38.8118421821588]]},"properties":{"id":"arcgis-23-2-1a705313c88a5e2c","sourceId":"arcgis-23-2","source":"Fiber_BackBone \u2014 Fiber Backbone (Approx 31 Miles)","sourceUrl":"https://services5.arcgis.com/Ox3HYmIeiVBmWWrQ/arcgis/rest/services/Fiber_BackBone/FeatureServer/2","name":"Fiber_BackBone \u2014 Fiber Backbone (Approx 31 Miles)","carrier":"Not published","routeStatus":"Unknown","category":"unknown","evidence":"agency_route","dataDate":null,"metadataModified":"2018-05-02T20:09:15+00:00","retrievedAt":"2026-09-18T02:36:49.784947+00:00","networkType":"Published fiber route; network class not specified","serviceability":"Unconfirmed","routeDiversity":"Unconfirmed","states":["KS"]},"bbox":[-94.9217375619569,38.8118421821588,-94.9210533086828,38.8118460025159]},{"type":"Feature","geometry":{"type":"LineString","coordinates":[[-94.9149860544102,38.8115406487737],[-94.9144020446917,38.811536269398]]},"properties":{"id":"arcgis-23-2-eba0ff4ca005043b","sourceId":"arcgis-23-2","source":"Fiber_BackBone \u2014 Fiber Backbone (Approx 31 Miles)","sourceUrl":"https://services5.arcgis.com/Ox3HYmIeiVBmWWrQ/arcgis/rest/services/Fiber_BackBone/FeatureServer/2","name":"Fiber_BackBone \u2014 Fiber Backbone (Approx 31 Miles)","carrier":"Not published","routeStatus":"Unknown","category":"unknown","evidence":"agency_route","dataDate":null,"metadataModified":"2018-05-02T20:09:15+00:00","retrievedAt":"2026-09-18T02:36:49.784947+00:00","networkType":"Published fiber route; network class not specified","serviceability":"Unconfirmed","routeDiversity":"Unconfirmed","states":["KS"]},"bbox":[-94.9149860544102,38.811536269398,-94.9144020446917,38.8115406487737]},{"type":"Feature","geometry":{"type":"LineString","coordinates":[[-94.9464456885524,38.8112723232032],[-94.9471453532601,38.8112239698854]]},"properties":{"id":"arcgis-23-2-63fff88308e3d58b","sourceId":"arcgis-23-2","source":"Fiber_BackBone \u2014 Fiber Backbone (Approx 31 Miles)","sourceUrl":"https://services5.arcgis.com/Ox3HYmIeiVBmWWrQ/arcgis/rest/services/Fiber_BackBone/FeatureServer/2","name":"Fiber_BackBone \u2014 Fiber Backbone (Approx 31 Miles)","carrier":"Not published","routeStatus":"Unknown","category":"unknown","evidence":"agency_route","dataDate":null,"metadataModified":"2018-05-02T20:09:15+00:00","retrievedAt":"2026-09-18T02:36:49.784947+00:00","networkType":"Published fiber route; network class not specified","serviceability":"Unconfirmed","routeDiversity":"Unconfirmed","states":["KS"]},"bbox":[-94.9471453532601,38.8112239698854,-94.9464456885524,38.8112723232032]},{"type":"Feature","geometry":{"type":"LineString","coordinates":[[-94.9472254847504,38.811218582509],[-94.947842127689,38.8112184123397]]},"properties":{"id":"arcgis-23-2-6038ce040edd82ce","sourceId":"arcgis-23-2","source":"Fiber_BackBone \u2014 Fiber Backbone (Approx 31 Miles)","sourceUrl":"https://services5.arcgis.com/Ox3HYmIeiVBmWWrQ/arcgis/rest/services/Fiber_BackBone/FeatureServer/2","name":"Fiber_BackBone \u2014 Fiber Backbone (Approx 31 Miles)","carrier":"Not published","routeStatus":"Unknown","category":"unknown","evidence":"agency_route","dataDate":null,"metadataModified":"2018-05-02T20:09:15+00:00","retrievedAt":"2026-09-18T02:36:49.784947+00:00","networkType":"Published fiber route; network class not specified","serviceability":"Unconfirmed","routeDiversity":"Unconfirmed","states":["KS"]},"bbox":[-94.947842127689,38.8112184123397,-94.9472254847504,38.811218582509]},{"type":"Feature","geometry":{"type":"LineString","coordinates":[[-94.9479090251471,38.811224942455],[-94.9485791617572,38.8112378048584]]},"properties":{"id":"arcgis-23-2-4dc276ee6482a927","sourceId":"arcgis-23-2","source":"Fiber_BackBone \u2014 Fiber Backbone (Approx 31 Miles)","sourceUrl":"https://services5.arcgis.com/Ox3HYmIeiVBmWWrQ/arcgis/rest/services/Fiber_BackBone/FeatureServer/2","name":"Fiber_BackBone \u2014 Fiber Backbone (Approx 31 Miles)","carrier":"Not published","routeStatus":"Unknown","category":"unknown","evidence":"agency_route","dataDate":null,"metadataModified":"2018-05-02T20:09:15+00:00","retrievedAt":"2026-09-18T02:36:49.784947+00:00","networkType":"Published fiber route; network class not specified","serviceability":"Unconfirmed","routeDiversity":"Unconfirmed","states":["KS"]},"bbox":[-94.9485791617572,38.811224942455,-94.9479090251471,38.8112378048584]},{"type":"Feature","geometry":{"type":"LineString","coordinates":[[-94.9485791617572,38.8112378048584],[-94.9492818950637,38.8112356721356]]},"properties":{"id":"arcgis-23-2-6a96804b2e920163","sourceId":"arcgis-23-2","source":"Fiber_BackBone \u2014 Fiber Backbone (Approx 31 Miles)","sourceUrl":"https://services5.arcgis.com/Ox3HYmIeiVBmWWrQ/arcgis/rest/services/Fiber_BackBone/FeatureServer/2","name":"Fiber_BackBone \u2014 Fiber Backbone (Approx 31 Miles)","carrier":"Not published","routeStatus":"Unknown","category":"unknown","evidence":"agency_route","dataDate":null,"metadataModified":"2018-05-02T20:09:15+00:00","retrievedAt":"2026-09-18T02:36:49.784947+00:00","networkType":"Published fiber route; network class not specified","serviceability":"Unconfirmed","routeDiversity":"Unconfirmed","states":["KS"]},"bbox":[-94.9492818950637,38.8112356721356,-94.9485791617572,38.8112378048584]},{"type":"Feature","geometry":{"type":"LineString","coordinates":[[-94.9492818950637,38.8112356721356],[-94.9499821945421,38.8112447880648]]},"properties":{"id":"arcgis-23-2-a609ba78cacfbbc5","sourceId":"arcgis-23-2","source":"Fiber_BackBone \u2014 Fiber Backbone (Approx 31 Miles)","sourceUrl":"https://services5.arcgis.com/Ox3HYmIeiVBmWWrQ/arcgis/rest/services/Fiber_BackBone/FeatureServer/2","name":"Fiber_BackBone \u2014 Fiber Backbone (Approx 31 Miles)","carrier":"Not published","routeStatus":"Unknown","category":"unknown","evidence":"agency_route","dataDate":null,"metadataModified":"2018-05-02T20:09:15+00:00","retrievedAt":"2026-09-18T02:36:49.784947+00:00","networkType":"Published fiber route; network class not specified","serviceability":"Unconfirmed","routeDiversity":"Unconfirmed","states":["KS"]},"bbox":[-94.9499821945421,38.8112356721356,-94.9492818950637,38.8112447880648]},{"type":"Feature","geometry":{"type":"LineString","coordinates":[[-94.9505614110936,38.8112470219693],[-94.9512624442806,38.8112615718722]]},"properties":{"id":"arcgis-23-2-f0ac43dd5a6c1069","sourceId":"arcgis-23-2","source":"Fiber_BackBone \u2014 Fiber Backbone (Approx 31 Miles)","sourceUrl":"https://services5.arcgis.com/Ox3HYmIeiVBmWWrQ/arcgis/rest/services/Fiber_BackBone/FeatureServer/2","name":"Fiber_BackBone \u2014 Fiber Backbone (Approx 31 Miles)","carrier":"Not published","routeStatus":"Unknown","category":"unknown","evidence":"agency_route","dataDate":null,"metadataModified":"2018-05-02T20:09:15+00:00","retrievedAt":"2026-09-18T02:36:49.784947+00:00","networkType":"Published fiber route; network class not specified","serviceability":"Unconfirmed","routeDiversity":"Unconfirmed","states":["KS"]},"bbox":[-94.9512624442806,38.8112470219693,-94.9505614110936,38.8112615718722]},{"type":"Feature","geometry":{"type":"LineString","coordinates":[[-94.9512624442806,38.8112615718722],[-94.9519622609401,38.811276338745]]},"properties":{"id":"arcgis-23-2-185a1b09c48f0617","sourceId":"arcgis-23-2","source":"Fiber_BackBone \u2014 Fiber Backbone (Approx 31 Miles)","sourceUrl":"https://services5.arcgis.com/Ox3HYmIeiVBmWWrQ/arcgis/rest/services/Fiber_BackBone/FeatureServer/2","name":"Fiber_BackBone \u2014 Fiber Backbone (Approx 31 Miles)","carrier":"Not published","routeStatus":"Unknown","category":"unknown","evidence":"agency_route","dataDate":null,"metadataModified":"2018-05-02T20:09:15+00:00","retrievedAt":"2026-09-18T02:36:49.784947+00:00","networkType":"Published fiber route; network class not specified","serviceability":"Unconfirmed","routeDiversity":"Unconfirmed","states":["KS"]},"bbox":[-94.9519622609401,38.8112615718722,-94.9512624442806,38.811276338745]},{"type":"Feature","geometry":{"type":"LineString","coordinates":[[-94.9519622609401,38.811276338745],[-94.9526634944955,38.8112866383703]]},"properties":{"id":"arcgis-23-2-5ae74489a96fcd03","sourceId":"arcgis-23-2","source":"Fiber_BackBone \u2014 Fiber Backbone (Approx 31 Miles)","sourceUrl":"https://services5.arcgis.com/Ox3HYmIeiVBmWWrQ/arcgis/rest/services/Fiber_BackBone/FeatureServer/2","name":"Fiber_BackBone \u2014 Fiber Backbone (Approx 31 Miles)","carrier":"Not published","routeStatus":"Unknown","category":"unknown","evidence":"agency_route","dataDate":null,"metadataModified":"2018-05-02T20:09:15+00:00","retrievedAt":"2026-09-18T02:36:49.784947+00:00","networkType":"Published fiber route; network class not specified","serviceability":"Unconfirmed","routeDiversity":"Unconfirmed","states":["KS"]},"bbox":[-94.9526634944955,38.811276338745,-94.9519622609401,38.8112866383703]},{"type":"Feature","geometry":{"type":"LineString","coordinates":[[-94.9526634944955,38.8112866383703],[-94.9533680610716,38.811293905622]]},"properties":{"id":"arcgis-23-2-b1ef8e6ad09daf48","sourceId":"arcgis-23-2","source":"Fiber_BackBone \u2014 Fiber Backbone (Approx 31 Miles)","sourceUrl":"https://services5.arcgis.com/Ox3HYmIeiVBmWWrQ/arcgis/rest/services/Fiber_BackBone/FeatureServer/2","name":"Fiber_BackBone \u2014 Fiber Backbone (Approx 31 Miles)","carrier":"Not published","routeStatus":"Unknown","category":"unknown","evidence":"agency_route","dataDate":null,"metadataModified":"2018-05-02T20:09:15+00:00","retrievedAt":"2026-09-18T02:36:49.784947+00:00","networkType":"Published fiber route; network class not specified","serviceability":"Unconfirmed","routeDiversity":"Unconfirmed","states":["KS"]},"bbox":[-94.9533680610716,38.8112866383703,-94.9526634944955,38.811293905622]},{"type":"Feature","geometry":{"type":"LineString","coordinates":[[-94.9533680610716,38.811293905622],[-94.954067143733,38.8112969222672]]},"properties":{"id":"arcgis-23-2-f3f7faa4980966af","sourceId":"arcgis-23-2","source":"Fiber_BackBone \u2014 Fiber Backbone (Approx 31 Miles)","sourceUrl":"https://services5.arcgis.com/Ox3HYmIeiVBmWWrQ/arcgis/rest/services/Fiber_BackBone/FeatureServer/2","name":"Fiber_BackBone \u2014 Fiber Backbone (Approx 31 Miles)","carrier":"Not published","routeStatus":"Unknown","category":"unknown","evidence":"agency_route","dataDate":null,"metadataModified":"2018-05-02T20:09:15+00:00","retrievedAt":"2026-09-18T02:36:49.784947+00:00","networkType":"Published fiber route; network class not specified","serviceability":"Unconfirmed","routeDiversity":"Unconfirmed","states":["KS"]},"bbox":[-94.954067143733,38.811293905622,-94.9533680610716,38.8112969222672]},{"type":"Feature","geometry":{"type":"LineString","coordinates":[[-94.954067143733,38.8112969222672],[-94.9547654095524,38.8112923555634]]},"properties":{"id":"arcgis-23-2-5ac4837db1838cf0","sourceId":"arcgis-23-2","source":"Fiber_BackBone \u2014 Fiber Backbone (Approx 31 Miles)","sourceUrl":"https://services5.arcgis.com/Ox3HYmIeiVBmWWrQ/arcgis/rest/services/Fiber_BackBone/FeatureServer/2","name":"Fiber_BackBone \u2014 Fiber Backbone (Approx 31 Miles)","carrier":"Not published","routeStatus":"Unknown","category":"unknown","evidence":"agency_route","dataDate":null,"metadataModified":"2018-05-02T20:09:15+00:00","retrievedAt":"2026-09-18T02:36:49.784947+00:00","networkType":"Published fiber route; network class not specified","serviceability":"Unconfirmed","routeDiversity":"Unconfirmed","states":["KS"]},"bbox":[-94.9547654095524,38.8112923555634,-94.954067143733,38.8112969222672]},{"type":"Feature","geometry":{"type":"LineString","coordinates":[[-94.9547654095524,38.8112923555634],[-94.9554690267827,38.8113031560863]]},"properties":{"id":"arcgis-23-2-efb1fb4b9332a196","sourceId":"arcgis-23-2","source":"Fiber_BackBone \u2014 Fiber Backbone (Approx 31 Miles)","sourceUrl":"https://services5.arcgis.com/Ox3HYmIeiVBmWWrQ/arcgis/rest/services/Fiber_BackBone/FeatureServer/2","name":"Fiber_BackBone \u2014 Fiber Backbone (Approx 31 Miles)","carrier":"Not published","routeStatus":"Unknown","category":"unknown","evidence":"agency_route","dataDate":null,"metadataModified":"2018-05-02T20:09:15+00:00","retrievedAt":"2026-09-18T02:36:49.784947+00:00","networkType":"Published fiber route; network class not specified","serviceability":"Unconfirmed","routeDiversity":"Unconfirmed","states":["KS"]},"bbox":[-94.9554690267827,38.8112923555634,-94.9547654095524,38.8113031560863]},{"type":"Feature","geometry":{"type":"LineString","coordinates":[[-94.9554690267827,38.8113031560863],[-94.9561698265178,38.8113064720034]]},"properties":{"id":"arcgis-23-2-2b989dedc90c450a","sourceId":"arcgis-23-2","source":"Fiber_BackBone \u2014 Fiber Backbone (Approx 31 Miles)","sourceUrl":"https://services5.arcgis.com/Ox3HYmIeiVBmWWrQ/arcgis/rest/services/Fiber_BackBone/FeatureServer/2","name":"Fiber_BackBone \u2014 Fiber Backbone (Approx 31 Miles)","carrier":"Not published","routeStatus":"Unknown","category":"unknown","evidence":"agency_route","dataDate":null,"metadataModified":"2018-05-02T20:09:15+00:00","retrievedAt":"2026-09-18T02:36:49.784947+00:00","networkType":"Published fiber route; network class not specified","serviceability":"Unconfirmed","routeDiversity":"Unconfirmed","states":["KS"]},"bbox":[-94.9561698265178,38.8113031560863,-94.9554690267827,38.8113064720034]},{"type":"Feature","geometry":{"type":"LineString","coordinates":[[-94.9620259702503,38.8112730626532],[-94.962622068503,38.8112639865866]]},"properties":{"id":"arcgis-23-2-e5bb33593dd2c93f","sourceId":"arcgis-23-2","source":"Fiber_BackBone \u2014 Fiber Backbone (Approx 31 Miles)","sourceUrl":"https://services5.arcgis.com/Ox3HYmIeiVBmWWrQ/arcgis/rest/services/Fiber_BackBone/FeatureServer/2","name":"Fiber_BackBone \u2014 Fiber Backbone (Approx 31 Miles)","carrier":"Not published","routeStatus":"Unknown","category":"unknown","evidence":"agency_route","dataDate":null,"metadataModified":"2018-05-02T20:09:15+00:00","retrievedAt":"2026-09-18T02:36:49.784947+00:00","networkType":"Published fiber route; network class not specified","serviceability":"Unconfirmed","routeDiversity":"Unconfirmed","states":["KS"]},"bbox":[-94.962622068503,38.8112639865866,-94.9620259702503,38.8112730626532]},{"type":"Feature","geometry":{"type":"LineString","coordinates":[[-94.9141920284354,38.8135736191722],[-94.9141895951002,38.8140900024602]]},"properties":{"id":"arcgis-23-2-aabb9a4f61794c76","sourceId":"arcgis-23-2","source":"Fiber_BackBone \u2014 Fiber Backbone (Approx 31 Miles)","sourceUrl":"https://services5.arcgis.com/Ox3HYmIeiVBmWWrQ/arcgis/rest/services/Fiber_BackBone/FeatureServer/2","name":"Fiber_BackBone \u2014 Fiber Backbone (Approx 31 Miles)","carrier":"Not published","routeStatus":"Unknown","category":"unknown","evidence":"agency_route","dataDate":null,"metadataModified":"2018-05-02T20:09:15+00:00","retrievedAt":"2026-09-18T02:36:49.784947+00:00","networkType":"Published fiber route; network class not specified","serviceability":"Unconfirmed","routeDiversity":"Unconfirmed","states":["KS"]},"bbox":[-94.9141920284354,38.8135736191722,-94.9141895951002,38.8140900024602]},{"type":"Feature","geometry":{"type":"LineString","coordinates":[[-94.9141895951002,38.8140900024602],[-94.9141879445685,38.8145904024178]]},"properties":{"id":"arcgis-23-2-eafac0f2bf9f606e","sourceId":"arcgis-23-2","source":"Fiber_BackBone \u2014 Fiber Backbone (Approx 31 Miles)","sourceUrl":"https://services5.arcgis.com/Ox3HYmIeiVBmWWrQ/arcgis/rest/services/Fiber_BackBone/FeatureServer/2","name":"Fiber_BackBone \u2014 Fiber Backbone (Approx 31 Miles)","carrier":"Not published","routeStatus":"Unknown","category":"unknown","evidence":"agency_route","dataDate":null,"metadataModified":"2018-05-02T20:09:15+00:00","retrievedAt":"2026-09-18T02:36:49.784947+00:00","networkType":"Published fiber route; network class not specified","serviceability":"Unconfirmed","routeDiversity":"Unconfirmed","states":["KS"]},"bbox":[-94.9141895951002,38.8140900024602,-94.9141879445685,38.8145904024178]},{"type":"Feature","geometry":{"type":"LineString","coordinates":[[-94.9141879445685,38.8145904024178],[-94.9141909121556,38.8151074191593]]},"properties":{"id":"arcgis-23-2-bb6df5a0849d2f9d","sourceId":"arcgis-23-2","source":"Fiber_BackBone \u2014 Fiber Backbone (Approx 31 Miles)","sourceUrl":"https://services5.arcgis.com/Ox3HYmIeiVBmWWrQ/arcgis/rest/services/Fiber_BackBone/FeatureServer/2","name":"Fiber_BackBone \u2014 Fiber Backbone (Approx 31 Miles)","carrier":"Not published","routeStatus":"Unknown","category":"unknown","evidence":"agency_route","dataDate":null,"metadataModified":"2018-05-02T20:09:15+00:00","retrievedAt":"2026-09-18T02:36:49.784947+00:00","networkType":"Published fiber route; network class not specified","serviceability":"Unconfirmed","routeDiversity":"Unconfirmed","states":["KS"]},"bbox":[-94.9141909121556,38.8145904024178,-94.9141879445685,38.8151074191593]},{"type":"Feature","geometry":{"type":"LineString","coordinates":[[-94.9141909121556,38.8151074191593],[-94.9141899111247,38.8156712024436]]},"properties":{"id":"arcgis-23-2-53be2064375b2c16","sourceId":"arcgis-23-2","source":"Fiber_BackBone \u2014 Fiber Backbone (Approx 31 Miles)","sourceUrl":"https://services5.arcgis.com/Ox3HYmIeiVBmWWrQ/arcgis/rest/services/Fiber_BackBone/FeatureServer/2","name":"Fiber_BackBone \u2014 Fiber Backbone (Approx 31 Miles)","carrier":"Not published","routeStatus":"Unknown","category":"unknown","evidence":"agency_route","dataDate":null,"metadataModified":"2018-05-02T20:09:15+00:00","retrievedAt":"2026-09-18T02:36:49.784947+00:00","networkType":"Published fiber route; network class not specified","serviceability":"Unconfirmed","routeDiversity":"Unconfirmed","states":["KS"]},"bbox":[-94.9141909121556,38.8151074191593,-94.9141899111247,38.8156712024436]},{"type":"Feature","geometry":{"type":"LineString","coordinates":[[-94.9142030785597,38.8163689854771],[-94.9148881945157,38.8163879692286]]},"properties":{"id":"arcgis-23-2-230d118bb9b3b4e2","sourceId":"arcgis-23-2","source":"Fiber_BackBone \u2014 Fiber Backbone (Approx 31 Miles)","sourceUrl":"https://services5.arcgis.com/Ox3HYmIeiVBmWWrQ/arcgis/rest/services/Fiber_BackBone/FeatureServer/2","name":"Fiber_BackBone \u2014 Fiber Backbone (Approx 31 Miles)","carrier":"Not published","routeStatus":"Unknown","category":"unknown","evidence":"agency_route","dataDate":null,"metadataModified":"2018-05-02T20:09:15+00:00","retrievedAt":"2026-09-18T02:36:49.784947+00:00","networkType":"Published fiber route; network class not specified","serviceability":"Unconfirmed","routeDiversity":"Unconfirmed","states":["KS"]},"bbox":[-94.9148881945157,38.8163689854771,-94.9142030785597,38.8163879692286]},{"type":"Feature","geometry":{"type":"LineString","coordinates":[[-94.9148881945157,38.8163879692286],[-94.9155716445801,38.8163935187087]]},"properties":{"id":"arcgis-23-2-a31b230e11a4dc07","sourceId":"arcgis-23-2","source":"Fiber_BackBone \u2014 Fiber Backbone (Approx 31 Miles)","sourceUrl":"https://services5.arcgis.com/Ox3HYmIeiVBmWWrQ/arcgis/rest/services/Fiber_BackBone/FeatureServer/2","name":"Fiber_BackBone \u2014 Fiber Backbone (Approx 31 Miles)","carrier":"Not published","routeStatus":"Unknown","category":"unknown","evidence":"agency_route","dataDate":null,"metadataModified":"2018-05-02T20:09:15+00:00","retrievedAt":"2026-09-18T02:36:49.784947+00:00","networkType":"Published fiber route; network class not specified","serviceability":"Unconfirmed","routeDiversity":"Unconfirmed","states":["KS"]},"bbox":[-94.9155716445801,38.8163879692286,-94.9148881945157,38.8163935187087]},{"type":"Feature","geometry":{"type":"LineString","coordinates":[[-94.9155716445801,38.8163935187087],[-94.9162618451533,38.8163972854544]]},"properties":{"id":"arcgis-23-2-9235aae610c337d9","sourceId":"arcgis-23-2","source":"Fiber_BackBone \u2014 Fiber Backbone (Approx 31 Miles)","sourceUrl":"https://services5.arcgis.com/Ox3HYmIeiVBmWWrQ/arcgis/rest/services/Fiber_BackBone/FeatureServer/2","name":"Fiber_BackBone \u2014 Fiber Backbone (Approx 31 Miles)","carrier":"Not published","routeStatus":"Unknown","category":"unknown","evidence":"agency_route","dataDate":null,"metadataModified":"2018-05-02T20:09:15+00:00","retrievedAt":"2026-09-18T02:36:49.784947+00:00","networkType":"Published fiber route; network class not specified","serviceability":"Unconfirmed","routeDiversity":"Unconfirmed","states":["KS"]},"bbox":[-94.9162618451533,38.8163935187087,-94.9155716445801,38.8163972854544]},{"type":"Feature","geometry":{"type":"LineString","coordinates":[[-94.9162618451533,38.8163972854544],[-94.9169589786979,38.8164021693101]]},"properties":{"id":"arcgis-23-2-43505e5b19d92189","sourceId":"arcgis-23-2","source":"Fiber_BackBone \u2014 Fiber Backbone (Approx 31 Miles)","sourceUrl":"https://services5.arcgis.com/Ox3HYmIeiVBmWWrQ/arcgis/rest/services/Fiber_BackBone/FeatureServer/2","name":"Fiber_BackBone \u2014 Fiber Backbone (Approx 31 Miles)","carrier":"Not published","routeStatus":"Unknown","category":"unknown","evidence":"agency_route","dataDate":null,"metadataModified":"2018-05-02T20:09:15+00:00","retrievedAt":"2026-09-18T02:36:49.784947+00:00","networkType":"Published fiber route; network class not specified","serviceability":"Unconfirmed","routeDiversity":"Unconfirmed","states":["KS"]},"bbox":[-94.9169589786979,38.8163972854544,-94.9162618451533,38.8164021693101]},{"type":"Feature","geometry":{"type":"LineString","coordinates":[[-94.9169589786979,38.8164021693101],[-94.9176785788766,38.8164019519106]]},"properties":{"id":"arcgis-23-2-518094e19c45c0fb","sourceId":"arcgis-23-2","source":"Fiber_BackBone \u2014 Fiber Backbone (Approx 31 Miles)","sourceUrl":"https://services5.arcgis.com/Ox3HYmIeiVBmWWrQ/arcgis/rest/services/Fiber_BackBone/FeatureServer/2","name":"Fiber_BackBone \u2014 Fiber Backbone (Approx 31 Miles)","carrier":"Not published","routeStatus":"Unknown","category":"unknown","evidence":"agency_route","dataDate":null,"metadataModified":"2018-05-02T20:09:15+00:00","retrievedAt":"2026-09-18T02:36:49.784947+00:00","networkType":"Published fiber route; network class not specified","serviceability":"Unconfirmed","routeDiversity":"Unconfirmed","states":["KS"]},"bbox":[-94.9176785788766,38.8164019519106,-94.9169589786979,38.8164021693101]},{"type":"Feature","geometry":{"type":"LineString","coordinates":[[-94.9176785788766,38.8164019519106],[-94.9183989120462,38.8164038686073]]},"properties":{"id":"arcgis-23-2-19dc5023c714e6a6","sourceId":"arcgis-23-2","source":"Fiber_BackBone \u2014 Fiber Backbone (Approx 31 Miles)","sourceUrl":"https://services5.arcgis.com/Ox3HYmIeiVBmWWrQ/arcgis/rest/services/Fiber_BackBone/FeatureServer/2","name":"Fiber_BackBone \u2014 Fiber Backbone (Approx 31 Miles)","carrier":"Not published","routeStatus":"Unknown","category":"unknown","evidence":"agency_route","dataDate":null,"metadataModified":"2018-05-02T20:09:15+00:00","retrievedAt":"2026-09-18T02:36:49.784947+00:00","networkType":"Published fiber route; network class not specified","serviceability":"Unconfirmed","routeDiversity":"Unconfirmed","states":["KS"]},"bbox":[-94.9183989120462,38.8164019519106,-94.9176785788766,38.8164038686073]},{"type":"Feature","geometry":{"type":"LineString","coordinates":[[-94.9183989120462,38.8164038686073],[-94.9191354620317,38.8164059692674]]},"properties":{"id":"arcgis-23-2-1ad39f6bf0f76592","sourceId":"arcgis-23-2","source":"Fiber_BackBone \u2014 Fiber Backbone (Approx 31 Miles)","sourceUrl":"https://services5.arcgis.com/Ox3HYmIeiVBmWWrQ/arcgis/rest/services/Fiber_BackBone/FeatureServer/2","name":"Fiber_BackBone \u2014 Fiber Backbone (Approx 31 Miles)","carrier":"Not published","routeStatus":"Unknown","category":"unknown","evidence":"agency_route","dataDate":null,"metadataModified":"2018-05-02T20:09:15+00:00","retrievedAt":"2026-09-18T02:36:49.784947+00:00","networkType":"Published fiber route; network class not specified","serviceability":"Unconfirmed","routeDiversity":"Unconfirmed","states":["KS"]},"bbox":[-94.9191354620317,38.8164038686073,-94.9183989120462,38.8164059692674]},{"type":"Feature","geometry":{"type":"LineString","coordinates":[[-94.9191354620317,38.8164059692674],[-94.9198660620624,38.8164139854725]]},"properties":{"id":"arcgis-23-2-c914777eb12c9f13","sourceId":"arcgis-23-2","source":"Fiber_BackBone \u2014 Fiber Backbone (Approx 31 Miles)","sourceUrl":"https://services5.arcgis.com/Ox3HYmIeiVBmWWrQ/arcgis/rest/services/Fiber_BackBone/FeatureServer/2","name":"Fiber_BackBone \u2014 Fiber Backbone (Approx 31 Miles)","carrier":"Not published","routeStatus":"Unknown","category":"unknown","evidence":"agency_route","dataDate":null,"metadataModified":"2018-05-02T20:09:15+00:00","retrievedAt":"2026-09-18T02:36:49.784947+00:00","networkType":"Published fiber route; network class not specified","serviceability":"Unconfirmed","routeDiversity":"Unconfirmed","states":["KS"]},"bbox":[-94.9198660620624,38.8164059692674,-94.9191354620317,38.8164139854725]},{"type":"Feature","geometry":{"type":"LineString","coordinates":[[-94.9198660620624,38.8164139854725],[-94.9205394277791,38.816415335256]]},"properties":{"id":"arcgis-23-2-b7ff3a589fc1759a","sourceId":"arcgis-23-2","source":"Fiber_BackBone \u2014 Fiber Backbone (Approx 31 Miles)","sourceUrl":"https://services5.arcgis.com/Ox3HYmIeiVBmWWrQ/arcgis/rest/services/Fiber_BackBone/FeatureServer/2","name":"Fiber_BackBone \u2014 Fiber Backbone (Approx 31 Miles)","carrier":"Not published","routeStatus":"Unknown","category":"unknown","evidence":"agency_route","dataDate":null,"metadataModified":"2018-05-02T20:09:15+00:00","retrievedAt":"2026-09-18T02:36:49.784947+00:00","networkType":"Published fiber route; network class not specified","serviceability":"Unconfirmed","routeDiversity":"Unconfirmed","states":["KS"]},"bbox":[-94.9205394277791,38.8164139854725,-94.9198660620624,38.816415335256]},{"type":"Feature","geometry":{"type":"LineString","coordinates":[[-94.9205394277791,38.816415335256],[-94.9212341281386,38.8164197527336]]},"properties":{"id":"arcgis-23-2-efec1a7a5f53ec56","sourceId":"arcgis-23-2","source":"Fiber_BackBone \u2014 Fiber Backbone (Approx 31 Miles)","sourceUrl":"https://services5.arcgis.com/Ox3HYmIeiVBmWWrQ/arcgis/rest/services/Fiber_BackBone/FeatureServer/2","name":"Fiber_BackBone \u2014 Fiber Backbone (Approx 31 Miles)","carrier":"Not published","routeStatus":"Unknown","category":"unknown","evidence":"agency_route","dataDate":null,"metadataModified":"2018-05-02T20:09:15+00:00","retrievedAt":"2026-09-18T02:36:49.784947+00:00","networkType":"Published fiber route; network class not specified","serviceability":"Unconfirmed","routeDiversity":"Unconfirmed","states":["KS"]},"bbox":[-94.9212341281386,38.816415335256,-94.9205394277791,38.8164197527336]},{"type":"Feature","geometry":{"type":"LineString","coordinates":[[-94.9212341281386,38.8164197527336],[-94.9219586778531,38.8164229023635]]},"properties":{"id":"arcgis-23-2-4ba8744196a17267","sourceId":"arcgis-23-2","source":"Fiber_BackBone \u2014 Fiber Backbone (Approx 31 Miles)","sourceUrl":"https://services5.arcgis.com/Ox3HYmIeiVBmWWrQ/arcgis/rest/services/Fiber_BackBone/FeatureServer/2","name":"Fiber_BackBone \u2014 Fiber Backbone (Approx 31 Miles)","carrier":"Not published","routeStatus":"Unknown","category":"unknown","evidence":"agency_route","dataDate":null,"metadataModified":"2018-05-02T20:09:15+00:00","retrievedAt":"2026-09-18T02:36:49.784947+00:00","networkType":"Published fiber route; network class not specified","serviceability":"Unconfirmed","routeDiversity":"Unconfirmed","states":["KS"]},"bbox":[-94.9219586778531,38.8164197527336,-94.9212341281386,38.8164229023635]},{"type":"Feature","geometry":{"type":"LineString","coordinates":[[-94.9219586778531,38.8164229023635],[-94.9226788284373,38.8164301153644]]},"properties":{"id":"arcgis-23-2-0980ca20d6be44d5","sourceId":"arcgis-23-2","source":"Fiber_BackBone \u2014 Fiber Backbone (Approx 31 Miles)","sourceUrl":"https://services5.arcgis.com/Ox3HYmIeiVBmWWrQ/arcgis/rest/services/Fiber_BackBone/FeatureServer/2","name":"Fiber_BackBone \u2014 Fiber Backbone (Approx 31 Miles)","carrier":"Not published","routeStatus":"Unknown","category":"unknown","evidence":"agency_route","dataDate":null,"metadataModified":"2018-05-02T20:09:15+00:00","retrievedAt":"2026-09-18T02:36:49.784947+00:00","networkType":"Published fiber route; network class not specified","serviceability":"Unconfirmed","routeDiversity":"Unconfirmed","states":["KS"]},"bbox":[-94.9226788284373,38.8164229023635,-94.9219586778531,38.8164301153644]},{"type":"Feature","geometry":{"type":"LineString","coordinates":[[-94.9236802539247,38.8084228549646],[-94.9244045012708,38.8082983252441]]},"properties":{"id":"arcgis-23-2-d22982177f63fb37","sourceId":"arcgis-23-2","source":"Fiber_BackBone \u2014 Fiber Backbone (Approx 31 Miles)","sourceUrl":"https://services5.arcgis.com/Ox3HYmIeiVBmWWrQ/arcgis/rest/services/Fiber_BackBone/FeatureServer/2","name":"Fiber_BackBone \u2014 Fiber Backbone (Approx 31 Miles)","carrier":"Not published","routeStatus":"Unknown","category":"unknown","evidence":"agency_route","dataDate":null,"metadataModified":"2018-05-02T20:09:15+00:00","retrievedAt":"2026-09-18T02:36:49.784947+00:00","networkType":"Published fiber route; network class not specified","serviceability":"Unconfirmed","routeDiversity":"Unconfirmed","states":["KS"]},"bbox":[-94.9244045012708,38.8082983252441,-94.9236802539247,38.8084228549646]},{"type":"Feature","geometry":{"type":"LineString","coordinates":[[-94.9253869949583,38.8081339022089],[-94.9259985784769,38.8080301691283]]},"properties":{"id":"arcgis-23-2-b78af2febf795302","sourceId":"arcgis-23-2","source":"Fiber_BackBone \u2014 Fiber Backbone (Approx 31 Miles)","sourceUrl":"https://services5.arcgis.com/Ox3HYmIeiVBmWWrQ/arcgis/rest/services/Fiber_BackBone/FeatureServer/2","name":"Fiber_BackBone \u2014 Fiber Backbone (Approx 31 Miles)","carrier":"Not published","routeStatus":"Unknown","category":"unknown","evidence":"agency_route","dataDate":null,"metadataModified":"2018-05-02T20:09:15+00:00","retrievedAt":"2026-09-18T02:36:49.784947+00:00","networkType":"Published fiber route; network class not specified","serviceability":"Unconfirmed","routeDiversity":"Unconfirmed","states":["KS"]},"bbox":[-94.9259985784769,38.8080301691283,-94.9253869949583,38.8081339022089]},{"type":"Feature","geometry":{"type":"LineString","coordinates":[[-94.9259985784769,38.8080301691283],[-94.926673644648,38.8079122521811]]},"properties":{"id":"arcgis-23-2-5a8b4ab267b67d13","sourceId":"arcgis-23-2","source":"Fiber_BackBone \u2014 Fiber Backbone (Approx 31 Miles)","sourceUrl":"https://services5.arcgis.com/Ox3HYmIeiVBmWWrQ/arcgis/rest/services/Fiber_BackBone/FeatureServer/2","name":"Fiber_BackBone \u2014 Fiber Backbone (Approx 31 Miles)","carrier":"Not published","routeStatus":"Unknown","category":"unknown","evidence":"agency_route","dataDate":null,"metadataModified":"2018-05-02T20:09:15+00:00","retrievedAt":"2026-09-18T02:36:49.784947+00:00","networkType":"Published fiber route; network class not specified","serviceability":"Unconfirmed","routeDiversity":"Unconfirmed","states":["KS"]},"bbox":[-94.926673644648,38.8079122521811,-94.9259985784769,38.8080301691283]},{"type":"Feature","geometry":{"type":"LineString","coordinates":[[-94.9272318455059,38.8078205857507],[-94.9277906207951,38.8076425280534]]},"properties":{"id":"arcgis-23-2-995f1252536abcc7","sourceId":"arcgis-23-2","source":"Fiber_BackBone \u2014 Fiber Backbone (Approx 31 Miles)","sourceUrl":"https://services5.arcgis.com/Ox3HYmIeiVBmWWrQ/arcgis/rest/services/Fiber_BackBone/FeatureServer/2","name":"Fiber_BackBone \u2014 Fiber Backbone (Approx 31 Miles)","carrier":"Not published","routeStatus":"Unknown","category":"unknown","evidence":"agency_route","dataDate":null,"metadataModified":"2018-05-02T20:09:15+00:00","retrievedAt":"2026-09-18T02:36:49.784947+00:00","networkType":"Published fiber route; network class not specified","serviceability":"Unconfirmed","routeDiversity":"Unconfirmed","states":["KS"]},"bbox":[-94.9277906207951,38.8076425280534,-94.9272318455059,38.8078205857507]},{"type":"Feature","geometry":{"type":"LineString","coordinates":[[-94.9277906207951,38.8076425280534],[-94.9283797204506,38.8074779113943]]},"properties":{"id":"arcgis-23-2-ae8af5d032fa523b","sourceId":"arcgis-23-2","source":"Fiber_BackBone \u2014 Fiber Backbone (Approx 31 Miles)","sourceUrl":"https://services5.arcgis.com/Ox3HYmIeiVBmWWrQ/arcgis/rest/services/Fiber_BackBone/FeatureServer/2","name":"Fiber_BackBone \u2014 Fiber Backbone (Approx 31 Miles)","carrier":"Not published","routeStatus":"Unknown","category":"unknown","evidence":"agency_route","dataDate":null,"metadataModified":"2018-05-02T20:09:15+00:00","retrievedAt":"2026-09-18T02:36:49.784947+00:00","networkType":"Published fiber route; network class not specified","serviceability":"Unconfirmed","routeDiversity":"Unconfirmed","states":["KS"]},"bbox":[-94.9283797204506,38.8074779113943,-94.9277906207951,38.8076425280534]},{"type":"Feature","geometry":{"type":"LineString","coordinates":[[-94.9181219288264,38.837032735889],[-94.9181212282153,38.8364779192826]]},"properties":{"id":"arcgis-23-2-f7992d84ba998643","sourceId":"arcgis-23-2","source":"Fiber_BackBone \u2014 Fiber Backbone (Approx 31 Miles)","sourceUrl":"https://services5.arcgis.com/Ox3HYmIeiVBmWWrQ/arcgis/rest/services/Fiber_BackBone/FeatureServer/2","name":"Fiber_BackBone \u2014 Fiber Backbone (Approx 31 Miles)","carrier":"Not published","routeStatus":"Unknown","category":"unknown","evidence":"agency_route","dataDate":null,"metadataModified":"2018-05-02T20:09:15+00:00","retrievedAt":"2026-09-18T02:36:49.784947+00:00","networkType":"Published fiber route; network class not specified","serviceability":"Unconfirmed","routeDiversity":"Unconfirmed","states":["KS"]},"bbox":[-94.9181219288264,38.8364779192826,-94.9181212282153,38.837032735889]},{"type":"Feature","geometry":{"type":"LineString","coordinates":[[-94.9181212282153,38.8364779192826],[-94.9181195531834,38.8359399813114]]},"properties":{"id":"arcgis-23-2-c6ce6c828b942a2d","sourceId":"arcgis-23-2","source":"Fiber_BackBone \u2014 Fiber Backbone (Approx 31 Miles)","sourceUrl":"https://services5.arcgis.com/Ox3HYmIeiVBmWWrQ/arcgis/rest/services/Fiber_BackBone/FeatureServer/2","name":"Fiber_BackBone \u2014 Fiber Backbone (Approx 31 Miles)","carrier":"Not published","routeStatus":"Unknown","category":"unknown","evidence":"agency_route","dataDate":null,"metadataModified":"2018-05-02T20:09:15+00:00","retrievedAt":"2026-09-18T02:36:49.784947+00:00","networkType":"Published fiber route; network class not specified","serviceability":"Unconfirmed","routeDiversity":"Unconfirmed","states":["KS"]},"bbox":[-94.9181212282153,38.8359399813114,-94.9181195531834,38.8364779192826]},{"type":"Feature","geometry":{"type":"LineString","coordinates":[[-94.9181195531834,38.8359399813114],[-94.9181137609406,38.8353875285029]]},"properties":{"id":"arcgis-23-2-2523a7b8b58ac143","sourceId":"arcgis-23-2","source":"Fiber_BackBone \u2014 Fiber Backbone (Approx 31 Miles)","sourceUrl":"https://services5.arcgis.com/Ox3HYmIeiVBmWWrQ/arcgis/rest/services/Fiber_BackBone/FeatureServer/2","name":"Fiber_BackBone \u2014 Fiber Backbone (Approx 31 Miles)","carrier":"Not published","routeStatus":"Unknown","category":"unknown","evidence":"agency_route","dataDate":null,"metadataModified":"2018-05-02T20:09:15+00:00","retrievedAt":"2026-09-18T02:36:49.784947+00:00","networkType":"Published fiber route; network class not specified","serviceability":"Unconfirmed","routeDiversity":"Unconfirmed","states":["KS"]},"bbox":[-94.9181195531834,38.8353875285029,-94.9181137609406,38.8359399813114]},{"type":"Feature","geometry":{"type":"LineString","coordinates":[[-94.9181150210935,38.8347814743162],[-94.9181119282403,38.8342419851981]]},"properties":{"id":"arcgis-23-2-8debfde1143b7680","sourceId":"arcgis-23-2","source":"Fiber_BackBone \u2014 Fiber Backbone (Approx 31 Miles)","sourceUrl":"https://services5.arcgis.com/Ox3HYmIeiVBmWWrQ/arcgis/rest/services/Fiber_BackBone/FeatureServer/2","name":"Fiber_BackBone \u2014 Fiber Backbone (Approx 31 Miles)","carrier":"Not published","routeStatus":"Unknown","category":"unknown","evidence":"agency_route","dataDate":null,"metadataModified":"2018-05-02T20:09:15+00:00","retrievedAt":"2026-09-18T02:36:49.784947+00:00","networkType":"Published fiber route; network class not specified","serviceability":"Unconfirmed","routeDiversity":"Unconfirmed","states":["KS"]},"bbox":[-94.9181150210935,38.8342419851981,-94.9181119282403,38.8347814743162]},{"type":"Feature","geometry":{"type":"LineString","coordinates":[[-94.9181119282403,38.8342419851981],[-94.9181130602373,38.8337003209745]]},"properties":{"id":"arcgis-23-2-cd4b8a9378b7c4c9","sourceId":"arcgis-23-2","source":"Fiber_BackBone \u2014 Fiber Backbone (Approx 31 Miles)","sourceUrl":"https://services5.arcgis.com/Ox3HYmIeiVBmWWrQ/arcgis/rest/services/Fiber_BackBone/FeatureServer/2","name":"Fiber_BackBone \u2014 Fiber Backbone (Approx 31 Miles)","carrier":"Not published","routeStatus":"Unknown","category":"unknown","evidence":"agency_route","dataDate":null,"metadataModified":"2018-05-02T20:09:15+00:00","retrievedAt":"2026-09-18T02:36:49.784947+00:00","networkType":"Published fiber route; network class not specified","serviceability":"Unconfirmed","routeDiversity":"Unconfirmed","states":["KS"]},"bbox":[-94.9181130602373,38.8337003209745,-94.9181119282403,38.8342419851981]},{"type":"Feature","geometry":{"type":"LineString","coordinates":[[-94.9290861620401,38.807240052715],[-94.9297207121003,38.8069414689001]]},"properties":{"id":"arcgis-23-2-6ba2a827cfb5bcdd","sourceId":"arcgis-23-2","source":"Fiber_BackBone \u2014 Fiber Backbone (Approx 31 Miles)","sourceUrl":"https://services5.arcgis.com/Ox3HYmIeiVBmWWrQ/arcgis/rest/services/Fiber_BackBone/FeatureServer/2","name":"Fiber_BackBone \u2014 Fiber Backbone (Approx 31 Miles)","carrier":"Not published","routeStatus":"Unknown","category":"unknown","evidence":"agency_route","dataDate":null,"metadataModified":"2018-05-02T20:09:15+00:00","retrievedAt":"2026-09-18T02:36:49.784947+00:00","networkType":"Published fiber route; network class not specified","serviceability":"Unconfirmed","routeDiversity":"Unconfirmed","states":["KS"]},"bbox":[-94.9297207121003,38.8069414689001,-94.9290861620401,38.807240052715]},{"type":"Feature","geometry":{"type":"LineString","coordinates":[[-94.9297207121003,38.8069414689001],[-94.9302864452739,38.8065786860646]]},"properties":{"id":"arcgis-23-2-d433676a6b6fe24e","sourceId":"arcgis-23-2","source":"Fiber_BackBone \u2014 Fiber Backbone (Approx 31 Miles)","sourceUrl":"https://services5.arcgis.com/Ox3HYmIeiVBmWWrQ/arcgis/rest/services/Fiber_BackBone/FeatureServer/2","name":"Fiber_BackBone \u2014 Fiber Backbone (Approx 31 Miles)","carrier":"Not published","routeStatus":"Unknown","category":"unknown","evidence":"agency_route","dataDate":null,"metadataModified":"2018-05-02T20:09:15+00:00","retrievedAt":"2026-09-18T02:36:49.784947+00:00","networkType":"Published fiber route; network class not specified","serviceability":"Unconfirmed","routeDiversity":"Unconfirmed","states":["KS"]},"bbox":[-94.9302864452739,38.8065786860646,-94.9297207121003,38.8069414689001]},{"type":"Feature","geometry":{"type":"LineString","coordinates":[[-94.9305849783662,38.8034618855931],[-94.9302878575002,38.803027321316]]},"properties":{"id":"arcgis-23-2-cd15710ff0740606","sourceId":"arcgis-23-2","source":"Fiber_BackBone \u2014 Fiber Backbone (Approx 31 Miles)","sourceUrl":"https://services5.arcgis.com/Ox3HYmIeiVBmWWrQ/arcgis/rest/services/Fiber_BackBone/FeatureServer/2","name":"Fiber_BackBone \u2014 Fiber Backbone (Approx 31 Miles)","carrier":"Not published","routeStatus":"Unknown","category":"unknown","evidence":"agency_route","dataDate":null,"metadataModified":"2018-05-02T20:09:15+00:00","retrievedAt":"2026-09-18T02:36:49.784947+00:00","networkType":"Published fiber route; network class not specified","serviceability":"Unconfirmed","routeDiversity":"Unconfirmed","states":["KS"]},"bbox":[-94.9305849783662,38.803027321316,-94.9302878575002,38.8034618855931]},{"type":"Feature","geometry":{"type":"LineString","coordinates":[[-94.9302878575002,38.803027321316],[-94.9299915956725,38.8026068253806]]},"properties":{"id":"arcgis-23-2-4cb074ee6efe47cc","sourceId":"arcgis-23-2","source":"Fiber_BackBone \u2014 Fiber Backbone (Approx 31 Miles)","sourceUrl":"https://services5.arcgis.com/Ox3HYmIeiVBmWWrQ/arcgis/rest/services/Fiber_BackBone/FeatureServer/2","name":"Fiber_BackBone \u2014 Fiber Backbone (Approx 31 Miles)","carrier":"Not published","routeStatus":"Unknown","category":"unknown","evidence":"agency_route","dataDate":null,"metadataModified":"2018-05-02T20:09:15+00:00","retrievedAt":"2026-09-18T02:36:49.784947+00:00","networkType":"Published fiber route; network class not specified","serviceability":"Unconfirmed","routeDiversity":"Unconfirmed","states":["KS"]},"bbox":[-94.9302878575002,38.8026068253806,-94.9299915956725,38.803027321316]},{"type":"Feature","geometry":{"type":"LineString","coordinates":[[-94.9297653450806,38.8022826358856],[-94.9294824608328,38.8018671993928]]},"properties":{"id":"arcgis-23-2-ee7f53ae21b07fa9","sourceId":"arcgis-23-2","source":"Fiber_BackBone \u2014 Fiber Backbone (Approx 31 Miles)","sourceUrl":"https://services5.arcgis.com/Ox3HYmIeiVBmWWrQ/arcgis/rest/services/Fiber_BackBone/FeatureServer/2","name":"Fiber_BackBone \u2014 Fiber Backbone (Approx 31 Miles)","carrier":"Not published","routeStatus":"Unknown","category":"unknown","evidence":"agency_route","dataDate":null,"metadataModified":"2018-05-02T20:09:15+00:00","retrievedAt":"2026-09-18T02:36:49.784947+00:00","networkType":"Published fiber route; network class not specified","serviceability":"Unconfirmed","routeDiversity":"Unconfirmed","states":["KS"]},"bbox":[-94.9297653450806,38.8018671993928,-94.9294824608328,38.8022826358856]},{"type":"Feature","geometry":{"type":"LineString","coordinates":[[-94.9288036118778,38.7997293854612],[-94.9295087946433,38.7997318853258]]},"properties":{"id":"arcgis-23-2-9aa94397023ef5b0","sourceId":"arcgis-23-2","source":"Fiber_BackBone \u2014 Fiber Backbone (Approx 31 Miles)","sourceUrl":"https://services5.arcgis.com/Ox3HYmIeiVBmWWrQ/arcgis/rest/services/Fiber_BackBone/FeatureServer/2","name":"Fiber_BackBone \u2014 Fiber Backbone (Approx 31 Miles)","carrier":"Not published","routeStatus":"Unknown","category":"unknown","evidence":"agency_route","dataDate":null,"metadataModified":"2018-05-02T20:09:15+00:00","retrievedAt":"2026-09-18T02:36:49.784947+00:00","networkType":"Published fiber route; network class not specified","serviceability":"Unconfirmed","routeDiversity":"Unconfirmed","states":["KS"]},"bbox":[-94.9295087946433,38.7997293854612,-94.9288036118778,38.7997318853258]},{"type":"Feature","geometry":{"type":"LineString","coordinates":[[-94.9234560953331,38.8164313858423],[-94.9241633102409,38.8164336866817]]},"properties":{"id":"arcgis-23-2-77059917666a1a10","sourceId":"arcgis-23-2","source":"Fiber_BackBone \u2014 Fiber Backbone (Approx 31 Miles)","sourceUrl":"https://services5.arcgis.com/Ox3HYmIeiVBmWWrQ/arcgis/rest/services/Fiber_BackBone/FeatureServer/2","name":"Fiber_BackBone \u2014 Fiber Backbone (Approx 31 Miles)","carrier":"Not published","routeStatus":"Unknown","category":"unknown","evidence":"agency_route","dataDate":null,"metadataModified":"2018-05-02T20:09:15+00:00","retrievedAt":"2026-09-18T02:36:49.784947+00:00","networkType":"Published fiber route; network class not specified","serviceability":"Unconfirmed","routeDiversity":"Unconfirmed","states":["KS"]},"bbox":[-94.9241633102409,38.8164313858423,-94.9234560953331,38.8164336866817]},{"type":"Feature","geometry":{"type":"LineString","coordinates":[[-94.9241633102409,38.8164336866817],[-94.9249008445386,38.8164409522833]]},"properties":{"id":"arcgis-23-2-b8a22eec51336ca3","sourceId":"arcgis-23-2","source":"Fiber_BackBone \u2014 Fiber Backbone (Approx 31 Miles)","sourceUrl":"https://services5.arcgis.com/Ox3HYmIeiVBmWWrQ/arcgis/rest/services/Fiber_BackBone/FeatureServer/2","name":"Fiber_BackBone \u2014 Fiber Backbone (Approx 31 Miles)","carrier":"Not published","routeStatus":"Unknown","category":"unknown","evidence":"agency_route","dataDate":null,"metadataModified":"2018-05-02T20:09:15+00:00","retrievedAt":"2026-09-18T02:36:49.784947+00:00","networkType":"Published fiber route; network class not specified","serviceability":"Unconfirmed","routeDiversity":"Unconfirmed","states":["KS"]},"bbox":[-94.9249008445386,38.8164336866817,-94.9241633102409,38.8164409522833]},{"type":"Feature","geometry":{"type":"LineString","coordinates":[[-94.9254546786994,38.816441419324],[-94.9261288783565,38.8164498360331]]},"properties":{"id":"arcgis-23-2-a6d5f244fa54ede8","sourceId":"arcgis-23-2","source":"Fiber_BackBone \u2014 Fiber Backbone (Approx 31 Miles)","sourceUrl":"https://services5.arcgis.com/Ox3HYmIeiVBmWWrQ/arcgis/rest/services/Fiber_BackBone/FeatureServer/2","name":"Fiber_BackBone \u2014 Fiber Backbone (Approx 31 Miles)","carrier":"Not published","routeStatus":"Unknown","category":"unknown","evidence":"agency_route","dataDate":null,"metadataModified":"2018-05-02T20:09:15+00:00","retrievedAt":"2026-09-18T02:36:49.784947+00:00","networkType":"Published fiber route; network class not specified","serviceability":"Unconfirmed","routeDiversity":"Unconfirmed","states":["KS"]},"bbox":[-94.9261288783565,38.816441419324,-94.9254546786994,38.8164498360331]},{"type":"Feature","geometry":{"type":"LineString","coordinates":[[-94.9265278113159,38.8165511188782],[-94.9272256806359,38.8165641796664]]},"properties":{"id":"arcgis-23-2-b405b391d36351d4","sourceId":"arcgis-23-2","source":"Fiber_BackBone \u2014 Fiber Backbone (Approx 31 Miles)","sourceUrl":"https://services5.arcgis.com/Ox3HYmIeiVBmWWrQ/arcgis/rest/services/Fiber_BackBone/FeatureServer/2","name":"Fiber_BackBone \u2014 Fiber Backbone (Approx 31 Miles)","carrier":"Not published","routeStatus":"Unknown","category":"unknown","evidence":"agency_route","dataDate":null,"metadataModified":"2018-05-02T20:09:15+00:00","retrievedAt":"2026-09-18T02:36:49.784947+00:00","networkType":"Published fiber route; network class not specified","serviceability":"Unconfirmed","routeDiversity":"Unconfirmed","states":["KS"]},"bbox":[-94.9272256806359,38.8165511188782,-94.9265278113159,38.8165641796664]},{"type":"Feature","geometry":{"type":"LineString","coordinates":[[-94.9163514279303,38.8098140358336],[-94.9156640616032,38.8099328355754]]},"properties":{"id":"arcgis-23-2-dc001fa35a659b59","sourceId":"arcgis-23-2","source":"Fiber_BackBone \u2014 Fiber Backbone (Approx 31 Miles)","sourceUrl":"https://services5.arcgis.com/Ox3HYmIeiVBmWWrQ/arcgis/rest/services/Fiber_BackBone/FeatureServer/2","name":"Fiber_BackBone \u2014 Fiber Backbone (Approx 31 Miles)","carrier":"Not published","routeStatus":"Unknown","category":"unknown","evidence":"agency_route","dataDate":null,"metadataModified":"2018-05-02T20:09:15+00:00","retrievedAt":"2026-09-18T02:36:49.784947+00:00","networkType":"Published fiber route; network class not specified","serviceability":"Unconfirmed","routeDiversity":"Unconfirmed","states":["KS"]},"bbox":[-94.9163514279303,38.8098140358336,-94.9156640616032,38.8099328355754]},{"type":"Feature","geometry":{"type":"LineString","coordinates":[[-94.9156640616032,38.8099328355754],[-94.9149618613186,38.8100571521369]]},"properties":{"id":"arcgis-23-2-3b3e034d9658a440","sourceId":"arcgis-23-2","source":"Fiber_BackBone \u2014 Fiber Backbone (Approx 31 Miles)","sourceUrl":"https://services5.arcgis.com/Ox3HYmIeiVBmWWrQ/arcgis/rest/services/Fiber_BackBone/FeatureServer/2","name":"Fiber_BackBone \u2014 Fiber Backbone (Approx 31 Miles)","carrier":"Not published","routeStatus":"Unknown","category":"unknown","evidence":"agency_route","dataDate":null,"metadataModified":"2018-05-02T20:09:15+00:00","retrievedAt":"2026-09-18T02:36:49.784947+00:00","networkType":"Published fiber route; network class not specified","serviceability":"Unconfirmed","routeDiversity":"Unconfirmed","states":["KS"]},"bbox":[-94.9156640616032,38.8099328355754,-94.9149618613186,38.8100571521369]},{"type":"Feature","geometry":{"type":"LineString","coordinates":[[-94.9149618613186,38.8100571521369],[-94.9142733282262,38.8101753024231]]},"properties":{"id":"arcgis-23-2-2bc7c060a749a874","sourceId":"arcgis-23-2","source":"Fiber_BackBone \u2014 Fiber Backbone (Approx 31 Miles)","sourceUrl":"https://services5.arcgis.com/Ox3HYmIeiVBmWWrQ/arcgis/rest/services/Fiber_BackBone/FeatureServer/2","name":"Fiber_BackBone \u2014 Fiber Backbone (Approx 31 Miles)","carrier":"Not published","routeStatus":"Unknown","category":"unknown","evidence":"agency_route","dataDate":null,"metadataModified":"2018-05-02T20:09:15+00:00","retrievedAt":"2026-09-18T02:36:49.784947+00:00","networkType":"Published fiber route; network class not specified","serviceability":"Unconfirmed","routeDiversity":"Unconfirmed","states":["KS"]},"bbox":[-94.9149618613186,38.8100571521369,-94.9142733282262,38.8101753024231]},{"type":"Feature","geometry":{"type":"LineString","coordinates":[[-94.9142536279432,38.803740369017],[-94.9148947446981,38.8037439691085]]},"properties":{"id":"arcgis-23-2-ab808e1986886417","sourceId":"arcgis-23-2","source":"Fiber_BackBone \u2014 Fiber Backbone (Approx 31 Miles)","sourceUrl":"https://services5.arcgis.com/Ox3HYmIeiVBmWWrQ/arcgis/rest/services/Fiber_BackBone/FeatureServer/2","name":"Fiber_BackBone \u2014 Fiber Backbone (Approx 31 Miles)","carrier":"Not published","routeStatus":"Unknown","category":"unknown","evidence":"agency_route","dataDate":null,"metadataModified":"2018-05-02T20:09:15+00:00","retrievedAt":"2026-09-18T02:36:49.784947+00:00","networkType":"Published fiber route; network class not specified","serviceability":"Unconfirmed","routeDiversity":"Unconfirmed","states":["KS"]},"bbox":[-94.9148947446981,38.803740369017,-94.9142536279432,38.8037439691085]},{"type":"Feature","geometry":{"type":"LineString","coordinates":[[-94.9148947446981,38.8037439691085],[-94.9155332779839,38.803747535521]]},"properties":{"id":"arcgis-23-2-d287c9079b2c5832","sourceId":"arcgis-23-2","source":"Fiber_BackBone \u2014 Fiber Backbone (Approx 31 Miles)","sourceUrl":"https://services5.arcgis.com/Ox3HYmIeiVBmWWrQ/arcgis/rest/services/Fiber_BackBone/FeatureServer/2","name":"Fiber_BackBone \u2014 Fiber Backbone (Approx 31 Miles)","carrier":"Not published","routeStatus":"Unknown","category":"unknown","evidence":"agency_route","dataDate":null,"metadataModified":"2018-05-02T20:09:15+00:00","retrievedAt":"2026-09-18T02:36:49.784947+00:00","networkType":"Published fiber route; network class not specified","serviceability":"Unconfirmed","routeDiversity":"Unconfirmed","states":["KS"]},"bbox":[-94.9155332779839,38.8037439691085,-94.9148947446981,38.803747535521]},{"type":"Feature","geometry":{"type":"LineString","coordinates":[[-94.9155332779839,38.803747535521],[-94.916168411509,38.8037480694108]]},"properties":{"id":"arcgis-23-2-f2f5dca120e29193","sourceId":"arcgis-23-2","source":"Fiber_BackBone \u2014 Fiber Backbone (Approx 31 Miles)","sourceUrl":"https://services5.arcgis.com/Ox3HYmIeiVBmWWrQ/arcgis/rest/services/Fiber_BackBone/FeatureServer/2","name":"Fiber_BackBone \u2014 Fiber Backbone (Approx 31 Miles)","carrier":"Not published","routeStatus":"Unknown","category":"unknown","evidence":"agency_route","dataDate":null,"metadataModified":"2018-05-02T20:09:15+00:00","retrievedAt":"2026-09-18T02:36:49.784947+00:00","networkType":"Published fiber route; network class not specified","serviceability":"Unconfirmed","routeDiversity":"Unconfirmed","states":["KS"]},"bbox":[-94.916168411509,38.803747535521,-94.9155332779839,38.8037480694108]},{"type":"Feature","geometry":{"type":"LineString","coordinates":[[-94.916168411509,38.8037480694108],[-94.9168059611017,38.8037505191652]]},"properties":{"id":"arcgis-23-2-aa2af167bae0bfaa","sourceId":"arcgis-23-2","source":"Fiber_BackBone \u2014 Fiber Backbone (Approx 31 Miles)","sourceUrl":"https://services5.arcgis.com/Ox3HYmIeiVBmWWrQ/arcgis/rest/services/Fiber_BackBone/FeatureServer/2","name":"Fiber_BackBone \u2014 Fiber Backbone (Approx 31 Miles)","carrier":"Not published","routeStatus":"Unknown","category":"unknown","evidence":"agency_route","dataDate":null,"metadataModified":"2018-05-02T20:09:15+00:00","retrievedAt":"2026-09-18T02:36:49.784947+00:00","networkType":"Published fiber route; network class not specified","serviceability":"Unconfirmed","routeDiversity":"Unconfirmed","states":["KS"]},"bbox":[-94.9168059611017,38.8037480694108,-94.916168411509,38.8037505191652]},{"type":"Feature","geometry":{"type":"LineString","coordinates":[[-94.9168059611017,38.8037505191652],[-94.9174712452158,38.8037543858449]]},"properties":{"id":"arcgis-23-2-93a775d5807dabb3","sourceId":"arcgis-23-2","source":"Fiber_BackBone \u2014 Fiber Backbone (Approx 31 Miles)","sourceUrl":"https://services5.arcgis.com/Ox3HYmIeiVBmWWrQ/arcgis/rest/services/Fiber_BackBone/FeatureServer/2","name":"Fiber_BackBone \u2014 Fiber Backbone (Approx 31 Miles)","carrier":"Not published","routeStatus":"Unknown","category":"unknown","evidence":"agency_route","dataDate":null,"metadataModified":"2018-05-02T20:09:15+00:00","retrievedAt":"2026-09-18T02:36:49.784947+00:00","networkType":"Published fiber route; network class not specified","serviceability":"Unconfirmed","routeDiversity":"Unconfirmed","states":["KS"]},"bbox":[-94.9174712452158,38.8037505191652,-94.9168059611017,38.8037543858449]},{"type":"Feature","geometry":{"type":"LineString","coordinates":[[-94.9174712452158,38.8037543858449],[-94.9181107106311,38.8037612996264]]},"properties":{"id":"arcgis-23-2-7dc4fcffb2df60d4","sourceId":"arcgis-23-2","source":"Fiber_BackBone \u2014 Fiber Backbone (Approx 31 Miles)","sourceUrl":"https://services5.arcgis.com/Ox3HYmIeiVBmWWrQ/arcgis/rest/services/Fiber_BackBone/FeatureServer/2","name":"Fiber_BackBone \u2014 Fiber Backbone (Approx 31 Miles)","carrier":"Not published","routeStatus":"Unknown","category":"unknown","evidence":"agency_route","dataDate":null,"metadataModified":"2018-05-02T20:09:15+00:00","retrievedAt":"2026-09-18T02:36:49.784947+00:00","networkType":"Published fiber route; network class not specified","serviceability":"Unconfirmed","routeDiversity":"Unconfirmed","states":["KS"]},"bbox":[-94.9181107106311,38.8037543858449,-94.9174712452158,38.8037612996264]},{"type":"Feature","geometry":{"type":"LineString","coordinates":[[-94.9182291445886,38.8036741189065],[-94.9182407119769,38.8031220854179]]},"properties":{"id":"arcgis-23-2-a08280f99ef740c2","sourceId":"arcgis-23-2","source":"Fiber_BackBone \u2014 Fiber Backbone (Approx 31 Miles)","sourceUrl":"https://services5.arcgis.com/Ox3HYmIeiVBmWWrQ/arcgis/rest/services/Fiber_BackBone/FeatureServer/2","name":"Fiber_BackBone \u2014 Fiber Backbone (Approx 31 Miles)","carrier":"Not published","routeStatus":"Unknown","category":"unknown","evidence":"agency_route","dataDate":null,"metadataModified":"2018-05-02T20:09:15+00:00","retrievedAt":"2026-09-18T02:36:49.784947+00:00","networkType":"Published fiber route; network class not specified","serviceability":"Unconfirmed","routeDiversity":"Unconfirmed","states":["KS"]},"bbox":[-94.9182407119769,38.8031220854179,-94.9182291445886,38.8036741189065]},{"type":"Feature","geometry":{"type":"LineString","coordinates":[[-94.9182407119769,38.8031220854179],[-94.9182418946114,38.802571385965]]},"properties":{"id":"arcgis-23-2-f95b2d3a650311c3","sourceId":"arcgis-23-2","source":"Fiber_BackBone \u2014 Fiber Backbone (Approx 31 Miles)","sourceUrl":"https://services5.arcgis.com/Ox3HYmIeiVBmWWrQ/arcgis/rest/services/Fiber_BackBone/FeatureServer/2","name":"Fiber_BackBone \u2014 Fiber Backbone (Approx 31 Miles)","carrier":"Not published","routeStatus":"Unknown","category":"unknown","evidence":"agency_route","dataDate":null,"metadataModified":"2018-05-02T20:09:15+00:00","retrievedAt":"2026-09-18T02:36:49.784947+00:00","networkType":"Published fiber route; network class not specified","serviceability":"Unconfirmed","routeDiversity":"Unconfirmed","states":["KS"]},"bbox":[-94.9182418946114,38.802571385965,-94.9182407119769,38.8031220854179]},{"type":"Feature","geometry":{"type":"LineString","coordinates":[[-94.9182418946114,38.802571385965],[-94.9182448452898,38.8020200521902]]},"properties":{"id":"arcgis-23-2-a8785ca364ea2fd1","sourceId":"arcgis-23-2","source":"Fiber_BackBone \u2014 Fiber Backbone (Approx 31 Miles)","sourceUrl":"https://services5.arcgis.com/Ox3HYmIeiVBmWWrQ/arcgis/rest/services/Fiber_BackBone/FeatureServer/2","name":"Fiber_BackBone \u2014 Fiber Backbone (Approx 31 Miles)","carrier":"Not published","routeStatus":"Unknown","category":"unknown","evidence":"agency_route","dataDate":null,"metadataModified":"2018-05-02T20:09:15+00:00","retrievedAt":"2026-09-18T02:36:49.784947+00:00","networkType":"Published fiber route; network class not specified","serviceability":"Unconfirmed","routeDiversity":"Unconfirmed","states":["KS"]},"bbox":[-94.9182448452898,38.8020200521902,-94.9182418946114,38.802571385965]},{"type":"Feature","geometry":{"type":"LineString","coordinates":[[-94.9182448452898,38.8020200521902],[-94.9182422325044,38.8014719475109]]},"properties":{"id":"arcgis-23-2-5ad42455dc868d35","sourceId":"arcgis-23-2","source":"Fiber_BackBone \u2014 Fiber Backbone (Approx 31 Miles)","sourceUrl":"https://services5.arcgis.com/Ox3HYmIeiVBmWWrQ/arcgis/rest/services/Fiber_BackBone/FeatureServer/2","name":"Fiber_BackBone \u2014 Fiber Backbone (Approx 31 Miles)","carrier":"Not published","routeStatus":"Unknown","category":"unknown","evidence":"agency_route","dataDate":null,"metadataModified":"2018-05-02T20:09:15+00:00","retrievedAt":"2026-09-18T02:36:49.784947+00:00","networkType":"Published fiber route; network class not specified","serviceability":"Unconfirmed","routeDiversity":"Unconfirmed","states":["KS"]},"bbox":[-94.9182448452898,38.8014719475109,-94.9182422325044,38.8020200521902]},{"type":"Feature","geometry":{"type":"LineString","coordinates":[[-94.9182422325044,38.8014719475109],[-94.9182359809197,38.8009289826615]]},"properties":{"id":"arcgis-23-2-55713c1af7394097","sourceId":"arcgis-23-2","source":"Fiber_BackBone \u2014 Fiber Backbone (Approx 31 Miles)","sourceUrl":"https://services5.arcgis.com/Ox3HYmIeiVBmWWrQ/arcgis/rest/services/Fiber_BackBone/FeatureServer/2","name":"Fiber_BackBone \u2014 Fiber Backbone (Approx 31 Miles)","carrier":"Not published","routeStatus":"Unknown","category":"unknown","evidence":"agency_route","dataDate":null,"metadataModified":"2018-05-02T20:09:15+00:00","retrievedAt":"2026-09-18T02:36:49.784947+00:00","networkType":"Published fiber route; network class not specified","serviceability":"Unconfirmed","routeDiversity":"Unconfirmed","states":["KS"]},"bbox":[-94.9182422325044,38.8009289826615,-94.9182359809197,38.8014719475109]},{"type":"Feature","geometry":{"type":"LineString","coordinates":[[-94.9182359809197,38.8009289826615],[-94.9182374409435,38.800386309772]]},"properties":{"id":"arcgis-23-2-2a4d7bea680bdd44","sourceId":"arcgis-23-2","source":"Fiber_BackBone \u2014 Fiber Backbone (Approx 31 Miles)","sourceUrl":"https://services5.arcgis.com/Ox3HYmIeiVBmWWrQ/arcgis/rest/services/Fiber_BackBone/FeatureServer/2","name":"Fiber_BackBone \u2014 Fiber Backbone (Approx 31 Miles)","carrier":"Not published","routeStatus":"Unknown","category":"unknown","evidence":"agency_route","dataDate":null,"metadataModified":"2018-05-02T20:09:15+00:00","retrievedAt":"2026-09-18T02:36:49.784947+00:00","networkType":"Published fiber route; network class not specified","serviceability":"Unconfirmed","routeDiversity":"Unconfirmed","states":["KS"]},"bbox":[-94.9182374409435,38.800386309772,-94.9182359809197,38.8009289826615]},{"type":"Feature","geometry":{"type":"LineString","coordinates":[[-94.9182374409435,38.800386309772],[-94.9182510453757,38.7998332687246]]},"properties":{"id":"arcgis-23-2-4746799e95fa63af","sourceId":"arcgis-23-2","source":"Fiber_BackBone \u2014 Fiber Backbone (Approx 31 Miles)","sourceUrl":"https://services5.arcgis.com/Ox3HYmIeiVBmWWrQ/arcgis/rest/services/Fiber_BackBone/FeatureServer/2","name":"Fiber_BackBone \u2014 Fiber Backbone (Approx 31 Miles)","carrier":"Not published","routeStatus":"Unknown","category":"unknown","evidence":"agency_route","dataDate":null,"metadataModified":"2018-05-02T20:09:15+00:00","retrievedAt":"2026-09-18T02:36:49.784947+00:00","networkType":"Published fiber route; network class not specified","serviceability":"Unconfirmed","routeDiversity":"Unconfirmed","states":["KS"]},"bbox":[-94.9182510453757,38.7998332687246,-94.9182374409435,38.800386309772]},{"type":"Feature","geometry":{"type":"LineString","coordinates":[[-94.9182510453757,38.7998332687246],[-94.9182487944731,38.7992935524947]]},"properties":{"id":"arcgis-23-2-1625733a8e70860b","sourceId":"arcgis-23-2","source":"Fiber_BackBone \u2014 Fiber Backbone (Approx 31 Miles)","sourceUrl":"https://services5.arcgis.com/Ox3HYmIeiVBmWWrQ/arcgis/rest/services/Fiber_BackBone/FeatureServer/2","name":"Fiber_BackBone \u2014 Fiber Backbone (Approx 31 Miles)","carrier":"Not published","routeStatus":"Unknown","category":"unknown","evidence":"agency_route","dataDate":null,"metadataModified":"2018-05-02T20:09:15+00:00","retrievedAt":"2026-09-18T02:36:49.784947+00:00","networkType":"Published fiber route; network class not specified","serviceability":"Unconfirmed","routeDiversity":"Unconfirmed","states":["KS"]},"bbox":[-94.9182510453757,38.7992935524947,-94.9182487944731,38.7998332687246]},{"type":"Feature","geometry":{"type":"LineString","coordinates":[[-94.9182487944731,38.7992935524947],[-94.9182405954659,38.7987600358357]]},"properties":{"id":"arcgis-23-2-2e859b30b458c10f","sourceId":"arcgis-23-2","source":"Fiber_BackBone \u2014 Fiber Backbone (Approx 31 Miles)","sourceUrl":"https://services5.arcgis.com/Ox3HYmIeiVBmWWrQ/arcgis/rest/services/Fiber_BackBone/FeatureServer/2","name":"Fiber_BackBone \u2014 Fiber Backbone (Approx 31 Miles)","carrier":"Not published","routeStatus":"Unknown","category":"unknown","evidence":"agency_route","dataDate":null,"metadataModified":"2018-05-02T20:09:15+00:00","retrievedAt":"2026-09-18T02:36:49.784947+00:00","networkType":"Published fiber route; network class not specified","serviceability":"Unconfirmed","routeDiversity":"Unconfirmed","states":["KS"]},"bbox":[-94.9182487944731,38.7987600358357,-94.9182405954659,38.7992935524947]},{"type":"Feature","geometry":{"type":"LineString","coordinates":[[-94.9182405954659,38.7987600358357],[-94.918249711351,38.7982177354225]]},"properties":{"id":"arcgis-23-2-8dce97a9e232fe0f","sourceId":"arcgis-23-2","source":"Fiber_BackBone \u2014 Fiber Backbone (Approx 31 Miles)","sourceUrl":"https://services5.arcgis.com/Ox3HYmIeiVBmWWrQ/arcgis/rest/services/Fiber_BackBone/FeatureServer/2","name":"Fiber_BackBone \u2014 Fiber Backbone (Approx 31 Miles)","carrier":"Not published","routeStatus":"Unknown","category":"unknown","evidence":"agency_route","dataDate":null,"metadataModified":"2018-05-02T20:09:15+00:00","retrievedAt":"2026-09-18T02:36:49.784947+00:00","networkType":"Published fiber route; network class not specified","serviceability":"Unconfirmed","routeDiversity":"Unconfirmed","states":["KS"]},"bbox":[-94.918249711351,38.7982177354225,-94.9182405954659,38.7987600358357]},{"type":"Feature","geometry":{"type":"LineString","coordinates":[[-94.918249711351,38.7982177354225],[-94.9182455453172,38.7976767693562]]},"properties":{"id":"arcgis-23-2-7f3c1265b77db1a3","sourceId":"arcgis-23-2","source":"Fiber_BackBone \u2014 Fiber Backbone (Approx 31 Miles)","sourceUrl":"https://services5.arcgis.com/Ox3HYmIeiVBmWWrQ/arcgis/rest/services/Fiber_BackBone/FeatureServer/2","name":"Fiber_BackBone \u2014 Fiber Backbone (Approx 31 Miles)","carrier":"Not published","routeStatus":"Unknown","category":"unknown","evidence":"agency_route","dataDate":null,"metadataModified":"2018-05-02T20:09:15+00:00","retrievedAt":"2026-09-18T02:36:49.784947+00:00","networkType":"Published fiber route; network class not specified","serviceability":"Unconfirmed","routeDiversity":"Unconfirmed","states":["KS"]},"bbox":[-94.918249711351,38.7976767693562,-94.9182455453172,38.7982177354225]},{"type":"Feature","geometry":{"type":"LineString","coordinates":[[-94.9182455453172,38.7976767693562],[-94.9182472778601,38.7971417019612]]},"properties":{"id":"arcgis-23-2-f89cd2050d2e25a8","sourceId":"arcgis-23-2","source":"Fiber_BackBone \u2014 Fiber Backbone (Approx 31 Miles)","sourceUrl":"https://services5.arcgis.com/Ox3HYmIeiVBmWWrQ/arcgis/rest/services/Fiber_BackBone/FeatureServer/2","name":"Fiber_BackBone \u2014 Fiber Backbone (Approx 31 Miles)","carrier":"Not published","routeStatus":"Unknown","category":"unknown","evidence":"agency_route","dataDate":null,"metadataModified":"2018-05-02T20:09:15+00:00","retrievedAt":"2026-09-18T02:36:49.784947+00:00","networkType":"Published fiber route; network class not specified","serviceability":"Unconfirmed","routeDiversity":"Unconfirmed","states":["KS"]},"bbox":[-94.9182472778601,38.7971417019612,-94.9182455453172,38.7976767693562]},{"type":"Feature","geometry":{"type":"LineString","coordinates":[[-94.9182633120338,38.7966297194258],[-94.9176189423093,38.7966233068233]]},"properties":{"id":"arcgis-23-2-9197afa0d95d6f13","sourceId":"arcgis-23-2","source":"Fiber_BackBone \u2014 Fiber Backbone (Approx 31 Miles)","sourceUrl":"https://services5.arcgis.com/Ox3HYmIeiVBmWWrQ/arcgis/rest/services/Fiber_BackBone/FeatureServer/2","name":"Fiber_BackBone \u2014 Fiber Backbone (Approx 31 Miles)","carrier":"Not published","routeStatus":"Unknown","category":"unknown","evidence":"agency_route","dataDate":null,"metadataModified":"2018-05-02T20:09:15+00:00","retrievedAt":"2026-09-18T02:36:49.784947+00:00","networkType":"Published fiber route; network class not specified","serviceability":"Unconfirmed","routeDiversity":"Unconfirmed","states":["KS"]},"bbox":[-94.9182633120338,38.7966233068233,-94.9176189423093,38.7966297194258]},{"type":"Feature","geometry":{"type":"LineString","coordinates":[[-94.9176189423093,38.7966233068233],[-94.9169264120983,38.7966195692742]]},"properties":{"id":"arcgis-23-2-9637eab963a2d4bf","sourceId":"arcgis-23-2","source":"Fiber_BackBone \u2014 Fiber Backbone (Approx 31 Miles)","sourceUrl":"https://services5.arcgis.com/Ox3HYmIeiVBmWWrQ/arcgis/rest/services/Fiber_BackBone/FeatureServer/2","name":"Fiber_BackBone \u2014 Fiber Backbone (Approx 31 Miles)","carrier":"Not published","routeStatus":"Unknown","category":"unknown","evidence":"agency_route","dataDate":null,"metadataModified":"2018-05-02T20:09:15+00:00","retrievedAt":"2026-09-18T02:36:49.784947+00:00","networkType":"Published fiber route; network class not specified","serviceability":"Unconfirmed","routeDiversity":"Unconfirmed","states":["KS"]},"bbox":[-94.9176189423093,38.7966195692742,-94.9169264120983,38.7966233068233]},{"type":"Feature","geometry":{"type":"LineString","coordinates":[[-94.9169264120983,38.7966195692742],[-94.9162977782459,38.7966167189117]]},"properties":{"id":"arcgis-23-2-2463514559b97f37","sourceId":"arcgis-23-2","source":"Fiber_BackBone \u2014 Fiber Backbone (Approx 31 Miles)","sourceUrl":"https://services5.arcgis.com/Ox3HYmIeiVBmWWrQ/arcgis/rest/services/Fiber_BackBone/FeatureServer/2","name":"Fiber_BackBone \u2014 Fiber Backbone (Approx 31 Miles)","carrier":"Not published","routeStatus":"Unknown","category":"unknown","evidence":"agency_route","dataDate":null,"metadataModified":"2018-05-02T20:09:15+00:00","retrievedAt":"2026-09-18T02:36:49.784947+00:00","networkType":"Published fiber route; network class not specified","serviceability":"Unconfirmed","routeDiversity":"Unconfirmed","states":["KS"]},"bbox":[-94.9169264120983,38.7966167189117,-94.9162977782459,38.7966195692742]},{"type":"Feature","geometry":{"type":"LineString","coordinates":[[-94.9162977782459,38.7966167189117],[-94.9155977783893,38.7966142019959]]},"properties":{"id":"arcgis-23-2-12f9d3130ae1ab48","sourceId":"arcgis-23-2","source":"Fiber_BackBone \u2014 Fiber Backbone (Approx 31 Miles)","sourceUrl":"https://services5.arcgis.com/Ox3HYmIeiVBmWWrQ/arcgis/rest/services/Fiber_BackBone/FeatureServer/2","name":"Fiber_BackBone \u2014 Fiber Backbone (Approx 31 Miles)","carrier":"Not published","routeStatus":"Unknown","category":"unknown","evidence":"agency_route","dataDate":null,"metadataModified":"2018-05-02T20:09:15+00:00","retrievedAt":"2026-09-18T02:36:49.784947+00:00","networkType":"Published fiber route; network class not specified","serviceability":"Unconfirmed","routeDiversity":"Unconfirmed","states":["KS"]},"bbox":[-94.9162977782459,38.7966142019959,-94.9155977783893,38.7966167189117]},{"type":"Feature","geometry":{"type":"LineString","coordinates":[[-94.9155977783893,38.7966142019959],[-94.9148991617349,38.7966114193923]]},"properties":{"id":"arcgis-23-2-dcb26f08f7cf6e12","sourceId":"arcgis-23-2","source":"Fiber_BackBone \u2014 Fiber Backbone (Approx 31 Miles)","sourceUrl":"https://services5.arcgis.com/Ox3HYmIeiVBmWWrQ/arcgis/rest/services/Fiber_BackBone/FeatureServer/2","name":"Fiber_BackBone \u2014 Fiber Backbone (Approx 31 Miles)","carrier":"Not published","routeStatus":"Unknown","category":"unknown","evidence":"agency_route","dataDate":null,"metadataModified":"2018-05-02T20:09:15+00:00","retrievedAt":"2026-09-18T02:36:49.784947+00:00","networkType":"Published fiber route; network class not specified","serviceability":"Unconfirmed","routeDiversity":"Unconfirmed","states":["KS"]},"bbox":[-94.9155977783893,38.7966114193923,-94.9148991617349,38.7966142019959]},{"type":"Feature","geometry":{"type":"LineString","coordinates":[[-94.9148991617349,38.7966114193923],[-94.9142223611354,38.7966089189212]]},"properties":{"id":"arcgis-23-2-f208dd0748d6bbec","sourceId":"arcgis-23-2","source":"Fiber_BackBone \u2014 Fiber Backbone (Approx 31 Miles)","sourceUrl":"https://services5.arcgis.com/Ox3HYmIeiVBmWWrQ/arcgis/rest/services/Fiber_BackBone/FeatureServer/2","name":"Fiber_BackBone \u2014 Fiber Backbone (Approx 31 Miles)","carrier":"Not published","routeStatus":"Unknown","category":"unknown","evidence":"agency_route","dataDate":null,"metadataModified":"2018-05-02T20:09:15+00:00","retrievedAt":"2026-09-18T02:36:49.784947+00:00","networkType":"Published fiber route; network class not specified","serviceability":"Unconfirmed","routeDiversity":"Unconfirmed","states":["KS"]},"bbox":[-94.9148991617349,38.7966089189212,-94.9142223611354,38.7966114193923]},{"type":"Feature","geometry":{"type":"LineString","coordinates":[[-94.9142223611354,38.7966089189212],[-94.9135321613998,38.7966096524105]]},"properties":{"id":"arcgis-23-2-9d256f804acd5efa","sourceId":"arcgis-23-2","source":"Fiber_BackBone \u2014 Fiber Backbone (Approx 31 Miles)","sourceUrl":"https://services5.arcgis.com/Ox3HYmIeiVBmWWrQ/arcgis/rest/services/Fiber_BackBone/FeatureServer/2","name":"Fiber_BackBone \u2014 Fiber Backbone (Approx 31 Miles)","carrier":"Not published","routeStatus":"Unknown","category":"unknown","evidence":"agency_route","dataDate":null,"metadataModified":"2018-05-02T20:09:15+00:00","retrievedAt":"2026-09-18T02:36:49.784947+00:00","networkType":"Published fiber route; network class not specified","serviceability":"Unconfirmed","routeDiversity":"Unconfirmed","states":["KS"]},"bbox":[-94.9142223611354,38.7966089189212,-94.9135321613998,38.7966096524105]},{"type":"Feature","geometry":{"type":"LineString","coordinates":[[-94.9127569620031,38.7966082853475],[-94.9120976112862,38.7966063192996]]},"properties":{"id":"arcgis-23-2-7663558f76613321","sourceId":"arcgis-23-2","source":"Fiber_BackBone \u2014 Fiber Backbone (Approx 31 Miles)","sourceUrl":"https://services5.arcgis.com/Ox3HYmIeiVBmWWrQ/arcgis/rest/services/Fiber_BackBone/FeatureServer/2","name":"Fiber_BackBone \u2014 Fiber Backbone (Approx 31 Miles)","carrier":"Not published","routeStatus":"Unknown","category":"unknown","evidence":"agency_route","dataDate":null,"metadataModified":"2018-05-02T20:09:15+00:00","retrievedAt":"2026-09-18T02:36:49.784947+00:00","networkType":"Published fiber route; network class not specified","serviceability":"Unconfirmed","routeDiversity":"Unconfirmed","states":["KS"]},"bbox":[-94.9127569620031,38.7966063192996,-94.9120976112862,38.7966082853475]},{"type":"Feature","geometry":{"type":"LineString","coordinates":[[-94.9120976112862,38.7966063192996],[-94.9114194114451,38.7966030358916]]},"properties":{"id":"arcgis-23-2-f79533366823d0f4","sourceId":"arcgis-23-2","source":"Fiber_BackBone \u2014 Fiber Backbone (Approx 31 Miles)","sourceUrl":"https://services5.arcgis.com/Ox3HYmIeiVBmWWrQ/arcgis/rest/services/Fiber_BackBone/FeatureServer/2","name":"Fiber_BackBone \u2014 Fiber Backbone (Approx 31 Miles)","carrier":"Not published","routeStatus":"Unknown","category":"unknown","evidence":"agency_route","dataDate":null,"metadataModified":"2018-05-02T20:09:15+00:00","retrievedAt":"2026-09-18T02:36:49.784947+00:00","networkType":"Published fiber route; network class not specified","serviceability":"Unconfirmed","routeDiversity":"Unconfirmed","states":["KS"]},"bbox":[-94.9120976112862,38.7966030358916,-94.9114194114451,38.7966063192996]},{"type":"Feature","geometry":{"type":"LineString","coordinates":[[-94.9114194114451,38.7966030358916],[-94.9107439450654,38.7965985019454]]},"properties":{"id":"arcgis-23-2-e6869afc5431c537","sourceId":"arcgis-23-2","source":"Fiber_BackBone \u2014 Fiber Backbone (Approx 31 Miles)","sourceUrl":"https://services5.arcgis.com/Ox3HYmIeiVBmWWrQ/arcgis/rest/services/Fiber_BackBone/FeatureServer/2","name":"Fiber_BackBone \u2014 Fiber Backbone (Approx 31 Miles)","carrier":"Not published","routeStatus":"Unknown","category":"unknown","evidence":"agency_route","dataDate":null,"metadataModified":"2018-05-02T20:09:15+00:00","retrievedAt":"2026-09-18T02:36:49.784947+00:00","networkType":"Published fiber route; network class not specified","serviceability":"Unconfirmed","routeDiversity":"Unconfirmed","states":["KS"]},"bbox":[-94.9114194114451,38.7965985019454,-94.9107439450654,38.7966030358916]},{"type":"Feature","geometry":{"type":"LineString","coordinates":[[-94.9107439450654,38.7965985019454],[-94.9100675445136,38.7965985359452]]},"properties":{"id":"arcgis-23-2-9c4ebea47f4599bf","sourceId":"arcgis-23-2","source":"Fiber_BackBone \u2014 Fiber Backbone (Approx 31 Miles)","sourceUrl":"https://services5.arcgis.com/Ox3HYmIeiVBmWWrQ/arcgis/rest/services/Fiber_BackBone/FeatureServer/2","name":"Fiber_BackBone \u2014 Fiber Backbone (Approx 31 Miles)","carrier":"Not published","routeStatus":"Unknown","category":"unknown","evidence":"agency_route","dataDate":null,"metadataModified":"2018-05-02T20:09:15+00:00","retrievedAt":"2026-09-18T02:36:49.784947+00:00","networkType":"Published fiber route; network class not specified","serviceability":"Unconfirmed","routeDiversity":"Unconfirmed","states":["KS"]},"bbox":[-94.9107439450654,38.7965985019454,-94.9100675445136,38.7965985359452]},{"type":"Feature","geometry":{"type":"LineString","coordinates":[[-94.9100675445136,38.7965985359452],[-94.909404877851,38.7965941026504]]},"properties":{"id":"arcgis-23-2-e3e5c10a453a33e3","sourceId":"arcgis-23-2","source":"Fiber_BackBone \u2014 Fiber Backbone (Approx 31 Miles)","sourceUrl":"https://services5.arcgis.com/Ox3HYmIeiVBmWWrQ/arcgis/rest/services/Fiber_BackBone/FeatureServer/2","name":"Fiber_BackBone \u2014 Fiber Backbone (Approx 31 Miles)","carrier":"Not published","routeStatus":"Unknown","category":"unknown","evidence":"agency_route","dataDate":null,"metadataModified":"2018-05-02T20:09:15+00:00","retrievedAt":"2026-09-18T02:36:49.784947+00:00","networkType":"Published fiber route; network class not specified","serviceability":"Unconfirmed","routeDiversity":"Unconfirmed","states":["KS"]},"bbox":[-94.9100675445136,38.7965941026504,-94.909404877851,38.7965985359452]},{"type":"Feature","geometry":{"type":"LineString","coordinates":[[-94.9302376115107,38.7965890355437],[-94.9295253343252,38.796589163139]]},"properties":{"id":"arcgis-23-2-8d637ee258def571","sourceId":"arcgis-23-2","source":"Fiber_BackBone \u2014 Fiber Backbone (Approx 31 Miles)","sourceUrl":"https://services5.arcgis.com/Ox3HYmIeiVBmWWrQ/arcgis/rest/services/Fiber_BackBone/FeatureServer/2","name":"Fiber_BackBone \u2014 Fiber Backbone (Approx 31 Miles)","carrier":"Not published","routeStatus":"Unknown","category":"unknown","evidence":"agency_route","dataDate":null,"metadataModified":"2018-05-02T20:09:15+00:00","retrievedAt":"2026-09-18T02:36:49.784947+00:00","networkType":"Published fiber route; network class not specified","serviceability":"Unconfirmed","routeDiversity":"Unconfirmed","states":["KS"]},"bbox":[-94.9302376115107,38.7965890355437,-94.9295253343252,38.796589163139]},{"type":"Feature","geometry":{"type":"LineString","coordinates":[[-94.9320958114035,38.7966106022731],[-94.9328607339415,38.7966138882097]]},"properties":{"id":"arcgis-23-2-31be27d437324d20","sourceId":"arcgis-23-2","source":"Fiber_BackBone \u2014 Fiber Backbone (Approx 31 Miles)","sourceUrl":"https://services5.arcgis.com/Ox3HYmIeiVBmWWrQ/arcgis/rest/services/Fiber_BackBone/FeatureServer/2","name":"Fiber_BackBone \u2014 Fiber Backbone (Approx 31 Miles)","carrier":"Not published","routeStatus":"Unknown","category":"unknown","evidence":"agency_route","dataDate":null,"metadataModified":"2018-05-02T20:09:15+00:00","retrievedAt":"2026-09-18T02:36:49.784947+00:00","networkType":"Published fiber route; network class not specified","serviceability":"Unconfirmed","routeDiversity":"Unconfirmed","states":["KS"]},"bbox":[-94.9328607339415,38.7966106022731,-94.9320958114035,38.7966138882097]},{"type":"Feature","geometry":{"type":"LineString","coordinates":[[-94.9335967445728,38.7966427189107],[-94.9344450616699,38.7966498464081]]},"properties":{"id":"arcgis-23-2-8c02c7e4e4c6232a","sourceId":"arcgis-23-2","source":"Fiber_BackBone \u2014 Fiber Backbone (Approx 31 Miles)","sourceUrl":"https://services5.arcgis.com/Ox3HYmIeiVBmWWrQ/arcgis/rest/services/Fiber_BackBone/FeatureServer/2","name":"Fiber_BackBone \u2014 Fiber Backbone (Approx 31 Miles)","carrier":"Not published","routeStatus":"Unknown","category":"unknown","evidence":"agency_route","dataDate":null,"metadataModified":"2018-05-02T20:09:15+00:00","retrievedAt":"2026-09-18T02:36:49.784947+00:00","networkType":"Published fiber route; network class not specified","serviceability":"Unconfirmed","routeDiversity":"Unconfirmed","states":["KS"]},"bbox":[-94.9344450616699,38.7966427189107,-94.9335967445728,38.7966498464081]},{"type":"Feature","geometry":{"type":"LineString","coordinates":[[-94.9344450616699,38.7966498464081],[-94.9352178949973,38.796647368585]]},"properties":{"id":"arcgis-23-2-b687fdc8c73d8640","sourceId":"arcgis-23-2","source":"Fiber_BackBone \u2014 Fiber Backbone (Approx 31 Miles)","sourceUrl":"https://services5.arcgis.com/Ox3HYmIeiVBmWWrQ/arcgis/rest/services/Fiber_BackBone/FeatureServer/2","name":"Fiber_BackBone \u2014 Fiber Backbone (Approx 31 Miles)","carrier":"Not published","routeStatus":"Unknown","category":"unknown","evidence":"agency_route","dataDate":null,"metadataModified":"2018-05-02T20:09:15+00:00","retrievedAt":"2026-09-18T02:36:49.784947+00:00","networkType":"Published fiber route; network class not specified","serviceability":"Unconfirmed","routeDiversity":"Unconfirmed","states":["KS"]},"bbox":[-94.9352178949973,38.796647368585,-94.9344450616699,38.7966498464081]},{"type":"Feature","geometry":{"type":"LineString","coordinates":[[-94.9352178949973,38.796647368585],[-94.9359963113006,38.7966566192291]]},"properties":{"id":"arcgis-23-2-c18f249d07a3293c","sourceId":"arcgis-23-2","source":"Fiber_BackBone \u2014 Fiber Backbone (Approx 31 Miles)","sourceUrl":"https://services5.arcgis.com/Ox3HYmIeiVBmWWrQ/arcgis/rest/services/Fiber_BackBone/FeatureServer/2","name":"Fiber_BackBone \u2014 Fiber Backbone (Approx 31 Miles)","carrier":"Not published","routeStatus":"Unknown","category":"unknown","evidence":"agency_route","dataDate":null,"metadataModified":"2018-05-02T20:09:15+00:00","retrievedAt":"2026-09-18T02:36:49.784947+00:00","networkType":"Published fiber route; network class not specified","serviceability":"Unconfirmed","routeDiversity":"Unconfirmed","states":["KS"]},"bbox":[-94.9359963113006,38.796647368585,-94.9352178949973,38.7966566192291]},{"type":"Feature","geometry":{"type":"LineString","coordinates":[[-94.9244972117072,38.7965903523862],[-94.9237513042634,38.7965888183804]]},"properties":{"id":"arcgis-23-2-b3ba70c3d7fc40c4","sourceId":"arcgis-23-2","source":"Fiber_BackBone \u2014 Fiber Backbone (Approx 31 Miles)","sourceUrl":"https://services5.arcgis.com/Ox3HYmIeiVBmWWrQ/arcgis/rest/services/Fiber_BackBone/FeatureServer/2","name":"Fiber_BackBone \u2014 Fiber Backbone (Approx 31 Miles)","carrier":"Not published","routeStatus":"Unknown","category":"unknown","evidence":"agency_route","dataDate":null,"metadataModified":"2018-05-02T20:09:15+00:00","retrievedAt":"2026-09-18T02:36:49.784947+00:00","networkType":"Published fiber route; network class not specified","serviceability":"Unconfirmed","routeDiversity":"Unconfirmed","states":["KS"]},"bbox":[-94.9244972117072,38.7965888183804,-94.9237513042634,38.7965903523862]},{"type":"Feature","geometry":{"type":"LineString","coordinates":[[-94.9274436617739,38.812914052065],[-94.9274000881906,38.8123138300873]]},"properties":{"id":"arcgis-23-2-efcd7fb2b11ec52b","sourceId":"arcgis-23-2","source":"Fiber_BackBone \u2014 Fiber Backbone (Approx 31 Miles)","sourceUrl":"https://services5.arcgis.com/Ox3HYmIeiVBmWWrQ/arcgis/rest/services/Fiber_BackBone/FeatureServer/2","name":"Fiber_BackBone \u2014 Fiber Backbone (Approx 31 Miles)","carrier":"Not published","routeStatus":"Unknown","category":"unknown","evidence":"agency_route","dataDate":null,"metadataModified":"2018-05-02T20:09:15+00:00","retrievedAt":"2026-09-18T02:36:49.784947+00:00","networkType":"Published fiber route; network class not specified","serviceability":"Unconfirmed","routeDiversity":"Unconfirmed","states":["KS"]},"bbox":[-94.9274436617739,38.8123138300873,-94.9274000881906,38.812914052065]},{"type":"Feature","geometry":{"type":"LineString","coordinates":[[-94.9063732111397,38.79741860236],[-94.9056839612452,38.7977665357118]]},"properties":{"id":"arcgis-23-2-32293d84fcab6ff9","sourceId":"arcgis-23-2","source":"Fiber_BackBone \u2014 Fiber Backbone (Approx 31 Miles)","sourceUrl":"https://services5.arcgis.com/Ox3HYmIeiVBmWWrQ/arcgis/rest/services/Fiber_BackBone/FeatureServer/2","name":"Fiber_BackBone \u2014 Fiber Backbone (Approx 31 Miles)","carrier":"Not published","routeStatus":"Unknown","category":"unknown","evidence":"agency_route","dataDate":null,"metadataModified":"2018-05-02T20:09:15+00:00","retrievedAt":"2026-09-18T02:36:49.784947+00:00","networkType":"Published fiber route; network class not specified","serviceability":"Unconfirmed","routeDiversity":"Unconfirmed","states":["KS"]},"bbox":[-94.9063732111397,38.79741860236,-94.9056839612452,38.7977665357118]},{"type":"Feature","geometry":{"type":"LineString","coordinates":[[-94.941029845088,38.8110263020761],[-94.9418898618373,38.8110243356557]]},"properties":{"id":"arcgis-23-2-96368d6fa5e74f1c","sourceId":"arcgis-23-2","source":"Fiber_BackBone \u2014 Fiber Backbone (Approx 31 Miles)","sourceUrl":"https://services5.arcgis.com/Ox3HYmIeiVBmWWrQ/arcgis/rest/services/Fiber_BackBone/FeatureServer/2","name":"Fiber_BackBone \u2014 Fiber Backbone (Approx 31 Miles)","carrier":"Not published","routeStatus":"Unknown","category":"unknown","evidence":"agency_route","dataDate":null,"metadataModified":"2018-05-02T20:09:15+00:00","retrievedAt":"2026-09-18T02:36:49.784947+00:00","networkType":"Published fiber route; network class not specified","serviceability":"Unconfirmed","routeDiversity":"Unconfirmed","states":["KS"]},"bbox":[-94.9418898618373,38.8110243356557,-94.941029845088,38.8110263020761]},{"type":"Feature","geometry":{"type":"LineString","coordinates":[[-94.9418898618373,38.8110243356557],[-94.942763094878,38.811022135233]]},"properties":{"id":"arcgis-23-2-b6d935b32fc87daa","sourceId":"arcgis-23-2","source":"Fiber_BackBone \u2014 Fiber Backbone (Approx 31 Miles)","sourceUrl":"https://services5.arcgis.com/Ox3HYmIeiVBmWWrQ/arcgis/rest/services/Fiber_BackBone/FeatureServer/2","name":"Fiber_BackBone \u2014 Fiber Backbone (Approx 31 Miles)","carrier":"Not published","routeStatus":"Unknown","category":"unknown","evidence":"agency_route","dataDate":null,"metadataModified":"2018-05-02T20:09:15+00:00","retrievedAt":"2026-09-18T02:36:49.784947+00:00","networkType":"Published fiber route; network class not specified","serviceability":"Unconfirmed","routeDiversity":"Unconfirmed","states":["KS"]},"bbox":[-94.942763094878,38.811022135233,-94.9418898618373,38.8110243356557]},{"type":"Feature","geometry":{"type":"LineString","coordinates":[[-94.942763094878,38.811022135233],[-94.9436313782638,38.8110260022262]]},"properties":{"id":"arcgis-23-2-48df90a21d4b31f1","sourceId":"arcgis-23-2","source":"Fiber_BackBone \u2014 Fiber Backbone (Approx 31 Miles)","sourceUrl":"https://services5.arcgis.com/Ox3HYmIeiVBmWWrQ/arcgis/rest/services/Fiber_BackBone/FeatureServer/2","name":"Fiber_BackBone \u2014 Fiber Backbone (Approx 31 Miles)","carrier":"Not published","routeStatus":"Unknown","category":"unknown","evidence":"agency_route","dataDate":null,"metadataModified":"2018-05-02T20:09:15+00:00","retrievedAt":"2026-09-18T02:36:49.784947+00:00","networkType":"Published fiber route; network class not specified","serviceability":"Unconfirmed","routeDiversity":"Unconfirmed","states":["KS"]},"bbox":[-94.9436313782638,38.811022135233,-94.942763094878,38.8110260022262]},{"type":"Feature","geometry":{"type":"LineString","coordinates":[[-94.9182799371655,38.7957894874696],[-94.9182647611257,38.7951668523852]]},"properties":{"id":"arcgis-23-2-c9f5bb8af20c79ae","sourceId":"arcgis-23-2","source":"Fiber_BackBone \u2014 Fiber Backbone (Approx 31 Miles)","sourceUrl":"https://services5.arcgis.com/Ox3HYmIeiVBmWWrQ/arcgis/rest/services/Fiber_BackBone/FeatureServer/2","name":"Fiber_BackBone \u2014 Fiber Backbone (Approx 31 Miles)","carrier":"Not published","routeStatus":"Unknown","category":"unknown","evidence":"agency_route","dataDate":null,"metadataModified":"2018-05-02T20:09:15+00:00","retrievedAt":"2026-09-18T02:36:49.784947+00:00","networkType":"Published fiber route; network class not specified","serviceability":"Unconfirmed","routeDiversity":"Unconfirmed","states":["KS"]},"bbox":[-94.9182799371655,38.7951668523852,-94.9182647611257,38.7957894874696]},{"type":"Feature","geometry":{"type":"LineString","coordinates":[[-94.9182647611257,38.7951668523852],[-94.9182605605967,38.7945834466685]]},"properties":{"id":"arcgis-23-2-5f0479109d89289e","sourceId":"arcgis-23-2","source":"Fiber_BackBone \u2014 Fiber Backbone (Approx 31 Miles)","sourceUrl":"https://services5.arcgis.com/Ox3HYmIeiVBmWWrQ/arcgis/rest/services/Fiber_BackBone/FeatureServer/2","name":"Fiber_BackBone \u2014 Fiber Backbone (Approx 31 Miles)","carrier":"Not published","routeStatus":"Unknown","category":"unknown","evidence":"agency_route","dataDate":null,"metadataModified":"2018-05-02T20:09:15+00:00","retrievedAt":"2026-09-18T02:36:49.784947+00:00","networkType":"Published fiber route; network class not specified","serviceability":"Unconfirmed","routeDiversity":"Unconfirmed","states":["KS"]},"bbox":[-94.9182647611257,38.7945834466685,-94.9182605605967,38.7951668523852]},{"type":"Feature","geometry":{"type":"LineString","coordinates":[[-94.9182605605967,38.7945834466685],[-94.9182593442129,38.794002213356]]},"properties":{"id":"arcgis-23-2-3f01ab0398b4cbb6","sourceId":"arcgis-23-2","source":"Fiber_BackBone \u2014 Fiber Backbone (Approx 31 Miles)","sourceUrl":"https://services5.arcgis.com/Ox3HYmIeiVBmWWrQ/arcgis/rest/services/Fiber_BackBone/FeatureServer/2","name":"Fiber_BackBone \u2014 Fiber Backbone (Approx 31 Miles)","carrier":"Not published","routeStatus":"Unknown","category":"unknown","evidence":"agency_route","dataDate":null,"metadataModified":"2018-05-02T20:09:15+00:00","retrievedAt":"2026-09-18T02:36:49.784947+00:00","networkType":"Published fiber route; network class not specified","serviceability":"Unconfirmed","routeDiversity":"Unconfirmed","states":["KS"]},"bbox":[-94.9182605605967,38.794002213356,-94.9182593442129,38.7945834466685]},{"type":"Feature","geometry":{"type":"LineString","coordinates":[[-94.9182480615032,38.7934408693897],[-94.918251628816,38.7928589360772]]},"properties":{"id":"arcgis-23-2-58850e43e047d105","sourceId":"arcgis-23-2","source":"Fiber_BackBone \u2014 Fiber Backbone (Approx 31 Miles)","sourceUrl":"https://services5.arcgis.com/Ox3HYmIeiVBmWWrQ/arcgis/rest/services/Fiber_BackBone/FeatureServer/2","name":"Fiber_BackBone \u2014 Fiber Backbone (Approx 31 Miles)","carrier":"Not published","routeStatus":"Unknown","category":"unknown","evidence":"agency_route","dataDate":null,"metadataModified":"2018-05-02T20:09:15+00:00","retrievedAt":"2026-09-18T02:36:49.784947+00:00","networkType":"Published fiber route; network class not specified","serviceability":"Unconfirmed","routeDiversity":"Unconfirmed","states":["KS"]},"bbox":[-94.918251628816,38.7928589360772,-94.9182480615032,38.7934408693897]},{"type":"Feature","geometry":{"type":"LineString","coordinates":[[-94.918251628816,38.7928589360772],[-94.9182450618759,38.7922652028018]]},"properties":{"id":"arcgis-23-2-ae38ed6776612b10","sourceId":"arcgis-23-2","source":"Fiber_BackBone \u2014 Fiber Backbone (Approx 31 Miles)","sourceUrl":"https://services5.arcgis.com/Ox3HYmIeiVBmWWrQ/arcgis/rest/services/Fiber_BackBone/FeatureServer/2","name":"Fiber_BackBone \u2014 Fiber Backbone (Approx 31 Miles)","carrier":"Not published","routeStatus":"Unknown","category":"unknown","evidence":"agency_route","dataDate":null,"metadataModified":"2018-05-02T20:09:15+00:00","retrievedAt":"2026-09-18T02:36:49.784947+00:00","networkType":"Published fiber route; network class not specified","serviceability":"Unconfirmed","routeDiversity":"Unconfirmed","states":["KS"]},"bbox":[-94.918251628816,38.7922652028018,-94.9182450618759,38.7928589360772]},{"type":"Feature","geometry":{"type":"LineString","coordinates":[[-94.9182312360223,38.7916990274509],[-94.9182355620483,38.7910855692324]]},"properties":{"id":"arcgis-23-2-d24f5ba6daed42a1","sourceId":"arcgis-23-2","source":"Fiber_BackBone \u2014 Fiber Backbone (Approx 31 Miles)","sourceUrl":"https://services5.arcgis.com/Ox3HYmIeiVBmWWrQ/arcgis/rest/services/Fiber_BackBone/FeatureServer/2","name":"Fiber_BackBone \u2014 Fiber Backbone (Approx 31 Miles)","carrier":"Not published","routeStatus":"Unknown","category":"unknown","evidence":"agency_route","dataDate":null,"metadataModified":"2018-05-02T20:09:15+00:00","retrievedAt":"2026-09-18T02:36:49.784947+00:00","networkType":"Published fiber route; network class not specified","serviceability":"Unconfirmed","routeDiversity":"Unconfirmed","states":["KS"]},"bbox":[-94.9182355620483,38.7910855692324,-94.9182312360223,38.7916990274509]},{"type":"Feature","geometry":{"type":"LineString","coordinates":[[-94.9182273935314,38.7905467425152],[-94.9182192787031,38.7899651189]]},"properties":{"id":"arcgis-23-2-1b7cbc3dc2be8b4a","sourceId":"arcgis-23-2","source":"Fiber_BackBone \u2014 Fiber Backbone (Approx 31 Miles)","sourceUrl":"https://services5.arcgis.com/Ox3HYmIeiVBmWWrQ/arcgis/rest/services/Fiber_BackBone/FeatureServer/2","name":"Fiber_BackBone \u2014 Fiber Backbone (Approx 31 Miles)","carrier":"Not published","routeStatus":"Unknown","category":"unknown","evidence":"agency_route","dataDate":null,"metadataModified":"2018-05-02T20:09:15+00:00","retrievedAt":"2026-09-18T02:36:49.784947+00:00","networkType":"Published fiber route; network class not specified","serviceability":"Unconfirmed","routeDiversity":"Unconfirmed","states":["KS"]},"bbox":[-94.9182273935314,38.7899651189,-94.9182192787031,38.7905467425152]},{"type":"Feature","geometry":{"type":"LineString","coordinates":[[-94.9182106451325,38.789402518645],[-94.9183379660213,38.7887790265918]]},"properties":{"id":"arcgis-23-2-dd5c1eb132d03ade","sourceId":"arcgis-23-2","source":"Fiber_BackBone \u2014 Fiber Backbone (Approx 31 Miles)","sourceUrl":"https://services5.arcgis.com/Ox3HYmIeiVBmWWrQ/arcgis/rest/services/Fiber_BackBone/FeatureServer/2","name":"Fiber_BackBone \u2014 Fiber Backbone (Approx 31 Miles)","carrier":"Not published","routeStatus":"Unknown","category":"unknown","evidence":"agency_route","dataDate":null,"metadataModified":"2018-05-02T20:09:15+00:00","retrievedAt":"2026-09-18T02:36:49.784947+00:00","networkType":"Published fiber route; network class not specified","serviceability":"Unconfirmed","routeDiversity":"Unconfirmed","states":["KS"]},"bbox":[-94.9183379660213,38.7887790265918,-94.9182106451325,38.789402518645]},{"type":"Feature","geometry":{"type":"LineString","coordinates":[[-94.9183379660213,38.7887790265918],[-94.9187920620869,38.7883013522287]]},"properties":{"id":"arcgis-23-2-2121054b94797ad0","sourceId":"arcgis-23-2","source":"Fiber_BackBone \u2014 Fiber Backbone (Approx 31 Miles)","sourceUrl":"https://services5.arcgis.com/Ox3HYmIeiVBmWWrQ/arcgis/rest/services/Fiber_BackBone/FeatureServer/2","name":"Fiber_BackBone \u2014 Fiber Backbone (Approx 31 Miles)","carrier":"Not published","routeStatus":"Unknown","category":"unknown","evidence":"agency_route","dataDate":null,"metadataModified":"2018-05-02T20:09:15+00:00","retrievedAt":"2026-09-18T02:36:49.784947+00:00","networkType":"Published fiber route; network class not specified","serviceability":"Unconfirmed","routeDiversity":"Unconfirmed","states":["KS"]},"bbox":[-94.9187920620869,38.7883013522287,-94.9183379660213,38.7887790265918]},{"type":"Feature","geometry":{"type":"LineString","coordinates":[[-94.9193065544859,38.7879265288524],[-94.9198594781305,38.7875325521499]]},"properties":{"id":"arcgis-23-2-2bfa939f07b83dff","sourceId":"arcgis-23-2","source":"Fiber_BackBone \u2014 Fiber Backbone (Approx 31 Miles)","sourceUrl":"https://services5.arcgis.com/Ox3HYmIeiVBmWWrQ/arcgis/rest/services/Fiber_BackBone/FeatureServer/2","name":"Fiber_BackBone \u2014 Fiber Backbone (Approx 31 Miles)","carrier":"Not published","routeStatus":"Unknown","category":"unknown","evidence":"agency_route","dataDate":null,"metadataModified":"2018-05-02T20:09:15+00:00","retrievedAt":"2026-09-18T02:36:49.784947+00:00","networkType":"Published fiber route; network class not specified","serviceability":"Unconfirmed","routeDiversity":"Unconfirmed","states":["KS"]},"bbox":[-94.9198594781305,38.7875325521499,-94.9193065544859,38.7879265288524]},{"type":"Feature","geometry":{"type":"LineString","coordinates":[[-94.9228324788178,38.7855622190129],[-94.9228234953274,38.7861564856132]]},"properties":{"id":"arcgis-23-2-656fdd22b07ab596","sourceId":"arcgis-23-2","source":"Fiber_BackBone \u2014 Fiber Backbone (Approx 31 Miles)","sourceUrl":"https://services5.arcgis.com/Ox3HYmIeiVBmWWrQ/arcgis/rest/services/Fiber_BackBone/FeatureServer/2","name":"Fiber_BackBone \u2014 Fiber Backbone (Approx 31 Miles)","carrier":"Not published","routeStatus":"Unknown","category":"unknown","evidence":"agency_route","dataDate":null,"metadataModified":"2018-05-02T20:09:15+00:00","retrievedAt":"2026-09-18T02:36:49.784947+00:00","networkType":"Published fiber route; network class not specified","serviceability":"Unconfirmed","routeDiversity":"Unconfirmed","states":["KS"]},"bbox":[-94.9228324788178,38.7855622190129,-94.9228234953274,38.7861564856132]},{"type":"Feature","geometry":{"type":"LineString","coordinates":[[-94.9228234953274,38.7861564856132],[-94.9228449952127,38.7867603693324]]},"properties":{"id":"arcgis-23-2-4cd323e6686842da","sourceId":"arcgis-23-2","source":"Fiber_BackBone \u2014 Fiber Backbone (Approx 31 Miles)","sourceUrl":"https://services5.arcgis.com/Ox3HYmIeiVBmWWrQ/arcgis/rest/services/Fiber_BackBone/FeatureServer/2","name":"Fiber_BackBone \u2014 Fiber Backbone (Approx 31 Miles)","carrier":"Not published","routeStatus":"Unknown","category":"unknown","evidence":"agency_route","dataDate":null,"metadataModified":"2018-05-02T20:09:15+00:00","retrievedAt":"2026-09-18T02:36:49.784947+00:00","networkType":"Published fiber route; network class not specified","serviceability":"Unconfirmed","routeDiversity":"Unconfirmed","states":["KS"]},"bbox":[-94.9228449952127,38.7861564856132,-94.9228234953274,38.7867603693324]},{"type":"Feature","geometry":{"type":"LineString","coordinates":[[-94.9234359779476,38.786765002474],[-94.9241774778317,38.7867752526495]]},"properties":{"id":"arcgis-23-2-a969b73c47c2da2f","sourceId":"arcgis-23-2","source":"Fiber_BackBone \u2014 Fiber Backbone (Approx 31 Miles)","sourceUrl":"https://services5.arcgis.com/Ox3HYmIeiVBmWWrQ/arcgis/rest/services/Fiber_BackBone/FeatureServer/2","name":"Fiber_BackBone \u2014 Fiber Backbone (Approx 31 Miles)","carrier":"Not published","routeStatus":"Unknown","category":"unknown","evidence":"agency_route","dataDate":null,"metadataModified":"2018-05-02T20:09:15+00:00","retrievedAt":"2026-09-18T02:36:49.784947+00:00","networkType":"Published fiber route; network class not specified","serviceability":"Unconfirmed","routeDiversity":"Unconfirmed","states":["KS"]},"bbox":[-94.9241774778317,38.786765002474,-94.9234359779476,38.7867752526495]},{"type":"Feature","geometry":{"type":"LineString","coordinates":[[-94.8994919855862,38.8041280598174],[-94.8986414662273,38.8041408338303]]},"properties":{"id":"arcgis-23-2-38e737abf25dc491","sourceId":"arcgis-23-2","source":"Fiber_BackBone \u2014 Fiber Backbone (Approx 31 Miles)","sourceUrl":"https://services5.arcgis.com/Ox3HYmIeiVBmWWrQ/arcgis/rest/services/Fiber_BackBone/FeatureServer/2","name":"Fiber_BackBone \u2014 Fiber Backbone (Approx 31 Miles)","carrier":"Not published","routeStatus":"Unknown","category":"unknown","evidence":"agency_route","dataDate":null,"metadataModified":"2018-05-02T20:09:15+00:00","retrievedAt":"2026-09-18T02:36:49.784947+00:00","networkType":"Published fiber route; network class not specified","serviceability":"Unconfirmed","routeDiversity":"Unconfirmed","states":["KS"]},"bbox":[-94.8994919855862,38.8041280598174,-94.8986414662273,38.8041408338303]},{"type":"Feature","geometry":{"type":"LineString","coordinates":[[-94.8986414662273,38.8041408338303],[-94.8978030115079,38.8041400858602]]},"properties":{"id":"arcgis-23-2-e13938ce1f65474e","sourceId":"arcgis-23-2","source":"Fiber_BackBone \u2014 Fiber Backbone (Approx 31 Miles)","sourceUrl":"https://services5.arcgis.com/Ox3HYmIeiVBmWWrQ/arcgis/rest/services/Fiber_BackBone/FeatureServer/2","name":"Fiber_BackBone \u2014 Fiber Backbone (Approx 31 Miles)","carrier":"Not published","routeStatus":"Unknown","category":"unknown","evidence":"agency_route","dataDate":null,"metadataModified":"2018-05-02T20:09:15+00:00","retrievedAt":"2026-09-18T02:36:49.784947+00:00","networkType":"Published fiber route; network class not specified","serviceability":"Unconfirmed","routeDiversity":"Unconfirmed","states":["KS"]},"bbox":[-94.8986414662273,38.8041400858602,-94.8978030115079,38.8041408338303]},{"type":"Feature","geometry":{"type":"LineString","coordinates":[[-94.8978030115079,38.8041400858602],[-94.8969561785379,38.804142602502]]},"properties":{"id":"arcgis-23-2-348f03a9902e33ef","sourceId":"arcgis-23-2","source":"Fiber_BackBone \u2014 Fiber Backbone (Approx 31 Miles)","sourceUrl":"https://services5.arcgis.com/Ox3HYmIeiVBmWWrQ/arcgis/rest/services/Fiber_BackBone/FeatureServer/2","name":"Fiber_BackBone \u2014 Fiber Backbone (Approx 31 Miles)","carrier":"Not published","routeStatus":"Unknown","category":"unknown","evidence":"agency_route","dataDate":null,"metadataModified":"2018-05-02T20:09:15+00:00","retrievedAt":"2026-09-18T02:36:49.784947+00:00","networkType":"Published fiber route; network class not specified","serviceability":"Unconfirmed","routeDiversity":"Unconfirmed","states":["KS"]},"bbox":[-94.8978030115079,38.8041400858602,-94.8969561785379,38.804142602502]},{"type":"Feature","geometry":{"type":"LineString","coordinates":[[-94.8967730121284,38.8041449026432],[-94.8960918509533,38.804624453901]]},"properties":{"id":"arcgis-23-2-8fbf624c53bc9625","sourceId":"arcgis-23-2","source":"Fiber_BackBone \u2014 Fiber Backbone (Approx 31 Miles)","sourceUrl":"https://services5.arcgis.com/Ox3HYmIeiVBmWWrQ/arcgis/rest/services/Fiber_BackBone/FeatureServer/2","name":"Fiber_BackBone \u2014 Fiber Backbone (Approx 31 Miles)","carrier":"Not published","routeStatus":"Unknown","category":"unknown","evidence":"agency_route","dataDate":null,"metadataModified":"2018-05-02T20:09:15+00:00","retrievedAt":"2026-09-18T02:36:49.784947+00:00","networkType":"Published fiber route; network class not specified","serviceability":"Unconfirmed","routeDiversity":"Unconfirmed","states":["KS"]},"bbox":[-94.8967730121284,38.8041449026432,-94.8960918509533,38.804624453901]},{"type":"Feature","geometry":{"type":"LineString","coordinates":[[-94.8960918509533,38.804624453901],[-94.8954464344223,38.8050885372053]]},"properties":{"id":"arcgis-23-2-e0b8e2d104dcc242","sourceId":"arcgis-23-2","source":"Fiber_BackBone \u2014 Fiber Backbone (Approx 31 Miles)","sourceUrl":"https://services5.arcgis.com/Ox3HYmIeiVBmWWrQ/arcgis/rest/services/Fiber_BackBone/FeatureServer/2","name":"Fiber_BackBone \u2014 Fiber Backbone (Approx 31 Miles)","carrier":"Not published","routeStatus":"Unknown","category":"unknown","evidence":"agency_route","dataDate":null,"metadataModified":"2018-05-02T20:09:15+00:00","retrievedAt":"2026-09-18T02:36:49.784947+00:00","networkType":"Published fiber route; network class not specified","serviceability":"Unconfirmed","routeDiversity":"Unconfirmed","states":["KS"]},"bbox":[-94.8960918509533,38.804624453901,-94.8954464344223,38.8050885372053]},{"type":"Feature","geometry":{"type":"LineString","coordinates":[[-94.8954464344223,38.8050885372053],[-94.8947734616071,38.8055804024029]]},"properties":{"id":"arcgis-23-2-9d37e25cb7d318de","sourceId":"arcgis-23-2","source":"Fiber_BackBone \u2014 Fiber Backbone (Approx 31 Miles)","sourceUrl":"https://services5.arcgis.com/Ox3HYmIeiVBmWWrQ/arcgis/rest/services/Fiber_BackBone/FeatureServer/2","name":"Fiber_BackBone \u2014 Fiber Backbone (Approx 31 Miles)","carrier":"Not published","routeStatus":"Unknown","category":"unknown","evidence":"agency_route","dataDate":null,"metadataModified":"2018-05-02T20:09:15+00:00","retrievedAt":"2026-09-18T02:36:49.784947+00:00","networkType":"Published fiber route; network class not specified","serviceability":"Unconfirmed","routeDiversity":"Unconfirmed","states":["KS"]},"bbox":[-94.8954464344223,38.8050885372053,-94.8947734616071,38.8055804024029]},{"type":"Feature","geometry":{"type":"LineString","coordinates":[[-94.8919407112008,38.8075725852713],[-94.891308328487,38.8079775855839]]},"properties":{"id":"arcgis-23-2-790fd848f8962edf","sourceId":"arcgis-23-2","source":"Fiber_BackBone \u2014 Fiber Backbone (Approx 31 Miles)","sourceUrl":"https://services5.arcgis.com/Ox3HYmIeiVBmWWrQ/arcgis/rest/services/Fiber_BackBone/FeatureServer/2","name":"Fiber_BackBone \u2014 Fiber Backbone (Approx 31 Miles)","carrier":"Not published","routeStatus":"Unknown","category":"unknown","evidence":"agency_route","dataDate":null,"metadataModified":"2018-05-02T20:09:15+00:00","retrievedAt":"2026-09-18T02:36:49.784947+00:00","networkType":"Published fiber route; network class not specified","serviceability":"Unconfirmed","routeDiversity":"Unconfirmed","states":["KS"]},"bbox":[-94.8919407112008,38.8075725852713,-94.891308328487,38.8079775855839]},{"type":"Feature","geometry":{"type":"LineString","coordinates":[[-94.891308328487,38.8079775855839],[-94.8906581951075,38.8083700022462]]},"properties":{"id":"arcgis-23-2-f100d336a28d862d","sourceId":"arcgis-23-2","source":"Fiber_BackBone \u2014 Fiber Backbone (Approx 31 Miles)","sourceUrl":"https://services5.arcgis.com/Ox3HYmIeiVBmWWrQ/arcgis/rest/services/Fiber_BackBone/FeatureServer/2","name":"Fiber_BackBone \u2014 Fiber Backbone (Approx 31 Miles)","carrier":"Not published","routeStatus":"Unknown","category":"unknown","evidence":"agency_route","dataDate":null,"metadataModified":"2018-05-02T20:09:15+00:00","retrievedAt":"2026-09-18T02:36:49.784947+00:00","networkType":"Published fiber route; network class not specified","serviceability":"Unconfirmed","routeDiversity":"Unconfirmed","states":["KS"]},"bbox":[-94.891308328487,38.8079775855839,-94.8906581951075,38.8083700022462]},{"type":"Feature","geometry":{"type":"LineString","coordinates":[[-94.8905421120014,38.8088854858024],[-94.890548695013,38.8095198353572]]},"properties":{"id":"arcgis-23-2-aba1f848a3112e6e","sourceId":"arcgis-23-2","source":"Fiber_BackBone \u2014 Fiber Backbone (Approx 31 Miles)","sourceUrl":"https://services5.arcgis.com/Ox3HYmIeiVBmWWrQ/arcgis/rest/services/Fiber_BackBone/FeatureServer/2","name":"Fiber_BackBone \u2014 Fiber Backbone (Approx 31 Miles)","carrier":"Not published","routeStatus":"Unknown","category":"unknown","evidence":"agency_route","dataDate":null,"metadataModified":"2018-05-02T20:09:15+00:00","retrievedAt":"2026-09-18T02:36:49.784947+00:00","networkType":"Published fiber route; network class not specified","serviceability":"Unconfirmed","routeDiversity":"Unconfirmed","states":["KS"]},"bbox":[-94.890548695013,38.8088854858024,-94.8905421120014,38.8095198353572]},{"type":"Feature","geometry":{"type":"LineString","coordinates":[[-94.890548695013,38.8095198353572],[-94.8905700612661,38.8102241528026]]},"properties":{"id":"arcgis-23-2-c95ec08a7c126375","sourceId":"arcgis-23-2","source":"Fiber_BackBone \u2014 Fiber Backbone (Approx 31 Miles)","sourceUrl":"https://services5.arcgis.com/Ox3HYmIeiVBmWWrQ/arcgis/rest/services/Fiber_BackBone/FeatureServer/2","name":"Fiber_BackBone \u2014 Fiber Backbone (Approx 31 Miles)","carrier":"Not published","routeStatus":"Unknown","category":"unknown","evidence":"agency_route","dataDate":null,"metadataModified":"2018-05-02T20:09:15+00:00","retrievedAt":"2026-09-18T02:36:49.784947+00:00","networkType":"Published fiber route; network class not specified","serviceability":"Unconfirmed","routeDiversity":"Unconfirmed","states":["KS"]},"bbox":[-94.8905700612661,38.8095198353572,-94.890548695013,38.8102241528026]},{"type":"Feature","geometry":{"type":"LineString","coordinates":[[-94.8906039446801,38.8106471523499],[-94.8906814117862,38.8113114856923]]},"properties":{"id":"arcgis-23-2-0ffbb28c99d8eeb6","sourceId":"arcgis-23-2","source":"Fiber_BackBone \u2014 Fiber Backbone (Approx 31 Miles)","sourceUrl":"https://services5.arcgis.com/Ox3HYmIeiVBmWWrQ/arcgis/rest/services/Fiber_BackBone/FeatureServer/2","name":"Fiber_BackBone \u2014 Fiber Backbone (Approx 31 Miles)","carrier":"Not published","routeStatus":"Unknown","category":"unknown","evidence":"agency_route","dataDate":null,"metadataModified":"2018-05-02T20:09:15+00:00","retrievedAt":"2026-09-18T02:36:49.784947+00:00","networkType":"Published fiber route; network class not specified","serviceability":"Unconfirmed","routeDiversity":"Unconfirmed","states":["KS"]},"bbox":[-94.8906814117862,38.8106471523499,-94.8906039446801,38.8113114856923]},{"type":"Feature","geometry":{"type":"LineString","coordinates":[[-94.9327198611738,38.811185452189],[-94.9319367449208,38.8111761690582]]},"properties":{"id":"arcgis-23-2-f28ce0fb3a48c5ee","sourceId":"arcgis-23-2","source":"Fiber_BackBone \u2014 Fiber Backbone (Approx 31 Miles)","sourceUrl":"https://services5.arcgis.com/Ox3HYmIeiVBmWWrQ/arcgis/rest/services/Fiber_BackBone/FeatureServer/2","name":"Fiber_BackBone \u2014 Fiber Backbone (Approx 31 Miles)","carrier":"Not published","routeStatus":"Unknown","category":"unknown","evidence":"agency_route","dataDate":null,"metadataModified":"2018-05-02T20:09:15+00:00","retrievedAt":"2026-09-18T02:36:49.784947+00:00","networkType":"Published fiber route; network class not specified","serviceability":"Unconfirmed","routeDiversity":"Unconfirmed","states":["KS"]},"bbox":[-94.9327198611738,38.8111761690582,-94.9319367449208,38.811185452189]},{"type":"Feature","geometry":{"type":"LineString","coordinates":[[-94.9319367449208,38.8111761690582],[-94.9311152950764,38.8111735188477]]},"properties":{"id":"arcgis-23-2-26c615ebe6ba2caa","sourceId":"arcgis-23-2","source":"Fiber_BackBone \u2014 Fiber Backbone (Approx 31 Miles)","sourceUrl":"https://services5.arcgis.com/Ox3HYmIeiVBmWWrQ/arcgis/rest/services/Fiber_BackBone/FeatureServer/2","name":"Fiber_BackBone \u2014 Fiber Backbone (Approx 31 Miles)","carrier":"Not published","routeStatus":"Unknown","category":"unknown","evidence":"agency_route","dataDate":null,"metadataModified":"2018-05-02T20:09:15+00:00","retrievedAt":"2026-09-18T02:36:49.784947+00:00","networkType":"Published fiber route; network class not specified","serviceability":"Unconfirmed","routeDiversity":"Unconfirmed","states":["KS"]},"bbox":[-94.9319367449208,38.8111735188477,-94.9311152950764,38.8111761690582]},{"type":"Feature","geometry":{"type":"LineString","coordinates":[[-94.8920842619921,38.8115995861311],[-94.892924311633,38.8115775857618]]},"properties":{"id":"arcgis-23-2-0285ae20e97aecef","sourceId":"arcgis-23-2","source":"Fiber_BackBone \u2014 Fiber Backbone (Approx 31 Miles)","sourceUrl":"https://services5.arcgis.com/Ox3HYmIeiVBmWWrQ/arcgis/rest/services/Fiber_BackBone/FeatureServer/2","name":"Fiber_BackBone \u2014 Fiber Backbone (Approx 31 Miles)","carrier":"Not published","routeStatus":"Unknown","category":"unknown","evidence":"agency_route","dataDate":null,"metadataModified":"2018-05-02T20:09:15+00:00","retrievedAt":"2026-09-18T02:36:49.784947+00:00","networkType":"Published fiber route; network class not specified","serviceability":"Unconfirmed","routeDiversity":"Unconfirmed","states":["KS"]},"bbox":[-94.892924311633,38.8115775857618,-94.8920842619921,38.8115995861311]},{"type":"Feature","geometry":{"type":"LineString","coordinates":[[-94.8943293287883,38.8100947525104],[-94.8943305945882,38.8094774357341]]},"properties":{"id":"arcgis-23-2-4f8f7c1ad1d2767e","sourceId":"arcgis-23-2","source":"Fiber_BackBone \u2014 Fiber Backbone (Approx 31 Miles)","sourceUrl":"https://services5.arcgis.com/Ox3HYmIeiVBmWWrQ/arcgis/rest/services/Fiber_BackBone/FeatureServer/2","name":"Fiber_BackBone \u2014 Fiber Backbone (Approx 31 Miles)","carrier":"Not published","routeStatus":"Unknown","category":"unknown","evidence":"agency_route","dataDate":null,"metadataModified":"2018-05-02T20:09:15+00:00","retrievedAt":"2026-09-18T02:36:49.784947+00:00","networkType":"Published fiber route; network class not specified","serviceability":"Unconfirmed","routeDiversity":"Unconfirmed","states":["KS"]},"bbox":[-94.8943305945882,38.8094774357341,-94.8943293287883,38.8100947525104]},{"type":"Feature","geometry":{"type":"LineString","coordinates":[[-94.8943305945882,38.8094774357341],[-94.8943281781681,38.8088953853581]]},"properties":{"id":"arcgis-23-2-2645ac6331338a6f","sourceId":"arcgis-23-2","source":"Fiber_BackBone \u2014 Fiber Backbone (Approx 31 Miles)","sourceUrl":"https://services5.arcgis.com/Ox3HYmIeiVBmWWrQ/arcgis/rest/services/Fiber_BackBone/FeatureServer/2","name":"Fiber_BackBone \u2014 Fiber Backbone (Approx 31 Miles)","carrier":"Not published","routeStatus":"Unknown","category":"unknown","evidence":"agency_route","dataDate":null,"metadataModified":"2018-05-02T20:09:15+00:00","retrievedAt":"2026-09-18T02:36:49.784947+00:00","networkType":"Published fiber route; network class not specified","serviceability":"Unconfirmed","routeDiversity":"Unconfirmed","states":["KS"]},"bbox":[-94.8943305945882,38.8088953853581,-94.8943281781681,38.8094774357341]},{"type":"Feature","geometry":{"type":"LineString","coordinates":[[-94.8884586119091,38.8116096356472],[-94.8892480789025,38.8116078690069]]},"properties":{"id":"arcgis-23-2-041169a3b834b00b","sourceId":"arcgis-23-2","source":"Fiber_BackBone \u2014 Fiber Backbone (Approx 31 Miles)","sourceUrl":"https://services5.arcgis.com/Ox3HYmIeiVBmWWrQ/arcgis/rest/services/Fiber_BackBone/FeatureServer/2","name":"Fiber_BackBone \u2014 Fiber Backbone (Approx 31 Miles)","carrier":"Not published","routeStatus":"Unknown","category":"unknown","evidence":"agency_route","dataDate":null,"metadataModified":"2018-05-02T20:09:15+00:00","retrievedAt":"2026-09-18T02:36:49.784947+00:00","networkType":"Published fiber route; network class not specified","serviceability":"Unconfirmed","routeDiversity":"Unconfirmed","states":["KS"]},"bbox":[-94.8892480789025,38.8116078690069,-94.8884586119091,38.8116096356472]},{"type":"Feature","geometry":{"type":"LineString","coordinates":[[-94.8892480789025,38.8116078690069],[-94.8900615619633,38.8116041358476]]},"properties":{"id":"arcgis-23-2-074e6e8aa255341f","sourceId":"arcgis-23-2","source":"Fiber_BackBone \u2014 Fiber Backbone (Approx 31 Miles)","sourceUrl":"https://services5.arcgis.com/Ox3HYmIeiVBmWWrQ/arcgis/rest/services/Fiber_BackBone/FeatureServer/2","name":"Fiber_BackBone \u2014 Fiber Backbone (Approx 31 Miles)","carrier":"Not published","routeStatus":"Unknown","category":"unknown","evidence":"agency_route","dataDate":null,"metadataModified":"2018-05-02T20:09:15+00:00","retrievedAt":"2026-09-18T02:36:49.784947+00:00","networkType":"Published fiber route; network class not specified","serviceability":"Unconfirmed","routeDiversity":"Unconfirmed","states":["KS"]},"bbox":[-94.8900615619633,38.8116041358476,-94.8892480789025,38.8116078690069]},{"type":"Feature","geometry":{"type":"LineString","coordinates":[[-94.9320577019555,38.7874431640871],[-94.9320378441158,38.7868487439901]]},"properties":{"id":"arcgis-23-2-1c155bb74ebc1a97","sourceId":"arcgis-23-2","source":"Fiber_BackBone \u2014 Fiber Backbone (Approx 31 Miles)","sourceUrl":"https://services5.arcgis.com/Ox3HYmIeiVBmWWrQ/arcgis/rest/services/Fiber_BackBone/FeatureServer/2","name":"Fiber_BackBone \u2014 Fiber Backbone (Approx 31 Miles)","carrier":"Not published","routeStatus":"Unknown","category":"unknown","evidence":"agency_route","dataDate":null,"metadataModified":"2018-05-02T20:09:15+00:00","retrievedAt":"2026-09-18T02:36:49.784947+00:00","networkType":"Published fiber route; network class not specified","serviceability":"Unconfirmed","routeDiversity":"Unconfirmed","states":["KS"]},"bbox":[-94.9320577019555,38.7868487439901,-94.9320378441158,38.7874431640871]},{"type":"Feature","geometry":{"type":"LineString","coordinates":[[-94.9320378441158,38.7868487439901],[-94.9320210291404,38.7862442447377]]},"properties":{"id":"arcgis-23-2-73ce51f2c689c285","sourceId":"arcgis-23-2","source":"Fiber_BackBone \u2014 Fiber Backbone (Approx 31 Miles)","sourceUrl":"https://services5.arcgis.com/Ox3HYmIeiVBmWWrQ/arcgis/rest/services/Fiber_BackBone/FeatureServer/2","name":"Fiber_BackBone \u2014 Fiber Backbone (Approx 31 Miles)","carrier":"Not published","routeStatus":"Unknown","category":"unknown","evidence":"agency_route","dataDate":null,"metadataModified":"2018-05-02T20:09:15+00:00","retrievedAt":"2026-09-18T02:36:49.784947+00:00","networkType":"Published fiber route; network class not specified","serviceability":"Unconfirmed","routeDiversity":"Unconfirmed","states":["KS"]},"bbox":[-94.9320378441158,38.7862442447377,-94.9320210291404,38.7868487439901]},{"type":"Feature","geometry":{"type":"LineString","coordinates":[[-94.9320210291404,38.7862442447377],[-94.9320003449851,38.7856480189328]]},"properties":{"id":"arcgis-23-2-5d89d386a1f26296","sourceId":"arcgis-23-2","source":"Fiber_BackBone \u2014 Fiber Backbone (Approx 31 Miles)","sourceUrl":"https://services5.arcgis.com/Ox3HYmIeiVBmWWrQ/arcgis/rest/services/Fiber_BackBone/FeatureServer/2","name":"Fiber_BackBone \u2014 Fiber Backbone (Approx 31 Miles)","carrier":"Not published","routeStatus":"Unknown","category":"unknown","evidence":"agency_route","dataDate":null,"metadataModified":"2018-05-02T20:09:15+00:00","retrievedAt":"2026-09-18T02:36:49.784947+00:00","networkType":"Published fiber route; network class not specified","serviceability":"Unconfirmed","routeDiversity":"Unconfirmed","states":["KS"]},"bbox":[-94.9320210291404,38.7856480189328,-94.9320003449851,38.7862442447377]},{"type":"Feature","geometry":{"type":"LineString","coordinates":[[-94.9319440279363,38.7839158855689],[-94.931922978268,38.7833336359955]]},"properties":{"id":"arcgis-23-2-a0471cb1dca4c848","sourceId":"arcgis-23-2","source":"Fiber_BackBone \u2014 Fiber Backbone (Approx 31 Miles)","sourceUrl":"https://services5.arcgis.com/Ox3HYmIeiVBmWWrQ/arcgis/rest/services/Fiber_BackBone/FeatureServer/2","name":"Fiber_BackBone \u2014 Fiber Backbone (Approx 31 Miles)","carrier":"Not published","routeStatus":"Unknown","category":"unknown","evidence":"agency_route","dataDate":null,"metadataModified":"2018-05-02T20:09:15+00:00","retrievedAt":"2026-09-18T02:36:49.784947+00:00","networkType":"Published fiber route; network class not specified","serviceability":"Unconfirmed","routeDiversity":"Unconfirmed","states":["KS"]},"bbox":[-94.9319440279363,38.7833336359955,-94.931922978268,38.7839158855689]},{"type":"Feature","geometry":{"type":"LineString","coordinates":[[-94.9319118615599,38.7827639522393],[-94.9318846824127,38.7821254165624]]},"properties":{"id":"arcgis-23-2-0d35d6b643ea4d1c","sourceId":"arcgis-23-2","source":"Fiber_BackBone \u2014 Fiber Backbone (Approx 31 Miles)","sourceUrl":"https://services5.arcgis.com/Ox3HYmIeiVBmWWrQ/arcgis/rest/services/Fiber_BackBone/FeatureServer/2","name":"Fiber_BackBone \u2014 Fiber Backbone (Approx 31 Miles)","carrier":"Not published","routeStatus":"Unknown","category":"unknown","evidence":"agency_route","dataDate":null,"metadataModified":"2018-05-02T20:09:15+00:00","retrievedAt":"2026-09-18T02:36:49.784947+00:00","networkType":"Published fiber route; network class not specified","serviceability":"Unconfirmed","routeDiversity":"Unconfirmed","states":["KS"]},"bbox":[-94.9319118615599,38.7821254165624,-94.9318846824127,38.7827639522393]},{"type":"Feature","geometry":{"type":"LineString","coordinates":[[-94.925656844469,38.7806491023893],[-94.9252654953927,38.781149019164]]},"properties":{"id":"arcgis-23-2-aa9c7808fa6a422f","sourceId":"arcgis-23-2","source":"Fiber_BackBone \u2014 Fiber Backbone (Approx 31 Miles)","sourceUrl":"https://services5.arcgis.com/Ox3HYmIeiVBmWWrQ/arcgis/rest/services/Fiber_BackBone/FeatureServer/2","name":"Fiber_BackBone \u2014 Fiber Backbone (Approx 31 Miles)","carrier":"Not published","routeStatus":"Unknown","category":"unknown","evidence":"agency_route","dataDate":null,"metadataModified":"2018-05-02T20:09:15+00:00","retrievedAt":"2026-09-18T02:36:49.784947+00:00","networkType":"Published fiber route; network class not specified","serviceability":"Unconfirmed","routeDiversity":"Unconfirmed","states":["KS"]},"bbox":[-94.925656844469,38.7806491023893,-94.9252654953927,38.781149019164]},{"type":"Feature","geometry":{"type":"LineString","coordinates":[[-94.9252654953927,38.781149019164],[-94.9247891445255,38.7816182021173]]},"properties":{"id":"arcgis-23-2-fa763913a62410c0","sourceId":"arcgis-23-2","source":"Fiber_BackBone \u2014 Fiber Backbone (Approx 31 Miles)","sourceUrl":"https://services5.arcgis.com/Ox3HYmIeiVBmWWrQ/arcgis/rest/services/Fiber_BackBone/FeatureServer/2","name":"Fiber_BackBone \u2014 Fiber Backbone (Approx 31 Miles)","carrier":"Not published","routeStatus":"Unknown","category":"unknown","evidence":"agency_route","dataDate":null,"metadataModified":"2018-05-02T20:09:15+00:00","retrievedAt":"2026-09-18T02:36:49.784947+00:00","networkType":"Published fiber route; network class not specified","serviceability":"Unconfirmed","routeDiversity":"Unconfirmed","states":["KS"]},"bbox":[-94.9252654953927,38.781149019164,-94.9247891445255,38.7816182021173]},{"type":"Feature","geometry":{"type":"LineString","coordinates":[[-94.9320003449851,38.7856480189328],[-94.931982997352,38.7850620306492]]},"properties":{"id":"arcgis-23-2-67342135b85e8c4c","sourceId":"arcgis-23-2","source":"Fiber_BackBone \u2014 Fiber Backbone (Approx 31 Miles)","sourceUrl":"https://services5.arcgis.com/Ox3HYmIeiVBmWWrQ/arcgis/rest/services/Fiber_BackBone/FeatureServer/2","name":"Fiber_BackBone \u2014 Fiber Backbone (Approx 31 Miles)","carrier":"Not published","routeStatus":"Unknown","category":"unknown","evidence":"agency_route","dataDate":null,"metadataModified":"2018-05-02T20:09:15+00:00","retrievedAt":"2026-09-18T02:36:49.784947+00:00","networkType":"Published fiber route; network class not specified","serviceability":"Unconfirmed","routeDiversity":"Unconfirmed","states":["KS"]},"bbox":[-94.9320003449851,38.7850620306492,-94.931982997352,38.7856480189328]},{"type":"Feature","geometry":{"type":"LineString","coordinates":[[-94.9247891445255,38.7816182021173],[-94.9241568112892,38.7819273357513]]},"properties":{"id":"arcgis-23-2-10ab9d9e3c0c4e4d","sourceId":"arcgis-23-2","source":"Fiber_BackBone \u2014 Fiber Backbone (Approx 31 Miles)","sourceUrl":"https://services5.arcgis.com/Ox3HYmIeiVBmWWrQ/arcgis/rest/services/Fiber_BackBone/FeatureServer/2","name":"Fiber_BackBone \u2014 Fiber Backbone (Approx 31 Miles)","carrier":"Not published","routeStatus":"Unknown","category":"unknown","evidence":"agency_route","dataDate":null,"metadataModified":"2018-05-02T20:09:15+00:00","retrievedAt":"2026-09-18T02:36:49.784947+00:00","networkType":"Published fiber route; network class not specified","serviceability":"Unconfirmed","routeDiversity":"Unconfirmed","states":["KS"]},"bbox":[-94.9247891445255,38.7816182021173,-94.9241568112892,38.7819273357513]},{"type":"Feature","geometry":{"type":"LineString","coordinates":[[-94.8884586119091,38.8116096356472],[-94.8883465618326,38.8123001859679]]},"properties":{"id":"arcgis-23-2-ce691de8fdebb9ca","sourceId":"arcgis-23-2","source":"Fiber_BackBone \u2014 Fiber Backbone (Approx 31 Miles)","sourceUrl":"https://services5.arcgis.com/Ox3HYmIeiVBmWWrQ/arcgis/rest/services/Fiber_BackBone/FeatureServer/2","name":"Fiber_BackBone \u2014 Fiber Backbone (Approx 31 Miles)","carrier":"Not published","routeStatus":"Unknown","category":"unknown","evidence":"agency_route","dataDate":null,"metadataModified":"2018-05-02T20:09:15+00:00","retrievedAt":"2026-09-18T02:36:49.784947+00:00","networkType":"Published fiber route; network class not specified","serviceability":"Unconfirmed","routeDiversity":"Unconfirmed","states":["KS"]},"bbox":[-94.8884586119091,38.8116096356472,-94.8883465618326,38.8123001859679]},{"type":"Feature","geometry":{"type":"LineString","coordinates":[[-94.9274661336261,38.8185968922204],[-94.9274635783273,38.8191901691283]]},"properties":{"id":"arcgis-23-2-81bec95762bcd1aa","sourceId":"arcgis-23-2","source":"Fiber_BackBone \u2014 Fiber Backbone (Approx 31 Miles)","sourceUrl":"https://services5.arcgis.com/Ox3HYmIeiVBmWWrQ/arcgis/rest/services/Fiber_BackBone/FeatureServer/2","name":"Fiber_BackBone \u2014 Fiber Backbone (Approx 31 Miles)","carrier":"Not published","routeStatus":"Unknown","category":"unknown","evidence":"agency_route","dataDate":null,"metadataModified":"2018-05-02T20:09:15+00:00","retrievedAt":"2026-09-18T02:36:49.784947+00:00","networkType":"Published fiber route; network class not specified","serviceability":"Unconfirmed","routeDiversity":"Unconfirmed","states":["KS"]},"bbox":[-94.9274661336261,38.8185968922204,-94.9274635783273,38.8191901691283]},{"type":"Feature","geometry":{"type":"LineString","coordinates":[[-94.9274536945924,38.820334970678],[-94.9274498280203,38.8209259359548]]},"properties":{"id":"arcgis-23-2-128251f0190fde99","sourceId":"arcgis-23-2","source":"Fiber_BackBone \u2014 Fiber Backbone (Approx 31 Miles)","sourceUrl":"https://services5.arcgis.com/Ox3HYmIeiVBmWWrQ/arcgis/rest/services/Fiber_BackBone/FeatureServer/2","name":"Fiber_BackBone \u2014 Fiber Backbone (Approx 31 Miles)","carrier":"Not published","routeStatus":"Unknown","category":"unknown","evidence":"agency_route","dataDate":null,"metadataModified":"2018-05-02T20:09:15+00:00","retrievedAt":"2026-09-18T02:36:49.784947+00:00","networkType":"Published fiber route; network class not specified","serviceability":"Unconfirmed","routeDiversity":"Unconfirmed","states":["KS"]},"bbox":[-94.9274536945924,38.820334970678,-94.9274498280203,38.8209259359548]},{"type":"Feature","geometry":{"type":"LineString","coordinates":[[-94.9274498280203,38.8209259359548],[-94.9274379612586,38.8215071688801]]},"properties":{"id":"arcgis-23-2-7dd472f06a511f0e","sourceId":"arcgis-23-2","source":"Fiber_BackBone \u2014 Fiber Backbone (Approx 31 Miles)","sourceUrl":"https://services5.arcgis.com/Ox3HYmIeiVBmWWrQ/arcgis/rest/services/Fiber_BackBone/FeatureServer/2","name":"Fiber_BackBone \u2014 Fiber Backbone (Approx 31 Miles)","carrier":"Not published","routeStatus":"Unknown","category":"unknown","evidence":"agency_route","dataDate":null,"metadataModified":"2018-05-02T20:09:15+00:00","retrievedAt":"2026-09-18T02:36:49.784947+00:00","networkType":"Published fiber route; network class not specified","serviceability":"Unconfirmed","routeDiversity":"Unconfirmed","states":["KS"]},"bbox":[-94.9274498280203,38.8209259359548,-94.9274379612586,38.8215071688801]},{"type":"Feature","geometry":{"type":"LineString","coordinates":[[-94.9274379612586,38.8215071688801],[-94.9274238447014,38.8221131359943]]},"properties":{"id":"arcgis-23-2-1ed29291060caa56","sourceId":"arcgis-23-2","source":"Fiber_BackBone \u2014 Fiber Backbone (Approx 31 Miles)","sourceUrl":"https://services5.arcgis.com/Ox3HYmIeiVBmWWrQ/arcgis/rest/services/Fiber_BackBone/FeatureServer/2","name":"Fiber_BackBone \u2014 Fiber Backbone (Approx 31 Miles)","carrier":"Not published","routeStatus":"Unknown","category":"unknown","evidence":"agency_route","dataDate":null,"metadataModified":"2018-05-02T20:09:15+00:00","retrievedAt":"2026-09-18T02:36:49.784947+00:00","networkType":"Published fiber route; network class not specified","serviceability":"Unconfirmed","routeDiversity":"Unconfirmed","states":["KS"]},"bbox":[-94.9274379612586,38.8215071688801,-94.9274238447014,38.8221131359943]},{"type":"Feature","geometry":{"type":"LineString","coordinates":[[-94.927370227831,38.8239382191786],[-94.9273588114317,38.82469943547]]},"properties":{"id":"arcgis-23-2-c49c70a5b9cc5374","sourceId":"arcgis-23-2","source":"Fiber_BackBone \u2014 Fiber Backbone (Approx 31 Miles)","sourceUrl":"https://services5.arcgis.com/Ox3HYmIeiVBmWWrQ/arcgis/rest/services/Fiber_BackBone/FeatureServer/2","name":"Fiber_BackBone \u2014 Fiber Backbone (Approx 31 Miles)","carrier":"Not published","routeStatus":"Unknown","category":"unknown","evidence":"agency_route","dataDate":null,"metadataModified":"2018-05-02T20:09:15+00:00","retrievedAt":"2026-09-18T02:36:49.784947+00:00","networkType":"Published fiber route; network class not specified","serviceability":"Unconfirmed","routeDiversity":"Unconfirmed","states":["KS"]},"bbox":[-94.927370227831,38.8239382191786,-94.9273588114317,38.82469943547]},{"type":"Feature","geometry":{"type":"LineString","coordinates":[[-94.9273588114317,38.82469943547],[-94.9273356113205,38.8254852021906]]},"properties":{"id":"arcgis-23-2-37d8a873fd4e5f94","sourceId":"arcgis-23-2","source":"Fiber_BackBone \u2014 Fiber Backbone (Approx 31 Miles)","sourceUrl":"https://services5.arcgis.com/Ox3HYmIeiVBmWWrQ/arcgis/rest/services/Fiber_BackBone/FeatureServer/2","name":"Fiber_BackBone \u2014 Fiber Backbone (Approx 31 Miles)","carrier":"Not published","routeStatus":"Unknown","category":"unknown","evidence":"agency_route","dataDate":null,"metadataModified":"2018-05-02T20:09:15+00:00","retrievedAt":"2026-09-18T02:36:49.784947+00:00","networkType":"Published fiber route; network class not specified","serviceability":"Unconfirmed","routeDiversity":"Unconfirmed","states":["KS"]},"bbox":[-94.9273588114317,38.82469943547,-94.9273356113205,38.8254852021906]},{"type":"Feature","geometry":{"type":"LineString","coordinates":[[-94.8883216280025,38.8148072688535],[-94.8876402455468,38.8150378194303]]},"properties":{"id":"arcgis-23-2-920a4cf350c85a75","sourceId":"arcgis-23-2","source":"Fiber_BackBone \u2014 Fiber Backbone (Approx 31 Miles)","sourceUrl":"https://services5.arcgis.com/Ox3HYmIeiVBmWWrQ/arcgis/rest/services/Fiber_BackBone/FeatureServer/2","name":"Fiber_BackBone \u2014 Fiber Backbone (Approx 31 Miles)","carrier":"Not published","routeStatus":"Unknown","category":"unknown","evidence":"agency_route","dataDate":null,"metadataModified":"2018-05-02T20:09:15+00:00","retrievedAt":"2026-09-18T02:36:49.784947+00:00","networkType":"Published fiber route; network class not specified","serviceability":"Unconfirmed","routeDiversity":"Unconfirmed","states":["KS"]},"bbox":[-94.8883216280025,38.8148072688535,-94.8876402455468,38.8150378194303]},{"type":"Feature","geometry":{"type":"LineString","coordinates":[[-94.8864239951613,38.8155606021435],[-94.8868152447823,38.816157019126]]},"properties":{"id":"arcgis-23-2-c0d3d0223063ed04","sourceId":"arcgis-23-2","source":"Fiber_BackBone \u2014 Fiber Backbone (Approx 31 Miles)","sourceUrl":"https://services5.arcgis.com/Ox3HYmIeiVBmWWrQ/arcgis/rest/services/Fiber_BackBone/FeatureServer/2","name":"Fiber_BackBone \u2014 Fiber Backbone (Approx 31 Miles)","carrier":"Not published","routeStatus":"Unknown","category":"unknown","evidence":"agency_route","dataDate":null,"metadataModified":"2018-05-02T20:09:15+00:00","retrievedAt":"2026-09-18T02:36:49.784947+00:00","networkType":"Published fiber route; network class not specified","serviceability":"Unconfirmed","routeDiversity":"Unconfirmed","states":["KS"]},"bbox":[-94.8868152447823,38.8155606021435,-94.8864239951613,38.816157019126]},{"type":"Feature","geometry":{"type":"LineString","coordinates":[[-94.8868152447823,38.816157019126],[-94.8861469785348,38.8164814689963]]},"properties":{"id":"arcgis-23-2-e380edcbba66f7c5","sourceId":"arcgis-23-2","source":"Fiber_BackBone \u2014 Fiber Backbone (Approx 31 Miles)","sourceUrl":"https://services5.arcgis.com/Ox3HYmIeiVBmWWrQ/arcgis/rest/services/Fiber_BackBone/FeatureServer/2","name":"Fiber_BackBone \u2014 Fiber Backbone (Approx 31 Miles)","carrier":"Not published","routeStatus":"Unknown","category":"unknown","evidence":"agency_route","dataDate":null,"metadataModified":"2018-05-02T20:09:15+00:00","retrievedAt":"2026-09-18T02:36:49.784947+00:00","networkType":"Published fiber route; network class not specified","serviceability":"Unconfirmed","routeDiversity":"Unconfirmed","states":["KS"]},"bbox":[-94.8868152447823,38.816157019126,-94.8861469785348,38.8164814689963]},{"type":"Feature","geometry":{"type":"LineString","coordinates":[[-94.8855698283847,38.8167642854821],[-94.8849014118274,38.8170986690119]]},"properties":{"id":"arcgis-23-2-c13dbe2f7b43dc39","sourceId":"arcgis-23-2","source":"Fiber_BackBone \u2014 Fiber Backbone (Approx 31 Miles)","sourceUrl":"https://services5.arcgis.com/Ox3HYmIeiVBmWWrQ/arcgis/rest/services/Fiber_BackBone/FeatureServer/2","name":"Fiber_BackBone \u2014 Fiber Backbone (Approx 31 Miles)","carrier":"Not published","routeStatus":"Unknown","category":"unknown","evidence":"agency_route","dataDate":null,"metadataModified":"2018-05-02T20:09:15+00:00","retrievedAt":"2026-09-18T02:36:49.784947+00:00","networkType":"Published fiber route; network class not specified","serviceability":"Unconfirmed","routeDiversity":"Unconfirmed","states":["KS"]},"bbox":[-94.8855698283847,38.8167642854821,-94.8849014118274,38.8170986690119]},{"type":"Feature","geometry":{"type":"LineString","coordinates":[[-94.9025049926141,38.8122283761677],[-94.9014069621071,38.8124059189893]]},"properties":{"id":"arcgis-23-2-07e77544f65cc821","sourceId":"arcgis-23-2","source":"Fiber_BackBone \u2014 Fiber Backbone (Approx 31 Miles)","sourceUrl":"https://services5.arcgis.com/Ox3HYmIeiVBmWWrQ/arcgis/rest/services/Fiber_BackBone/FeatureServer/2","name":"Fiber_BackBone \u2014 Fiber Backbone (Approx 31 Miles)","carrier":"Not published","routeStatus":"Unknown","category":"unknown","evidence":"agency_route","dataDate":null,"metadataModified":"2018-05-02T20:09:15+00:00","retrievedAt":"2026-09-18T02:36:49.784947+00:00","networkType":"Published fiber route; network class not specified","serviceability":"Unconfirmed","routeDiversity":"Unconfirmed","states":["KS"]},"bbox":[-94.9025049926141,38.8122283761677,-94.9014069621071,38.8124059189893]},{"type":"Feature","geometry":{"type":"LineString","coordinates":[[-94.9014069621071,38.8124059189893],[-94.9005240963478,38.8126200455181]]},"properties":{"id":"arcgis-23-2-ab9a4179d57f09f9","sourceId":"arcgis-23-2","source":"Fiber_BackBone \u2014 Fiber Backbone (Approx 31 Miles)","sourceUrl":"https://services5.arcgis.com/Ox3HYmIeiVBmWWrQ/arcgis/rest/services/Fiber_BackBone/FeatureServer/2","name":"Fiber_BackBone \u2014 Fiber Backbone (Approx 31 Miles)","carrier":"Not published","routeStatus":"Unknown","category":"unknown","evidence":"agency_route","dataDate":null,"metadataModified":"2018-05-02T20:09:15+00:00","retrievedAt":"2026-09-18T02:36:49.784947+00:00","networkType":"Published fiber route; network class not specified","serviceability":"Unconfirmed","routeDiversity":"Unconfirmed","states":["KS"]},"bbox":[-94.9014069621071,38.8124059189893,-94.9005240963478,38.8126200455181]},{"type":"Feature","geometry":{"type":"LineString","coordinates":[[-94.9005240963478,38.8126200455181],[-94.8996621245619,38.8127222671984]]},"properties":{"id":"arcgis-23-2-c0afa26e57f8275b","sourceId":"arcgis-23-2","source":"Fiber_BackBone \u2014 Fiber Backbone (Approx 31 Miles)","sourceUrl":"https://services5.arcgis.com/Ox3HYmIeiVBmWWrQ/arcgis/rest/services/Fiber_BackBone/FeatureServer/2","name":"Fiber_BackBone \u2014 Fiber Backbone (Approx 31 Miles)","carrier":"Not published","routeStatus":"Unknown","category":"unknown","evidence":"agency_route","dataDate":null,"metadataModified":"2018-05-02T20:09:15+00:00","retrievedAt":"2026-09-18T02:36:49.784947+00:00","networkType":"Published fiber route; network class not specified","serviceability":"Unconfirmed","routeDiversity":"Unconfirmed","states":["KS"]},"bbox":[-94.9005240963478,38.8126200455181,-94.8996621245619,38.8127222671984]},{"type":"Feature","geometry":{"type":"LineString","coordinates":[[-94.8996621245619,38.8127222671984],[-94.8985848226459,38.812905343371]]},"properties":{"id":"arcgis-23-2-08f3166df200db26","sourceId":"arcgis-23-2","source":"Fiber_BackBone \u2014 Fiber Backbone (Approx 31 Miles)","sourceUrl":"https://services5.arcgis.com/Ox3HYmIeiVBmWWrQ/arcgis/rest/services/Fiber_BackBone/FeatureServer/2","name":"Fiber_BackBone \u2014 Fiber Backbone (Approx 31 Miles)","carrier":"Not published","routeStatus":"Unknown","category":"unknown","evidence":"agency_route","dataDate":null,"metadataModified":"2018-05-02T20:09:15+00:00","retrievedAt":"2026-09-18T02:36:49.784947+00:00","networkType":"Published fiber route; network class not specified","serviceability":"Unconfirmed","routeDiversity":"Unconfirmed","states":["KS"]},"bbox":[-94.8996621245619,38.8127222671984,-94.8985848226459,38.812905343371]},{"type":"Feature","geometry":{"type":"LineString","coordinates":[[-94.9092439740323,38.8110502885941],[-94.9083317664985,38.8111958637283]]},"properties":{"id":"arcgis-23-2-bdd1f0a040e3e44f","sourceId":"arcgis-23-2","source":"Fiber_BackBone \u2014 Fiber Backbone (Approx 31 Miles)","sourceUrl":"https://services5.arcgis.com/Ox3HYmIeiVBmWWrQ/arcgis/rest/services/Fiber_BackBone/FeatureServer/2","name":"Fiber_BackBone \u2014 Fiber Backbone (Approx 31 Miles)","carrier":"Not published","routeStatus":"Unknown","category":"unknown","evidence":"agency_route","dataDate":null,"metadataModified":"2018-05-02T20:09:15+00:00","retrievedAt":"2026-09-18T02:36:49.784947+00:00","networkType":"Published fiber route; network class not specified","serviceability":"Unconfirmed","routeDiversity":"Unconfirmed","states":["KS"]},"bbox":[-94.9092439740323,38.8110502885941,-94.9083317664985,38.8111958637283]},{"type":"Feature","geometry":{"type":"LineString","coordinates":[[-94.9083317664985,38.8111958637283],[-94.9074052148604,38.8113641209191]]},"properties":{"id":"arcgis-23-2-4f815bb7d670e471","sourceId":"arcgis-23-2","source":"Fiber_BackBone \u2014 Fiber Backbone (Approx 31 Miles)","sourceUrl":"https://services5.arcgis.com/Ox3HYmIeiVBmWWrQ/arcgis/rest/services/Fiber_BackBone/FeatureServer/2","name":"Fiber_BackBone \u2014 Fiber Backbone (Approx 31 Miles)","carrier":"Not published","routeStatus":"Unknown","category":"unknown","evidence":"agency_route","dataDate":null,"metadataModified":"2018-05-02T20:09:15+00:00","retrievedAt":"2026-09-18T02:36:49.784947+00:00","networkType":"Published fiber route; network class not specified","serviceability":"Unconfirmed","routeDiversity":"Unconfirmed","states":["KS"]},"bbox":[-94.9083317664985,38.8111958637283,-94.9074052148604,38.8113641209191]},{"type":"Feature","geometry":{"type":"LineString","coordinates":[[-94.9074052148604,38.8113641209191],[-94.9064262944781,38.8115334852844]]},"properties":{"id":"arcgis-23-2-74da02f1af60cb48","sourceId":"arcgis-23-2","source":"Fiber_BackBone \u2014 Fiber Backbone (Approx 31 Miles)","sourceUrl":"https://services5.arcgis.com/Ox3HYmIeiVBmWWrQ/arcgis/rest/services/Fiber_BackBone/FeatureServer/2","name":"Fiber_BackBone \u2014 Fiber Backbone (Approx 31 Miles)","carrier":"Not published","routeStatus":"Unknown","category":"unknown","evidence":"agency_route","dataDate":null,"metadataModified":"2018-05-02T20:09:15+00:00","retrievedAt":"2026-09-18T02:36:49.784947+00:00","networkType":"Published fiber route; network class not specified","serviceability":"Unconfirmed","routeDiversity":"Unconfirmed","states":["KS"]},"bbox":[-94.9074052148604,38.8113641209191,-94.9064262944781,38.8115334852844]},{"type":"Feature","geometry":{"type":"LineString","coordinates":[[-94.9064262944781,38.8115334852844],[-94.9054485117123,38.8117049359986]]},"properties":{"id":"arcgis-23-2-cef855e570725b8d","sourceId":"arcgis-23-2","source":"Fiber_BackBone \u2014 Fiber Backbone (Approx 31 Miles)","sourceUrl":"https://services5.arcgis.com/Ox3HYmIeiVBmWWrQ/arcgis/rest/services/Fiber_BackBone/FeatureServer/2","name":"Fiber_BackBone \u2014 Fiber Backbone (Approx 31 Miles)","carrier":"Not published","routeStatus":"Unknown","category":"unknown","evidence":"agency_route","dataDate":null,"metadataModified":"2018-05-02T20:09:15+00:00","retrievedAt":"2026-09-18T02:36:49.784947+00:00","networkType":"Published fiber route; network class not specified","serviceability":"Unconfirmed","routeDiversity":"Unconfirmed","states":["KS"]},"bbox":[-94.9064262944781,38.8115334852844,-94.9054485117123,38.8117049359986]},{"type":"Feature","geometry":{"type":"LineString","coordinates":[[-94.9054485117123,38.8117049359986],[-94.9044679779805,38.8118707860462]]},"properties":{"id":"arcgis-23-2-98966b97e0b3aba8","sourceId":"arcgis-23-2","source":"Fiber_BackBone \u2014 Fiber Backbone (Approx 31 Miles)","sourceUrl":"https://services5.arcgis.com/Ox3HYmIeiVBmWWrQ/arcgis/rest/services/Fiber_BackBone/FeatureServer/2","name":"Fiber_BackBone \u2014 Fiber Backbone (Approx 31 Miles)","carrier":"Not published","routeStatus":"Unknown","category":"unknown","evidence":"agency_route","dataDate":null,"metadataModified":"2018-05-02T20:09:15+00:00","retrievedAt":"2026-09-18T02:36:49.784947+00:00","networkType":"Published fiber route; network class not specified","serviceability":"Unconfirmed","routeDiversity":"Unconfirmed","states":["KS"]},"bbox":[-94.9054485117123,38.8117049359986,-94.9044679779805,38.8118707860462]},{"type":"Feature","geometry":{"type":"LineString","coordinates":[[-94.9044679779805,38.8118707860462],[-94.9034975245933,38.8120489054055]]},"properties":{"id":"arcgis-23-2-737bd1d611e5cdbb","sourceId":"arcgis-23-2","source":"Fiber_BackBone \u2014 Fiber Backbone (Approx 31 Miles)","sourceUrl":"https://services5.arcgis.com/Ox3HYmIeiVBmWWrQ/arcgis/rest/services/Fiber_BackBone/FeatureServer/2","name":"Fiber_BackBone \u2014 Fiber Backbone (Approx 31 Miles)","carrier":"Not published","routeStatus":"Unknown","category":"unknown","evidence":"agency_route","dataDate":null,"metadataModified":"2018-05-02T20:09:15+00:00","retrievedAt":"2026-09-18T02:36:49.784947+00:00","networkType":"Published fiber route; network class not specified","serviceability":"Unconfirmed","routeDiversity":"Unconfirmed","states":["KS"]},"bbox":[-94.9044679779805,38.8118707860462,-94.9034975245933,38.8120489054055]},{"type":"Feature","geometry":{"type":"LineString","coordinates":[[-94.9034975245933,38.8120489054055],[-94.9025049926141,38.8122283761677]]},"properties":{"id":"arcgis-23-2-8c43e858b20a16ff","sourceId":"arcgis-23-2","source":"Fiber_BackBone \u2014 Fiber Backbone (Approx 31 Miles)","sourceUrl":"https://services5.arcgis.com/Ox3HYmIeiVBmWWrQ/arcgis/rest/services/Fiber_BackBone/FeatureServer/2","name":"Fiber_BackBone \u2014 Fiber Backbone (Approx 31 Miles)","carrier":"Not published","routeStatus":"Unknown","category":"unknown","evidence":"agency_route","dataDate":null,"metadataModified":"2018-05-02T20:09:15+00:00","retrievedAt":"2026-09-18T02:36:49.784947+00:00","networkType":"Published fiber route; network class not specified","serviceability":"Unconfirmed","routeDiversity":"Unconfirmed","states":["KS"]},"bbox":[-94.9034975245933,38.8120489054055,-94.9025049926141,38.8122283761677]},{"type":"Feature","geometry":{"type":"LineString","coordinates":[[-94.9181370004718,38.8384171697752],[-94.9181287731919,38.8377255333727]]},"properties":{"id":"arcgis-23-2-995e3996693c4270","sourceId":"arcgis-23-2","source":"Fiber_BackBone \u2014 Fiber Backbone (Approx 31 Miles)","sourceUrl":"https://services5.arcgis.com/Ox3HYmIeiVBmWWrQ/arcgis/rest/services/Fiber_BackBone/FeatureServer/2","name":"Fiber_BackBone \u2014 Fiber Backbone (Approx 31 Miles)","carrier":"Not published","routeStatus":"Unknown","category":"unknown","evidence":"agency_route","dataDate":null,"metadataModified":"2018-05-02T20:09:15+00:00","retrievedAt":"2026-09-18T02:36:49.784947+00:00","networkType":"Published fiber route; network class not specified","serviceability":"Unconfirmed","routeDiversity":"Unconfirmed","states":["KS"]},"bbox":[-94.9181370004718,38.8377255333727,-94.9181287731919,38.8384171697752]},{"type":"Feature","geometry":{"type":"LineString","coordinates":[[-94.9181287731919,38.8377255333727],[-94.9181219288264,38.837032735889]]},"properties":{"id":"arcgis-23-2-72f01749768e1c35","sourceId":"arcgis-23-2","source":"Fiber_BackBone \u2014 Fiber Backbone (Approx 31 Miles)","sourceUrl":"https://services5.arcgis.com/Ox3HYmIeiVBmWWrQ/arcgis/rest/services/Fiber_BackBone/FeatureServer/2","name":"Fiber_BackBone \u2014 Fiber Backbone (Approx 31 Miles)","carrier":"Not published","routeStatus":"Unknown","category":"unknown","evidence":"agency_route","dataDate":null,"metadataModified":"2018-05-02T20:09:15+00:00","retrievedAt":"2026-09-18T02:36:49.784947+00:00","networkType":"Published fiber route; network class not specified","serviceability":"Unconfirmed","routeDiversity":"Unconfirmed","states":["KS"]},"bbox":[-94.9181287731919,38.837032735889,-94.9181219288264,38.8377255333727]},{"type":"Feature","geometry":{"type":"LineString","coordinates":[[-94.9441403778518,38.8183821853297],[-94.9449203783628,38.818384252174]]},"properties":{"id":"arcgis-23-2-65096e43e67c40cb","sourceId":"arcgis-23-2","source":"Fiber_BackBone \u2014 Fiber Backbone (Approx 31 Miles)","sourceUrl":"https://services5.arcgis.com/Ox3HYmIeiVBmWWrQ/arcgis/rest/services/Fiber_BackBone/FeatureServer/2","name":"Fiber_BackBone \u2014 Fiber Backbone (Approx 31 Miles)","carrier":"Not published","routeStatus":"Unknown","category":"unknown","evidence":"agency_route","dataDate":null,"metadataModified":"2018-05-02T20:09:15+00:00","retrievedAt":"2026-09-18T02:36:49.784947+00:00","networkType":"Published fiber route; network class not specified","serviceability":"Unconfirmed","routeDiversity":"Unconfirmed","states":["KS"]},"bbox":[-94.9449203783628,38.8183821853297,-94.9441403778518,38.818384252174]},{"type":"Feature","geometry":{"type":"LineString","coordinates":[[-94.9458012121524,38.8187377358138],[-94.9456902452551,38.8181298352307]]},"properties":{"id":"arcgis-23-2-4b68c7e8dfdd20ac","sourceId":"arcgis-23-2","source":"Fiber_BackBone \u2014 Fiber Backbone (Approx 31 Miles)","sourceUrl":"https://services5.arcgis.com/Ox3HYmIeiVBmWWrQ/arcgis/rest/services/Fiber_BackBone/FeatureServer/2","name":"Fiber_BackBone \u2014 Fiber Backbone (Approx 31 Miles)","carrier":"Not published","routeStatus":"Unknown","category":"unknown","evidence":"agency_route","dataDate":null,"metadataModified":"2018-05-02T20:09:15+00:00","retrievedAt":"2026-09-18T02:36:49.784947+00:00","networkType":"Published fiber route; network class not specified","serviceability":"Unconfirmed","routeDiversity":"Unconfirmed","states":["KS"]},"bbox":[-94.9458012121524,38.8181298352307,-94.9456902452551,38.8187377358138]},{"type":"Feature","geometry":{"type":"LineString","coordinates":[[-94.9456946446929,38.8164191520996],[-94.9456889779687,38.8158306857365]]},"properties":{"id":"arcgis-23-2-043c738a13bd0aeb","sourceId":"arcgis-23-2","source":"Fiber_BackBone \u2014 Fiber Backbone (Approx 31 Miles)","sourceUrl":"https://services5.arcgis.com/Ox3HYmIeiVBmWWrQ/arcgis/rest/services/Fiber_BackBone/FeatureServer/2","name":"Fiber_BackBone \u2014 Fiber Backbone (Approx 31 Miles)","carrier":"Not published","routeStatus":"Unknown","category":"unknown","evidence":"agency_route","dataDate":null,"metadataModified":"2018-05-02T20:09:15+00:00","retrievedAt":"2026-09-18T02:36:49.784947+00:00","networkType":"Published fiber route; network class not specified","serviceability":"Unconfirmed","routeDiversity":"Unconfirmed","states":["KS"]},"bbox":[-94.9456946446929,38.8158306857365,-94.9456889779687,38.8164191520996]},{"type":"Feature","geometry":{"type":"LineString","coordinates":[[-94.9456889779687,38.8158306857365],[-94.9456931454825,38.8151372352024]]},"properties":{"id":"arcgis-23-2-0d97a5cbd4fc68dc","sourceId":"arcgis-23-2","source":"Fiber_BackBone \u2014 Fiber Backbone (Approx 31 Miles)","sourceUrl":"https://services5.arcgis.com/Ox3HYmIeiVBmWWrQ/arcgis/rest/services/Fiber_BackBone/FeatureServer/2","name":"Fiber_BackBone \u2014 Fiber Backbone (Approx 31 Miles)","carrier":"Not published","routeStatus":"Unknown","category":"unknown","evidence":"agency_route","dataDate":null,"metadataModified":"2018-05-02T20:09:15+00:00","retrievedAt":"2026-09-18T02:36:49.784947+00:00","networkType":"Published fiber route; network class not specified","serviceability":"Unconfirmed","routeDiversity":"Unconfirmed","states":["KS"]},"bbox":[-94.9456931454825,38.8151372352024,-94.9456889779687,38.8158306857365]},{"type":"Feature","geometry":{"type":"LineString","coordinates":[[-94.9456941447174,38.8136502523668],[-94.9456932113397,38.8130522360138]]},"properties":{"id":"arcgis-23-2-38069e7450ad7b92","sourceId":"arcgis-23-2","source":"Fiber_BackBone \u2014 Fiber Backbone (Approx 31 Miles)","sourceUrl":"https://services5.arcgis.com/Ox3HYmIeiVBmWWrQ/arcgis/rest/services/Fiber_BackBone/FeatureServer/2","name":"Fiber_BackBone \u2014 Fiber Backbone (Approx 31 Miles)","carrier":"Not published","routeStatus":"Unknown","category":"unknown","evidence":"agency_route","dataDate":null,"metadataModified":"2018-05-02T20:09:15+00:00","retrievedAt":"2026-09-18T02:36:49.784947+00:00","networkType":"Published fiber route; network class not specified","serviceability":"Unconfirmed","routeDiversity":"Unconfirmed","states":["KS"]},"bbox":[-94.9456941447174,38.8130522360138,-94.9456932113397,38.8136502523668]},{"type":"Feature","geometry":{"type":"LineString","coordinates":[[-94.9456932113397,38.8130522360138],[-94.9456923781839,38.8124592688373]]},"properties":{"id":"arcgis-23-2-ae6f69c1f794df4a","sourceId":"arcgis-23-2","source":"Fiber_BackBone \u2014 Fiber Backbone (Approx 31 Miles)","sourceUrl":"https://services5.arcgis.com/Ox3HYmIeiVBmWWrQ/arcgis/rest/services/Fiber_BackBone/FeatureServer/2","name":"Fiber_BackBone \u2014 Fiber Backbone (Approx 31 Miles)","carrier":"Not published","routeStatus":"Unknown","category":"unknown","evidence":"agency_route","dataDate":null,"metadataModified":"2018-05-02T20:09:15+00:00","retrievedAt":"2026-09-18T02:36:49.784947+00:00","networkType":"Published fiber route; network class not specified","serviceability":"Unconfirmed","routeDiversity":"Unconfirmed","states":["KS"]},"bbox":[-94.9456932113397,38.8124592688373,-94.9456923781839,38.8130522360138]},{"type":"Feature","geometry":{"type":"LineString","coordinates":[[-94.9066529121356,38.8072805354777],[-94.9073134952156,38.8072829359976],[-94.9079696783556,38.8072833691982],[-94.9086398955824,38.8072812686623],[-94.9086385495515,38.8072805422662]]},"properties":{"id":"arcgis-23-2-8a6e0a286f8781bb","sourceId":"arcgis-23-2","source":"Fiber_BackBone \u2014 Fiber Backbone (Approx 31 Miles)","sourceUrl":"https://services5.arcgis.com/Ox3HYmIeiVBmWWrQ/arcgis/rest/services/Fiber_BackBone/FeatureServer/2","name":"Fiber_BackBone \u2014 Fiber Backbone (Approx 31 Miles)","carrier":"Not published","routeStatus":"Unknown","category":"unknown","evidence":"agency_route","dataDate":null,"metadataModified":"2018-05-02T20:09:15+00:00","retrievedAt":"2026-09-18T02:36:49.784947+00:00","networkType":"Published fiber route; network class not specified","serviceability":"Unconfirmed","routeDiversity":"Unconfirmed","states":["KS"]},"bbox":[-94.9086398955824,38.8072805354777,-94.9066529121356,38.8072833691982]},{"type":"Feature","geometry":{"type":"LineString","coordinates":[[-94.9598222274796,38.8366041770627],[-94.959820125397,38.8372973238856]]},"properties":{"id":"arcgis-23-2-4fba07f25cbbd589","sourceId":"arcgis-23-2","source":"Fiber_BackBone \u2014 Fiber Backbone (Approx 31 Miles)","sourceUrl":"https://services5.arcgis.com/Ox3HYmIeiVBmWWrQ/arcgis/rest/services/Fiber_BackBone/FeatureServer/2","name":"Fiber_BackBone \u2014 Fiber Backbone (Approx 31 Miles)","carrier":"Not published","routeStatus":"Unknown","category":"unknown","evidence":"agency_route","dataDate":null,"metadataModified":"2018-05-02T20:09:15+00:00","retrievedAt":"2026-09-18T02:36:49.784947+00:00","networkType":"Published fiber route; network class not specified","serviceability":"Unconfirmed","routeDiversity":"Unconfirmed","states":["KS"]},"bbox":[-94.9598222274796,38.8366041770627,-94.959820125397,38.8372973238856]},{"type":"Feature","geometry":{"type":"LineString","coordinates":[[-94.9598234766239,38.837300249282],[-94.959820515224,38.8379884486763]]},"properties":{"id":"arcgis-23-2-4fbb70444b3de105","sourceId":"arcgis-23-2","source":"Fiber_BackBone \u2014 Fiber Backbone (Approx 31 Miles)","sourceUrl":"https://services5.arcgis.com/Ox3HYmIeiVBmWWrQ/arcgis/rest/services/Fiber_BackBone/FeatureServer/2","name":"Fiber_BackBone \u2014 Fiber Backbone (Approx 31 Miles)","carrier":"Not published","routeStatus":"Unknown","category":"unknown","evidence":"agency_route","dataDate":null,"metadataModified":"2018-05-02T20:09:15+00:00","retrievedAt":"2026-09-18T02:36:49.784947+00:00","networkType":"Published fiber route; network class not specified","serviceability":"Unconfirmed","routeDiversity":"Unconfirmed","states":["KS"]},"bbox":[-94.9598234766239,38.837300249282,-94.959820515224,38.8379884486763]},{"type":"Feature","geometry":{"type":"LineString","coordinates":[[-94.959820515224,38.8379884486763],[-94.9598139259551,38.8386738821335]]},"properties":{"id":"arcgis-23-2-bcf7213725e73573","sourceId":"arcgis-23-2","source":"Fiber_BackBone \u2014 Fiber Backbone (Approx 31 Miles)","sourceUrl":"https://services5.arcgis.com/Ox3HYmIeiVBmWWrQ/arcgis/rest/services/Fiber_BackBone/FeatureServer/2","name":"Fiber_BackBone \u2014 Fiber Backbone (Approx 31 Miles)","carrier":"Not published","routeStatus":"Unknown","category":"unknown","evidence":"agency_route","dataDate":null,"metadataModified":"2018-05-02T20:09:15+00:00","retrievedAt":"2026-09-18T02:36:49.784947+00:00","networkType":"Published fiber route; network class not specified","serviceability":"Unconfirmed","routeDiversity":"Unconfirmed","states":["KS"]},"bbox":[-94.959820515224,38.8379884486763,-94.9598139259551,38.8386738821335]},{"type":"Feature","geometry":{"type":"LineString","coordinates":[[-94.9598139259551,38.8386738821335],[-94.9598087427774,38.8393618329488]]},"properties":{"id":"arcgis-23-2-4d4c332bb99b8506","sourceId":"arcgis-23-2","source":"Fiber_BackBone \u2014 Fiber Backbone (Approx 31 Miles)","sourceUrl":"https://services5.arcgis.com/Ox3HYmIeiVBmWWrQ/arcgis/rest/services/Fiber_BackBone/FeatureServer/2","name":"Fiber_BackBone \u2014 Fiber Backbone (Approx 31 Miles)","carrier":"Not published","routeStatus":"Unknown","category":"unknown","evidence":"agency_route","dataDate":null,"metadataModified":"2018-05-02T20:09:15+00:00","retrievedAt":"2026-09-18T02:36:49.784947+00:00","networkType":"Published fiber route; network class not specified","serviceability":"Unconfirmed","routeDiversity":"Unconfirmed","states":["KS"]},"bbox":[-94.9598139259551,38.8386738821335,-94.9598087427774,38.8393618329488]},{"type":"Feature","geometry":{"type":"LineString","coordinates":[[-94.9598087427774,38.8393618329488],[-94.9598046675108,38.8400368905636]]},"properties":{"id":"arcgis-23-2-e0b8758a73e5a119","sourceId":"arcgis-23-2","source":"Fiber_BackBone \u2014 Fiber Backbone (Approx 31 Miles)","sourceUrl":"https://services5.arcgis.com/Ox3HYmIeiVBmWWrQ/arcgis/rest/services/Fiber_BackBone/FeatureServer/2","name":"Fiber_BackBone \u2014 Fiber Backbone (Approx 31 Miles)","carrier":"Not published","routeStatus":"Unknown","category":"unknown","evidence":"agency_route","dataDate":null,"metadataModified":"2018-05-02T20:09:15+00:00","retrievedAt":"2026-09-18T02:36:49.784947+00:00","networkType":"Published fiber route; network class not specified","serviceability":"Unconfirmed","routeDiversity":"Unconfirmed","states":["KS"]},"bbox":[-94.9598087427774,38.8393618329488,-94.9598046675108,38.8400368905636]},{"type":"Feature","geometry":{"type":"LineString","coordinates":[[-94.9135011277914,38.806284169212],[-94.9134952455139,38.8056896194453]]},"properties":{"id":"arcgis-23-2-b8a28892e5204ce3","sourceId":"arcgis-23-2","source":"Fiber_BackBone \u2014 Fiber Backbone (Approx 31 Miles)","sourceUrl":"https://services5.arcgis.com/Ox3HYmIeiVBmWWrQ/arcgis/rest/services/Fiber_BackBone/FeatureServer/2","name":"Fiber_BackBone \u2014 Fiber Backbone (Approx 31 Miles)","carrier":"Not published","routeStatus":"Unknown","category":"unknown","evidence":"agency_route","dataDate":null,"metadataModified":"2018-05-02T20:09:15+00:00","retrievedAt":"2026-09-18T02:36:49.784947+00:00","networkType":"Published fiber route; network class not specified","serviceability":"Unconfirmed","routeDiversity":"Unconfirmed","states":["KS"]},"bbox":[-94.9135011277914,38.8056896194453,-94.9134952455139,38.806284169212]},{"type":"Feature","geometry":{"type":"LineString","coordinates":[[-94.9088219455484,38.8062408021847],[-94.9088142954394,38.8068383193936]]},"properties":{"id":"arcgis-23-2-8298319dbb416f50","sourceId":"arcgis-23-2","source":"Fiber_BackBone \u2014 Fiber Backbone (Approx 31 Miles)","sourceUrl":"https://services5.arcgis.com/Ox3HYmIeiVBmWWrQ/arcgis/rest/services/Fiber_BackBone/FeatureServer/2","name":"Fiber_BackBone \u2014 Fiber Backbone (Approx 31 Miles)","carrier":"Not published","routeStatus":"Unknown","category":"unknown","evidence":"agency_route","dataDate":null,"metadataModified":"2018-05-02T20:09:15+00:00","retrievedAt":"2026-09-18T02:36:49.784947+00:00","networkType":"Published fiber route; network class not specified","serviceability":"Unconfirmed","routeDiversity":"Unconfirmed","states":["KS"]},"bbox":[-94.9088219455484,38.8062408021847,-94.9088142954394,38.8068383193936]},{"type":"Feature","geometry":{"type":"LineString","coordinates":[[-94.908883578441,38.8246875521608],[-94.908877494574,38.8236904353484]]},"properties":{"id":"arcgis-23-2-422ae341b09fba1a","sourceId":"arcgis-23-2","source":"Fiber_BackBone \u2014 Fiber Backbone (Approx 31 Miles)","sourceUrl":"https://services5.arcgis.com/Ox3HYmIeiVBmWWrQ/arcgis/rest/services/Fiber_BackBone/FeatureServer/2","name":"Fiber_BackBone \u2014 Fiber Backbone (Approx 31 Miles)","carrier":"Not published","routeStatus":"Unknown","category":"unknown","evidence":"agency_route","dataDate":null,"metadataModified":"2018-05-02T20:09:15+00:00","retrievedAt":"2026-09-18T02:36:49.784947+00:00","networkType":"Published fiber route; network class not specified","serviceability":"Unconfirmed","routeDiversity":"Unconfirmed","states":["KS"]},"bbox":[-94.908883578441,38.8236904353484,-94.908877494574,38.8246875521608]},{"type":"Feature","geometry":{"type":"LineString","coordinates":[[-94.908877494574,38.8236904353484],[-94.9088804947059,38.8226994189748]]},"properties":{"id":"arcgis-23-2-7becccd8db7641d8","sourceId":"arcgis-23-2","source":"Fiber_BackBone \u2014 Fiber Backbone (Approx 31 Miles)","sourceUrl":"https://services5.arcgis.com/Ox3HYmIeiVBmWWrQ/arcgis/rest/services/Fiber_BackBone/FeatureServer/2","name":"Fiber_BackBone \u2014 Fiber Backbone (Approx 31 Miles)","carrier":"Not published","routeStatus":"Unknown","category":"unknown","evidence":"agency_route","dataDate":null,"metadataModified":"2018-05-02T20:09:15+00:00","retrievedAt":"2026-09-18T02:36:49.784947+00:00","networkType":"Published fiber route; network class not specified","serviceability":"Unconfirmed","routeDiversity":"Unconfirmed","states":["KS"]},"bbox":[-94.9088804947059,38.8226994189748,-94.908877494574,38.8236904353484]},{"type":"Feature","geometry":{"type":"LineString","coordinates":[[-94.9088804947059,38.8226994189748],[-94.9088582119198,38.821700202754]]},"properties":{"id":"arcgis-23-2-ed4288cd96d1bd21","sourceId":"arcgis-23-2","source":"Fiber_BackBone \u2014 Fiber Backbone (Approx 31 Miles)","sourceUrl":"https://services5.arcgis.com/Ox3HYmIeiVBmWWrQ/arcgis/rest/services/Fiber_BackBone/FeatureServer/2","name":"Fiber_BackBone \u2014 Fiber Backbone (Approx 31 Miles)","carrier":"Not published","routeStatus":"Unknown","category":"unknown","evidence":"agency_route","dataDate":null,"metadataModified":"2018-05-02T20:09:15+00:00","retrievedAt":"2026-09-18T02:36:49.784947+00:00","networkType":"Published fiber route; network class not specified","serviceability":"Unconfirmed","routeDiversity":"Unconfirmed","states":["KS"]},"bbox":[-94.9088804947059,38.821700202754,-94.9088582119198,38.8226994189748]},{"type":"Feature","geometry":{"type":"LineString","coordinates":[[-94.9088582119198,38.821700202754],[-94.9088666118256,38.8207032356706]]},"properties":{"id":"arcgis-23-2-80f4469f5e920b81","sourceId":"arcgis-23-2","source":"Fiber_BackBone \u2014 Fiber Backbone (Approx 31 Miles)","sourceUrl":"https://services5.arcgis.com/Ox3HYmIeiVBmWWrQ/arcgis/rest/services/Fiber_BackBone/FeatureServer/2","name":"Fiber_BackBone \u2014 Fiber Backbone (Approx 31 Miles)","carrier":"Not published","routeStatus":"Unknown","category":"unknown","evidence":"agency_route","dataDate":null,"metadataModified":"2018-05-02T20:09:15+00:00","retrievedAt":"2026-09-18T02:36:49.784947+00:00","networkType":"Published fiber route; network class not specified","serviceability":"Unconfirmed","routeDiversity":"Unconfirmed","states":["KS"]},"bbox":[-94.9088666118256,38.8207032356706,-94.9088582119198,38.821700202754]},{"type":"Feature","geometry":{"type":"LineString","coordinates":[[-94.9088666118256,38.8207032356706],[-94.9088620454689,38.8197057860591]]},"properties":{"id":"arcgis-23-2-8c555dc7f629d5c1","sourceId":"arcgis-23-2","source":"Fiber_BackBone \u2014 Fiber Backbone (Approx 31 Miles)","sourceUrl":"https://services5.arcgis.com/Ox3HYmIeiVBmWWrQ/arcgis/rest/services/Fiber_BackBone/FeatureServer/2","name":"Fiber_BackBone \u2014 Fiber Backbone (Approx 31 Miles)","carrier":"Not published","routeStatus":"Unknown","category":"unknown","evidence":"agency_route","dataDate":null,"metadataModified":"2018-05-02T20:09:15+00:00","retrievedAt":"2026-09-18T02:36:49.784947+00:00","networkType":"Published fiber route; network class not specified","serviceability":"Unconfirmed","routeDiversity":"Unconfirmed","states":["KS"]},"bbox":[-94.9088666118256,38.8197057860591,-94.9088620454689,38.8207032356706]},{"type":"Feature","geometry":{"type":"LineString","coordinates":[[-94.9233662448955,38.7850058689272],[-94.9227868855432,38.7842333156005],[-94.9227814480902,38.7836016373733],[-94.9227729425433,38.7830417961871],[-94.9227659776059,38.7824680153203],[-94.9227653080461,38.7821464657519],[-94.9227634489447,38.7820126883059],[-94.9229610123483,38.7820291775233],[-94.9234387280481,38.7820313027]]},"properties":{"id":"arcgis-23-2-adfca1921b3319e3","sourceId":"arcgis-23-2","source":"Fiber_BackBone \u2014 Fiber Backbone (Approx 31 Miles)","sourceUrl":"https://services5.arcgis.com/Ox3HYmIeiVBmWWrQ/arcgis/rest/services/Fiber_BackBone/FeatureServer/2","name":"Fiber_BackBone \u2014 Fiber Backbone (Approx 31 Miles)","carrier":"Not published","routeStatus":"Unknown","category":"unknown","evidence":"agency_route","dataDate":null,"metadataModified":"2018-05-02T20:09:15+00:00","retrievedAt":"2026-09-18T02:36:49.784947+00:00","networkType":"Published fiber route; network class not specified","serviceability":"Unconfirmed","routeDiversity":"Unconfirmed","states":["KS"]},"bbox":[-94.9234387280481,38.7820126883059,-94.9227634489447,38.7850058689272]},{"type":"Feature","geometry":{"type":"LineString","coordinates":[[-94.9575197951862,38.8401619022236],[-94.9562530287207,38.840152985624]]},"properties":{"id":"arcgis-23-2-42eacf19ce6840a6","sourceId":"arcgis-23-2","source":"Fiber_BackBone \u2014 Fiber Backbone (Approx 31 Miles)","sourceUrl":"https://services5.arcgis.com/Ox3HYmIeiVBmWWrQ/arcgis/rest/services/Fiber_BackBone/FeatureServer/2","name":"Fiber_BackBone \u2014 Fiber Backbone (Approx 31 Miles)","carrier":"Not published","routeStatus":"Unknown","category":"unknown","evidence":"agency_route","dataDate":null,"metadataModified":"2018-05-02T20:09:15+00:00","retrievedAt":"2026-09-18T02:36:49.784947+00:00","networkType":"Published fiber route; network class not specified","serviceability":"Unconfirmed","routeDiversity":"Unconfirmed","states":["KS"]},"bbox":[-94.9575197951862,38.840152985624,-94.9562530287207,38.8401619022236]},{"type":"Feature","geometry":{"type":"LineString","coordinates":[[-94.9644373449829,38.8336834524458],[-94.9644232281587,38.833189102363],[-94.9644289943627,38.8326999858977],[-94.9644320276818,38.8321894354912],[-94.9644406451695,38.8316876193479],[-94.9644424950963,38.8311860691351],[-94.9644456451038,38.8306901024573],[-94.964448511866,38.8301949359252],[-94.9644530949161,38.8296564021878],[-94.964456228643,38.8291999193026],[-94.9644524287166,38.8286964353191],[-94.9644634446554,38.8281856687955],[-94.9644589637131,38.827761824943],[-94.9644680444575,38.8272606355723],[-94.9644664257265,38.8267303547456],[-94.9644680599309,38.826262938182],[-94.9644713592832,38.825925687484]]},"properties":{"id":"arcgis-23-2-daea80d2123d5dcb","sourceId":"arcgis-23-2","source":"Fiber_BackBone \u2014 Fiber Backbone (Approx 31 Miles)","sourceUrl":"https://services5.arcgis.com/Ox3HYmIeiVBmWWrQ/arcgis/rest/services/Fiber_BackBone/FeatureServer/2","name":"Fiber_BackBone \u2014 Fiber Backbone (Approx 31 Miles)","carrier":"Not published","routeStatus":"Unknown","category":"unknown","evidence":"agency_route","dataDate":null,"metadataModified":"2018-05-02T20:09:15+00:00","retrievedAt":"2026-09-18T02:36:49.784947+00:00","networkType":"Published fiber route; network class not specified","serviceability":"Unconfirmed","routeDiversity":"Unconfirmed","states":["KS"]},"bbox":[-94.9644713592832,38.825925687484,-94.9644232281587,38.8336834524458]},{"type":"Feature","geometry":{"type":"LineString","coordinates":[[-94.9621486119731,38.8259310354794],[-94.9613894277974,38.8259238857809]]},"properties":{"id":"arcgis-23-2-22f138f6ce3ca657","sourceId":"arcgis-23-2","source":"Fiber_BackBone \u2014 Fiber Backbone (Approx 31 Miles)","sourceUrl":"https://services5.arcgis.com/Ox3HYmIeiVBmWWrQ/arcgis/rest/services/Fiber_BackBone/FeatureServer/2","name":"Fiber_BackBone \u2014 Fiber Backbone (Approx 31 Miles)","carrier":"Not published","routeStatus":"Unknown","category":"unknown","evidence":"agency_route","dataDate":null,"metadataModified":"2018-05-02T20:09:15+00:00","retrievedAt":"2026-09-18T02:36:49.784947+00:00","networkType":"Published fiber route; network class not specified","serviceability":"Unconfirmed","routeDiversity":"Unconfirmed","states":["KS"]},"bbox":[-94.9621486119731,38.8259238857809,-94.9613894277974,38.8259310354794]},{"type":"Feature","geometry":{"type":"LineString","coordinates":[[-94.9606962616019,38.8259220856433],[-94.9593922943641,38.8259153355302]]},"properties":{"id":"arcgis-23-2-3a0a748246e76fd2","sourceId":"arcgis-23-2","source":"Fiber_BackBone \u2014 Fiber Backbone (Approx 31 Miles)","sourceUrl":"https://services5.arcgis.com/Ox3HYmIeiVBmWWrQ/arcgis/rest/services/Fiber_BackBone/FeatureServer/2","name":"Fiber_BackBone \u2014 Fiber Backbone (Approx 31 Miles)","carrier":"Not published","routeStatus":"Unknown","category":"unknown","evidence":"agency_route","dataDate":null,"metadataModified":"2018-05-02T20:09:15+00:00","retrievedAt":"2026-09-18T02:36:49.784947+00:00","networkType":"Published fiber route; network class not specified","serviceability":"Unconfirmed","routeDiversity":"Unconfirmed","states":["KS"]},"bbox":[-94.9606962616019,38.8259153355302,-94.9593922943641,38.8259220856433]},{"type":"Feature","geometry":{"type":"LineString","coordinates":[[-94.9593922943641,38.8259153355302],[-94.9586213784955,38.8259152520782]]},"properties":{"id":"arcgis-23-2-0b06e7d0eca50965","sourceId":"arcgis-23-2","source":"Fiber_BackBone \u2014 Fiber Backbone (Approx 31 Miles)","sourceUrl":"https://services5.arcgis.com/Ox3HYmIeiVBmWWrQ/arcgis/rest/services/Fiber_BackBone/FeatureServer/2","name":"Fiber_BackBone \u2014 Fiber Backbone (Approx 31 Miles)","carrier":"Not published","routeStatus":"Unknown","category":"unknown","evidence":"agency_route","dataDate":null,"metadataModified":"2018-05-02T20:09:15+00:00","retrievedAt":"2026-09-18T02:36:49.784947+00:00","networkType":"Published fiber route; network class not specified","serviceability":"Unconfirmed","routeDiversity":"Unconfirmed","states":["KS"]},"bbox":[-94.9593922943641,38.8259152520782,-94.9586213784955,38.8259153355302]},{"type":"Feature","geometry":{"type":"LineString","coordinates":[[-94.9579839782707,38.8259115853539],[-94.9571196615953,38.8258249023566]]},"properties":{"id":"arcgis-23-2-772b2587c497a7dc","sourceId":"arcgis-23-2","source":"Fiber_BackBone \u2014 Fiber Backbone (Approx 31 Miles)","sourceUrl":"https://services5.arcgis.com/Ox3HYmIeiVBmWWrQ/arcgis/rest/services/Fiber_BackBone/FeatureServer/2","name":"Fiber_BackBone \u2014 Fiber Backbone (Approx 31 Miles)","carrier":"Not published","routeStatus":"Unknown","category":"unknown","evidence":"agency_route","dataDate":null,"metadataModified":"2018-05-02T20:09:15+00:00","retrievedAt":"2026-09-18T02:36:49.784947+00:00","networkType":"Published fiber route; network class not specified","serviceability":"Unconfirmed","routeDiversity":"Unconfirmed","states":["KS"]},"bbox":[-94.9579839782707,38.8258249023566,-94.9571196615953,38.8259115853539]},{"type":"Feature","geometry":{"type":"LineString","coordinates":[[-94.9552755947264,38.8258227520011],[-94.9544992368447,38.8259129207441]]},"properties":{"id":"arcgis-23-2-1446036af8f2ff3b","sourceId":"arcgis-23-2","source":"Fiber_BackBone \u2014 Fiber Backbone (Approx 31 Miles)","sourceUrl":"https://services5.arcgis.com/Ox3HYmIeiVBmWWrQ/arcgis/rest/services/Fiber_BackBone/FeatureServer/2","name":"Fiber_BackBone \u2014 Fiber Backbone (Approx 31 Miles)","carrier":"Not published","routeStatus":"Unknown","category":"unknown","evidence":"agency_route","dataDate":null,"metadataModified":"2018-05-02T20:09:15+00:00","retrievedAt":"2026-09-18T02:36:49.784947+00:00","networkType":"Published fiber route; network class not specified","serviceability":"Unconfirmed","routeDiversity":"Unconfirmed","states":["KS"]},"bbox":[-94.9552755947264,38.8258227520011,-94.9544992368447,38.8259129207441]},{"type":"Feature","geometry":{"type":"LineString","coordinates":[[-94.9532474786448,38.825905019293],[-94.9524496615482,38.8258986856655]]},"properties":{"id":"arcgis-23-2-60aaf8f0b75d0aaf","sourceId":"arcgis-23-2","source":"Fiber_BackBone \u2014 Fiber Backbone (Approx 31 Miles)","sourceUrl":"https://services5.arcgis.com/Ox3HYmIeiVBmWWrQ/arcgis/rest/services/Fiber_BackBone/FeatureServer/2","name":"Fiber_BackBone \u2014 Fiber Backbone (Approx 31 Miles)","carrier":"Not published","routeStatus":"Unknown","category":"unknown","evidence":"agency_route","dataDate":null,"metadataModified":"2018-05-02T20:09:15+00:00","retrievedAt":"2026-09-18T02:36:49.784947+00:00","networkType":"Published fiber route; network class not specified","serviceability":"Unconfirmed","routeDiversity":"Unconfirmed","states":["KS"]},"bbox":[-94.9532474786448,38.8258986856655,-94.9524496615482,38.825905019293]},{"type":"Feature","geometry":{"type":"LineString","coordinates":[[-94.9504960861772,38.8258104529717],[-94.9496997281887,38.8258010193128]]},"properties":{"id":"arcgis-23-2-f564b2526d649a0e","sourceId":"arcgis-23-2","source":"Fiber_BackBone \u2014 Fiber Backbone (Approx 31 Miles)","sourceUrl":"https://services5.arcgis.com/Ox3HYmIeiVBmWWrQ/arcgis/rest/services/Fiber_BackBone/FeatureServer/2","name":"Fiber_BackBone \u2014 Fiber Backbone (Approx 31 Miles)","carrier":"Not published","routeStatus":"Unknown","category":"unknown","evidence":"agency_route","dataDate":null,"metadataModified":"2018-05-02T20:09:15+00:00","retrievedAt":"2026-09-18T02:36:49.784947+00:00","networkType":"Published fiber route; network class not specified","serviceability":"Unconfirmed","routeDiversity":"Unconfirmed","states":["KS"]},"bbox":[-94.9504960861772,38.8258010193128,-94.9496997281887,38.8258104529717]},{"type":"Feature","geometry":{"type":"LineString","coordinates":[[-94.9478239787687,38.825901835577],[-94.9470408954036,38.8258940857623]]},"properties":{"id":"arcgis-23-2-28e71c3d983cd7b7","sourceId":"arcgis-23-2","source":"Fiber_BackBone \u2014 Fiber Backbone (Approx 31 Miles)","sourceUrl":"https://services5.arcgis.com/Ox3HYmIeiVBmWWrQ/arcgis/rest/services/Fiber_BackBone/FeatureServer/2","name":"Fiber_BackBone \u2014 Fiber Backbone (Approx 31 Miles)","carrier":"Not published","routeStatus":"Unknown","category":"unknown","evidence":"agency_route","dataDate":null,"metadataModified":"2018-05-02T20:09:15+00:00","retrievedAt":"2026-09-18T02:36:49.784947+00:00","networkType":"Published fiber route; network class not specified","serviceability":"Unconfirmed","routeDiversity":"Unconfirmed","states":["KS"]},"bbox":[-94.9478239787687,38.8258940857623,-94.9470408954036,38.825901835577]},{"type":"Feature","geometry":{"type":"LineString","coordinates":[[-94.9606722515294,38.8112625735996],[-94.9614446219809,38.8112756378171]]},"properties":{"id":"arcgis-23-2-679349528929c570","sourceId":"arcgis-23-2","source":"Fiber_BackBone \u2014 Fiber Backbone (Approx 31 Miles)","sourceUrl":"https://services5.arcgis.com/Ox3HYmIeiVBmWWrQ/arcgis/rest/services/Fiber_BackBone/FeatureServer/2","name":"Fiber_BackBone \u2014 Fiber Backbone (Approx 31 Miles)","carrier":"Not published","routeStatus":"Unknown","category":"unknown","evidence":"agency_route","dataDate":null,"metadataModified":"2018-05-02T20:09:15+00:00","retrievedAt":"2026-09-18T02:36:49.784947+00:00","networkType":"Published fiber route; network class not specified","serviceability":"Unconfirmed","routeDiversity":"Unconfirmed","states":["KS"]},"bbox":[-94.9614446219809,38.8112625735996,-94.9606722515294,38.8112756378171]},{"type":"Feature","geometry":{"type":"LineString","coordinates":[[-94.9308078777494,38.8064412190858],[-94.9308875861228,38.807136245765]]},"properties":{"id":"arcgis-23-2-36ef09808786271b","sourceId":"arcgis-23-2","source":"Fiber_BackBone \u2014 Fiber Backbone (Approx 31 Miles)","sourceUrl":"https://services5.arcgis.com/Ox3HYmIeiVBmWWrQ/arcgis/rest/services/Fiber_BackBone/FeatureServer/2","name":"Fiber_BackBone \u2014 Fiber Backbone (Approx 31 Miles)","carrier":"Not published","routeStatus":"Unknown","category":"unknown","evidence":"agency_route","dataDate":null,"metadataModified":"2018-05-02T20:09:15+00:00","retrievedAt":"2026-09-18T02:36:49.784947+00:00","networkType":"Published fiber route; network class not specified","serviceability":"Unconfirmed","routeDiversity":"Unconfirmed","states":["KS"]},"bbox":[-94.9308875861228,38.8064412190858,-94.9308078777494,38.807136245765]},{"type":"Feature","geometry":{"type":"LineString","coordinates":[[-94.9226788284373,38.8164301153644],[-94.9234560953331,38.8164313858423]]},"properties":{"id":"arcgis-23-2-84a305d4cdd66e81","sourceId":"arcgis-23-2","source":"Fiber_BackBone \u2014 Fiber Backbone (Approx 31 Miles)","sourceUrl":"https://services5.arcgis.com/Ox3HYmIeiVBmWWrQ/arcgis/rest/services/Fiber_BackBone/FeatureServer/2","name":"Fiber_BackBone \u2014 Fiber Backbone (Approx 31 Miles)","carrier":"Not published","routeStatus":"Unknown","category":"unknown","evidence":"agency_route","dataDate":null,"metadataModified":"2018-05-02T20:09:15+00:00","retrievedAt":"2026-09-18T02:36:49.784947+00:00","networkType":"Published fiber route; network class not specified","serviceability":"Unconfirmed","routeDiversity":"Unconfirmed","states":["KS"]},"bbox":[-94.9234560953331,38.8164301153644,-94.9226788284373,38.8164313858423]},{"type":"Feature","geometry":{"type":"LineString","coordinates":[[-94.9165449699185,38.809675817279],[-94.9174037190391,38.8095238732506]]},"properties":{"id":"arcgis-23-2-00c4871e1cbd906e","sourceId":"arcgis-23-2","source":"Fiber_BackBone \u2014 Fiber Backbone (Approx 31 Miles)","sourceUrl":"https://services5.arcgis.com/Ox3HYmIeiVBmWWrQ/arcgis/rest/services/Fiber_BackBone/FeatureServer/2","name":"Fiber_BackBone \u2014 Fiber Backbone (Approx 31 Miles)","carrier":"Not published","routeStatus":"Unknown","category":"unknown","evidence":"agency_route","dataDate":null,"metadataModified":"2018-05-02T20:09:15+00:00","retrievedAt":"2026-09-18T02:36:49.784947+00:00","networkType":"Published fiber route; network class not specified","serviceability":"Unconfirmed","routeDiversity":"Unconfirmed","states":["KS"]},"bbox":[-94.9174037190391,38.8095238732506,-94.9165449699185,38.809675817279]},{"type":"Feature","geometry":{"type":"LineString","coordinates":[[-94.9174037190391,38.8095238732506],[-94.9183122160471,38.8093631386695]]},"properties":{"id":"arcgis-23-2-754eddd97e05abe9","sourceId":"arcgis-23-2","source":"Fiber_BackBone \u2014 Fiber Backbone (Approx 31 Miles)","sourceUrl":"https://services5.arcgis.com/Ox3HYmIeiVBmWWrQ/arcgis/rest/services/Fiber_BackBone/FeatureServer/2","name":"Fiber_BackBone \u2014 Fiber Backbone (Approx 31 Miles)","carrier":"Not published","routeStatus":"Unknown","category":"unknown","evidence":"agency_route","dataDate":null,"metadataModified":"2018-05-02T20:09:15+00:00","retrievedAt":"2026-09-18T02:36:49.784947+00:00","networkType":"Published fiber route; network class not specified","serviceability":"Unconfirmed","routeDiversity":"Unconfirmed","states":["KS"]},"bbox":[-94.9183122160471,38.8093631386695,-94.9174037190391,38.8095238732506]},{"type":"Feature","geometry":{"type":"LineString","coordinates":[[-94.9183122160471,38.8093631386695],[-94.9191975833141,38.8092093271472]]},"properties":{"id":"arcgis-23-2-04b3c2130dcc75f5","sourceId":"arcgis-23-2","source":"Fiber_BackBone \u2014 Fiber Backbone (Approx 31 Miles)","sourceUrl":"https://services5.arcgis.com/Ox3HYmIeiVBmWWrQ/arcgis/rest/services/Fiber_BackBone/FeatureServer/2","name":"Fiber_BackBone \u2014 Fiber Backbone (Approx 31 Miles)","carrier":"Not published","routeStatus":"Unknown","category":"unknown","evidence":"agency_route","dataDate":null,"metadataModified":"2018-05-02T20:09:15+00:00","retrievedAt":"2026-09-18T02:36:49.784947+00:00","networkType":"Published fiber route; network class not specified","serviceability":"Unconfirmed","routeDiversity":"Unconfirmed","states":["KS"]},"bbox":[-94.9191975833141,38.8092093271472,-94.9183122160471,38.8093631386695]},{"type":"Feature","geometry":{"type":"LineString","coordinates":[[-94.9191975833141,38.8092093271472],[-94.9201104111543,38.8090466840072]]},"properties":{"id":"arcgis-23-2-b346da5fc443e47f","sourceId":"arcgis-23-2","source":"Fiber_BackBone \u2014 Fiber Backbone (Approx 31 Miles)","sourceUrl":"https://services5.arcgis.com/Ox3HYmIeiVBmWWrQ/arcgis/rest/services/Fiber_BackBone/FeatureServer/2","name":"Fiber_BackBone \u2014 Fiber Backbone (Approx 31 Miles)","carrier":"Not published","routeStatus":"Unknown","category":"unknown","evidence":"agency_route","dataDate":null,"metadataModified":"2018-05-02T20:09:15+00:00","retrievedAt":"2026-09-18T02:36:49.784947+00:00","networkType":"Published fiber route; network class not specified","serviceability":"Unconfirmed","routeDiversity":"Unconfirmed","states":["KS"]},"bbox":[-94.9201104111543,38.8090466840072,-94.9191975833141,38.8092093271472]},{"type":"Feature","geometry":{"type":"LineString","coordinates":[[-94.9201104111543,38.8090466840072],[-94.9209996756018,38.8088914312819]]},"properties":{"id":"arcgis-23-2-fd2465485a857cf1","sourceId":"arcgis-23-2","source":"Fiber_BackBone \u2014 Fiber Backbone (Approx 31 Miles)","sourceUrl":"https://services5.arcgis.com/Ox3HYmIeiVBmWWrQ/arcgis/rest/services/Fiber_BackBone/FeatureServer/2","name":"Fiber_BackBone \u2014 Fiber Backbone (Approx 31 Miles)","carrier":"Not published","routeStatus":"Unknown","category":"unknown","evidence":"agency_route","dataDate":null,"metadataModified":"2018-05-02T20:09:15+00:00","retrievedAt":"2026-09-18T02:36:49.784947+00:00","networkType":"Published fiber route; network class not specified","serviceability":"Unconfirmed","routeDiversity":"Unconfirmed","states":["KS"]},"bbox":[-94.9209996756018,38.8088914312819,-94.9201104111543,38.8090466840072]},{"type":"Feature","geometry":{"type":"LineString","coordinates":[[-94.9209996756018,38.8088914312819],[-94.9219026370914,38.808733985466]]},"properties":{"id":"arcgis-23-2-cf8b9580f2878d21","sourceId":"arcgis-23-2","source":"Fiber_BackBone \u2014 Fiber Backbone (Approx 31 Miles)","sourceUrl":"https://services5.arcgis.com/Ox3HYmIeiVBmWWrQ/arcgis/rest/services/Fiber_BackBone/FeatureServer/2","name":"Fiber_BackBone \u2014 Fiber Backbone (Approx 31 Miles)","carrier":"Not published","routeStatus":"Unknown","category":"unknown","evidence":"agency_route","dataDate":null,"metadataModified":"2018-05-02T20:09:15+00:00","retrievedAt":"2026-09-18T02:36:49.784947+00:00","networkType":"Published fiber route; network class not specified","serviceability":"Unconfirmed","routeDiversity":"Unconfirmed","states":["KS"]},"bbox":[-94.9219026370914,38.808733985466,-94.9209996756018,38.8088914312819]},{"type":"Feature","geometry":{"type":"LineString","coordinates":[[-94.9219026370914,38.808733985466],[-94.9227705465958,38.8085832788761]]},"properties":{"id":"arcgis-23-2-886c4eac75bad1b2","sourceId":"arcgis-23-2","source":"Fiber_BackBone \u2014 Fiber Backbone (Approx 31 Miles)","sourceUrl":"https://services5.arcgis.com/Ox3HYmIeiVBmWWrQ/arcgis/rest/services/Fiber_BackBone/FeatureServer/2","name":"Fiber_BackBone \u2014 Fiber Backbone (Approx 31 Miles)","carrier":"Not published","routeStatus":"Unknown","category":"unknown","evidence":"agency_route","dataDate":null,"metadataModified":"2018-05-02T20:09:15+00:00","retrievedAt":"2026-09-18T02:36:49.784947+00:00","networkType":"Published fiber route; network class not specified","serviceability":"Unconfirmed","routeDiversity":"Unconfirmed","states":["KS"]},"bbox":[-94.9227705465958,38.8085832788761,-94.9219026370914,38.808733985466]},{"type":"Feature","geometry":{"type":"LineString","coordinates":[[-94.9227705465958,38.8085832788761],[-94.9236802539247,38.8084228549646]]},"properties":{"id":"arcgis-23-2-566851085c59d748","sourceId":"arcgis-23-2","source":"Fiber_BackBone \u2014 Fiber Backbone (Approx 31 Miles)","sourceUrl":"https://services5.arcgis.com/Ox3HYmIeiVBmWWrQ/arcgis/rest/services/Fiber_BackBone/FeatureServer/2","name":"Fiber_BackBone \u2014 Fiber Backbone (Approx 31 Miles)","carrier":"Not published","routeStatus":"Unknown","category":"unknown","evidence":"agency_route","dataDate":null,"metadataModified":"2018-05-02T20:09:15+00:00","retrievedAt":"2026-09-18T02:36:49.784947+00:00","networkType":"Published fiber route; network class not specified","serviceability":"Unconfirmed","routeDiversity":"Unconfirmed","states":["KS"]},"bbox":[-94.9236802539247,38.8084228549646,-94.9227705465958,38.8085832788761]},{"type":"Feature","geometry":{"type":"LineString","coordinates":[[-94.9344649213088,38.8130168611472],[-94.9344457280479,38.8125672902129],[-94.9343645224616,38.8122429235135],[-94.9343691043784,38.8120104404676],[-94.9343836787507,38.8117290688648]]},"properties":{"id":"arcgis-23-2-ff64a8b7b16800a8","sourceId":"arcgis-23-2","source":"Fiber_BackBone \u2014 Fiber Backbone (Approx 31 Miles)","sourceUrl":"https://services5.arcgis.com/Ox3HYmIeiVBmWWrQ/arcgis/rest/services/Fiber_BackBone/FeatureServer/2","name":"Fiber_BackBone \u2014 Fiber Backbone (Approx 31 Miles)","carrier":"Not published","routeStatus":"Unknown","category":"unknown","evidence":"agency_route","dataDate":null,"metadataModified":"2018-05-02T20:09:15+00:00","retrievedAt":"2026-09-18T02:36:49.784947+00:00","networkType":"Published fiber route; network class not specified","serviceability":"Unconfirmed","routeDiversity":"Unconfirmed","states":["KS"]},"bbox":[-94.9344649213088,38.8117290688648,-94.9343645224616,38.8130168611472]},{"type":"Feature","geometry":{"type":"LineString","coordinates":[[-94.9244045012708,38.8082983252441],[-94.9253869949583,38.8081339022089]]},"properties":{"id":"arcgis-23-2-eb9ae792ed375bf9","sourceId":"arcgis-23-2","source":"Fiber_BackBone \u2014 Fiber Backbone (Approx 31 Miles)","sourceUrl":"https://services5.arcgis.com/Ox3HYmIeiVBmWWrQ/arcgis/rest/services/Fiber_BackBone/FeatureServer/2","name":"Fiber_BackBone \u2014 Fiber Backbone (Approx 31 Miles)","carrier":"Not published","routeStatus":"Unknown","category":"unknown","evidence":"agency_route","dataDate":null,"metadataModified":"2018-05-02T20:09:15+00:00","retrievedAt":"2026-09-18T02:36:49.784947+00:00","networkType":"Published fiber route; network class not specified","serviceability":"Unconfirmed","routeDiversity":"Unconfirmed","states":["KS"]},"bbox":[-94.9253869949583,38.8081339022089,-94.9244045012708,38.8082983252441]},{"type":"Feature","geometry":{"type":"LineString","coordinates":[[-94.9181137609406,38.8353875285029],[-94.9181150210935,38.8347814743162]]},"properties":{"id":"arcgis-23-2-5929f5f6b16234b9","sourceId":"arcgis-23-2","source":"Fiber_BackBone \u2014 Fiber Backbone (Approx 31 Miles)","sourceUrl":"https://services5.arcgis.com/Ox3HYmIeiVBmWWrQ/arcgis/rest/services/Fiber_BackBone/FeatureServer/2","name":"Fiber_BackBone \u2014 Fiber Backbone (Approx 31 Miles)","carrier":"Not published","routeStatus":"Unknown","category":"unknown","evidence":"agency_route","dataDate":null,"metadataModified":"2018-05-02T20:09:15+00:00","retrievedAt":"2026-09-18T02:36:49.784947+00:00","networkType":"Published fiber route; network class not specified","serviceability":"Unconfirmed","routeDiversity":"Unconfirmed","states":["KS"]},"bbox":[-94.9181150210935,38.8347814743162,-94.9181137609406,38.8353875285029]},{"type":"Feature","geometry":{"type":"LineString","coordinates":[[-94.9181130602373,38.8337003209745],[-94.9181161049369,38.8330896705688]]},"properties":{"id":"arcgis-23-2-5186bb345d4dc320","sourceId":"arcgis-23-2","source":"Fiber_BackBone \u2014 Fiber Backbone (Approx 31 Miles)","sourceUrl":"https://services5.arcgis.com/Ox3HYmIeiVBmWWrQ/arcgis/rest/services/Fiber_BackBone/FeatureServer/2","name":"Fiber_BackBone \u2014 Fiber Backbone (Approx 31 Miles)","carrier":"Not published","routeStatus":"Unknown","category":"unknown","evidence":"agency_route","dataDate":null,"metadataModified":"2018-05-02T20:09:15+00:00","retrievedAt":"2026-09-18T02:36:49.784947+00:00","networkType":"Published fiber route; network class not specified","serviceability":"Unconfirmed","routeDiversity":"Unconfirmed","states":["KS"]},"bbox":[-94.9181161049369,38.8330896705688,-94.9181130602373,38.8337003209745]},{"type":"Feature","geometry":{"type":"LineString","coordinates":[[-94.9182119962027,38.8323946991356],[-94.9182155717724,38.8318382035394],[-94.9182324934473,38.8312704613028],[-94.9182272280794,38.8307436186326],[-94.9182369613808,38.8301961525431],[-94.9182330280642,38.829642518785],[-94.9182431278557,38.8290976943412],[-94.9182497788148,38.8285468832913],[-94.9182540188068,38.8280004471172],[-94.9182604278125,38.8275895524814],[-94.9182498712366,38.8271398063122],[-94.9182602952229,38.826628902413],[-94.9182645951882,38.8261297186635],[-94.91826949511,38.8258601353225]]},"properties":{"id":"arcgis-23-2-54b04301c2dc0cc6","sourceId":"arcgis-23-2","source":"Fiber_BackBone \u2014 Fiber Backbone (Approx 31 Miles)","sourceUrl":"https://services5.arcgis.com/Ox3HYmIeiVBmWWrQ/arcgis/rest/services/Fiber_BackBone/FeatureServer/2","name":"Fiber_BackBone \u2014 Fiber Backbone (Approx 31 Miles)","carrier":"Not published","routeStatus":"Unknown","category":"unknown","evidence":"agency_route","dataDate":null,"metadataModified":"2018-05-02T20:09:15+00:00","retrievedAt":"2026-09-18T02:36:49.784947+00:00","networkType":"Published fiber route; network class not specified","serviceability":"Unconfirmed","routeDiversity":"Unconfirmed","states":["KS"]},"bbox":[-94.91826949511,38.8258601353225,-94.9182119962027,38.8323946991356]},{"type":"Feature","geometry":{"type":"LineString","coordinates":[[-94.9465356928654,38.8288171723344],[-94.945615758112,38.8287912012173]]},"properties":{"id":"arcgis-23-2-e18d92d290ab0bf3","sourceId":"arcgis-23-2","source":"Fiber_BackBone \u2014 Fiber Backbone (Approx 31 Miles)","sourceUrl":"https://services5.arcgis.com/Ox3HYmIeiVBmWWrQ/arcgis/rest/services/Fiber_BackBone/FeatureServer/2","name":"Fiber_BackBone \u2014 Fiber Backbone (Approx 31 Miles)","carrier":"Not published","routeStatus":"Unknown","category":"unknown","evidence":"agency_route","dataDate":null,"metadataModified":"2018-05-02T20:09:15+00:00","retrievedAt":"2026-09-18T02:36:49.784947+00:00","networkType":"Published fiber route; network class not specified","serviceability":"Unconfirmed","routeDiversity":"Unconfirmed","states":["KS"]},"bbox":[-94.9465356928654,38.8287912012173,-94.945615758112,38.8288171723344]},{"type":"Feature","geometry":{"type":"LineString","coordinates":[[-94.945615758112,38.8287912012173],[-94.9456138362261,38.8278807935887]]},"properties":{"id":"arcgis-23-2-a420478d04e1f696","sourceId":"arcgis-23-2","source":"Fiber_BackBone \u2014 Fiber Backbone (Approx 31 Miles)","sourceUrl":"https://services5.arcgis.com/Ox3HYmIeiVBmWWrQ/arcgis/rest/services/Fiber_BackBone/FeatureServer/2","name":"Fiber_BackBone \u2014 Fiber Backbone (Approx 31 Miles)","carrier":"Not published","routeStatus":"Unknown","category":"unknown","evidence":"agency_route","dataDate":null,"metadataModified":"2018-05-02T20:09:15+00:00","retrievedAt":"2026-09-18T02:36:49.784947+00:00","networkType":"Published fiber route; network class not specified","serviceability":"Unconfirmed","routeDiversity":"Unconfirmed","states":["KS"]},"bbox":[-94.945615758112,38.8278807935887,-94.9456138362261,38.8287912012173]},{"type":"Feature","geometry":{"type":"LineString","coordinates":[[-94.9456138362261,38.8278807935887],[-94.945612442477,38.8268936336504]]},"properties":{"id":"arcgis-23-2-d5fe3dbc045ad682","sourceId":"arcgis-23-2","source":"Fiber_BackBone \u2014 Fiber Backbone (Approx 31 Miles)","sourceUrl":"https://services5.arcgis.com/Ox3HYmIeiVBmWWrQ/arcgis/rest/services/Fiber_BackBone/FeatureServer/2","name":"Fiber_BackBone \u2014 Fiber Backbone (Approx 31 Miles)","carrier":"Not published","routeStatus":"Unknown","category":"unknown","evidence":"agency_route","dataDate":null,"metadataModified":"2018-05-02T20:09:15+00:00","retrievedAt":"2026-09-18T02:36:49.784947+00:00","networkType":"Published fiber route; network class not specified","serviceability":"Unconfirmed","routeDiversity":"Unconfirmed","states":["KS"]},"bbox":[-94.9456138362261,38.8268936336504,-94.945612442477,38.8278807935887]},{"type":"Feature","geometry":{"type":"LineString","coordinates":[[-94.945612442477,38.8268936336504],[-94.9456110635768,38.8259043406142]]},"properties":{"id":"arcgis-23-2-192a3d604c3f5bb7","sourceId":"arcgis-23-2","source":"Fiber_BackBone \u2014 Fiber Backbone (Approx 31 Miles)","sourceUrl":"https://services5.arcgis.com/Ox3HYmIeiVBmWWrQ/arcgis/rest/services/Fiber_BackBone/FeatureServer/2","name":"Fiber_BackBone \u2014 Fiber Backbone (Approx 31 Miles)","carrier":"Not published","routeStatus":"Unknown","category":"unknown","evidence":"agency_route","dataDate":null,"metadataModified":"2018-05-02T20:09:15+00:00","retrievedAt":"2026-09-18T02:36:49.784947+00:00","networkType":"Published fiber route; network class not specified","serviceability":"Unconfirmed","routeDiversity":"Unconfirmed","states":["KS"]},"bbox":[-94.945612442477,38.8259043406142,-94.9456110635768,38.8268936336504]},{"type":"Feature","geometry":{"type":"LineString","coordinates":[[-94.9456110635768,38.8259043406142],[-94.9443631777273,38.8258950689455]]},"properties":{"id":"arcgis-23-2-37b41d7523ce4eb6","sourceId":"arcgis-23-2","source":"Fiber_BackBone \u2014 Fiber Backbone (Approx 31 Miles)","sourceUrl":"https://services5.arcgis.com/Ox3HYmIeiVBmWWrQ/arcgis/rest/services/Fiber_BackBone/FeatureServer/2","name":"Fiber_BackBone \u2014 Fiber Backbone (Approx 31 Miles)","carrier":"Not published","routeStatus":"Unknown","category":"unknown","evidence":"agency_route","dataDate":null,"metadataModified":"2018-05-02T20:09:15+00:00","retrievedAt":"2026-09-18T02:36:49.784947+00:00","networkType":"Published fiber route; network class not specified","serviceability":"Unconfirmed","routeDiversity":"Unconfirmed","states":["KS"]},"bbox":[-94.9456110635768,38.8258950689455,-94.9443631777273,38.8259043406142]},{"type":"Feature","geometry":{"type":"LineString","coordinates":[[-94.9443631777273,38.8258950689455],[-94.9431340787356,38.8258866018672]]},"properties":{"id":"arcgis-23-2-9fd2bcf6f830bf13","sourceId":"arcgis-23-2","source":"Fiber_BackBone \u2014 Fiber Backbone (Approx 31 Miles)","sourceUrl":"https://services5.arcgis.com/Ox3HYmIeiVBmWWrQ/arcgis/rest/services/Fiber_BackBone/FeatureServer/2","name":"Fiber_BackBone \u2014 Fiber Backbone (Approx 31 Miles)","carrier":"Not published","routeStatus":"Unknown","category":"unknown","evidence":"agency_route","dataDate":null,"metadataModified":"2018-05-02T20:09:15+00:00","retrievedAt":"2026-09-18T02:36:49.784947+00:00","networkType":"Published fiber route; network class not specified","serviceability":"Unconfirmed","routeDiversity":"Unconfirmed","states":["KS"]},"bbox":[-94.9443631777273,38.8258866018672,-94.9431340787356,38.8258950689455]},{"type":"Feature","geometry":{"type":"LineString","coordinates":[[-94.9431340787356,38.8258866018672],[-94.9419049447239,38.8258771518755]]},"properties":{"id":"arcgis-23-2-e49aeb381a3ca9ba","sourceId":"arcgis-23-2","source":"Fiber_BackBone \u2014 Fiber Backbone (Approx 31 Miles)","sourceUrl":"https://services5.arcgis.com/Ox3HYmIeiVBmWWrQ/arcgis/rest/services/Fiber_BackBone/FeatureServer/2","name":"Fiber_BackBone \u2014 Fiber Backbone (Approx 31 Miles)","carrier":"Not published","routeStatus":"Unknown","category":"unknown","evidence":"agency_route","dataDate":null,"metadataModified":"2018-05-02T20:09:15+00:00","retrievedAt":"2026-09-18T02:36:49.784947+00:00","networkType":"Published fiber route; network class not specified","serviceability":"Unconfirmed","routeDiversity":"Unconfirmed","states":["KS"]},"bbox":[-94.9431340787356,38.8258771518755,-94.9419049447239,38.8258866018672]},{"type":"Feature","geometry":{"type":"LineString","coordinates":[[-94.9419049447239,38.8258771518755],[-94.9406765785944,38.8258684851715]]},"properties":{"id":"arcgis-23-2-383179d9644ef076","sourceId":"arcgis-23-2","source":"Fiber_BackBone \u2014 Fiber Backbone (Approx 31 Miles)","sourceUrl":"https://services5.arcgis.com/Ox3HYmIeiVBmWWrQ/arcgis/rest/services/Fiber_BackBone/FeatureServer/2","name":"Fiber_BackBone \u2014 Fiber Backbone (Approx 31 Miles)","carrier":"Not published","routeStatus":"Unknown","category":"unknown","evidence":"agency_route","dataDate":null,"metadataModified":"2018-05-02T20:09:15+00:00","retrievedAt":"2026-09-18T02:36:49.784947+00:00","networkType":"Published fiber route; network class not specified","serviceability":"Unconfirmed","routeDiversity":"Unconfirmed","states":["KS"]},"bbox":[-94.9419049447239,38.8258684851715,-94.9406765785944,38.8258771518755]},{"type":"Feature","geometry":{"type":"LineString","coordinates":[[-94.9406765785944,38.8258684851715],[-94.9394345948093,38.8258621690894]]},"properties":{"id":"arcgis-23-2-94b8989e428e5992","sourceId":"arcgis-23-2","source":"Fiber_BackBone \u2014 Fiber Backbone (Approx 31 Miles)","sourceUrl":"https://services5.arcgis.com/Ox3HYmIeiVBmWWrQ/arcgis/rest/services/Fiber_BackBone/FeatureServer/2","name":"Fiber_BackBone \u2014 Fiber Backbone (Approx 31 Miles)","carrier":"Not published","routeStatus":"Unknown","category":"unknown","evidence":"agency_route","dataDate":null,"metadataModified":"2018-05-02T20:09:15+00:00","retrievedAt":"2026-09-18T02:36:49.784947+00:00","networkType":"Published fiber route; network class not specified","serviceability":"Unconfirmed","routeDiversity":"Unconfirmed","states":["KS"]},"bbox":[-94.9406765785944,38.8258621690894,-94.9394345948093,38.8258684851715]},{"type":"Feature","geometry":{"type":"LineString","coordinates":[[-94.9394345948093,38.8258621690894],[-94.9382250617415,38.8258546693806]]},"properties":{"id":"arcgis-23-2-bbbf39848761dbdb","sourceId":"arcgis-23-2","source":"Fiber_BackBone \u2014 Fiber Backbone (Approx 31 Miles)","sourceUrl":"https://services5.arcgis.com/Ox3HYmIeiVBmWWrQ/arcgis/rest/services/Fiber_BackBone/FeatureServer/2","name":"Fiber_BackBone \u2014 Fiber Backbone (Approx 31 Miles)","carrier":"Not published","routeStatus":"Unknown","category":"unknown","evidence":"agency_route","dataDate":null,"metadataModified":"2018-05-02T20:09:15+00:00","retrievedAt":"2026-09-18T02:36:49.784947+00:00","networkType":"Published fiber route; network class not specified","serviceability":"Unconfirmed","routeDiversity":"Unconfirmed","states":["KS"]},"bbox":[-94.9394345948093,38.8258546693806,-94.9382250617415,38.8258621690894]},{"type":"Feature","geometry":{"type":"LineString","coordinates":[[-94.9382250617415,38.8258546693806],[-94.9369939450551,38.8258438024157]]},"properties":{"id":"arcgis-23-2-22c4b272f8a3c4c3","sourceId":"arcgis-23-2","source":"Fiber_BackBone \u2014 Fiber Backbone (Approx 31 Miles)","sourceUrl":"https://services5.arcgis.com/Ox3HYmIeiVBmWWrQ/arcgis/rest/services/Fiber_BackBone/FeatureServer/2","name":"Fiber_BackBone \u2014 Fiber Backbone (Approx 31 Miles)","carrier":"Not published","routeStatus":"Unknown","category":"unknown","evidence":"agency_route","dataDate":null,"metadataModified":"2018-05-02T20:09:15+00:00","retrievedAt":"2026-09-18T02:36:49.784947+00:00","networkType":"Published fiber route; network class not specified","serviceability":"Unconfirmed","routeDiversity":"Unconfirmed","states":["KS"]},"bbox":[-94.9382250617415,38.8258438024157,-94.9369939450551,38.8258546693806]},{"type":"Feature","geometry":{"type":"LineString","coordinates":[[-94.9369939450551,38.8258438024157],[-94.9357699783989,38.8258353190429]]},"properties":{"id":"arcgis-23-2-476980e013360920","sourceId":"arcgis-23-2","source":"Fiber_BackBone \u2014 Fiber Backbone (Approx 31 Miles)","sourceUrl":"https://services5.arcgis.com/Ox3HYmIeiVBmWWrQ/arcgis/rest/services/Fiber_BackBone/FeatureServer/2","name":"Fiber_BackBone \u2014 Fiber Backbone (Approx 31 Miles)","carrier":"Not published","routeStatus":"Unknown","category":"unknown","evidence":"agency_route","dataDate":null,"metadataModified":"2018-05-02T20:09:15+00:00","retrievedAt":"2026-09-18T02:36:49.784947+00:00","networkType":"Published fiber route; network class not specified","serviceability":"Unconfirmed","routeDiversity":"Unconfirmed","states":["KS"]},"bbox":[-94.9369939450551,38.8258353190429,-94.9357699783989,38.8258438024157]},{"type":"Feature","geometry":{"type":"LineString","coordinates":[[-94.9357699783989,38.8258353190429],[-94.9345417616261,38.82582780255]]},"properties":{"id":"arcgis-23-2-0410e1e97d7abe16","sourceId":"arcgis-23-2","source":"Fiber_BackBone \u2014 Fiber Backbone (Approx 31 Miles)","sourceUrl":"https://services5.arcgis.com/Ox3HYmIeiVBmWWrQ/arcgis/rest/services/Fiber_BackBone/FeatureServer/2","name":"Fiber_BackBone \u2014 Fiber Backbone (Approx 31 Miles)","carrier":"Not published","routeStatus":"Unknown","category":"unknown","evidence":"agency_route","dataDate":null,"metadataModified":"2018-05-02T20:09:15+00:00","retrievedAt":"2026-09-18T02:36:49.784947+00:00","networkType":"Published fiber route; network class not specified","serviceability":"Unconfirmed","routeDiversity":"Unconfirmed","states":["KS"]},"bbox":[-94.9357699783989,38.82582780255,-94.9345417616261,38.8258353190429]},{"type":"Feature","geometry":{"type":"LineString","coordinates":[[-94.9345417616261,38.82582780255],[-94.9333206620742,38.8258335859485]]},"properties":{"id":"arcgis-23-2-c84772efd467105c","sourceId":"arcgis-23-2","source":"Fiber_BackBone \u2014 Fiber Backbone (Approx 31 Miles)","sourceUrl":"https://services5.arcgis.com/Ox3HYmIeiVBmWWrQ/arcgis/rest/services/Fiber_BackBone/FeatureServer/2","name":"Fiber_BackBone \u2014 Fiber Backbone (Approx 31 Miles)","carrier":"Not published","routeStatus":"Unknown","category":"unknown","evidence":"agency_route","dataDate":null,"metadataModified":"2018-05-02T20:09:15+00:00","retrievedAt":"2026-09-18T02:36:49.784947+00:00","networkType":"Published fiber route; network class not specified","serviceability":"Unconfirmed","routeDiversity":"Unconfirmed","states":["KS"]},"bbox":[-94.9345417616261,38.82582780255,-94.9333206620742,38.8258335859485]},{"type":"Feature","geometry":{"type":"LineString","coordinates":[[-94.9333206620742,38.8258335859485],[-94.9320972617891,38.825828201859]]},"properties":{"id":"arcgis-23-2-4840bf32d7191d8d","sourceId":"arcgis-23-2","source":"Fiber_BackBone \u2014 Fiber Backbone (Approx 31 Miles)","sourceUrl":"https://services5.arcgis.com/Ox3HYmIeiVBmWWrQ/arcgis/rest/services/Fiber_BackBone/FeatureServer/2","name":"Fiber_BackBone \u2014 Fiber Backbone (Approx 31 Miles)","carrier":"Not published","routeStatus":"Unknown","category":"unknown","evidence":"agency_route","dataDate":null,"metadataModified":"2018-05-02T20:09:15+00:00","retrievedAt":"2026-09-18T02:36:49.784947+00:00","networkType":"Published fiber route; network class not specified","serviceability":"Unconfirmed","routeDiversity":"Unconfirmed","states":["KS"]},"bbox":[-94.9333206620742,38.825828201859,-94.9320972617891,38.8258335859485]},{"type":"Feature","geometry":{"type":"LineString","coordinates":[[-94.9320972617891,38.825828201859],[-94.9308618786033,38.8258120856262]]},"properties":{"id":"arcgis-23-2-2489f0fc9ba33794","sourceId":"arcgis-23-2","source":"Fiber_BackBone \u2014 Fiber Backbone (Approx 31 Miles)","sourceUrl":"https://services5.arcgis.com/Ox3HYmIeiVBmWWrQ/arcgis/rest/services/Fiber_BackBone/FeatureServer/2","name":"Fiber_BackBone \u2014 Fiber Backbone (Approx 31 Miles)","carrier":"Not published","routeStatus":"Unknown","category":"unknown","evidence":"agency_route","dataDate":null,"metadataModified":"2018-05-02T20:09:15+00:00","retrievedAt":"2026-09-18T02:36:49.784947+00:00","networkType":"Published fiber route; network class not specified","serviceability":"Unconfirmed","routeDiversity":"Unconfirmed","states":["KS"]},"bbox":[-94.9320972617891,38.8258120856262,-94.9308618786033,38.825828201859]},{"type":"Feature","geometry":{"type":"LineString","coordinates":[[-94.9308618786033,38.8258120856262],[-94.9296308787013,38.8258065685384]]},"properties":{"id":"arcgis-23-2-10094adb97f1c5ef","sourceId":"arcgis-23-2","source":"Fiber_BackBone \u2014 Fiber Backbone (Approx 31 Miles)","sourceUrl":"https://services5.arcgis.com/Ox3HYmIeiVBmWWrQ/arcgis/rest/services/Fiber_BackBone/FeatureServer/2","name":"Fiber_BackBone \u2014 Fiber Backbone (Approx 31 Miles)","carrier":"Not published","routeStatus":"Unknown","category":"unknown","evidence":"agency_route","dataDate":null,"metadataModified":"2018-05-02T20:09:15+00:00","retrievedAt":"2026-09-18T02:36:49.784947+00:00","networkType":"Published fiber route; network class not specified","serviceability":"Unconfirmed","routeDiversity":"Unconfirmed","states":["KS"]},"bbox":[-94.9308618786033,38.8258065685384,-94.9296308787013,38.8258120856262]},{"type":"Feature","geometry":{"type":"LineString","coordinates":[[-94.9296308787013,38.8258065685384],[-94.9283974284184,38.8258444356916]]},"properties":{"id":"arcgis-23-2-cef42f23699b4542","sourceId":"arcgis-23-2","source":"Fiber_BackBone \u2014 Fiber Backbone (Approx 31 Miles)","sourceUrl":"https://services5.arcgis.com/Ox3HYmIeiVBmWWrQ/arcgis/rest/services/Fiber_BackBone/FeatureServer/2","name":"Fiber_BackBone \u2014 Fiber Backbone (Approx 31 Miles)","carrier":"Not published","routeStatus":"Unknown","category":"unknown","evidence":"agency_route","dataDate":null,"metadataModified":"2018-05-02T20:09:15+00:00","retrievedAt":"2026-09-18T02:36:49.784947+00:00","networkType":"Published fiber route; network class not specified","serviceability":"Unconfirmed","routeDiversity":"Unconfirmed","states":["KS"]},"bbox":[-94.9296308787013,38.8258065685384,-94.9283974284184,38.8258444356916]},{"type":"Feature","geometry":{"type":"LineString","coordinates":[[-94.9283974284184,38.8258444356916],[-94.9273245435014,38.825838505813]]},"properties":{"id":"arcgis-23-2-fd39746674ac6456","sourceId":"arcgis-23-2","source":"Fiber_BackBone \u2014 Fiber Backbone (Approx 31 Miles)","sourceUrl":"https://services5.arcgis.com/Ox3HYmIeiVBmWWrQ/arcgis/rest/services/Fiber_BackBone/FeatureServer/2","name":"Fiber_BackBone \u2014 Fiber Backbone (Approx 31 Miles)","carrier":"Not published","routeStatus":"Unknown","category":"unknown","evidence":"agency_route","dataDate":null,"metadataModified":"2018-05-02T20:09:15+00:00","retrievedAt":"2026-09-18T02:36:49.784947+00:00","networkType":"Published fiber route; network class not specified","serviceability":"Unconfirmed","routeDiversity":"Unconfirmed","states":["KS"]},"bbox":[-94.9283974284184,38.825838505813,-94.9273245435014,38.8258444356916]},{"type":"Feature","geometry":{"type":"LineString","coordinates":[[-94.9273245435014,38.825838505813],[-94.9261068777603,38.8258014854553]]},"properties":{"id":"arcgis-23-2-be8f85f12ffa13ad","sourceId":"arcgis-23-2","source":"Fiber_BackBone \u2014 Fiber Backbone (Approx 31 Miles)","sourceUrl":"https://services5.arcgis.com/Ox3HYmIeiVBmWWrQ/arcgis/rest/services/Fiber_BackBone/FeatureServer/2","name":"Fiber_BackBone \u2014 Fiber Backbone (Approx 31 Miles)","carrier":"Not published","routeStatus":"Unknown","category":"unknown","evidence":"agency_route","dataDate":null,"metadataModified":"2018-05-02T20:09:15+00:00","retrievedAt":"2026-09-18T02:36:49.784947+00:00","networkType":"Published fiber route; network class not specified","serviceability":"Unconfirmed","routeDiversity":"Unconfirmed","states":["KS"]},"bbox":[-94.9273245435014,38.8258014854553,-94.9261068777603,38.825838505813]},{"type":"Feature","geometry":{"type":"LineString","coordinates":[[-94.9261068777603,38.8258014854553],[-94.9248193611702,38.8257922193466]]},"properties":{"id":"arcgis-23-2-9251b6249db5ac0c","sourceId":"arcgis-23-2","source":"Fiber_BackBone \u2014 Fiber Backbone (Approx 31 Miles)","sourceUrl":"https://services5.arcgis.com/Ox3HYmIeiVBmWWrQ/arcgis/rest/services/Fiber_BackBone/FeatureServer/2","name":"Fiber_BackBone \u2014 Fiber Backbone (Approx 31 Miles)","carrier":"Not published","routeStatus":"Unknown","category":"unknown","evidence":"agency_route","dataDate":null,"metadataModified":"2018-05-02T20:09:15+00:00","retrievedAt":"2026-09-18T02:36:49.784947+00:00","networkType":"Published fiber route; network class not specified","serviceability":"Unconfirmed","routeDiversity":"Unconfirmed","states":["KS"]},"bbox":[-94.9261068777603,38.8257922193466,-94.9248193611702,38.8258014854553]},{"type":"Feature","geometry":{"type":"LineString","coordinates":[[-94.9248193611702,38.8257922193466],[-94.9235653547763,38.825785294465]]},"properties":{"id":"arcgis-23-2-67ff6fffa60ba077","sourceId":"arcgis-23-2","source":"Fiber_BackBone \u2014 Fiber Backbone (Approx 31 Miles)","sourceUrl":"https://services5.arcgis.com/Ox3HYmIeiVBmWWrQ/arcgis/rest/services/Fiber_BackBone/FeatureServer/2","name":"Fiber_BackBone \u2014 Fiber Backbone (Approx 31 Miles)","carrier":"Not published","routeStatus":"Unknown","category":"unknown","evidence":"agency_route","dataDate":null,"metadataModified":"2018-05-02T20:09:15+00:00","retrievedAt":"2026-09-18T02:36:49.784947+00:00","networkType":"Published fiber route; network class not specified","serviceability":"Unconfirmed","routeDiversity":"Unconfirmed","states":["KS"]},"bbox":[-94.9248193611702,38.825785294465,-94.9235653547763,38.8257922193466]},{"type":"Feature","geometry":{"type":"LineString","coordinates":[[-94.9235653547763,38.825785294465],[-94.9222875445743,38.8257966690079]]},"properties":{"id":"arcgis-23-2-701ad8135deeeac3","sourceId":"arcgis-23-2","source":"Fiber_BackBone \u2014 Fiber Backbone (Approx 31 Miles)","sourceUrl":"https://services5.arcgis.com/Ox3HYmIeiVBmWWrQ/arcgis/rest/services/Fiber_BackBone/FeatureServer/2","name":"Fiber_BackBone \u2014 Fiber Backbone (Approx 31 Miles)","carrier":"Not published","routeStatus":"Unknown","category":"unknown","evidence":"agency_route","dataDate":null,"metadataModified":"2018-05-02T20:09:15+00:00","retrievedAt":"2026-09-18T02:36:49.784947+00:00","networkType":"Published fiber route; network class not specified","serviceability":"Unconfirmed","routeDiversity":"Unconfirmed","states":["KS"]},"bbox":[-94.9235653547763,38.825785294465,-94.9222875445743,38.8257966690079]},{"type":"Feature","geometry":{"type":"LineString","coordinates":[[-94.9222875445743,38.8257966690079],[-94.9210429954629,38.8257723192363]]},"properties":{"id":"arcgis-23-2-672d917d1529c483","sourceId":"arcgis-23-2","source":"Fiber_BackBone \u2014 Fiber Backbone (Approx 31 Miles)","sourceUrl":"https://services5.arcgis.com/Ox3HYmIeiVBmWWrQ/arcgis/rest/services/Fiber_BackBone/FeatureServer/2","name":"Fiber_BackBone \u2014 Fiber Backbone (Approx 31 Miles)","carrier":"Not published","routeStatus":"Unknown","category":"unknown","evidence":"agency_route","dataDate":null,"metadataModified":"2018-05-02T20:09:15+00:00","retrievedAt":"2026-09-18T02:36:49.784947+00:00","networkType":"Published fiber route; network class not specified","serviceability":"Unconfirmed","routeDiversity":"Unconfirmed","states":["KS"]},"bbox":[-94.9222875445743,38.8257723192363,-94.9210429954629,38.8257966690079]},{"type":"Feature","geometry":{"type":"LineString","coordinates":[[-94.9210429954629,38.8257723192363],[-94.9198143283653,38.8257663190383]]},"properties":{"id":"arcgis-23-2-0d88bd9e6052a085","sourceId":"arcgis-23-2","source":"Fiber_BackBone \u2014 Fiber Backbone (Approx 31 Miles)","sourceUrl":"https://services5.arcgis.com/Ox3HYmIeiVBmWWrQ/arcgis/rest/services/Fiber_BackBone/FeatureServer/2","name":"Fiber_BackBone \u2014 Fiber Backbone (Approx 31 Miles)","carrier":"Not published","routeStatus":"Unknown","category":"unknown","evidence":"agency_route","dataDate":null,"metadataModified":"2018-05-02T20:09:15+00:00","retrievedAt":"2026-09-18T02:36:49.784947+00:00","networkType":"Published fiber route; network class not specified","serviceability":"Unconfirmed","routeDiversity":"Unconfirmed","states":["KS"]},"bbox":[-94.9210429954629,38.8257663190383,-94.9198143283653,38.8257723192363]},{"type":"Feature","geometry":{"type":"LineString","coordinates":[[-94.9198143283653,38.8257663190383],[-94.9185651119186,38.8257623526484]]},"properties":{"id":"arcgis-23-2-8472eb14697b43bf","sourceId":"arcgis-23-2","source":"Fiber_BackBone \u2014 Fiber Backbone (Approx 31 Miles)","sourceUrl":"https://services5.arcgis.com/Ox3HYmIeiVBmWWrQ/arcgis/rest/services/Fiber_BackBone/FeatureServer/2","name":"Fiber_BackBone \u2014 Fiber Backbone (Approx 31 Miles)","carrier":"Not published","routeStatus":"Unknown","category":"unknown","evidence":"agency_route","dataDate":null,"metadataModified":"2018-05-02T20:09:15+00:00","retrievedAt":"2026-09-18T02:36:49.784947+00:00","networkType":"Published fiber route; network class not specified","serviceability":"Unconfirmed","routeDiversity":"Unconfirmed","states":["KS"]},"bbox":[-94.9198143283653,38.8257623526484,-94.9185651119186,38.8257663190383]},{"type":"Feature","geometry":{"type":"LineString","coordinates":[[-94.9185651119186,38.8257623526484],[-94.9173405945937,38.8257502354763]]},"properties":{"id":"arcgis-23-2-8dbd7dd0ae38388f","sourceId":"arcgis-23-2","source":"Fiber_BackBone \u2014 Fiber Backbone (Approx 31 Miles)","sourceUrl":"https://services5.arcgis.com/Ox3HYmIeiVBmWWrQ/arcgis/rest/services/Fiber_BackBone/FeatureServer/2","name":"Fiber_BackBone \u2014 Fiber Backbone (Approx 31 Miles)","carrier":"Not published","routeStatus":"Unknown","category":"unknown","evidence":"agency_route","dataDate":null,"metadataModified":"2018-05-02T20:09:15+00:00","retrievedAt":"2026-09-18T02:36:49.784947+00:00","networkType":"Published fiber route; network class not specified","serviceability":"Unconfirmed","routeDiversity":"Unconfirmed","states":["KS"]},"bbox":[-94.9185651119186,38.8257502354763,-94.9173405945937,38.8257623526484]},{"type":"Feature","geometry":{"type":"LineString","coordinates":[[-94.9173405945937,38.8257502354763],[-94.9161130787336,38.8257466692735]]},"properties":{"id":"arcgis-23-2-c92f6c177dfce6be","sourceId":"arcgis-23-2","source":"Fiber_BackBone \u2014 Fiber Backbone (Approx 31 Miles)","sourceUrl":"https://services5.arcgis.com/Ox3HYmIeiVBmWWrQ/arcgis/rest/services/Fiber_BackBone/FeatureServer/2","name":"Fiber_BackBone \u2014 Fiber Backbone (Approx 31 Miles)","carrier":"Not published","routeStatus":"Unknown","category":"unknown","evidence":"agency_route","dataDate":null,"metadataModified":"2018-05-02T20:09:15+00:00","retrievedAt":"2026-09-18T02:36:49.784947+00:00","networkType":"Published fiber route; network class not specified","serviceability":"Unconfirmed","routeDiversity":"Unconfirmed","states":["KS"]},"bbox":[-94.9173405945937,38.8257466692735,-94.9161130787336,38.8257502354763]},{"type":"Feature","geometry":{"type":"LineString","coordinates":[[-94.9161130787336,38.8257466692735],[-94.9148891781727,38.8257420192017]]},"properties":{"id":"arcgis-23-2-04c633564c91a9ac","sourceId":"arcgis-23-2","source":"Fiber_BackBone \u2014 Fiber Backbone (Approx 31 Miles)","sourceUrl":"https://services5.arcgis.com/Ox3HYmIeiVBmWWrQ/arcgis/rest/services/Fiber_BackBone/FeatureServer/2","name":"Fiber_BackBone \u2014 Fiber Backbone (Approx 31 Miles)","carrier":"Not published","routeStatus":"Unknown","category":"unknown","evidence":"agency_route","dataDate":null,"metadataModified":"2018-05-02T20:09:15+00:00","retrievedAt":"2026-09-18T02:36:49.784947+00:00","networkType":"Published fiber route; network class not specified","serviceability":"Unconfirmed","routeDiversity":"Unconfirmed","states":["KS"]},"bbox":[-94.9161130787336,38.8257420192017,-94.9148891781727,38.8257466692735]},{"type":"Feature","geometry":{"type":"LineString","coordinates":[[-94.9148891781727,38.8257420192017],[-94.913608527993,38.8257321020451]]},"properties":{"id":"arcgis-23-2-3f6f3acfd2ba6bea","sourceId":"arcgis-23-2","source":"Fiber_BackBone \u2014 Fiber Backbone (Approx 31 Miles)","sourceUrl":"https://services5.arcgis.com/Ox3HYmIeiVBmWWrQ/arcgis/rest/services/Fiber_BackBone/FeatureServer/2","name":"Fiber_BackBone \u2014 Fiber Backbone (Approx 31 Miles)","carrier":"Not published","routeStatus":"Unknown","category":"unknown","evidence":"agency_route","dataDate":null,"metadataModified":"2018-05-02T20:09:15+00:00","retrievedAt":"2026-09-18T02:36:49.784947+00:00","networkType":"Published fiber route; network class not specified","serviceability":"Unconfirmed","routeDiversity":"Unconfirmed","states":["KS"]},"bbox":[-94.9148891781727,38.8257321020451,-94.913608527993,38.8257420192017]},{"type":"Feature","geometry":{"type":"LineString","coordinates":[[-94.913608527993,38.8257321020451],[-94.9123260119633,38.8257096355569]]},"properties":{"id":"arcgis-23-2-ce7cfaa4dc5aa43a","sourceId":"arcgis-23-2","source":"Fiber_BackBone \u2014 Fiber Backbone (Approx 31 Miles)","sourceUrl":"https://services5.arcgis.com/Ox3HYmIeiVBmWWrQ/arcgis/rest/services/Fiber_BackBone/FeatureServer/2","name":"Fiber_BackBone \u2014 Fiber Backbone (Approx 31 Miles)","carrier":"Not published","routeStatus":"Unknown","category":"unknown","evidence":"agency_route","dataDate":null,"metadataModified":"2018-05-02T20:09:15+00:00","retrievedAt":"2026-09-18T02:36:49.784947+00:00","networkType":"Published fiber route; network class not specified","serviceability":"Unconfirmed","routeDiversity":"Unconfirmed","states":["KS"]},"bbox":[-94.913608527993,38.8257096355569,-94.9123260119633,38.8257321020451]},{"type":"Feature","geometry":{"type":"LineString","coordinates":[[-94.9123260119633,38.8257096355569],[-94.9110504902062,38.8256998494493]]},"properties":{"id":"arcgis-23-2-d94c016063c8fd3c","sourceId":"arcgis-23-2","source":"Fiber_BackBone \u2014 Fiber Backbone (Approx 31 Miles)","sourceUrl":"https://services5.arcgis.com/Ox3HYmIeiVBmWWrQ/arcgis/rest/services/Fiber_BackBone/FeatureServer/2","name":"Fiber_BackBone \u2014 Fiber Backbone (Approx 31 Miles)","carrier":"Not published","routeStatus":"Unknown","category":"unknown","evidence":"agency_route","dataDate":null,"metadataModified":"2018-05-02T20:09:15+00:00","retrievedAt":"2026-09-18T02:36:49.784947+00:00","networkType":"Published fiber route; network class not specified","serviceability":"Unconfirmed","routeDiversity":"Unconfirmed","states":["KS"]},"bbox":[-94.9123260119633,38.8256998494493,-94.9110504902062,38.8257096355569]},{"type":"Feature","geometry":{"type":"LineString","coordinates":[[-94.9110504902062,38.8256998494493],[-94.9097608612238,38.8256930192302]]},"properties":{"id":"arcgis-23-2-5b253f29a7d4cf38","sourceId":"arcgis-23-2","source":"Fiber_BackBone \u2014 Fiber Backbone (Approx 31 Miles)","sourceUrl":"https://services5.arcgis.com/Ox3HYmIeiVBmWWrQ/arcgis/rest/services/Fiber_BackBone/FeatureServer/2","name":"Fiber_BackBone \u2014 Fiber Backbone (Approx 31 Miles)","carrier":"Not published","routeStatus":"Unknown","category":"unknown","evidence":"agency_route","dataDate":null,"metadataModified":"2018-05-02T20:09:15+00:00","retrievedAt":"2026-09-18T02:36:49.784947+00:00","networkType":"Published fiber route; network class not specified","serviceability":"Unconfirmed","routeDiversity":"Unconfirmed","states":["KS"]},"bbox":[-94.9110504902062,38.8256930192302,-94.9097608612238,38.8256998494493]},{"type":"Feature","geometry":{"type":"LineString","coordinates":[[-94.9097608612238,38.8256930192302],[-94.9088809448712,38.8256887525885]]},"properties":{"id":"arcgis-23-2-71e269fdbec43fd2","sourceId":"arcgis-23-2","source":"Fiber_BackBone \u2014 Fiber Backbone (Approx 31 Miles)","sourceUrl":"https://services5.arcgis.com/Ox3HYmIeiVBmWWrQ/arcgis/rest/services/Fiber_BackBone/FeatureServer/2","name":"Fiber_BackBone \u2014 Fiber Backbone (Approx 31 Miles)","carrier":"Not published","routeStatus":"Unknown","category":"unknown","evidence":"agency_route","dataDate":null,"metadataModified":"2018-05-02T20:09:15+00:00","retrievedAt":"2026-09-18T02:36:49.784947+00:00","networkType":"Published fiber route; network class not specified","serviceability":"Unconfirmed","routeDiversity":"Unconfirmed","states":["KS"]},"bbox":[-94.9097608612238,38.8256887525885,-94.9088809448712,38.8256930192302]},{"type":"Feature","geometry":{"type":"LineString","coordinates":[[-94.9088809448712,38.8256887525885],[-94.908883578441,38.8246875521608]]},"properties":{"id":"arcgis-23-2-91b24719cb11edfd","sourceId":"arcgis-23-2","source":"Fiber_BackBone \u2014 Fiber Backbone (Approx 31 Miles)","sourceUrl":"https://services5.arcgis.com/Ox3HYmIeiVBmWWrQ/arcgis/rest/services/Fiber_BackBone/FeatureServer/2","name":"Fiber_BackBone \u2014 Fiber Backbone (Approx 31 Miles)","carrier":"Not published","routeStatus":"Unknown","category":"unknown","evidence":"agency_route","dataDate":null,"metadataModified":"2018-05-02T20:09:15+00:00","retrievedAt":"2026-09-18T02:36:49.784947+00:00","networkType":"Published fiber route; network class not specified","serviceability":"Unconfirmed","routeDiversity":"Unconfirmed","states":["KS"]},"bbox":[-94.908883578441,38.8246875521608,-94.9088809448712,38.8256887525885]},{"type":"Feature","geometry":{"type":"LineString","coordinates":[[-94.9283797204506,38.8074779113943],[-94.9290861620401,38.807240052715]]},"properties":{"id":"arcgis-23-2-fa13baed0e96a378","sourceId":"arcgis-23-2","source":"Fiber_BackBone \u2014 Fiber Backbone (Approx 31 Miles)","sourceUrl":"https://services5.arcgis.com/Ox3HYmIeiVBmWWrQ/arcgis/rest/services/Fiber_BackBone/FeatureServer/2","name":"Fiber_BackBone \u2014 Fiber Backbone (Approx 31 Miles)","carrier":"Not published","routeStatus":"Unknown","category":"unknown","evidence":"agency_route","dataDate":null,"metadataModified":"2018-05-02T20:09:15+00:00","retrievedAt":"2026-09-18T02:36:49.784947+00:00","networkType":"Published fiber route; network class not specified","serviceability":"Unconfirmed","routeDiversity":"Unconfirmed","states":["KS"]},"bbox":[-94.9290861620401,38.807240052715,-94.9283797204506,38.8074779113943]},{"type":"Feature","geometry":{"type":"LineString","coordinates":[[-94.9302864452739,38.8065786860646],[-94.930815274147,38.80613742657]]},"properties":{"id":"arcgis-23-2-62adef5d7f563e98","sourceId":"arcgis-23-2","source":"Fiber_BackBone \u2014 Fiber Backbone (Approx 31 Miles)","sourceUrl":"https://services5.arcgis.com/Ox3HYmIeiVBmWWrQ/arcgis/rest/services/Fiber_BackBone/FeatureServer/2","name":"Fiber_BackBone \u2014 Fiber Backbone (Approx 31 Miles)","carrier":"Not published","routeStatus":"Unknown","category":"unknown","evidence":"agency_route","dataDate":null,"metadataModified":"2018-05-02T20:09:15+00:00","retrievedAt":"2026-09-18T02:36:49.784947+00:00","networkType":"Published fiber route; network class not specified","serviceability":"Unconfirmed","routeDiversity":"Unconfirmed","states":["KS"]},"bbox":[-94.930815274147,38.80613742657,-94.9302864452739,38.8065786860646]},{"type":"Feature","geometry":{"type":"LineString","coordinates":[[-94.9307953111543,38.805074869233],[-94.930811233389,38.8044158794553]]},"properties":{"id":"arcgis-23-2-d8ce3d88cbc70357","sourceId":"arcgis-23-2","source":"Fiber_BackBone \u2014 Fiber Backbone (Approx 31 Miles)","sourceUrl":"https://services5.arcgis.com/Ox3HYmIeiVBmWWrQ/arcgis/rest/services/Fiber_BackBone/FeatureServer/2","name":"Fiber_BackBone \u2014 Fiber Backbone (Approx 31 Miles)","carrier":"Not published","routeStatus":"Unknown","category":"unknown","evidence":"agency_route","dataDate":null,"metadataModified":"2018-05-02T20:09:15+00:00","retrievedAt":"2026-09-18T02:36:49.784947+00:00","networkType":"Published fiber route; network class not specified","serviceability":"Unconfirmed","routeDiversity":"Unconfirmed","states":["KS"]},"bbox":[-94.930811233389,38.8044158794553,-94.9307953111543,38.805074869233]},{"type":"Feature","geometry":{"type":"LineString","coordinates":[[-94.930811233389,38.8044158794553],[-94.930806144631,38.8037593688254]]},"properties":{"id":"arcgis-23-2-52d9240c800a9045","sourceId":"arcgis-23-2","source":"Fiber_BackBone \u2014 Fiber Backbone (Approx 31 Miles)","sourceUrl":"https://services5.arcgis.com/Ox3HYmIeiVBmWWrQ/arcgis/rest/services/Fiber_BackBone/FeatureServer/2","name":"Fiber_BackBone \u2014 Fiber Backbone (Approx 31 Miles)","carrier":"Not published","routeStatus":"Unknown","category":"unknown","evidence":"agency_route","dataDate":null,"metadataModified":"2018-05-02T20:09:15+00:00","retrievedAt":"2026-09-18T02:36:49.784947+00:00","networkType":"Published fiber route; network class not specified","serviceability":"Unconfirmed","routeDiversity":"Unconfirmed","states":["KS"]},"bbox":[-94.930811233389,38.8037593688254,-94.930806144631,38.8044158794553]},{"type":"Feature","geometry":{"type":"LineString","coordinates":[[-94.9287032954514,38.8007868859289],[-94.9281879779567,38.8000316025844]]},"properties":{"id":"arcgis-23-2-a2035eb1b937a206","sourceId":"arcgis-23-2","source":"Fiber_BackBone \u2014 Fiber Backbone (Approx 31 Miles)","sourceUrl":"https://services5.arcgis.com/Ox3HYmIeiVBmWWrQ/arcgis/rest/services/Fiber_BackBone/FeatureServer/2","name":"Fiber_BackBone \u2014 Fiber Backbone (Approx 31 Miles)","carrier":"Not published","routeStatus":"Unknown","category":"unknown","evidence":"agency_route","dataDate":null,"metadataModified":"2018-05-02T20:09:15+00:00","retrievedAt":"2026-09-18T02:36:49.784947+00:00","networkType":"Published fiber route; network class not specified","serviceability":"Unconfirmed","routeDiversity":"Unconfirmed","states":["KS"]},"bbox":[-94.9287032954514,38.8000316025844,-94.9281879779567,38.8007868859289]},{"type":"Feature","geometry":{"type":"LineString","coordinates":[[-94.9279685786651,38.7997318189621],[-94.9288036118778,38.7997293854612]]},"properties":{"id":"arcgis-23-2-3cf39992270e9f34","sourceId":"arcgis-23-2","source":"Fiber_BackBone \u2014 Fiber Backbone (Approx 31 Miles)","sourceUrl":"https://services5.arcgis.com/Ox3HYmIeiVBmWWrQ/arcgis/rest/services/Fiber_BackBone/FeatureServer/2","name":"Fiber_BackBone \u2014 Fiber Backbone (Approx 31 Miles)","carrier":"Not published","routeStatus":"Unknown","category":"unknown","evidence":"agency_route","dataDate":null,"metadataModified":"2018-05-02T20:09:15+00:00","retrievedAt":"2026-09-18T02:36:49.784947+00:00","networkType":"Published fiber route; network class not specified","serviceability":"Unconfirmed","routeDiversity":"Unconfirmed","states":["KS"]},"bbox":[-94.9288036118778,38.7997293854612,-94.9279685786651,38.7997318189621]},{"type":"Feature","geometry":{"type":"LineString","coordinates":[[-94.9308375784983,38.8057935488025],[-94.9307953111543,38.805074869233]]},"properties":{"id":"arcgis-23-2-12c7b1cf6a4893e6","sourceId":"arcgis-23-2","source":"Fiber_BackBone \u2014 Fiber Backbone (Approx 31 Miles)","sourceUrl":"https://services5.arcgis.com/Ox3HYmIeiVBmWWrQ/arcgis/rest/services/Fiber_BackBone/FeatureServer/2","name":"Fiber_BackBone \u2014 Fiber Backbone (Approx 31 Miles)","carrier":"Not published","routeStatus":"Unknown","category":"unknown","evidence":"agency_route","dataDate":null,"metadataModified":"2018-05-02T20:09:15+00:00","retrievedAt":"2026-09-18T02:36:49.784947+00:00","networkType":"Published fiber route; network class not specified","serviceability":"Unconfirmed","routeDiversity":"Unconfirmed","states":["KS"]},"bbox":[-94.9308375784983,38.805074869233,-94.9307953111543,38.8057935488025]},{"type":"Feature","geometry":{"type":"LineString","coordinates":[[-94.9088620454689,38.8197057860591],[-94.9088458282659,38.8192047520048],[-94.9088584118223,38.818714686037]]},"properties":{"id":"arcgis-23-2-fec7b7338c02a057","sourceId":"arcgis-23-2","source":"Fiber_BackBone \u2014 Fiber Backbone (Approx 31 Miles)","sourceUrl":"https://services5.arcgis.com/Ox3HYmIeiVBmWWrQ/arcgis/rest/services/Fiber_BackBone/FeatureServer/2","name":"Fiber_BackBone \u2014 Fiber Backbone (Approx 31 Miles)","carrier":"Not published","routeStatus":"Unknown","category":"unknown","evidence":"agency_route","dataDate":null,"metadataModified":"2018-05-02T20:09:15+00:00","retrievedAt":"2026-09-18T02:36:49.784947+00:00","networkType":"Published fiber route; network class not specified","serviceability":"Unconfirmed","routeDiversity":"Unconfirmed","states":["KS"]},"bbox":[-94.9088620454689,38.818714686037,-94.9088458282659,38.8197057860591]},{"type":"Feature","geometry":{"type":"LineString","coordinates":[[-94.9088584118223,38.818714686037],[-94.9088446445771,38.8177308360443]]},"properties":{"id":"arcgis-23-2-458e5e48e7f6678b","sourceId":"arcgis-23-2","source":"Fiber_BackBone \u2014 Fiber Backbone (Approx 31 Miles)","sourceUrl":"https://services5.arcgis.com/Ox3HYmIeiVBmWWrQ/arcgis/rest/services/Fiber_BackBone/FeatureServer/2","name":"Fiber_BackBone \u2014 Fiber Backbone (Approx 31 Miles)","carrier":"Not published","routeStatus":"Unknown","category":"unknown","evidence":"agency_route","dataDate":null,"metadataModified":"2018-05-02T20:09:15+00:00","retrievedAt":"2026-09-18T02:36:49.784947+00:00","networkType":"Published fiber route; network class not specified","serviceability":"Unconfirmed","routeDiversity":"Unconfirmed","states":["KS"]},"bbox":[-94.9088584118223,38.8177308360443,-94.9088446445771,38.818714686037]},{"type":"Feature","geometry":{"type":"LineString","coordinates":[[-94.9088446445771,38.8177308360443],[-94.9088004620543,38.8167215694828]]},"properties":{"id":"arcgis-23-2-546cb5ae0a920ea6","sourceId":"arcgis-23-2","source":"Fiber_BackBone \u2014 Fiber Backbone (Approx 31 Miles)","sourceUrl":"https://services5.arcgis.com/Ox3HYmIeiVBmWWrQ/arcgis/rest/services/Fiber_BackBone/FeatureServer/2","name":"Fiber_BackBone \u2014 Fiber Backbone (Approx 31 Miles)","carrier":"Not published","routeStatus":"Unknown","category":"unknown","evidence":"agency_route","dataDate":null,"metadataModified":"2018-05-02T20:09:15+00:00","retrievedAt":"2026-09-18T02:36:49.784947+00:00","networkType":"Published fiber route; network class not specified","serviceability":"Unconfirmed","routeDiversity":"Unconfirmed","states":["KS"]},"bbox":[-94.9088446445771,38.8167215694828,-94.9088004620543,38.8177308360443]},{"type":"Feature","geometry":{"type":"LineString","coordinates":[[-94.9088004620543,38.8167215694828],[-94.9087322616173,38.8157580523141]]},"properties":{"id":"arcgis-23-2-95caa12d34c860fa","sourceId":"arcgis-23-2","source":"Fiber_BackBone \u2014 Fiber Backbone (Approx 31 Miles)","sourceUrl":"https://services5.arcgis.com/Ox3HYmIeiVBmWWrQ/arcgis/rest/services/Fiber_BackBone/FeatureServer/2","name":"Fiber_BackBone \u2014 Fiber Backbone (Approx 31 Miles)","carrier":"Not published","routeStatus":"Unknown","category":"unknown","evidence":"agency_route","dataDate":null,"metadataModified":"2018-05-02T20:09:15+00:00","retrievedAt":"2026-09-18T02:36:49.784947+00:00","networkType":"Published fiber route; network class not specified","serviceability":"Unconfirmed","routeDiversity":"Unconfirmed","states":["KS"]},"bbox":[-94.9088004620543,38.8157580523141,-94.9087322616173,38.8167215694828]},{"type":"Feature","geometry":{"type":"LineString","coordinates":[[-94.9087322616173,38.8157580523141],[-94.9087294952081,38.8148342027526]]},"properties":{"id":"arcgis-23-2-b3e8ab22ecc7b99e","sourceId":"arcgis-23-2","source":"Fiber_BackBone \u2014 Fiber Backbone (Approx 31 Miles)","sourceUrl":"https://services5.arcgis.com/Ox3HYmIeiVBmWWrQ/arcgis/rest/services/Fiber_BackBone/FeatureServer/2","name":"Fiber_BackBone \u2014 Fiber Backbone (Approx 31 Miles)","carrier":"Not published","routeStatus":"Unknown","category":"unknown","evidence":"agency_route","dataDate":null,"metadataModified":"2018-05-02T20:09:15+00:00","retrievedAt":"2026-09-18T02:36:49.784947+00:00","networkType":"Published fiber route; network class not specified","serviceability":"Unconfirmed","routeDiversity":"Unconfirmed","states":["KS"]},"bbox":[-94.9087322616173,38.8148342027526,-94.9087294952081,38.8157580523141]},{"type":"Feature","geometry":{"type":"LineString","coordinates":[[-94.9087294952081,38.8148342027526],[-94.9087294945476,38.8138459360166]]},"properties":{"id":"arcgis-23-2-d38a12e611698af3","sourceId":"arcgis-23-2","source":"Fiber_BackBone \u2014 Fiber Backbone (Approx 31 Miles)","sourceUrl":"https://services5.arcgis.com/Ox3HYmIeiVBmWWrQ/arcgis/rest/services/Fiber_BackBone/FeatureServer/2","name":"Fiber_BackBone \u2014 Fiber Backbone (Approx 31 Miles)","carrier":"Not published","routeStatus":"Unknown","category":"unknown","evidence":"agency_route","dataDate":null,"metadataModified":"2018-05-02T20:09:15+00:00","retrievedAt":"2026-09-18T02:36:49.784947+00:00","networkType":"Published fiber route; network class not specified","serviceability":"Unconfirmed","routeDiversity":"Unconfirmed","states":["KS"]},"bbox":[-94.9087294952081,38.8138459360166,-94.9087294945476,38.8148342027526]},{"type":"Feature","geometry":{"type":"LineString","coordinates":[[-94.9087294945476,38.8138459360166],[-94.9087346284172,38.8129305186078]]},"properties":{"id":"arcgis-23-2-c356cf8e0f51aa8d","sourceId":"arcgis-23-2","source":"Fiber_BackBone \u2014 Fiber Backbone (Approx 31 Miles)","sourceUrl":"https://services5.arcgis.com/Ox3HYmIeiVBmWWrQ/arcgis/rest/services/Fiber_BackBone/FeatureServer/2","name":"Fiber_BackBone \u2014 Fiber Backbone (Approx 31 Miles)","carrier":"Not published","routeStatus":"Unknown","category":"unknown","evidence":"agency_route","dataDate":null,"metadataModified":"2018-05-02T20:09:15+00:00","retrievedAt":"2026-09-18T02:36:49.784947+00:00","networkType":"Published fiber route; network class not specified","serviceability":"Unconfirmed","routeDiversity":"Unconfirmed","states":["KS"]},"bbox":[-94.9087346284172,38.8129305186078,-94.9087294945476,38.8138459360166]},{"type":"Feature","geometry":{"type":"LineString","coordinates":[[-94.9087346284172,38.8129305186078],[-94.9087192951642,38.8124540524026],[-94.9087236783724,38.8120410528133]]},"properties":{"id":"arcgis-23-2-96beef1d048d69b8","sourceId":"arcgis-23-2","source":"Fiber_BackBone \u2014 Fiber Backbone (Approx 31 Miles)","sourceUrl":"https://services5.arcgis.com/Ox3HYmIeiVBmWWrQ/arcgis/rest/services/Fiber_BackBone/FeatureServer/2","name":"Fiber_BackBone \u2014 Fiber Backbone (Approx 31 Miles)","carrier":"Not published","routeStatus":"Unknown","category":"unknown","evidence":"agency_route","dataDate":null,"metadataModified":"2018-05-02T20:09:15+00:00","retrievedAt":"2026-09-18T02:36:49.784947+00:00","networkType":"Published fiber route; network class not specified","serviceability":"Unconfirmed","routeDiversity":"Unconfirmed","states":["KS"]},"bbox":[-94.9087346284172,38.8120410528133,-94.9087192951642,38.8129305186078]},{"type":"Feature","geometry":{"type":"LineString","coordinates":[[-94.9087236783724,38.8120410528133],[-94.9087233951475,38.8114064687376]]},"properties":{"id":"arcgis-23-2-9f7f766e3d72a96f","sourceId":"arcgis-23-2","source":"Fiber_BackBone \u2014 Fiber Backbone (Approx 31 Miles)","sourceUrl":"https://services5.arcgis.com/Ox3HYmIeiVBmWWrQ/arcgis/rest/services/Fiber_BackBone/FeatureServer/2","name":"Fiber_BackBone \u2014 Fiber Backbone (Approx 31 Miles)","carrier":"Not published","routeStatus":"Unknown","category":"unknown","evidence":"agency_route","dataDate":null,"metadataModified":"2018-05-02T20:09:15+00:00","retrievedAt":"2026-09-18T02:36:49.784947+00:00","networkType":"Published fiber route; network class not specified","serviceability":"Unconfirmed","routeDiversity":"Unconfirmed","states":["KS"]},"bbox":[-94.9087236783724,38.8114064687376,-94.9087233951475,38.8120410528133]},{"type":"Feature","geometry":{"type":"LineString","coordinates":[[-94.9135321613998,38.7966096524105],[-94.9127569620031,38.7966082853475]]},"properties":{"id":"arcgis-23-2-4a28ca3504e37e98","sourceId":"arcgis-23-2","source":"Fiber_BackBone \u2014 Fiber Backbone (Approx 31 Miles)","sourceUrl":"https://services5.arcgis.com/Ox3HYmIeiVBmWWrQ/arcgis/rest/services/Fiber_BackBone/FeatureServer/2","name":"Fiber_BackBone \u2014 Fiber Backbone (Approx 31 Miles)","carrier":"Not published","routeStatus":"Unknown","category":"unknown","evidence":"agency_route","dataDate":null,"metadataModified":"2018-05-02T20:09:15+00:00","retrievedAt":"2026-09-18T02:36:49.784947+00:00","networkType":"Published fiber route; network class not specified","serviceability":"Unconfirmed","routeDiversity":"Unconfirmed","states":["KS"]},"bbox":[-94.9135321613998,38.7966082853475,-94.9127569620031,38.7966096524105]},{"type":"Feature","geometry":{"type":"LineString","coordinates":[[-94.9096138550272,38.8112671092816],[-94.9105193454521,38.8111042859247]]},"properties":{"id":"arcgis-23-2-248e11f84444a812","sourceId":"arcgis-23-2","source":"Fiber_BackBone \u2014 Fiber Backbone (Approx 31 Miles)","sourceUrl":"https://services5.arcgis.com/Ox3HYmIeiVBmWWrQ/arcgis/rest/services/Fiber_BackBone/FeatureServer/2","name":"Fiber_BackBone \u2014 Fiber Backbone (Approx 31 Miles)","carrier":"Not published","routeStatus":"Unknown","category":"unknown","evidence":"agency_route","dataDate":null,"metadataModified":"2018-05-02T20:09:15+00:00","retrievedAt":"2026-09-18T02:36:49.784947+00:00","networkType":"Published fiber route; network class not specified","serviceability":"Unconfirmed","routeDiversity":"Unconfirmed","states":["KS"]},"bbox":[-94.9105193454521,38.8111042859247,-94.9096138550272,38.8112671092816]},{"type":"Feature","geometry":{"type":"LineString","coordinates":[[-94.9087233951475,38.8114064687376],[-94.9096138550272,38.8112671092816]]},"properties":{"id":"arcgis-23-2-f762e5f3653f7ec3","sourceId":"arcgis-23-2","source":"Fiber_BackBone \u2014 Fiber Backbone (Approx 31 Miles)","sourceUrl":"https://services5.arcgis.com/Ox3HYmIeiVBmWWrQ/arcgis/rest/services/Fiber_BackBone/FeatureServer/2","name":"Fiber_BackBone \u2014 Fiber Backbone (Approx 31 Miles)","carrier":"Not published","routeStatus":"Unknown","category":"unknown","evidence":"agency_route","dataDate":null,"metadataModified":"2018-05-02T20:09:15+00:00","retrievedAt":"2026-09-18T02:36:49.784947+00:00","networkType":"Published fiber route; network class not specified","serviceability":"Unconfirmed","routeDiversity":"Unconfirmed","states":["KS"]},"bbox":[-94.9096138550272,38.8112671092816,-94.9087233951475,38.8114064687376]},{"type":"Feature","geometry":{"type":"LineString","coordinates":[[-94.9307877065098,38.7965968080529],[-94.931537194498,38.7966019519515]]},"properties":{"id":"arcgis-23-2-7277852c737f835e","sourceId":"arcgis-23-2","source":"Fiber_BackBone \u2014 Fiber Backbone (Approx 31 Miles)","sourceUrl":"https://services5.arcgis.com/Ox3HYmIeiVBmWWrQ/arcgis/rest/services/Fiber_BackBone/FeatureServer/2","name":"Fiber_BackBone \u2014 Fiber Backbone (Approx 31 Miles)","carrier":"Not published","routeStatus":"Unknown","category":"unknown","evidence":"agency_route","dataDate":null,"metadataModified":"2018-05-02T20:09:15+00:00","retrievedAt":"2026-09-18T02:36:49.784947+00:00","networkType":"Published fiber route; network class not specified","serviceability":"Unconfirmed","routeDiversity":"Unconfirmed","states":["KS"]},"bbox":[-94.931537194498,38.7965968080529,-94.9307877065098,38.7966019519515]},{"type":"Feature","geometry":{"type":"LineString","coordinates":[[-94.930886506923,38.8071337429705],[-94.9309583286918,38.8077858523694]]},"properties":{"id":"arcgis-23-2-4e98ddb9a5fe0583","sourceId":"arcgis-23-2","source":"Fiber_BackBone \u2014 Fiber Backbone (Approx 31 Miles)","sourceUrl":"https://services5.arcgis.com/Ox3HYmIeiVBmWWrQ/arcgis/rest/services/Fiber_BackBone/FeatureServer/2","name":"Fiber_BackBone \u2014 Fiber Backbone (Approx 31 Miles)","carrier":"Not published","routeStatus":"Unknown","category":"unknown","evidence":"agency_route","dataDate":null,"metadataModified":"2018-05-02T20:09:15+00:00","retrievedAt":"2026-09-18T02:36:49.784947+00:00","networkType":"Published fiber route; network class not specified","serviceability":"Unconfirmed","routeDiversity":"Unconfirmed","states":["KS"]},"bbox":[-94.9309583286918,38.8071337429705,-94.930886506923,38.8077858523694]},{"type":"Feature","geometry":{"type":"LineString","coordinates":[[-94.9101702129101,38.8104777459325],[-94.9101719317167,38.8109033297305],[-94.9092440247179,38.8110502358676],[-94.9092439565138,38.8110502412562]]},"properties":{"id":"arcgis-23-2-aa12180313ce7e48","sourceId":"arcgis-23-2","source":"Fiber_BackBone \u2014 Fiber Backbone (Approx 31 Miles)","sourceUrl":"https://services5.arcgis.com/Ox3HYmIeiVBmWWrQ/arcgis/rest/services/Fiber_BackBone/FeatureServer/2","name":"Fiber_BackBone \u2014 Fiber Backbone (Approx 31 Miles)","carrier":"Not published","routeStatus":"Unknown","category":"unknown","evidence":"agency_route","dataDate":null,"metadataModified":"2018-05-02T20:09:15+00:00","retrievedAt":"2026-09-18T02:36:49.784947+00:00","networkType":"Published fiber route; network class not specified","serviceability":"Unconfirmed","routeDiversity":"Unconfirmed","states":["KS"]},"bbox":[-94.9101719317167,38.8104777459325,-94.9092439565138,38.8110502412562]},{"type":"Feature","geometry":{"type":"LineString","coordinates":[[-94.9258479384901,38.7801384766894],[-94.9261391289032,38.779883230154],[-94.9264857281266,38.7797018654031],[-94.9269261393973,38.779594084686],[-94.9270960050647,38.7795544825619],[-94.9275436629876,38.7794583075333]]},"properties":{"id":"arcgis-23-2-8b40e502f38d2d44","sourceId":"arcgis-23-2","source":"Fiber_BackBone \u2014 Fiber Backbone (Approx 31 Miles)","sourceUrl":"https://services5.arcgis.com/Ox3HYmIeiVBmWWrQ/arcgis/rest/services/Fiber_BackBone/FeatureServer/2","name":"Fiber_BackBone \u2014 Fiber Backbone (Approx 31 Miles)","carrier":"Not published","routeStatus":"Unknown","category":"unknown","evidence":"agency_route","dataDate":null,"metadataModified":"2018-05-02T20:09:15+00:00","retrievedAt":"2026-09-18T02:36:49.784947+00:00","networkType":"Published fiber route; network class not specified","serviceability":"Unconfirmed","routeDiversity":"Unconfirmed","states":["KS"]},"bbox":[-94.9275436629876,38.7794583075333,-94.9258479384901,38.7801384766894]},{"type":"Feature","geometry":{"type":"LineString","coordinates":[[-94.9270960050647,38.7795544825619],[-94.9271192507909,38.7793897716026],[-94.9271673246898,38.7790196576003],[-94.9272056946939,38.7786536563237],[-94.9271983513402,38.7778952276444],[-94.927180880252,38.7771497758765],[-94.9271562022612,38.7764988045147],[-94.9271318525927,38.7758979958509],[-94.9271348993413,38.7753341967036],[-94.9271162979325,38.7747787157714]]},"properties":{"id":"arcgis-23-2-764fe65aa5920f47","sourceId":"arcgis-23-2","source":"Fiber_BackBone \u2014 Fiber Backbone (Approx 31 Miles)","sourceUrl":"https://services5.arcgis.com/Ox3HYmIeiVBmWWrQ/arcgis/rest/services/Fiber_BackBone/FeatureServer/2","name":"Fiber_BackBone \u2014 Fiber Backbone (Approx 31 Miles)","carrier":"Not published","routeStatus":"Unknown","category":"unknown","evidence":"agency_route","dataDate":null,"metadataModified":"2018-05-02T20:09:15+00:00","retrievedAt":"2026-09-18T02:36:49.784947+00:00","networkType":"Published fiber route; network class not specified","serviceability":"Unconfirmed","routeDiversity":"Unconfirmed","states":["KS"]},"bbox":[-94.9272056946939,38.7747787157714,-94.9270960050647,38.7795544825619]},{"type":"Feature","geometry":{"type":"LineString","coordinates":[[-94.9271981250312,38.78466939887],[-94.9272014225423,38.7851831718755],[-94.9272053637776,38.7857408372488],[-94.927207442211,38.7861718648696],[-94.9272128116835,38.7868236019329]]},"properties":{"id":"arcgis-23-2-acb58732710ba8ce","sourceId":"arcgis-23-2","source":"Fiber_BackBone \u2014 Fiber Backbone (Approx 31 Miles)","sourceUrl":"https://services5.arcgis.com/Ox3HYmIeiVBmWWrQ/arcgis/rest/services/Fiber_BackBone/FeatureServer/2","name":"Fiber_BackBone \u2014 Fiber Backbone (Approx 31 Miles)","carrier":"Not published","routeStatus":"Unknown","category":"unknown","evidence":"agency_route","dataDate":null,"metadataModified":"2018-05-02T20:09:15+00:00","retrievedAt":"2026-09-18T02:36:49.784947+00:00","networkType":"Published fiber route; network class not specified","serviceability":"Unconfirmed","routeDiversity":"Unconfirmed","states":["KS"]},"bbox":[-94.9272128116835,38.78466939887,-94.9271981250312,38.7868236019329]},{"type":"Feature","geometry":{"type":"LineString","coordinates":[[-94.8978276393058,38.8122541186153],[-94.8978351431951,38.8121889560103],[-94.8978377738318,38.811726020442],[-94.8978511172858,38.8111999840533],[-94.8978560450871,38.8108875654449],[-94.8987813333199,38.8108949172083],[-94.8996947505654,38.8108848584567],[-94.8996940610761,38.8106942072349],[-94.8996912733118,38.8102708219756],[-94.899689597308,38.8096904566362],[-94.8996866759678,38.8091363041884],[-94.8996832602047,38.8085532359343],[-94.8996825454802,38.8079877558966],[-94.8996763817127,38.8074321248387],[-94.899664090975,38.8068717795764],[-94.8996685458726,38.8062562033497],[-94.899660287774,38.8049938269367],[-94.8996532853724,38.8043527311726],[-94.89966301018,38.8043403008531],[-94.8996612018288,38.804141476838]]},"properties":{"id":"arcgis-23-2-ec74150e2cf39cdf","sourceId":"arcgis-23-2","source":"Fiber_BackBone \u2014 Fiber Backbone (Approx 31 Miles)","sourceUrl":"https://services5.arcgis.com/Ox3HYmIeiVBmWWrQ/arcgis/rest/services/Fiber_BackBone/FeatureServer/2","name":"Fiber_BackBone \u2014 Fiber Backbone (Approx 31 Miles)","carrier":"Not published","routeStatus":"Unknown","category":"unknown","evidence":"agency_route","dataDate":null,"metadataModified":"2018-05-02T20:09:15+00:00","retrievedAt":"2026-09-18T02:36:49.784947+00:00","networkType":"Published fiber route; network class not specified","serviceability":"Unconfirmed","routeDiversity":"Unconfirmed","states":["KS"]},"bbox":[-94.8996947505654,38.804141476838,-94.8978276393058,38.8122541186153]},{"type":"Feature","geometry":{"type":"MultiLineString","coordinates":[[[-95.7847144603027,38.3614773747512],[-95.7848765846519,38.3587740663162]],[[-96.1572337146084,38.4050273892579],[-96.1339659689374,38.4048557282565],[-96.1254068101305,38.4049339659418],[-96.1247198459749,38.4049394047037],[-96.1160969516986,38.4050279622771],[-96.0994664426403,38.4051829581841],[-96.0965566080939,38.4063622203377],[-96.0955240916929,38.4066159578427],[-96.0906509280075,38.4061364538678],[-96.0900578988845,38.4059723291272],[-96.0888578511746,38.4053778438818],[-96.0881390866579,38.4052050623154],[-96.0870749136262,38.4052262590446],[-96.0849135095604,38.4052625013472],[-96.0815832993937,38.40528643925],[-96.0759535584064,38.4052933527654],[-96.0570763268899,38.4053374940782],[-96.0513242991414,38.4053545747634],[-96.0427529403146,38.4053573849383],[-96.0313043593795,38.4051929712157],[-96.0218155825941,38.4050463453516],[-96.018137344425,38.4050189910761],[-96.0130297429085,38.4049775823234],[-96.0053848489736,38.4049805903245],[-96.0007563100149,38.4049843937949],[-95.9933471618583,38.4050070829735],[-95.9871098597017,38.4051058520226],[-95.9794927174209,38.4051552111543],[-95.9752870298394,38.4051683229929],[-95.9723215410679,38.4051480927751],[-95.9685597263397,38.4051258302368],[-95.9629844115806,38.4050945577825],[-95.9550502825821,38.4049452792139],[-95.9549132320091,38.4053587358215],[-95.9529182660025,38.4051679322987],[-95.9515777226805,38.4051378530643],[-95.9505675626519,38.4051679146999],[-95.9324268328874,38.4051681568599],[-95.9219735619309,38.405075175809],[-95.9135395052055,38.4049960660762],[-95.9041029411993,38.4049433482635],[-95.9003448580729,38.404942657683],[-95.9000613946849,38.4050842033195],[-95.8989881172279,38.4051200423277],[-95.8949968763694,38.4052659950637],[-95.8945840187496,38.4054026820999],[-95.8930814912155,38.4056894290099],[-95.8930720238708,38.4049249039187],[-95.8861862907926,38.4049541617257],[-95.8765014036959,38.404936029236],[-95.8686477736283,38.4048884157661],[-95.8629102860109,38.404907264191],[-95.8607108508693,38.4048852866807],[-95.858760578743,38.4049075021281],[-95.8585473124064,38.405024003939],[-95.8581445805965,38.4050150179544],[-95.8580674566361,38.4048932772875],[-95.8573604357951,38.4049030981792],[-95.8561510150635,38.4049073859754],[-95.8529682723338,38.4048774347526],[-95.8451248408396,38.4048542978168],[-95.8446378713106,38.4048571586962],[-95.8395418616545,38.4048866432044],[-95.8344777817168,38.404917479296],[-95.8302028178573,38.4049267771452],[-95.8251958267542,38.4049593062328],[-95.8214141511734,38.4049718901403],[-95.8190834847452,38.4049942097465],[-95.8152061700276,38.4048718207007],[-95.8102465866154,38.4048529863458],[-95.8027790910845,38.4048074009213],[-95.7896649842053,38.4049280879109],[-95.7843458653719,38.4049656390162],[-95.7797454598513,38.4048905367862],[-95.7741388082618,38.4048905367862],[-95.7660765651307,38.4048787349598],[-95.7617266251826,38.4049038021352],[-95.7605831623524,38.4049512149676],[-95.7596075542246,38.404933452758],[-95.7469162942312,38.4050300121936],[-95.7412792436524,38.4050542120445],[-95.7318580147865,38.4052259922465],[-95.7291976208349,38.4052380319521],[-95.7292040590606,38.4047645327437],[-95.7286803717926,38.4047886130107],[-95.7286803717926,38.4043300151354],[-95.7279411553319,38.4043300151354],[-95.7279411553319,38.4051507713188],[-95.7269440900452,38.4051508931027],[-95.7223964857003,38.4051821591971],[-95.7210639589438,38.4051954167491],[-95.7184606232842,38.4052013517785],[-95.7125895876251,38.4051865328591],[-95.7100360015641,38.4052213158871],[-95.7073808932997,38.4052300378638],[-95.7054639342974,38.4052351182915],[-95.699020257679,38.4052913957781],[-95.6957913640016,38.405290246224],[-95.6953358651519,38.4054108859467],[-95.693881154042,38.4060277936872],[-95.6935087619326,38.4063164993003],[-95.692881355182,38.4068218316592],[-95.692464012274,38.4075136220946],[-95.6922295555781,38.407964496705],[-95.6921477424119,38.4120809098452],[-95.692097804167,38.4199500093285],[-95.6920728965791,38.4212124058798],[-95.6920370537993,38.4221019402168],[-95.6920425838282,38.4254452249562],[-95.6920344828209,38.429041146706],[-95.6919817921379,38.4343650339278],[-95.6919834612077,38.4374231097676],[-95.6919645067552,38.4388442042252],[-95.6919619690146,38.4396620690801],[-95.6919665926433,38.4406717797033],[-95.6919863430032,38.4457995280297],[-95.691750406782,38.4495385877129],[-95.6917506457339,38.4556782253439],[-95.6917266849703,38.4708863503333],[-95.6915822026349,38.4867918489738],[-95.6921064019426,38.4891913046581],[-95.6919847404087,38.4926409067868]],[[-96.1775746349976,38.4074821472374],[-96.1775645020012,38.407326460072],[-96.1709824803375,38.407366394853],[-96.1709765200156,38.4048447613171],[-96.1570674175846,38.4048472638828],[-96.1559427978158,38.4048492912778]],[[-96.1775746349976,38.4074821472374],[-96.1775496160187,38.4122802867278]],[[-96.2265326976079,38.4115557673451],[-96.2264020583111,38.4124441902013],[-96.1957935199885,38.4123596981958],[-96.1815997046131,38.4123098737903],[-96.1775496160187,38.4122802867278]],[[-96.2277829647355,38.4117678403195],[-96.2265326976079,38.4115557673451]],[[-96.2277829647355,38.4117678403195],[-96.226597905416,38.4115818739633]],[[-96.2277829647355,38.4117678403195],[-96.2360219954162,38.4120225907431],[-96.2357312439964,38.4120143651225],[-96.2332837579536,38.4119454623155],[-96.2277829647355,38.4117678403195]],[[-96.1775496160187,38.4122802867278],[-96.1775409948869,38.4122802240821],[-96.1775746349976,38.4074821472374]],[[-96.1775496160187,38.4122802867278],[-96.1775493617954,38.4123290778525],[-96.1815832852063,38.4123427866906],[-96.1958796980686,38.4124040597313],[-96.2265101669623,38.4124885798402],[-96.2265326976079,38.4115557673451]],[[-95.5608906660826,38.4770172876543],[-95.5609699352199,38.4770031473424],[-95.5611769331125,38.4770693150051],[-95.5611802901167,38.4770715126695]],[[-95.5608906660826,38.4770172876543],[-95.5609625097457,38.4770056839768],[-95.5611802901167,38.4770715126695]],[[-95.5606807118344,38.4770547407964],[-95.5608906660826,38.4770172876543]],[[-95.5606807118344,38.4770547407964],[-95.560682668365,38.4770508820484],[-95.5608906660826,38.4770172876543]],[[-95.5611802901167,38.4770715126695],[-95.5612049515662,38.4770789678499],[-95.5612532782335,38.4771193092165]],[[-95.5611802901167,38.4770715126695],[-95.5612532782335,38.4771193092165]],[[-95.5612532782335,38.4771193092165],[-95.5613270380032,38.4771676106664],[-95.5616272657509,38.4774257999088],[-95.5619229659896,38.4776032920378]],[[-95.5612532782335,38.4771193092165],[-95.5616247621462,38.477429413906],[-95.5619229659896,38.4776032920378]],[[-95.5130068142789,38.4774341439594],[-95.5135442763134,38.4774378099967],[-95.5227843940383,38.4775001769061],[-95.5238750961169,38.4775096749786]],[[-95.5130068142789,38.4774341439594],[-95.5152267867046,38.4774648471036],[-95.5212201513458,38.4775001867516],[-95.5238750961169,38.4775096749786]],[[-95.5083416698707,38.4774536112972],[-95.5083438518785,38.4774023381072],[-95.5130068142789,38.4774341439594]],[[-95.5083416698707,38.4774536112972],[-95.508341508174,38.4774009562221],[-95.5100016891421,38.4774055568794],[-95.5126820948633,38.4774296530108],[-95.5130068142789,38.4774341439594]],[[-95.5238750961169,38.4775096749786],[-95.5253798101504,38.4775150520151],[-95.5281789003886,38.4775429358036],[-95.5318368474121,38.477576522217],[-95.537217405621,38.4776190447781],[-95.5399322563434,38.4776350661553]],[[-95.5238750961169,38.4775096749786],[-95.537328177777,38.4776268226924],[-95.5399322563434,38.4776350661553]],[[-95.5604113600812,38.4775805356513],[-95.5604156791811,38.4775777360224],[-95.5606807118344,38.4770547407964]],[[-95.5604113600812,38.4775805356513],[-95.5605382596916,38.4773056890749],[-95.5606797147044,38.4770549187193],[-95.5606807118344,38.4770547407964]],[[-95.5619229659896,38.4776032920378],[-95.562054558399,38.4776800219154]],[[-95.5619229659896,38.4776032920378],[-95.5620507755933,38.4776800099602],[-95.562054558399,38.4776800219154]],[[-95.5603597895974,38.4776139771782],[-95.5604097763514,38.4775839682029],[-95.5604113600812,38.4775805356513]],[[-95.5603597895974,38.4776139771782],[-95.5604113600812,38.4775805356513]],[[-95.5399322563434,38.4776350661553],[-95.558111784345,38.4776926100296]],[[-95.5399322563434,38.4776350661553],[-95.5427346389071,38.477651603009],[-95.5485373657737,38.4776705076907],[-95.5547823952384,38.4776911416508],[-95.5576522206187,38.4776936719318],[-95.558111784345,38.4776926100296]],[[-95.562054558399,38.4776800219154],[-95.5633609783167,38.4776842069362]],[[-95.562054558399,38.4776800219154],[-95.5620656543893,38.4776864917844],[-95.5633609783167,38.4776842069362]],[[-95.5633609783167,38.4776842069362],[-95.5638909241472,38.4776859038702]],[[-95.5633609783167,38.4776842069362],[-95.5644109471871,38.4776823538813],[-95.5693175668285,38.4776913259014]],[[-95.5638974001021,38.4776859200449],[-95.5693175668285,38.4776913259014]],[[-95.5601513813498,38.4776878947614],[-95.5602461383409,38.4776876760517],[-95.5603597895974,38.4776139771782]],[[-95.5601513813498,38.4776878947614],[-95.5602444063891,38.4776832477078],[-95.5603597895974,38.4776139771782]],[[-95.5693175668285,38.4776913259014],[-95.6084087742081,38.4777303180991],[-95.6084084112888,38.4777428168922]],[[-95.5693175668285,38.4776913259014],[-95.5829407301145,38.4777162377029],[-95.5903069154443,38.4777203770105],[-95.5967367346512,38.4777270058095],[-95.6040018828677,38.4777267927259],[-95.6084078821811,38.4777352253507],[-95.6084084112888,38.4777428168922]],[[-95.558111784345,38.4776926100296],[-95.5601513813498,38.4776878947614]],[[-95.558111784345,38.4776926100296],[-95.5599410911317,38.4776983998581],[-95.5601513813498,38.4776878947614]],[[-95.6084084112888,38.4777428168922],[-95.60841705937,38.4778669193188],[-95.6089221012059,38.4778726212278]],[[-95.6084084112888,38.4777428168922],[-95.6084047111281,38.4778702266793],[-95.6089221012059,38.4778726212278]],[[-95.6089221012059,38.4778726212278],[-95.6155047202493,38.4779030731269]],[[-95.6089221012059,38.4778726212278],[-95.6101001707341,38.4778859202886],[-95.6155047202493,38.4779030731269]],[[-95.6155047202493,38.4779030731269],[-95.6168312076321,38.4779072827483],[-95.6178800643882,38.4779140620244]],[[-95.6155047202493,38.4779030731269],[-95.6178800643882,38.4779140620244]],[[-95.6178800643882,38.4779140620244],[-95.622196507956,38.4779340299425],[-95.6248957711116,38.4779594029882]],[[-95.6178800643882,38.4779140620244],[-95.6248957711116,38.4779594029882]],[[-95.6248957711116,38.4779594029882],[-95.6261365151989,38.4779674220783],[-95.6326951105966,38.4780218109378],[-95.636327645179,38.478064480214]],[[-95.6248957711116,38.4779594029882],[-95.6362566010165,38.4780661961267],[-95.636327645179,38.478064480214]],[[-95.6401347511672,38.4779871951832],[-95.6419180076175,38.4780118241786],[-95.6480605608678,38.4780560806802],[-95.6571432362627,38.4780774191792],[-95.6746801939517,38.4780898117224],[-95.6746802128163,38.4780907632098]],[[-95.6401347511672,38.4779871951832],[-95.6438702353761,38.4780473710152],[-95.6551762824217,38.4780932660503],[-95.6654860969189,38.4780842068782],[-95.6746802128163,38.4780907632098]],[[-95.636327645179,38.478064480214],[-95.6397706271516,38.4779813287243],[-95.6401347511672,38.4779871951832]],[[-95.636327645179,38.478064480214],[-95.6363517200286,38.4780647629177],[-95.639827265032,38.4779829482945],[-95.6401347511672,38.4779871951832]],[[-95.6746802128163,38.4780907632098],[-95.6749712759515,38.4926509737817],[-95.674978950259,38.4926509801097]],[[-95.6746802128163,38.4780907632098],[-95.674680591007,38.4780907632098],[-95.6748430728858,38.4860913752751],[-95.674978950259,38.4926509801097]],[[-95.4670716760245,38.4909839472925],[-95.4671080802514,38.4918766843147]],[[-95.4739417469757,38.4910209881822],[-95.4745850036012,38.491404748144]],[[-95.4739417469757,38.4910209881822],[-95.4742300513847,38.4912223822619],[-95.4745850036012,38.491404748144]],[[-95.4697384201668,38.4910249910242],[-95.4699981213189,38.4908379322729],[-95.471204281166,38.4918370247856],[-95.471412539395,38.4920268392308]],[[-95.4697384201668,38.4910249910242],[-95.4700005611432,38.4908401702983],[-95.4714092246116,38.4920268420432],[-95.471412539395,38.4920268392308]],[[-95.4729448784201,38.4912157111109],[-95.4738373986723,38.4909587349238],[-95.4739417469757,38.4910209881822]],[[-95.4729448784201,38.4912157111109],[-95.4731950762947,38.4911376238646],[-95.47383618415,38.4909472466925],[-95.4739417469757,38.4910209881822]],[[-95.4693794767355,38.4912835328098],[-95.4697384201668,38.4910249910242]],[[-95.4693794767355,38.4912835328098],[-95.4695467951437,38.4911600947249],[-95.4697384201668,38.4910249910242]],[[-95.4745850036012,38.491404748144],[-95.4747103446345,38.4914691448059],[-95.4748439789145,38.4915475839517],[-95.47506833136,38.4917240140624],[-95.4753089163628,38.4918389857553]],[[-95.4745850036012,38.491404748144],[-95.4748596069055,38.4915685732289],[-95.4751172140845,38.4917624101663],[-95.4753089163628,38.4918389857553]],[[-95.5083864131584,38.4914436506589],[-95.5083775818209,38.4891596361831],[-95.5083416698707,38.4774536112972]],[[-95.5083864131584,38.4914436506589],[-95.5083678961854,38.4881973266939],[-95.5083606243232,38.4853481046639],[-95.5083553790603,38.4833016401987],[-95.5083506108027,38.4814287418112],[-95.5083457230693,38.4795465473033],[-95.5083404778063,38.4774816041131],[-95.5083416698707,38.4774536112972]],[[-95.4686522141562,38.4916382458856],[-95.4690324243036,38.4915395677786],[-95.4693794767355,38.4912835328098]],[[-95.4686522141562,38.4916382458856],[-95.4690274000262,38.4915372130584],[-95.4692659377684,38.4913653133514],[-95.4693794767355,38.4912835328098]],[[-95.4719515950408,38.4917789290134],[-95.4721069344146,38.4915997976853],[-95.4724445338748,38.4913718698811],[-95.4729448784201,38.4912157111109]],[[-95.4719515950408,38.4917789290134],[-95.4721131166204,38.491590951144],[-95.4724626618773,38.491354552204],[-95.4729448784201,38.4912157111109]],[[-95.4753089163628,38.4918389857553],[-95.4754475946831,38.4918943808414]],[[-95.4753089163628,38.4918389857553],[-95.4753566977528,38.4918618199038],[-95.4754475946831,38.4918943808414]],[[-95.4671080802514,38.4918766843147],[-95.4677753039287,38.4918658360582],[-95.4686522141562,38.4916382458856]],[[-95.4671080802514,38.4918766843147],[-95.4671081287604,38.4918778978793]],[[-95.4671071244439,38.4918766997831],[-95.4671080802514,38.4918766843147]],[[-95.4671071244439,38.4918766997831],[-95.4670693736425,38.4910990973514]],[[-95.4671081287604,38.4918778978793],[-95.4677698610364,38.491871356864],[-95.4681420330586,38.4917756321348],[-95.4686522141562,38.4916382458856]],[[-95.4671081287604,38.4918778978793],[-95.4671082060156,38.4918797779904],[-95.4671072735643,38.4918797920526]],[[-95.4671071828344,38.4918779070197],[-95.4671081287604,38.4918778978793]],[[-95.4671071828344,38.4918779070197],[-95.4671071244439,38.4918766997831]],[[-95.4669175772241,38.4918797822091],[-95.4671071828344,38.4918779070197]],[[-95.4669175772241,38.4918797822091],[-95.4671071244439,38.4918766997831]],[[-95.4671072735643,38.4918797920526],[-95.4671071828344,38.4918779070197]],[[-95.4671072735643,38.4918797920526],[-95.4657959093193,38.4918991247107],[-95.465789019241,38.4919775662009]],[[-95.4671073014121,38.4918803503204],[-95.4671072735643,38.4918797920526]],[[-95.4754475946831,38.4918943808414],[-95.4757111073869,38.4919887779468],[-95.4764180177351,38.4921283719827],[-95.4770314691578,38.4920977348488],[-95.4777013060342,38.4920642381686],[-95.4794992211933,38.4920424221825],[-95.4828486139847,38.4920483353082]],[[-95.4754475946831,38.4918943808414],[-95.4757308972726,38.492007546684],[-95.4764217376587,38.4921332599733],[-95.4777299640884,38.4920683893082],[-95.4802370138244,38.4920465859793],[-95.4828486139847,38.4920483353082]],[[-95.4657919172061,38.4918980827048],[-95.4669175772241,38.4918797822091]],[[-95.4657919172061,38.4918980827048],[-95.4657921786159,38.4918909067849],[-95.4669175772241,38.4918797822091]],[[-95.4657879691105,38.4918981466877],[-95.4657919172061,38.4918980827048]],[[-95.4657879691105,38.4918981466877],[-95.4657881263156,38.4918909067849]],[[-95.465789019241,38.4919775662009],[-95.4657919172061,38.4918980827048]],[[-95.465789019241,38.4919775662009],[-95.4657853352501,38.4920195156713]],[[-95.4657853352501,38.4920195156713],[-95.4657879691105,38.4918981466877]],[[-95.4657853352501,38.4920195156713],[-95.4657728019552,38.4921622180764],[-95.4657726591231,38.4921622187796]],[[-95.4715505601485,38.4920266929846],[-95.4717388739815,38.4920264940055],[-95.4719515950408,38.4917789290134]],[[-95.4715505601485,38.4920266929846],[-95.4717419147787,38.492020725718],[-95.4719515950408,38.4917789290134]],[[-95.471412539395,38.4920268392308],[-95.4715505601485,38.4920266929846]],[[-95.471412539395,38.4920268392308],[-95.471416950123,38.4920308588916],[-95.4715505601485,38.4920266929846]],[[-95.4828486139847,38.4920483353082],[-95.4840960478258,38.4920491698955]],[[-95.4828486139847,38.4920483353082],[-95.4829431769397,38.4920485019444],[-95.4840960478258,38.4920491698955]],[[-95.4840960478258,38.4920491698955],[-95.4858217240631,38.4920501711192],[-95.4858554279542,38.492050348302]],[[-95.4840960478258,38.4920491698955],[-95.4858554279542,38.492050348302]],[[-95.4858554279542,38.492050348302],[-95.4910634278819,38.4920538357099]],[[-95.4858554279542,38.492050348302],[-95.4897638558216,38.4920709127565],[-95.4910634278819,38.4920538357099]],[[-95.4910634278819,38.4920538357099],[-95.4911065101846,38.4920532697093],[-95.4938290118583,38.4920550577089],[-95.495921968791,38.4920563697054],[-95.4969354867221,38.4920570847646],[-95.4994602197944,38.4920586351142],[-95.5017211437189,38.4920599457044],[-95.5058770179212,38.492062329938],[-95.5083888107619,38.4920637600563]],[[-95.4910634278819,38.4920538357099],[-95.5083888170501,38.4920654397773],[-95.5083888107619,38.4920637600563]],[[-95.5083888107619,38.4920637600563],[-95.5083864131584,38.4914436506589]],[[-95.5083888107619,38.4920637600563],[-95.5083899498257,38.4920637607594],[-95.5083864131584,38.4914436506589]],[[-95.4657726591231,38.4921622187796],[-95.4657855301845,38.4918981867648],[-95.4657879691105,38.4918981466877]],[[-95.4657726591231,38.4921622187796],[-95.4655150160114,38.4921639111541]],[[-95.4655150160114,38.4921639111541],[-95.4657726142073,38.4921631370351],[-95.4657726591231,38.4921622187796]],[[-95.4655150160114,38.4921639111541],[-95.4650770702424,38.4921667882611]],[[-95.4657821659937,38.4921655648579],[-95.465789019241,38.4919775662009]],[[-95.4657821659937,38.4921655648579],[-95.4657853352501,38.4920195156713]],[[-95.4650770702424,38.4921667882611],[-95.4657821659937,38.4921655648579]],[[-95.4650770702424,38.4921667882611],[-95.4570096483237,38.4922197770707],[-95.4537069355878,38.4922105101488]],[[-95.4638506893182,38.4921689137485],[-95.4650770702424,38.4921667882611]],[[-95.4638506893182,38.4921689137485],[-95.4655150160114,38.4921639111541]],[[-95.4395139457642,38.4921711510295],[-95.4395070619742,38.4921781469266]],[[-95.4410830968513,38.492175089122],[-95.4415036350668,38.4921749063147],[-95.4437254508354,38.4921825026632]],[[-95.4410830968513,38.492175089122],[-95.4395042080265,38.4921706588558],[-95.4373239492212,38.4943876563076]],[[-95.4395119119784,38.4921757732434],[-95.4410830968513,38.492175089122]],[[-95.4395070619742,38.4921781469266],[-95.4449058470002,38.4921865391898]],[[-95.4395070619742,38.4921781469266],[-95.4336238523463,38.4981571350151],[-95.4317694699868,38.5000357297534]],[[-95.4437254508354,38.4921825026632],[-95.4410830968513,38.492175089122]],[[-95.4437254508354,38.4921825026632],[-95.4449058470002,38.4921865391898]],[[-95.4449058470002,38.4921865391898],[-95.4454846117748,38.4921874391644]],[[-95.4449058470002,38.4921865391898],[-95.4474973886785,38.4921954011263],[-95.4524741972863,38.4922207339962],[-95.4537069355878,38.4922105101488]],[[-95.4454846117748,38.4921874391644],[-95.4437254508354,38.4921825026632]],[[-95.4454846117748,38.4921874391644],[-95.4482141247993,38.4921916817005],[-95.4538965906055,38.4922089373031]],[[-95.4538965906055,38.4922089373031],[-95.4558277968882,38.4921929191655],[-95.4627124331234,38.4921708866619],[-95.4638506893182,38.4921689137485]],[[-95.4538965906055,38.4922089373031],[-95.4542833692343,38.4922101107852],[-95.4590464830091,38.4921833541236],[-95.4638506893182,38.4921689137485]],[[-95.4537069355878,38.4922105101488],[-95.4538965906055,38.4922089373031]],[[-95.4537069355878,38.4922105101488],[-95.4454846117748,38.4921874391644]],[[-95.6919847404087,38.4926409067868],[-95.692036981934,38.4926407978062],[-95.6920369747475,38.4926444166653]],[[-95.6919847404087,38.4926409067868],[-95.6919846146445,38.4926444581483]],[[-95.6920369747475,38.4926444166653],[-95.6920427392367,38.4926444117437],[-95.6920348295706,38.4937420552971]],[[-95.6920369747475,38.4926444166653],[-95.6920348295706,38.4937420552971]],[[-95.6919846146445,38.4926444581483],[-95.6920369747475,38.4926444166653]],[[-95.6919846146445,38.4926444581483],[-95.691984091825,38.4926592837272],[-95.6919745166824,38.4958323198116],[-95.6919239621932,38.4966150478042],[-95.6918985219043,38.4971407822203],[-95.6918784849819,38.4985582903244]],[[-95.6892400817885,38.4926466082301],[-95.6919846146445,38.4926444581483]],[[-95.6892400817885,38.4926466082301],[-95.6919847404087,38.4926409067868]],[[-95.674978950259,38.4926509801097],[-95.6792320850571,38.4926544492079]],[[-95.674978950259,38.4926509801097],[-95.6749790912945,38.4926577812013],[-95.6792320850571,38.4926544492079]],[[-95.6792320850571,38.4926544492079],[-95.6892400817885,38.4926466082301]],[[-95.6792320850571,38.4926544492079],[-95.6837076588892,38.4926580990028],[-95.6892400817885,38.4926466082301]],[[-95.6920348295706,38.4937420552971],[-95.6920335108438,38.4944166760791],[-95.6920194710742,38.4962030277424],[-95.6919748131265,38.4969013691961],[-95.6919309097636,38.4985601379213],[-95.6929275249943,38.4984979910093]],[[-95.6920348295706,38.4937420552971],[-95.6920181137198,38.4960617809563],[-95.6919577738822,38.4971093548726],[-95.6919207740722,38.4987269606739]],[[-95.4373239492212,38.4943876563076],[-95.4394999464188,38.492178135677],[-95.4395070619742,38.4921781469266]],[[-95.4373239492212,38.4943876563076],[-95.4317694699868,38.5000357297534]],[[-95.4317694699868,38.5000357297534],[-95.4304078342218,38.5014151456768]],[[-95.4317694699868,38.5000357297534],[-95.4309524702022,38.5008664972798],[-95.4294958923932,38.50234446583]],[[-95.4304078342218,38.5014151456768],[-95.4317298686558,38.5000679179071],[-95.4373239492212,38.4943876563076]],[[-95.4304078342218,38.5014151456768],[-95.4300131513169,38.5018149822714],[-95.4289945031072,38.502853218217]],[[-95.4294958923932,38.50234446583],[-95.4304078342218,38.5014151456768]],[[-95.4294958923932,38.50234446583],[-95.4289945031072,38.502853218217]],[[-95.4289945031072,38.502853218217],[-95.428601198218,38.5032540858582]],[[-95.4289945031072,38.502853218217],[-95.4263672201587,38.5055190830193],[-95.4252693010151,38.5062722851575]],[[-95.428601198218,38.5032540858582],[-95.4292888819242,38.5025554200422],[-95.4294958923932,38.50234446583]],[[-95.428601198218,38.5032540858582],[-95.4263737203681,38.5055243968071],[-95.4262656440563,38.5056033387414]],[[-95.4262656440563,38.5056033387414],[-95.4263645674337,38.5055264347315],[-95.428601198218,38.5032540858582]],[[-95.4262656440563,38.5056033387414],[-95.4257568122282,38.505975007962],[-95.4253939440574,38.5062007223126]],[[-95.4253939440574,38.5062007223126],[-95.425788942271,38.5059739359319],[-95.4262656440563,38.5056033387414]],[[-95.4253939440574,38.5062007223126],[-95.4251760397189,38.5063362643235]],[[-95.4252693010151,38.5062722851575],[-95.4253939440574,38.5062007223126]],[[-95.4252693010151,38.5062722851575],[-95.4251760397189,38.5063362643235]],[[-95.4251760397189,38.5063362643235],[-95.4251390461972,38.5063616428344],[-95.4251024596123,38.5063820330858]],[[-95.4251760397189,38.5063362643235],[-95.4251024596123,38.5063820330858]],[[-95.4251024596123,38.5063820330858],[-95.424954772088,38.5064738988081],[-95.4246865378391,38.506613831723]],[[-95.4251024596123,38.5063820330858],[-95.4246865378391,38.506613831723]],[[-95.4246865378391,38.506613831723],[-95.4245539177571,38.5066830167344]],[[-95.4246865378391,38.506613831723],[-95.4244147480584,38.5067653042048],[-95.4244066569326,38.5067675663392]],[[-95.4245539177571,38.5066830167344],[-95.4252693010151,38.5062722851575]],[[-95.4245539177571,38.5066830167344],[-95.4243994946648,38.5067635770251],[-95.4240367477666,38.5068687099634]],[[-95.4244066569326,38.5067675663392],[-95.4245539177571,38.5066830167344]],[[-95.4244066569326,38.5067675663392],[-95.4242002258769,38.5068252858895]],[[-95.4242002258769,38.5068252858895],[-95.4243973009789,38.5067729376778],[-95.4244066569326,38.5067675663392]],[[-95.4242002258769,38.5068252858895],[-95.4238129361068,38.5069335757365]],[[-95.4240367477666,38.5068687099634],[-95.4242002258769,38.5068252858895]],[[-95.4240367477666,38.5068687099634],[-95.4238129361068,38.5069335757365]],[[-95.4238129361068,38.5069335757365],[-95.4231616458477,38.5071156818206],[-95.4228590860735,38.5071815272957]],[[-95.4238129361068,38.5069335757365],[-95.4232889407167,38.5070854419062],[-95.4228159193292,38.5071980953291],[-95.4225404527439,38.507266164185]],[[-95.4228590860735,38.5071815272957],[-95.4240367477666,38.5068687099634]],[[-95.4228590860735,38.5071815272957],[-95.4220717288967,38.5073528746982]],[[-95.4160813134245,38.5072063782899],[-95.4160763780803,38.5077956020441]],[[-95.4160813134245,38.5072063782899],[-95.4160795554215,38.5072063368153],[-95.4160763780803,38.5077956020441]],[[-95.4161795513873,38.5072086551725],[-95.4160813188144,38.5072057203207],[-95.4160813134245,38.5072063782899]],[[-95.4161795513873,38.5072086551725],[-95.4160813134245,38.5072063782899]],[[-95.4163013530584,38.5072122936857],[-95.4161795513873,38.5072086551725]],[[-95.4163013530584,38.5072122936857],[-95.4212709005838,38.507337382225]],[[-95.4225404527439,38.507266164185],[-95.4228590860735,38.5071815272957]],[[-95.4225404527439,38.507266164185],[-95.4224442377871,38.5072899389217]],[[-95.4224442377871,38.5072899389217],[-95.4224632479351,38.5072866708712],[-95.4225404527439,38.507266164185]],[[-95.4224442377871,38.5072899389217],[-95.4224251512822,38.5072946550648],[-95.4222245161568,38.5073277060178]],[[-95.4222245161568,38.5073277060178],[-95.4224442377871,38.5072899389217]],[[-95.4222245161568,38.5073277060178],[-95.4220717288967,38.5073528746982]],[[-95.4212709005838,38.507337382225],[-95.4191962477233,38.5072785622532],[-95.4161795513873,38.5072086551725]],[[-95.4212709005838,38.507337382225],[-95.4220471707534,38.5073569209191]],[[-95.4220717288967,38.5073528746982],[-95.4220471707534,38.5073569209191]],[[-95.4220717288967,38.5073528746982],[-95.4220525193226,38.5073570558868]],[[-95.4220471707534,38.5073569209191],[-95.4220525193226,38.5073570558868]],[[-95.4220471707534,38.5073569209191],[-95.4220343832353,38.5073590276814],[-95.4212709005838,38.507337382225]],[[-95.4220525193226,38.5073570558868],[-95.4220536107757,38.5073570833021],[-95.4222245161568,38.5073277060178]],[[-95.4220525193226,38.5073570558868],[-95.4220306848713,38.5073618071734],[-95.4209384826062,38.5073370658942],[-95.4189021267229,38.5072899867228],[-95.4163013530584,38.5072122936857]],[[-95.4160763780803,38.5077956020441],[-95.4160649443234,38.5099165951394]],[[-95.4160763780803,38.5077956020441],[-95.4160634827644,38.5093353459962],[-95.4160401580081,38.5140097541672]],[[-95.4160649443234,38.5099165951394],[-95.4160813529504,38.5072067557786],[-95.4163013530584,38.5072122936857]],[[-95.4160649443234,38.5099165951394],[-95.4160294527848,38.5164999959913],[-95.4160267497541,38.5165028158968]],[[-95.4160401580081,38.5140097541672],[-95.4160649443234,38.5099165951394]],[[-95.4160401580081,38.5140097541672],[-95.4160287143697,38.5163032131222],[-95.4160267497541,38.5165028158968]],[[-95.4160267497541,38.5165028158968],[-95.4160250510399,38.5165045892322]],[[-95.4160267497541,38.5165028158968],[-95.4160267362794,38.5165042209295],[-95.4159381695789,38.5165952302976]],[[-95.4160250510399,38.5165045892322],[-95.4160401580081,38.5140097541672]],[[-95.4160250510399,38.5165045892322],[-95.4160184708805,38.5165114541412]],[[-95.4160184708805,38.5165114541412],[-95.4160250501416,38.5165047269942],[-95.4160250510399,38.5165045892322]],[[-95.4160184708805,38.5165114541412],[-95.4159381695789,38.5165952302976]],[[-95.4159381695789,38.5165952302976],[-95.4158264362256,38.5167100463203]],[[-95.4159381695789,38.5165952302976],[-95.4158161253627,38.5167225559238]],[[-95.4158264362256,38.5167100463203],[-95.4158381915794,38.5166957816586],[-95.4160184708805,38.5165114541412]],[[-95.4158264362256,38.5167100463203],[-95.4157176457531,38.5168218370305]],[[-95.4158161253627,38.5167225559238],[-95.4158264362256,38.5167100463203]],[[-95.4158161253627,38.5167225559238],[-95.4157209398752,38.5168218609279],[-95.4157176457531,38.5168218370305]],[[-95.4151130382444,38.5168204102153],[-95.4151105687756,38.5168203933465],[-95.4151104735542,38.5168258883423]],[[-95.4151130382444,38.5168204102153],[-95.4151129394297,38.5168258939652]],[[-95.4157176457531,38.5168218370305],[-95.4151130921433,38.5168174497492],[-95.4151130382444,38.5168204102153]],[[-95.4157176457531,38.5168218370305],[-95.4157149544005,38.5168246028029],[-95.4151130382444,38.5168204102153]],[[-95.4151104735542,38.5168258883423],[-95.4151129394297,38.5168258939652]],[[-95.4151104735542,38.5168258883423],[-95.415091653849,38.5179171132332],[-95.4150911777419,38.5179187466658]],[[-95.4151129394297,38.5168258939652],[-95.4157296238891,38.5168275119595],[-95.4158161253627,38.5167225559238]],[[-95.4151129394297,38.5168258939652],[-95.4150929447281,38.5179288389449],[-95.4150158629885,38.518180403954]],[[-95.4150911777419,38.5179187466658],[-95.4151093515584,38.516825884828],[-95.4151104735542,38.5168258883423]],[[-95.4150911777419,38.5179187466658],[-95.4149975202887,38.5182402692963]],[[-95.4150158629885,38.518180403954],[-95.4150910223334,38.5179281227368],[-95.4150911777419,38.5179187466658]],[[-95.4150158629885,38.518180403954],[-95.4149975202887,38.5182402692963]],[[-95.4149975202887,38.5182402692963],[-95.4149751477466,38.5183170697629]],[[-95.4149975202887,38.5182402692963],[-95.4149421912537,38.5184208419845]],[[-95.4149751477466,38.5183170697629],[-95.4150158629885,38.518180403954]],[[-95.4149751477466,38.5183170697629],[-95.4149363189667,38.5184503679639],[-95.4146610383327,38.518836502194]],[[-95.4149421912537,38.5184208419845],[-95.4149458402104,38.5184154469151],[-95.4149751477466,38.5183170697629]],[[-95.4149421912537,38.5184208419845],[-95.4149396418349,38.5184291602025],[-95.4148212959828,38.5185995741656]],[[-95.4148212959828,38.5185995741656],[-95.4149421912537,38.5184208419845]],[[-95.4148212959828,38.5185995741656],[-95.4146258827641,38.5188809627483],[-95.414240003349,38.5191931726487],[-95.4139734741025,38.519446297759]],[[-95.4146610383327,38.518836502194],[-95.4148212959828,38.5185995741656]],[[-95.4146610383327,38.518836502194],[-95.4146297401299,38.518880403284],[-95.4144583604383,38.5190205960367]],[[-95.4144583604383,38.5190205960367],[-95.4146305279524,38.5188816079596],[-95.4146610383327,38.518836502194]],[[-95.4144583604383,38.5190205960367],[-95.4144506349269,38.5190269160024]],[[-95.4144506349269,38.5190269160024],[-95.4144515889377,38.519026062048],[-95.4144583604383,38.5190205960367]],[[-95.4144506349269,38.5190269160024],[-95.4142474647557,38.5191931129072],[-95.4139734741025,38.519446297759]],[[-95.4139734741025,38.519446297759],[-95.413840493796,38.5195725900906]],[[-95.4139734741025,38.519446297759],[-95.4137257456966,38.5196752141755]],[[-95.413840493796,38.5195725900906],[-95.4144506349269,38.5190269160024]],[[-95.413840493796,38.5195725900906],[-95.4136639829275,38.5197402237383],[-95.4134906098743,38.5198924937342]],[[-95.4137257456966,38.5196752141755],[-95.413840493796,38.5195725900906]],[[-95.4137257456966,38.5196752141755],[-95.4134906098743,38.5198924937342]],[[-95.4134906098743,38.5198924937342],[-95.4134144659759,38.5199628551817],[-95.4133569720011,38.5200098649203]],[[-95.4134906098743,38.5198924937342],[-95.4133569720011,38.5200098649203]],[[-95.4133569720011,38.5200098649203],[-95.4132938321147,38.5200614908357]],[[-95.4133569720011,38.5200098649203],[-95.4131547208064,38.5201874967383],[-95.4131417949478,38.5201974642981]],[[-95.4132938321147,38.5200614908357],[-95.4137257456966,38.5196752141755]],[[-95.4132938321147,38.5200614908357],[-95.4129255866286,38.5203625866843],[-95.4126430736583,38.5205711533176]],[[-95.4131417949478,38.5201974642981],[-95.4132938321147,38.5200614908357]],[[-95.4131417949478,38.5201974642981],[-95.4129078233422,38.5203778767511]],[[-95.4129078233422,38.5203778767511],[-95.413121295393,38.5202157976605],[-95.4131417949478,38.5201974642981]],[[-95.4129078233422,38.5203778767511],[-95.4126600033081,38.5205689668196],[-95.4125317328687,38.5206285771574]],[[-95.4126430736583,38.5205711533176],[-95.4126748371884,38.5205547710969],[-95.4129078233422,38.5203778767511]],[[-95.4126430736583,38.5205711533176],[-95.4126425598219,38.520571532142],[-95.4126400939465,38.5205726896998]],[[-95.4126400939465,38.5205726896998],[-95.4126430736583,38.5205711533176]],[[-95.4126400939465,38.5205726896998],[-95.412116547714,38.5208185237659],[-95.4116714019481,38.520940522244]],[[-95.4125317328687,38.5206285771574],[-95.4126400939465,38.5205726896998]],[[-95.4125317328687,38.5206285771574],[-95.4121092560889,38.5208249089365],[-95.4116756923018,38.5209400647053],[-95.4116714019481,38.520940522244]],[[-95.4116714019481,38.520940522244],[-95.4116485524005,38.5209467837066]],[[-95.4116714019481,38.520940522244],[-95.4114940313918,38.5209594141625]],[[-95.4116485524005,38.5209467837066],[-95.4116950087754,38.5209417142342],[-95.4121413304361,38.5208299242996],[-95.4125317328687,38.5206285771574]],[[-95.4116485524005,38.5209467837066],[-95.411644396794,38.520947922985],[-95.4116234471832,38.5209495240188]],[[-95.4116234471832,38.5209495240188],[-95.4116485524005,38.5209467837066]],[[-95.4116234471832,38.5209495240188],[-95.4114940313918,38.5209594141625]],[[-95.4114940313918,38.5209594141625],[-95.4111317399394,38.5209980013122],[-95.4100998254096,38.5210711069064]],[[-95.4114940313918,38.5209594141625],[-95.4100998586473,38.5210659531039],[-95.4100998254096,38.5210711069064]],[[-95.4100998254096,38.5210711069064],[-95.4100997760023,38.5210785961896]],[[-95.4100998254096,38.5210711069064],[-95.4100952152556,38.5210714337192],[-95.4100966031527,38.5210960332284]],[[-95.4100997760023,38.5210785961896],[-95.4110238567654,38.5210149632617],[-95.4116234471832,38.5209495240188]],[[-95.4100997760023,38.5210785961896],[-95.4100993430143,38.5211445996815]],[[-95.4100966031527,38.5210960332284],[-95.4100983629523,38.5210786931792],[-95.4100997760023,38.5210785961896]],[[-95.4100966031527,38.5210960332284],[-95.4100993430143,38.5211445996815]],[[-95.4100993430143,38.5211445996815],[-95.4101029632249,38.5212087631254],[-95.4100989217044,38.5212087799931]],[[-95.4100993430143,38.5211445996815],[-95.4100989217044,38.5212087799931]],[[-95.3750265936496,38.5211596899807],[-95.3713568912723,38.521166846117]],[[-95.3750265936496,38.5211596899807],[-95.3609562876427,38.5211523967934],[-95.358663520238,38.5222683287997],[-95.357818582848,38.5226802897026]],[[-95.3857137266173,38.5211652303287],[-95.3788818116078,38.5211528543307],[-95.378532528659,38.5211528543307],[-95.3750265936496,38.5211596899807]],[[-95.3857137266173,38.5211652303287],[-95.3750265936496,38.5211596899807]],[[-95.3713568912723,38.521166846117],[-95.3970397809409,38.5211857471128]],[[-95.3713568912723,38.521166846117],[-95.3696681259118,38.5211701388391],[-95.3609695440813,38.5211555960407],[-95.3599064346549,38.5216856001466],[-95.3592472976118,38.5219996251985]],[[-95.3970397809409,38.5211857471128],[-95.3857137266173,38.5211652303287]],[[-95.3970397809409,38.5211857471128],[-95.3971148396744,38.5211858019329],[-95.3971255934067,38.5211859017336]],[[-95.3971255934067,38.5211859017336],[-95.3970397809409,38.5211857471128]],[[-95.3971255934067,38.5211859017336],[-95.3971808308135,38.5211864169021]],[[-95.3971808308135,38.5211864169021],[-95.3971762655753,38.5211859938033],[-95.3971255934067,38.5211859017336]],[[-95.3971808308135,38.5211864169021],[-95.398565119395,38.5211993291475],[-95.4066544143925,38.5212106839374],[-95.4078436922005,38.521207289308]],[[-95.4078436922005,38.521207289308],[-95.4100859590149,38.5212008873036],[-95.4100966031527,38.5210960332284]],[[-95.4078436922005,38.521207289308],[-95.3973336917355,38.5211712528122],[-95.3857137266173,38.5211652303287]],[[-95.4100989217044,38.5212087799931],[-95.4095554346694,38.5212110283201],[-95.4092743033079,38.5212121943014]],[[-95.4100989217044,38.5212087799931],[-95.4100988812803,38.5212150210506],[-95.4092743033079,38.5212121943014]],[[-95.4092743033079,38.5212121943014],[-95.4078436922005,38.521207289308]],[[-95.4092743033079,38.5212121943014],[-95.4077732561974,38.5212184191937],[-95.3973511460015,38.5212022072032],[-95.3971808308135,38.5211864169021]],[[-95.3592472976118,38.5219996251985],[-95.3609619919447,38.5211550576788],[-95.368008706715,38.5211643820222],[-95.3713568912723,38.521166846117]],[[-95.3592472976118,38.5219996251985],[-95.357818582848,38.5226802897026]],[[-95.357818582848,38.5226802897026],[-95.3577463582992,38.522715505267]],[[-95.357818582848,38.5226802897026],[-95.3577125070843,38.5227308271631],[-95.357708756618,38.5227330290572]],[[-95.3577463582992,38.522715505267],[-95.3586298864154,38.5223037287021],[-95.3592472976118,38.5219996251985]],[[-95.3577463582992,38.522715505267],[-95.3577006412377,38.5227377947909]],[[-95.357708756618,38.5227330290572],[-95.3577463582992,38.522715505267]],[[-95.357708756618,38.5227330290572],[-95.3577006412377,38.5227377947909]],[[-95.3577006412377,38.5227377947909],[-95.3576728293965,38.5227513547458],[-95.3574568573342,38.5228787460887]],[[-95.3577006412377,38.5227377947909],[-95.3570580691285,38.5231151273067]],[[-95.3574568573342,38.5228787460887],[-95.3576803743466,38.5227462572882],[-95.357708756618,38.5227330290572]],[[-95.3574568573342,38.5228787460887],[-95.3566184992054,38.5233732517021]],[[-95.3570580691285,38.5231151273067],[-95.3574568573342,38.5228787460887]],[[-95.3570580691285,38.5231151273067],[-95.3566184992054,38.5233732517021]],[[-95.3566184992054,38.5233732517021],[-95.3559755857364,38.5237524749242],[-95.35334172712,38.525309078204],[-95.3524161371872,38.5258587913101]],[[-95.3566184992054,38.5233732517021],[-95.3547514676684,38.5244696138243],[-95.3524161371872,38.5258587913101]],[[-95.3524161371872,38.5258587913101],[-95.3513700957512,38.5264810317746],[-95.3505754927633,38.5269546728249]],[[-95.3524161371872,38.5258587913101],[-95.3512764993835,38.5265356299812],[-95.3505246669828,38.5269848657418]],[[-95.3505754927633,38.5269546728249],[-95.352059427866,38.5260731349855],[-95.3549452405634,38.5243675032876],[-95.3570580691285,38.5231151273067]],[[-95.3505754927633,38.5269546728249],[-95.3504536156337,38.5270273211935]],[[-95.3505246669828,38.5269848657418],[-95.3505754927633,38.5269546728249]],[[-95.3505246669828,38.5269848657418],[-95.3504536156337,38.5270273211935]],[[-95.3504536156337,38.5270273211935],[-95.3495983772625,38.527537105119]],[[-95.3504536156337,38.5270273211935],[-95.3493204501917,38.5277044117056],[-95.3490619150529,38.5278575636782]],[[-95.3495983772625,38.527537105119],[-95.3501957147056,38.5271802820498],[-95.3505246669828,38.5269848657418]],[[-95.3495983772625,38.527537105119],[-95.3488753152054,38.5279681030359]],[[-95.3490619150529,38.5278575636782],[-95.3495983772625,38.527537105119]],[[-95.3490619150529,38.5278575636782],[-95.3488753152054,38.5279681030359]],[[-95.3488753152054,38.5279681030359],[-95.3476426604473,38.5287028550832],[-95.3472007567011,38.5289655919391]],[[-95.3488753152054,38.5279681030359],[-95.3481528029174,38.5283961067576],[-95.3464218760273,38.529422047255],[-95.3438557602648,38.5309304831816],[-95.3434472352197,38.5311780281377]],[[-95.3472007567011,38.5289655919391],[-95.3476734007963,38.5286870017749],[-95.3490619150529,38.5278575636782]],[[-95.3472007567011,38.5289655919391],[-95.3468232154485,38.5291900627389],[-95.3454439637208,38.5300022361218],[-95.3429798184211,38.5314612578641]],[[-95.3434472352197,38.5311780281377],[-95.3472007567011,38.5289655919391]],[[-95.3434472352197,38.5311780281377],[-95.3429798184211,38.5314612578641]],[[-95.3429798184211,38.5314612578641],[-95.3429394202845,38.5314857371702],[-95.3429332281972,38.5314888439018]],[[-95.3429798184211,38.5314612578641],[-95.3429332281972,38.5314888439018]],[[-95.3429332281972,38.5314888439018],[-95.3424820250913,38.5317152393078]],[[-95.3429332281972,38.5314888439018],[-95.3429329389397,38.5314890146631],[-95.3424168199781,38.5317494469684]],[[-95.3424820250913,38.5317152393078],[-95.3429713203586,38.5314585460611],[-95.3434472352197,38.5311780281377]],[[-95.3424820250913,38.5317152393078],[-95.3417821476534,38.5320664090274],[-95.3412086137687,38.5323065020159]],[[-95.3424168199781,38.5317494469684],[-95.3424820250913,38.5317152393078]],[[-95.3424168199781,38.5317494469684],[-95.3418436049953,38.5320386889924],[-95.341743049379,38.5320847569343]],[[-95.341743049379,38.5320847569343],[-95.3419086070892,38.5320160650454],[-95.3424168199781,38.5317494469684]],[[-95.341743049379,38.5320847569343],[-95.341565967182,38.5321658847026],[-95.3404628593693,38.5326186902174]],[[-95.3412086137687,38.5323065020159],[-95.341743049379,38.5320847569343]],[[-95.3412086137687,38.5323065020159],[-95.3404628593693,38.5326186902174]],[[-95.3404628593693,38.5326186902174],[-95.3398394635964,38.532874581049]],[[-95.3404628593693,38.5326186902174],[-95.3394568217096,38.5330398359716],[-95.3373846580807,38.5338956013451]],[[-95.3398394635964,38.532874581049],[-95.3412086137687,38.5323065020159]],[[-95.3398394635964,38.532874581049],[-95.3387588262422,38.5333181619307],[-95.3378541859202,38.5336982996606]],[[-95.3378541859202,38.5336982996606],[-95.3398394635964,38.532874581049]],[[-95.3378541859202,38.5336982996606],[-95.3373846580807,38.5338956013451]],[[-95.3373846580807,38.5338956013451],[-95.3364941680211,38.534263356659]],[[-95.3373846580807,38.5338956013451],[-95.3350405250081,38.5348806288165]],[[-95.3364941680211,38.534263356659],[-95.3366062517174,38.5342160856934],[-95.3378541859202,38.5336982996606]],[[-95.3364941680211,38.534263356659],[-95.3360300013272,38.5344550493083],[-95.3355436166015,38.5346642461698]],[[-95.3355436166015,38.5346642461698],[-95.3364941680211,38.534263356659]],[[-95.3355436166015,38.5346642461698],[-95.3350405250081,38.5348806288165]],[[-95.3350405250081,38.5348806288165],[-95.3338926819925,38.5353743232729],[-95.3330409335761,38.535720876794]],[[-95.3350405250081,38.5348806288165],[-95.3330409335761,38.535720876794]],[[-95.3330409335761,38.535720876794],[-95.3330320770857,38.5357244808402]],[[-95.3330409335761,38.535720876794],[-95.3330311024137,38.5357250092556]],[[-95.3330320770857,38.5357244808402],[-95.3330404790286,38.5357199281759],[-95.3355436166015,38.5346642461698]],[[-95.3330320770857,38.5357244808402],[-95.332983438703,38.5357442697132],[-95.3325951185652,38.5359612217938]],[[-95.3330311024137,38.5357250092556],[-95.3330320770857,38.5357244808402]],[[-95.3330311024137,38.5357250092556],[-95.3329970841122,38.5357393031717],[-95.3327581511112,38.5358728923365]],[[-95.3327581511112,38.5358728923365],[-95.3330311024137,38.5357250092556]],[[-95.3327581511112,38.5358728923365],[-95.332445502358,38.5360476967784],[-95.3315646799675,38.5366553621677]],[[-95.3325951185652,38.5359612217938],[-95.3327581511112,38.5358728923365]],[[-95.3325951185652,38.5359612217938],[-95.3324010878538,38.5360696259157],[-95.3323276451894,38.5361205362289]],[[-95.3323276451894,38.5361205362289],[-95.3324180929621,38.5360571337285],[-95.3325951185652,38.5359612217938]],[[-95.3323276451894,38.5361205362289],[-95.3297724646188,38.537891781207]],[[-95.3315646799675,38.5366553621677],[-95.3323276451894,38.5361205362289]],[[-95.3315646799675,38.5366553621677],[-95.3297724646188,38.537891781207]],[[-95.3297724646188,38.537891781207],[-95.3295202078056,38.5380666446849],[-95.3290418477303,38.5384010461879]],[[-95.3297724646188,38.537891781207],[-95.3287879227455,38.5385709996993],[-95.328600430871,38.5387054689456]],[[-95.3290418477303,38.5384010461879],[-95.3310514975985,38.5370150929654],[-95.3315646799675,38.5366553621677]],[[-95.3290418477303,38.5384010461879],[-95.3283714745596,38.5388696747691]],[[-95.328600430871,38.5387054689456],[-95.3290418477303,38.5384010461879]],[[-95.328600430871,38.5387054689456],[-95.3283714745596,38.5388696747691]],[[-95.3283714745596,38.5388696747691],[-95.3261409559125,38.5404289337058]],[[-95.3283714745596,38.5388696747691],[-95.3278458118964,38.5392466781733],[-95.3259487146451,38.5405747891554],[-95.3246870191504,38.5414622628542]],[[-95.3261409559125,38.5404289337058],[-95.3282807851401,38.5389259119892],[-95.328600430871,38.5387054689456]],[[-95.3261409559125,38.5404289337058],[-95.3240420692006,38.54189617473],[-95.3236582253679,38.5422304228244]],[[-95.3246870191504,38.5414622628542],[-95.3251560295603,38.541120748834],[-95.3261409559125,38.5404289337058]],[[-95.3246870191504,38.5414622628542],[-95.3240749843709,38.541892767024],[-95.3236582253679,38.5422304228244]],[[-95.3236582253679,38.5422304228244],[-95.3235461102306,38.5423280520239]],[[-95.3236582253679,38.5422304228244],[-95.3235932592066,38.5422830579153],[-95.3235461102306,38.5423280520239]],[[-95.3235461102306,38.5423280520239],[-95.3231908013829,38.5426671180313]],[[-95.3235461102306,38.5423280520239],[-95.3234910857245,38.5423759661727],[-95.3231449666421,38.5427070552024]],[[-95.3231908013829,38.5426671180313],[-95.3239965892944,38.5419650047348],[-95.3246870191504,38.5414622628542]],[[-95.3231908013829,38.5426671180313],[-95.3231551652156,38.5427011251582],[-95.3229415503326,38.5429255179722]],[[-95.3231449666421,38.5427070552024],[-95.3231908013829,38.5426671180313]],[[-95.3231449666421,38.5427070552024],[-95.3230669937738,38.5427816423296],[-95.3230475012304,38.5428018929844]],[[-95.3230475012304,38.5428018929844],[-95.3230810479164,38.5427627498168],[-95.3231449666421,38.5427070552024]],[[-95.3230475012304,38.5428018929844],[-95.3227696352451,38.54309056502],[-95.3224890033469,38.5434468229801]],[[-95.3229415503326,38.5429255179722],[-95.3230475012304,38.5428018929844]],[[-95.3229415503326,38.5429255179722],[-95.322791337644,38.5430833098884],[-95.3224890033469,38.5434468229801]],[[-95.3224890033469,38.5434468229801],[-95.3224734472212,38.5434665710855]],[[-95.3224890033469,38.5434468229801],[-95.3224767449366,38.5434615608131],[-95.3224734472212,38.5434665710855]],[[-95.3224734472212,38.5434665710855],[-95.3193796871119,38.5481661561016],[-95.3189395674199,38.5488363502405],[-95.318832240303,38.5489730547794]],[[-95.3224734472212,38.5434665710855],[-95.3224433509642,38.5435047772988],[-95.3211423478877,38.5454781781178],[-95.3198531127414,38.5474363957385],[-95.3187647040616,38.5490442350662],[-95.3185996943237,38.5492538489638]],[[-95.318832240303,38.5489730547794],[-95.3189539835836,38.548826050828],[-95.3201081237893,38.5470658848489],[-95.3224593912819,38.5434881101235],[-95.3229415503326,38.5429255179722]],[[-95.318832240303,38.5489730547794],[-95.3183603292331,38.549574137021],[-95.3182399469002,38.5497056729502]],[[-95.3185996943237,38.5492538489638],[-95.318832240303,38.5489730547794]],[[-95.3185996943237,38.5492538489638],[-95.3182970015989,38.5496383643364],[-95.3182399469002,38.5497056729502]],[[-95.3182399469002,38.5497056729502],[-95.3180881046677,38.5498715840196]],[[-95.3182399469002,38.5497056729502],[-95.3180221386815,38.5499626256577],[-95.3179421877229,38.5501513328296]],[[-95.3180881046677,38.5498715840196],[-95.3185996943237,38.5492538489638]],[[-95.3180881046677,38.5498715840196],[-95.3180373911767,38.5499269962841],[-95.3180271638572,38.5499451682153]],[[-95.3180271638572,38.5499451682153],[-95.3180881046677,38.5498715840196]],[[-95.3180271638572,38.5499451682153],[-95.3179804568523,38.5500281642689]],[[-95.3179804568523,38.5500281642689],[-95.3179936827482,38.5499855959333],[-95.3180271638572,38.5499451682153]],[[-95.3179804568523,38.5500281642689],[-95.317973255957,38.5500409603371],[-95.3179053891356,38.5502381897956]],[[-95.3179421877229,38.5501513328296],[-95.3179804568523,38.5500281642689]],[[-95.3179421877229,38.5501513328296],[-95.3179053891356,38.5502381897956]],[[-95.3179053891356,38.5502381897956],[-95.3178894521241,38.5502845053186],[-95.3175814323896,38.5504638911004]],[[-95.3179053891356,38.5502381897956],[-95.3178862029178,38.5502834746956],[-95.3175814323896,38.5504638911004]],[[-95.3175814323896,38.5504638911004],[-95.3174669528864,38.550531659102]],[[-95.3175814323896,38.5504638911004],[-95.3174712656981,38.5505280501776],[-95.3174669528864,38.550531659102]],[[-95.3174669528864,38.550531659102],[-95.317460905428,38.5505367208694]],[[-95.3174669528864,38.550531659102],[-95.3174414344442,38.5505467657191],[-95.3174361757065,38.5505511741277]],[[-95.317460905428,38.5505367208694],[-95.3179026753251,38.5502785077529],[-95.3179421877229,38.5501513328296]],[[-95.317460905428,38.5505367208694],[-95.3169705869796,38.550947069894],[-95.3169397163748,38.5509674559455]],[[-95.3174361757065,38.5505511741277],[-95.317460905428,38.5505367208694]],[[-95.3174361757065,38.5505511741277],[-95.3169397163748,38.5509674559455]],[[-95.3169397163748,38.5509674559455],[-95.316698005783,38.5511270750589]],[[-95.3169397163748,38.5509674559455],[-95.3169217321028,38.5509825357749],[-95.3166907662601,38.5511327290168]],[[-95.316698005783,38.5511270750589],[-95.3174335508292,38.5505527091671],[-95.3174361757065,38.5505511741277]],[[-95.316698005783,38.5511270750589],[-95.3166042854477,38.5511889657808]],[[-95.3166907662601,38.5511327290168],[-95.316698005783,38.5511270750589]],[[-95.3166907662601,38.5511327290168],[-95.3166042854477,38.5511889657808]],[[-95.3166042854477,38.5511889657808],[-95.3162971316892,38.5513918010661]],[[-95.3166042854477,38.5511889657808],[-95.3163984050593,38.5513228451983],[-95.3162432740946,38.5514250256676]],[[-95.3162971316892,38.5513918010661],[-95.3165917449664,38.5512100507799],[-95.3166907662601,38.5511327290168]],[[-95.3162971316892,38.5513918010661],[-95.3156827693748,38.5517975092612],[-95.3152773542972,38.552020914048]],[[-95.3162432740946,38.5514250256676],[-95.3162971316892,38.5513918010661]],[[-95.3162432740946,38.5514250256676],[-95.3156765233886,38.5517983340232],[-95.3153356908917,38.551984925301]],[[-95.3153356908917,38.551984925301],[-95.3162432740946,38.5514250256676]],[[-95.3153356908917,38.551984925301],[-95.3149444117034,38.5521991342335]],[[-95.3152773542972,38.552020914048],[-95.3153356908917,38.551984925301]],[[-95.3152773542972,38.552020914048],[-95.3152239323855,38.5520503517731],[-95.3149911160134,38.5521765953095],[-95.3149444117034,38.5521991342335]],[[-95.3149444117034,38.5521991342335],[-95.3148734241347,38.5522379968774],[-95.3141899499339,38.5525777608267]],[[-95.3149444117034,38.5521991342335],[-95.3140529388868,38.5526293521346],[-95.3137861185862,38.5527722400113]],[[-95.3141899499339,38.5525777608267],[-95.3150322570567,38.5521721167486],[-95.3152773542972,38.552020914048]],[[-95.3141899499339,38.5525777608267],[-95.3139773178079,38.5526834633246],[-95.3120518769127,38.5537024068376],[-95.3116509570048,38.5539156707047]],[[-95.3137861185862,38.5527722400113],[-95.3141899499339,38.5525777608267]],[[-95.3137861185862,38.5527722400113],[-95.3116509570048,38.5539156707047]],[[-95.3116509570048,38.5539156707047],[-95.3108312452064,38.5543517048533]],[[-95.3116509570048,38.5539156707047],[-95.3055599508821,38.5571775510767]],[[-95.3108312452064,38.5543517048533],[-95.3137339282648,38.5527973752376],[-95.3137861185862,38.5527722400113]],[[-95.3108312452064,38.5543517048533],[-95.3097265231211,38.5549393463043],[-95.3059681866697,38.5569515968838],[-95.305736089848,38.557080060053]],[[-95.305736089848,38.557080060053],[-95.3108312452064,38.5543517048533]],[[-95.305736089848,38.557080060053],[-95.3055599508821,38.5571775510767]],[[-95.3055599508821,38.5571775510767],[-95.3050774576582,38.5574359382136],[-95.3018227392129,38.5605211329414]],[[-95.3055599508821,38.5571775510767],[-95.3050635122117,38.5574523260861],[-95.3014945702666,38.5608342839397],[-95.2992123760327,38.5630039582519]],[[-95.3018227392129,38.5605211329414],[-95.3050674800703,38.5574380877654],[-95.305736089848,38.557080060053]],[[-95.3018227392129,38.5605211329414],[-95.2995114189026,38.5627120662101],[-95.299310575368,38.5629081068395]],[[-95.299310575368,38.5629081068395],[-95.3018227392129,38.5605211329414]],[[-95.299310575368,38.5629081068395],[-95.2992123760327,38.5630039582519]],[[-95.2992123760327,38.5630039582519],[-95.2987843746139,38.5634217259058],[-95.2986504358051,38.563538193022]],[[-95.2992123760327,38.5630039582519],[-95.2986504358051,38.563538193022]],[[-95.2986504358051,38.563538193022],[-95.2986151589639,38.5635688678882]],[[-95.2986504358051,38.563538193022],[-95.2984657152332,38.5637138068222],[-95.298460680176,38.5637177410014]],[[-95.2986151589639,38.5635688678882],[-95.299310575368,38.5629081068395]],[[-95.2986151589639,38.5635688678882],[-95.2985798470884,38.5635995743495]],[[-95.2985798470884,38.5635995743495],[-95.2985999432996,38.5635833262529],[-95.2986151589639,38.5635688678882]],[[-95.2985798470884,38.5635995743495],[-95.2984486885653,38.5637136227918]],[[-95.2984486885653,38.5637136227918],[-95.2984584451676,38.5637194878864]],[[-95.2984486885653,38.5637136227918],[-95.2983466390507,38.5638023612723],[-95.2979802899082,38.5640738672592]],[[-95.2984572351369,38.5637157159633],[-95.298460680176,38.5637177410014]],[[-95.298460680176,38.5637177410014],[-95.2984584451676,38.5637194878864]],[[-95.298460680176,38.5637177410014],[-95.2988571740846,38.5639508061377]],[[-95.2984584451676,38.5637194878864],[-95.299130410153,38.5641234920182],[-95.2991683828383,38.5640864557257]],[[-95.2984584451676,38.5637194878864],[-95.2981984727244,38.5639226502573],[-95.2978470526836,38.5641764559624]],[[-95.2982515847172,38.5638649757976],[-95.2984483894263,38.5637134422732],[-95.2984486885653,38.5637136227918]],[[-95.2982515847172,38.5638649757976],[-95.2985798470884,38.5635995743495]],[[-95.2980527893415,38.5640180451591],[-95.2981713364163,38.5639298583323],[-95.2982515847172,38.5638649757976]],[[-95.2980527893415,38.5640180451591],[-95.2982515847172,38.5638649757976]],[[-95.2979802899082,38.5640738672592],[-95.2980527893415,38.5640180451591]],[[-95.2979802899082,38.5640738672592],[-95.2977882247105,38.5642162076934]],[[-95.2978470526836,38.5641764559624],[-95.2979802899082,38.5640738672592]],[[-95.2978470526836,38.5641764559624],[-95.2978145857725,38.5641999042465]],[[-95.2978145857725,38.5641999042465],[-95.2978258704092,38.5641927657364],[-95.2978470526836,38.5641764559624]],[[-95.2978145857725,38.5641999042465],[-95.2977916383086,38.5642164781181],[-95.2976387953529,38.5643111119298]],[[-95.2977482640534,38.5642418601002],[-95.2977893350282,38.5642167330899]],[[-95.2977482640534,38.5642418601002],[-95.2978145857725,38.5641999042465]],[[-95.2976679411923,38.5642910021938],[-95.2977482640534,38.5642418601002]],[[-95.2976679411923,38.5642910021938],[-95.2977754057514,38.5642243878628],[-95.2980527893415,38.5640180451591]],[[-95.2976387953529,38.5643111119298],[-95.2977482640534,38.5642418601002]],[[-95.2976387953529,38.5643111119298],[-95.2970878621824,38.5646522250162]],[[-95.2970878621824,38.5646522250162],[-95.2971398351115,38.5646267602961],[-95.2976387953529,38.5643111119298]],[[-95.2970878621824,38.5646522250162],[-95.2970345992726,38.5646852032693],[-95.2963712823685,38.5650213226674],[-95.2962564624038,38.5650680936504]],[[-95.2970751438346,38.5646584559833],[-95.2970878621824,38.5646522250162]],[[-95.2970751438346,38.5646584559833],[-95.2976679411923,38.5642910021938]],[[-95.297018154713,38.564686379082],[-95.2970751438346,38.5646584559833]],[[-95.297018154713,38.564686379082],[-95.2970397466192,38.5646753310776],[-95.2976679411923,38.5642910021938]],[[-95.285376160209,38.5647130968569],[-95.2827650199862,38.5647039319827],[-95.280867219354,38.5647118086611],[-95.2804512885977,38.5647131249527]],[[-95.285376160209,38.5647130968569],[-95.2823177523995,38.5647005548583],[-95.2804512885977,38.5647131249527]],[[-95.2804512885977,38.5647131249527],[-95.2765112166761,38.5647255882807],[-95.2759219479009,38.5647269509303]],[[-95.2804512885977,38.5647131249527],[-95.2793095074137,38.5647208140903],[-95.2775005780109,38.5647273491892]],[[-95.2858712648813,38.5647151267836],[-95.285376160209,38.5647130968569]],[[-95.2858712648813,38.5647151267836],[-95.2859641012743,38.5647151597963]],[[-95.2859641012743,38.5647151597963],[-95.285376160209,38.5647130968569]],[[-95.2859641012743,38.5647151597963],[-95.2862650081484,38.5647152679654],[-95.28626509259,38.5647162169035]],[[-95.28626509259,38.5647162169035],[-95.2859641012743,38.5647151597963]],[[-95.28626509259,38.5647162169035],[-95.2862651402007,38.5647167422962]],[[-95.2862651402007,38.5647167422962],[-95.2858712648813,38.5647151267836]],[[-95.2862651402007,38.5647167422962],[-95.2862679456394,38.5647479961364]],[[-95.2862661193644,38.5647167458082],[-95.2862660879234,38.564716219713],[-95.28626509259,38.5647162169035]],[[-95.2862661193644,38.5647167458082],[-95.2862651402007,38.5647167422962]],[[-95.2737204547189,38.5647263953345],[-95.2759219479009,38.5647269509303]],[[-95.2737204547189,38.5647263953345],[-95.269772332994,38.564719577872],[-95.2691925378518,38.5647276666725]],[[-95.2712941671202,38.5647269122984],[-95.2731410817848,38.564726249236],[-95.2737204547189,38.5647263953345]],[[-95.2712941671202,38.5647269122984],[-95.2705785745548,38.5647253031077],[-95.269777210846,38.5647274566559]],[[-95.2759219479009,38.5647269509303],[-95.2775005780109,38.5647273491892]],[[-95.2759219479009,38.5647269509303],[-95.2751183419971,38.5647288087695],[-95.2737204547189,38.5647263953345]],[[-95.2789611281701,38.564726962871],[-95.2829835154161,38.5647140928556],[-95.2858712648813,38.5647151267836]],[[-95.2789611281701,38.564726962871],[-95.2862628971075,38.5647200007148],[-95.286271879362,38.5648152772581]],[[-95.2775005780109,38.5647273491892],[-95.2783350841637,38.5647275599082]],[[-95.2775005780109,38.5647273491892],[-95.2771220557979,38.5647287167555]],[[-95.269777210846,38.5647274566559],[-95.2712941671202,38.5647269122984]],[[-95.269777210846,38.5647274566559],[-95.2677077295867,38.5647330182325],[-95.2656679358508,38.5647396390227]],[[-95.2783350841637,38.5647275599082],[-95.2789611281701,38.564726962871]],[[-95.2783350841637,38.5647275599082],[-95.2787425150608,38.5647276631605],[-95.2789611281701,38.564726962871]],[[-95.2691925378518,38.5647276666725],[-95.269777210846,38.5647274566559]],[[-95.2691925378518,38.5647276666725],[-95.2691488698475,38.5647282756504],[-95.269041424153,38.564727720757]],[[-95.269041424153,38.564727720757],[-95.2691925378518,38.5647276666725]],[[-95.269041424153,38.564727720757],[-95.2684427167791,38.5647246281044],[-95.2670952743956,38.5647302543017],[-95.2659233879715,38.5647343289046]],[[-95.2771220557979,38.5647287167555],[-95.2783350841637,38.5647275599082]],[[-95.2771220557979,38.5647287167555],[-95.2763595280555,38.5647314722575],[-95.2743343040952,38.564733748725],[-95.2735929873733,38.5647320819378]],[[-95.2535736970934,38.5647309047211],[-95.2539149023912,38.5647288242222],[-95.256250482604,38.5647390960702]],[[-95.2535736970934,38.5647309047211],[-95.2528098488276,38.564728567145],[-95.2507534793781,38.5647481007935]],[[-95.2735929873733,38.5647320819378],[-95.2771220557979,38.5647287167555]],[[-95.2735929873733,38.5647320819378],[-95.2712941671202,38.5647269122984]],[[-95.2659233879715,38.5647343289046],[-95.2681379893701,38.5647280452643],[-95.269041424153,38.564727720757]],[[-95.2659233879715,38.5647343289046],[-95.264506866041,38.5647392548118],[-95.2623050144313,38.5647428461653]],[[-95.256250482604,38.5647390960702],[-95.2535736970934,38.5647309047211]],[[-95.256250482604,38.5647390960702],[-95.2567516832438,38.5647413001905]],[[-95.2656679358508,38.5647396390227],[-95.2735929873733,38.5647320819378]],[[-95.2656679358508,38.5647396390227],[-95.2637075837288,38.5647460020328],[-95.2612787161686,38.5647445199762]],[[-95.2527510469057,38.5647405788293],[-95.25346031084,38.564735806747],[-95.2567516832438,38.5647413001905]],[[-95.2527510469057,38.5647405788293],[-95.252582843657,38.5647402248214],[-95.2516512763343,38.5647479778741]],[[-95.2567516832438,38.5647413001905],[-95.2572333778654,38.5647421037322]],[[-95.2567516832438,38.5647413001905],[-95.2578562813615,38.5647461579648]],[[-95.2572333778654,38.5647421037322],[-95.256250482604,38.5647390960702]],[[-95.2572333778654,38.5647421037322],[-95.2578646294054,38.564743157327],[-95.2606200498427,38.5647413008929],[-95.2639266810299,38.5647399951377],[-95.2659233879715,38.5647343289046]],[[-95.2623050144313,38.5647428461653],[-95.2656679358508,38.5647396390227]],[[-95.2623050144313,38.5647428461653],[-95.2612787161686,38.5647445199762]],[[-95.2608338911012,38.5647442481488],[-95.2623050144313,38.5647428461653]],[[-95.2608338911012,38.5647442481488],[-95.2597137853667,38.5647435647169],[-95.2583384844296,38.564745485069]],[[-95.2612787161686,38.5647445199762],[-95.2608338911012,38.5647442481488]],[[-95.2612787161686,38.5647445199762],[-95.2599188087623,38.5647467367395],[-95.2589358667885,38.5647473127046],[-95.2586232333067,38.5647463560406]],[[-95.2583384844296,38.564745485069],[-95.2572333778654,38.5647421037322]],[[-95.2583384844296,38.564745485069],[-95.2578562813615,38.5647461579648]],[[-95.2578562813615,38.5647461579648],[-95.2580300856061,38.5647469221722],[-95.2586232333067,38.5647463560406]],[[-95.2578562813615,38.5647461579648],[-95.2563830281259,38.5647482138793],[-95.2527510469057,38.5647405788293]],[[-95.2586232333067,38.5647463560406],[-95.2608338911012,38.5647442481488]],[[-95.2586232333067,38.5647463560406],[-95.2583384844296,38.564745485069]],[[-95.2516512763343,38.5647479778741],[-95.2527510469057,38.5647405788293]],[[-95.2516512763343,38.5647479778741],[-95.2488455691057,38.5647713269338],[-95.2447439720112,38.5648116992537],[-95.2399035483247,38.5648288847709],[-95.2380477924411,38.5648399348588]],[[-95.2862679456394,38.5647479961364],[-95.2862661193644,38.5647167458082]],[[-95.2862679456394,38.5647479961364],[-95.2863160171852,38.5652834710078]],[[-95.2507534793781,38.5647481007935],[-95.2535736970934,38.5647309047211]],[[-95.2507534793781,38.5647481007935],[-95.2492085630407,38.5647627766638],[-95.2376473189959,38.5648423187894]],[[-95.286271879362,38.5648152772581],[-95.2862679456394,38.5647479961364]],[[-95.286271879362,38.5648152772581],[-95.2863160171852,38.5652834710078]],[[-95.2380477924411,38.5648399348588],[-95.2397449678293,38.5648282968657],[-95.2430673788228,38.5648090392806],[-95.2464454099054,38.5647834032314],[-95.249926631363,38.5647595800581],[-95.2516512763343,38.5647479778741]],[[-95.2380477924411,38.5648399348588],[-95.2376473189959,38.5648423187894]],[[-95.2376473189959,38.5648423187894],[-95.235272359336,38.5648564601176],[-95.2325215104252,38.5648737559001]],[[-95.2376473189959,38.5648423187894],[-95.2314852848803,38.5648847139674]],[[-95.2325215104252,38.5648737559001],[-95.233760962735,38.5648606477989],[-95.2402122525755,38.5648229340744],[-95.245238602373,38.5647889338982],[-95.2501959283189,38.5647515010947],[-95.2507534793781,38.5647481007935]],[[-95.2325215104252,38.5648737559001],[-95.2302394248875,38.5648881037263],[-95.2302128212803,38.5670250212508]],[[-95.2314852848803,38.5648847139674],[-95.2325215104252,38.5648737559001]],[[-95.2314852848803,38.5648847139674],[-95.2310404939488,38.564887774303]],[[-95.2314049835787,38.5648855631631],[-95.2341925169908,38.5648686579153],[-95.2377481719545,38.5648419886635],[-95.2380477924411,38.5648399348588]],[[-95.2314049835787,38.5648855631631],[-95.2314852848803,38.5648847139674]],[[-95.2310404939488,38.564887774303],[-95.2314049835787,38.5648855631631]],[[-95.2310404939488,38.564887774303],[-95.2302449135939,38.5648932480679],[-95.2302310615722,38.5658133909325]],[[-95.2963217402806,38.5650352279561],[-95.2963850499485,38.5650103091317],[-95.297018154713,38.564686379082]],[[-95.2963217402806,38.5650352279561],[-95.2968868021539,38.5647507368874],[-95.297018154713,38.564686379082]],[[-95.2962896569502,38.5650513809013],[-95.2963697723005,38.5650190321611],[-95.2970264632311,38.5646886316694],[-95.2970751438346,38.5646584559833]],[[-95.2962896569502,38.5650513809013],[-95.2963217402806,38.5650352279561]],[[-95.2962564624038,38.5650680936504],[-95.2962896569502,38.5650513809013]],[[-95.2962564624038,38.5650680936504],[-95.2962017370367,38.5650903862069]],[[-95.2962017370367,38.5650903862069],[-95.2962320605674,38.5650803792114],[-95.2962564624038,38.5650680936504]],[[-95.2962017370367,38.5650903862069],[-95.2959086464039,38.5652097732719],[-95.29476205025,38.5655820639264]],[[-95.2961542493959,38.5651060572982],[-95.2962017370367,38.5650903862069]],[[-95.2961542493959,38.5651060572982],[-95.2962896569502,38.5650513809013]],[[-95.296077181131,38.565131488836],[-95.2961542493959,38.5651060572982]],[[-95.296077181131,38.565131488836],[-95.2963217402806,38.5650352279561]],[[-95.2957786952166,38.5652489758635],[-95.2958825898708,38.5652157478176],[-95.2961542493959,38.5651060572982]],[[-95.2957786952166,38.5652489758635],[-95.296077181131,38.565131488836]],[[-95.2863160171852,38.5652834710078],[-95.2863433259698,38.5655731449989],[-95.2863444749151,38.5656232477512]],[[-95.2863160171852,38.5652834710078],[-95.2863427133188,38.5655808382587],[-95.2863475875775,38.5659679599493]],[[-95.29476205025,38.5655820639264],[-95.295750856426,38.5652599331712],[-95.2957786952166,38.5652489758635]],[[-95.29476205025,38.5655820639264],[-95.2947030471055,38.5656012222676],[-95.2941583572262,38.56577362393],[-95.2930412608479,38.5661338749282],[-95.2929935315603,38.5661490597431]],[[-95.2863444749151,38.5656232477512],[-95.2863424510107,38.56552504402],[-95.2862688071237,38.5647167570466],[-95.2862661193644,38.5647167458082]],[[-95.2863444749151,38.5656232477512],[-95.2864045758008,38.5682439026969]],[[-95.2941257950938,38.5657893419322],[-95.29476205025,38.5655820639264]],[[-95.2941218622695,38.5657905338817],[-95.2928579416479,38.5661938029168]],[[-95.2302310615722,38.5658133909325],[-95.2302433289657,38.5648926088883],[-95.2310404939488,38.564887774303]],[[-95.2302310615722,38.5658133909325],[-95.2302128212803,38.5670250212508]],[[-95.2939119286825,38.5658459991978],[-95.2957786952166,38.5652489758635]],[[-95.2939119286825,38.5658459991978],[-95.296077181131,38.565131488836]],[[-95.2863475875775,38.5659679599493],[-95.2863385675937,38.565557480331],[-95.286282777723,38.5650017258777],[-95.286271879362,38.5648152772581]],[[-95.2863475875775,38.5659679599493],[-95.2863605511654,38.5669972683331],[-95.2863956088177,38.5682469200453],[-95.2863970182743,38.5682464459507]],[[-95.2929935315603,38.5661490597431],[-95.2939119286825,38.5658459991978]],[[-95.2929935315603,38.5661490597431],[-95.2925674103153,38.5662846293244]],[[-95.2928579416479,38.5661938029168],[-95.2929935315603,38.5661490597431]],[[-95.2928579416479,38.5661938029168],[-95.2927112656266,38.5662406019344]],[[-95.2927112656266,38.5662406019344],[-95.2927782152681,38.5662201120473],[-95.2928579416479,38.5661938029168]],[[-95.2927112656266,38.5662406019344],[-95.2915490872958,38.5666114087424],[-95.2907438787976,38.566842882041]],[[-95.2925674103153,38.5662846293244],[-95.2927112656266,38.5662406019344]],[[-95.2925674103153,38.5662846293244],[-95.2915277190701,38.5666154031673],[-95.2908665132069,38.5668066022045]],[[-95.2919405111128,38.566476492288],[-95.2925674103153,38.5662846293244]],[[-95.2919405111128,38.566476492288],[-95.2939119286825,38.5658459991978]],[[-95.2908665132069,38.5668066022045],[-95.2914242169797,38.5666416110011],[-95.2919405111128,38.566476492288]],[[-95.2908665132069,38.5668066022045],[-95.2907828036972,38.5668308081966]],[[-95.2907828036972,38.5668308081966],[-95.2919405111128,38.566476492288]],[[-95.2907828036972,38.5668308081966],[-95.2904550075517,38.5669255958976],[-95.2904255401154,38.5669343952535]],[[-95.2907438787976,38.566842882041],[-95.2908665132069,38.5668066022045]],[[-95.2907438787976,38.566842882041],[-95.2907352073602,38.5668453747733]],[[-95.2907352073602,38.5668453747733],[-95.2907828036972,38.5668308081966]],[[-95.2907352073602,38.5668453747733],[-95.2904255401154,38.5669343952535]],[[-95.2907281025846,38.5668475493293],[-95.2907438787976,38.566842882041]],[[-95.2907281025846,38.5668475493293],[-95.2907352073602,38.5668453747733]],[[-95.2904255401154,38.5669343952535],[-95.2899232731755,38.5670843690379]],[[-95.2904255401154,38.5669343952535],[-95.2901953701801,38.567000561767],[-95.2891917274289,38.5673009266578],[-95.2884915760049,38.5675398456585]],[[-95.2302128212803,38.5670250212508],[-95.230187191447,38.5690837559381],[-95.2301849779981,38.5692724037852]],[[-95.2302128212803,38.5670250212508],[-95.230156778983,38.5707476142175],[-95.2301327993548,38.5731889032407]],[[-95.2901140663587,38.5670292059962],[-95.2904845163105,38.5669220987715],[-95.2907281025846,38.5668475493293]],[[-95.2901140663587,38.5670292059962],[-95.2907281025846,38.5668475493293]],[[-95.2899232731755,38.5670843690379],[-95.2901140663587,38.5670292059962]],[[-95.2899232731755,38.5670843690379],[-95.2896343067081,38.5671706527777]],[[-95.2896343067081,38.5671706527777],[-95.289714890979,38.5671446179207],[-95.2899232731755,38.5670843690379]],[[-95.2896343067081,38.5671706527777],[-95.2894584453216,38.5672231649578]],[[-95.2896165047942,38.5671764052106],[-95.2901140663587,38.5670292059962]],[[-95.2896165047942,38.5671764052106],[-95.2896343067081,38.5671706527777]],[[-95.2894584453216,38.5672231649578],[-95.2896165047942,38.5671764052106]],[[-95.2894584453216,38.5672231649578],[-95.289277574929,38.5672771717468]],[[-95.289277574929,38.5672771717468],[-95.2892898342377,38.5672730467174],[-95.2894584453216,38.5672231649578]],[[-95.289277574929,38.5672771717468],[-95.2891847942315,38.5673048760927],[-95.2885029253202,38.5675361799937]],[[-95.288626216398,38.5674963472195],[-95.2896165047942,38.5671764052106]],[[-95.288626216398,38.5674963472195],[-95.289277574929,38.5672771717468]],[[-95.2885029253202,38.5675361799937],[-95.288626216398,38.5674963472195]],[[-95.2885029253202,38.5675361799937],[-95.2884010545703,38.5675707358486]],[[-95.2884915760049,38.5675398456585],[-95.2885029253202,38.5675361799937]],[[-95.2884915760049,38.5675398456585],[-95.2884010545703,38.5675707358486]],[[-95.2884010545703,38.5675707358486],[-95.2882785800611,38.5676125288919],[-95.2882615147657,38.5676180712813]],[[-95.2884010545703,38.5675707358486],[-95.2882615147657,38.5676180712813]],[[-95.2882615147657,38.5676180712813],[-95.2880337639934,38.56769203134]],[[-95.2882615147657,38.5676180712813],[-95.2878975793963,38.5677415250673]],[[-95.2880337639934,38.56769203134],[-95.2882899913602,38.5676049742162],[-95.2884915760049,38.5675398456585]],[[-95.2880337639934,38.56769203134],[-95.2876681092485,38.5678107742268],[-95.2868620509441,38.5680899678937]],[[-95.2878975793963,38.5677415250673],[-95.288626216398,38.5674963472195]],[[-95.2878975793963,38.5677415250673],[-95.286466612556,38.5682269357288]],[[-95.2869137031746,38.5680725878992],[-95.2878975793963,38.5677415250673]],[[-95.2869137031746,38.5680725878992],[-95.2880337639934,38.56769203134]],[[-95.2868620509441,38.5680899678937],[-95.2869137031746,38.5680725878992]],[[-95.2868620509441,38.5680899678937],[-95.2868364256023,38.5680988436645]],[[-95.2868364256023,38.5680988436645],[-95.2869137031746,38.5680725878992]],[[-95.2868364256023,38.5680988436645],[-95.286466612556,38.5682269357288]],[[-95.286466612556,38.5682269357288],[-95.2863986136823,38.5682500027132],[-95.286398530139,38.5682459367381]],[[-95.286466612556,38.5682269357288],[-95.2863970991227,38.5682510141148],[-95.2863970182743,38.5682464459507]],[[-95.2864045758008,38.5682439026969],[-95.2868620509441,38.5680899678937]],[[-95.2864045758008,38.5682439026969],[-95.2864046144284,38.5682455581648],[-95.2868364256023,38.5680988436645]],[[-95.286398530139,38.5682459367381],[-95.2864045758008,38.5682439026969]],[[-95.286398530139,38.5682459367381],[-95.2863444749151,38.5656232477512]],[[-95.2863970182743,38.5682464459507],[-95.286398530139,38.5682459367381]],[[-95.2863970182743,38.5682464459507],[-95.2863943583628,38.5680962800369],[-95.2863475875775,38.5659679599493]],[[-95.2301849779981,38.5692724037852],[-95.2302310615722,38.5658133909325]],[[-95.2301849779981,38.5692724037852],[-95.2301266252339,38.5742472748599],[-95.2301009352134,38.5788174159089],[-95.2300954213542,38.5807596496587]],[[-95.2301327993548,38.5731889032407],[-95.2301849779981,38.5692724037852]],[[-95.2301327993548,38.5731889032407],[-95.2301107816472,38.5754304191626]],[[-95.2301107816472,38.5754304191626],[-95.2301146147585,38.574553815688],[-95.2301327993548,38.5731889032407]],[[-95.2301107816472,38.5754304191626],[-95.2300915720732,38.5773861410557],[-95.2300737701592,38.5824872676566]],[[-95.2300954213542,38.5807596496587],[-95.2301442573663,38.5729250848373],[-95.2302473210788,38.5648978059092],[-95.2314049835787,38.5648855631631]],[[-95.2300954213542,38.5807596496587],[-95.2300859513145,38.5840957947744],[-95.2300589039396,38.5872945292905]],[[-95.2300820661008,38.5819975651227],[-95.2300909881682,38.5814709028436],[-95.2300954213542,38.5807596496587]],[[-95.2300820661008,38.5819975651227],[-95.2301107816472,38.5754304191626]],[[-95.2300737701592,38.5824872676566],[-95.2300820661008,38.5819975651227]],[[-95.2300737701592,38.5824872676566],[-95.2300556493433,38.5876794752112]],[[-95.2300589039396,38.5872945292905],[-95.2300820661008,38.5819975651227]],[[-95.2300589039396,38.5872945292905],[-95.2300556493433,38.5876794752112]],[[-95.2300556493433,38.5876794752112],[-95.2300494365948,38.5894595420368]],[[-95.2300556493433,38.5876794752112],[-95.2300458819612,38.5888346320109],[-95.2300264657747,38.5938906646889],[-95.2301181217814,38.594077447881],[-95.2301193650498,38.5941294706813]],[[-95.2300494365948,38.5894595420368],[-95.2300589039396,38.5872945292905]],[[-95.2300494365948,38.5894595420368],[-95.2300339981483,38.5938835859999]],[[-95.2300339981483,38.5938835859999],[-95.2300301300027,38.5938749893449],[-95.2300494365948,38.5894595420368]],[[-95.2300339981483,38.5938835859999],[-95.2300339936567,38.593884705868],[-95.230048328972,38.5939154407966]],[[-95.230048328972,38.5939154407966],[-95.2300339981483,38.5938835859999]],[[-95.230048328972,38.5939154407966],[-95.2301234011803,38.5940763947164],[-95.2302720741565,38.6002549548551]],[[-95.2301193650498,38.5941294706813],[-95.2300183324281,38.593874537185],[-95.2300467335641,38.5878282892375],[-95.230058303865,38.5834001637623],[-95.2300737701592,38.5824872676566]],[[-95.2301193650498,38.5941294706813],[-95.230125542764,38.5943880591419]],[[-95.2301223007441,38.594136877933],[-95.230121542566,38.5940781766708],[-95.230048328972,38.5939154407966]],[[-95.2301223007441,38.594136877933],[-95.2301193650498,38.5941294706813]],[[-95.230125542764,38.5943880591419],[-95.2301223007441,38.594136877933]],[[-95.230125542764,38.5943880591419],[-95.2301357521172,38.5948153789495]],[[-95.2301357521172,38.5948153789495],[-95.2301248312983,38.5941432629132],[-95.2301223007441,38.594136877933]],[[-95.2301357521172,38.5948153789495],[-95.2302335454139,38.5989086166853]],[[-95.2301425218212,38.5952320137867],[-95.2301357521172,38.5948153789495]],[[-95.2301425218212,38.5952320137867],[-95.2301293641972,38.5946840990026],[-95.230125542764,38.5943880591419]],[[-95.2302095451245,38.5980229292383],[-95.2301425218212,38.5952320137867]],[[-95.2302095451245,38.5980229292383],[-95.2301520430649,38.5958179469306],[-95.2301425218212,38.5952320137867]],[[-95.2302335454139,38.5989086166853],[-95.230223371095,38.598553104012],[-95.2302095451245,38.5980229292383]],[[-95.2302335454139,38.5989086166853],[-95.2302428950794,38.5992999747205]],[[-95.2302428950794,38.5992999747205],[-95.2302237762352,38.5986155246674],[-95.2302095451245,38.5980229292383]],[[-95.2302428950794,38.5992999747205],[-95.230457973318,38.6083023249454],[-95.2304657158975,38.6083023621498]],[[-95.2302720741565,38.6002549548551],[-95.2302335454139,38.5989086166853]],[[-95.2302720741565,38.6002549548551],[-95.2302876320789,38.6009015288093]],[[-95.2302876320789,38.6009015288093],[-95.2302428950794,38.5992999747205]],[[-95.2302876320789,38.6009015288093],[-95.230412137679,38.606075752072]],[[-95.2303950059082,38.6050256649183],[-95.230370576224,38.6035282861237],[-95.230300003677,38.6012309448665],[-95.2302720741565,38.6002549548551]],[[-95.2303950059082,38.6050256649183],[-95.2303608600459,38.6035230273121],[-95.2302876320789,38.6009015288093]],[[-95.230412137679,38.606075752072],[-95.2303950059082,38.6050256649183]],[[-95.230412137679,38.606075752072],[-95.2304656503204,38.608299613233]],[[-95.2490166191156,38.6080785756897],[-95.2491494233523,38.6081185200343]],[[-95.2490112076643,38.6080824007391],[-95.2491026471771,38.6081070652484]],[[-95.2490080051704,38.6080845263125],[-95.2491896292494,38.6081306143152]],[[-95.2490419884375,38.6080893951949],[-95.2491494233523,38.6081185200343]],[[-95.2491026471771,38.6081070652484],[-95.2490069227004,38.6080820251837]],[[-95.2491026471771,38.6081070652484],[-95.2491868570485,38.6081297796702]],[[-95.2491494233523,38.6081185200343],[-95.2491693497819,38.6081245141761]],[[-95.2491494233523,38.6081185200343],[-95.2492187948518,38.6081373272755],[-95.2492193994179,38.6081381689402]],[[-95.2491693497819,38.6081245141761],[-95.2491026471771,38.6081070652484]],[[-95.2491693497819,38.6081245141761],[-95.2491868570485,38.6081297796702]],[[-95.2491868570485,38.6081297796702],[-95.2491896292494,38.6081306143152]],[[-95.2491868570485,38.6081297796702],[-95.2491950254293,38.6081319831611]],[[-95.2491896292494,38.6081306143152],[-95.2491950254293,38.6081319831611]],[[-95.2491896292494,38.6081306143152],[-95.2492189942778,38.6081394458275],[-95.2492860023097,38.6082416816823]],[[-95.2491950254293,38.6081319831611],[-95.2492193994179,38.6081381689402]],[[-95.2491950254293,38.6081319831611],[-95.2492197497609,38.6081386490891]],[[-95.2492193994179,38.6081381689402],[-95.2492188658187,38.608137466968],[-95.2491693497819,38.6081245141761]],[[-95.2492193994179,38.6081381689402],[-95.2492197497609,38.6081386490891]],[[-95.2492193994179,38.6081381689402],[-95.2492199357122,38.6081383037188],[-95.2492902504427,38.6082302156845],[-95.2492898462008,38.6082313072497]],[[-95.2492197497609,38.6081386490891],[-95.2492199393054,38.608138703141],[-95.2492220377699,38.6081416612516]],[[-95.2492197497609,38.6081386490891],[-95.2492316470485,38.608155202293]],[[-95.2492220377699,38.6081416612516],[-95.2492197497609,38.6081386490891]],[[-95.2492220377699,38.6081416612516],[-95.2492316470485,38.608155202293]],[[-95.2492316470485,38.608155202293],[-95.2492886631196,38.608234499815]],[[-95.2492316470485,38.608155202293],[-95.2492884079981,38.6082351877468]],[[-95.2492898462008,38.6082313072497],[-95.2492220377699,38.6081416612516]],[[-95.2492898462008,38.6082313072497],[-95.2492886631196,38.608234499815]],[[-95.2492886631196,38.608234499815],[-95.2492884079981,38.6082351877468]],[[-95.2492886631196,38.608234499815],[-95.2492907085835,38.6082373449043],[-95.2492873183416,38.6082459721299]],[[-95.2492884079981,38.6082351877468],[-95.2492860023097,38.6082416816823]],[[-95.2492884079981,38.6082351877468],[-95.2492902818837,38.6082378278605],[-95.2492873183416,38.6082459721299]],[[-95.2492860023097,38.6082416816823],[-95.2492869769818,38.6082431691592],[-95.2492637690065,38.6083058818301]],[[-95.2492860023097,38.6082416816823],[-95.2492367899035,38.6083745190722]],[[-95.2492873183416,38.6082459721299],[-95.2492637690065,38.6083058818301]],[[-95.2492873183416,38.6082459721299],[-95.2492403077062,38.6083751368056]],[[-95.2451119974101,38.6082612006898],[-95.2451119426128,38.6082612098154]],[[-95.2451119974101,38.6082612006898],[-95.2451030322235,38.6082596317846],[-95.2448934983869,38.6082952848822]],[[-95.2451119426128,38.6082612098154],[-95.2451143869287,38.6082616190645]],[[-95.2451119426128,38.6082612098154],[-95.2449837871578,38.6082832748656]],[[-95.2451143869287,38.6082616190645],[-95.2451119974101,38.6082612006898]],[[-95.2451143869287,38.6082616190645],[-95.2455876463699,38.6083407697572]],[[-95.2449837871578,38.6082832748656],[-95.2451097641983,38.6082608461944],[-95.2451119426128,38.6082612098154]],[[-95.2449837871578,38.6082832748656],[-95.244743831874,38.6083245872365]],[[-95.2449114054038,38.6082917792407],[-95.2448934983869,38.6082952848822]],[[-95.2449114054038,38.6082917792407],[-95.2448604242147,38.6083009132825]],[[-95.2448934983869,38.6082952848822],[-95.2448604242147,38.6083009132825]],[[-95.2448934983869,38.6082952848822],[-95.244743831874,38.6083245872365]],[[-95.230579378832,38.6082989983068],[-95.2304693684474,38.6082980969765],[-95.2303950059082,38.6050256649183]],[[-95.230579378832,38.6082989983068],[-95.2304677442934,38.6082996020015]],[[-95.230579378832,38.6082989983068],[-95.2304676885978,38.608298132777],[-95.2304677442934,38.6082996020015]],[[-95.2304677442934,38.6082996020015],[-95.2304656503204,38.608299613233]],[[-95.2304677442934,38.6082996020015],[-95.2304678107687,38.6083014018541]],[[-95.2304656503204,38.608299613233],[-95.2304656934396,38.60830140396]],[[-95.2448604242147,38.6083009132825],[-95.2443743826454,38.6083836137931],[-95.2409545664274,38.6083712963284],[-95.2401968868926,38.6083729192828]],[[-95.2448604242147,38.6083009132825],[-95.244379282057,38.6083871131123],[-95.2439558270118,38.6083869207726]],[[-95.2308336936856,38.6083009722481],[-95.230579378832,38.6082989983068]],[[-95.2308336936856,38.6083009722481],[-95.2308225150502,38.6083009848835]],[[-95.2308225150502,38.6083009848835],[-95.230579378832,38.6082989983068]],[[-95.2308225150502,38.6083009848835],[-95.2304678107687,38.6083014018541]],[[-95.2304678107687,38.6083014018541],[-95.2304656934396,38.60830140396]],[[-95.2304678107687,38.6083014018541],[-95.2304678467013,38.6083023719774]],[[-95.2304656934396,38.60830140396],[-95.230463600365,38.6083014060658],[-95.2304225383733,38.6067132088388],[-95.230412137679,38.606075752072]],[[-95.2304656934396,38.60830140396],[-95.2304657158975,38.6083023621498]],[[-95.2304657158975,38.6083023621498],[-95.2304678467013,38.6083023719774]],[[-95.2304657158975,38.6083023621498],[-95.2304667229089,38.6083441967756],[-95.2304750089691,38.6085056532403],[-95.2304558613788,38.6094100968497],[-95.2303879262854,38.6110075709421],[-95.2302812342774,38.6175602673184],[-95.2303809679352,38.6190346409162]],[[-95.2304678467013,38.6083023719774],[-95.231733024066,38.6083084306851]],[[-95.2304678467013,38.6083023719774],[-95.2304787333842,38.6085957108387],[-95.2304179174395,38.6110053162975],[-95.2303610217427,38.6182146860018],[-95.2303809679352,38.6190346409162]],[[-95.2453854859051,38.6083046007339],[-95.2451011026423,38.6082546386649],[-95.2449114054038,38.6082917792407]],[[-95.2453854859051,38.6083046007339],[-95.2451059373751,38.6082569270904],[-95.2449114054038,38.6082917792407]],[[-95.2492637690065,38.6083058818301],[-95.2492367899035,38.6083745190722]],[[-95.2492637690065,38.6083058818301],[-95.24920444696,38.6084661850461]],[[-95.231733024066,38.6083084306851],[-95.2308225150502,38.6083009848835]],[[-95.231733024066,38.6083084306851],[-95.2318955086396,38.6083092091704]],[[-95.2318955086396,38.6083092091704],[-95.2308336936856,38.6083009722481]],[[-95.2318955086396,38.6083092091704],[-95.2322044257911,38.6083106889242],[-95.2329063271333,38.6083170508824]],[[-95.232852156925,38.6083158097987],[-95.2320309880592,38.608299971238],[-95.2316534521964,38.6082931761623],[-95.230579378832,38.6082989983068]],[[-95.232852156925,38.6083158097987],[-95.2313855566124,38.6083003243292],[-95.2308336936856,38.6083009722481]],[[-95.2329063271333,38.6083170508824],[-95.2318955086396,38.6083092091704]],[[-95.2329063271333,38.6083170508824],[-95.2329255070629,38.6083172249711]],[[-95.2329233367332,38.6083171828529],[-95.232852156925,38.6083158097987]],[[-95.2329233367332,38.6083171828529],[-95.2329063271333,38.6083170508824]],[[-95.2329255070629,38.6083172249711],[-95.2329233367332,38.6083171828529]],[[-95.2329255070629,38.6083172249711],[-95.233354027708,38.6083211089733]],[[-95.2331452143202,38.6083189040843],[-95.232852156925,38.6083158097987]],[[-95.2331452143202,38.6083189040843],[-95.2329233367332,38.6083171828529]],[[-95.233018258116,38.6083190142937],[-95.2329255070629,38.6083172249711]],[[-95.233018258116,38.6083190142937],[-95.2323274940867,38.6083132932346],[-95.231733024066,38.6083084306851]],[[-95.2332541080989,38.6083209671753],[-95.233018258116,38.6083190142937]],[[-95.2332541080989,38.6083209671753],[-95.2330693012888,38.6083199977542],[-95.233018258116,38.6083190142937]],[[-95.233354027708,38.6083211089733],[-95.2331452143202,38.6083189040843]],[[-95.233354027708,38.6083211089733],[-95.2334539589951,38.6083220152171]],[[-95.2334258839475,38.6083218678033],[-95.233354027708,38.6083211089733]],[[-95.2334258839475,38.6083218678033],[-95.2332541080989,38.6083209671753]],[[-95.2334539589951,38.6083220152171],[-95.2334258839475,38.6083218678033]],[[-95.2334539589951,38.6083220152171],[-95.2338564177171,38.608325662655],[-95.2344321452878,38.6083302689843]],[[-95.2337387438048,38.6083235083081],[-95.2331452143202,38.6083189040843]],[[-95.2337387438048,38.6083235083081],[-95.2334539589951,38.6083220152171]],[[-95.2336548878697,38.6083242860912],[-95.2334258839475,38.6083218678033]],[[-95.2336548878697,38.6083242860912],[-95.2332541080989,38.6083209671753]],[[-95.244743831874,38.6083245872365],[-95.2446644657187,38.6083401260505]],[[-95.244743831874,38.6083245872365],[-95.2443772329998,38.6083877027669]],[[-95.2344008066608,38.608328643923],[-95.2343651058148,38.6083267928273],[-95.2337387438048,38.6083235083081]],[[-95.2344008066608,38.608328643923],[-95.2337387438048,38.6083235083081]],[[-95.2344321452878,38.6083302689843],[-95.2344008066608,38.608328643923]],[[-95.2344321452878,38.6083302689843],[-95.2368208581547,38.6083493780171],[-95.2393188690423,38.6083667967013]],[[-95.2344425702367,38.6083308087995],[-95.2344321452878,38.6083302689843]],[[-95.2344425702367,38.6083308087995],[-95.2336548878697,38.6083242860912]],[[-95.2344836241435,38.6083329378753],[-95.2344425702367,38.6083308087995]],[[-95.2344836241435,38.6083329378753],[-95.2344101967504,38.608331693984],[-95.2337014628222,38.6083247781725],[-95.2336548878697,38.6083242860912]],[[-95.2345301739432,38.6083337261879],[-95.2344836241435,38.6083329378753]],[[-95.2345301739432,38.6083337261879],[-95.2344938523613,38.6083334678628],[-95.2344836241435,38.6083329378753]],[[-95.2446644657187,38.6083401260505],[-95.2449837871578,38.6082832748656]],[[-95.2446644657187,38.6083401260505],[-95.2443948372844,38.608392914892],[-95.2424979439507,38.6083862588152]],[[-95.2455876463699,38.6083407697572],[-95.2451160479137,38.6082605029306],[-95.2451119974101,38.6082612006898]],[[-95.2455876463699,38.6083407697572],[-95.2456648880096,38.6083536881135]],[[-95.2364072082209,38.608347079767],[-95.2344425702367,38.6083308087995]],[[-95.2364072082209,38.608347079767],[-95.2345301739432,38.6083337261879]],[[-95.2456648880096,38.6083536881135],[-95.2453854859051,38.6083046007339]],[[-95.2456648880096,38.6083536881135],[-95.2461011988447,38.6084266592687]],[[-95.2457065644489,38.6083610096609],[-95.2456648880096,38.6083536881135]],[[-95.2457065644489,38.6083610096609],[-95.2455876463699,38.6083407697572]],[[-95.2393188690423,38.6083667967013],[-95.2344008066608,38.608328643923]],[[-95.2393188690423,38.6083667967013],[-95.2401968868926,38.6083729192828]],[[-95.2401968868926,38.6083729192828],[-95.2401272854244,38.6083730681004]],[[-95.2401968868926,38.6083729192828],[-95.2414407696934,38.6083815928221]],[[-95.2401272854244,38.6083730681004],[-95.2393188690423,38.6083667967013]],[[-95.2401272854244,38.6083730681004],[-95.2400757472799,38.6083731790117]],[[-95.2400757472799,38.6083731790117],[-95.2364072082209,38.608347079767]],[[-95.2400757472799,38.6083731790117],[-95.2396648147498,38.6083740592819]],[[-95.2396648147498,38.6083740592819],[-95.2364072082209,38.608347079767]],[[-95.2396648147498,38.6083740592819],[-95.2395514707171,38.6083743021635],[-95.2349085614088,38.6083401351761],[-95.2345301739432,38.6083337261879]],[[-95.2492367899035,38.6083745190722],[-95.2492028290942,38.6084661871519]],[[-95.2492367899035,38.6083745190722],[-95.2492025506165,38.6084616250555],[-95.2463619761785,38.6084702733132]],[[-95.2492403077062,38.6083751368056],[-95.2492934682081,38.6082360960976],[-95.2492898462008,38.6082313072497]],[[-95.2492403077062,38.6083751368056],[-95.2492065597976,38.6084678627519],[-95.2492038262242,38.6084678620499]],[[-95.2408681754465,38.6083788158295],[-95.2401272854244,38.6083730681004]],[[-95.2408681754465,38.6083788158295],[-95.2400757472799,38.6083731790117]],[[-95.2411378757459,38.6083809076996],[-95.2408681754465,38.6083788158295]],[[-95.2411378757459,38.6083809076996],[-95.2402493278439,38.6083789000659],[-95.2396648147498,38.6083740592819]],[[-95.2411735792869,38.608380989128],[-95.2408681754465,38.6083788158295]],[[-95.2411735792869,38.608380989128],[-95.2411378757459,38.6083809076996]],[[-95.2414407696934,38.6083815928221],[-95.2411735792869,38.608380989128]],[[-95.2414407696934,38.6083815928221],[-95.2415694192219,38.6083824899395],[-95.2430720572488,38.6083852802693]],[[-95.2413463378925,38.6083822182772],[-95.2411735792869,38.608380989128]],[[-95.2413463378925,38.6083822182772],[-95.24127396063,38.6083819641641],[-95.2411378757459,38.6083809076996]],[[-95.2430720572488,38.6083852802693],[-95.2414407696934,38.6083815928221]],[[-95.2430720572488,38.6083852802693],[-95.2439558270118,38.6083869207726]],[[-95.2424979439507,38.6083862588152],[-95.2413463378925,38.6083822182772]],[[-95.2424979439507,38.6083862588152],[-95.2418746146532,38.6083859759213],[-95.2413463378925,38.6083822182772]],[[-95.2437583710242,38.6083868309205],[-95.2430720572488,38.6083852802693]],[[-95.2437583710242,38.6083868309205],[-95.2424979439507,38.6083862588152]],[[-95.2439558270118,38.6083869207726],[-95.2437583710242,38.6083868309205]],[[-95.2439558270118,38.6083869207726],[-95.2443772329998,38.6083877027669]],[[-95.2443772329998,38.6083877027669],[-95.2443970237839,38.6083877399713],[-95.2446644657187,38.6083401260505]],[[-95.2443772329998,38.6083877027669],[-95.2443742137622,38.6083882229265],[-95.2437583710242,38.6083868309205]],[[-95.2461011988447,38.6084266592687],[-95.2453854859051,38.6083046007339]],[[-95.2461011988447,38.6084266592687],[-95.2463619761785,38.6084702733132]],[[-95.24920444696,38.6084661850461],[-95.2492054979889,38.6084661829402],[-95.2492403077062,38.6083751368056]],[[-95.24920444696,38.6084661850461],[-95.2492038262242,38.6084678620499]],[[-95.2492028290942,38.6084661871519],[-95.24920444696,38.6084661850461]],[[-95.2492028290942,38.6084661871519],[-95.249202258664,38.6084677272719],[-95.2491179068588,38.6084678157199]],[[-95.2484140965967,38.6084674352528],[-95.2492028290942,38.6084661871519]],[[-95.2484140965967,38.6084674352528],[-95.2475644610178,38.6084669761651],[-95.2463627020172,38.6084703940519]],[[-95.2491179068588,38.6084678157199],[-95.2484140965967,38.6084674352528]],[[-95.2491179068588,38.6084678157199],[-95.2475475134016,38.608469463943],[-95.2463334717362,38.6084711500724],[-95.2457065644489,38.6083610096609]],[[-95.2492038262242,38.6084678620499],[-95.2491179068588,38.6084678157199]],[[-95.2492038262242,38.6084678620499],[-95.2492035746959,38.6084685401519],[-95.2463605694167,38.6084796628489],[-95.2451143869287,38.6082616190645]],[[-95.2463619761785,38.6084702733132],[-95.2463570255629,38.6084702880545],[-95.2461011988447,38.6084266592687]],[[-95.2463619761785,38.6084702733132],[-95.2463627020172,38.6084703940519]],[[-95.2463627020172,38.6084703940519],[-95.2463494626465,38.6084704319582],[-95.2457065644489,38.6083610096609]],[[-95.2463627020172,38.6084703940519],[-95.2463643980365,38.6084706783493],[-95.2484140965967,38.6084674352528]],[[-95.2303809679352,38.6190346409162],[-95.2303928140189,38.6192097659854],[-95.2303928140189,38.6195216307863]],[[-95.2303809679352,38.6190346409162],[-95.2303928140189,38.6195216307863]],[[-95.2303928140189,38.6195216307863],[-95.2303955350159,38.6196334918685],[-95.2303816219087,38.619698171018]],[[-95.2303928140189,38.6195216307863],[-95.2303928140189,38.6196457147541],[-95.2303816219087,38.619698171018]],[[-95.2303816219087,38.619698171018],[-95.2302469006673,38.6203296189079],[-95.2302441670939,38.6203371940057]],[[-95.2303816219087,38.619698171018],[-95.2302441670939,38.6203371940057]],[[-95.2302441670939,38.6203371940057],[-95.230243298423,38.6203412317648],[-95.2299823108835,38.6210987992242],[-95.2297489097081,38.6218716489214],[-95.2296743261833,38.6226670807981]],[[-95.2302441670939,38.6203371940057],[-95.2301524877309,38.620591163909],[-95.2300666572988,38.6208258868389],[-95.229852319272,38.6214427952687],[-95.2297493220348,38.6218584782321],[-95.2296743261833,38.6226670807981]],[[-95.2296743261833,38.6226670807981],[-95.2296644267489,38.6227738030957]],[[-95.2296743261833,38.6226670807981],[-95.2296644222573,38.6227727019261],[-95.2296644267489,38.6227738030957]],[[-95.2296644267489,38.6227738030957],[-95.2296634907043,38.6227838989047],[-95.2296634907043,38.6231459378162],[-95.2292387717296,38.6231431220929]],[[-95.2296644267489,38.6227738030957],[-95.2296662718884,38.6231505782851],[-95.2294183350734,38.6231469540593],[-95.2292387717296,38.6231431220929]],[[-95.2212257068688,38.6230729388215],[-95.2211612060347,38.6230955741114]],[[-95.2212257068688,38.6230729388215],[-95.2212222977622,38.6230729311014],[-95.2211612060347,38.6230955741114]],[[-95.2218230928209,38.6230744098489],[-95.2212267228633,38.6230725829957],[-95.2212257068688,38.6230729388215]],[[-95.2218230928209,38.6230744098489],[-95.2212257068688,38.6230729388215]],[[-95.2235222579774,38.6230808287494],[-95.2231688436767,38.6230777238713],[-95.2218230928209,38.6230744098489]],[[-95.2235222579774,38.6230808287494],[-95.2222265100453,38.6230756457645],[-95.2218230928209,38.6230744098489]],[[-95.2237457291757,38.6230827931602],[-95.2236466414066,38.6230813270458],[-95.2235222579774,38.6230808287494]],[[-95.2237457291757,38.6230827931602],[-95.2235222579774,38.6230808287494]],[[-95.2211612060347,38.6230955741114],[-95.2210408021422,38.6231378261187],[-95.2208550008971,38.6231396129661]],[[-95.2211612060347,38.6230955741114],[-95.2210387773396,38.6231409499434],[-95.2208398669795,38.6231407878218],[-95.2200460042033,38.6230170341447],[-95.2172323343081,38.6229541532623],[-95.2126512847869,38.6228779467187],[-95.2115665870476,38.6228601918731],[-95.2080932168656,38.6228975529816],[-95.2051477973558,38.6229360840169],[-95.2015428644089,38.6229689983097],[-95.197456415605,38.6230206780283],[-95.196375123379,38.6231033166533],[-95.1933067550495,38.622979261126],[-95.1928772992583,38.6230262357925],[-95.1919669213965,38.6230366207184],[-95.1917497500833,38.6230836051729],[-95.1910625981798,38.6230860061193],[-95.189560088612,38.6231926786658],[-95.1855571669598,38.6232287636841],[-95.1817798697677,38.6232266652288],[-95.179000845198,38.6233043578646],[-95.1771725193716,38.6233440277407],[-95.1759967612086,38.6233883920887],[-95.1743676511695,38.6234023976662],[-95.1737973655929,38.6234389422726],[-95.1729717527613,38.6233539487154],[-95.1708896160362,38.6233160741097],[-95.1699187303519,38.6234310271185],[-95.1683267611582,38.6232781840439],[-95.1676398437149,38.6232172228809],[-95.1667309076492,38.6231562658769],[-95.1649657450654,38.623072985142],[-95.1619651779803,38.6230522131937],[-95.1599996425791,38.6230488570605],[-95.1594239841787,38.6231222062907],[-95.1589369607508,38.6230156550555],[-95.156123104006,38.6229636223143],[-95.1558397403311,38.6302274569405],[-95.1557472974001,38.6334833449592],[-95.15572358008,38.635135183166],[-95.1556894476925,38.6416571708631],[-95.1556445463013,38.6447612747891],[-95.1559871296147,38.644812919856],[-95.1559696088734,38.648077971027],[-95.1559514117007,38.6582962041237],[-95.1559068202283,38.6674745191409],[-95.1559260064461,38.6678661700588],[-95.1559558592596,38.6683652230303],[-95.1560678162935,38.6690249292132],[-95.157365818997,38.6688939183491],[-95.158027528815,38.6703671947927],[-95.1580592716839,38.6705417301544],[-95.1580466764053,38.6727765877941],[-95.1579724998174,38.672964077299],[-95.1577894276541,38.6732001330908],[-95.1575009516669,38.6733792019789],[-95.157093473159,38.6734921558497],[-95.1564918777015,38.6735036520885],[-95.1559316837987,38.6735069273099],[-95.1558536489466,38.6739653060464],[-95.1558578395874,38.6780132523015],[-95.155871380792,38.6812222022251],[-95.1558710753648,38.6845212748206],[-95.1558716404051,38.6883434067099],[-95.1558415261819,38.6908329278908],[-95.155814792319,38.694869845654],[-95.1555843259396,38.6950611951453],[-95.1523252318006,38.6950540023449]],[[-95.2252063116743,38.6230956267483],[-95.2237457291757,38.6230827931602]],[[-95.2252063116743,38.6230956267483],[-95.2241059536046,38.6230881207208],[-95.2237457291757,38.6230827931602]],[[-95.2257700009218,38.6231006069041],[-95.2255444932428,38.6230979336497],[-95.2252063116743,38.6230956267483]],[[-95.2257700009218,38.6231006069041],[-95.2255312143462,38.6230984817757],[-95.2252063116743,38.6230956267483]],[[-95.2270149877521,38.6231116859248],[-95.2257700009218,38.6231006069041]],[[-95.2270149877521,38.6231116859248],[-95.226183580787,38.623105509157],[-95.2257700009218,38.6231006069041]],[[-95.2281458310492,38.6231217487004],[-95.2280114718288,38.6231190887815],[-95.2270149877521,38.6231116859248]],[[-95.2281458310492,38.6231217487004],[-95.2270149877521,38.6231116859248]],[[-95.2292387717296,38.6231431220929],[-95.2283027236102,38.6231231453333],[-95.2281458310492,38.6231217487004]],[[-95.2292387717296,38.6231431220929],[-95.229218740197,38.6231429887461],[-95.2281458310492,38.6231217487004]],[[-95.1055300267302,38.6943855370952],[-95.1051514191773,38.6941102661583],[-95.1041997664232,38.6946644051458]],[[-95.1055300267302,38.6943855370952],[-95.1051501040438,38.6941016913343],[-95.1041997664232,38.6946644051458]],[[-95.1058577716718,38.6946303991795],[-95.1058584921206,38.694624349871],[-95.1055300267302,38.6943855370952]],[[-95.1058577716718,38.6946303991795],[-95.1055300267302,38.6943855370952]],[[-95.1041997664232,38.6946644051458],[-95.1040069232845,38.6947766958137],[-95.1038804548656,38.6948436131377],[-95.1034871302134,38.6948485343207]],[[-95.1041997664232,38.6946644051458],[-95.1038883923794,38.6948487762081],[-95.1034871302134,38.6948485343207]],[[-95.1034871302134,38.6948485343207],[-95.1029124500784,38.6948557243373],[-95.1028391089236,38.6950056971919]],[[-95.1034871302134,38.6948485343207],[-95.1029001467522,38.6948481802535],[-95.1028391089236,38.6950056971919]],[[-95.073998360757,38.694956275119],[-95.066805587108,38.6949727451741]],[[-95.073998360757,38.694956275119],[-95.0721584466635,38.6949558979153],[-95.066805587108,38.6949727451741]],[[-95.0820277974139,38.6949622977567],[-95.0777926334131,38.6949475868145],[-95.073998360757,38.694956275119]],[[-95.0820277974139,38.6949622977567],[-95.075181538106,38.6949535912239],[-95.0743047239982,38.6949563382199],[-95.073998360757,38.694956275119]],[[-95.066805587108,38.6949727451741],[-95.0660752055781,38.6949750441525],[-95.0657358391317,38.6949751948937]],[[-95.066805587108,38.6949727451741],[-95.0657358391317,38.6949751948937]],[[-95.0657358391317,38.6949751948937],[-95.0473268032531,38.6949833629624],[-95.0473267978632,38.6949854600175]],[[-95.0657358391317,38.6949751948937],[-95.0602388377024,38.6949877821326],[-95.0546820417129,38.6949842400657],[-95.0473267978632,38.6949854600175]],[[-95.0473267978632,38.6949854600175],[-95.047321950554,38.6971518070804]],[[-95.0473267978632,38.6949854600175],[-95.0473260567531,38.6949854600175],[-95.0473213136484,38.6953792818066],[-95.047321950554,38.6971518070804]],[[-95.0934600829097,38.6949856282867],[-95.090573192234,38.6949789522054],[-95.0865395068767,38.6949695347371],[-95.0850930207416,38.6949661966958],[-95.0820277974139,38.6949622977567]],[[-95.1028391089236,38.6950056971919],[-95.1028278718977,38.6950286757449],[-95.0994479768109,38.6950215600645]],[[-95.1028391089236,38.6950056971919],[-95.102829932633,38.6950293782684],[-95.0994479768109,38.6950215600645]],[[-95.098371537284,38.6950190710837],[-95.0820277974139,38.6949622977567]],[[-95.098371537284,38.6950190710837],[-95.093548178893,38.6950079197471]],[[-95.0994479768109,38.6950215600645],[-95.098371537284,38.6950190710837]],[[-95.0994479768109,38.6950215600645],[-95.0985339392127,38.6950196347852],[-95.098371537284,38.6950190710837]],[[-95.1393654447075,38.6950385363141],[-95.1389008755684,38.6950378422041],[-95.1197819918506,38.6950413008349]],[[-95.1393654447075,38.6950385363141],[-95.1308084202977,38.6950506152291],[-95.1197819918506,38.6950413008349]],[[-95.1197819918506,38.6950413008349],[-95.1102087500723,38.6950332141029],[-95.1064354207388,38.6950215867072],[-95.1057772107571,38.6950563272623]],[[-95.1197819918506,38.6950413008349],[-95.1158392429494,38.6950420138751],[-95.1132032867669,38.6950393909808],[-95.1102135183298,38.6950337890223],[-95.1064226628651,38.6950315236995],[-95.1057720175964,38.695074796891],[-95.1057772107571,38.6950563272623]],[[-95.1523252318006,38.6950540023449],[-95.1429954451424,38.6950334118191],[-95.1393654447075,38.6950385363141]],[[-95.1523252318006,38.6950540023449],[-95.1492739916487,38.6950533390844],[-95.1393654447075,38.6950385363141]],[[-95.1555848316911,38.6950547111783],[-95.1523252318006,38.6950540023449]],[[-95.1057772107571,38.6950563272623],[-95.1058551072686,38.6947792766502],[-95.1058623791308,38.694633841003],[-95.1058577716718,38.6946303991795]],[[-95.1057772107571,38.6950563272623],[-95.1057535886584,38.6950575738554],[-95.1058493769154,38.6947009021913],[-95.1058577716718,38.6946303991795]],[[-95.047321950554,38.6971518070804],[-95.0473225811713,38.6989073320301],[-95.0473110189553,38.702037193733]],[[-95.047321950554,38.6971518070804],[-95.0473110189553,38.702037193733]],[[-95.0473110189553,38.702037193733],[-95.0473092223247,38.702840254783],[-95.0473001178993,38.7051081097046],[-95.0472821363222,38.7111721099509],[-95.0472772180461,38.7122531767309],[-95.0469090066959,38.7123941058819],[-95.046906798637,38.7128654210093]],[[-95.0473110189553,38.702037193733],[-95.0472895474233,38.7078497210341],[-95.0472768236857,38.7122429112818],[-95.0469051044143,38.7123918046596],[-95.046906798637,38.7128654210093]],[[-95.046906798637,38.7128654210093],[-95.0469049319378,38.7132639240641]],[[-95.046906798637,38.7128654210093],[-95.0469094190227,38.7135975396814],[-95.0468951232332,38.7146611138527],[-95.0468928639703,38.7146611818428]],[[-95.0468928639703,38.7146611818428],[-95.0469066423301,38.7132669318083]],[[-95.0468928639703,38.7146611818428],[-95.0465206649986,38.7146724177309]],[[-95.0465206649986,38.7146724177309],[-95.046892811868,38.714666407267],[-95.0468928639703,38.7146611818428]],[[-95.0465206649986,38.7146724177309],[-95.0459410306548,38.7146899171149]],[[-95.0459846950658,38.7146810763027],[-95.0465206649986,38.7146724177309]]]},"properties":{"id":"arcgis-31-0-54fba1d7104dd44b","sourceId":"arcgis-31-0","source":"Middle Mile Dashboard Layers - For Public Dashboard \u2014 Existing_IRU_Awarded2","sourceUrl":"https://utility.arcgis.com/usrsvcs/servers/53d104cecb964033a75c5cd05cab3657/rest/services/MM_Dashboard_Layers_ForPublic/FeatureServer/0","name":"Middle Mile Dashboard Layers - For Public Dashboard \u2014 Existing_IRU_Awarded2","carrier":"Commerce, Kansas Department of","routeStatus":"Existing In-Kind","category":"existing","evidence":"approximate_project_route","dataDate":null,"metadataModified":"2026-08-27T17:32:01+00:00","retrievedAt":"2026-09-18T02:39:05.977734+00:00","networkType":"Middle mile","serviceability":"Unconfirmed","routeDiversity":"Unconfirmed","states":["KS"]},"bbox":[-96.2360219954162,38.3587740663162,-95.0459410306548,38.7146899171149]}]}