{"type":"FeatureCollection","features":[{"type":"Feature","geometry":{"type":"MultiLineString","coordinates":[[[-92.59712800000001,30.529899],[-92.597283,30.529737],[-92.595622,30.528956],[-92.597947,30.527941],[-92.600614,30.527824],[-92.603352,30.527707],[-92.606385,30.52759],[-92.609329,30.527249],[-92.61137,30.52713200000001],[-92.61134,30.526773],[-92.613238,30.526521],[-92.61324199999999,30.52706],[-92.615199,30.526961],[-92.617036,30.526881],[-92.62052,30.526737],[-92.62367,30.526926],[-92.627128,30.526961],[-92.635267,30.526369],[-92.638344,30.526135],[-92.639266,30.526135],[-92.64716700000001,30.526153],[-92.65524599999999,30.526162],[-92.665294,30.526216],[-92.667191,30.526126],[-92.67329399999998,30.525884],[-92.67738499999999,30.525695],[-92.682925,30.525704],[-92.687059,30.525713],[-92.68819399999998,30.525695],[-92.694029,30.524967],[-92.69694,30.524608],[-92.698708,30.524365],[-92.700723,30.524734],[-92.704217,30.525363],[-92.706875,30.525821],[-92.713767,30.525174],[-92.717111,30.52471600000001],[-92.724752,30.523413],[-92.725422,30.523296],[-92.73414400000001,30.523126],[-92.73509099999998,30.523099],[-92.743257,30.523692],[-92.746477,30.523916],[-92.759149,30.522344],[-92.769219,30.521096],[-92.770866,30.520889],[-92.77293100000001,30.520628],[-92.77689699999999,30.519928],[-92.784521,30.518535],[-92.79056099999998,30.517448],[-92.79782899999998,30.516379],[-92.802623,30.515661],[-92.80706700000002,30.515499],[-92.812137,30.515337],[-92.81485400000001,30.515203],[-92.818793,30.515005],[-92.82234,30.514529],[-92.83119699999999,30.513388],[-92.84026600000001,30.512256],[-92.84951199999999,30.511124],[-92.852026,30.510558],[-92.859948,30.509579],[-92.863587,30.509139],[-92.868309,30.509202],[-92.868798,30.509148],[-92.870457,30.508627],[-92.88073600000001,30.506354],[-92.886826,30.50507899999999],[-92.888376,30.504755],[-92.890383,30.504315],[-92.891055,30.50418],[-92.898091,30.505214],[-92.903398,30.505995],[-92.905968,30.50639],[-92.909311,30.506893],[-92.911261,30.507199],[-92.91920299999998,30.507226],[-92.922193,30.507235],[-92.923801,30.507235],[-92.925031,30.506911],[-92.92537500000002,30.506732],[-92.925707,30.506408],[-92.927805,30.504306],[-92.928289,30.503848],[-92.93455899999998,30.501908],[-92.943541,30.499114],[-92.94965599999999,30.497192],[-92.953756,30.495647],[-92.955828,30.495135],[-92.958541,30.494434],[-92.961044,30.493688],[-92.964734,30.492565],[-92.9737,30.489808],[-92.979667,30.487957],[-92.985379,30.486825],[-92.98940899999998,30.486035],[-92.99452199999999,30.48500200000001],[-92.999118,30.484085],[-93.00267000000001,30.483385],[-93.00602,30.482837],[-93.009288,30.482289],[-93.01598,30.481166],[-93.01723299999999,30.480851],[-93.020788,30.479621],[-93.02330299999998,30.479028],[-93.027417,30.478076],[-93.032134,30.476962],[-93.03877499999999,30.475408],[-93.046353,30.473647],[-93.048784,30.473063],[-93.05135700000001,30.472479],[-93.05295,30.472362],[-93.05721800000002,30.47203],[-93.061386,30.47035],[-93.06256799999998,30.469865],[-93.065672,30.469138],[-93.06943600000001,30.468275],[-93.076388,30.466658],[-93.082557,30.465248],[-93.08764400000001,30.464062],[-93.09010999999998,30.463334],[-93.093067,30.462508],[-93.097791,30.461125],[-93.102696,30.459696],[-93.110307,30.458106],[-93.115013,30.457127],[-93.119504,30.45617500000001],[-93.127007,30.454612],[-93.13163,30.453642],[-93.13975800000001,30.451926],[-93.147849,30.450237],[-93.15111399999999,30.449563],[-93.15361100000001,30.449042],[-93.157379,30.44827],[-93.165323,30.446644],[-93.173846,30.444874],[-93.177963,30.444012],[-93.180012,30.443796],[-93.19001799999998,30.442745],[-93.196165,30.442098],[-93.207787,30.439961],[-93.21764399999999,30.437706],[-93.228306,30.435271],[-93.22840800000002,30.435011],[-93.228455,30.433385],[-93.22863500000001,30.433187],[-93.230711,30.433241],[-93.230737,30.433547],[-93.230807,30.433547],[-93.230777,30.433313],[-93.230814,30.433295]]]},"properties":{"id":"fna-member-routes-20260918-7cf56e504720d213e622","sourceId":"fna-member-routes-20260918","source":"Fiber Network Alliance member fiber lines","sourceUrl":"https://www.fibernetworkalliance.com/membership-map-line/","name":"Planters published routes","carrier":"Planters","category":"unknown","routeStatus":"Status not established","evidence":"publisher_route","dataDate":null,"metadataModified":null,"retrievedAt":"2026-09-18T19:56:04.130240+00:00","networkType":"Published fiber route; precision and network class unverified","serviceability":"Unconfirmed","routeDiversity":"Unconfirmed","states":["LA"],"publishedLineParts":1},"bbox":[-93.230814,30.433187,-92.595622,30.529899]},{"type":"Feature","geometry":{"type":"MultiLineString","coordinates":[[[-91.95704,30.663612],[-91.956998,30.663549],[-91.956893,30.663405],[-91.957113,30.663315],[-91.95828199999998,30.663181],[-91.959475,30.663046],[-91.961154,30.662884],[-91.963296,30.66283],[-91.96494200000001,30.662776],[-91.969122,30.663055],[-91.974289,30.663378],[-91.97956500000001,30.662732],[-91.983563,30.662246],[-91.985866,30.661977],[-91.989533,30.661501],[-91.98973500000001,30.661483],[-91.98995800000002,30.661501],[-91.99032000000001,30.661411],[-91.990483,30.661438],[-91.990781,30.661411],[-91.99093600000002,30.661393],[-91.99146199999998,30.661321],[-91.997035,30.660656],[-92.007557,30.659426],[-92.01488399999998,30.658554],[-92.02330800000001,30.657557],[-92.03365,30.656372],[-92.038719,30.655806],[-92.044788,30.655132],[-92.051861,30.654332],[-92.056452,30.65382],[-92.061223,30.653281],[-92.06382199999999,30.652994],[-92.067233,30.652617],[-92.07111100000002,30.65161000000001],[-92.073515,30.650982],[-92.077405,30.649967],[-92.078268,30.649688],[-92.08005499999999,30.649095],[-92.08125900000002,30.648691],[-92.082908,30.64861000000001],[-92.084438,30.648529],[-92.088103,30.648359],[-92.09298900000002,30.647568],[-92.098881,30.646625],[-92.099769,30.645915],[-92.100053,30.645763],[-92.101811,30.645655],[-92.106827,30.645277],[-92.11043999999998,30.644747],[-92.118215,30.643607],[-92.12562,30.642502],[-92.135203,30.641073],[-92.140515,30.640283],[-92.145108,30.639609],[-92.151259,30.638675],[-92.154722,30.637813],[-92.158647,30.636806],[-92.164225,30.636079],[-92.167261,30.635657],[-92.17558600000001,30.63457],[-92.18069899999999,30.633896],[-92.191127,30.632521],[-92.192582,30.632225],[-92.197773,30.63117400000001],[-92.204419,30.629836],[-92.20951400000001,30.628811],[-92.213275,30.628057],[-92.21812800000001,30.62709600000001],[-92.224624,30.62556],[-92.22663400000002,30.625542],[-92.23159099999998,30.624895],[-92.23588299999999,30.624284],[-92.242111,30.623404],[-92.246141,30.622541],[-92.258954,30.619775],[-92.26107200000001,30.619307],[-92.26247799999999,30.61902],[-92.264212,30.618634],[-92.265438,30.618382],[-92.266533,30.61814],[-92.27119200000001,30.617098],[-92.27593100000001,30.616082],[-92.280144,30.615139],[-92.282061,30.614816],[-92.285577,30.614169],[-92.29142899999998,30.613118],[-92.29517099999998,30.612444],[-92.308194,30.610118],[-92.315509,30.608806],[-92.316468,30.608644],[-92.317914,30.608016],[-92.319825,30.607198],[-92.322236,30.606192],[-92.3247,30.605114],[-92.327053,30.60409],[-92.329646,30.6033],[-92.343701,30.598916],[-92.353947,30.595727],[-92.35897799999998,30.594173],[-92.36292,30.592933],[-92.36325400000001,30.59260099999999],[-92.36395200000001,30.592592],[-92.370727,30.590508],[-92.384686,30.586115],[-92.39793,30.582073],[-92.402329,30.580725],[-92.406972,30.579854],[-92.413317,30.578686],[-92.41755099999999,30.577895],[-92.418936,30.577725],[-92.423161,30.577186],[-92.425896,30.57697],[-92.427336,30.576835],[-92.427905,30.576818],[-92.427909,30.578066],[-92.42796900000002,30.578192],[-92.428016,30.578201],[-92.428143,30.578228],[-92.429459,30.578174],[-92.430667,30.578282],[-92.43142900000001,30.57821],[-92.43150400000002,30.578156],[-92.431603,30.577383],[-92.431392,30.576503],[-92.432176,30.576449],[-92.43273699999999,30.576225],[-92.43458000000001,30.575506],[-92.437097,30.574491],[-92.440697,30.573081],[-92.446641,30.571464],[-92.458284,30.568329],[-92.463528,30.566891],[-92.46856799999999,30.565499],[-92.473569,30.564574],[-92.486885,30.562067],[-92.491696,30.561151],[-92.496938,30.560316],[-92.500589,30.559714],[-92.50433000000001,30.558887],[-92.511715,30.557261],[-92.517754,30.555914],[-92.526091,30.554054],[-92.539613,30.551027],[-92.54659,30.549473],[-92.54951700000001,30.548332],[-92.552713,30.547084],[-92.55532199999999,30.546077],[-92.557751,30.545107],[-92.559007,30.544622],[-92.559532,30.544407],[-92.560106,30.544173],[-92.55997300000001,30.543913],[-92.560468,30.543634],[-92.56072799999998,30.543931],[-92.565094,30.542233],[-92.56844799999999,30.540777],[-92.579355,30.536025],[-92.579979,30.535756],[-92.581668,30.535028],[-92.58277,30.534543],[-92.58443600000001,30.533807],[-92.58569700000001,30.53325],[-92.59013799999998,30.531345],[-92.595585,30.52897400000001],[-92.59720000000002,30.529746],[-92.59712800000001,30.529899]]]},"properties":{"id":"fna-member-routes-20260918-1517579c38565d40ee5d","sourceId":"fna-member-routes-20260918","source":"Fiber Network Alliance member fiber lines","sourceUrl":"https://www.fibernetworkalliance.com/membership-map-line/","name":"Planters published routes","carrier":"Planters","category":"unknown","routeStatus":"Status not established","evidence":"publisher_route","dataDate":null,"metadataModified":null,"retrievedAt":"2026-09-18T19:56:04.130240+00:00","networkType":"Published fiber route; precision and network class unverified","serviceability":"Unconfirmed","routeDiversity":"Unconfirmed","states":["LA"],"publishedLineParts":1},"bbox":[-92.59720000000002,30.52897400000001,-91.956893,30.663612]},{"type":"Feature","geometry":{"type":"MultiLineString","coordinates":[[[-91.267841,30.74541200000001],[-91.267846,30.745484],[-91.268151,30.745501],[-91.268252,30.744091],[-91.268192,30.74397400000001],[-91.268429,30.743965],[-91.26863,30.743956],[-91.268941,30.743911],[-91.269063,30.743876],[-91.269247,30.743795],[-91.271813,30.74251],[-91.278063,30.739456],[-91.284814,30.736105],[-91.287064,30.735881],[-91.288027,30.735557],[-91.29142800000001,30.734407],[-91.295317,30.733096],[-91.310739,30.727984],[-91.320496,30.724742],[-91.323213,30.723834],[-91.337585,30.719082],[-91.34203299999999,30.717582],[-91.34266199999999,30.718768],[-91.353787,30.715642],[-91.35566500000002,30.715112],[-91.355727,30.715453],[-91.359207,30.714573],[-91.358569,30.712866],[-91.359526,30.712605],[-91.36559699999998,30.710899],[-91.36941399999999,30.70983],[-91.373063,30.708788],[-91.376092,30.707934],[-91.377875,30.707422],[-91.379379,30.70735],[-91.38284200000001,30.70727],[-91.384725,30.70718],[-91.386045,30.707189],[-91.388733,30.707566],[-91.392158,30.707629],[-91.395891,30.707683],[-91.400766,30.707755],[-91.408033,30.707844],[-91.415749,30.707934],[-91.423028,30.708024],[-91.424954,30.708365],[-91.428772,30.709012],[-91.430742,30.709506],[-91.432431,30.709982],[-91.43337,30.709902],[-91.43438700000002,30.71],[-91.435383,30.710063],[-91.439734,30.710207],[-91.4456,30.710405],[-91.45083499999998,30.710548],[-91.45955100000002,30.710809],[-91.466831,30.711033],[-91.472091,30.711177],[-91.47420900000002,30.71123100000001],[-91.480293,30.711384],[-91.48431600000002,30.71151],[-91.48914000000002,30.711887],[-91.505963,30.712525],[-91.521403,30.713064],[-91.52909400000001,30.713342],[-91.529942,30.713351],[-91.530272,30.713234],[-91.530902,30.712291],[-91.53103800000001,30.711977],[-91.531345,30.711977],[-91.53185,30.71212],[-91.53280199999999,30.712417],[-91.533524,30.712516],[-91.53464499999998,30.71265],[-91.53613,30.712534],[-91.53855700000001,30.712327],[-91.542729,30.71301],[-91.543819,30.713091],[-91.55018900000002,30.713998],[-91.55083000000002,30.714088],[-91.551458,30.714061],[-91.551858,30.713944],[-91.553678,30.71239],[-91.554267,30.712022],[-91.555108,30.711851],[-91.555908,30.71150099999999],[-91.556651,30.711123],[-91.558197,30.711114],[-91.56686299999998,30.711069],[-91.572223,30.711033],[-91.58170599999998,30.710962],[-91.58593500000002,30.710917],[-91.59734400000002,30.710818],[-91.602295,30.710746],[-91.606881,30.710548],[-91.61407499999999,30.710225],[-91.62268,30.709821],[-91.625215,30.709722],[-91.62604000000002,30.709731],[-91.63415699999999,30.710153],[-91.641842,30.71053],[-91.64713,30.710791],[-91.65437100000001,30.710737],[-91.65720199999998,30.71062],[-91.66305700000001,30.710108],[-91.666448,30.709812],[-91.672133,30.709345],[-91.677701,30.708869],[-91.68327,30.708374],[-91.687472,30.708258],[-91.701239,30.70797],[-91.70290700000001,30.707934],[-91.70597999999998,30.708545],[-91.709899,30.708949],[-91.712271,30.709219],[-91.71785100000001,30.709794],[-91.727383,30.7108],[-91.727885,30.710863],[-91.728759,30.710863],[-91.729123,30.711141],[-91.729579,30.711321],[-91.73069699999999,30.710971],[-91.732986,30.710198],[-91.740645,30.70762],[-91.74079199999998,30.707827],[-91.741205,30.708617],[-91.743007,30.711033],[-91.744315,30.710665],[-91.745193,30.7093],[-91.745049,30.708276],[-91.745222,30.707925],[-91.745239,30.70656],[-91.747585,30.706596],[-91.755479,30.706659],[-91.764548,30.704539],[-91.779951,30.700919],[-91.789427,30.698727],[-91.79216400000001,30.698098],[-91.797002,30.697334],[-91.797335,30.69718200000001],[-91.79828399999998,30.696202],[-91.798628,30.695915],[-91.80431,30.694038],[-91.81093200000001,30.692735],[-91.82615800000002,30.689744],[-91.841865,30.686662],[-91.857031,30.68368],[-91.872183,30.680707],[-91.877254,30.679718],[-91.881734,30.678856],[-91.885928,30.67803],[-91.88826999999999,30.677581],[-91.89230800000001,30.676781],[-91.89526400000001,30.676206],[-91.90126,30.67502],[-91.904661,30.674356],[-91.90661900000002,30.673978],[-91.90932400000001,30.67343],[-91.913587,30.672613],[-91.917132,30.671921],[-91.92067699999998,30.671221],[-91.923451,30.670017],[-91.924338,30.669864],[-91.92637,30.669586],[-91.929025,30.669208],[-91.937197,30.667987],[-91.94521899999998,30.66672],[-91.948032,30.666289],[-91.950425,30.665929],[-91.956881,30.663405],[-91.956997,30.66355799999999],[-91.95704,30.663612]]]},"properties":{"id":"fna-member-routes-20260918-be051cc2ef46c91299cb","sourceId":"fna-member-routes-20260918","source":"Fiber Network Alliance member fiber lines","sourceUrl":"https://www.fibernetworkalliance.com/membership-map-line/","name":"Planters published routes","carrier":"Planters","category":"unknown","routeStatus":"Status not established","evidence":"publisher_route","dataDate":null,"metadataModified":null,"retrievedAt":"2026-09-18T19:56:04.130240+00:00","networkType":"Published fiber route; precision and network class unverified","serviceability":"Unconfirmed","routeDiversity":"Unconfirmed","states":["LA"],"publishedLineParts":1},"bbox":[-91.95704,30.663405,-91.267841,30.745501]},{"type":"Feature","geometry":{"type":"MultiLineString","coordinates":[[[-90.703445,30.99197],[-90.703439,30.992024],[-90.703434,30.992078],[-90.70507999999998,30.992158],[-90.70776199999999,30.993479],[-90.711143,30.991557],[-90.715562,30.989068],[-90.719968,30.98658],[-90.722392,30.985143],[-90.724865,30.983678],[-90.733173,30.978657],[-90.733211,30.978639],[-90.73504200000002,30.977929],[-90.735078,30.97792],[-90.73647999999999,30.977723],[-90.73655199999999,30.977714],[-90.742459,30.975459],[-90.751076,30.970896],[-90.76137900000002,30.965407],[-90.76440100000002,30.96388],[-90.767005,30.962514],[-90.767055,30.962496],[-90.772669,30.960322],[-90.77509000000002,30.959137],[-90.778656,30.957367],[-90.781985,30.955723],[-90.78661900000002,30.953423],[-90.788542,30.952256],[-90.79266699999998,30.950208],[-90.79559799999998,30.948761],[-90.803948,30.944593],[-90.806593,30.943174],[-90.810411,30.94111699999999],[-90.82084000000002,30.935511],[-90.823411,30.934119],[-90.828596,30.93137],[-90.83187800000002,30.929591],[-90.83619300000001,30.927283],[-90.838464,30.92616900000001],[-90.84265,30.924085],[-90.84478799999998,30.923007],[-90.844837,30.922989],[-90.846655,30.922522],[-90.84671499999999,30.922504],[-90.850026,30.921632],[-90.85040400000001,30.92139],[-90.852871,30.919728],[-90.85290700000002,30.919719],[-90.85528499999998,30.918964],[-90.857534,30.917833],[-90.858418,30.917374],[-90.86068,30.916234],[-90.863307,30.914859],[-90.870834,30.910987],[-90.872979,30.909829],[-90.873028,30.909811],[-90.87421299999998,30.909299],[-90.875047,30.908858],[-90.87509600000001,30.908841],[-90.877068,30.908005],[-90.877117,30.907987],[-90.88072,30.906415],[-90.880758,30.906388],[-90.889469,30.902597],[-90.890596,30.902067],[-90.890633,30.902049],[-90.904379,30.89604],[-90.904416,30.896022],[-90.907932,30.894495],[-90.90797799999999,30.894504],[-90.91189299999999,30.892761],[-90.911978,30.892734],[-90.91641,30.890533],[-90.919342,30.889051],[-90.924616,30.886455],[-90.93041,30.883607],[-90.93333,30.882125],[-90.938416,30.879628],[-90.94207899999999,30.877795],[-90.942402,30.877517],[-90.943653,30.875603],[-90.94399400000002,30.87537],[-90.946034,30.874552],[-90.946059,30.874543],[-90.95046300000001,30.872738],[-90.950499,30.872729],[-90.957562,30.869809],[-90.957588,30.869791],[-90.961007,30.86839000000001],[-90.961043,30.868381],[-90.964121,30.867096],[-90.966147,30.865821],[-90.969764,30.864204],[-90.97545700000002,30.861652],[-90.98126,30.859047],[-90.985778,30.857035],[-90.989407,30.855418],[-90.99122,30.854628],[-90.991257,30.85461],[-90.991913,30.854304],[-90.993478,30.851825],[-90.995326,30.850918],[-90.99976999999998,30.84869],[-91.00374099999999,30.846714],[-91.00795199999999,30.844576],[-91.00901499999999,30.844207],[-91.009039,30.844198],[-91.010649,30.843668],[-91.01068500000001,30.843659],[-91.011916,30.843264],[-91.011952,30.843255],[-91.01412199999999,30.842554],[-91.014146,30.842546],[-91.014989,30.842258],[-91.015001,30.842249],[-91.01688299999999,30.842078],[-91.016919,30.842069],[-91.017219,30.84202399999999],[-91.017256,30.842007],[-91.01873,30.841297],[-91.02053699999999,30.840434],[-91.022941,30.839635],[-91.022977,30.839626],[-91.027901,30.838036],[-91.02793700000001,30.838027],[-91.030973,30.83703],[-91.030998,30.837021],[-91.033378,30.836221],[-91.033391,30.836203],[-91.035803,30.834712],[-91.04122000000001,30.832907],[-91.04124500000002,30.832889],[-91.046287,30.832493],[-91.046323,30.832493],[-91.05359,30.831919],[-91.05361399999998,30.83191],[-91.05592499999999,30.831326],[-91.055961,30.831326],[-91.061033,30.830023],[-91.06105699999999,30.830014],[-91.06719599999998,30.828424],[-91.06722000000002,30.828415],[-91.074084,30.826645],[-91.07412,30.826637],[-91.07466099999999,30.826421],[-91.074685,30.826412],[-91.077184,30.825235],[-91.080387,30.823735],[-91.082031,30.823214],[-91.082056,30.823196],[-91.086016,30.82192],[-91.08605199999998,30.821911],[-91.08861100000001,30.821085],[-91.088647,30.821076],[-91.08899799999999,30.820986],[-91.089046,30.820977],[-91.090343,30.821229],[-91.09039,30.821238],[-91.090799,30.821157],[-91.09083499999998,30.821148],[-91.094502,30.819603],[-91.09453900000001,30.819594],[-91.100271,30.817195],[-91.10028499999999,30.817177],[-91.106802,30.814473],[-91.106828,30.814455],[-91.107639,30.814123],[-91.107663,30.814114],[-91.112749,30.811931],[-91.112787,30.811913],[-91.114768,30.811078],[-91.114804,30.811069],[-91.11689500000001,30.810197],[-91.116931,30.810189],[-91.119875,30.808922],[-91.11991099999999,30.808913],[-91.122016,30.808015],[-91.124327,30.806209],[-91.12657800000001,30.804421],[-91.129607,30.803128],[-91.129643,30.803119],[-91.130167,30.802948],[-91.130203,30.802939],[-91.131624,30.802885],[-91.13165999999998,30.802885],[-91.13299,30.802427],[-91.13301499999999,30.802418],[-91.13704300000002,30.800307],[-91.139925,30.798816],[-91.14246200000001,30.797729],[-91.14248699999999,30.797711],[-91.146623,30.795941],[-91.146659,30.795932],[-91.14898699999999,30.794926],[-91.149024,30.794908],[-91.151244,30.794163],[-91.15129200000001,30.794154],[-91.15658100000002,30.79242],[-91.156617,30.792411],[-91.16018800000002,30.791234],[-91.16021400000001,30.791216],[-91.16318800000002,30.790228],[-91.163213,30.790219],[-91.166781,30.789069],[-91.166795,30.789051],[-91.168046,30.788441],[-91.170132,30.787363],[-91.173396,30.78571],[-91.175307,30.784739],[-91.177852,30.783437],[-91.178876,30.78297],[-91.181467,30.781802],[-91.18298800000001,30.781074],[-91.185468,30.779835],[-91.19083,30.777095],[-91.192978,30.776233],[-91.193003,30.776215],[-91.197037,30.774517],[-91.197062,30.774508],[-91.20328099999999,30.77193],[-91.203294,30.771912],[-91.20636300000001,30.770313],[-91.212163,30.767303],[-91.222218,30.762012],[-91.223472,30.761734],[-91.22350800000001,30.761725],[-91.22504899999998,30.761042],[-91.225073,30.761033],[-91.234273,30.756892],[-91.239189,30.754727],[-91.239213,30.754718],[-91.244428,30.752383],[-91.24546499999998,30.751906],[-91.24723,30.751098],[-91.252557,30.748699],[-91.255504,30.74737],[-91.25776000000002,30.746364],[-91.258957,30.745816],[-91.260236,30.745268],[-91.260262,30.74525],[-91.261309,30.74478300000001],[-91.26134499999999,30.744774],[-91.26255300000001,30.744235],[-91.263637,30.743759],[-91.263674,30.743741],[-91.264451,30.74339],[-91.264643,30.743355],[-91.26469100000001,30.743346],[-91.266557,30.743687],[-91.266592,30.743696],[-91.26704399999998,30.743777],[-91.26707800000001,30.743786],[-91.26729899999998,30.743822],[-91.26734500000002,30.743831],[-91.26756500000002,30.743876],[-91.267611,30.743885],[-91.267807,30.743929],[-91.267854,30.743938],[-91.268158,30.743965],[-91.26822899999999,30.744082],[-91.26814,30.745492],[-91.26785799999999,30.745475],[-91.267853,30.74541200000001]]]},"properties":{"id":"fna-member-routes-20260918-04f274d21426107d0993","sourceId":"fna-member-routes-20260918","source":"Fiber Network Alliance member fiber lines","sourceUrl":"https://www.fibernetworkalliance.com/membership-map-line/","name":"Planters published routes","carrier":"Planters","category":"unknown","routeStatus":"Status not established","evidence":"publisher_route","dataDate":null,"metadataModified":null,"retrievedAt":"2026-09-18T19:56:04.130240+00:00","networkType":"Published fiber route; precision and network class unverified","serviceability":"Unconfirmed","routeDiversity":"Unconfirmed","states":["LA"],"publishedLineParts":1},"bbox":[-91.26822899999999,30.743346,-90.703434,30.993479]},{"type":"Feature","geometry":{"type":"MultiLineString","coordinates":[[[-90.201816,31.248867],[-90.201877,31.248849],[-90.201952,31.248814],[-90.201352,31.248068],[-90.20265500000001,31.248068],[-90.20473000000001,31.247816],[-90.21109200000001,31.244403],[-90.21435900000002,31.24266],[-90.21591900000001,31.24187],[-90.21767399999999,31.241034],[-90.219043,31.240378],[-90.223125,31.23842],[-90.22558900000001,31.237243],[-90.23215499999999,31.23427],[-90.23727799999999,31.23185399999999],[-90.241345,31.229922],[-90.246721,31.227344],[-90.249796,31.225979],[-90.25245,31.224559],[-90.2562,31.222367],[-90.257711,31.221712],[-90.262434,31.219726],[-90.265255,31.218415],[-90.27049600000001,31.216582],[-90.27499599999999,31.215055],[-90.27588899999999,31.214651],[-90.279998,31.212765],[-90.281963,31.21183],[-90.284222,31.210797],[-90.288502,31.208866],[-90.29164100000001,31.20744699999999],[-90.292867,31.205848],[-90.29362899999998,31.204626],[-90.296734,31.202129],[-90.298017,31.201024],[-90.298875,31.200377],[-90.301562,31.199209],[-90.306345,31.196981],[-90.306662,31.196882],[-90.308936,31.196882],[-90.310684,31.196685],[-90.311334,31.19645999999999],[-90.312403,31.19584],[-90.31400999999998,31.195526],[-90.31749000000002,31.194116],[-90.320373,31.192993],[-90.323023,31.192193],[-90.324562,31.191726],[-90.32605400000001,31.191017],[-90.32711000000002,31.189579],[-90.328323,31.188573],[-90.33780599999999,31.184333],[-90.33800699999999,31.1841],[-90.338396,31.182231],[-90.33856700000001,31.181944],[-90.34088400000002,31.18056],[-90.342663,31.179464],[-90.34392199999999,31.17871],[-90.34713999999998,31.176733],[-90.349183,31.175835],[-90.353851,31.173787],[-90.355364,31.173104],[-90.358298,31.17182],[-90.359673,31.171101],[-90.36149800000001,31.170131],[-90.364703,31.167921],[-90.36663999999999,31.16714],[-90.369317,31.166053],[-90.371239,31.165307],[-90.374958,31.163394],[-90.37737899999999,31.162145],[-90.381635,31.159953],[-90.382208,31.159666],[-90.384534,31.158309],[-90.387174,31.156764],[-90.392981,31.153737],[-90.394879,31.152749],[-90.39809099999998,31.151051],[-90.400513,31.149793],[-90.402212,31.148904],[-90.40565399999998,31.147026],[-90.407221,31.146155],[-90.41061,31.144574],[-90.41428,31.142786],[-90.416193,31.141888],[-90.41802200000001,31.14099],[-90.41979899999998,31.140145],[-90.424187,31.138043],[-90.433146,31.133776],[-90.433393,31.133552],[-90.433426,31.132285],[-90.43355300000002,31.13196200000001],[-90.433734,31.1318],[-90.43700999999999,31.130408],[-90.438804,31.129617],[-90.44261699999998,31.127937],[-90.446577,31.126204],[-90.44790999999998,31.125656],[-90.44910799999998,31.12491],[-90.452144,31.123185],[-90.454619,31.121748],[-90.45569900000001,31.121119],[-90.45666799999998,31.120544],[-90.457269,31.120212],[-90.45782199999998,31.119889],[-90.460623,31.118263],[-90.462796,31.117005],[-90.464314,31.116143],[-90.465544,31.115433],[-90.470961,31.112253],[-90.471511,31.112199],[-90.472506,31.112181],[-90.473431,31.111687],[-90.476317,31.110034],[-90.479488,31.108139],[-90.479782,31.10804],[-90.479818,31.10804],[-90.48017799999998,31.108103],[-90.48022400000002,31.108112],[-90.481002,31.108265],[-90.48103599999999,31.108274],[-90.48213699999998,31.108507],[-90.48250400000002,31.108507],[-90.483191,31.108381],[-90.484022,31.107878],[-90.48523,31.107151],[-90.486554,31.106333],[-90.487344,31.105884],[-90.48868999999999,31.105085],[-90.49075600000002,31.103827],[-90.49267100000002,31.10265],[-90.49415500000002,31.10177],[-90.49641099999998,31.100386],[-90.499131,31.098734],[-90.500641,31.097826],[-90.503689,31.095976],[-90.504737,31.095428],[-90.506023,31.094754],[-90.50741699999999,31.094062],[-90.509563,31.092948],[-90.510533,31.092356],[-90.512094,31.091403],[-90.514376,31.089993],[-90.51694500000002,31.08843],[-90.51841399999999,31.087702],[-90.520465,31.086705],[-90.52255299999999,31.08569],[-90.523895,31.084927],[-90.525006,31.084226],[-90.527095,31.083202],[-90.528401,31.082564],[-90.529398,31.082052],[-90.53030499999998,31.081621],[-90.53232000000001,31.080624],[-90.53524499999999,31.079168],[-90.53677300000001,31.078432],[-90.538592,31.077507],[-90.54079299999998,31.076429],[-90.54146,31.075791],[-90.542415,31.075342],[-90.545053,31.07403],[-90.54666000000002,31.073222],[-90.549109,31.072027],[-90.553876,31.069646],[-90.556687,31.068254],[-90.558526,31.067365],[-90.56232100000001,31.065478],[-90.565322,31.063969],[-90.566122,31.063529],[-90.569506,31.062208],[-90.576742,31.05866],[-90.581538,31.0561],[-90.58571500000001,31.053809],[-90.589334,31.051545],[-90.592368,31.049938],[-90.595216,31.04841],[-90.59745,31.047225],[-90.600823,31.045419],[-90.603379,31.043964],[-90.606384,31.042284],[-90.608255,31.04118799999999],[-90.611749,31.03923],[-90.615059,31.037334],[-90.618479,31.035394],[-90.623646,31.033373],[-90.625195,31.03278],[-90.62674399999999,31.032178],[-90.629981,31.030893],[-90.631689,31.030238],[-90.632383,31.02979699999999],[-90.633794,31.028926],[-90.63547100000001,31.027875],[-90.637627,31.026519],[-90.64015300000001,31.024902],[-90.64157800000001,31.024003],[-90.643824,31.022575],[-90.645904,31.021273],[-90.647275,31.020913],[-90.64963199999998,31.020275],[-90.650749,31.019862],[-90.653183,31.01856],[-90.654967,31.017742],[-90.65809,31.016404],[-90.66066599999999,31.015344],[-90.663067,31.014859],[-90.667206,31.01317],[-90.670706,31.011733],[-90.67603499999998,31.009127],[-90.67813599999998,31.008085],[-90.682869,31.005777],[-90.685144,31.004645],[-90.687429,31.003531],[-90.689628,31.002453],[-90.69145600000002,31.001537],[-90.69345900000002,31.001133],[-90.69533100000001,31.000126],[-90.69683099999999,30.999426],[-90.698244,30.998761],[-90.699745,30.997926],[-90.70768900000002,30.993497],[-90.705065,30.992194],[-90.703395,30.992114],[-90.703404,30.992024],[-90.703445,30.99197]]]},"properties":{"id":"fna-member-routes-20260918-c959200decd71bd03aa6","sourceId":"fna-member-routes-20260918","source":"Fiber Network Alliance member fiber lines","sourceUrl":"https://www.fibernetworkalliance.com/membership-map-line/","name":"Planters published routes","carrier":"Planters","category":"unknown","routeStatus":"Status not established","evidence":"publisher_route","dataDate":null,"metadataModified":null,"retrievedAt":"2026-09-18T19:56:04.130240+00:00","networkType":"Published fiber route; precision and network class unverified","serviceability":"Unconfirmed","routeDiversity":"Unconfirmed","states":["LA","MS"],"publishedLineParts":1},"bbox":[-90.70768900000002,30.99197,-90.201352,31.248867]},{"type":"Feature","geometry":{"type":"MultiLineString","coordinates":[[[-93.230814,30.433295],[-93.23082399999998,30.433313],[-93.23087100000001,30.433978],[-93.23211599999999,30.434409],[-93.233743,30.43414],[-93.23537099999999,30.433861],[-93.23678299999999,30.433618],[-93.242661,30.432612],[-93.248311,30.431633],[-93.253649,30.430726],[-93.25891599999999,30.429819],[-93.263512,30.429199],[-93.266841,30.428444],[-93.26922,30.428067],[-93.27071700000002,30.427797],[-93.272728,30.42795],[-93.27781299999998,30.427267],[-93.282899,30.426567],[-93.28796300000002,30.425857],[-93.291201,30.425381],[-93.297182,30.424573],[-93.300322,30.424141],[-93.30346,30.423575],[-93.30847900000002,30.422659],[-93.311389,30.422138],[-93.313485,30.421761],[-93.317066,30.421114],[-93.32163100000001,30.420261],[-93.329343,30.418877],[-93.33389599999998,30.418042],[-93.338243,30.41709],[-93.34711599999999,30.415176],[-93.354074,30.414098],[-93.362118,30.412859],[-93.368011,30.41179],[-93.376109,30.410298],[-93.381331,30.408349],[-93.388274,30.405789],[-93.38916700000001,30.405376],[-93.390659,30.404675],[-93.392185,30.404325],[-93.396142,30.402869],[-93.402455,30.400534],[-93.408319,30.398351],[-93.413806,30.396321],[-93.41897600000001,30.394425],[-93.422689,30.39306],[-93.423723,30.392817],[-93.428988,30.391587],[-93.43288199999999,30.390679],[-93.43794199999999,30.389494],[-93.43978200000001,30.389054],[-93.445778,30.38767899999999],[-93.451684,30.386224],[-93.457542,30.384796],[-93.465724,30.38342099999999],[-93.47028599999999,30.382586],[-93.47852499999999,30.381077],[-93.487137,30.379469],[-93.49915,30.37725],[-93.50701900000001,30.375786],[-93.512432,30.374779],[-93.519868,30.373414],[-93.52563999999998,30.372363],[-93.531268,30.371321],[-93.54117,30.369524],[-93.547289,30.368392],[-93.553264,30.367297],[-93.560044,30.366021],[-93.566835,30.364745],[-93.57433500000002,30.363317],[-93.581066,30.36205],[-93.583186,30.362167],[-93.593928,30.360694],[-93.596451,30.360442],[-93.601213,30.359975],[-93.608389,30.359284],[-93.614744,30.358682],[-93.622493,30.357927],[-93.625152,30.357774],[-93.62846300000001,30.357586],[-93.635597,30.357173],[-93.643991,30.356679],[-93.658003,30.355798],[-93.662224,30.355807],[-93.669613,30.355843],[-93.673089,30.355843],[-93.683188,30.355493],[-93.693907,30.35508],[-93.70273899999998,30.35475599999999],[-93.71335,30.35437],[-93.7158,30.353984],[-93.72277,30.35393],[-93.726046,30.35393],[-93.729112,30.353903],[-93.73128600000001,30.35357],[-93.737704,30.352582],[-93.744266,30.351549],[-93.746513,30.351199],[-93.75266700000002,30.350247],[-93.75722,30.349546],[-93.758729,30.348908],[-93.75892,30.348881],[-93.758967,30.34889],[-93.75912999999998,30.348935],[-93.75929999999998,30.349034],[-93.76009800000001,30.349501],[-93.76056300000002,30.349789],[-93.761269,30.350202],[-93.76131599999998,30.350211],[-93.762146,30.350354],[-93.762785,30.350354],[-93.765223,30.349806],[-93.766662,30.349501],[-93.76899,30.348998],[-93.770046,30.348773],[-93.773588,30.347983],[-93.777153,30.347192],[-93.78231299999999,30.346079],[-93.785984,30.345288],[-93.789501,30.344515],[-93.79279100000001,30.343779],[-93.795874,30.343114],[-93.80115,30.341318],[-93.80504599999999,30.339979],[-93.80765900000002,30.339108],[-93.80987300000001,30.338353],[-93.815331,30.336476],[-93.817435,30.335775],[-93.818887,30.335272],[-93.820605,30.334697],[-93.823629,30.333664],[-93.82607499999999,30.332811],[-93.828578,30.331975],[-93.830429,30.331337],[-93.83190499999999,30.330834],[-93.833744,30.330214],[-93.835026,30.329783],[-93.836961,30.329127],[-93.840045,30.328094],[-93.842246,30.327358],[-93.845026,30.326433],[-93.847411,30.325606],[-93.850735,30.32450100000001],[-93.852138,30.324034],[-93.855826,30.322794],[-93.857847,30.322103],[-93.859262,30.321627],[-93.86249,30.320549],[-93.866008,30.319372],[-93.868222,30.318626],[-93.870942,30.317719],[-93.874266,30.316623],[-93.875883,30.31612],[-93.876885,30.315815],[-93.878018,30.315491],[-93.88149,30.314476],[-93.88335900000001,30.313919],[-93.886374,30.31303],[-93.88764,30.312662],[-93.892258,30.311305],[-93.898733,30.309401],[-93.901169,30.308673],[-93.905413,30.307424],[-93.907595,30.306787],[-93.90895799999998,30.306382],[-93.912431,30.305349],[-93.914274,30.304837],[-93.914365,30.305071]]]},"properties":{"id":"fna-member-routes-20260918-7bef61c844ab9ca5ec29","sourceId":"fna-member-routes-20260918","source":"Fiber Network Alliance member fiber lines","sourceUrl":"https://www.fibernetworkalliance.com/membership-map-line/","name":"Planters published routes","carrier":"Planters","category":"unknown","routeStatus":"Status not established","evidence":"publisher_route","dataDate":null,"metadataModified":null,"retrievedAt":"2026-09-18T19:56:04.130240+00:00","networkType":"Published fiber route; precision and network class unverified","serviceability":"Unconfirmed","routeDiversity":"Unconfirmed","states":["LA","TX"],"publishedLineParts":1},"bbox":[-93.914365,30.304837,-93.230814,30.434409]},{"type":"Feature","geometry":{"type":"MultiLineString","coordinates":[[[-92.9343695311362,30.3359687176928],[-92.9829228919312,30.2494740226459],[-92.9965873723304,30.2512404127127],[-93.009608122692,30.2504117902951],[-93.0305682122808,30.2484246552274],[-93.0492752453903,30.2482911202703],[-93.1128381017201,30.2480350218479],[-93.1347139321128,30.2444642743812],[-93.1778307157578,30.2474940770284],[-93.1802671570141,30.2468558697319],[-93.1815591302254,30.2460118954216],[-93.182851104335,30.2451679138623],[-93.1910631774723,30.237094240769],[-93.2193381738594,30.2366209522251],[-93.2287539571381,30.2373918523829],[-93.2576962221183,30.2372358351914],[-93.2638677631045,30.2379434061091],[-93.2813616025582,30.2375157614963],[-93.3190539542758,30.2202366165124],[-93.3211265706555,30.2182526812278],[-93.323976594472,30.2168719178201],[-93.3753892317309,30.2162050678757],[-93.3764836285802,30.2171143049107]]]},"properties":{"id":"fiberlight-lit-20260919-9cf63805da2ae07720f9","sourceId":"fiberlight-lit-20260919","source":"FiberLight published lit network","sourceUrl":"https://www.fiberlight.com/network/regional-network-maps/texas-express-routes/","name":"FiberLight published lit network","carrier":"FiberLight","category":"unknown","routeStatus":"Publisher labels lit network; current status unverified","evidence":"publisher_route","geometryQuality":"publisher_geometry_unverified","dataDate":null,"metadataModified":"2025-09-17T17:13:36+00:00","retrievedAt":"2026-09-19T13:31:18.948899+00:00","networkType":"Carrier-published lit network geometry; not surveyed or serviceability verified","serviceability":"Unconfirmed","routeDiversity":"Unconfirmed","states":["LA"],"publishedLineParts":1,"importBatch":"20260919","sourceRecordIds":["1"]},"bbox":[-93.3764836285802,30.2162050678757,-92.9343695311362,30.3359687176928]},{"type":"Feature","geometry":{"type":"MultiLineString","coordinates":[[[-92.9444841408238,30.3357997256328],[-92.9343695311362,30.3359687176928]],[[-92.8869921135571,30.423334733108],[-92.8853988813322,30.4234411268835]],[[-92.8853988813322,30.4234411268835],[-92.8947567358514,30.4072788354937],[-92.9138332945463,30.3728870185349],[-92.9309136017454,30.3430770744687],[-92.9343695311362,30.3359687176928]],[[-92.8519969211408,30.482025447728],[-92.8853988813322,30.4234411268835]],[[-92.8519969211408,30.482025447728],[-92.8472647974467,30.4892544126977],[-92.8488687582511,30.4892775257769],[-92.848782927819,30.4914270336261],[-92.8543900860583,30.491412010999],[-92.855853230552,30.4913114699541],[-92.8579131672115,30.4911450580561],[-92.8595010346976,30.4909971364742],[-92.859973103871,30.4909509103532],[-92.8605202739988,30.4909046849842],[-92.8611854620936,30.4909601552695],[-92.8620223110527,30.4910433617991],[-92.8638032983586,30.4913669407814],[-92.8846752326752,30.4956338190333],[-92.9487344306574,30.5111827274887]],[[-92.7052144854365,30.4865722642879],[-92.7052734391737,30.4826043254771],[-92.7048174633186,30.482595079767],[-92.7048791542224,30.4819270584357],[-92.7049381627568,30.4812401251173],[-92.7065421235612,30.4812424367706],[-92.7670429967866,30.4814867881272],[-92.8392738598879,30.4817789223351],[-92.8519969211408,30.482025447728]]]},"properties":{"id":"fiberlight-lit-20260919-6cab57c5b69da3623cc0","sourceId":"fiberlight-lit-20260919","source":"FiberLight published lit network","sourceUrl":"https://www.fiberlight.com/network/regional-network-maps/texas-express-routes/","name":"FiberLight published lit network","carrier":"FiberLight","category":"unknown","routeStatus":"Publisher labels lit network; current status unverified","evidence":"publisher_route","geometryQuality":"publisher_geometry_unverified","dataDate":null,"metadataModified":"2025-09-17T17:13:36+00:00","retrievedAt":"2026-09-19T13:31:18.948899+00:00","networkType":"Carrier-published lit network geometry; not surveyed or serviceability verified","serviceability":"Unconfirmed","routeDiversity":"Unconfirmed","states":["LA"],"publishedLineParts":6,"importBatch":"20260919","sourceRecordIds":["1"]},"bbox":[-92.9487344306574,30.3357997256328,-92.7048174633186,30.5111827274887]},{"type":"Feature","geometry":{"type":"MultiLineString","coordinates":[[[-92.9487344306574,30.5111827274887],[-92.947468427741,30.5129753170076],[-92.9452019612112,30.516196629485]],[[-92.9487344306574,30.5111827274887],[-92.9510008971873,30.5113382933839],[-92.9688965961866,30.5131499437609],[-92.9765569851618,30.5146842747512],[-92.9951907202357,30.5184636997425],[-92.9978085556024,30.5186855201471],[-93.0294371650661,30.5193509775499],[-93.0420787859536,30.5193690030835],[-93.0420519640559,30.5209540676681],[-93.0437042048153,30.5209817946326],[-93.0437048677719,30.5228464020763],[-93.0481278299728,30.5228671972825],[-93.0499597787048,30.5289460009399],[-93.0500147196675,30.5330802249758]]]},"properties":{"id":"fiberlight-lit-20260919-7c24a0d3658388f646de","sourceId":"fiberlight-lit-20260919","source":"FiberLight published lit network","sourceUrl":"https://www.fiberlight.com/network/regional-network-maps/texas-express-routes/","name":"FiberLight published lit network","carrier":"FiberLight","category":"unknown","routeStatus":"Publisher labels lit network; current status unverified","evidence":"publisher_route","geometryQuality":"publisher_geometry_unverified","dataDate":null,"metadataModified":"2025-09-17T17:13:36+00:00","retrievedAt":"2026-09-19T13:31:18.948899+00:00","networkType":"Carrier-published lit network geometry; not surveyed or serviceability verified","serviceability":"Unconfirmed","routeDiversity":"Unconfirmed","states":["LA"],"publishedLineParts":2,"importBatch":"20260919","sourceRecordIds":["1"]},"bbox":[-93.0500147196675,30.5111827274887,-92.9452019612112,30.5330802249758]},{"type":"Feature","geometry":{"type":"MultiLineString","coordinates":[[[-93.3765879876634,30.2170571343971],[-93.3764836285802,30.2171143049107]],[[-93.3764836285802,30.2171143049107],[-93.3764947263673,30.217141034515],[-93.3767803816445,30.2170378940965]]]},"properties":{"id":"fiberlight-dark-lit-20260919-796f775393523a2649ed","sourceId":"fiberlight-dark-lit-20260919","source":"FiberLight published dark-and-lit network","sourceUrl":"https://www.fiberlight.com/network/regional-network-maps/texas-express-routes/","name":"FiberLight published dark-and-lit network","carrier":"FiberLight","category":"unknown","routeStatus":"Publisher labels dark-and-lit network; current status unverified","evidence":"publisher_route","geometryQuality":"publisher_geometry_unverified","dataDate":null,"metadataModified":"2025-09-17T17:24:31+00:00","retrievedAt":"2026-09-19T13:31:21.520913+00:00","networkType":"Carrier-published network geometry; not surveyed or serviceability verified","serviceability":"Unconfirmed","routeDiversity":"Unconfirmed","states":["LA"],"publishedLineParts":2,"importBatch":"20260919","sourceRecordIds":["1"]},"bbox":[-93.3767803816445,30.2170378940965,-93.3764836285802,30.217141034515]},{"type":"Feature","geometry":{"type":"MultiLineString","coordinates":[[[-93.0500147196675,30.5330802249758],[-93.0495869068949,30.5330582767445],[-93.0494943705392,30.5330860002551]]]},"properties":{"id":"fiberlight-dark-lit-20260919-0a44743fae6064bf9877","sourceId":"fiberlight-dark-lit-20260919","source":"FiberLight published dark-and-lit network","sourceUrl":"https://www.fiberlight.com/network/regional-network-maps/texas-express-routes/","name":"FiberLight published dark-and-lit network","carrier":"FiberLight","category":"unknown","routeStatus":"Publisher labels dark-and-lit network; current status unverified","evidence":"publisher_route","geometryQuality":"publisher_geometry_unverified","dataDate":null,"metadataModified":"2025-09-17T17:24:31+00:00","retrievedAt":"2026-09-19T13:31:21.520913+00:00","networkType":"Carrier-published network geometry; not surveyed or serviceability verified","serviceability":"Unconfirmed","routeDiversity":"Unconfirmed","states":["LA"],"publishedLineParts":1,"importBatch":"20260919","sourceRecordIds":["1"]},"bbox":[-93.0500147196675,30.5330582767445,-93.0494943705392,30.5330860002551]},{"type":"Feature","geometry":{"type":"MultiLineString","coordinates":[[[-92.9445807007337,30.3364363372407],[-92.9444948703016,30.3363367947487],[-92.9444841408238,30.3357997256328]],[[-92.8880435394949,30.4254163115337],[-92.8872227838541,30.4253793062033],[-92.8870994020465,30.4253423008588],[-92.8870189354549,30.4252682901278],[-92.8870028421366,30.4250231277278],[-92.8869921135571,30.4233347338826]],[[-92.8553717739839,30.4911785720646],[-92.8547360910546,30.4912271087196],[-92.8544356836438,30.4911785720646],[-92.8543900860583,30.491412010999]]]},"properties":{"id":"fiberlight-dark-lit-20260919-0c5e1043b359148113e1","sourceId":"fiberlight-dark-lit-20260919","source":"FiberLight published dark-and-lit network","sourceUrl":"https://www.fiberlight.com/network/regional-network-maps/texas-express-routes/","name":"FiberLight published dark-and-lit network","carrier":"FiberLight","category":"unknown","routeStatus":"Publisher labels dark-and-lit network; current status unverified","evidence":"publisher_route","geometryQuality":"publisher_geometry_unverified","dataDate":null,"metadataModified":"2025-09-17T17:24:31+00:00","retrievedAt":"2026-09-19T13:31:21.520913+00:00","networkType":"Carrier-published network geometry; not surveyed or serviceability verified","serviceability":"Unconfirmed","routeDiversity":"Unconfirmed","states":["LA"],"publishedLineParts":3,"importBatch":"20260919","sourceRecordIds":["1"]},"bbox":[-92.9445807007337,30.3357997256328,-92.8543900860583,30.491412010999]},{"type":"Feature","geometry":{"type":"MultiLineString","coordinates":[[[-92.9452019612112,30.516196629485],[-92.944925694227,30.5164138334282],[-92.9446722255864,30.5165131923441]]]},"properties":{"id":"fiberlight-dark-lit-20260919-a85f023fa4932a9955ed","sourceId":"fiberlight-dark-lit-20260919","source":"FiberLight published dark-and-lit network","sourceUrl":"https://www.fiberlight.com/network/regional-network-maps/texas-express-routes/","name":"FiberLight published dark-and-lit network","carrier":"FiberLight","category":"unknown","routeStatus":"Publisher labels dark-and-lit network; current status unverified","evidence":"publisher_route","geometryQuality":"publisher_geometry_unverified","dataDate":null,"metadataModified":"2025-09-17T17:24:31+00:00","retrievedAt":"2026-09-19T13:31:21.520913+00:00","networkType":"Carrier-published network geometry; not surveyed or serviceability verified","serviceability":"Unconfirmed","routeDiversity":"Unconfirmed","states":["LA"],"publishedLineParts":1,"importBatch":"20260919","sourceRecordIds":["1"]},"bbox":[-92.9452019612112,30.516196629485,-92.9446722255864,30.5165131923441]},{"type":"Feature","geometry":{"type":"MultiLineString","coordinates":[[[-92.7029694212683,30.486762594252],[-92.704959620814,30.486730234484],[-92.7049757141323,30.486621599811],[-92.7050132646095,30.486577683138],[-92.7052144854365,30.4865722642879]]]},"properties":{"id":"fiberlight-dark-lit-20260919-16ff0be5736f10d8a2eb","sourceId":"fiberlight-dark-lit-20260919","source":"FiberLight published dark-and-lit network","sourceUrl":"https://www.fiberlight.com/network/regional-network-maps/texas-express-routes/","name":"FiberLight published dark-and-lit network","carrier":"FiberLight","category":"unknown","routeStatus":"Publisher labels dark-and-lit network; current status unverified","evidence":"publisher_route","geometryQuality":"publisher_geometry_unverified","dataDate":null,"metadataModified":"2025-09-17T17:24:31+00:00","retrievedAt":"2026-09-19T13:31:21.520913+00:00","networkType":"Carrier-published network geometry; not surveyed or serviceability verified","serviceability":"Unconfirmed","routeDiversity":"Unconfirmed","states":["LA"],"publishedLineParts":1,"importBatch":"20260919","sourceRecordIds":["1"]},"bbox":[-92.7052144854365,30.4865722642879,-92.7029694212683,30.486762594252]},{"type":"Feature","geometry":{"type":"MultiLineString","coordinates":[[[-93.7411138241619,30.1199892466675],[-93.740286389547,30.1199082460257],[-93.7391240540109,30.1196562884989],[-93.7386789998731,30.1194840003398],[-93.7378736081186,30.1193133832648],[-93.7369766780367,30.1190275511972],[-93.7364590112778,30.118851226045],[-93.7357240860691,30.1186470587454],[-93.735096985644,30.1185208468978],[-93.734509045477,30.1184243307954],[-93.7334189955753,30.1182498609034],[-93.7324366635576,30.1180562724934],[-93.7316637854265,30.1177683481068],[-93.7310761129575,30.1173233524128],[-93.7307660001484,30.1168770003228],[-93.7303350190178,30.1169140840595],[-93.7301909840435,30.1172908704771],[-93.7294016101488,30.117893170018],[-93.7287645141695,30.1181629580247],[-93.7280429999097,30.1182720017421],[-93.7276245745318,30.1182812826481],[-93.7262480653607,30.1183378927368],[-93.7252631578731,30.1184177034736],[-93.7249402198167,30.1184339442575],[-93.7243442334398,30.1185286032416],[-93.723564783234,30.1186826569098],[-93.7228094734549,30.1188668707753],[-93.7220943965225,30.1190738209375],[-93.7210569178278,30.1193930618959],[-93.7202613752021,30.1196185717399],[-93.7193081180569,30.1199160022606],[-93.7185474785732,30.1201137549637],[-93.7178683082009,30.1203076260609],[-93.7169064676532,30.1205967023539],[-93.7163968480026,30.120825922027],[-93.7155369321036,30.1212026935212],[-93.7139984162626,30.1218411606432],[-93.7115067672439,30.1228754656989],[-93.7097326313887,30.1235598050324],[-93.7085374390728,30.1239662611133],[-93.7076517738645,30.1243615805193],[-93.7068597490415,30.1246821687693],[-93.7051111855275,30.125406478147],[-93.7047934361401,30.1257186141631],[-93.7039717830823,30.1261154432054],[-93.7031474943675,30.1264421723769],[-93.7018571291406,30.1269895793838],[-93.7016857737035,30.1274896609118],[-93.681038629312,30.136616664277],[-93.6761472801321,30.1388710307516],[-93.6665020563501,30.1426936640338],[-93.6661581965307,30.1430703520723],[-93.6659672236844,30.1435027067891],[-93.665716168817,30.1438070242347],[-93.6650934898997,30.144066481033],[-93.6646855200134,30.1442364727073],[-93.6643798727296,30.1442668957226],[-93.6639990184902,30.1442078309558],[-93.6637377713375,30.1441558741605],[-93.6635092471158,30.1441169075172],[-93.6632361188452,30.1441590498469],[-93.6629776331138,30.1442472621081],[-93.6613017891204,30.1450804148442],[-93.660627482227,30.1454454966081],[-93.6599118690004,30.1457883110761],[-93.6591114970317,30.1459961323241],[-93.6583025434571,30.1463421919616],[-93.6563438559133,30.1471932440712],[-93.648943885844,30.150306448695],[-93.6459348772902,30.1515723636423],[-93.642980569849,30.1528102903282],[-93.63994121351,30.1541588188694],[-93.6393741942077,30.1545039216552],[-93.6391043636525,30.1547247125472],[-93.638821659341,30.1550790907992],[-93.6387712333109,30.1553054465478],[-93.638652475132,30.15700458088],[-93.6375886847827,30.1570229629736],[-93.6374344206922,30.1567535553622],[-93.6372911906083,30.1565016918859],[-93.6368395069037,30.1561983410253],[-93.636561092946,30.1561463913221],[-93.6360348436829,30.1560995432019],[-93.6356646991583,30.1562015885606],[-93.6350290153306,30.156394545243],[-93.6334679697423,30.1570211889223],[-93.6321131908179,30.1576404699261],[-93.6249419497862,30.1606162446191],[-93.6166052443864,30.1642336609224],[-93.6137151772678,30.1654900367471],[-93.6104846396734,30.1668944032858],[-93.6037570334414,30.1698189378336],[-93.5964807371322,30.1728464163377],[-93.5916249297966,30.1750073676393],[-93.5888031813519,30.1762930275837],[-93.5881251195008,30.1771314744946],[-93.5878718080654,30.1783489253848],[-93.5867407419861,30.1784807963897],[-93.5862783288037,30.1781524713202],[-93.5858094791923,30.1780416385604],[-93.5852236842022,30.1780411749514],[-93.58488519002,30.1780332912695],[-93.5843407013634,30.1781840052296],[-93.5829883317206,30.1787576454059],[-93.5780097471435,30.1807672090589],[-93.5708663637671,30.1839061287277],[-93.5705246994302,30.1840658941036],[-93.5703739594306,30.184323715237],[-93.57057083331,30.1847855665616],[-93.5706389615411,30.1854115654052],[-93.5705978941596,30.1862262281777],[-93.5701454352088,30.1863839437167],[-93.5698943803414,30.1864446876325],[-93.5696733669338,30.186452107072],[-93.5694046089671,30.1862907405424],[-93.5691283419829,30.1859976830352],[-93.5688429544037,30.1857046246562],[-93.5685511303954,30.1855451119729],[-93.5682512269395,30.1854924680096],[-93.5677978031982,30.1854820077014],[-93.5670442648968,30.1854760200655],[-93.5667009422699,30.1856197674879],[-93.5656495163322,30.1859443575449],[-93.5647563412081,30.1862248949275],[-93.5634431318235,30.1866014174471],[-93.5620022484808,30.1869232220899],[-93.5608896688317,30.1871485775828],[-93.5603761388147,30.187200523371],[-93.5578272096202,30.1877773257048],[-93.5521011377935,30.1887879758694],[-93.5449014902359,30.1901663069418],[-93.5368591888059,30.191706210359],[-93.5295046474388,30.1931167106606],[-93.5215959281864,30.1946145628854],[-93.5136059679947,30.1962020558173],[-93.5104493662398,30.19680047211],[-93.5061816419031,30.1975946901863],[-93.4984407468104,30.1990949603178],[-93.4904667029689,30.200604600311],[-93.4833831985945,30.2019671507343],[-93.4756015640053,30.2034554603349],[-93.4675158002852,30.2050005787309],[-93.4600197383283,30.2064532068954],[-93.452424935352,30.2078574638437],[-93.4445147347777,30.209371666168],[-93.4169009900678,30.2147458611229],[-93.4099572869077,30.2159474101806],[-93.4008442134219,30.2162589211364],[-93.3804830288365,30.2162366703311],[-93.3773008556386,30.2164146758562],[-93.3764836285802,30.2171143049107]]]},"properties":{"id":"fiberlight-dark-lit-20260919-22b5db05c0aa304ff217","sourceId":"fiberlight-dark-lit-20260919","source":"FiberLight published dark-and-lit network","sourceUrl":"https://www.fiberlight.com/network/regional-network-maps/texas-express-routes/","name":"FiberLight published dark-and-lit network","carrier":"FiberLight","category":"unknown","routeStatus":"Publisher labels dark-and-lit network; current status unverified","evidence":"publisher_route","geometryQuality":"publisher_geometry_unverified","dataDate":null,"metadataModified":"2025-09-17T17:24:31+00:00","retrievedAt":"2026-09-19T13:31:21.520913+00:00","networkType":"Carrier-published network geometry; not surveyed or serviceability verified","serviceability":"Unconfirmed","routeDiversity":"Unconfirmed","states":["LA","TX"],"publishedLineParts":1,"importBatch":"20260919","sourceRecordIds":["1"]},"bbox":[-93.7411138241619,30.1168770003228,-93.3764836285802,30.2171143049107]},{"type":"Feature","geometry":{"type":"MultiLineString","coordinates":[[[-91.855762232,33.008628496],[-91.8549054969999,33.0156261760001],[-91.8522636599999,33.0225880570001],[-91.852699378,33.0353523260001],[-91.845666818,33.0425580850001],[-91.844634666,33.0444593560001],[-91.8464016309999,33.052102517],[-91.84639551,33.0600204610001]]]},"properties":{"id":"uniti-national-20260919-0fe6a600ae070d0a4ebb","sourceId":"uniti-national-20260919","source":"Uniti Wholesale national core network","sourceUrl":"https://www.unitiwholesale.com/network-map/","name":"Uniti Wholesale national core network","carrier":"Uniti Wholesale","category":"unknown","routeStatus":"Publisher network map; current operating status unverified","evidence":"publisher_route","geometryQuality":"publisher_geometry_unverified","dataDate":null,"metadataModified":"2025-07-31T17:08:54+00:00","retrievedAt":"2026-09-19T13:31:22.089263+00:00","networkType":"Carrier-published national core geometry; generalized paths, not a survey","serviceability":"Unconfirmed","routeDiversity":"Unconfirmed","states":["AR","LA"],"publishedLineParts":1,"importBatch":"20260919","sourceRecordIds":["13058"]},"bbox":[-91.855762232,33.008628496,-91.844634666,33.0600204610001]},{"type":"Feature","geometry":{"type":"MultiLineString","coordinates":[[[-93.943761866,32.4463093740001],[-93.947198188,32.4456957560001],[-93.953103904,32.4425661380001],[-93.9668673889999,32.442651357],[-93.970213099,32.4434152200001]],[[-93.751696878,32.510068377],[-93.759024202,32.5036742510001],[-93.788948047,32.5036390870001],[-93.791786541,32.502538057],[-93.794391198,32.500122375],[-93.797424913,32.499979215],[-93.797396761,32.4936711760001],[-93.799847646,32.493662165],[-93.799861691,32.492805278],[-93.802339574,32.4921659680001],[-93.804053328,32.488447014],[-93.806930694,32.485906933],[-93.8144011909999,32.4857762600001],[-93.8144850579999,32.4672511790001],[-93.822090438,32.4645914600001],[-93.825758675,32.4648236310001],[-93.8260257539999,32.4635186620001],[-93.831237743,32.462308469],[-93.832225527,32.460386511],[-93.841785673,32.4574312830001],[-93.845025702,32.4585375990001]],[[-93.8450256959999,32.4585375990001],[-93.847482868,32.4573911640001],[-93.8505661309999,32.454829503]],[[-93.8505661399999,32.454829509],[-93.860552709,32.451875601],[-93.865021413,32.4525075920001],[-93.8698424199999,32.452089116],[-93.8757429889999,32.452925032],[-93.885534921,32.45275321],[-93.891332532,32.453326662],[-93.9030943339999,32.447458238],[-93.911395146,32.446633951]],[[-93.911395146,32.446633951],[-93.928869637,32.4449774930001],[-93.940256716,32.4472302720001],[-93.943761866,32.4463093740001]],[[-93.970213099,32.4434152200001],[-94.00345135,32.4431776640001],[-94.009501904,32.447844898],[-94.012797511,32.453762705],[-94.016242281,32.457329545],[-94.022221848,32.4593892070001]],[[-93.845027359,32.4585379110001],[-93.84556492,32.460127675]],[[-93.84556492,32.460127675],[-93.8455235499999,32.4606605060001]]]},"properties":{"id":"uniti-national-20260919-2c2e5a8328a884ddf922","sourceId":"uniti-national-20260919","source":"Uniti Wholesale national core network","sourceUrl":"https://www.unitiwholesale.com/network-map/","name":"Uniti Wholesale national core network","carrier":"Uniti Wholesale","category":"unknown","routeStatus":"Publisher network map; current operating status unverified","evidence":"publisher_route","geometryQuality":"publisher_geometry_unverified","dataDate":null,"metadataModified":"2025-07-31T17:08:54+00:00","retrievedAt":"2026-09-19T13:31:22.089263+00:00","networkType":"Carrier-published national core geometry; generalized paths, not a survey","serviceability":"Unconfirmed","routeDiversity":"Unconfirmed","states":["LA"],"publishedLineParts":8,"importBatch":"20260919","sourceRecordIds":["13128","13201","13206","13223","13236","13239","24589","24703"]},"bbox":[-94.022221848,32.4425661380001,-93.751696878,32.510068377]},{"type":"Feature","geometry":{"type":"MultiLineString","coordinates":[[[-93.7523858759999,32.515368282],[-93.750425912,32.516758075],[-93.748130647,32.5144792770001],[-93.749024273,32.513792476]],[[-93.753391446,32.5146542060001],[-93.7523858759999,32.515368282]],[[-93.779969579,32.5524579930001],[-93.773304189,32.540213964],[-93.758381683,32.525197255],[-93.760185715,32.5231480030001],[-93.758749285,32.517003785],[-93.75497541,32.5135156380001],[-93.753391449,32.514654201]],[[-93.845523545,32.4606605060001],[-93.839674056,32.469584336],[-93.836478947,32.472471136],[-93.835554802,32.4749305500001],[-93.8344514079999,32.4758679330001],[-93.8349076969999,32.476091008],[-93.833743182,32.4766827920001],[-93.83101609,32.481405506],[-93.8265039459999,32.485421134],[-93.826877152,32.486204247],[-93.826129879,32.4880247310001],[-93.821574993,32.4941892350001],[-93.808774603,32.520095649],[-93.806615805,32.5199497620001],[-93.806050343,32.5234270240001],[-93.8035073519999,32.5270757640001],[-93.795425897,32.535576678],[-93.783604972,32.5512631],[-93.781897499,32.552450524],[-93.780682123,32.552014097],[-93.779969579,32.5524579930001]]]},"properties":{"id":"uniti-national-20260919-491c601d4f3a6edef3e7","sourceId":"uniti-national-20260919","source":"Uniti Wholesale national core network","sourceUrl":"https://www.unitiwholesale.com/network-map/","name":"Uniti Wholesale national core network","carrier":"Uniti Wholesale","category":"unknown","routeStatus":"Publisher network map; current operating status unverified","evidence":"publisher_route","geometryQuality":"publisher_geometry_unverified","dataDate":null,"metadataModified":"2025-07-31T17:08:54+00:00","retrievedAt":"2026-09-19T13:31:22.089263+00:00","networkType":"Carrier-published national core geometry; generalized paths, not a survey","serviceability":"Unconfirmed","routeDiversity":"Unconfirmed","states":["LA"],"publishedLineParts":4,"importBatch":"20260919","sourceRecordIds":["13221","13228","13240","24678"]},"bbox":[-93.845523545,32.4606605060001,-93.748130647,32.5524579930001]},{"type":"Feature","geometry":{"type":"MultiLineString","coordinates":[[[-93.749024273,32.513792476],[-93.74708552,32.511798409]],[[-93.635332584,32.5381205210001],[-93.6299412109999,32.5387286160001]],[[-93.74708552,32.511798409],[-93.7465097,32.5112061510001],[-93.7481199599999,32.509850525]],[[-93.618221644,32.541760142],[-93.5978704239999,32.541321547],[-93.546127594,32.542117365]],[[-93.529146265,32.5420800840001],[-93.5293402839999,32.541815167]],[[-93.748119961,32.509850526],[-93.750040138,32.5084695040001],[-93.751696873,32.5100683750001]],[[-93.5294878879999,32.5420164060001],[-93.52934028,32.5418151650001]],[[-93.645143633,32.535742665],[-93.635332584,32.5381205210001]],[[-93.698892127,32.5249935570001],[-93.6974684209999,32.525581845],[-93.690281918,32.5257801130001]],[[-93.690281918,32.5257801130001],[-93.6753471849999,32.527899297],[-93.674579433,32.527537609],[-93.67061473,32.529336958],[-93.645143633,32.535742665]],[[-93.6299412109999,32.5387286160001],[-93.6249232529999,32.540747418],[-93.618221644,32.541760142]],[[-93.779969579,32.5524579930001],[-93.780285695,32.552855814],[-93.778082533,32.55560232],[-93.774810413,32.5566582480001],[-93.760443454,32.5564713790001],[-93.7438483719999,32.5546272170001],[-93.73306754,32.555137014],[-93.732142188,32.554466383],[-93.729476979,32.5545487050001],[-93.725476531,32.554986044],[-93.723160139,32.5561910480001],[-93.713612924,32.556401527],[-93.710308162,32.5554161860001],[-93.707434117,32.535255948],[-93.704241189,32.530685121],[-93.6988921239999,32.5249935580001]],[[-93.529487893,32.542016404],[-93.546127594,32.542117365]],[[-93.529146267,32.542080083],[-93.525824434,32.5429063760001],[-93.517285621,32.547682168]]]},"properties":{"id":"uniti-national-20260919-8a653faee3970d97979c","sourceId":"uniti-national-20260919","source":"Uniti Wholesale national core network","sourceUrl":"https://www.unitiwholesale.com/network-map/","name":"Uniti Wholesale national core network","carrier":"Uniti Wholesale","category":"unknown","routeStatus":"Publisher network map; current operating status unverified","evidence":"publisher_route","geometryQuality":"publisher_geometry_unverified","dataDate":null,"metadataModified":"2025-07-31T17:08:54+00:00","retrievedAt":"2026-09-19T13:31:22.089263+00:00","networkType":"Carrier-published national core geometry; generalized paths, not a survey","serviceability":"Unconfirmed","routeDiversity":"Unconfirmed","states":["LA"],"publishedLineParts":14,"importBatch":"20260919","sourceRecordIds":["13122","13137","13144","13153","13167","13173","13180","13183","13208","13226","13244","13245","13247","13248"]},"bbox":[-93.780285695,32.5084695040001,-93.517285621,32.5566582480001]},{"type":"Feature","geometry":{"type":"MultiLineString","coordinates":[[[-93.280823001,30.2372589],[-93.2216700929999,30.236291679]],[[-93.3836028699999,30.215304377],[-93.3790172499999,30.2152443950001],[-93.376587174,30.214106347],[-93.376461426,30.2131747170001],[-93.364049047,30.213167922]],[[-93.383602867,30.215304373],[-93.3245467529999,30.216360427],[-93.2808227359999,30.237258884]],[[-93.3836028699999,30.215304377],[-93.378995792,30.2153232],[-93.376538894,30.214133003],[-93.376408807,30.2132209330001],[-93.364047893,30.2131651990001]]]},"properties":{"id":"uniti-national-20260919-6b9a9b215b53a4218e20","sourceId":"uniti-national-20260919","source":"Uniti Wholesale national core network","sourceUrl":"https://www.unitiwholesale.com/network-map/","name":"Uniti Wholesale national core network","carrier":"Uniti Wholesale","category":"unknown","routeStatus":"Publisher network map; current operating status unverified","evidence":"publisher_route","geometryQuality":"publisher_geometry_unverified","dataDate":null,"metadataModified":"2025-07-31T17:08:54+00:00","retrievedAt":"2026-09-19T13:31:22.089263+00:00","networkType":"Carrier-published national core geometry; generalized paths, not a survey","serviceability":"Unconfirmed","routeDiversity":"Unconfirmed","states":["LA"],"publishedLineParts":4,"importBatch":"20260919","sourceRecordIds":["12158","12159","12170","12198"]},"bbox":[-93.3836028699999,30.2131651990001,-93.2216700929999,30.2372589]},{"type":"Feature","geometry":{"type":"MultiLineString","coordinates":[[[-93.456211823,32.5768619180001],[-93.446101347,32.5770847950001],[-93.4361847,32.5782322980001],[-93.431805772,32.5775985980001],[-93.42839673,32.578865067],[-93.392573985,32.581893181],[-93.351479091,32.586229786],[-93.344275441,32.5876982710001]],[[-93.34427544,32.5876982730001],[-93.339577885,32.589013106],[-93.3380944579999,32.588238489],[-93.336214666,32.5882269640001],[-93.3355965599999,32.5889900650001],[-93.33579493,32.5900254740001],[-93.325250865,32.592960051],[-93.315166443,32.5938771510001],[-93.31017846,32.593229745],[-93.29680236,32.5897108290001],[-93.294908286,32.587126357],[-93.292304028,32.5869491190001],[-93.2902761189999,32.5879532590001],[-93.287758255,32.5878282990001],[-93.261641541,32.582877952]],[[-93.517285621,32.547682168],[-93.499487132,32.560093737],[-93.491874637,32.566604666],[-93.480673455,32.5743657240001],[-93.478406994,32.575379631],[-93.472390784,32.575904875],[-93.4720587689999,32.576659853],[-93.456211823,32.5768619180001]]]},"properties":{"id":"uniti-national-20260919-592c8f9e00186238ab9e","sourceId":"uniti-national-20260919","source":"Uniti Wholesale national core network","sourceUrl":"https://www.unitiwholesale.com/network-map/","name":"Uniti Wholesale national core network","carrier":"Uniti Wholesale","category":"unknown","routeStatus":"Publisher network map; current operating status unverified","evidence":"publisher_route","geometryQuality":"publisher_geometry_unverified","dataDate":null,"metadataModified":"2025-07-31T17:08:54+00:00","retrievedAt":"2026-09-19T13:31:22.089263+00:00","networkType":"Carrier-published national core geometry; generalized paths, not a survey","serviceability":"Unconfirmed","routeDiversity":"Unconfirmed","states":["LA"],"publishedLineParts":3,"importBatch":"20260919","sourceRecordIds":["13170","13187","13211"]},"bbox":[-93.517285621,32.547682168,-93.261641541,32.5938771510001]},{"type":"Feature","geometry":{"type":"MultiLineString","coordinates":[[[-93.2216700929999,30.236291679],[-93.219834831,30.2353597170001]]]},"properties":{"id":"uniti-national-20260919-167d6bfe4ed0620fe19e","sourceId":"uniti-national-20260919","source":"Uniti Wholesale national core network","sourceUrl":"https://www.unitiwholesale.com/network-map/","name":"Uniti Wholesale national core network","carrier":"Uniti Wholesale","category":"unknown","routeStatus":"Publisher network map; current operating status unverified","evidence":"publisher_route","geometryQuality":"publisher_geometry_unverified","dataDate":null,"metadataModified":"2025-07-31T17:08:54+00:00","retrievedAt":"2026-09-19T13:31:22.089263+00:00","networkType":"Carrier-published national core geometry; generalized paths, not a survey","serviceability":"Unconfirmed","routeDiversity":"Unconfirmed","states":["LA"],"publishedLineParts":1,"importBatch":"20260919","sourceRecordIds":["12184"]},"bbox":[-93.2216700929999,30.2353597170001,-93.219834831,30.236291679]},{"type":"Feature","geometry":{"type":"MultiLineString","coordinates":[[[-93.261641541,32.582877952],[-93.2523713309999,32.5809566180001],[-93.2483158519999,32.5792949850001],[-93.244967623,32.579441543],[-93.236064539,32.577657087],[-93.2069974509999,32.5713510250001],[-93.204618381,32.570278089]],[[-93.161689273,32.563251989],[-93.159240164,32.561674657],[-93.15650278,32.56231907],[-93.146184574,32.561620541],[-93.0830099889999,32.563390481],[-93.0561374819999,32.563171131],[-93.054337091,32.561540872],[-93.052583408,32.563197554],[-93.0432976,32.562655174]],[[-93.172840348,32.565056042],[-93.161689273,32.563251989]],[[-93.2046183799999,32.570278086],[-93.172840348,32.565056042]],[[-93.0432976,32.562655174],[-93.022394821,32.560567656],[-92.966004982,32.5665968370001],[-92.9574377929999,32.566833022]]]},"properties":{"id":"uniti-national-20260919-f776a01cd2f6003a7502","sourceId":"uniti-national-20260919","source":"Uniti Wholesale national core network","sourceUrl":"https://www.unitiwholesale.com/network-map/","name":"Uniti Wholesale national core network","carrier":"Uniti Wholesale","category":"unknown","routeStatus":"Publisher network map; current operating status unverified","evidence":"publisher_route","geometryQuality":"publisher_geometry_unverified","dataDate":null,"metadataModified":"2025-07-31T17:08:54+00:00","retrievedAt":"2026-09-19T13:31:22.089263+00:00","networkType":"Carrier-published national core geometry; generalized paths, not a survey","serviceability":"Unconfirmed","routeDiversity":"Unconfirmed","states":["LA"],"publishedLineParts":5,"importBatch":"20260919","sourceRecordIds":["13123","13125","13166","13184","13229"]},"bbox":[-93.261641541,32.560567656,-92.9574377929999,32.582877952]},{"type":"Feature","geometry":{"type":"MultiLineString","coordinates":[[[-93.219834828,30.2353597100001],[-93.197745998,30.2358585930001],[-93.190658995,30.236734109],[-93.1805190039999,30.2465418],[-93.1290510059999,30.2446063040001],[-93.111023001,30.247627397],[-93.030578995,30.248016498],[-92.996872007,30.2504612010001],[-92.9767989919999,30.246076799],[-92.7377979999999,30.247657202],[-92.74018152,30.2448117440001]]]},"properties":{"id":"uniti-national-20260919-b9a5ebd97e9b91d1330e","sourceId":"uniti-national-20260919","source":"Uniti Wholesale national core network","sourceUrl":"https://www.unitiwholesale.com/network-map/","name":"Uniti Wholesale national core network","carrier":"Uniti Wholesale","category":"unknown","routeStatus":"Publisher network map; current operating status unverified","evidence":"publisher_route","geometryQuality":"publisher_geometry_unverified","dataDate":null,"metadataModified":"2025-07-31T17:08:54+00:00","retrievedAt":"2026-09-19T13:31:22.089263+00:00","networkType":"Carrier-published national core geometry; generalized paths, not a survey","serviceability":"Unconfirmed","routeDiversity":"Unconfirmed","states":["LA"],"publishedLineParts":1,"importBatch":"20260919","sourceRecordIds":["12168"]},"bbox":[-93.219834828,30.2353597100001,-92.7377979999999,30.2504612010001]},{"type":"Feature","geometry":{"type":"MultiLineString","coordinates":[[[-92.850756422,32.55165249],[-92.8274740319999,32.547647382]],[[-92.7873342089999,32.546707905],[-92.7856628769999,32.548150681],[-92.7805305259999,32.5479889580001],[-92.7688154209999,32.5468101710001],[-92.766326383,32.5451458160001],[-92.764405912,32.5464118130001],[-92.733767001,32.543257784]],[[-92.8274740319999,32.547647382],[-92.790070336,32.5481741350001],[-92.787931899,32.5475690970001],[-92.7873342089999,32.546707905]],[[-92.912717116,32.563742426],[-92.911487675,32.5632053640001],[-92.9113801949999,32.561887181],[-92.9087585139999,32.5629273540001],[-92.88759146,32.5583664590001],[-92.850756422,32.55165249]],[[-92.9574377929999,32.566833022],[-92.950598072,32.5669164180001],[-92.9469130209999,32.5655172240001],[-92.945558999,32.566987338],[-92.928753882,32.5668618760001],[-92.912717116,32.563742426]]]},"properties":{"id":"uniti-national-20260919-280112384bd92f0a372e","sourceId":"uniti-national-20260919","source":"Uniti Wholesale national core network","sourceUrl":"https://www.unitiwholesale.com/network-map/","name":"Uniti Wholesale national core network","carrier":"Uniti Wholesale","category":"unknown","routeStatus":"Publisher network map; current operating status unverified","evidence":"publisher_route","geometryQuality":"publisher_geometry_unverified","dataDate":null,"metadataModified":"2025-07-31T17:08:54+00:00","retrievedAt":"2026-09-19T13:31:22.089263+00:00","networkType":"Carrier-published national core geometry; generalized paths, not a survey","serviceability":"Unconfirmed","routeDiversity":"Unconfirmed","states":["LA"],"publishedLineParts":5,"importBatch":"20260919","sourceRecordIds":["13129","13148","13172","13190","13207"]},"bbox":[-92.9574377929999,32.543257784,-92.733767001,32.566987338]},{"type":"Feature","geometry":{"type":"MultiLineString","coordinates":[[[-92.740187942,30.24470312],[-92.738753742,30.2463402390001],[-92.736982768,30.247073485],[-92.727111102,30.2467734]],[[-92.7400397279999,30.2447039470001],[-92.7387577659999,30.2464236530001],[-92.737065295,30.2471129780001],[-92.727111102,30.2467734]],[[-92.74018152,30.244811741],[-92.740187942,30.2447031130001]],[[-92.740039726,30.2447039470001],[-92.7400356379999,30.244807102]]]},"properties":{"id":"uniti-national-20260919-3496441e6d2768147fc4","sourceId":"uniti-national-20260919","source":"Uniti Wholesale national core network","sourceUrl":"https://www.unitiwholesale.com/network-map/","name":"Uniti Wholesale national core network","carrier":"Uniti Wholesale","category":"unknown","routeStatus":"Publisher network map; current operating status unverified","evidence":"publisher_route","geometryQuality":"publisher_geometry_unverified","dataDate":null,"metadataModified":"2025-07-31T17:08:54+00:00","retrievedAt":"2026-09-19T13:31:22.089263+00:00","networkType":"Carrier-published national core geometry; generalized paths, not a survey","serviceability":"Unconfirmed","routeDiversity":"Unconfirmed","states":["LA"],"publishedLineParts":4,"importBatch":"20260919","sourceRecordIds":["12154","12178","12180","12208"]},"bbox":[-92.740187942,30.2447031130001,-92.727111102,30.2471129780001]},{"type":"Feature","geometry":{"type":"MultiLineString","coordinates":[[[-92.6488722779999,32.539450351],[-92.641162707,32.539855629],[-92.637374711,32.5389791770001],[-92.6360599239999,32.5395378480001],[-92.6310326669999,32.539205124],[-92.630915283,32.53977753],[-92.618095818,32.5394687510001]],[[-92.618095818,32.5394687510001],[-92.617387832,32.538885152],[-92.614782301,32.539719715],[-92.569508,32.539549368]],[[-92.682307937,32.540380785],[-92.677441666,32.5402924480001],[-92.67678069,32.5395803070001],[-92.655587555,32.5393737380001],[-92.6531836189999,32.5386865020001],[-92.6488722779999,32.539450351]],[[-92.569508,32.539549368],[-92.520272379,32.539212494]],[[-92.733767001,32.5432577810001],[-92.7211159249999,32.5419222080001]],[[-92.7211159249999,32.5419222080001],[-92.715204319,32.541108836],[-92.713876409,32.539893068],[-92.714268127,32.539294805],[-92.711056855,32.5408556850001],[-92.698081346,32.540044096],[-92.682437356,32.540383503]],[[-92.520272379,32.539212494],[-92.5117556,32.5382538270001],[-92.5108507999999,32.5357430660001]],[[-92.682437356,32.540383503],[-92.683174147,32.5400303320001]],[[-92.6823079329999,32.540380783],[-92.683174147,32.5400303320001]]]},"properties":{"id":"uniti-national-20260919-47665d8b4f972a94c8a5","sourceId":"uniti-national-20260919","source":"Uniti Wholesale national core network","sourceUrl":"https://www.unitiwholesale.com/network-map/","name":"Uniti Wholesale national core network","carrier":"Uniti Wholesale","category":"unknown","routeStatus":"Publisher network map; current operating status unverified","evidence":"publisher_route","geometryQuality":"publisher_geometry_unverified","dataDate":null,"metadataModified":"2025-07-31T17:08:54+00:00","retrievedAt":"2026-09-19T13:31:22.089263+00:00","networkType":"Carrier-published national core geometry; generalized paths, not a survey","serviceability":"Unconfirmed","routeDiversity":"Unconfirmed","states":["LA"],"publishedLineParts":9,"importBatch":"20260919","sourceRecordIds":["13121","13142","13143","13146","13151","13158","13198","13199","13205"]},"bbox":[-92.733767001,32.5357430660001,-92.5108507999999,32.5432577810001]},{"type":"Feature","geometry":{"type":"MultiLineString","coordinates":[[[-92.7400356379999,30.244807102],[-92.7387478489999,30.2469166390001],[-92.7373948109999,30.2476396160001],[-92.6495744589999,30.246917742],[-92.6438139639999,30.246177937],[-92.606086725,30.2364405000001],[-92.5001601659999,30.2312089390001],[-92.46859741,30.233314337],[-92.4500501699999,30.235954087],[-92.340492367,30.235641539],[-92.286109994,30.251472584],[-92.250152456,30.252321414],[-92.213798395,30.2479324600001],[-92.051025548,30.246482825],[-92.036285412,30.2509594700001],[-92.0143434129999,30.2599700320001]]]},"properties":{"id":"uniti-national-20260919-8070e9932eefde2d947d","sourceId":"uniti-national-20260919","source":"Uniti Wholesale national core network","sourceUrl":"https://www.unitiwholesale.com/network-map/","name":"Uniti Wholesale national core network","carrier":"Uniti Wholesale","category":"unknown","routeStatus":"Publisher network map; current operating status unverified","evidence":"publisher_route","geometryQuality":"publisher_geometry_unverified","dataDate":null,"metadataModified":"2025-07-31T17:08:54+00:00","retrievedAt":"2026-09-19T13:31:22.089263+00:00","networkType":"Carrier-published national core geometry; generalized paths, not a survey","serviceability":"Unconfirmed","routeDiversity":"Unconfirmed","states":["LA"],"publishedLineParts":1,"importBatch":"20260919","sourceRecordIds":["12205"]},"bbox":[-92.7400356379999,30.2312089390001,-92.0143434129999,30.2599700320001]},{"type":"Feature","geometry":{"type":"MultiLineString","coordinates":[[[-92.463779151,32.530777324],[-92.442490379,32.528011502],[-92.4327420499999,32.52499075],[-92.4171249569999,32.521980765],[-92.395007028,32.5215553730001]],[[-92.395007028,32.5215553730001],[-92.365705219,32.5215331690001],[-92.363945125,32.520817505],[-92.3605897479999,32.521305617],[-92.341374601,32.520413901],[-92.334255215,32.5197567700001],[-92.3308360459999,32.5185079230001],[-92.329762866,32.518914087],[-92.324405712,32.5169727320001]],[[-92.324405712,32.5169727320001],[-92.304436229,32.5108713120001],[-92.298156133,32.50978551],[-92.247737625,32.509508273]],[[-92.5108507999999,32.5357430660001],[-92.508657156,32.537712743],[-92.463779151,32.530777324]]]},"properties":{"id":"uniti-national-20260919-aa8daec91f7e4f0c1663","sourceId":"uniti-national-20260919","source":"Uniti Wholesale national core network","sourceUrl":"https://www.unitiwholesale.com/network-map/","name":"Uniti Wholesale national core network","carrier":"Uniti Wholesale","category":"unknown","routeStatus":"Publisher network map; current operating status unverified","evidence":"publisher_route","geometryQuality":"publisher_geometry_unverified","dataDate":null,"metadataModified":"2025-07-31T17:08:54+00:00","retrievedAt":"2026-09-19T13:31:22.089263+00:00","networkType":"Carrier-published national core geometry; generalized paths, not a survey","serviceability":"Unconfirmed","routeDiversity":"Unconfirmed","states":["LA"],"publishedLineParts":4,"importBatch":"20260919","sourceRecordIds":["13115","13177","13202","13233"]},"bbox":[-92.5108507999999,32.509508273,-92.247737625,32.537712743]},{"type":"Feature","geometry":{"type":"MultiLineString","coordinates":[[[-92.020246,30.2255453000001],[-92.0207809999999,30.2253059],[-92.020967,30.2268815000001],[-92.0228479999999,30.2269795],[-92.022991,30.2252127]],[[-92.0202459239999,30.2255452640001],[-92.0199281339999,30.2257319870001]],[[-92.0125365059999,30.2263593700001],[-92.0107607149999,30.2270609650001],[-92.009306822,30.228718535],[-92.010493641,30.230341331],[-92.009292119,30.2305982990001],[-92.005200396,30.251934614],[-92.0053500819999,30.2553966520001],[-92.007353881,30.262470395]],[[-92.0131239999999,30.2255966000001],[-92.013075,30.2257539]],[[-92.022991,30.2252127],[-92.022939,30.2228313],[-92.020888,30.2228299000001],[-92.019898,30.2235066000001]],[[-92.013075795,30.225752985],[-92.0124984079999,30.226325946],[-92.014002157,30.2288865860001],[-92.01764894,30.227445914],[-92.0196616329999,30.2252960970001],[-92.020245922,30.225545266]],[[-92.0202459239999,30.2255452630001],[-92.019928136,30.2257319870001]],[[-92.019897596,30.223506624],[-92.0196941,30.2228808740001],[-92.017463546,30.2228372920001],[-92.015994577,30.225134768],[-92.0125365059999,30.2263593700001]]]},"properties":{"id":"uniti-national-20260919-fa8081d4cb649217cd7d","sourceId":"uniti-national-20260919","source":"Uniti Wholesale national core network","sourceUrl":"https://www.unitiwholesale.com/network-map/","name":"Uniti Wholesale national core network","carrier":"Uniti Wholesale","category":"unknown","routeStatus":"Publisher network map; current operating status unverified","evidence":"publisher_route","geometryQuality":"publisher_geometry_unverified","dataDate":null,"metadataModified":"2025-07-31T17:08:54+00:00","retrievedAt":"2026-09-19T13:31:22.089263+00:00","networkType":"Carrier-published national core geometry; generalized paths, not a survey","serviceability":"Unconfirmed","routeDiversity":"Unconfirmed","states":["LA"],"publishedLineParts":8,"importBatch":"20260919","sourceRecordIds":["12155","12162","12163","12166","12169","12174","12200","12206"]},"bbox":[-92.022991,30.2228299000001,-92.005200396,30.262470395]},{"type":"Feature","geometry":{"type":"MultiLineString","coordinates":[[[-92.007353881,30.262470395],[-91.996206462,30.266360978]]]},"properties":{"id":"uniti-national-20260919-d7a8ab5c3979c740da03","sourceId":"uniti-national-20260919","source":"Uniti Wholesale national core network","sourceUrl":"https://www.unitiwholesale.com/network-map/","name":"Uniti Wholesale national core network","carrier":"Uniti Wholesale","category":"unknown","routeStatus":"Publisher network map; current operating status unverified","evidence":"publisher_route","geometryQuality":"publisher_geometry_unverified","dataDate":null,"metadataModified":"2025-07-31T17:08:54+00:00","retrievedAt":"2026-09-19T13:31:22.089263+00:00","networkType":"Carrier-published national core geometry; generalized paths, not a survey","serviceability":"Unconfirmed","routeDiversity":"Unconfirmed","states":["LA"],"publishedLineParts":1,"importBatch":"20260919","sourceRecordIds":["12207"]},"bbox":[-92.007353881,30.262470395,-91.996206462,30.266360978]},{"type":"Feature","geometry":{"type":"MultiLineString","coordinates":[[[-92.0649849229999,32.500545124],[-92.06480365,32.4984208870001]],[[-92.064648219,32.4984213060001],[-92.064803276,32.498420863]],[[-92.141798609,32.496436659],[-92.1319233039999,32.4969638360001],[-92.1269430029999,32.4956083960001],[-92.125948124,32.4962537810001],[-92.122326088,32.4953252220001],[-92.1178190809999,32.495197701],[-92.112112646,32.4975224450001]],[[-92.112112646,32.4975224450001],[-92.108204609,32.5000088850001],[-92.1052817779999,32.50081127],[-92.1038483309999,32.500707026],[-92.103563009,32.5000055900001],[-92.10034745,32.4999528550001],[-92.1006812909999,32.4994319040001],[-92.098458878,32.4990007060001],[-92.0983676289999,32.4996013040001],[-92.095249021,32.499632035],[-92.0933755779999,32.4995519980001],[-92.093203398,32.498727084],[-92.0922467409999,32.499358004],[-92.087463515,32.498919453],[-92.083973176,32.4959865100001]],[[-92.064800743,32.4983780850001],[-92.065780252,32.497044492],[-92.067492838,32.4965681150001],[-92.072613427,32.497339315]],[[-92.0726134239999,32.4973393120001],[-92.080122885,32.498393977],[-92.081734032,32.497715097],[-92.082324926,32.495801075],[-92.083973176,32.4959865100001]],[[-92.0646482229999,32.4984212960001],[-92.064800743,32.4983780850001]],[[-91.990800281,32.495452414],[-92.055313298,32.50035312]],[[-92.055313298,32.50035312],[-92.0634252,32.5006174270001],[-92.063721535,32.498880394],[-92.064416023,32.498925192],[-92.06449969,32.4983553230001]],[[-92.06449969,32.4983553230001],[-92.0646328029999,32.4984212260001]]]},"properties":{"id":"uniti-national-20260919-cfe45e0cef60e3c81718","sourceId":"uniti-national-20260919","source":"Uniti Wholesale national core network","sourceUrl":"https://www.unitiwholesale.com/network-map/","name":"Uniti Wholesale national core network","carrier":"Uniti Wholesale","category":"unknown","routeStatus":"Publisher network map; current operating status unverified","evidence":"publisher_route","geometryQuality":"publisher_geometry_unverified","dataDate":null,"metadataModified":"2025-07-31T17:08:54+00:00","retrievedAt":"2026-09-19T13:31:22.089263+00:00","networkType":"Carrier-published national core geometry; generalized paths, not a survey","serviceability":"Unconfirmed","routeDiversity":"Unconfirmed","states":["LA"],"publishedLineParts":10,"importBatch":"20260919","sourceRecordIds":["13038","13053","13140","13197","13220","13241","13848","24581","24676","24693"]},"bbox":[-92.141798609,32.495197701,-91.990800281,32.50081127]},{"type":"Feature","geometry":{"type":"MultiLineString","coordinates":[[[-92.0800582749999,32.5220718630001],[-92.079341606,32.5197949440001],[-92.0821772049999,32.5047000490001],[-92.082482188,32.5021297330001],[-92.081796367,32.501364359]],[[-92.0015169,32.7180416520001],[-92.002152955,32.713059962],[-92.0048462559999,32.708479206]],[[-92.070544647,32.5866065600001],[-92.072248179,32.580144434],[-92.0721453369999,32.577896718]],[[-92.068484713,32.59429228],[-92.07054461,32.5866067050001]],[[-92.072145333,32.577896717],[-92.076505222,32.551061609]],[[-92.076887395,32.549152287],[-92.077264521,32.544681972]],[[-92.036466863,32.6909799530001],[-92.041763492,32.688733611],[-92.046374682,32.684513117],[-92.044655126,32.6724852840001],[-92.0456909439999,32.6672411830001],[-92.059041313,32.644906092],[-92.0634960309999,32.635071796],[-92.062472038,32.62904754],[-92.062528994,32.6230630480001],[-92.0614017789999,32.6136959520001],[-92.0684847379999,32.59429227]],[[-92.081796367,32.5013643610001],[-92.080913314,32.501922881],[-92.064984924,32.500545125]],[[-92.076887395,32.549152287],[-92.076505222,32.551061609]],[[-92.0048462559999,32.708479206],[-92.0170378559999,32.6981389960001],[-92.036466859,32.6909799470001]],[[-92.077264521,32.544681972],[-92.081173319,32.524757601],[-92.080055255,32.5220671280001]],[[-92.247737625,32.509508273],[-92.2472893089999,32.509009792],[-92.2445655769999,32.509976937],[-92.216463214,32.510243184],[-92.212346566,32.5098074630001],[-92.2046894809999,32.5103763160001]],[[-92.2046894809999,32.5103763160001],[-92.194452127,32.510612055],[-92.1916629569999,32.5085231140001],[-92.189956344,32.510672206],[-92.1744621449999,32.510948097],[-92.166656554,32.5104142820001],[-92.1597274219999,32.507042578],[-92.1582569509999,32.5057977660001],[-92.157087265,32.503255746]],[[-92.157087267,32.503255741],[-92.156124679,32.504067568],[-92.1547127169999,32.503892686],[-92.1476092459999,32.499513802],[-92.1404005639999,32.4977596190001],[-92.141798615,32.4964366610001]]]},"properties":{"id":"uniti-national-20260919-58417b7cf1f60d2cfc4b","sourceId":"uniti-national-20260919","source":"Uniti Wholesale national core network","sourceUrl":"https://www.unitiwholesale.com/network-map/","name":"Uniti Wholesale national core network","carrier":"Uniti Wholesale","category":"unknown","routeStatus":"Publisher network map; current operating status unverified","evidence":"publisher_route","geometryQuality":"publisher_geometry_unverified","dataDate":null,"metadataModified":"2025-07-31T17:08:54+00:00","retrievedAt":"2026-09-19T13:31:22.089263+00:00","networkType":"Carrier-published national core geometry; generalized paths, not a survey","serviceability":"Unconfirmed","routeDiversity":"Unconfirmed","states":["LA"],"publishedLineParts":14,"importBatch":"20260919","sourceRecordIds":["12949","13001","13013","13042","13044","13049","13050","13079","13080","13094","13099","13124","13161","13169"]},"bbox":[-92.247737625,32.4964366610001,-92.0015169,32.7180416520001]},{"type":"Feature","geometry":{"type":"MultiLineString","coordinates":[[[-92.013211042,30.225552485],[-91.998663471,30.1972850230001],[-91.990210183,30.182489086],[-91.969488917,30.158443365],[-91.875608975,30.0546630380001],[-91.828947838,30.013532872],[-91.8175570659999,30.0020616],[-91.8126742649999,29.9993171590001],[-91.755766696,29.9754317090001],[-91.663946755,29.9086078220001],[-91.6589507689999,29.9055649900001]]]},"properties":{"id":"uniti-national-20260919-08afce21298bbfc6ce87","sourceId":"uniti-national-20260919","source":"Uniti Wholesale national core network","sourceUrl":"https://www.unitiwholesale.com/network-map/","name":"Uniti Wholesale national core network","carrier":"Uniti Wholesale","category":"unknown","routeStatus":"Publisher network map; current operating status unverified","evidence":"publisher_route","geometryQuality":"publisher_geometry_unverified","dataDate":null,"metadataModified":"2025-07-31T17:08:54+00:00","retrievedAt":"2026-09-19T13:31:22.089263+00:00","networkType":"Carrier-published national core geometry; generalized paths, not a survey","serviceability":"Unconfirmed","routeDiversity":"Unconfirmed","states":["LA"],"publishedLineParts":1,"importBatch":"20260919","sourceRecordIds":["12183"]},"bbox":[-92.013211042,29.9055649900001,-91.6589507689999,30.225552485]},{"type":"Feature","geometry":{"type":"MultiLineString","coordinates":[[[-91.996206462,30.266360978],[-91.984009422,30.270422588]],[[-92.014343411,30.259970039],[-92.002963993,30.26400912],[-92.002042567,30.2648145790001],[-91.984009425,30.270422592]]]},"properties":{"id":"uniti-national-20260919-608492a71a6f251b54d3","sourceId":"uniti-national-20260919","source":"Uniti Wholesale national core network","sourceUrl":"https://www.unitiwholesale.com/network-map/","name":"Uniti Wholesale national core network","carrier":"Uniti Wholesale","category":"unknown","routeStatus":"Publisher network map; current operating status unverified","evidence":"publisher_route","geometryQuality":"publisher_geometry_unverified","dataDate":null,"metadataModified":"2025-07-31T17:08:54+00:00","retrievedAt":"2026-09-19T13:31:22.089263+00:00","networkType":"Carrier-published national core geometry; generalized paths, not a survey","serviceability":"Unconfirmed","routeDiversity":"Unconfirmed","states":["LA"],"publishedLineParts":2,"importBatch":"20260919","sourceRecordIds":["12157","12187"]},"bbox":[-92.014343411,30.259970039,-91.984009422,30.270422592]},{"type":"Feature","geometry":{"type":"MultiLineString","coordinates":[[[-91.6479454819999,32.468884855],[-91.882162603,32.486856544]],[[-91.990800281,32.495452414],[-91.989841696,32.495374127]],[[-91.882162603,32.486856544],[-91.932768191,32.4909247630001]],[[-91.9335829949999,32.490987428],[-91.989841696,32.495374127]],[[-91.9335835099999,32.490988407],[-91.932766778,32.490925061]]]},"properties":{"id":"uniti-national-20260919-326eb8b474538f45cd29","sourceId":"uniti-national-20260919","source":"Uniti Wholesale national core network","sourceUrl":"https://www.unitiwholesale.com/network-map/","name":"Uniti Wholesale national core network","carrier":"Uniti Wholesale","category":"unknown","routeStatus":"Publisher network map; current operating status unverified","evidence":"publisher_route","geometryQuality":"publisher_geometry_unverified","dataDate":null,"metadataModified":"2025-07-31T17:08:54+00:00","retrievedAt":"2026-09-19T13:31:22.089263+00:00","networkType":"Carrier-published national core geometry; generalized paths, not a survey","serviceability":"Unconfirmed","routeDiversity":"Unconfirmed","states":["LA"],"publishedLineParts":5,"importBatch":"20260919","sourceRecordIds":["24568","24657","24677","24695","24696"]},"bbox":[-91.990800281,32.468884855,-91.6479454819999,32.495452414]},{"type":"Feature","geometry":{"type":"MultiLineString","coordinates":[[[-91.961117308,32.757727376],[-91.963662603,32.7531313380001],[-91.9771130349999,32.7469235680001],[-91.992328301,32.737417677],[-92.000843109,32.724952107],[-92.0015169059999,32.718041654]]]},"properties":{"id":"uniti-national-20260919-e3fd33d3c96a13c2bd08","sourceId":"uniti-national-20260919","source":"Uniti Wholesale national core network","sourceUrl":"https://www.unitiwholesale.com/network-map/","name":"Uniti Wholesale national core network","carrier":"Uniti Wholesale","category":"unknown","routeStatus":"Publisher network map; current operating status unverified","evidence":"publisher_route","geometryQuality":"publisher_geometry_unverified","dataDate":null,"metadataModified":"2025-07-31T17:08:54+00:00","retrievedAt":"2026-09-19T13:31:22.089263+00:00","networkType":"Carrier-published national core geometry; generalized paths, not a survey","serviceability":"Unconfirmed","routeDiversity":"Unconfirmed","states":["LA"],"publishedLineParts":1,"importBatch":"20260919","sourceRecordIds":["13074"]},"bbox":[-92.0015169059999,32.718041654,-91.961117308,32.757727376]},{"type":"Feature","geometry":{"type":"MultiLineString","coordinates":[[[-91.861144068,32.907674635],[-91.8627575259999,32.9011092690001],[-91.8609766339999,32.8909881650001],[-91.863036173,32.8847000330001]],[[-91.855762232,33.008628496],[-91.859099623,32.976938632]],[[-91.8590996189999,32.976938627],[-91.85969643,32.972004472],[-91.8591547189999,32.968479722]],[[-91.884941482,32.825409832],[-91.891062592,32.8201935550001],[-91.895917281,32.8106778740001],[-91.9104470079999,32.794051503],[-91.9128700479999,32.788361939],[-91.92028395,32.788358314]],[[-91.920283948,32.788358316],[-91.9199644939999,32.7801081210001],[-91.920666849,32.780101234]],[[-91.8591547189999,32.968479722],[-91.852549987,32.94690867],[-91.8523487369999,32.944984359],[-91.854262735,32.936708057]],[[-91.863036173,32.8847000330001],[-91.865031562,32.877655296],[-91.869573329,32.8696976960001],[-91.8722589229999,32.8573466180001],[-91.878048897,32.8399049070001],[-91.8774771929999,32.833157171],[-91.877872817,32.8317745360001],[-91.884941485,32.8254098360001]],[[-91.920666849,32.780101234],[-91.923394661,32.779973404],[-91.923383359,32.776031952],[-91.92617286,32.7746519250001],[-91.9355232029999,32.774434012],[-91.944862534,32.7755932360001],[-91.950000959,32.7753922250001],[-91.9518700469999,32.7735555680001],[-91.954894199,32.7634891440001],[-91.959522685,32.7600861010001],[-91.961117308,32.757727376]],[[-91.854262735,32.936708057],[-91.861144068,32.907674635]]]},"properties":{"id":"uniti-national-20260919-03298ebdd5cdfd6d94af","sourceId":"uniti-national-20260919","source":"Uniti Wholesale national core network","sourceUrl":"https://www.unitiwholesale.com/network-map/","name":"Uniti Wholesale national core network","carrier":"Uniti Wholesale","category":"unknown","routeStatus":"Publisher network map; current operating status unverified","evidence":"publisher_route","geometryQuality":"publisher_geometry_unverified","dataDate":null,"metadataModified":"2025-07-31T17:08:54+00:00","retrievedAt":"2026-09-19T13:31:22.089263+00:00","networkType":"Carrier-published national core geometry; generalized paths, not a survey","serviceability":"Unconfirmed","routeDiversity":"Unconfirmed","states":["LA"],"publishedLineParts":9,"importBatch":"20260919","sourceRecordIds":["12955","12957","12958","12974","12989","13000","13010","13055","13065"]},"bbox":[-91.961117308,32.757727376,-91.8523487369999,33.008628496]},{"type":"Feature","geometry":{"type":"MultiLineString","coordinates":[[[-91.6589507579999,29.905564989],[-91.600494339,29.87968432],[-91.593147265,29.8752039350001],[-91.514657155,29.7968932810001],[-91.5156377709999,29.796851389]]]},"properties":{"id":"uniti-national-20260919-1d0b4bd04a7801b1ce3b","sourceId":"uniti-national-20260919","source":"Uniti Wholesale national core network","sourceUrl":"https://www.unitiwholesale.com/network-map/","name":"Uniti Wholesale national core network","carrier":"Uniti Wholesale","category":"unknown","routeStatus":"Publisher network map; current operating status unverified","evidence":"publisher_route","geometryQuality":"publisher_geometry_unverified","dataDate":null,"metadataModified":"2025-07-31T17:08:54+00:00","retrievedAt":"2026-09-19T13:31:22.089263+00:00","networkType":"Carrier-published national core geometry; generalized paths, not a survey","serviceability":"Unconfirmed","routeDiversity":"Unconfirmed","states":["LA"],"publishedLineParts":1,"importBatch":"20260919","sourceRecordIds":["12176"]},"bbox":[-91.6589507579999,29.796851389,-91.514657155,29.905564989]},{"type":"Feature","geometry":{"type":"MultiLineString","coordinates":[[[-91.6479454819999,32.468884855],[-91.6476495699999,32.468861405]]]},"properties":{"id":"uniti-national-20260919-61f0f948b55dbd904d06","sourceId":"uniti-national-20260919","source":"Uniti Wholesale national core network","sourceUrl":"https://www.unitiwholesale.com/network-map/","name":"Uniti Wholesale national core network","carrier":"Uniti Wholesale","category":"unknown","routeStatus":"Publisher network map; current operating status unverified","evidence":"publisher_route","geometryQuality":"publisher_geometry_unverified","dataDate":null,"metadataModified":"2025-07-31T17:08:54+00:00","retrievedAt":"2026-09-19T13:31:22.089263+00:00","networkType":"Carrier-published national core geometry; generalized paths, not a survey","serviceability":"Unconfirmed","routeDiversity":"Unconfirmed","states":["LA"],"publishedLineParts":1,"importBatch":"20260919","sourceRecordIds":["24603"]},"bbox":[-91.6479454819999,32.468861405,-91.6476495699999,32.468884855]},{"type":"Feature","geometry":{"type":"MultiLineString","coordinates":[[[-91.210138276,32.412565156],[-91.3211532399999,32.4286065950001],[-91.3729705979999,32.4322848690001],[-91.38004477,32.4340230490001],[-91.421132069,32.449070372],[-91.4453060179999,32.452899932],[-91.647649519,32.468861401]]]},"properties":{"id":"uniti-national-20260919-26452a535a5c52a3a0bb","sourceId":"uniti-national-20260919","source":"Uniti Wholesale national core network","sourceUrl":"https://www.unitiwholesale.com/network-map/","name":"Uniti Wholesale national core network","carrier":"Uniti Wholesale","category":"unknown","routeStatus":"Publisher network map; current operating status unverified","evidence":"publisher_route","geometryQuality":"publisher_geometry_unverified","dataDate":null,"metadataModified":"2025-07-31T17:08:54+00:00","retrievedAt":"2026-09-19T13:31:22.089263+00:00","networkType":"Carrier-published national core geometry; generalized paths, not a survey","serviceability":"Unconfirmed","routeDiversity":"Unconfirmed","states":["LA"],"publishedLineParts":1,"importBatch":"20260919","sourceRecordIds":["24674"]},"bbox":[-91.647649519,32.412565156,-91.210138276,32.468861401]},{"type":"Feature","geometry":{"type":"MultiLineString","coordinates":[[[-91.515637768,29.79685139],[-91.512657168,29.79515817],[-91.495490898,29.7778969720001],[-91.390716641,29.7070807430001],[-91.380256834,29.7005766450001],[-91.367523126,29.6968062820001],[-91.357910265,29.6963080290001],[-91.3112182519999,29.6888999290001],[-91.308677533,29.687839635],[-91.296058498,29.679508184],[-91.2911681209999,29.677795438],[-91.287315419,29.6772915450001],[-91.284103177,29.677477131],[-91.223205659,29.6900388120001],[-91.207626488,29.693834342],[-91.201637218,29.694107128],[-91.150848482,29.6861344490001],[-91.1459577539999,29.684311199],[-91.136672924,29.6766946870001],[-91.129730071,29.6724703830001],[-91.1192932709999,29.6691512960001],[-91.109779282,29.6683181340001],[-91.038902273,29.666599058],[-91.032394596,29.667207686],[-91.0247572439999,29.6688673460001],[-91.016296515,29.6730210630001],[-91.01077257,29.677434727],[-91.005722206,29.683244685],[-90.997787662,29.688079595],[-90.93073262,29.7003534990001],[-90.904052915,29.709092873],[-90.8295898009999,29.740720675],[-90.821104916,29.743783707],[-90.8170005119999,29.744419485]]]},"properties":{"id":"uniti-national-20260919-1148a57f21f5ede81ed5","sourceId":"uniti-national-20260919","source":"Uniti Wholesale national core network","sourceUrl":"https://www.unitiwholesale.com/network-map/","name":"Uniti Wholesale national core network","carrier":"Uniti Wholesale","category":"unknown","routeStatus":"Publisher network map; current operating status unverified","evidence":"publisher_route","geometryQuality":"publisher_geometry_unverified","dataDate":null,"metadataModified":"2025-07-31T17:08:54+00:00","retrievedAt":"2026-09-19T13:31:22.089263+00:00","networkType":"Carrier-published national core geometry; generalized paths, not a survey","serviceability":"Unconfirmed","routeDiversity":"Unconfirmed","states":["LA"],"publishedLineParts":1,"importBatch":"20260919","sourceRecordIds":["12173"]},"bbox":[-91.515637768,29.666599058,-90.8170005119999,29.79685139]},{"type":"Feature","geometry":{"type":"MultiLineString","coordinates":[[[-91.210065946,32.4125401200001],[-91.2101241559999,32.4124121890001]],[[-91.2101241559999,32.4124121890001],[-91.2101389649999,32.412565607]]]},"properties":{"id":"uniti-national-20260919-b610f0c985200b8b83cd","sourceId":"uniti-national-20260919","source":"Uniti Wholesale national core network","sourceUrl":"https://www.unitiwholesale.com/network-map/","name":"Uniti Wholesale national core network","carrier":"Uniti Wholesale","category":"unknown","routeStatus":"Publisher network map; current operating status unverified","evidence":"publisher_route","geometryQuality":"publisher_geometry_unverified","dataDate":null,"metadataModified":"2025-07-31T17:08:54+00:00","retrievedAt":"2026-09-19T13:31:22.089263+00:00","networkType":"Carrier-published national core geometry; generalized paths, not a survey","serviceability":"Unconfirmed","routeDiversity":"Unconfirmed","states":["LA"],"publishedLineParts":2,"importBatch":"20260919","sourceRecordIds":["24580","24681"]},"bbox":[-91.2101389649999,32.4124121890001,-91.210065946,32.412565607]},{"type":"Feature","geometry":{"type":"MultiLineString","coordinates":[[[-90.817000511,29.7444194830001],[-90.811748976,29.7451428310001]]]},"properties":{"id":"uniti-national-20260919-57426d2f8bef9be6d278","sourceId":"uniti-national-20260919","source":"Uniti Wholesale national core network","sourceUrl":"https://www.unitiwholesale.com/network-map/","name":"Uniti Wholesale national core network","carrier":"Uniti Wholesale","category":"unknown","routeStatus":"Publisher network map; current operating status unverified","evidence":"publisher_route","geometryQuality":"publisher_geometry_unverified","dataDate":null,"metadataModified":"2025-07-31T17:08:54+00:00","retrievedAt":"2026-09-19T13:31:22.089263+00:00","networkType":"Carrier-published national core geometry; generalized paths, not a survey","serviceability":"Unconfirmed","routeDiversity":"Unconfirmed","states":["LA"],"publishedLineParts":1,"importBatch":"20260919","sourceRecordIds":["12156"]},"bbox":[-90.817000511,29.7444194830001,-90.811748976,29.7451428310001]},{"type":"Feature","geometry":{"type":"MultiLineString","coordinates":[[[-90.5044580049999,30.647699591],[-90.507365093,30.65885524],[-90.508166334,30.70180406],[-90.509965375,30.720887729]]]},"properties":{"id":"uniti-national-20260919-5543d9c49413e7416f1e","sourceId":"uniti-national-20260919","source":"Uniti Wholesale national core network","sourceUrl":"https://www.unitiwholesale.com/network-map/","name":"Uniti Wholesale national core network","carrier":"Uniti Wholesale","category":"unknown","routeStatus":"Publisher network map; current operating status unverified","evidence":"publisher_route","geometryQuality":"publisher_geometry_unverified","dataDate":null,"metadataModified":"2025-07-31T17:08:54+00:00","retrievedAt":"2026-09-19T13:31:22.089263+00:00","networkType":"Carrier-published national core geometry; generalized paths, not a survey","serviceability":"Unconfirmed","routeDiversity":"Unconfirmed","states":["LA"],"publishedLineParts":1,"importBatch":"20260919","sourceRecordIds":["14268"]},"bbox":[-90.509965375,30.647699591,-90.5044580049999,30.720887729]},{"type":"Feature","geometry":{"type":"MultiLineString","coordinates":[[[-90.509986,30.7967936],[-90.511274,30.8746603000001]],[[-90.51127372,30.8746602740001],[-90.5127433169999,30.9225696450001],[-90.5122507569999,30.928063761],[-90.508955621,30.933366574],[-90.5085477,30.937920994]],[[-90.5099653839999,30.720887728],[-90.510388513,30.746217435],[-90.509588314,30.783763009],[-90.509985993,30.796793608]]]},"properties":{"id":"uniti-national-20260919-4d46883f1e81ada7a46c","sourceId":"uniti-national-20260919","source":"Uniti Wholesale national core network","sourceUrl":"https://www.unitiwholesale.com/network-map/","name":"Uniti Wholesale national core network","carrier":"Uniti Wholesale","category":"unknown","routeStatus":"Publisher network map; current operating status unverified","evidence":"publisher_route","geometryQuality":"publisher_geometry_unverified","dataDate":null,"metadataModified":"2025-07-31T17:08:54+00:00","retrievedAt":"2026-09-19T13:31:22.089263+00:00","networkType":"Carrier-published national core geometry; generalized paths, not a survey","serviceability":"Unconfirmed","routeDiversity":"Unconfirmed","states":["LA"],"publishedLineParts":3,"importBatch":"20260919","sourceRecordIds":["14226","14247","14255"]},"bbox":[-90.5127433169999,30.720887728,-90.5085477,30.937920994]},{"type":"Feature","geometry":{"type":"MultiLineString","coordinates":[[[-90.8117489699999,29.7451428300001],[-90.807403657,29.7499010830001],[-90.760856796,29.768352411],[-90.7588499079999,29.7686288040001],[-90.598175201,29.7458763110001],[-90.585067836,29.746257625],[-90.574592631,29.748615597],[-90.565635672,29.752519664],[-90.5592497379999,29.756467517],[-90.5143127979999,29.790746719],[-90.485420034,29.820492099],[-90.480903678,29.823070311],[-90.468124216,29.8282129400001],[-90.458236805,29.835838585],[-90.4554442399999,29.839687521],[-90.454437221,29.8425028710001],[-90.4534301849999,29.854608483],[-90.454315341,29.8606602190001],[-90.454063457,29.863328752],[-90.452064401,29.868501634],[-90.449470709,29.871988091],[-90.447296022,29.8737199710001],[-90.421241664,29.8893376940001],[-90.408073397,29.892994097],[-90.391731179,29.9012276670001],[-90.326568653,29.919017855],[-90.272552602,29.9411942790001],[-90.268112161,29.941557097],[-90.2621155309999,29.940538315],[-90.2260057399999,29.9247721570001],[-90.2116545549999,29.9191895290001],[-90.1805725259999,29.916261805],[-90.170570473,29.918903598],[-90.1628645499999,29.9363252970001],[-90.162948651,29.9384593120001],[-90.165222324,29.941536034],[-90.179306174,29.9535996980001],[-90.182975718,29.9623968220001],[-90.1827848789999,29.964586221],[-90.180793809,29.966581349],[-90.17184431,29.970706938],[-90.147643836,29.969221072],[-90.135177455,29.96691289],[-90.1325226879999,29.9671728000001],[-90.119880727,29.96398163],[-90.1087188289999,29.9578282890001],[-90.105346802,29.9569266440001],[-90.10085287,29.9574663010001],[-90.0985869369999,29.9566365590001],[-90.085655056,29.950177834],[-90.076965301,29.9466455670001],[-90.0713058709999,29.946051739],[-90.069396157,29.9492010550001],[-90.077428894,29.9509587100001]]]},"properties":{"id":"uniti-national-20260919-c596a191c9bfdeb5bfb5","sourceId":"uniti-national-20260919","source":"Uniti Wholesale national core network","sourceUrl":"https://www.unitiwholesale.com/network-map/","name":"Uniti Wholesale national core network","carrier":"Uniti Wholesale","category":"unknown","routeStatus":"Publisher network map; current operating status unverified","evidence":"publisher_route","geometryQuality":"publisher_geometry_unverified","dataDate":null,"metadataModified":"2025-07-31T17:08:54+00:00","retrievedAt":"2026-09-19T13:31:22.089263+00:00","networkType":"Carrier-published national core geometry; generalized paths, not a survey","serviceability":"Unconfirmed","routeDiversity":"Unconfirmed","states":["LA"],"publishedLineParts":1,"importBatch":"20260919","sourceRecordIds":["12197"]},"bbox":[-90.8117489699999,29.7451428300001,-90.069396157,29.970706938]},{"type":"Feature","geometry":{"type":"MultiLineString","coordinates":[[[-90.480631355,30.06631903],[-90.475175018,30.0628009920001],[-90.476323931,30.062113106]],[[-90.480631353,30.06631903],[-90.4751190259999,30.0627955680001],[-90.476323932,30.0621131030001]],[[-90.402015759,30.2855450430001],[-90.398536669,30.267875651],[-90.3992310089999,30.263595272],[-90.41729724,30.215488771],[-90.419036982,30.212799074],[-90.440833907,30.1884176190001],[-90.446037233,30.174148444],[-90.445686419,30.162538743],[-90.4510803919999,30.141241269],[-90.4511030569999,30.1376702110001],[-90.438178998,30.092567285],[-90.441536021,30.0885545720001],[-90.463302688,30.077171364],[-90.4806313509999,30.066319032]],[[-90.480631355,30.066319029],[-90.4388426679999,30.038882976],[-90.417312699,30.023660525],[-90.3761061599999,29.992286429],[-90.3728028689999,29.990700018],[-90.31068422,29.9726943540001],[-90.305663925,29.972484368],[-90.267013474,29.982894806],[-90.262291042,29.9833678690001],[-90.253822293,29.981946598],[-90.250740229,29.9825384480001],[-90.247329766,29.9922522730001],[-90.243362556,30.006643194],[-90.237548708,30.0064069970001],[-90.2373426779999,30.009189758],[-90.2119217429999,30.0074137830001],[-90.1998902329999,30.000423497],[-90.194488522,29.9995367730001],[-90.152279721,29.997331823]]]},"properties":{"id":"uniti-national-20260919-79545bb471552e7a092e","sourceId":"uniti-national-20260919","source":"Uniti Wholesale national core network","sourceUrl":"https://www.unitiwholesale.com/network-map/","name":"Uniti Wholesale national core network","carrier":"Uniti Wholesale","category":"unknown","routeStatus":"Publisher network map; current operating status unverified","evidence":"publisher_route","geometryQuality":"publisher_geometry_unverified","dataDate":null,"metadataModified":"2025-07-31T17:08:54+00:00","retrievedAt":"2026-09-19T13:31:22.089263+00:00","networkType":"Carrier-published national core geometry; generalized paths, not a survey","serviceability":"Unconfirmed","routeDiversity":"Unconfirmed","states":["LA"],"publishedLineParts":4,"importBatch":"20260919","sourceRecordIds":["13861","13897","13899","13902"]},"bbox":[-90.480631355,29.972484368,-90.152279721,30.2855450430001]},{"type":"Feature","geometry":{"type":"MultiLineString","coordinates":[[[-90.494093144,30.479083984],[-90.4893951819999,30.479017373],[-90.4621352409999,30.4381519880001],[-90.446701058,30.420806945],[-90.434425182,30.4138961560001]],[[-90.4344251859999,30.413896155],[-90.423797408,30.3752137760001],[-90.412681708,30.3388140160001],[-90.402015755,30.285545046]],[[-90.494093144,30.479083984],[-90.4602520029999,30.478732001],[-90.457620999,30.4781620030001],[-90.4472690009999,30.4787890040001],[-90.418990997,30.478763003],[-90.414456996,30.477809001],[-90.4104300019999,30.478717003],[-90.358434001,30.4786839970001],[-90.310188002,30.4820660010001],[-90.241808002,30.479331997],[-90.231584997,30.4766380020001],[-90.207234001,30.4660679990001],[-90.180416995,30.458103002],[-90.177566998,30.455211002],[-90.172832002,30.4560429960001],[-90.146393997,30.448296997],[-90.140446001,30.4456990040001],[-90.135392996,30.4451600020001],[-90.0921100039999,30.430558003],[-90.0877479979999,30.428230999],[-90.085146997,30.424725004],[-90.084328626,30.425113082]],[[-90.435442069,30.420043783],[-90.44098178,30.439748298],[-90.452901869,30.477604947]],[[-90.452901877,30.477604947],[-90.46239332,30.5085316560001]],[[-90.4344246479999,30.413896289],[-90.4336429109999,30.414387172]],[[-90.433641505,30.4143875090001],[-90.435442063,30.4200437800001]]]},"properties":{"id":"uniti-national-20260919-3baaf635c5a8fd997e42","sourceId":"uniti-national-20260919","source":"Uniti Wholesale national core network","sourceUrl":"https://www.unitiwholesale.com/network-map/","name":"Uniti Wholesale national core network","carrier":"Uniti Wholesale","category":"unknown","routeStatus":"Publisher network map; current operating status unverified","evidence":"publisher_route","geometryQuality":"publisher_geometry_unverified","dataDate":null,"metadataModified":"2025-07-31T17:08:54+00:00","retrievedAt":"2026-09-19T13:31:22.089263+00:00","networkType":"Carrier-published national core geometry; generalized paths, not a survey","serviceability":"Unconfirmed","routeDiversity":"Unconfirmed","states":["LA"],"publishedLineParts":7,"importBatch":"20260919","sourceRecordIds":["13865","13891","13896","14233","14241","14254","14261"]},"bbox":[-90.494093144,30.285545046,-90.084328626,30.5085316560001]},{"type":"Feature","geometry":{"type":"MultiLineString","coordinates":[[[-90.46239332,30.5085316560001],[-90.478537102,30.558706127]],[[-90.47853711,30.5587061260001],[-90.482060678,30.570740631],[-90.482232134,30.573656918],[-90.496674099,30.623238187],[-90.504457997,30.647699592]]]},"properties":{"id":"uniti-national-20260919-c7bd0104a49dbd16e56f","sourceId":"uniti-national-20260919","source":"Uniti Wholesale national core network","sourceUrl":"https://www.unitiwholesale.com/network-map/","name":"Uniti Wholesale national core network","carrier":"Uniti Wholesale","category":"unknown","routeStatus":"Publisher network map; current operating status unverified","evidence":"publisher_route","geometryQuality":"publisher_geometry_unverified","dataDate":null,"metadataModified":"2025-07-31T17:08:54+00:00","retrievedAt":"2026-09-19T13:31:22.089263+00:00","networkType":"Carrier-published national core geometry; generalized paths, not a survey","serviceability":"Unconfirmed","routeDiversity":"Unconfirmed","states":["LA"],"publishedLineParts":2,"importBatch":"20260919","sourceRecordIds":["14231","14256"]},"bbox":[-90.504457997,30.5085316560001,-90.46239332,30.647699592]},{"type":"Feature","geometry":{"type":"MultiLineString","coordinates":[[[-90.508547709,30.937920994],[-90.5086896449999,30.9438279520001],[-90.506026944,30.9522334540001],[-90.484725458,30.9801249180001]]]},"properties":{"id":"uniti-national-20260919-847270b753a9be41243a","sourceId":"uniti-national-20260919","source":"Uniti Wholesale national core network","sourceUrl":"https://www.unitiwholesale.com/network-map/","name":"Uniti Wholesale national core network","carrier":"Uniti Wholesale","category":"unknown","routeStatus":"Publisher network map; current operating status unverified","evidence":"publisher_route","geometryQuality":"publisher_geometry_unverified","dataDate":null,"metadataModified":"2025-07-31T17:08:54+00:00","retrievedAt":"2026-09-19T13:31:22.089263+00:00","networkType":"Carrier-published national core geometry; generalized paths, not a survey","serviceability":"Unconfirmed","routeDiversity":"Unconfirmed","states":["LA"],"publishedLineParts":1,"importBatch":"20260919","sourceRecordIds":["14270"]},"bbox":[-90.5086896449999,30.937920994,-90.484725458,30.9801249180001]},{"type":"Feature","geometry":{"type":"MultiLineString","coordinates":[[[-90.152279728,29.997331548],[-90.151751614,29.9961504880001]],[[-90.15175161,29.9961504880001],[-90.1518901479999,29.9959947460001]],[[-90.152279737,29.9973315510001],[-90.12316148,29.995832141],[-90.118072371,29.993850712],[-90.116775581,29.9911844220001],[-90.116706684,29.988165216],[-90.107749966,29.96773339],[-90.09195729,29.9558886500001],[-90.08300797,29.947713556],[-90.070838792,29.940963869],[-90.070976263,29.943451221],[-90.069396157,29.9492010550001],[-90.077428894,29.9509587100001]]]},"properties":{"id":"uniti-national-20260919-f4ea39c80e924aa3b187","sourceId":"uniti-national-20260919","source":"Uniti Wholesale national core network","sourceUrl":"https://www.unitiwholesale.com/network-map/","name":"Uniti Wholesale national core network","carrier":"Uniti Wholesale","category":"unknown","routeStatus":"Publisher network map; current operating status unverified","evidence":"publisher_route","geometryQuality":"publisher_geometry_unverified","dataDate":null,"metadataModified":"2025-07-31T17:08:54+00:00","retrievedAt":"2026-09-19T13:31:22.089263+00:00","networkType":"Carrier-published national core geometry; generalized paths, not a survey","serviceability":"Unconfirmed","routeDiversity":"Unconfirmed","states":["LA"],"publishedLineParts":3,"importBatch":"20260919","sourceRecordIds":["12165","12182","12193"]},"bbox":[-90.152279737,29.940963869,-90.069396157,29.9973315510001]},{"type":"Feature","geometry":{"type":"MultiLineString","coordinates":[[[-90.084328626,30.425113082],[-90.080354867,30.4276045880001],[-90.0623866939999,30.4229166060001],[-90.039633529,30.411717475]]]},"properties":{"id":"uniti-national-20260919-b262dafcbc504cecdfac","sourceId":"uniti-national-20260919","source":"Uniti Wholesale national core network","sourceUrl":"https://www.unitiwholesale.com/network-map/","name":"Uniti Wholesale national core network","carrier":"Uniti Wholesale","category":"unknown","routeStatus":"Publisher network map; current operating status unverified","evidence":"publisher_route","geometryQuality":"publisher_geometry_unverified","dataDate":null,"metadataModified":"2025-07-31T17:08:54+00:00","retrievedAt":"2026-09-19T13:31:22.089263+00:00","networkType":"Carrier-published national core geometry; generalized paths, not a survey","serviceability":"Unconfirmed","routeDiversity":"Unconfirmed","states":["LA"],"publishedLineParts":1,"importBatch":"20260919","sourceRecordIds":["13868"]},"bbox":[-90.084328626,30.411717475,-90.039633529,30.4276045880001]},{"type":"Feature","geometry":{"type":"MultiLineString","coordinates":[[[-89.7759819999999,30.3097754],[-89.756355,30.3094968],[-89.751299,30.3085780000001],[-89.7466679999999,30.3071137000001],[-89.743702,30.3025837000001],[-89.742552,30.3019824]],[[-90.039635566,30.41171969],[-90.008677054,30.3941448700001],[-89.988598643,30.3844226530001],[-89.9760538579999,30.37921098],[-89.930985558,30.35592897],[-89.9256143979999,30.3528852360001],[-89.924778725,30.3506895400001],[-89.9217482509999,30.3489806370001],[-89.9161298,30.349133689],[-89.91247154,30.347101896]],[[-89.847061151,30.31957556],[-89.8300640309999,30.313544764],[-89.828183785,30.310935579],[-89.826448344,30.310257637],[-89.824278718,30.310168027],[-89.8221026529999,30.311093365],[-89.813677897,30.3092806710001],[-89.815072643,30.304723497],[-89.81253803,30.309573135],[-89.786062213,30.3095224840001]],[[-89.91247154,30.347101896],[-89.8936139639999,30.336214564],[-89.861351655,30.3239639710001],[-89.847061146,30.3195755570001]]]},"properties":{"id":"uniti-national-20260919-61e21b48cb1bbb7f0825","sourceId":"uniti-national-20260919","source":"Uniti Wholesale national core network","sourceUrl":"https://www.unitiwholesale.com/network-map/","name":"Uniti Wholesale national core network","carrier":"Uniti Wholesale","category":"unknown","routeStatus":"Publisher network map; current operating status unverified","evidence":"publisher_route","geometryQuality":"publisher_geometry_unverified","dataDate":null,"metadataModified":"2025-07-31T17:08:54+00:00","retrievedAt":"2026-09-19T13:31:22.089263+00:00","networkType":"Carrier-published national core geometry; generalized paths, not a survey","serviceability":"Unconfirmed","routeDiversity":"Unconfirmed","states":["LA"],"publishedLineParts":4,"importBatch":"20260919","sourceRecordIds":["13854","13855","13856","13903"]},"bbox":[-90.039635566,30.3019824,-89.742552,30.41171969]},{"type":"Feature","geometry":{"type":"MultiLineString","coordinates":[[[-89.668975618,30.2969669080001],[-89.674677665,30.296472839],[-89.686162855,30.296918073]],[[-89.686162855,30.296918073],[-89.702354782,30.297574082]],[[-89.742552,30.3019824],[-89.7378169999999,30.3044269000001],[-89.730585,30.3029910000001]],[[-89.719215922,30.2998098580001],[-89.730522411,30.302973324]],[[-89.730522411,30.302973324],[-89.7305854529999,30.302990959]],[[-89.668919779,30.296972413],[-89.668975618,30.2969669080001]],[[-89.702354782,30.297574082],[-89.7076669429999,30.2977188410001]],[[-89.7076669429999,30.2977188410001],[-89.719215924,30.2998098570001]]]},"properties":{"id":"uniti-national-20260919-8aeaca0e7a6d7a198062","sourceId":"uniti-national-20260919","source":"Uniti Wholesale national core network","sourceUrl":"https://www.unitiwholesale.com/network-map/","name":"Uniti Wholesale national core network","carrier":"Uniti Wholesale","category":"unknown","routeStatus":"Publisher network map; current operating status unverified","evidence":"publisher_route","geometryQuality":"publisher_geometry_unverified","dataDate":null,"metadataModified":"2025-07-31T17:08:54+00:00","retrievedAt":"2026-09-19T13:31:22.089263+00:00","networkType":"Carrier-published national core geometry; generalized paths, not a survey","serviceability":"Unconfirmed","routeDiversity":"Unconfirmed","states":["LA"],"publishedLineParts":8,"importBatch":"20260919","sourceRecordIds":["13866","13871","13875","13881","13882","13886","13901","13908"]},"bbox":[-89.742552,30.296472839,-89.668919779,30.3044269000001]},{"type":"Feature","geometry":{"type":"MultiLineString","coordinates":[[[-92.0835750859999,32.495415802],[-92.082924791,32.4953987640001],[-92.081505432,32.4983619770001],[-92.0783057899999,32.498734928],[-92.054676602,32.494113954],[-92.054559866,32.4966144260001],[-92.0569500409999,32.496783416],[-92.0566728169999,32.500204841],[-91.990553494,32.495251953],[-91.991091512,32.4893439150001],[-91.922390004,32.483330004],[-91.905610007,32.480629999],[-91.875099994,32.4802500000001],[-91.850441885,32.474979411],[-91.811330001,32.468170001],[-91.768709988,32.4581000090001],[-91.75185,32.455970005],[-91.735490004,32.455569998],[-91.717008854,32.456541986],[-91.6214499989999,32.45611],[-91.607899995,32.4552099950001],[-91.5523300039999,32.446559999],[-91.5107599999999,32.4450599990001],[-91.498130002,32.443969994],[-91.427967291,32.4326392340001],[-91.379550003,32.4256400020001],[-91.2947900029999,32.4186900020001],[-91.227559994,32.4052899960001],[-91.2173100099999,32.4021599930001],[-91.20112999,32.392549994],[-91.171740001,32.3802899990001],[-91.169879997,32.3846100050001],[-91.1648799929999,32.3891800120001],[-91.157140001,32.3932599940001],[-91.155869996,32.396560003],[-91.143440003,32.393639996],[-91.126890005,32.3809000030001],[-91.102997868,32.3703778280001],[-91.0467399999999,32.3486500010001],[-91.032209928,32.342472849],[-91.006876914,32.3353658290001],[-90.947820005,32.32149],[-90.92406,32.320980004],[-90.915000005,32.318520006],[-90.897089996,32.309739989],[-90.8763599919999,32.317930005],[-90.860189987,32.326509994],[-90.860699994,32.331789997],[-90.844950002,32.34190999],[-90.7784999949999,32.347939995],[-90.7348599919999,32.353940003],[-90.714959988,32.349799993],[-90.702500002,32.3497199920001],[-90.690010009,32.3451200050001],[-90.671739999,32.342840004],[-90.655160006,32.3427500060001],[-90.640319994,32.3383000000001],[-90.628979993,32.3369599970001],[-90.606590003,32.329739998],[-90.602029992,32.329300004],[-90.5989900019999,32.336909999],[-90.597239996,32.3374199990001],[-90.5964299999999,32.339040004],[-90.536399995,32.361029999],[-90.5075599959999,32.361310002],[-90.505730011,32.3706999890001],[-90.494010005,32.3674699910001],[-90.467439997,32.3683400030001],[-90.4640699999999,32.361739997],[-90.441149998,32.3590500010001],[-90.412299997,32.356990006],[-90.3797607819999,32.348470588],[-90.356689998,32.343460002],[-90.344870008,32.3395099960001],[-90.328919999,32.332009994],[-90.318440004,32.333790002],[-90.27170001,32.334910001],[-90.214567035,32.3165114390001],[-90.2013200009999,32.307449997],[-90.196230004,32.302610003],[-90.197000545,32.3000381410001],[-90.192739994,32.299839994],[-90.192647955,32.2987999320001],[-90.190501598,32.298632883],[-90.188509991,32.2965000020001],[-90.188540009,32.301799996],[-90.185646847,32.3009765090001],[-90.185907865,32.3001992590001]],[[-90.905900468,32.314828302],[-90.923539303,32.3239694380001],[-90.925206235,32.3241891800001],[-90.943137339,32.3211515190001],[-90.9469116069999,32.3210408200001],[-91.024091046,32.339109372],[-91.107425892,32.3717602290001],[-91.1917161379999,32.4092022900001],[-91.197596787,32.4107984720001],[-91.210065947,32.4125401210001]]]},"properties":{"id":"uniti-national-20260919-b1633f617f44c406164c","sourceId":"uniti-national-20260919","source":"Uniti Wholesale national core network","sourceUrl":"https://www.unitiwholesale.com/network-map/","name":"Uniti Wholesale national core network","carrier":"Uniti Wholesale","category":"unknown","routeStatus":"Publisher network map; current operating status unverified","evidence":"publisher_route","geometryQuality":"publisher_geometry_unverified","dataDate":null,"metadataModified":"2025-07-31T17:08:54+00:00","retrievedAt":"2026-09-19T13:31:22.089263+00:00","networkType":"Carrier-published national core geometry; generalized paths, not a survey","serviceability":"Unconfirmed","routeDiversity":"Unconfirmed","states":["LA","MS"],"publishedLineParts":2,"importBatch":"20260919","sourceRecordIds":["13847","24665"]},"bbox":[-92.0835750859999,32.2965000020001,-90.185646847,32.500204841]},{"type":"Feature","geometry":{"type":"MultiLineString","coordinates":[[[-90.484725467,30.9801249170001],[-90.467468443,31.007839806]]]},"properties":{"id":"uniti-national-20260919-7a2be5b5e6d423094dd8","sourceId":"uniti-national-20260919","source":"Uniti Wholesale national core network","sourceUrl":"https://www.unitiwholesale.com/network-map/","name":"Uniti Wholesale national core network","carrier":"Uniti Wholesale","category":"unknown","routeStatus":"Publisher network map; current operating status unverified","evidence":"publisher_route","geometryQuality":"publisher_geometry_unverified","dataDate":null,"metadataModified":"2025-07-31T17:08:54+00:00","retrievedAt":"2026-09-19T13:31:22.089263+00:00","networkType":"Carrier-published national core geometry; generalized paths, not a survey","serviceability":"Unconfirmed","routeDiversity":"Unconfirmed","states":["LA","MS"],"publishedLineParts":1,"importBatch":"20260919","sourceRecordIds":["14242"]},"bbox":[-90.484725467,30.9801249170001,-90.467468443,31.007839806]},{"type":"Feature","geometry":{"type":"MultiLineString","coordinates":[[[-89.66891978,30.296972413],[-89.641750906,30.3030660480001],[-89.640279725,30.301869035],[-89.630950727,30.303955828],[-89.6194618059999,30.3052429680001],[-89.600220844,30.3085558110001],[-89.5917359329999,30.3082283],[-89.591721971,30.309720123],[-89.58824192,30.310383652],[-89.460208021,30.332487267],[-89.4267781949999,30.3393362250001],[-89.4217665369999,30.3407903290001],[-89.4178254339999,30.359091853],[-89.3806187599999,30.3708552530001],[-89.375809705,30.370327645],[-89.3742218789999,30.372543658],[-89.372280869,30.3734915800001],[-89.341146494,30.3832527340001]]]},"properties":{"id":"uniti-national-20260919-5bb62047583bec4cfe75","sourceId":"uniti-national-20260919","source":"Uniti Wholesale national core network","sourceUrl":"https://www.unitiwholesale.com/network-map/","name":"Uniti Wholesale national core network","carrier":"Uniti Wholesale","category":"unknown","routeStatus":"Publisher network map; current operating status unverified","evidence":"publisher_route","geometryQuality":"publisher_geometry_unverified","dataDate":null,"metadataModified":"2025-07-31T17:08:54+00:00","retrievedAt":"2026-09-19T13:31:22.089263+00:00","networkType":"Carrier-published national core geometry; generalized paths, not a survey","serviceability":"Unconfirmed","routeDiversity":"Unconfirmed","states":["LA","MS"],"publishedLineParts":1,"importBatch":"20260919","sourceRecordIds":["13872"]},"bbox":[-89.66891978,30.296972413,-89.341146494,30.3832527340001]},{"type":"Feature","geometry":{"type":"MultiLineString","coordinates":[[[-94.022221848,32.4593892070001],[-94.029103428,32.461778979],[-94.056988549,32.479109368],[-94.064167039,32.480335778],[-94.064130203,32.479629217],[-94.080642107,32.479098322]]]},"properties":{"id":"uniti-national-20260919-600c103ded59fef6ac3a","sourceId":"uniti-national-20260919","source":"Uniti Wholesale national core network","sourceUrl":"https://www.unitiwholesale.com/network-map/","name":"Uniti Wholesale national core network","carrier":"Uniti Wholesale","category":"unknown","routeStatus":"Publisher network map; current operating status unverified","evidence":"publisher_route","geometryQuality":"publisher_geometry_unverified","dataDate":null,"metadataModified":"2025-07-31T17:08:54+00:00","retrievedAt":"2026-09-19T13:31:22.089263+00:00","networkType":"Carrier-published national core geometry; generalized paths, not a survey","serviceability":"Unconfirmed","routeDiversity":"Unconfirmed","states":["LA","TX"],"publishedLineParts":1,"importBatch":"20260919","sourceRecordIds":["13155"]},"bbox":[-94.080642107,32.4593892070001,-94.022221848,32.480335778]},{"type":"Feature","geometry":{"type":"MultiLineString","coordinates":[[[-94.098519578,30.0942747440001],[-94.0752029239999,30.095241731],[-94.066024843,30.0982606910001],[-94.018074089,30.1301612410001],[-94.0070496049999,30.1353718440001],[-94.000480646,30.1351890460001],[-93.96975702,30.1293256590001],[-93.89726251,30.131010222],[-93.8829573799999,30.129041594],[-93.862327646,30.1304820500001],[-93.845832871,30.122610111],[-93.8187941349999,30.1146414560001],[-93.803527843,30.113010559],[-93.777130179,30.1205445690001],[-93.75763711,30.121505681],[-93.731506418,30.118400394],[-93.71750652,30.1204011300001],[-93.701522895,30.127773615],[-93.635826072,30.153730679],[-93.5626068339999,30.1874902010001],[-93.4120483469999,30.214784362],[-93.383602867,30.215304373]]]},"properties":{"id":"uniti-national-20260919-ae0550d51571c6e9fb65","sourceId":"uniti-national-20260919","source":"Uniti Wholesale national core network","sourceUrl":"https://www.unitiwholesale.com/network-map/","name":"Uniti Wholesale national core network","carrier":"Uniti Wholesale","category":"unknown","routeStatus":"Publisher network map; current operating status unverified","evidence":"publisher_route","geometryQuality":"publisher_geometry_unverified","dataDate":null,"metadataModified":"2025-07-31T17:08:54+00:00","retrievedAt":"2026-09-19T13:31:22.089263+00:00","networkType":"Carrier-published national core geometry; generalized paths, not a survey","serviceability":"Unconfirmed","routeDiversity":"Unconfirmed","states":["LA","TX"],"publishedLineParts":1,"importBatch":"20260919","sourceRecordIds":["12160"]},"bbox":[-94.098519578,30.0942747440001,-93.383602867,30.215304373]},{"type":"Feature","geometry":{"type":"MultiLineString","coordinates":[[[-91.855762232,33.008628496],[-91.855641812,33.0096526990001],[-91.8555799489999,33.0103054250001],[-91.8555130559999,33.0103740820001],[-91.855143651,33.013818542],[-91.8550537739999,33.014707285],[-91.854994588,33.015161022],[-91.854945007,33.015389079],[-91.8549054969999,33.0156261760001],[-91.854846838,33.015841261],[-91.854787432,33.016068965],[-91.854719071,33.016283833],[-91.854640589,33.016499646],[-91.854472121,33.0169158640001],[-91.854193131,33.01754358],[-91.854143011,33.017653851],[-91.853433307,33.0192431720001],[-91.853373619,33.0193725],[-91.8525598099999,33.021201042],[-91.852427122,33.0216501080001],[-91.852365484,33.0218864170001],[-91.852324281,33.022123342],[-91.8522636599999,33.0225880570001],[-91.8522432359999,33.022822913],[-91.8522329319999,33.0230701],[-91.852263169,33.0237655600001],[-91.852463211,33.027246345],[-91.852753228,33.032276847],[-91.8527732599999,33.0325773390001],[-91.8528431299999,33.0339550940001],[-91.852852967,33.034191154],[-91.852843202,33.034659713],[-91.852765618,33.035125195],[-91.852699378,33.0353523260001],[-91.852513933,33.03579152],[-91.852409287,33.035991305],[-91.852372967,33.036045797],[-91.852148329,33.0363778550001],[-91.851826236,33.0367389840001],[-91.85148064,33.037094445],[-91.850103197,33.038382061],[-91.849953091,33.038522158],[-91.847092984,33.041202253],[-91.846432224,33.041832974],[-91.845666818,33.0425580850001],[-91.845328018,33.0429584980001],[-91.845181629,33.043167625],[-91.8449351949999,33.04358861],[-91.844748818,33.0440234860001],[-91.844634666,33.0444593560001],[-91.844594064,33.044804433],[-91.844584508,33.0448617870001],[-91.84456276,33.0450974990001],[-91.844583429,33.045552242],[-91.844665639,33.0460145920001],[-91.8462470859999,33.050970057],[-91.8464016309999,33.052102517],[-91.84639551,33.0600204610001]],[[-91.913334456,33.012457166],[-91.912539553,33.012348812],[-91.912063661,33.012283773],[-91.911174544,33.0121622610001],[-91.910806249,33.012111927],[-91.9100808909999,33.0120466770001],[-91.9090039289999,33.01195041],[-91.9086584459999,33.01193126],[-91.9085709289999,33.011924467],[-91.90815796,33.0119035170001],[-91.907797499,33.011881391],[-91.907369349,33.0118637250001],[-91.906986342,33.011840987],[-91.906213549,33.0118087750001],[-91.905418159,33.011769932],[-91.904451038,33.011724456],[-91.903886131,33.011699822],[-91.9032489149999,33.011710244],[-91.902486147,33.0117569700001],[-91.901974485,33.0118087750001],[-91.901449495,33.0118624190001],[-91.900555833,33.0119605950001],[-91.900137406,33.012007732],[-91.899122833,33.012115737],[-91.898204294,33.012265429],[-91.897454097,33.0123876440001],[-91.896601088,33.012530703],[-91.8960617179999,33.012621261],[-91.895977246,33.0126672280001],[-91.895561701,33.0127371670001],[-91.895388467,33.012760573],[-91.895292476,33.0128698930001],[-91.894850953,33.0126956440001],[-91.89421257,33.012443701],[-91.893402689,33.012124075],[-91.8923509049999,33.0117089760001],[-91.8920015209999,33.011571685],[-91.891453623,33.0114166180001],[-91.890924823,33.0112680880001],[-91.890075404,33.0111100570001],[-91.888862929,33.010967824],[-91.887892197,33.010853646],[-91.887127541,33.0107650310001],[-91.885335658,33.010555635],[-91.883902108,33.010383371]]]},"properties":{"id":"uniti-regional-20260919-7648434caebfa4a46fa1","sourceId":"uniti-regional-20260919","source":"Uniti Wholesale regional transport network","sourceUrl":"https://www.unitiwholesale.com/network-map/","name":"Uniti Wholesale regional transport network","carrier":"Uniti Wholesale","category":"unknown","routeStatus":"Publisher network map; current operating status unverified","evidence":"publisher_route","geometryQuality":"publisher_geometry_unverified","dataDate":null,"metadataModified":"2025-06-13T12:55:45+00:00","retrievedAt":"2026-09-19T13:31:26.703698+00:00","networkType":"Carrier-published regional transport geometry; not a surveyed cable alignment","serviceability":"Unconfirmed","routeDiversity":"Unconfirmed","states":["AR","LA"],"publishedLineParts":2,"importBatch":"20260919","sourceRecordIds":["10801","20392"]},"bbox":[-91.913334456,33.008628496,-91.84456276,33.0600204610001]},{"type":"Feature","geometry":{"type":"MultiLineString","coordinates":[[[-93.757168635,32.4955296840001],[-93.7574686249999,32.4952724420001],[-93.757797858,32.494995003],[-93.758309506,32.4945676180001],[-93.758901806,32.49406939],[-93.759459675,32.4935976450001],[-93.7597333159999,32.4933668],[-93.760063813,32.4931475330001],[-93.7603123319999,32.492984361],[-93.760632464,32.4928746810001],[-93.760977312,32.492773691],[-93.761227622,32.492733764],[-93.761358064,32.4926982150001],[-93.7615047099999,32.49268643],[-93.7615807619999,32.4928393280001],[-93.7618486379999,32.492841087],[-93.7618525999999,32.4930027570001],[-93.7617573429999,32.492981875]],[[-93.7617573429999,32.492981875],[-93.761569563,32.4929407110001]],[[-93.761569563,32.4929407220001],[-93.76155022,32.492842356]],[[-93.760972479,32.495019461],[-93.760679452,32.4946371500001],[-93.7610832729999,32.494411047],[-93.76109467,32.493924269]],[[-93.943761866,32.4463093740001],[-93.943764657,32.446309118],[-93.944862029,32.446208857],[-93.945501316,32.446096998],[-93.9457287719999,32.446039855],[-93.9462188429999,32.445924346],[-93.946533154,32.445863745],[-93.946859597,32.44581104],[-93.947198188,32.4456957560001],[-93.94755672,32.4455241140001],[-93.947902104,32.445358642],[-93.947906398,32.445356948],[-93.948197649,32.445176911],[-93.948290763,32.445131963],[-93.948494032,32.444984891],[-93.94863567,32.444882551],[-93.948827617,32.444755813],[-93.949029449,32.444633082],[-93.949301565,32.444438346],[-93.949949674,32.4439918470001],[-93.9504611469999,32.443658955],[-93.950730933,32.4435109390001],[-93.951002653,32.443363767],[-93.951291856,32.4432253100001],[-93.9514239049999,32.443165008],[-93.951584278,32.442935173],[-93.951857428,32.442842818],[-93.952199862,32.442755827],[-93.9524757199999,32.4426889580001],[-93.953103904,32.4425661380001],[-93.953369367,32.4425404420001],[-93.9535029149999,32.4425780710001],[-93.953886547,32.442560262],[-93.9539772379999,32.4425576130001],[-93.9540333309999,32.44261156],[-93.954228776,32.442637532],[-93.954667267,32.4426343810001],[-93.9550846559999,32.4426323800001],[-93.955536825,32.4426266950001],[-93.955577125,32.4426395620001],[-93.955966947,32.44262446],[-93.956395829,32.4426227480001],[-93.956863291,32.442621687],[-93.957158846,32.442617436],[-93.957529123,32.442617004],[-93.9579231719999,32.442616999],[-93.958060511,32.44261464],[-93.958485423,32.4426080590001],[-93.958878888,32.4426135960001],[-93.9600102379999,32.4426175250001],[-93.962108447,32.4426186950001],[-93.9638130279999,32.442632984],[-93.965367697,32.442632437],[-93.9668673889999,32.442651357],[-93.967159803,32.44268434],[-93.967518575,32.4427464010001],[-93.9677010519999,32.4428014500001],[-93.968324463,32.4430071090001],[-93.969103761,32.4432870420001],[-93.96963064,32.443409594],[-93.970213099,32.4434152200001]],[[-93.751696878,32.510068377],[-93.752492116,32.509464237],[-93.753140413,32.508377325],[-93.755819786,32.5064411240001],[-93.758342025,32.5045988030001],[-93.758463427,32.504399042],[-93.758512701,32.50401994],[-93.7585842999999,32.503875813],[-93.7587906959999,32.5037424240001],[-93.759024202,32.5036742510001],[-93.760867354,32.503670247],[-93.761183585,32.503749252],[-93.771877181,32.5036768780001],[-93.779364876,32.5036863130001],[-93.7800098859999,32.503739383],[-93.7878788369999,32.503713282],[-93.788233535,32.5037020990001],[-93.788484901,32.5036756160001],[-93.788948047,32.5036390870001],[-93.791786541,32.502538057],[-93.792022708,32.502372845],[-93.793281974,32.5011520420001],[-93.794145843,32.5002712560001],[-93.794391198,32.500122375],[-93.794672444,32.500071238],[-93.797424913,32.499979215],[-93.797411322,32.4959357020001],[-93.797404134,32.4958466030001],[-93.797396761,32.4936711760001],[-93.799847646,32.493662165],[-93.799861691,32.492805278],[-93.8010004399999,32.492795014],[-93.801301153,32.492736155],[-93.801690652,32.492606236],[-93.8020043549999,32.4924263340001],[-93.802339574,32.4921659680001],[-93.802570037,32.4918550800001],[-93.8030156789999,32.4907396790001],[-93.803841031,32.4887987110001],[-93.804053328,32.488447014],[-93.806076688,32.486440282],[-93.8065784729999,32.486086103],[-93.806930694,32.485906933],[-93.807474873,32.4857638020001],[-93.807785204,32.485705102],[-93.810415608,32.48572797],[-93.810750373,32.4857218130001],[-93.811024665,32.4857271110001],[-93.8144011909999,32.4857762600001],[-93.8144769,32.4714157280001],[-93.814398334,32.4711150030001],[-93.8143516109999,32.469302643],[-93.8144133599999,32.4674034380001],[-93.8144850579999,32.4672511790001],[-93.815346866,32.466774483],[-93.8160392729999,32.466496718],[-93.817362682,32.466069341],[-93.821682921,32.4646806530001],[-93.822090438,32.4645914600001],[-93.8239416499999,32.464610835],[-93.825141731,32.464811792],[-93.825594586,32.4648285580001],[-93.825758675,32.4648236310001],[-93.8257772589999,32.4637888710001],[-93.8260257539999,32.4635186620001],[-93.827627649,32.463484705],[-93.831237743,32.462308469],[-93.832225527,32.460386511],[-93.8336749379999,32.459929028],[-93.841785673,32.4574312830001],[-93.845025702,32.4585375990001]],[[-93.8450256959999,32.4585375990001],[-93.845141016,32.4584739800001],[-93.847482868,32.4573911640001],[-93.8483580989999,32.456353236],[-93.8505661309999,32.454829503]],[[-93.761753379,32.4929407110001],[-93.761569563,32.4929407220001]],[[-93.8505661399999,32.454829509],[-93.8506350979999,32.454776571],[-93.851755565,32.4543661870001],[-93.856124899,32.452979516],[-93.858652418,32.452210812],[-93.8591891039999,32.4520744000001],[-93.859463765,32.4520117590001],[-93.859596642,32.451987977],[-93.859912649,32.4519348210001],[-93.8600928549999,32.451914317],[-93.860552709,32.451875601],[-93.860948078,32.4518634240001],[-93.861328123,32.451876111],[-93.861624018,32.4519017100001],[-93.861936785,32.45194202],[-93.8623108,32.452004462],[-93.863346129,32.452227592],[-93.86422247,32.452415495],[-93.8647079199999,32.4524708640001],[-93.865021413,32.4525075920001],[-93.865428143,32.452511515],[-93.8657659849999,32.4525097210001],[-93.866452721,32.452490872],[-93.866667794,32.4524578460001],[-93.866680892,32.452456693],[-93.866711059,32.4524522080001],[-93.86746801,32.452339722],[-93.8679989399999,32.452273593],[-93.868969807,32.452140886],[-93.869214573,32.452116179],[-93.869619492,32.4520931050001],[-93.8698424199999,32.452089116],[-93.870200282,32.4521023180001],[-93.870328582,32.452108142],[-93.870483042,32.4521257220001],[-93.870574209,32.4521311980001],[-93.87071069,32.4521490970001],[-93.870818537,32.4521599600001],[-93.870877303,32.452170602],[-93.874364624,32.452719883],[-93.874595232,32.4527370270001],[-93.874988004,32.452802709],[-93.8757429889999,32.452925032],[-93.876010912,32.452936682],[-93.877011834,32.4529453800001],[-93.878042717,32.4529181230001],[-93.8818757069999,32.452811071],[-93.883384039,32.4527823220001],[-93.883440596,32.4527829190001],[-93.884789744,32.4527669920001],[-93.8851171049999,32.4527611170001],[-93.885534921,32.45275321],[-93.885941931,32.452770188],[-93.8861315299999,32.452799449],[-93.886827545,32.452883872],[-93.886952374,32.4528770790001],[-93.887504154,32.4529575600001],[-93.890482422,32.4533187330001],[-93.890774837,32.453341326],[-93.890936504,32.453343986],[-93.891332532,32.453326662],[-93.891750025,32.453269904],[-93.8920092339999,32.453209762],[-93.892262525,32.4531327330001],[-93.892416576,32.453073281],[-93.8927009879999,32.452943787],[-93.893185012,32.4526828910001],[-93.893482728,32.4525107910001],[-93.895101812,32.451593605],[-93.895185333,32.451548916],[-93.8955097579999,32.4513547330001],[-93.8956082999999,32.451249864],[-93.896446538,32.4507660570001],[-93.896840502,32.45053088],[-93.8969299889999,32.4504774850001],[-93.897463236,32.450260707],[-93.897741631,32.4501094330001],[-93.898012262,32.4499558480001],[-93.898138799,32.449884044],[-93.8984101879999,32.449733295],[-93.89868258,32.4495820170001],[-93.899001276,32.449397736],[-93.899095288,32.4492952730001],[-93.899585241,32.4490145980001],[-93.899853214,32.448863585],[-93.9001329879999,32.448724951],[-93.900544397,32.4485049150001],[-93.900685599,32.4484386080001],[-93.9013089219999,32.448145915],[-93.901598703,32.4480291840001],[-93.901895439,32.4479236270001],[-93.9021980589999,32.4478283280001],[-93.902458838,32.4477521580001],[-93.902475554,32.4477472400001],[-93.902486344,32.4477386030001],[-93.9026275149999,32.447639657],[-93.9030943339999,32.447458238],[-93.903778566,32.447373715],[-93.90448656,32.44733366],[-93.908197511,32.446968025],[-93.911395146,32.446633951]],[[-93.76109467,32.493924269],[-93.761095778,32.493870454],[-93.760994648,32.493868025],[-93.761015239,32.4935100020001],[-93.761015239,32.493105971],[-93.761124767,32.493108227],[-93.761124767,32.4928248840001],[-93.761752347,32.4928097270001],[-93.761753379,32.4929407110001]],[[-93.911395146,32.446633951],[-93.912722821,32.44652324],[-93.9130150129999,32.446498766],[-93.914470119,32.4463538530001],[-93.919164075,32.445898662],[-93.92677629,32.4451523180001],[-93.9279254209999,32.445045775],[-93.928806283,32.444981759],[-93.928869637,32.4449774930001],[-93.929700934,32.4451127080001],[-93.929962202,32.445156833],[-93.9307478709999,32.4452846880001],[-93.932357069,32.445629486],[-93.935185052,32.4460919150001],[-93.935818341,32.4462625200001],[-93.9370621419999,32.446613432],[-93.9379740539999,32.446817271],[-93.93900387,32.447088036],[-93.93928465,32.4471243570001],[-93.939607382,32.4471641310001],[-93.939930988,32.4471994140001],[-93.940256716,32.4472302720001],[-93.940583842,32.4472231820001],[-93.940910065,32.447223775],[-93.941239158,32.4472102],[-93.941401976,32.447168865],[-93.942548742,32.446925837],[-93.942760141,32.4466321310001],[-93.942925981,32.44638574],[-93.943761866,32.4463093740001]],[[-93.970213099,32.4434152200001],[-93.971564256,32.4434333180001],[-93.972818161,32.443441282],[-93.973965092,32.4434502290001],[-93.975350073,32.4434662620001],[-93.976072765,32.44346756],[-93.977581802,32.443471302],[-93.9785490039999,32.4434769060001],[-93.9794958519999,32.4434850260001],[-93.980009019,32.4434474560001],[-93.980565274,32.4433962800001],[-93.9808397039999,32.443366349],[-93.981365382,32.443306335],[-93.982805169,32.4431496],[-93.9840878319999,32.4430132590001],[-93.985138762,32.442925169],[-93.985675253,32.4429209950001],[-93.9863983009999,32.442923394],[-93.987652071,32.4429249360001],[-93.98809894,32.4429327630001],[-93.9892235079999,32.4429284060001],[-93.990615147,32.4429323410001],[-93.991263982,32.442933436],[-93.9925566269999,32.4429383470001],[-93.99303943,32.4429410830001],[-93.994329611,32.442942343],[-93.995825618,32.4429472080001],[-93.9971516969999,32.4429551960001],[-93.998363734,32.442967321],[-93.999807507,32.442986631],[-94.000968117,32.443007095],[-94.001693172,32.443019887],[-94.0025367809999,32.443034765],[-94.003065667,32.4430894320001],[-94.003259175,32.4431381430001],[-94.00345135,32.4431776640001],[-94.003743075,32.443272027],[-94.004270864,32.4435351220001],[-94.004675044,32.443838821],[-94.005268385,32.4443162210001],[-94.005849263,32.4448094090001],[-94.00633182,32.44519561],[-94.006919441,32.445685585],[-94.0075356089999,32.4461856610001],[-94.008280358,32.446792198],[-94.008711023,32.4471539830001],[-94.009279371,32.4476242260001],[-94.009501904,32.447844898],[-94.009785858,32.4481834960001],[-94.009871717,32.448345246],[-94.01010146,32.44875669],[-94.01028765,32.449097156],[-94.010432532,32.449419747],[-94.01052946,32.4495623550001],[-94.010761513,32.450072747],[-94.011076045,32.4505504210001],[-94.011309875,32.451115262],[-94.0120951929999,32.4525501960001],[-94.012197863,32.4527096580001],[-94.012318863,32.452961372],[-94.0124596269999,32.4532112680001],[-94.0125861769999,32.4534193120001],[-94.012797511,32.453762705],[-94.013071106,32.4541122640001],[-94.013209316,32.454246144],[-94.013342724,32.4543728520001],[-94.013418854,32.454445186],[-94.0136011389999,32.4547351570001],[-94.013630506,32.4547477680001],[-94.014113251,32.45527057],[-94.0144304179999,32.45560433],[-94.0146257,32.4558073630001],[-94.015627985,32.456766523],[-94.016242281,32.457329545],[-94.016784485,32.4576612650001],[-94.0173972869999,32.4579065080001],[-94.018101244,32.458125958],[-94.0194652169999,32.4585439310001],[-94.020380404,32.4588224390001],[-94.021630703,32.4592024840001],[-94.022198859,32.459382222],[-94.022221848,32.4593892070001]],[[-93.803670565,32.402033342],[-93.803638722,32.402064351],[-93.803624352,32.402078326],[-93.803674568,32.4020783770001]]]},"properties":{"id":"uniti-regional-20260919-6a687024f5a381bbabe2","sourceId":"uniti-regional-20260919","source":"Uniti Wholesale regional transport network","sourceUrl":"https://www.unitiwholesale.com/network-map/","name":"Uniti Wholesale regional transport network","carrier":"Uniti Wholesale","category":"unknown","routeStatus":"Publisher network map; current operating status unverified","evidence":"publisher_route","geometryQuality":"publisher_geometry_unverified","dataDate":null,"metadataModified":"2025-06-13T12:55:45+00:00","retrievedAt":"2026-09-19T13:31:26.703698+00:00","networkType":"Carrier-published regional transport geometry; not a surveyed cable alignment","serviceability":"Unconfirmed","routeDiversity":"Unconfirmed","states":["LA"],"publishedLineParts":13,"importBatch":"20260919","sourceRecordIds":["2971","2980","47018","47312","47313","47328","47330","47332","47333","47337","47340","47341","96216"]},"bbox":[-94.022221848,32.402033342,-93.751696878,32.510068377]},{"type":"Feature","geometry":{"type":"MultiLineString","coordinates":[[[-93.74766521,32.509486187],[-93.749307645,32.507586868],[-93.750977448,32.50566866],[-93.752032834,32.5043858010001],[-93.752387152,32.5038275840001],[-93.752829188,32.5030321420001],[-93.753029966,32.502465703],[-93.753231381,32.5017325690001],[-93.753402463,32.500904768],[-93.753573348,32.5002127120001],[-93.753755014,32.4996091670001],[-93.7539620599999,32.4991155610001],[-93.754288006,32.4984785400001],[-93.754589026,32.4979570460001],[-93.7548673649999,32.497621225],[-93.755171563,32.49724109],[-93.755462009,32.4969791660001],[-93.755796099,32.496672319],[-93.7562690829999,32.4962810380001],[-93.756994463,32.495679039],[-93.757168636,32.4955296840001]],[[-93.7523858759999,32.515368282],[-93.750425912,32.516758075],[-93.748130647,32.5144792770001],[-93.749024273,32.513792476]],[[-93.753391446,32.5146542060001],[-93.7523858759999,32.515368282]],[[-93.779969579,32.5524579930001],[-93.779909787,32.552354027],[-93.7801531969999,32.552245508],[-93.778906916,32.5498408600001],[-93.7759634349999,32.54438379],[-93.7745921159999,32.541994601],[-93.773304189,32.540213964],[-93.7718973199999,32.5387017350001],[-93.770064662,32.5368729730001],[-93.765873841,32.5324860320001],[-93.764133838,32.5309391010001],[-93.7623244599999,32.529139592],[-93.760221708,32.5270406400001],[-93.758381683,32.525197255],[-93.759837182,32.5240921220001],[-93.7601307039999,32.523745875],[-93.760185715,32.5231480030001],[-93.759086029,32.517670583],[-93.758749285,32.517003785],[-93.75825566,32.5164571170001],[-93.756382587,32.515065081],[-93.755866211,32.514636232],[-93.75543808,32.514144714],[-93.75497541,32.5135156380001],[-93.753391449,32.514654201]],[[-93.76155022,32.492842356],[-93.761516928,32.492673052],[-93.761355071,32.4926768080001],[-93.761173919,32.4927206450001],[-93.7609690189999,32.492753216],[-93.760334976,32.492936066],[-93.760259255,32.492977388],[-93.759699461,32.4933481050001],[-93.758321515,32.4945078270001],[-93.757436548,32.495230447],[-93.757130671,32.495489698],[-93.755941298,32.496482824],[-93.755112745,32.497171618],[-93.754533655,32.49790299],[-93.7539902,32.498842241],[-93.753470505,32.5003775870001],[-93.75322699,32.5015046520001],[-93.753013161,32.502266042],[-93.752526131,32.5034331590001],[-93.752009405,32.50433479],[-93.751088791,32.5054367700001],[-93.749354492,32.5074403260001],[-93.747635365,32.5094679910001]],[[-93.751696878,32.510068377],[-93.751734449,32.5100709020001],[-93.7525142699999,32.509478491],[-93.753162407,32.5083918380001],[-93.755837658,32.5064586170001],[-93.7583639699999,32.5046133270001],[-93.758490094,32.5044057870001],[-93.75853949,32.5040257740001],[-93.7585725609999,32.5039592150001],[-93.7583751189999,32.503895583],[-93.758416838,32.5038126360001],[-93.7586410329999,32.50364395],[-93.758808115,32.503560414],[-93.7589500019999,32.503540727],[-93.759979996,32.503540727],[-93.760368549,32.503530734],[-93.760904227,32.50352222],[-93.7609578569999,32.50352194],[-93.7609578569999,32.5026899970001],[-93.760947872,32.5022910870001],[-93.760937862,32.5017510760001],[-93.7609478589999,32.5010100000001],[-93.7609478589999,32.5008600030001],[-93.760937875,32.5003817150001],[-93.760929951,32.5001121440001],[-93.761013412,32.5001092160001],[-93.761583412,32.500089218],[-93.761761914,32.500089281],[-93.76207693,32.500009031],[-93.762353466,32.4999892810001],[-93.763057858,32.4999892810001],[-93.763057858,32.498989996],[-93.763078281,32.4981269740001],[-93.76304867,32.49788025],[-93.7630103979999,32.4977176050001],[-93.762941951,32.497541593],[-93.762642919,32.4971899820001],[-93.762420735,32.496907262],[-93.762339985,32.4967962200001],[-93.762112797,32.496529835],[-93.762061928,32.496468785],[-93.7616596729999,32.4959458710001],[-93.761560253,32.4957967340001],[-93.7613811369999,32.4955778140001],[-93.761299982,32.4954662220001],[-93.761022796,32.4950798400001],[-93.760972479,32.495019461]]]},"properties":{"id":"uniti-regional-20260919-b18cbf5a84ad26319e5f","sourceId":"uniti-regional-20260919","source":"Uniti Wholesale regional transport network","sourceUrl":"https://www.unitiwholesale.com/network-map/","name":"Uniti Wholesale regional transport network","carrier":"Uniti Wholesale","category":"unknown","routeStatus":"Publisher network map; current operating status unverified","evidence":"publisher_route","geometryQuality":"publisher_geometry_unverified","dataDate":null,"metadataModified":"2025-06-13T12:55:45+00:00","retrievedAt":"2026-09-19T13:31:26.703698+00:00","networkType":"Carrier-published regional transport geometry; not a surveyed cable alignment","serviceability":"Unconfirmed","routeDiversity":"Unconfirmed","states":["LA"],"publishedLineParts":6,"importBatch":"20260919","sourceRecordIds":["2955","36375","36377","36379","47015","47335"]},"bbox":[-93.7801531969999,32.492673052,-93.747635365,32.5524579930001]},{"type":"Feature","geometry":{"type":"MultiLineString","coordinates":[[[-93.202683094,31.8733396120001],[-93.202599945,31.8733008890001],[-93.2025163919999,31.8734667260001],[-93.2015058169999,31.8730298770001],[-93.203820428,31.8694022120001],[-93.205055109,31.867457454],[-93.205477641,31.86679192],[-93.205769323,31.8663324890001],[-93.2074110839999,31.8633794720001],[-93.207719027,31.8628100060001],[-93.2058379539999,31.859480117],[-93.205477641,31.858428957],[-93.205419789,31.858260181],[-93.204680565,31.8558398690001],[-93.204594776,31.8551964970001],[-93.204756473,31.853267956],[-93.2047331159999,31.851636886],[-93.2048522329999,31.8511265600001],[-93.2051623309999,31.8509807410001],[-93.205477641,31.8508594400001],[-93.210471734,31.848938186],[-93.2111178919999,31.84861579],[-93.21151378,31.848324144],[-93.2147577439999,31.845678755],[-93.216419749,31.844323423],[-93.219238573,31.842037437],[-93.2204538139999,31.8412194410001],[-93.221143989,31.8409291450001],[-93.221573114,31.84084253],[-93.2221900769999,31.8407103550001],[-93.2228766599999,31.8406966950001],[-93.2244913809999,31.8407249310001],[-93.225933357,31.840988364],[-93.226276693,31.8410020250001],[-93.2283033739999,31.8410382020001],[-93.235156989,31.8410458280001],[-93.23703698,31.841098807],[-93.238292918,31.8411341990001],[-93.2390128279999,31.8411341990001],[-93.239580383,31.841046668],[-93.240128625,31.8408689340001],[-93.242485265,31.840068327],[-93.248750386,31.837983404],[-93.2556125259999,31.835764802],[-93.256655381,31.835751675],[-93.260093952,31.835764802],[-93.263502699,31.835847148],[-93.26419557,31.8360564870001],[-93.270356126,31.838939254],[-93.271456832,31.839556487],[-93.271938598,31.839775204],[-93.272299092,31.839834501],[-93.272744297,31.839921041],[-93.273293617,31.8399511850001],[-93.27389441,31.839921041],[-93.274513529,31.839775204],[-93.275096087,31.839629444],[-93.275405107,31.83964402],[-93.2758009949999,31.839702324],[-93.276504735,31.839834501],[-93.27755783,31.840054438],[-93.2785348369999,31.8402388120001],[-93.27900268,31.840355496],[-93.279880244,31.8405204100001],[-93.280504663,31.840669909],[-93.281090455,31.8408358140001],[-93.281694482,31.841034458],[-93.2824551749999,31.841332537],[-93.2833918489999,31.8417800350001],[-93.287089303,31.8435650780001],[-93.287798175,31.8439073010001],[-93.304315139,31.851591866],[-93.3117084529999,31.855028481],[-93.320457005,31.859113817],[-93.321264641,31.859490952],[-93.327155793,31.8622966140001],[-93.3348580379999,31.8659970310001],[-93.336085231,31.866512324],[-93.336593942,31.866725928],[-93.3391688729999,31.867902266],[-93.34160753,31.869062187],[-93.34386814,31.8702776320001],[-93.346462385,31.871686299],[-93.348432121,31.872928104],[-93.350675573,31.874303012],[-93.355882299,31.8777113940001],[-93.359392735,31.879897941],[-93.362319536,31.8818192890001],[-93.36376259,31.8827968050001],[-93.3646209299999,31.883276902],[-93.365498494,31.884005738],[-93.366276345,31.884862942],[-93.366725862,31.8855753660001],[-93.367584203,31.8863706970001],[-93.36836421,31.886767863],[-93.369300793,31.8870994320001],[-93.370509926,31.8875293940001],[-93.371738372,31.8880267800001],[-93.372734065,31.888440415],[-93.3735923149999,31.8890863010001],[-93.375871161,31.8905838420001],[-93.37741285,31.891643257],[-93.38129456,31.89406179],[-93.383515465,31.895376206],[-93.3854080359999,31.8964692760001],[-93.3869293329999,31.897347338],[-93.3880215939999,31.8979266580001],[-93.3903218199999,31.898943203],[-93.392038411,31.8998039300001],[-93.397148567,31.9022613700001],[-93.397870343,31.902612291],[-93.398272876,31.9028079980001],[-93.4014223199999,31.9043392190001],[-93.4042467849999,31.905712415],[-93.406821716,31.906953838],[-93.4084803649999,31.9077653030001],[-93.411055296,31.9090240090001],[-93.412551979,31.9096433660001],[-93.4134692489999,31.9101397170001],[-93.414892989,31.9109839440001],[-93.417604194,31.912391911],[-93.420803544,31.9141632780001],[-93.42548233,31.91730514],[-93.426535964,31.9182322610001],[-93.4279800049999,31.919689297],[-93.429091581,31.920749292],[-93.430145125,31.92212341],[-93.43143259,31.9239282890001],[-93.432386332,31.925463538],[-93.432951821,31.9264405910001],[-93.4337124249999,31.9279640560001],[-93.434570765,31.930139345],[-93.435390478,31.9323738200001],[-93.435799211,31.9340518700001],[-93.436013819,31.935210958],[-93.436092152,31.936303555],[-93.436170395,31.93895853],[-93.436348531,31.9420431350001],[-93.436718637,31.944046045],[-93.4372068709999,31.946396655],[-93.4378302119999,31.9483394050001],[-93.43839669,31.9495811680001],[-93.439096208,31.950845628],[-93.440032791,31.952632641],[-93.440910445,31.954089133],[-93.44178801,31.9553972800001],[-93.4432095939999,31.9572296310001],[-93.445374713,31.959613666],[-93.446447571,31.9606559010001],[-93.446857382,31.9610700470001],[-93.447108462,31.961538837],[-93.447401402,31.962003052],[-93.447752194,31.96274765],[-93.447986116,31.963425709],[-93.448083762,31.964087454],[-93.448083762,31.965368099],[-93.448162096,31.96588145],[-93.448415241,31.96619551],[-93.448688868,31.9664603370001],[-93.448805738,31.9667589250001],[-93.4496447649999,31.966940912],[-93.450034274,31.9669736820001],[-93.4505031049999,31.966940912],[-93.451087819,31.966741626],[-93.451771257,31.966543177],[-93.452492245,31.966377574],[-93.45307275,31.96644074],[-93.453252848,31.9664603370001],[-93.4537603959999,31.966741626],[-93.454346188,31.9671056760001],[-93.455496301,31.967966678],[-93.462965703,31.973737962],[-93.4679760559999,31.977814289],[-93.469263522,31.978790785],[-93.4707462809999,31.979800036],[-93.471995119,31.980627317],[-93.473418769,31.9814545140001],[-93.4747062339999,31.98216619],[-93.479170502,31.9842073130001],[-93.480516987,31.984654193],[-93.482233577,31.9851838170001],[-93.484496344,31.9857625070001],[-93.4977561059999,31.9890776170001],[-93.5009361419999,31.989839214],[-93.5054004099999,31.9910030840001],[-93.50729298,31.991582727],[-93.509613598,31.992377065],[-93.511818423,31.9934025470001],[-93.5147022849999,31.994947605],[-93.517316921,31.996585429],[-93.5187020339999,31.9976272430001],[-93.521374522,32.000082069],[-93.523325034,32.002199278],[-93.524963381,32.0040580420001],[-93.5260555529999,32.005685725],[-93.526796932,32.0067274360001],[-93.5273827239999,32.007819182],[-93.527674497,32.0084314740001],[-93.528084398,32.0094076440001],[-93.528452348,32.0102901120001],[-93.5288236219999,32.011001488],[-93.529213041,32.012143227],[-93.530306291,32.015374588],[-93.53149611,32.018787719],[-93.53217847,32.020954536],[-93.532529352,32.022052434],[-93.532685928,32.0227965450001],[-93.532841516,32.023573399],[-93.533075438,32.025779172],[-93.533056124,32.0261930250001],[-93.533270731,32.0272017550001],[-93.533504563,32.0272017550001],[-93.53389515,32.0276983850001],[-93.5348703609999,32.029087352],[-93.535845572,32.030267935],[-93.536567638,32.0311601770001],[-93.5367232259999,32.0316895330001],[-93.537172743,32.032384446],[-93.5376598999999,32.033144846],[-93.538225299,32.033872417],[-93.539533067,32.0358897720001],[-93.54068327,32.037494044],[-93.541932108,32.039103847],[-93.543160554,32.040659024],[-93.543899777,32.041573934],[-93.54436753,32.042335171],[-93.545246172,32.0433100660001],[-93.545635682,32.04364107],[-93.546572265,32.0449306560001],[-93.547118441,32.045459932],[-93.547957378,32.0464520780001],[-93.549963675,32.0489110020001],[-93.551036533,32.0502505370001],[-93.5515054539999,32.0510607360001],[-93.552109481,32.051986506],[-93.55347519,32.0536132610001],[-93.5575513849999,32.0585719210001],[-93.558466319,32.0596100610001],[-93.559715157,32.0611476080001],[-93.56053478,32.062685129],[-93.560612035,32.063065242],[-93.560300948,32.0631815670001],[-93.560636,32.0637847740001],[-93.564281997,32.063453439],[-93.564989865,32.063405975],[-93.566180961,32.0633261360001],[-93.5668997929999,32.0632761190001],[-93.567774213,32.0631215770001],[-93.5681014689999,32.0630487980001],[-93.5723769109999,32.061834989],[-93.57509126,32.061025799],[-93.578444043,32.0599983330001],[-93.580074844,32.059498224],[-93.581110152,32.059184483],[-93.58312184,32.0586298580001],[-93.584055279,32.0583752700001],[-93.585256866,32.0581252490001],[-93.5866676699999,32.0579433670001],[-93.589140732,32.057702405],[-93.5902029,32.057606933],[-93.592758781,32.057308865],[-93.5929708789999,32.0572841270001],[-93.5937057899999,32.0572159110001],[-93.59462854,32.057125007],[-93.596178852,32.056934063],[-93.596795726,32.056829454],[-93.5976004359999,32.0566521380001],[-93.5990005509999,32.0563248350001],[-93.601409113,32.055711036],[-93.604520518,32.054947245],[-93.607256337,32.054233393],[-93.608887139,32.053819667],[-93.61238473,32.052974013],[-93.613377188,32.0528057490001],[-93.614358867,32.05266025],[-93.615147408,32.0526147960001],[-93.616370465,32.0526284250001],[-93.618709408,32.052623933],[-93.62207827,32.052637561],[-93.624411734,32.052523888],[-93.626874016,32.0524102140001],[-93.6279201039999,32.052355623],[-93.6305165049999,32.052232889],[-93.631079749,32.052196495],[-93.6314927939999,32.0521464720001],[-93.631895149,32.052101017],[-93.6322706449999,32.0520283050001],[-93.6327158499999,32.051919199],[-93.6331075159999,32.0517827590001],[-93.63360105,32.0515645460001],[-93.634207143,32.051273544],[-93.635054794,32.050882495],[-93.63629393,32.050332387],[-93.6374258069999,32.0500640710001],[-93.637822773,32.0500140470001],[-93.639507204,32.0499277050001],[-93.6423718409999,32.0497185480001],[-93.644818044,32.049568476],[-93.646132279,32.0494729960001],[-93.6497854579999,32.049268406],[-93.6510676889999,32.0492004560001],[-93.651759595,32.049163789],[-93.653331378,32.049141099],[-93.6561101359999,32.04924564],[-93.658486539,32.049372947],[-93.659559397,32.0494002820001],[-93.6601655809999,32.049368455],[-93.6604928369999,32.049327491],[-93.661007841,32.049222951],[-93.662386485,32.048927372],[-93.664226505,32.048436339],[-93.667418309,32.0476405840001],[-93.670240007,32.0468949240001],[-93.6709749189999,32.0466993900001],[-93.671527472,32.0464947950001],[-93.6724608219999,32.04613106],[-93.673050925,32.045903696],[-93.673748287,32.0456081070001],[-93.674209662,32.0453807420001],[-93.674815845,32.0450261400001],[-93.675448798,32.0446805220001],[-93.677181559,32.0436119830001],[-93.6776936209999,32.043301569],[-93.677830829,32.043218402],[-93.6800622759999,32.0418658800001],[-93.682052404,32.0407290800001],[-93.683468598,32.0400878390001],[-93.685308617,32.0395467290001],[-93.685690896,32.039464157],[-93.686424414,32.039305718],[-93.687481192,32.0391829660001],[-93.689551899,32.038919186],[-93.6907106359999,32.0387828030001],[-93.691418688,32.038691881],[-93.692588606,32.038451814],[-93.6937915399999,32.038204814],[-93.695205985,32.0379142410001],[-93.695511772,32.0378687790001],[-93.69561752,32.0378675900001],[-93.697142573,32.0378505790001],[-93.699486817,32.037823318],[-93.7015949829999,32.0377959800001],[-93.7041859939999,32.037755087],[-93.706766315,32.037714195],[-93.7092341269999,32.03769005],[-93.709258054,32.039134661],[-93.710974922,32.0391255500001],[-93.7109803119999,32.0396985690001],[-93.712777391,32.0396985690001],[-93.712643273,32.039912241],[-93.7126862119999,32.041226399],[-93.713726911,32.0412764270001],[-93.7142096649999,32.041308257],[-93.7151216349999,32.041453774],[-93.7166666479999,32.041731177],[-93.721065428,32.0421631570001],[-93.7234365309999,32.0427588480001],[-93.724128503,32.042958883],[-93.725067243,32.0433181380001],[-93.727352557,32.0445913570001],[-93.729364154,32.0458599900001],[-93.736482764,32.050616007],[-93.740774286,32.053457713],[-93.744170007,32.055708219],[-93.7469165159999,32.0576131760001],[-93.753090997,32.061677628],[-93.7541210049999,32.0623640910001],[-93.755258272,32.062873244],[-93.75629897,32.0632506160001],[-93.7567245559999,32.0633891310001],[-93.75843331,32.063789791],[-93.759345555,32.0638694460001],[-93.7637929859999,32.0639416350001],[-93.764211421,32.0638597970001],[-93.772064943,32.06400977],[-93.774430656,32.064014338],[-93.776576462,32.06395983],[-93.7793980699999,32.0638597970001],[-93.78111475,32.063918873],[-93.7819890809999,32.064077981],[-93.784601561,32.065105401],[-93.787122863,32.066296481],[-93.787959733,32.066855627],[-93.78910769,32.0679739090001],[-93.790121619,32.0689240190001],[-93.790711632,32.0694695230001],[-93.791269576,32.0699922630001],[-93.79182213,32.07039229],[-93.792363904,32.0707059920001],[-93.7928574379999,32.070955978],[-93.793919606,32.0716923840001],[-93.794992464,32.0720151400001],[-93.7968324829999,32.0733924730001],[-93.7982755369999,32.0742288800001],[-93.7989889789999,32.0745470600001],[-93.800072617,32.074974394],[-93.8005392909999,32.075215235],[-93.800759199,32.075765268],[-93.801274556,32.0760329620001],[-93.803232841,32.077050162],[-93.803892073,32.0773925900001],[-93.8044392369999,32.0777061920001],[-93.805238468,32.078442543],[-93.8057213129999,32.0789697980001],[-93.806611813,32.0800880080001],[-93.807126817,32.08082434],[-93.807690061,32.081856063],[-93.807850949,32.0821787830001],[-93.8088594869999,32.082019706],[-93.809379882,32.083019677],[-93.809857246,32.0828878500001],[-93.810619018,32.0843922770001],[-93.811032063,32.0851785790001],[-93.811010593,32.085278589],[-93.810962354,32.085378522],[-93.810887255,32.0854240360001],[-93.810559998,32.085551292],[-93.81129491,32.086992049],[-93.8116167759999,32.087591939],[-93.810860395,32.0883009630001],[-93.811938643,32.0904234390001],[-93.8136230739999,32.0936410780001],[-93.816519871,32.099862484],[-93.817818116,32.1026208560001],[-93.819041173,32.1053609580001],[-93.821310317,32.1099321020001],[-93.823418483,32.114439485],[-93.8260792929999,32.120059725],[-93.8267766549999,32.1215817240001],[-93.8286917739999,32.1256342020001],[-93.829507174,32.127419633],[-93.831062787,32.1307903960001],[-93.831888968,32.132616576],[-93.833396341,32.13571467],[-93.834946653,32.138994304],[-93.8355474459999,32.1404342170001],[-93.837494724,32.144504036],[-93.838846599,32.1474382000001],[-93.839924847,32.149713696],[-93.8402198539999,32.1503540920001],[-93.8403808319999,32.150944515],[-93.840482701,32.151385105],[-93.8405578,32.1519755210001],[-93.8405953499999,32.152606775],[-93.840713388,32.162407226],[-93.840745638,32.164791396],[-93.840627599,32.1659402650001],[-93.840504171,32.167075507],[-93.8403862219999,32.1675568540001],[-93.8403539719999,32.1678656600001],[-93.840407602,32.1732419510001],[-93.840643679,32.181128717],[-93.84057397,32.18333525],[-93.840493481,32.184674638],[-93.840359362,32.1851105040001],[-93.840144755,32.1855418050001],[-93.839876518,32.1860275400001],[-93.839383073,32.186826575],[-93.839254075,32.187023406],[-93.8386639719999,32.187849725],[-93.839377414,32.188371787],[-93.838476224,32.1895930370001],[-93.837666213,32.1908959190001],[-93.837124439,32.192062627],[-93.83706003,32.192975108],[-93.837058821,32.193240211],[-93.83704395,32.1965160070001],[-93.83707072,32.2053131910001],[-93.836963461,32.2152304850001],[-93.836899052,32.2159021890001],[-93.836823952,32.216219875],[-93.8367006139999,32.2165330760001],[-93.8364002169999,32.2173318430001],[-93.836030021,32.2181033950001],[-93.834823045,32.2204361],[-93.834157843,32.2216205930001],[-93.833546359,32.222823234],[-93.833047435,32.223948648],[-93.832822138,32.224888091],[-93.832671939,32.2255733260001],[-93.832655859,32.226081569],[-93.83264508,32.230542326],[-93.832505661,32.231055101],[-93.832344683,32.2315225070001],[-93.832162325,32.231844698],[-93.831969187,32.232253057],[-93.8317545799999,32.232543483],[-93.830628092,32.233936553],[-93.830048769,32.234680761],[-93.8299493439999,32.234841321],[-93.8290938599999,32.236223489],[-93.8283911079999,32.237312493],[-93.827897573,32.2381973180001],[-93.827629336,32.23872365],[-93.826841186,32.2384494570001],[-93.826643003,32.238759944],[-93.825134625,32.241123068],[-93.824726961,32.241814957],[-93.82368,32.243439],[-93.823255,32.2446630000001],[-93.8231877269999,32.24539005],[-93.823156669,32.2457257040001],[-93.8231496179999,32.246741876],[-93.823162913,32.2477590340001],[-93.823109463,32.25390322],[-93.823114763,32.2561066960001],[-93.823106768,32.256593041],[-93.823065524,32.2577538100001],[-93.823064975,32.2578862820001],[-93.82303,32.266336],[-93.8228560699999,32.2673737470001],[-93.822851,32.2674040000001],[-93.822684834,32.2677274700001],[-93.8226097739999,32.2678735860001],[-93.8224695329999,32.2680951930001],[-93.8223852409999,32.26822839],[-93.822239804,32.268409853],[-93.822196635,32.268454271],[-93.8217248889999,32.268939656],[-93.8198451649999,32.270851022],[-93.8195785449999,32.2711776310001],[-93.8194755979999,32.2713740510001],[-93.819338784,32.271732786],[-93.819115643,32.2724435690001],[-93.819037849,32.272842708],[-93.818980626,32.273161789],[-93.818994909,32.273884106],[-93.8190297639999,32.2742174630001],[-93.819044726,32.274265342],[-93.819149959,32.2746020870001],[-93.819303035,32.2750075060001],[-93.822156204,32.281440202],[-93.822212,32.2815660000001],[-93.8234097609999,32.284405706],[-93.824774076,32.287640289],[-93.824909148,32.2880926660001],[-93.824986403,32.2886250880001],[-93.825260569,32.289687644],[-93.825338363,32.290254001],[-93.82555288,32.291511927],[-93.82560103,32.2918055800001],[-93.825618907,32.291866482],[-93.825698318,32.2921363660001],[-93.8259391559999,32.2924991950001],[-93.8265137179999,32.295117025],[-93.8267154929999,32.2959735210001],[-93.826854184,32.2965621910001],[-93.8273634349999,32.2989541040001],[-93.8275351029999,32.299762549],[-93.827741626,32.300771443],[-93.827913294,32.3016125980001],[-93.828055856,32.302884869],[-93.828178746,32.304056517],[-93.828299479,32.3057286590001],[-93.828462524,32.307327351],[-93.8285054629999,32.30762528],[-93.8284792319999,32.3079154640001],[-93.8285220819999,32.308306702],[-93.8286771309999,32.3088947330001],[-93.82876319,32.309429159],[-93.8288906609999,32.310220503],[-93.829200669,32.3124623940001],[-93.829770291,32.3166530450001],[-93.830531074,32.321792342],[-93.83087441,32.324315045],[-93.830968823,32.3251853570001],[-93.831003139,32.325718017],[-93.831014817,32.326680621],[-93.830960199,32.326917912],[-93.83087441,32.327353095],[-93.8305825479999,32.328542949],[-93.829975915,32.3309483410001],[-93.82870965,32.3360430320001],[-93.8279299119999,32.338946729],[-93.827057738,32.342473816],[-93.827033075,32.3426153360001],[-93.826840346,32.343779058],[-93.826805491,32.344199664],[-93.826840346,32.3448984940001],[-93.826856965,32.3451305770001],[-93.827071572,32.3462979600001],[-93.827140743,32.346620199],[-93.827157361,32.3468449910001],[-93.827186467,32.3471563740001],[-93.827395376,32.3472203050001],[-93.827431,32.347521],[-93.827457,32.347623],[-93.827569264,32.34763751],[-93.827635265,32.347935626],[-93.827714676,32.348344754],[-93.828462524,32.352198474],[-93.8284448269999,32.352379769],[-93.828316098,32.3525610630001],[-93.828252498,32.3531392450001],[-93.82854858,32.353146305],[-93.828448747,32.3540767170001],[-93.828309573,32.355373797],[-93.828264,32.355665],[-93.828092,32.356235],[-93.827062,32.3593510000001],[-93.825968,32.362643],[-93.824371,32.3673210000001],[-93.822833,32.371493],[-93.821432,32.375277],[-93.8208289999999,32.376926],[-93.820162,32.3787330000001],[-93.819902531,32.3793854990001],[-93.8196169999999,32.380033],[-93.8178809999999,32.383645],[-93.817533902,32.3844323000001],[-93.816906686,32.3857625520001],[-93.816633485,32.3862511840001],[-93.8154299999999,32.388171],[-93.813799,32.390634],[-93.812175,32.393021],[-93.811529,32.3940170000001],[-93.811243,32.394392],[-93.8098336149999,32.3960071000001],[-93.8092594029999,32.3965785550001],[-93.80871,32.397115],[-93.808456996,32.39737233],[-93.804014174,32.4016987370001],[-93.803670565,32.402033342]]]},"properties":{"id":"uniti-regional-20260919-4c44cd4d3b650a145e45","sourceId":"uniti-regional-20260919","source":"Uniti Wholesale regional transport network","sourceUrl":"https://www.unitiwholesale.com/network-map/","name":"Uniti Wholesale regional transport network","carrier":"Uniti Wholesale","category":"unknown","routeStatus":"Publisher network map; current operating status unverified","evidence":"publisher_route","geometryQuality":"publisher_geometry_unverified","dataDate":null,"metadataModified":"2025-06-13T12:55:45+00:00","retrievedAt":"2026-09-19T13:31:26.703698+00:00","networkType":"Carrier-published regional transport geometry; not a surveyed cable alignment","serviceability":"Unconfirmed","routeDiversity":"Unconfirmed","states":["LA"],"publishedLineParts":1,"importBatch":"20260919","sourceRecordIds":["95710"]},"bbox":[-93.840745638,31.835751675,-93.2015058169999,32.402033342]},{"type":"Feature","geometry":{"type":"MultiLineString","coordinates":[[[-93.7494084629999,32.5105399170001],[-93.749377458,32.510338581],[-93.749141424,32.510295606],[-93.749141464,32.5102955680001],[-93.748849062,32.5104969240001],[-93.748093668,32.511076745],[-93.7480493749999,32.511066193],[-93.748033302,32.511030611],[-93.7474016959999,32.510403367],[-93.74696269,32.509942779],[-93.746606777,32.5096055180001],[-93.746146031,32.5091387900001],[-93.745319426,32.5082856700001],[-93.745307274,32.508273129],[-93.7445587079999,32.5076171530001],[-93.7444992819999,32.5075627470001],[-93.742393319,32.5056346540001],[-93.742356738,32.505599429],[-93.739930497,32.503409602],[-93.738133418,32.5048593390001],[-93.7380017249999,32.50474623],[-93.7379616599999,32.5047916870001],[-93.737350626,32.504201218],[-93.7364679409999,32.505007145],[-93.7361897329999,32.504786838],[-93.7359214959999,32.5046420620001],[-93.7355566909999,32.504479255],[-93.735288543,32.50441592],[-93.735020306,32.5043434940001],[-93.73475207,32.5042530380001],[-93.734322944,32.5042168250001],[-93.733174897,32.504225916],[-93.732638513,32.5042801600001],[-93.732166449,32.504298266],[-93.731544185,32.504289251],[-93.731061341,32.5042801600001],[-93.7307609439999,32.504262053],[-93.730578586,32.504225916],[-93.730540318,32.504081972],[-93.7282396429999,32.504180612],[-93.727713949,32.504207809],[-93.72727072,32.504179247],[-93.727048746,32.5041625800001],[-93.7268234489999,32.5041353830001],[-93.726544522,32.50402682],[-93.726190496,32.503863935],[-93.725922259,32.50368302],[-93.7256433319999,32.50350203],[-93.725257056,32.503140122],[-93.7249747159999,32.502686241],[-93.7247313619999,32.502009087],[-93.7246669529999,32.501914006],[-93.724567061,32.5001843540001],[-93.7245657349999,32.500089954],[-93.724532116,32.49769596],[-93.724489267,32.4952143160001],[-93.724441656,32.4945890830001],[-93.724452346,32.494317607],[-93.724441656,32.4940641630001],[-93.7244309659999,32.4937926860001],[-93.724323617,32.493331179],[-93.724151949,32.492715859],[-93.7239910609999,32.4919421000001],[-93.7239930329999,32.4900337400001],[-93.723993037,32.4900301770001],[-93.723992857,32.4890889380001],[-93.723997259,32.488979902],[-93.723992768,32.488931483],[-93.7239901629999,32.4887897880001],[-93.723980281,32.4883584900001],[-93.7239695909999,32.4879965220001],[-93.723948121,32.4878064820001],[-93.723893773,32.487452089],[-93.723819393,32.48699199],[-93.723754984,32.486557576],[-93.7237838189999,32.4848366460001],[-93.723776453,32.4843810040001],[-93.723765763,32.484145718],[-93.723754984,32.483883228],[-93.7236747739999,32.4834779290001],[-93.723561935,32.483163801],[-93.723158862,32.482315015],[-93.722220751,32.4807427580001],[-93.721962575,32.4803103610001],[-93.721995454,32.479688358],[-93.722061839,32.4771709030001],[-93.722034278,32.474704124],[-93.722032374,32.4745336390001],[-93.722021594,32.4722674230001],[-93.722043064,32.469492003],[-93.722018902,32.4673492410001],[-93.722018899,32.4673489730001],[-93.722017243,32.4668696960001],[-93.722010096,32.464802144],[-93.722016244,32.4643708460001],[-93.722002832,32.461829519],[-93.722002819,32.4618271520001],[-93.722005515,32.4592064230001],[-93.722005514,32.459206416],[-93.721978655,32.4564985110001],[-93.721994786,32.455039817],[-93.721957235,32.453843664],[-93.7219360229999,32.4530085060001],[-93.7219277199999,32.451617631],[-93.721856035,32.4508755840001],[-93.721813095,32.45051339],[-93.7217379959999,32.4500290710001],[-93.721609268,32.449621617],[-93.721367172,32.448823533],[-93.7207284529999,32.4476967030001],[-93.720482691,32.4472631250001],[-93.719775532,32.445937498],[-93.71975384,32.4458995900001],[-93.718870034,32.4445726750001],[-93.717807431,32.442691304],[-93.717789092,32.4426588360001],[-93.7168456809999,32.4410202330001],[-93.716386283,32.440292201],[-93.713749676,32.4357704340001],[-93.7123629979999,32.433299508],[-93.710957496,32.430891886],[-93.708482531,32.426507056],[-93.7082081999999,32.426021017],[-93.707191667,32.424265264],[-93.706947594,32.4243512520001],[-93.705837187,32.422372454],[-93.704509477,32.4201037890001],[-93.703162992,32.417710551],[-93.7017883349999,32.415326631],[-93.700370849,32.4128683710001],[-93.700531736,32.412791397],[-93.70051483,32.4127610050001],[-93.699236277,32.4104625030001],[-93.697715429,32.407910502],[-93.69623752,32.40535843],[-93.6949688299999,32.4031980230001],[-93.692986697,32.4008224620001],[-93.694333182,32.4006786570001],[-93.699422048,32.400609865],[-93.701675113,32.400609865],[-93.7036921,32.4006732720001],[-93.704758939,32.4007420660001],[-93.705941449,32.4008090400001],[-93.707769014,32.4008634960001],[-93.708305488,32.4008634960001],[-93.710258155,32.4008725210001],[-93.7107945399999,32.400818139],[-93.7114919919999,32.4007332680001],[-93.7160382749999,32.4000719580001],[-93.7178863789999,32.399839865],[-93.718959237,32.399604283],[-93.7196672899999,32.399459414],[-93.720415676,32.399204565],[-93.7209976949999,32.398802646],[-93.72140544,32.398539908],[-93.722424669,32.3975751850001],[-93.7232614489999,32.3967281720001],[-93.7250102899999,32.394689832],[-93.726147556,32.3953737840001],[-93.7268234489999,32.39585392],[-93.727405468,32.3962355240001],[-93.7281002239999,32.39663298],[-93.729119453,32.397104084],[-93.729838285,32.3973848790001],[-93.731772178,32.3982352990001],[-93.731809579,32.3982502430001],[-93.733271467,32.3988343500001],[-93.733754311,32.399087987],[-93.7343014739999,32.3994865670001],[-93.734591181,32.39980361],[-93.734805699,32.400048218],[-93.735125499,32.4006267780001],[-93.7361246949999,32.4000807570001],[-93.736854217,32.3996550250001],[-93.7376374579999,32.399324329],[-93.738757208,32.3988965460001],[-93.739976312,32.398466031],[-93.740598575,32.3982893790001],[-93.7415802529999,32.398099151],[-93.742004079,32.398067446],[-93.743783731,32.398085801],[-93.744332243,32.398071997],[-93.744900876,32.3980901240001],[-93.7456197079999,32.3981535340001],[-93.746660407,32.398244097],[-93.747502577,32.3982395470001],[-93.750296068,32.398203519],[-93.753385996,32.39815373],[-93.7533860029999,32.398153762],[-93.760172595,32.398078899],[-93.76035567,32.3980756990001],[-93.762930693,32.398044767],[-93.76319354,32.3979994850001],[-93.763520706,32.3979859080001],[-93.763928451,32.3979859080001],[-93.764502475,32.397990459],[-93.7664122029999,32.397990459],[-93.767066627,32.398022164],[-93.7675923199999,32.398094599],[-93.7680662719999,32.3982148200001],[-93.76848282,32.3983323850001],[-93.769056843,32.3985090370001],[-93.769882934,32.398808031],[-93.771540595,32.399349283],[-93.772693943,32.3997297350001],[-93.7730479689999,32.399833873],[-93.7734824839999,32.4000150730001],[-93.774169155,32.400447629],[-93.774839659,32.4007012600001],[-93.775345859,32.40088716],[-93.776062715,32.4010500030001],[-93.7763899709999,32.4011270620001],[-93.777023014,32.401233474],[-93.777779395,32.4012606270001],[-93.778447557,32.401240704],[-93.778532287,32.4012381520001],[-93.7792438289999,32.4013331360001],[-93.780123639,32.401351187],[-93.781190291,32.4013558080001],[-93.781212387,32.401357956],[-93.7827361189999,32.401328586],[-93.783256423,32.4013693150001],[-93.78358907,32.401423697],[-93.783873386,32.4015233580001],[-93.784141534,32.4016274950001],[-93.784559969,32.401763411],[-93.784817516,32.4018312920001],[-93.785074973,32.401872097],[-93.788247461,32.40190047],[-93.789145779,32.4019085040001],[-93.794703455,32.4019241930001],[-93.795313086,32.4019119480001],[-93.795567026,32.40192663],[-93.803586266,32.4020776080001]]]},"properties":{"id":"uniti-regional-20260919-e5ee09bd38e3929cdb66","sourceId":"uniti-regional-20260919","source":"Uniti Wholesale regional transport network","sourceUrl":"https://www.unitiwholesale.com/network-map/","name":"Uniti Wholesale regional transport network","carrier":"Uniti Wholesale","category":"unknown","routeStatus":"Publisher network map; current operating status unverified","evidence":"publisher_route","geometryQuality":"publisher_geometry_unverified","dataDate":null,"metadataModified":"2025-06-13T12:55:45+00:00","retrievedAt":"2026-09-19T13:31:26.703698+00:00","networkType":"Carrier-published regional transport geometry; not a surveyed cable alignment","serviceability":"Unconfirmed","routeDiversity":"Unconfirmed","states":["LA"],"publishedLineParts":1,"importBatch":"20260919","sourceRecordIds":["96217"]},"bbox":[-93.803586266,32.394689832,-93.692986697,32.511076745]},{"type":"Feature","geometry":{"type":"MultiLineString","coordinates":[[[-93.724426631,32.522398047],[-93.7244653239999,32.522446168],[-93.725042015,32.5223949300001],[-93.72544369,32.522357238],[-93.725871529,32.5223078610001],[-93.726221647,32.522267035],[-93.726952637,32.52216967],[-93.727159085,32.5221364440001]],[[-93.639332645,32.5292411500001],[-93.6393540669999,32.5291482380001],[-93.639866083,32.529092597],[-93.6411962719999,32.5289738610001],[-93.643613461,32.528797839],[-93.6485692799999,32.5283978850001],[-93.6529229289999,32.5280635140001],[-93.6579582109999,32.527675241],[-93.663043971,32.527275978],[-93.6678954939999,32.5268969750001],[-93.672785647,32.5265084270001],[-93.675815845,32.526271529],[-93.679139909,32.52602733],[-93.680380992,32.525923752],[-93.6844638219999,32.525624538],[-93.690479269,32.5251541650001],[-93.6981283439999,32.5245449600001],[-93.703700978,32.524100753],[-93.706345861,32.52389104],[-93.714160057,32.523303544],[-93.718218338,32.522992834],[-93.7191696099999,32.522893482],[-93.720673416,32.522783953],[-93.724158035,32.5224910370001],[-93.724426631,32.522398047]],[[-93.7271590889999,32.522136446],[-93.727772574,32.522015196],[-93.728656317,32.521829937],[-93.729691605,32.5215477020001],[-93.731130068,32.5210113950001],[-93.732052563,32.520637133],[-93.7329147739999,32.520228783],[-93.733668698,32.5198004150001],[-93.734619241,32.5192521010001],[-93.736028499,32.5182984260001],[-93.7364824969999,32.5179563410001],[-93.736885462,32.517737401],[-93.7390459229999,32.516215539],[-93.739555696,32.515878505],[-93.74152937,32.514458893],[-93.742562823,32.513727515],[-93.742638195,32.513803964],[-93.743354588,32.51326543],[-93.743846746,32.5129828460001],[-93.7442037169999,32.512767985],[-93.7447239479999,32.512388963],[-93.74525614,32.511971111],[-93.745682915,32.511575404],[-93.746495166,32.5108480640001],[-93.74692698,32.510361242],[-93.7475004729999,32.5096766890001],[-93.747665211,32.5094861900001]],[[-93.639332645,32.5292411500001],[-93.637797822,32.529356823]],[[-93.749024273,32.513792476],[-93.74708552,32.511798409]],[[-93.635332584,32.5381205210001],[-93.63451489,32.538329273],[-93.633418271,32.5383730070001],[-93.632791085,32.53835487],[-93.6321997,32.5383854520001],[-93.631787812,32.538336913],[-93.6316362919999,32.538349743],[-93.6315592019999,32.5383436870001],[-93.631269264,32.53839539],[-93.630408749,32.5386056940001],[-93.6299412109999,32.5387286160001]],[[-93.7488309999999,32.5105745000001],[-93.748778,32.51052],[-93.747061,32.5117405],[-93.747086,32.5117984]],[[-93.618221644,32.541760142],[-93.6175879739999,32.541777675],[-93.616521221,32.5417836340001],[-93.6162774919999,32.5417125910001],[-93.615699496,32.541696113],[-93.61216282,32.541573758],[-93.603022228,32.5413464700001],[-93.602902661,32.541348011],[-93.600426418,32.541374637],[-93.5978704239999,32.541321547],[-93.585733588,32.5414835280001],[-93.581284721,32.5416085050001],[-93.571089382,32.541723533],[-93.5588051999999,32.5419065140001],[-93.558700975,32.5419083620001],[-93.55470223,32.5419767170001],[-93.546127594,32.542117365]],[[-93.5294878879999,32.5420164060001],[-93.529490504,32.5418121980001],[-93.52934028,32.5418151650001]],[[-93.645143633,32.535742665],[-93.643966979,32.5360367810001],[-93.638961174,32.5372866970001],[-93.635332584,32.5381205210001]],[[-93.698892127,32.5249935570001],[-93.698631097,32.525037232],[-93.6974684209999,32.525581845],[-93.6967446419999,32.525622463],[-93.696693948,32.5256177150001],[-93.6966457779999,32.525621373],[-93.693491496,32.52586352],[-93.6913581169999,32.5259911090001],[-93.690780078,32.525751325],[-93.690281918,32.5257801130001]],[[-93.690281918,32.5257801130001],[-93.689890857,32.5257898210001],[-93.689511055,32.5258667730001],[-93.6851978729999,32.526105918],[-93.6762474289999,32.5276793190001],[-93.675950859,32.5277465790001],[-93.6753471849999,32.527899297],[-93.675035051,32.5277619080001],[-93.6747603649999,32.5275768830001],[-93.674579433,32.527537609],[-93.673788944,32.5280318910001],[-93.673168896,32.528434631],[-93.672700171,32.5287327520001],[-93.672597405,32.5287783680001],[-93.672302416,32.5288609400001],[-93.67061473,32.529336958],[-93.667830757,32.53007663],[-93.6659834009999,32.53053427],[-93.6610530839999,32.5317685790001],[-93.656280312,32.5329594740001],[-93.655602636,32.53309726],[-93.6505992309999,32.5343787950001],[-93.649647936,32.5346167600001],[-93.645143633,32.535742665]],[[-93.748831458,32.5105744430001],[-93.748927373,32.5106554120001],[-93.74908498,32.5105463840001],[-93.749159532,32.510481408],[-93.749286441,32.510524086]],[[-93.6299412109999,32.5387286160001],[-93.62960563,32.5388780530001],[-93.629099971,32.539075902],[-93.628530838,32.5391429630001],[-93.627668746,32.539395776],[-93.62685618,32.539844868],[-93.625944684,32.540339674],[-93.625828319,32.5403792540001],[-93.6249232529999,32.540747418],[-93.62462346,32.540821454],[-93.6238145309999,32.5410225960001],[-93.623349564,32.5411344400001],[-93.622596873,32.5412937300001],[-93.621881886,32.5414154420001],[-93.620831223,32.5415673580001],[-93.619673828,32.541681767],[-93.618790595,32.5417368290001],[-93.6184106009999,32.541754901],[-93.618221644,32.541760142]],[[-93.779969579,32.5524579930001],[-93.7800271879999,32.55247863],[-93.780285695,32.552855814],[-93.780131701,32.552953501],[-93.7799999,32.5530545250001],[-93.7799166939999,32.553135851],[-93.779746634,32.5533069150001],[-93.779703915,32.553375149],[-93.77923415,32.554057739],[-93.778437175,32.5551796240001],[-93.778331254,32.5553233570001],[-93.7781523,32.555530111],[-93.778082533,32.55560232],[-93.777121988,32.5557646780001],[-93.776837754,32.5558893910001],[-93.7766235229999,32.556046973],[-93.77581237,32.5564362040001],[-93.77551955,32.5564898800001],[-93.775068139,32.5565603950001],[-93.775032577,32.556578378],[-93.774810413,32.5566582480001],[-93.761524577,32.5563386110001],[-93.76100139,32.556323193],[-93.7608779649999,32.556491593],[-93.760443454,32.5564713790001],[-93.7587161,32.5562964490001],[-93.757360326,32.5560934860001],[-93.757324839,32.555838548],[-93.754402361,32.5554122400001],[-93.7539273849999,32.555388496],[-93.753104542,32.555280343],[-93.752782135,32.5552379820001],[-93.7524067369999,32.555188646],[-93.7521411279999,32.5551720760001],[-93.7514905739999,32.555135374],[-93.750839108,32.5551040920001],[-93.749511715,32.555034769],[-93.748882766,32.554977759],[-93.7466636729999,32.554776621],[-93.745636638,32.5547231300001],[-93.745311102,32.554703424],[-93.745120964,32.5546935200001],[-93.7438483719999,32.5546272170001],[-93.7418350359999,32.5546584690001],[-93.741512026,32.5548404310001],[-93.741367278,32.5548432960001],[-93.741050945,32.554668862],[-93.7394161719999,32.554749616],[-93.7393492369999,32.554761338],[-93.7386854539999,32.554796358],[-93.738323138,32.5548164680001],[-93.7382984649999,32.5548170500001],[-93.738201967,32.554978485],[-93.737453487,32.555018821],[-93.736047382,32.5550556480001],[-93.734390683,32.5551003960001],[-93.73306754,32.555137014],[-93.732401626,32.5546711450001],[-93.732142188,32.554466383],[-93.732034628,32.5547744720001],[-93.731563262,32.554647494],[-93.7312445009999,32.5545873390001],[-93.730451085,32.554518368],[-93.730020774,32.55451055],[-93.729476979,32.5545487050001],[-93.729134531,32.554596029],[-93.728935031,32.554630768],[-93.728851431,32.5546528830001],[-93.727950111,32.5548457150001],[-93.727686583,32.5549017180001],[-93.726279247,32.5548797590001],[-93.725754557,32.5549328860001],[-93.725476531,32.554986044],[-93.7236887459999,32.5559513210001],[-93.723381811,32.5561157970001],[-93.7232528549999,32.5561610010001],[-93.723160139,32.5561910480001],[-93.722824035,32.5561981700001],[-93.7226901769999,32.556201128],[-93.7225280489999,32.556204451],[-93.721323329,32.5562311750001],[-93.713612924,32.556401527],[-93.71329388,32.5563400950001],[-93.710308162,32.5554161860001],[-93.710283034,32.5552483440001],[-93.710248026,32.5549770530001],[-93.7102130809999,32.5547021990001],[-93.710197597,32.5545652960001],[-93.710180894,32.5544321420001],[-93.710142068,32.554157753],[-93.710060943,32.55350815],[-93.710025123,32.553235763],[-93.709956685,32.5526888370001],[-93.709917317,32.552369051],[-93.7098798219999,32.5520927050001],[-93.7098434219999,32.5518258270001],[-93.709807171,32.551554567],[-93.709768148,32.5512824740001],[-93.709731773,32.551011846],[-93.709695584,32.550738891],[-93.709657855,32.550469776],[-93.709621468,32.5502024050001],[-93.70958311,32.5499309640001],[-93.70954607,32.5496606940001],[-93.709507725,32.5493891990001],[-93.7094707589999,32.5491171],[-93.709432487,32.5488446890001],[-93.709400954,32.5486235500001],[-93.709361907,32.5483519270001],[-93.7093233269999,32.5480736270001],[-93.709282026,32.547807983],[-93.709247437,32.547536472],[-93.709209141,32.5472664650001],[-93.709184296,32.54709459],[-93.709176314,32.5470233610001],[-93.7091590319999,32.5468897590001],[-93.709118925,32.5466196670001],[-93.709081565,32.5463450680001],[-93.709046003,32.546076574],[-93.7090077569999,32.545803925],[-93.708967526,32.5455032610001],[-93.708949371,32.545365566],[-93.7089120099999,32.545096228],[-93.708875438,32.544828883],[-93.70883915,32.5445526170001],[-93.7087984519999,32.5442710340001],[-93.7087601439999,32.5439980790001],[-93.708725456,32.5437300450001],[-93.7086980869999,32.5435297330001],[-93.7086614289999,32.543267481],[-93.708653767,32.543215096],[-93.708641671,32.543116658],[-93.708601712,32.542841975],[-93.7085670129999,32.5425741560001],[-93.7085270169999,32.5423009470001],[-93.7084896439999,32.542028879],[-93.708451447,32.5417558130001],[-93.708412966,32.5414899530001],[-93.7083667489999,32.541140543],[-93.7083484199999,32.5410099540001],[-93.708308412,32.5407298860001],[-93.708268774,32.540458841],[-93.7082338769999,32.5401878270001],[-93.708196689,32.5399152850001],[-93.708156028,32.539603449],[-93.708114074,32.539334748],[-93.708076787,32.539063678],[-93.708004667,32.5385241010001],[-93.707911482,32.5378510090001],[-93.7078748609999,32.5375778580001],[-93.707840162,32.537304831],[-93.707801632,32.5370335470001],[-93.707795042,32.536991013],[-93.707775937,32.5368458070001],[-93.707737394,32.5365711160001],[-93.707700577,32.5363028830001],[-93.7076424479999,32.535920336],[-93.707601467,32.535760257],[-93.7075532059999,32.535583936],[-93.707434117,32.535255948],[-93.707285404,32.5349588620001],[-93.707208639,32.5348020220001],[-93.7069943829999,32.5344874680001],[-93.7068235099999,32.534252741],[-93.706657749,32.5340222500001],[-93.7064881209999,32.533789911],[-93.706443394,32.533727373],[-93.7062775099999,32.5334983970001],[-93.705942478,32.533024378],[-93.7057711859999,32.5327899480001],[-93.705599476,32.532554126],[-93.705538071,32.53246763],[-93.7053252809999,32.532169767],[-93.7051533969999,32.531934431],[-93.704983954,32.531694058],[-93.704840217,32.53149239],[-93.704753043,32.5313756400001],[-93.704588958,32.5311471050001],[-93.704241189,32.530685121],[-93.704051777,32.530467415],[-93.703884945,32.5302900770001],[-93.703676798,32.5300737000001],[-93.703478272,32.5298725370001],[-93.703269571,32.529657883],[-93.7030639,32.5294482030001],[-93.702850161,32.5292360930001],[-93.7026390089999,32.529019287],[-93.702433215,32.528816044],[-93.702228197,32.528615938],[-93.7018863529999,32.528311011],[-93.7016641759999,32.5281111940001],[-93.7014473949999,32.527916061],[-93.701220217,32.527714062],[-93.701019092,32.5275326890001],[-93.700789549,32.5273374710001],[-93.700566843,32.527141661],[-93.700342437,32.526942121],[-93.700113066,32.526742665],[-93.6998631989999,32.526525324],[-93.699714757,32.526391764],[-93.699557581,32.5261522070001],[-93.699506696,32.5260755190001],[-93.69931726,32.525794584],[-93.6990925469999,32.5254732070001],[-93.6988981219999,32.5251709070001],[-93.6988921239999,32.5249935580001]],[[-93.529487893,32.542016404],[-93.5297853759999,32.5419653440001],[-93.5316119729999,32.541726441],[-93.532849627,32.541643453],[-93.533151671,32.541742184],[-93.533529966,32.541765524],[-93.537577502,32.5420151810001],[-93.5381353659999,32.542027289],[-93.542993237,32.5420369650001],[-93.5434537249999,32.542037161],[-93.545697568,32.542058324],[-93.546127594,32.542117365]],[[-93.7476395079999,32.509468967],[-93.747870232,32.5092906580001],[-93.749017163,32.5104538250001],[-93.7496350009999,32.510039475]],[[-93.7496359239999,32.510039431],[-93.749673839,32.510072914],[-93.749513668,32.510205762],[-93.749260579,32.5104112930001],[-93.749286441,32.510524086]],[[-93.529146265,32.5420800840001],[-93.529211663,32.542019425],[-93.529214457,32.5418117090001],[-93.5293402839999,32.541815167]],[[-93.529146267,32.542080083],[-93.5275069529999,32.54241936],[-93.526595968,32.542671049],[-93.525824434,32.5429063760001],[-93.524149069,32.5441625080001],[-93.5173153119999,32.5476646860001],[-93.517285621,32.547682168]],[[-93.748092886,32.5110521180001],[-93.748840536,32.511932269],[-93.743655619,32.5155867080001],[-93.741499053,32.5133990370001],[-93.740113886,32.5117212110001],[-93.736789702,32.513591455],[-93.735963243,32.5125976790001],[-93.73441829,32.51172913],[-93.7333883219999,32.5131767070001],[-93.732701677,32.5131767070001],[-93.7290967879999,32.5114396120001],[-93.72686519,32.5123081640001],[-93.72686519,32.515203275],[-93.733216661,32.515203275],[-93.733216661,32.5172297980001],[-93.7357915809999,32.5167955470001],[-93.7368215499999,32.518098294],[-93.736134904,32.518822034],[-93.735104936,32.520124751],[-93.730985063,32.525914378],[-93.722230333,32.5277959260001],[-93.717938798,32.5283748570001],[-93.703690904,32.5286643200001],[-93.6904729779999,32.5283748570001],[-93.6880697189999,32.5283748570001],[-93.637944596,32.5442939700001],[-93.634339708,32.545596318],[-93.6269582679999,32.551818387],[-93.622323411,32.555869735],[-93.619576829,32.5561591100001],[-93.614255326,32.555869735]]]},"properties":{"id":"uniti-regional-20260919-ce76e4d89f16e930a93d","sourceId":"uniti-regional-20260919","source":"Uniti Wholesale regional transport network","sourceUrl":"https://www.unitiwholesale.com/network-map/","name":"Uniti Wholesale regional transport network","carrier":"Uniti Wholesale","category":"unknown","routeStatus":"Publisher network map; current operating status unverified","evidence":"publisher_route","geometryQuality":"publisher_geometry_unverified","dataDate":null,"metadataModified":"2025-06-13T12:55:45+00:00","retrievedAt":"2026-09-19T13:31:26.703698+00:00","networkType":"Carrier-published regional transport geometry; not a surveyed cable alignment","serviceability":"Unconfirmed","routeDiversity":"Unconfirmed","states":["LA"],"publishedLineParts":21,"importBatch":"20260919","sourceRecordIds":["2952","2953","2963","2965","36368","36369","36370","36371","36372","36373","36374","36376","36378","36380","36381","36382","47016","47017","59638","59652","96085"]},"bbox":[-93.780285695,32.5092906580001,-93.517285621,32.5566582480001]},{"type":"Feature","geometry":{"type":"MultiLineString","coordinates":[[[-93.3836028699999,30.215304377],[-93.383563586,30.215271629],[-93.383554198,30.2150056610001],[-93.3793337499999,30.2153626030001],[-93.378995792,30.2153232],[-93.378637719,30.215180656],[-93.378348041,30.2149987080001],[-93.377555449,30.2144041880001],[-93.377418657,30.214336971],[-93.377221515,30.214273231],[-93.37702035,30.2142326690001],[-93.376733354,30.2142176030001],[-93.376538894,30.214133003],[-93.3764570869999,30.213984662],[-93.376427583,30.213798076],[-93.376408807,30.2132209330001],[-93.3759233279999,30.2132754020001],[-93.371761889,30.213306694],[-93.369244641,30.2133229180001],[-93.368776596,30.213268449],[-93.367573628,30.2130621600001],[-93.366628151,30.2130007370001],[-93.365744365,30.212947426],[-93.364108221,30.2129381550001],[-93.364113558,30.2131420220001],[-93.364049047,30.213167922]]]},"properties":{"id":"uniti-regional-20260919-7f2e916e5db69c6d9602","sourceId":"uniti-regional-20260919","source":"Uniti Wholesale regional transport network","sourceUrl":"https://www.unitiwholesale.com/network-map/","name":"Uniti Wholesale regional transport network","carrier":"Uniti Wholesale","category":"unknown","routeStatus":"Publisher network map; current operating status unverified","evidence":"publisher_route","geometryQuality":"publisher_geometry_unverified","dataDate":null,"metadataModified":"2025-06-13T12:55:45+00:00","retrievedAt":"2026-09-19T13:31:26.703698+00:00","networkType":"Carrier-published regional transport geometry; not a surveyed cable alignment","serviceability":"Unconfirmed","routeDiversity":"Unconfirmed","states":["LA"],"publishedLineParts":1,"importBatch":"20260919","sourceRecordIds":["29205"]},"bbox":[-93.3836028699999,30.2129381550001,-93.364049047,30.2153626030001]},{"type":"Feature","geometry":{"type":"MultiLineString","coordinates":[[[-93.119547106,32.5461653560001],[-93.1195825089999,32.5461953930001],[-93.120419514,32.5462000150001],[-93.123974064,32.5460434610001],[-93.126511326,32.545975647],[-93.129475009,32.545913907],[-93.130563079,32.545905196],[-93.132057958,32.545869538],[-93.134406537,32.545832148],[-93.136739188,32.545789316],[-93.138404657,32.545769567],[-93.1403736729999,32.5457382810001],[-93.142450434,32.5456829170001],[-93.1439949419999,32.5456442070001],[-93.1441629449999,32.545547599],[-93.145095048,32.5455182970001],[-93.1479178989999,32.545465279],[-93.150857536,32.5454247830001],[-93.154307081,32.5453574360001],[-93.1560235589999,32.5453237410001],[-93.15805653,32.5452936090001],[-93.160587646,32.5452494990001],[-93.162783422,32.5451975610001],[-93.1652274639999,32.545162111],[-93.166820638,32.545125645],[-93.170462035,32.5450745370001],[-93.173210906,32.5450296700001],[-93.175587901,32.5449856230001],[-93.1776164629999,32.5449451160001],[-93.18077516,32.544882015],[-93.183157637,32.544828862],[-93.185061123,32.5448036820001],[-93.1877339069999,32.544773185],[-93.190144493,32.544704934],[-93.192115604,32.5446664940001],[-93.1945575029999,32.5446316360001],[-93.195660995,32.544614483],[-93.197554208,32.544547384],[-93.1998129519999,32.544532068],[-93.201567762,32.544503627],[-93.204244439,32.544448812],[-93.2056768039999,32.544411535],[-93.2064429119999,32.544335994],[-93.206573197,32.5445200230001],[-93.20702653,32.5444437240001],[-93.207706672,32.5443736760001],[-93.2082490869999,32.544297138],[-93.2087913679999,32.5441864800001],[-93.209317437,32.54406902],[-93.2098757429999,32.5439105130001],[-93.21040977,32.543758891],[-93.210935654,32.543593635],[-93.211809358,32.543304552],[-93.2125130749999,32.543043223],[-93.212860845,32.5428989100001],[-93.212948437,32.5427091350001],[-93.213499438,32.5424397580001],[-93.213905187,32.542234697],[-93.214508859,32.5418903990001],[-93.2152994909999,32.5414501300001],[-93.2164653,32.5407494180001],[-93.217951359,32.539861038],[-93.219356577,32.538989877],[-93.220279095,32.538514132],[-93.221399698,32.537952153],[-93.222270852,32.5376111510001],[-93.2222244869999,32.5374416880001],[-93.22308995,32.5372956510001],[-93.223922278,32.537043247],[-93.2251139049999,32.53673732],[-93.2265119529999,32.5364663670001],[-93.226667071,32.536567097],[-93.22717618,32.536505247],[-93.228378436,32.5363777250001],[-93.229431093,32.5363081790001],[-93.2303888659999,32.5362978470001],[-93.2314747189999,32.53634629],[-93.232811055,32.5364205710001],[-93.234902216,32.536529536],[-93.23744735,32.536719998],[-93.240315359,32.536896389],[-93.242909986,32.5370442540001],[-93.246527806,32.5372666260001],[-93.250151415,32.53749306],[-93.253041743,32.537665358],[-93.2568969159999,32.537888299],[-93.2608262159999,32.538112653],[-93.264160331,32.5383265300001],[-93.267995425,32.5385550670001],[-93.271838168,32.5388031370001],[-93.27511184,32.539001736],[-93.279193032,32.539230708],[-93.282905501,32.5394655160001],[-93.2843860679999,32.5395606760001],[-93.285611691,32.539636159],[-93.2861807619999,32.539679119],[-93.2872806089999,32.539763604],[-93.288946742,32.5398647870001],[-93.290162869,32.5399118070001],[-93.2911969629999,32.5398945170001],[-93.291895052,32.5398783380001],[-93.2926482,32.539880509],[-93.292839976,32.539745474],[-93.293454205,32.5396987340001],[-93.2943075589999,32.539626948],[-93.295169302,32.5395608320001],[-93.296224719,32.539449275],[-93.301282886,32.538821995],[-93.308507698,32.5379241470001],[-93.3123110609999,32.5374708680001],[-93.316761972,32.5369027240001],[-93.318834558,32.5366611910001],[-93.320120329,32.536545217],[-93.3211736759999,32.536452597],[-93.322530496,32.5363841110001],[-93.32320815,32.5363773400001],[-93.3233675549999,32.536386676],[-93.3237768389999,32.5363877560001],[-93.324358031,32.536390747],[-93.325588914,32.536409054],[-93.326428596,32.5364514130001],[-93.327064282,32.5364998150001],[-93.32800566,32.536569506],[-93.328748006,32.536623713],[-93.3310582509999,32.5368219630001],[-93.3311361739999,32.5368720590001],[-93.332919734,32.537006901],[-93.334213882,32.5371130610001],[-93.335497042,32.5372167190001],[-93.3365355819999,32.5373064610001],[-93.337411269,32.5373662450001],[-93.340474995,32.537597963],[-93.343152608,32.537811705],[-93.344946958,32.537961696],[-93.347972611,32.53818498],[-93.352220364,32.538499927],[-93.356447546,32.538832432],[-93.3607154149999,32.5391601790001],[-93.3623268329999,32.539291301],[-93.363273581,32.53932617],[-93.364199365,32.539357593],[-93.3653079439999,32.5393743220001],[-93.366084928,32.5393538340001],[-93.3671930519999,32.539297053],[-93.3682802229999,32.5392333350001],[-93.369617004,32.5391441460001],[-93.371608242,32.53905589],[-93.373652188,32.538942889],[-93.375886247,32.5388291190001],[-93.3782610379999,32.538688848],[-93.38020271,32.5386216410001],[-93.381671968,32.5385492930001],[-93.383703387,32.538443198],[-93.386909593,32.5382763210001],[-93.389173549,32.538171409],[-93.39093703,32.538076765],[-93.393094597,32.537955995],[-93.394435441,32.537884021],[-93.395895227,32.53781781],[-93.399907796,32.5376419200001],[-93.403822475,32.537396276],[-93.406733965,32.537255515],[-93.4088636929999,32.537173759],[-93.410860327,32.5370365590001],[-93.414017411,32.536873471],[-93.42105137,32.5365103560001],[-93.423440437,32.5364231570001],[-93.426384989,32.536269985],[-93.4286674209999,32.5361121400001],[-93.430174667,32.536090965],[-93.4349344729999,32.5357951390001],[-93.437031065,32.535659724],[-93.441447733,32.535454679],[-93.4455029959999,32.535285077],[-93.452435382,32.5347776180001],[-93.4598423259999,32.5343972040001],[-93.468728171,32.533944322],[-93.477256714,32.533485],[-93.4847429229999,32.5331296190001],[-93.486981959,32.5330188940001],[-93.487363553,32.533091143],[-93.48865956,32.533030931],[-93.4906472389999,32.532930342],[-93.490992421,32.532782398],[-93.494309575,32.532629791],[-93.495945703,32.532555922],[-93.500073715,32.5323242850001],[-93.502623086,32.5322059580001],[-93.5042146599999,32.5321270420001],[-93.506297358,32.53200371],[-93.5078579779999,32.5319247420001],[-93.508764779,32.5318753920001],[-93.511023683,32.5317494110001],[-93.51493383,32.531571566],[-93.517338676,32.531430952],[-93.520554233,32.531270937],[-93.52240777,32.5311691740001],[-93.5255597299999,32.5309619270001],[-93.528816526,32.530822215],[-93.532355006,32.5306476710001],[-93.5338492819999,32.5305717970001],[-93.5348838689999,32.530533808],[-93.535878693,32.5305251670001],[-93.536649703,32.5305668950001],[-93.537706154,32.530646301],[-93.5385965729999,32.5307760640001],[-93.54031353,32.5311084410001],[-93.542338802,32.5317083370001],[-93.544545972,32.5324143440001],[-93.547169078,32.5331925610001],[-93.5483172099999,32.53342644],[-93.549337015,32.533593813],[-93.5503418659999,32.5337150770001],[-93.5513218359999,32.5337859950001],[-93.552068001,32.533827649],[-93.552838986,32.5337854140001],[-93.554185805,32.5337093960001],[-93.5561598479999,32.5335408390001],[-93.5568612119999,32.533506985],[-93.557680126,32.533498272],[-93.5584113359999,32.5334853740001],[-93.559436069,32.5335604050001],[-93.560590138,32.533631178],[-93.5616011119999,32.533748786],[-93.562790029,32.5338614620001],[-93.563683034,32.5338862090001],[-93.564653001,32.533873155],[-93.5660161659999,32.5338347420001],[-93.5698014339999,32.533769909],[-93.574096463,32.53367953],[-93.576942916,32.533619194],[-93.5784951589999,32.533567965],[-93.5803326339999,32.5335375060001],[-93.583623957,32.533497722],[-93.587209972,32.533382169],[-93.590624067,32.533312777],[-93.594456488,32.5332261980001],[-93.5960047409999,32.533204109],[-93.5970345969999,32.533173537],[-93.598437302,32.5331473150001],[-93.599357444,32.533071141],[-93.600164175,32.5330349600001],[-93.60112903,32.5329000290001],[-93.602058989,32.5327105860001],[-93.6032474249999,32.532494641],[-93.604087896,32.5323388140001],[-93.607154394,32.531769672],[-93.608350886,32.531549643],[-93.609435114,32.5314313150001],[-93.611048995,32.531312519],[-93.613691624,32.531121537],[-93.615285822,32.5309823960001],[-93.619497213,32.5306724610001],[-93.621050676,32.5305342550001],[-93.624823836,32.5302371430001],[-93.6272185939999,32.5300589010001],[-93.6296783289999,32.5298677590001],[-93.6353930609999,32.5294370280001],[-93.637731854,32.5292724660001],[-93.637796916,32.529355664]],[[-93.456211823,32.5768619180001],[-93.4533888939999,32.576887496],[-93.4512925719999,32.576935361],[-93.449320877,32.577063566],[-93.4491977439999,32.5770709030001],[-93.446101347,32.5770847950001],[-93.4361847,32.5782322980001],[-93.4327674529999,32.5778214430001],[-93.4320980689999,32.577619844],[-93.432093626,32.577589932],[-93.431805772,32.5775985980001],[-93.431668198,32.577714072],[-93.431278656,32.577929113],[-93.429673559,32.5784250190001],[-93.42839673,32.578865067],[-93.392957866,32.5822373150001],[-93.392573985,32.581893181],[-93.392487796,32.5819367600001],[-93.387760488,32.582705552],[-93.3875048799999,32.5827323890001],[-93.386904815,32.5828197980001],[-93.3758173639999,32.5840205000001],[-93.358572999,32.585545767],[-93.351479091,32.586229786],[-93.346747793,32.587024871],[-93.344275441,32.5876982710001]],[[-93.34427544,32.5876982730001],[-93.3414843579999,32.588458398],[-93.339577885,32.589013106],[-93.339037272,32.5889581380001],[-93.338615553,32.588523518],[-93.3380944579999,32.588238489],[-93.3374704459999,32.5881594470001],[-93.3368317219999,32.588133046],[-93.336214666,32.5882269640001],[-93.335716079,32.5884988080001],[-93.3355965599999,32.5889900650001],[-93.33579493,32.5900254740001],[-93.328250339,32.59209731],[-93.325250865,32.592960051],[-93.324604084,32.593075099],[-93.323936277,32.593148753],[-93.322754113,32.593353962],[-93.320624716,32.593676437],[-93.318638188,32.5937811050001],[-93.317413938,32.593866221],[-93.315166443,32.5938771510001],[-93.315015299,32.593861299],[-93.314377452,32.5937877970001],[-93.31017846,32.593229745],[-93.307685911,32.592660164],[-93.2994318249999,32.590323675],[-93.2981133759999,32.590035485],[-93.29680236,32.5897108290001],[-93.296227038,32.5892531690001],[-93.2959952029999,32.5887220380001],[-93.295824969,32.5881993040001],[-93.295552322,32.587711971],[-93.295272273,32.587352632],[-93.294908286,32.587126357],[-93.292304028,32.5869491190001],[-93.291444014,32.587472436],[-93.290456878,32.5879092170001],[-93.2902761189999,32.5879532590001],[-93.290023327,32.5879664760001],[-93.2883857209999,32.587833909],[-93.287758255,32.5878282990001],[-93.286150727,32.587562704],[-93.283986871,32.5872738300001],[-93.2822415109999,32.587052962],[-93.281546966,32.5869708270001],[-93.261641541,32.582877952]],[[-93.517285621,32.547682168],[-93.516916505,32.547899526],[-93.516455068,32.548172036],[-93.515125529,32.548956983],[-93.5150213919999,32.549018394],[-93.5149706139999,32.549055426],[-93.5132402199999,32.55046164],[-93.512932042,32.550712232],[-93.512787391,32.550829686],[-93.51239386,32.551149621],[-93.499487132,32.560093737],[-93.4963284739999,32.562442366],[-93.492545534,32.566091817],[-93.491827069,32.566196189],[-93.491874637,32.566604666],[-93.485609918,32.5713141800001],[-93.485278139,32.571519245],[-93.48436099,32.572226693],[-93.483418975,32.572849223],[-93.4826373449999,32.573344031],[-93.481599805,32.573902552],[-93.480673455,32.5743657240001],[-93.479992699,32.5746729730001],[-93.478548076,32.57532426],[-93.478406994,32.575379631],[-93.476799382,32.575538951],[-93.476396752,32.5756191680001],[-93.475661679,32.5757790390001],[-93.472390784,32.575904875],[-93.472399834,32.5764890880001],[-93.4720587689999,32.576659853],[-93.470922919,32.576727282],[-93.463276389,32.576797608],[-93.456211823,32.5768619180001]]]},"properties":{"id":"uniti-regional-20260919-e93cdbd65568aabae220","sourceId":"uniti-regional-20260919","source":"Uniti Wholesale regional transport network","sourceUrl":"https://www.unitiwholesale.com/network-map/","name":"Uniti Wholesale regional transport network","carrier":"Uniti Wholesale","category":"unknown","routeStatus":"Publisher network map; current operating status unverified","evidence":"publisher_route","geometryQuality":"publisher_geometry_unverified","dataDate":null,"metadataModified":"2025-06-13T12:55:45+00:00","retrievedAt":"2026-09-19T13:31:26.703698+00:00","networkType":"Carrier-published regional transport geometry; not a surveyed cable alignment","serviceability":"Unconfirmed","routeDiversity":"Unconfirmed","states":["LA"],"publishedLineParts":4,"importBatch":"20260919","sourceRecordIds":["2979","59639","59643","59649"]},"bbox":[-93.637796916,32.5292724660001,-93.119547106,32.5938771510001]},{"type":"Feature","geometry":{"type":"MultiLineString","coordinates":[[[-93.088303846,32.5466406890001],[-93.0871664219999,32.546648088]],[[-93.088303846,32.5466406890001],[-93.088617257,32.546639105],[-93.0906532829999,32.5466070090001],[-93.093574455,32.5465529740001],[-93.097439901,32.5465183870001],[-93.1029121939999,32.546431935],[-93.106693507,32.546327375],[-93.1110247019999,32.5462635690001],[-93.115716895,32.5461640440001],[-93.11905834,32.546206897],[-93.119484498,32.546199135],[-93.119547106,32.5461653560001]],[[-93.0540303609999,32.546327374],[-93.054441755,32.5462737450001],[-93.056713999,32.546327375],[-93.057574831,32.5463997370001],[-93.058361238,32.5463932260001],[-93.0608590589999,32.546406683],[-93.063070417,32.5464773320001],[-93.0650106099999,32.546512718],[-93.069952756,32.5465528290001],[-93.070000993,32.546838278],[-93.071841991,32.5468622430001],[-93.075178447,32.546915073],[-93.077040347,32.5468630830001],[-93.080129954,32.54681803],[-93.084536768,32.546717218],[-93.0858645179999,32.5466704310001],[-93.0871664219999,32.546648088]],[[-93.261641541,32.582877952],[-93.258475607,32.582226631],[-93.2523713309999,32.5809566180001],[-93.25206785,32.5808511280001],[-93.2506629009999,32.580442899],[-93.2495508229999,32.5799815870001],[-93.2483158519999,32.5792949850001],[-93.2480354739999,32.5792382500001],[-93.24602176,32.579487144],[-93.244967623,32.579441543],[-93.236064539,32.577657087],[-93.2294347929999,32.576207852],[-93.228812734,32.576046293],[-93.227845342,32.5758787840001],[-93.2274053249999,32.5757995700001],[-93.217261466,32.5736030310001],[-93.211154909,32.5722508380001],[-93.2069974509999,32.5713510250001],[-93.20634413,32.571184732],[-93.204618381,32.570278089]],[[-93.161689273,32.563251989],[-93.1607755799999,32.5629016770001],[-93.159617097,32.5622797440001],[-93.159384255,32.561712847],[-93.159240164,32.561674657],[-93.159083771,32.562097984],[-93.1587465709999,32.5621403320001],[-93.157485645,32.562276195],[-93.15650278,32.56231907],[-93.155980472,32.562329822],[-93.15573821,32.5622923380001],[-93.155278957,32.56222148],[-93.155064357,32.5621950350001],[-93.152777099,32.561939067],[-93.151697913,32.561806198],[-93.150825454,32.5617576930001],[-93.148791191,32.561644776],[-93.1472116039999,32.561629657],[-93.146184574,32.561620541],[-93.143278028,32.5616990070001],[-93.139108302,32.5618114170001],[-93.130433383,32.56205035],[-93.1296554199999,32.562066218],[-93.12943059,32.5620708100001],[-93.129324475,32.56207156],[-93.128243804,32.562072562],[-93.12515817,32.562162874],[-93.1159336919999,32.562441483],[-93.1156006689999,32.5624463610001],[-93.114734813,32.562460854],[-93.114355895,32.5623755760001],[-93.113815412,32.5622388730001],[-93.113436339,32.562180975],[-93.112746801,32.5621931360001],[-93.112359694,32.562252932],[-93.112098191,32.562314874],[-93.111741584,32.5624275280001],[-93.111416256,32.5625169140001],[-93.111064187,32.5625254060001],[-93.1105214079999,32.562535472],[-93.109332041,32.5625840990001],[-93.1086079289999,32.562613684],[-93.1085690959999,32.5625349750001],[-93.108542835,32.562550252],[-93.108070646,32.5626356460001],[-93.1071374909999,32.562673784],[-93.105991757,32.562714914],[-93.098749777,32.5629746930001],[-93.097784799,32.5630047220001],[-93.095143342,32.5630870090001],[-93.086900639,32.5633434210001],[-93.084271966,32.563375385],[-93.0830099889999,32.563390481],[-93.07891105,32.5633418790001],[-93.077122296,32.563320619],[-93.0734208599999,32.5632765240001],[-93.0641150869999,32.5631658290001],[-93.0639316419999,32.5631636410001],[-93.063825014,32.5631625880001],[-93.063388457,32.563161527],[-93.0630759639999,32.5631626700001],[-93.062877299,32.563162318],[-93.0598810229999,32.563162633],[-93.059772779,32.56316359],[-93.056598559,32.563162619],[-93.0561374819999,32.563171131],[-93.056047131,32.5631495590001],[-93.055796551,32.563060415],[-93.055621943,32.562962741],[-93.0553523999999,32.5627951860001],[-93.055013549,32.5622762290001],[-93.054614307,32.5618241930001],[-93.054337091,32.561540872],[-93.054184703,32.561586877],[-93.054059063,32.5618728210001],[-93.053770179,32.562359557],[-93.053530425,32.5626842520001],[-93.053328742,32.5629029020001],[-93.053030524,32.5630842850001],[-93.0527660819999,32.563161349],[-93.052583408,32.563197554],[-93.0521378889999,32.56320851],[-93.050465226,32.563162656],[-93.049114327,32.5631425790001],[-93.0455767889999,32.562909931],[-93.0432976,32.562655174]],[[-93.172840348,32.565056042],[-93.172833281,32.5650549470001],[-93.162943925,32.5635075760001],[-93.162208129,32.563378384],[-93.161896812,32.5633256240001],[-93.1618053729999,32.5632964980001],[-93.161689273,32.563251989]],[[-93.2046183799999,32.570278086],[-93.2042820299999,32.570101375],[-93.2039970769999,32.570057497],[-93.2036692899999,32.5700222090001],[-93.202799194,32.570108491],[-93.2016592539999,32.56995831],[-93.200889904,32.5697711720001],[-93.198768042,32.569337536],[-93.198272913,32.569208398],[-93.1957607699999,32.5685915450001],[-93.194565828,32.568427705],[-93.194114511,32.568355191],[-93.19357302,32.5682512870001],[-93.1922039789999,32.568018873],[-93.189923277,32.5676424270001],[-93.187415493,32.5672371200001],[-93.1848535399999,32.5668231940001],[-93.1830162539999,32.566517869],[-93.180825157,32.566196834],[-93.177899504,32.565804379],[-93.175443733,32.565461015],[-93.1739117989999,32.565246874],[-93.173536584,32.565167182],[-93.173435678,32.565149181],[-93.172840348,32.565056042]],[[-93.0432976,32.562655174],[-93.0432902639999,32.562654348],[-93.040256746,32.562315186],[-93.0387527889999,32.5621282660001],[-93.027695076,32.560753404],[-93.02752854,32.560744185],[-93.024761011,32.5605908160001],[-93.022571199,32.5605693760001],[-93.022394821,32.560567656],[-93.018514065,32.560818848],[-93.013608973,32.5613447810001],[-93.012957052,32.561436207],[-93.0128806159999,32.5614458320001],[-93.0127514,32.5614633210001],[-93.012282197,32.5615267850001],[-93.005984511,32.562260864],[-93.000138595,32.562941945],[-92.990491552,32.5640567250001],[-92.990378445,32.5640687310001],[-92.9901562109999,32.564091755],[-92.983111805,32.56482119],[-92.983007237,32.564833897],[-92.9817351469999,32.5650141350001],[-92.9782553319999,32.5653639380001],[-92.976970971,32.5654931990001],[-92.973704241,32.565821897],[-92.9695974859999,32.5662349950001],[-92.96956019,32.5662387890001],[-92.966004982,32.5665968370001],[-92.962461898,32.566780818],[-92.957444876,32.56683295],[-92.9574377929999,32.566833022]]]},"properties":{"id":"uniti-regional-20260919-a6e5bd1db83555eb3e1f","sourceId":"uniti-regional-20260919","source":"Uniti Wholesale regional transport network","sourceUrl":"https://www.unitiwholesale.com/network-map/","name":"Uniti Wholesale regional transport network","carrier":"Uniti Wholesale","category":"unknown","routeStatus":"Publisher network map; current operating status unverified","evidence":"publisher_route","geometryQuality":"publisher_geometry_unverified","dataDate":null,"metadataModified":"2025-06-13T12:55:45+00:00","retrievedAt":"2026-09-19T13:31:26.703698+00:00","networkType":"Carrier-published regional transport geometry; not a surveyed cable alignment","serviceability":"Unconfirmed","routeDiversity":"Unconfirmed","states":["LA"],"publishedLineParts":8,"importBatch":"20260919","sourceRecordIds":["2957","2968","2975","59629","59630","59637","59642","59651"]},"bbox":[-93.261641541,32.5461640440001,-92.9574377929999,32.582877952]},{"type":"Feature","geometry":{"type":"MultiLineString","coordinates":[[[-92.8749682759999,32.5423532130001],[-92.877073315,32.542348944]],[[-92.877073314,32.542348941],[-92.877476465,32.542333292],[-92.878391494,32.542373748],[-92.879719183,32.542485696],[-92.880852313,32.5425655070001],[-92.882275317,32.5426826460001],[-92.883682345,32.5427856430001],[-92.8867098699999,32.543027346],[-92.8881223559999,32.54314946],[-92.89012468,32.543337281],[-92.893306781,32.543561019],[-92.89627337,32.543794683],[-92.899286569,32.5440343290001],[-92.902147827,32.5442629450001],[-92.904660528,32.544455084],[-92.906029889,32.5445601870001],[-92.907439825,32.544669474],[-92.9089051289999,32.544790048],[-92.9101089859999,32.5449053780001],[-92.9110369749999,32.545012485],[-92.9122317549999,32.545175683],[-92.91240939,32.5450815350001],[-92.913230878,32.545235689],[-92.914456477,32.5454901580001],[-92.915206462,32.545740879]],[[-92.915206462,32.545740879],[-92.915258294,32.5457582070001],[-92.91620604,32.546050553],[-92.917371122,32.546437875],[-92.9183756029999,32.5468538220001],[-92.91935832,32.547290149],[-92.920205896,32.547650801],[-92.921229188,32.5480763680001],[-92.9225774239999,32.548641139],[-92.922805441,32.54873265]],[[-92.922805441,32.54873265],[-92.923274588,32.548920933],[-92.92563052,32.549906916],[-92.929403963,32.5514879090001],[-92.931863747,32.552514263],[-92.934522549,32.5535790000001],[-92.934941442,32.553730161],[-92.937096766,32.554424822],[-92.9387922779999,32.5549561220001],[-92.940504259,32.5554807010001],[-92.941938116,32.555929518],[-92.943479913,32.5563981730001],[-92.944510792,32.556675306],[-92.9455721949999,32.5569816940001],[-92.946393646,32.5571632570001],[-92.947045271,32.55726873],[-92.9477750779999,32.557359459],[-92.948858049,32.557472551],[-92.949822276,32.5575081210001],[-92.9507949039999,32.5574997310001],[-92.9515851909999,32.557465938],[-92.952401604,32.557402805],[-92.9533558539999,32.557277285],[-92.954541346,32.557158824],[-92.9571342,32.5568520630001],[-92.959027647,32.5566448970001],[-92.960366779,32.5565035220001],[-92.9628907639999,32.556204036],[-92.9660472689999,32.5558516930001],[-92.9683741549999,32.5555798730001],[-92.9704191609999,32.555316131],[-92.9717846409999,32.5551178480001],[-92.97263127,32.5549667020001],[-92.9731999839999,32.554837846],[-92.973731239,32.554734468],[-92.974139366,32.5546411710001],[-92.975786937,32.554253896],[-92.9767435639999,32.553980462],[-92.977686272,32.553692025],[-92.9794229249999,32.553096543],[-92.9814901029999,32.552418182],[-92.9842057279999,32.551492581],[-92.9870322629999,32.550531876],[-92.989038615,32.5498708150001],[-92.9928555769999,32.548511879],[-92.9969621559999,32.547166318],[-92.998420919,32.546659466],[-92.999352233,32.546413547],[-92.999951027,32.546258792],[-93.000690836,32.5460898860001],[-93.001656332,32.545894418],[-93.002347806,32.545806906],[-93.0031430929999,32.5457157390001],[-93.004161999,32.545587201],[-93.0051482389999,32.545524298],[-93.006408278,32.5454679060001],[-93.008150068,32.5454945610001],[-93.010395386,32.5455432270001],[-93.0123077659999,32.545561804],[-93.0129563359999,32.5455772650001],[-93.0161065839999,32.5456216230001],[-93.021744416,32.5457299020001],[-93.025923128,32.545833051],[-93.030005132,32.5458964010001],[-93.035386471,32.546017347],[-93.038449618,32.5460816830001],[-93.0420423469999,32.546139591],[-93.045679271,32.546206117],[-93.0515390959999,32.546328901],[-93.054005346,32.546330635],[-93.0540303609999,32.546327374]],[[-92.65247054,32.529038169],[-92.652589129,32.5292162540001],[-92.6566091179999,32.529428168],[-92.662690918,32.5297266530001],[-92.663365044,32.5297637960001],[-92.664050811,32.529776239],[-92.664812066,32.5297683100001],[-92.6655023879999,32.529752129],[-92.6660869789999,32.529716807],[-92.667366828,32.529658204],[-92.6692555079999,32.5295224770001],[-92.670523582,32.529418934],[-92.675249159,32.529118575],[-92.6762712459999,32.529061089],[-92.678183684,32.5289151430001],[-92.6805386509999,32.528757033],[-92.6815870509999,32.528701648],[-92.682888976,32.528612443],[-92.685047734,32.5284749750001],[-92.687086664,32.5283406950001],[-92.688483503,32.528228921],[-92.692800403,32.5279397900001],[-92.6974525429999,32.5275928820001],[-92.70078812,32.527389219],[-92.702136336,32.52729702],[-92.703902512,32.5271959070001],[-92.704850794,32.527173143],[-92.706166496,32.5271680600001],[-92.707668746,32.527234615],[-92.708843123,32.5273165030001],[-92.709556553,32.5273659260001],[-92.7104935249999,32.5274558470001],[-92.711429454,32.527567042],[-92.712033028,32.5276190010001],[-92.713136484,32.527750849],[-92.713816996,32.5278316700001],[-92.7161213269999,32.528057714],[-92.71662445,32.528149974],[-92.718737482,32.528515328],[-92.7238138929999,32.5290618550001],[-92.730412212,32.5297752760001],[-92.734508712,32.530144444],[-92.740320667,32.530779088],[-92.743780698,32.531137878],[-92.749036867,32.531692309],[-92.753443203,32.5321677200001],[-92.7565481409999,32.53248721],[-92.760373495,32.532892276],[-92.763440739,32.533244278],[-92.766456105,32.533574291],[-92.768752553,32.533817121],[-92.7740273589999,32.534401948],[-92.77923143,32.534902862],[-92.7823801649999,32.5352301570001],[-92.78479375,32.535476906],[-92.786850767,32.535692775],[-92.787597681,32.5357777090001],[-92.7892528469999,32.5359390680001],[-92.790870184,32.536106368],[-92.7942442299999,32.53651117],[-92.795739297,32.536657683],[-92.7999408269999,32.5370845510001],[-92.803311325,32.537455324],[-92.80978617,32.53812953],[-92.811589698,32.538339835],[-92.812855084,32.538470271],[-92.817120623,32.5388908780001],[-92.818151955,32.539012131],[-92.8194757859999,32.539097951],[-92.822481023,32.539423679],[-92.824018646,32.539595319],[-92.82628376,32.5398200290001],[-92.827632099,32.5399414560001],[-92.829283042,32.540148269],[-92.8318097109999,32.540395367],[-92.8341808,32.5406420190001],[-92.8389905339999,32.5411577720001],[-92.843704373,32.541654662],[-92.847201572,32.5420275590001],[-92.8482301179999,32.5421102720001],[-92.848941988,32.542148373],[-92.849752295,32.5421800560001],[-92.8505928819999,32.5421989670001],[-92.8526341209999,32.5422111080001],[-92.854042673,32.5422298120001],[-92.8554122789999,32.542235743],[-92.855859057,32.542241974],[-92.8597425139999,32.5422406180001],[-92.863737556,32.5422830460001],[-92.8662456609999,32.542263597],[-92.870206595,32.542281028],[-92.872722656,32.5422869170001],[-92.874968275,32.5423532180001]],[[-92.850756422,32.55165249],[-92.850733621,32.5516484450001],[-92.8492733369999,32.5513020380001],[-92.8490071149999,32.5511893940001],[-92.848964424,32.551176373],[-92.848912454,32.551187902],[-92.847723445,32.551022054],[-92.845780426,32.5506575910001],[-92.845186003,32.5505424410001],[-92.843574384,32.5502302310001],[-92.842901758,32.550099919],[-92.840060436,32.5495756560001],[-92.8397555939999,32.549519669],[-92.83784069,32.549167883],[-92.837496667,32.5491046720001],[-92.8372647259999,32.5490620640001],[-92.8366809839999,32.548954801],[-92.835968747,32.548823934],[-92.835722985,32.548778794],[-92.835334699,32.5487074500001],[-92.83380389,32.548426143],[-92.832220311,32.548149794],[-92.8295017789999,32.547763343],[-92.8290503699999,32.5477371390001],[-92.8287943169999,32.5477222800001],[-92.8282910459999,32.54769307],[-92.8274740319999,32.547647382]],[[-92.7873342089999,32.546707905],[-92.787335387,32.5467479300001],[-92.787223199,32.546983937],[-92.7868331809999,32.5474345870001],[-92.7856628769999,32.548150681],[-92.785228123,32.548146214],[-92.784798775,32.548136604],[-92.783943654,32.5481174600001],[-92.7823320679999,32.548081359],[-92.781844286,32.548070409],[-92.7805305259999,32.5479889580001],[-92.780228904,32.547959635],[-92.779448701,32.547883777],[-92.778745206,32.5478153650001],[-92.7776307569999,32.547706986],[-92.777317195,32.5476764850001],[-92.7757026799999,32.547519466],[-92.773631713,32.547318025],[-92.77244445,32.547202514],[-92.772100969,32.5471690910001],[-92.771774323,32.547137305],[-92.76965756,32.5469299590001],[-92.769444865,32.546912197],[-92.769267391,32.546890997],[-92.76906079,32.546858903],[-92.7688154209999,32.5468101710001],[-92.768580145,32.546752188],[-92.768358817,32.5466871410001],[-92.768154163,32.546617428],[-92.7679615819999,32.546543093],[-92.766929438,32.5459032970001],[-92.766326383,32.5451458160001],[-92.7661781049999,32.5451615630001],[-92.766082039,32.54543833],[-92.765880164,32.545796462],[-92.765585866,32.546055063],[-92.765353696,32.5461809980001],[-92.765247817,32.5462293690001],[-92.76505021,32.546302514],[-92.764912897,32.546341477],[-92.764778591,32.5463726510001],[-92.764632799,32.5463940010001],[-92.764488935,32.5464077500001],[-92.764405912,32.5464118130001],[-92.7629147279999,32.5462613880001],[-92.761612865,32.546129957],[-92.761325791,32.546100977],[-92.760706118,32.54603841],[-92.759011191,32.545866975],[-92.758495824,32.545814685],[-92.758422361,32.545807225],[-92.7582294649999,32.5457876670001],[-92.7551175669999,32.5454724040001],[-92.753379711,32.5453011220001],[-92.7532180159999,32.545285183],[-92.750937666,32.545060375],[-92.749257234,32.544887327],[-92.7490147079999,32.544861473],[-92.7451375159999,32.544447862],[-92.7448620929999,32.544418474],[-92.7422077699999,32.544135238],[-92.7375942319999,32.54365088],[-92.737489951,32.5436401790001],[-92.73706466,32.543596529],[-92.736643583,32.543553304],[-92.7353179019999,32.543417229],[-92.735045977,32.543389317],[-92.7343863,32.543321582],[-92.7340780549999,32.543287591],[-92.733767001,32.543257784]],[[-92.8274740319999,32.547647382],[-92.827452685,32.547646194],[-92.826967491,32.547628116],[-92.824932603,32.5476571950001],[-92.824567319,32.5476623930001],[-92.8234275029999,32.5476786520001],[-92.822911383,32.5476860300001],[-92.821632128,32.54770425],[-92.821303643,32.547708937],[-92.820656658,32.54771815],[-92.8196313179999,32.5477327670001],[-92.8141138509999,32.5478116890001],[-92.813212262,32.547824559],[-92.8118926109999,32.547843504],[-92.8102181959999,32.547867705],[-92.809444147,32.5478789040001],[-92.808297856,32.547895441],[-92.807597722,32.547905557],[-92.807366644,32.5479088980001],[-92.8068743269999,32.5479159980001],[-92.801287795,32.5480202680001],[-92.800987117,32.54805959],[-92.8003970509999,32.548060121],[-92.7989771429999,32.5480845970001],[-92.798634907,32.5480920030001],[-92.797864367,32.548108669],[-92.797430284,32.5481180510001],[-92.795655397,32.548156221],[-92.795119691,32.5481677330001],[-92.7947187359999,32.5481763330001],[-92.794601293,32.548178856],[-92.7943636109999,32.548183974],[-92.792655132,32.5481901090001],[-92.792480811,32.5481890080001],[-92.792277242,32.548187693],[-92.791958111,32.548185668],[-92.791699934,32.54818401],[-92.791149918,32.5481804840001],[-92.790070336,32.5481741350001],[-92.789544398,32.548143564],[-92.789279231,32.5480646080001],[-92.788244445,32.5477296660001],[-92.787931899,32.5475690970001],[-92.787683443,32.5473810710001],[-92.787461647,32.547122173],[-92.787444109,32.546687041],[-92.787333632,32.5466878930001],[-92.7873342089999,32.546707905]],[[-92.912717116,32.563742426],[-92.912552987,32.5637095650001],[-92.912318444,32.563662669],[-92.912046703,32.5635537040001],[-92.911765081,32.563402512],[-92.911487675,32.5632053640001],[-92.911149116,32.562658157],[-92.911087357,32.5624502090001],[-92.911112617,32.5624193520001],[-92.9112309989999,32.5622738640001],[-92.911464956,32.561949515],[-92.9113801949999,32.561887181],[-92.911335127,32.5619497870001],[-92.9108812859999,32.562222604],[-92.910128299,32.562595688],[-92.909563887,32.5628254110001],[-92.909075532,32.5629285310001],[-92.9087585139999,32.5629273540001],[-92.908552414,32.5628841330001],[-92.908373218,32.5628471150001],[-92.9068848749999,32.562534064],[-92.8953477809999,32.560020261],[-92.895311393,32.560011456],[-92.889365169,32.5587444720001],[-92.88759146,32.5583664590001],[-92.886679629,32.5581949790001],[-92.880274911,32.556990178],[-92.876400632,32.55626163],[-92.872887485,32.555621919],[-92.871616155,32.555393721],[-92.865843737,32.554357848],[-92.8580130829999,32.552953428],[-92.857833012,32.552921139],[-92.8568808589999,32.5527503320001],[-92.856392735,32.552662776],[-92.855909152,32.552576022],[-92.855068648,32.5524252490001],[-92.853985256,32.5522308930001],[-92.8537655279999,32.552191459],[-92.853468295,32.552138128],[-92.851183926,32.5517282600001],[-92.850756422,32.55165249]],[[-92.9574377929999,32.566833022],[-92.951210899,32.5668974480001],[-92.950598072,32.5669164180001],[-92.950515728,32.5669053010001],[-92.949829042,32.566767514],[-92.948646332,32.5664263090001],[-92.9470739009999,32.5657515730001],[-92.946986798,32.565629658],[-92.9469130209999,32.5655172240001],[-92.946813716,32.565558696],[-92.9469135849999,32.5657101360001],[-92.946741012,32.566186094],[-92.946392694,32.566639975],[-92.945912795,32.5669244320001],[-92.945558999,32.566987338],[-92.9453134569999,32.566987356],[-92.945181626,32.566988576],[-92.9397708669999,32.5669993340001],[-92.9366541109999,32.567004437],[-92.936332883,32.5670063520001],[-92.935576151,32.567005408],[-92.935471763,32.567005673],[-92.934518796,32.5670086310001],[-92.931911186,32.5670120020001],[-92.9314290139999,32.567012613],[-92.931093991,32.5670124990001],[-92.928753882,32.5668618760001],[-92.926055239,32.566480724],[-92.9222756879999,32.5657149990001],[-92.9214035739999,32.565560501],[-92.921195332,32.565523022],[-92.920400886,32.565374867],[-92.917246962,32.5647073270001],[-92.9138918739999,32.56399708],[-92.9138358599999,32.5639849470001],[-92.912750196,32.563749036],[-92.9127181529999,32.563742629],[-92.912717116,32.563742426]],[[-92.054527262,32.499497863],[-92.054519177,32.4989662290001],[-92.0545331009999,32.4980908470001],[-92.054545498,32.4972137900001],[-92.0548791319999,32.4967697270001],[-92.054967617,32.4966520630001],[-92.055053496,32.495785674],[-92.055091045,32.495451997],[-92.0553511969999,32.4951590060001],[-92.055836646,32.4949961070001],[-92.056250962,32.495018676],[-92.0583108769999,32.4952313640001],[-92.058965389,32.4953308460001],[-92.060993066,32.495729001],[-92.064348105,32.496496095],[-92.064555066,32.496543414],[-92.067827359,32.49725834],[-92.069168454,32.497575039],[-92.071046023,32.497936968],[-92.075079391,32.4987852],[-92.0751766559999,32.498805684],[-92.077697868,32.499285194],[-92.079006803,32.4994480870001],[-92.079736415,32.49954764],[-92.0804015269999,32.499660755],[-92.080738485,32.4997150770001],[-92.080983097,32.499733108],[-92.081213245,32.4997422010001],[-92.081404676,32.499751216],[-92.081790951,32.499778415],[-92.08227164,32.4998326620001],[-92.082795717,32.4998688760001],[-92.084040782,32.49994123],[-92.0864709049999,32.500053436],[-92.087253517,32.500104121],[-92.087947016,32.500152609],[-92.088343982,32.5001435940001],[-92.092804476,32.5004308860001],[-92.094474989,32.5005618160001],[-92.0964120209999,32.500713633],[-92.096607853,32.50073174],[-92.099713869,32.500965846],[-92.101752326,32.5011231280001],[-92.1058292389999,32.5012633640001],[-92.107419796,32.500965846],[-92.108095779,32.500782652],[-92.10851682,32.5006016560001],[-92.110389061,32.4994772850001],[-92.110775004,32.499992901],[-92.110764225,32.5000426770001],[-92.111391877,32.5008072750001],[-92.111844956,32.5013444580001],[-92.1133070019999,32.5029426950001],[-92.1135752329999,32.5028137460001],[-92.114438873,32.502490247],[-92.1147124999999,32.502426911],[-92.115099098,32.5022910800001],[-92.1156776939999,32.50208776],[-92.116067059,32.501950934],[-92.116965534,32.5016352050001],[-92.117292731,32.501861428],[-92.117775562,32.5016035350001],[-92.118509162,32.5025468580001],[-92.119079121,32.503279749],[-92.119795734,32.5042116660001],[-92.121890039,32.506935189],[-92.1230863259999,32.508398657],[-92.1213095369999,32.509529441],[-92.1246286039999,32.5132622350001],[-92.12620842,32.5150394910001],[-92.1289335499999,32.5180815030001],[-92.1308258509999,32.520234611],[-92.131051148,32.5200944050001],[-92.131208083,32.5202809680001],[-92.131646641,32.519995481],[-92.131971112,32.5200779680001],[-92.133292175,32.5235145080001],[-92.133788314,32.5248069830001],[-92.134116919,32.5246198240001],[-92.13394525,32.5239097360001],[-92.136750869,32.5227201100001],[-92.1370458759999,32.5226839790001],[-92.137432151,32.522575362],[-92.137668138,32.5225075710001],[-92.140125031,32.521670746],[-92.1404522869999,32.5215576580001],[-92.1405703249999,32.5214717640001],[-92.140758073,32.521419726],[-92.140908272,32.5213926100001],[-92.141176509,32.521360873],[-92.141342787,32.5213383],[-92.141256997,32.520831716],[-92.1412837679999,32.5207909640001],[-92.1413534769999,32.5207548340001],[-92.14285555,32.5206009940001],[-92.143048688,32.5205738770001],[-92.1431988859999,32.520569332],[-92.145290973,32.5205942530001],[-92.145312442,32.518416232],[-92.145580679,32.5184388810001],[-92.1458381369999,32.51844335],[-92.146143923,32.51844335],[-92.146546278,32.5184094910001],[-92.1473884489999,32.51828731],[-92.147506487,32.5182420890001],[-92.147565507,32.5181742180001],[-92.147569615,32.517977696],[-92.147570897,32.5179163720001],[-92.147608432,32.5165933000001],[-92.1477750769999,32.51659541],[-92.147962472,32.5165978160001],[-92.148246789,32.5164757090001],[-92.14906758,32.516154531],[-92.150065338,32.5157745710001],[-92.150290636,32.515652386],[-92.150896819,32.515390064],[-92.1513313349999,32.515202355],[-92.151551242,32.5150530500001],[-92.152007227,32.5148539780001],[-92.153477292,32.5142636670001],[-92.1535067839999,32.514229715],[-92.153943994,32.514045412],[-92.15476209,32.5137174080001],[-92.155159037,32.513568164],[-92.155381658,32.5135365130001],[-92.155553326,32.513541058],[-92.1558161739999,32.5135546180001],[-92.1560844099999,32.513574919],[-92.156580639,32.5136043870001],[-92.156854176,32.5136202190001],[-92.157179499,32.5136301210001],[-92.1571841269999,32.5136292330001],[-92.157795611,32.513636051],[-92.157956589,32.5136405210001],[-92.158289146,32.513633779],[-92.158447428,32.5136405210001],[-92.158535913,32.513622416],[-92.15875591,32.513611129],[-92.159085772,32.513613402],[-92.1590803819999,32.5132922130001],[-92.159048222,32.510335946],[-92.159049946,32.5102674180001],[-92.159056307,32.51001255],[-92.1590911609999,32.5095827910001],[-92.1591341,32.5089787950001],[-92.159190425,32.5088159960001],[-92.159233275,32.5087074380001],[-92.159273519,32.5086191830001],[-92.159329843,32.508558123],[-92.159380868,32.5085241840001],[-92.1595042069999,32.5084619890001],[-92.159571311,32.5084280500001],[-92.1596839599999,32.508398657],[-92.159826073,32.5083805510001],[-92.159944112,32.508387369],[-92.160075535,32.5084099440001],[-92.1601372489999,32.5084280500001],[-92.160803093,32.507671508],[-92.1609713839999,32.5074802930001],[-92.160971425,32.5074802610001],[-92.1618538399999,32.508021996],[-92.1622400259999,32.508212069],[-92.163025962,32.5085943350001],[-92.163693859,32.508901903],[-92.164648679,32.509276286],[-92.1647050029999,32.5092129550001],[-92.164814956,32.5090387930001],[-92.1649303,32.5087515280001],[-92.165064419,32.5082832800001],[-92.1650804989999,32.5082357810001],[-92.165115353,32.508100101],[-92.165142213,32.5080028300001],[-92.165134128,32.5078829080001],[-92.165118048,32.507393216],[-92.1651127489999,32.507228066],[-92.165118048,32.5070901120001],[-92.165155598,32.5069476130001],[-92.165220007,32.506761023],[-92.165308491,32.5066184470001],[-92.1653755949999,32.506546099],[-92.166869584,32.5053529090001],[-92.167054636,32.505205861],[-92.1672182189999,32.5053370750001],[-92.167269244,32.505305407],[-92.167355033,32.5052623760001],[-92.1674757659999,32.5052216940001],[-92.1675561659999,32.50520586],[-92.1683018579999,32.5051990420001],[-92.168706908,32.505192299],[-92.169801236,32.5051741930001],[-92.169887025,32.505169648],[-92.169932659,32.5051583600001],[-92.170029228,32.5051357080001],[-92.170085552,32.505115404],[-92.1702008949999,32.5050837380001],[-92.1702733,32.50505207],[-92.17030546,32.5050475240001],[-92.170332319,32.505063358],[-92.170554922,32.5055440470001],[-92.170659486,32.505700109],[-92.170941197,32.5060518550001],[-92.171112775,32.506219204],[-92.171260369,32.506368523],[-92.17202205,32.5071489000001],[-92.173288046,32.5084902460001],[-92.1735885319999,32.508273129],[-92.173628687,32.508221085],[-92.173671627,32.508171313],[-92.1737708909999,32.508068435],[-92.1738218249999,32.5080367690001],[-92.1738620689999,32.5079869970001],[-92.173902314,32.507925862],[-92.173961333,32.5078263940001],[-92.1745433519999,32.5074135950001],[-92.174387764,32.5072484450001],[-92.175251494,32.50672481],[-92.1756403749999,32.506570948],[-92.175999791,32.5064375380001],[-92.176214398,32.5063673860001],[-92.1763940609999,32.506322159],[-92.176608669,32.506291628],[-92.176774947,32.5062622340001],[-92.176935925,32.506244129],[-92.177236321,32.506219204],[-92.177630592,32.5061989010001],[-92.177705692,32.5061875370001],[-92.177753931,32.5061445820001],[-92.177944913,32.506141249],[-92.177980541,32.5061831720001],[-92.178039595,32.506194507],[-92.1782970519999,32.506174128],[-92.1784311709999,32.50616731],[-92.178613528,32.5061651130001],[-92.178809362,32.506171855],[-92.178962254,32.5061899610001],[-92.179074903,32.506205795],[-92.179190247,32.506230643],[-92.1793377499999,32.5062645830001],[-92.179568438,32.5063370070001],[-92.1797025559999,32.5063731440001],[-92.179941238,32.506490796],[-92.1801853109999,32.506649129],[-92.1802604099999,32.506701174],[-92.180367669,32.5067780680001],[-92.180483013,32.5068753400001],[-92.180617131,32.50700428],[-92.180837128,32.5072440510001],[-92.1812904189999,32.5077066220001],[-92.181437922,32.507877378],[-92.181580635,32.508088393],[-92.1816390549999,32.5081171460001],[-92.181837582,32.508298128],[-92.182266708,32.508595546],[-92.182454456,32.5087154680001],[-92.182591269,32.508783269],[-92.182690533,32.508837586],[-92.1828084809999,32.508878267],[-92.182950684,32.508921296],[-92.183106273,32.5089506890001],[-92.183226916,32.508980082],[-92.18335304,32.5090094760001],[-92.1836507419999,32.509038869],[-92.183830405,32.509050232],[-92.183983298,32.509038869],[-92.1841496659999,32.5090185660001],[-92.184281089,32.5089981880001],[-92.1845063869999,32.508943872],[-92.1847853139999,32.508844405],[-92.18513395,32.5087120590001],[-92.186416115,32.5081838880001],[-92.1866681829999,32.508084345],[-92.186995439,32.5080029060001],[-92.1871590229999,32.507975785],[-92.18737902,32.507950937],[-92.1877330449999,32.5079351040001],[-92.190114839,32.507973513],[-92.191289655,32.507978058],[-92.1913272049999,32.5079712400001],[-92.1913647549999,32.50796677],[-92.191375534,32.507962224],[-92.191399609,32.5079441190001],[-92.1914291639999,32.5079011650001],[-92.1914291639999,32.507317535],[-92.191450634,32.5071704910001],[-92.191464018,32.5071343540001],[-92.191490788,32.5070868550001],[-92.191552502,32.507023522],[-92.191673236,32.506921704],[-92.1917214759999,32.506887765],[-92.191793088,32.506891411],[-92.1917340799999,32.5069140300001],[-92.1917287149999,32.5071130850001],[-92.191691165,32.507140228],[-92.191658978,32.50719904],[-92.191648249,32.507262375],[-92.191648249,32.508481567],[-92.19214714,32.508481567],[-92.192206149,32.50853133],[-92.1923134369999,32.5085991880001],[-92.192431454,32.508644427],[-92.1925762929999,32.508657999],[-92.192941074,32.5086625230001],[-92.1931180999999,32.5087032380001],[-92.193273668,32.508771096],[-92.193423872,32.5088660970001],[-92.19353116,32.5089656210001],[-92.193745737,32.509298124],[-92.193997864,32.5096962210001],[-92.1942338979999,32.510021935],[-92.1944270179999,32.5102436010001],[-92.194571857,32.51036122],[-92.1946791459999,32.5104381240001],[-92.19478107,32.510492409],[-92.194925908,32.510537647],[-92.195215587,32.5105647890001],[-92.195934419,32.510587408],[-92.199662689,32.510546694],[-92.2003654279999,32.510515029],[-92.201223736,32.5104743140001],[-92.2024629159999,32.510306934],[-92.205241685,32.510089792],[-92.2064808659999,32.5099902690001],[-92.207929259,32.5098455070001],[-92.209822898,32.509718841],[-92.211995487,32.5096826490001],[-92.212714319,32.5096962210001],[-92.214591865,32.509725625],[-92.215450172,32.509734673],[-92.216458683,32.509675863],[-92.217145328,32.5096577680001],[-92.2182933139999,32.509594435],[-92.2192106299999,32.5095491970001],[-92.221356397,32.5095718160001],[-92.222810154,32.5095853880001],[-92.227938537,32.509567292],[-92.240689759,32.509580864],[-92.241580252,32.509617055],[-92.2440532479999,32.5096215770001],[-92.244219546,32.509644198],[-92.244418029,32.509644197],[-92.2445628689999,32.509626102],[-92.244739895,32.509626102],[-92.244927649,32.509580863],[-92.245142226,32.509526577],[-92.245431905,32.509384077],[-92.246558432,32.508633118],[-92.2466871779999,32.5085652600001],[-92.246842747,32.5085245450001],[-92.247003679,32.508520021],[-92.2471538819999,32.5085290690001],[-92.24732018,32.508556211],[-92.247422103,32.5085788320001],[-92.24755085,32.5085924030001],[-92.247652774,32.508574308],[-92.2478029769999,32.50854264],[-92.2480077339999,32.50876135],[-92.247906253,32.5088203710001],[-92.247911616,32.508874658],[-92.2479330739999,32.5089447770001],[-92.248013229,32.509719751],[-92.24808596,32.5104229350001],[-92.248091324,32.510479482],[-92.248008176,32.5105043630001],[-92.247871383,32.5105846600001],[-92.247788235,32.5106344210001],[-92.246959433,32.511337864],[-92.246774359,32.511457743],[-92.2466375669999,32.5115097660001],[-92.246342524,32.511607026],[-92.246165499,32.5116726210001],[-92.2460474819999,32.5117404760001],[-92.2459965189999,32.51179476],[-92.245950922,32.511844522],[-92.245919154,32.5119207650001],[-92.245909655,32.5119226190001],[-92.245903287,32.5119425390001],[-92.245898035,32.5119626910001],[-92.245889007,32.512007657],[-92.245882592,32.512052945],[-92.245879603,32.5120859470001],[-92.245878048,32.512119021],[-92.245877924,32.512152121],[-92.245884871,32.5125385910001],[-92.2458849989999,32.512544823],[-92.2458989849999,32.5131517830001],[-92.245898998,32.5131550680001],[-92.245898886,32.51315835],[-92.2458957329999,32.513217593],[-92.245895465,32.5132212],[-92.24588458,32.5133353790001],[-92.245884371,32.513337108],[-92.245884078,32.513338828],[-92.2458836979999,32.5133405350001],[-92.245883235,32.5133422280001],[-92.2458826869999,32.513343902],[-92.2458820569999,32.513345556],[-92.245881345,32.513347186],[-92.245792103,32.51353892],[-92.245791297,32.513540783],[-92.245790597,32.513542677],[-92.2457900049999,32.5135445980001],[-92.245789524,32.51354654],[-92.245789153,32.513548499],[-92.245788894,32.5135504720001],[-92.2457887469999,32.513552453],[-92.245788713,32.513554437],[-92.245795989,32.5142047750001],[-92.245797587,32.5149825660001],[-92.245815566,32.515971166],[-92.2458300649999,32.5168423010001],[-92.245843499,32.5174150930001],[-92.245847805,32.517600507],[-92.2458453679999,32.5177791720001],[-92.245827924,32.517943834],[-92.245801128,32.518107591],[-92.245765043,32.518270062],[-92.245719751,32.51843087],[-92.245665361,32.5185896410001],[-92.2456019969999,32.518746005],[-92.2455052299999,32.5189560370001],[-92.2455044279999,32.5189579120001],[-92.245503733,32.518959818],[-92.2455031479999,32.5189617500001],[-92.245502673,32.518963704],[-92.2455023109999,32.5189656750001],[-92.245502062,32.5189676580001],[-92.245501926,32.51896965],[-92.245501904,32.518971644],[-92.245501997,32.518973637],[-92.2455022019999,32.518975624],[-92.2455025199999,32.5189776010001],[-92.245502953,32.518979561],[-92.245503495,32.518981502],[-92.245504148,32.5189834190001],[-92.24550491,32.518985306],[-92.2455057779999,32.51898716],[-92.245529663,32.519034758],[-92.245530636,32.519036574],[-92.2455317119999,32.519038349],[-92.245532887,32.5190400770001],[-92.245534161,32.5190417540001],[-92.245535528,32.519043378],[-92.245536986,32.519044944],[-92.2455385329999,32.519046448],[-92.245540163,32.5190478870001],[-92.245541873,32.5190492580001],[-92.2455436609999,32.5190505570001],[-92.245545519,32.519051781],[-92.2455474449999,32.5190529270001],[-92.2455494339999,32.519053994],[-92.245551483,32.5190549770001],[-92.245553585,32.519055876],[-92.245555736,32.519056687],[-92.245558053,32.519057505],[-92.245464081,32.519244686],[-92.245695438,32.519333456],[-92.245921718,32.5194311700001],[-92.246142439,32.519537621],[-92.2462502389999,32.519591962],[-92.246447823,32.5196906940001],[-92.246661299,32.519799262],[-92.246968297,32.519958138],[-92.2470038819999,32.519976501],[-92.2483026899999,32.5206447950001],[-92.248400723,32.520694839],[-92.249164324,32.5210815570001],[-92.2493978529999,32.5211961750001],[-92.249496404,32.521242629],[-92.2514413329999,32.522233956],[-92.252301806,32.5224273860001],[-92.253760695,32.52261191],[-92.2543280739999,32.522629603],[-92.255205258,32.522742926],[-92.255304133,32.522754379],[-92.255403378,32.522763244],[-92.2558239149999,32.522744477],[-92.255977516,32.522736007],[-92.256130459,32.5227212930001],[-92.256282391,32.52270037],[-92.25643296,32.5226732840001],[-92.2580760229999,32.5223425470001],[-92.258252183,32.5223108280001],[-92.258429929,32.5222862680001],[-92.258608855,32.52226892],[-92.258788555,32.522258826],[-92.258968618,32.5222560080001],[-92.259148635,32.5222604730001],[-92.259328196,32.52227221],[-92.2595068909999,32.5222911920001],[-92.261404076,32.5225318010001],[-92.261431897,32.5225353500001],[-92.261895511,32.5225948450001],[-92.2621684809999,32.5226332870001],[-92.262440032,32.5226783690001],[-92.2653340969999,32.523195544],[-92.26556829,32.523232465],[-92.265804296,32.523259868],[-92.266041579,32.52327769],[-92.266279595,32.5232858900001],[-92.266517802,32.52328445],[-92.268242599,32.523239088],[-92.268429467,32.523237291],[-92.2686162729999,32.523241727],[-92.268802729,32.523252389],[-92.268988545,32.523269261],[-92.2691734329999,32.523292317],[-92.269955453,32.5234032000001],[-92.270135476,32.523432245],[-92.270313786,32.523468081],[-92.2704900259999,32.523510634],[-92.2706638449999,32.523559821],[-92.2708348939999,32.523615543],[-92.27295419,32.524352412],[-92.2731179349999,32.52440847],[-92.2749529069999,32.525026895],[-92.275012168,32.525046753],[-92.277521565,32.5258828290001],[-92.2775579629999,32.5258949990001],[-92.2784005409999,32.5261777170001],[-92.2784854129999,32.5262059630001],[-92.279287376,32.52647067],[-92.2794263759999,32.526513445],[-92.279567559,32.526550737],[-92.279710624,32.526582467],[-92.279855265,32.526608567],[-92.2800011749999,32.526628981],[-92.280148042,32.526643666],[-92.280295553,32.5266525910001],[-92.2804433919999,32.5266557370001],[-92.280591246,32.5266530960001],[-92.2811985229999,32.5266303540001],[-92.281219828,32.5266295440001],[-92.282587657,32.526576794],[-92.282608728,32.526575993],[-92.28462029,32.5265006280001],[-92.284824769,32.526496976],[-92.285029228,32.5265013370001],[-92.285233231,32.526513702],[-92.28543634,32.5265340450001],[-92.285638122,32.5265623220001],[-92.287248943,32.5268206000001],[-92.287472604,32.526851709],[-92.287697786,32.526873573],[-92.2879239549999,32.526886139],[-92.288150579,32.526889377],[-92.28837712,32.52688328],[-92.288603044,32.5268678620001],[-92.289940168,32.5267488280001],[-92.289942675,32.5267486050001],[-92.2909320649999,32.52666065],[-92.291218901,32.526640689],[-92.291506509,32.526631726],[-92.291794302,32.5266337790001],[-92.292081691,32.5266468450001],[-92.292271864,32.526659146],[-92.292274122,32.5266593380001],[-92.2922763669999,32.5266596180001],[-92.292278595,32.526659986],[-92.292280799,32.526660442],[-92.292282976,32.526660984],[-92.292285121,32.526661612],[-92.2922872299999,32.526662324],[-92.2923655609999,32.5266905890001],[-92.2923676679999,32.526691301],[-92.292369813,32.526691929],[-92.2923719899999,32.526692472],[-92.292374195,32.526692928],[-92.292376421,32.5266932960001],[-92.292378668,32.5266935760001],[-92.292380926,32.526693767],[-92.2943452959999,32.526820816],[-92.2943670879999,32.5268222130001],[-92.2950836749999,32.526861879],[-92.296095209,32.5268930660001],[-92.2960993729999,32.526893194],[-92.297851442,32.526946815],[-92.2978538529999,32.526946889],[-92.29865926,32.526971632],[-92.298730227,32.5269736810001],[-92.299487916,32.5269941670001],[-92.2996724929999,32.526995588],[-92.2998569539999,32.526989874],[-92.300040915,32.526977039],[-92.300223995,32.526957108],[-92.30040581,32.526930123],[-92.300585983,32.5268961400001],[-92.300764139,32.5268552310001],[-92.3009399059999,32.5268074790001],[-92.30111292,32.526752985],[-92.301282819,32.5266918620001],[-92.301284735,32.52669117],[-92.301286685,32.526690548],[-92.301288664,32.5266899970001],[-92.301290668,32.5266895190001],[-92.301516422,32.5266400400001],[-92.3015185959999,32.526639517],[-92.301520739,32.52663891],[-92.301522846,32.5266382190001],[-92.301524913,32.526637446],[-92.301526936,32.526636593],[-92.301661376,32.526573767],[-92.301792942,32.526506715],[-92.301921448,32.5264355300001],[-92.3032571539999,32.525664948],[-92.303292895,32.525644271],[-92.303998624,32.525234807],[-92.3041678289999,32.525086662],[-92.304213534,32.5250601440001],[-92.304333236,32.52499408],[-92.304456411,32.5249327720001],[-92.3045827989999,32.52487635],[-92.304712127,32.524824933],[-92.304844121,32.524778633],[-92.304978498,32.524737547],[-92.305114972,32.524701764],[-92.3079147649999,32.5240272670001],[-92.307937012,32.524021922],[-92.3088123799999,32.523812175],[-92.3089990399999,32.523767449],[-92.309610558,32.523620919],[-92.309684213,32.5236031110001],[-92.310362103,32.5234377670001],[-92.310629955,32.523377517],[-92.3109005329999,32.5233267580001],[-92.311173369,32.5232855790001],[-92.311447991,32.523254051],[-92.311723921,32.523232228],[-92.31261004,32.5231778680001],[-92.312628835,32.5231767060001],[-92.3167348959999,32.522920712],[-92.317017897,32.522898136],[-92.317299576,32.5228657960001],[-92.317579463,32.522823745],[-92.322168026,32.5220521250001],[-92.322204536,32.522045948],[-92.323156422,32.521883947],[-92.323329443,32.521851143],[-92.3235006,32.5218119480001],[-92.323669565,32.5217664360001],[-92.323836015,32.5217146960001],[-92.323999628,32.521656826],[-92.324160091,32.521592938],[-92.325221546,32.521146001],[-92.3252235319999,32.5211451160001],[-92.325225468,32.5211441540001],[-92.325227349,32.5211431180001],[-92.3254159589999,32.521033892],[-92.3254178779999,32.5210328360001],[-92.325419854,32.521031857],[-92.3254218819999,32.521030958],[-92.327754254,32.5200556240001],[-92.327820468,32.5200280940001],[-92.327971018,32.519965861],[-92.327973033,32.5199650760001],[-92.327975086,32.51996437],[-92.327977176,32.5199637430001],[-92.327979297,32.519963198],[-92.327981445,32.519962736],[-92.327983616,32.5199623560001],[-92.327985805,32.5199620610001],[-92.327988007,32.519961851],[-92.327990219,32.519961725],[-92.3279924349999,32.519961686],[-92.327994651,32.5199617320001],[-92.327996862,32.519961863],[-92.3281944239999,32.5199774270001],[-92.328281987,32.5200373820001],[-92.328303471,32.5200513940001],[-92.32832571,32.5200645320001],[-92.3283486569999,32.520076765],[-92.32837226,32.5200880680001],[-92.3283964669999,32.520098413],[-92.328421223,32.520107779],[-92.328446473,32.520116145],[-92.32847216,32.520123492],[-92.328498229,32.520129803],[-92.3285246199999,32.520135064],[-92.328551275,32.5201392640001],[-92.328578134,32.5201423940001],[-92.3286051379999,32.5201444460001],[-92.328632226,32.5201454150001],[-92.328659337,32.5201453010001],[-92.328686412,32.5201441020001],[-92.32871339,32.520141822],[-92.328740211,32.5201384650001],[-92.330658016,32.519859094],[-92.330678244,32.5198562680001],[-92.33088352,32.5198330360001],[-92.331089867,32.5198180960001],[-92.33129682,32.5198114830001],[-92.331503909,32.519813212],[-92.331710667,32.519823279],[-92.331916626,32.51984166],[-92.3329065349999,32.5200413900001],[-92.333902499,32.520218199],[-92.333999598,32.519797075],[-92.3340542669999,32.51955998],[-92.333702513,32.519499373],[-92.333700235,32.519498932],[-92.333697985,32.519498399],[-92.333695768,32.519497775],[-92.3336935889999,32.519497062],[-92.332647277,32.519129879],[-92.332645133,32.519129075],[-92.332643038,32.5191281840001],[-92.332640995,32.519127209],[-92.332639012,32.5191261510001],[-92.332637088,32.5191250140001],[-92.331543744,32.518444469],[-92.3321509369999,32.51803676],[-92.332647558,32.5177860410001],[-92.332796086,32.5177067710001],[-92.333266984,32.517448003],[-92.333531656,32.517298241],[-92.333787403,32.5171377350001],[-92.334033623,32.5169668660001],[-92.334269727,32.5167860400001],[-92.3344951559999,32.516595685],[-92.334521872,32.5165721440001],[-92.334804259,32.5163248050001],[-92.334855987,32.516280022],[-92.3349839479999,32.5161686070001],[-92.335170347,32.5160128640001],[-92.335306138,32.515905323],[-92.3354553339999,32.5157903750001],[-92.335559729,32.515718157],[-92.335709648,32.515617595],[-92.3358630719999,32.515520901],[-92.335971718,32.5154545560001],[-92.3361648429999,32.5153487640001],[-92.336362255,32.5152488150001],[-92.336563709,32.515154834],[-92.336708188,32.515093709],[-92.3368198259999,32.515046478],[-92.338307489,32.514452175],[-92.33844026,32.5144023120001],[-92.338575635,32.51435776],[-92.338713318,32.5143186140001],[-92.33885301,32.514284961],[-92.3389944039999,32.5142568750001],[-92.339137194,32.5142344160001],[-92.339281064,32.514217633],[-92.339425703,32.5142065640001],[-92.339570795,32.514201232],[-92.3397160219999,32.5142016500001],[-92.341821056,32.5142493700001],[-92.3419789279999,32.5142498220001],[-92.342136653,32.5142440280001],[-92.3422938859999,32.514232001],[-92.342450285,32.5142137650001],[-92.3426055089999,32.514189362],[-92.342759218,32.514158845],[-92.342911078,32.514122279],[-92.343060757,32.514079746],[-92.343207929,32.5140313360001],[-92.343961225,32.5137662380001],[-92.343966724,32.5137642970001],[-92.345933055,32.5130682560001],[-92.346385219,32.512916649],[-92.346843833,32.5127796580001],[-92.3471185499999,32.5127025200001],[-92.3478232149999,32.512535647],[-92.3478281609999,32.5125344800001],[-92.3499239059999,32.5120419020001],[-92.350067167,32.512011317],[-92.350211983,32.5119865350001],[-92.3503580239999,32.511967613],[-92.3505049619999,32.511954593],[-92.3506524649999,32.5119475060001],[-92.3508001979999,32.5119463660001],[-92.351425728,32.5119541380001],[-92.351426981,32.5119541330001],[-92.351428232,32.511954087],[-92.35142948,32.5119540000001],[-92.351430724,32.511953873],[-92.3516366429999,32.5119293220001],[-92.351637888,32.5119291940001],[-92.35163914,32.5119291070001],[-92.351640394,32.511929061],[-92.351641649,32.511929057],[-92.352682956,32.5119422600001],[-92.352803997,32.511946105],[-92.352924705,32.5119546270001],[-92.353044828,32.5119678070001],[-92.353164116,32.511985618],[-92.3532823199999,32.5120080230001],[-92.3533991959999,32.5120349750001],[-92.3535144969999,32.5120664190001],[-92.353832801,32.512160067],[-92.3539008979999,32.5119938880001],[-92.353905349,32.511970939],[-92.353986558,32.511970354],[-92.354057957,32.5119683660001],[-92.354129158,32.5119634320001],[-92.354199991,32.511955567],[-92.3542702869999,32.5119447870001],[-92.3543398799999,32.5119311180001],[-92.3544086059999,32.5119145940001],[-92.3544762989999,32.511895253],[-92.3545428,32.511873141],[-92.354607952,32.5118483100001],[-92.354671598,32.51182082],[-92.355270315,32.511546453],[-92.355989337,32.511224827],[-92.356041793,32.511202639],[-92.356095382,32.5111824910001],[-92.3561499959999,32.511164426],[-92.356205522,32.51114848],[-92.3562618449999,32.511134686],[-92.356318849,32.5111230730001],[-92.356376416,32.511113665],[-92.3564344279999,32.5111064810001],[-92.356492765,32.5111015360001],[-92.356551306,32.511098841],[-92.356609932,32.5110984],[-92.356668521,32.5111002140001],[-92.35742763,32.5111335920001],[-92.357445898,32.511134311],[-92.358142607,32.511158477],[-92.3581441489999,32.511158562],[-92.358145683,32.511158709],[-92.358147208,32.511158917],[-92.358148719,32.511159187],[-92.358150213,32.5111595170001],[-92.358151687,32.511159907],[-92.358153137,32.5111603560001],[-92.3581545609999,32.511160863],[-92.358155954,32.511161427],[-92.358157315,32.511162047],[-92.358158638,32.5111627200001],[-92.358159923,32.5111634460001],[-92.358161165,32.511164224],[-92.358162362,32.51116505],[-92.358163512,32.5111659240001],[-92.3581646109999,32.5111668430001],[-92.358165657,32.5111678050001],[-92.358211892,32.5112124240001],[-92.358212883,32.5112134280001],[-92.358213817,32.51121447],[-92.3582146909999,32.511215549],[-92.3582155029999,32.511216662],[-92.358216252,32.511217806],[-92.358216936,32.511218979],[-92.358217553,32.5112201790001],[-92.358218102,32.511221402],[-92.358218581,32.511222645],[-92.3582189909999,32.5112239070001],[-92.358219329,32.5112251840001],[-92.358219594,32.5112264730001],[-92.358219788,32.511227771],[-92.358219908,32.5112290750001],[-92.3582199539999,32.511230383],[-92.3582199269999,32.511231691],[-92.358219827,32.511232997],[-92.3582082339999,32.5113433230001],[-92.358206891,32.511356865],[-92.358230297,32.5116283360001],[-92.358230297,32.511755],[-92.358224932,32.511822856],[-92.3580962509999,32.5126283340001],[-92.360527686,32.5125663430001],[-92.3610128399999,32.5124862380001],[-92.3635849299999,32.5123609240001],[-92.363629352,32.51235791],[-92.363785772,32.512352014],[-92.363788033,32.5123519730001],[-92.363790294,32.5123520220001],[-92.36379255,32.512352159],[-92.363794796,32.512352385],[-92.363797028,32.5123526990001],[-92.3637992389999,32.512353101],[-92.363801426,32.51235359],[-92.3639810559999,32.512397513],[-92.363983243,32.5123980020001],[-92.363985454,32.5123984030001],[-92.363987686,32.512398718],[-92.363989932,32.512398944],[-92.3639921879999,32.5123990810001],[-92.363994449,32.5123991300001],[-92.36399671,32.512399089],[-92.365214164,32.5123531880001],[-92.365224315,32.512352808],[-92.36536547,32.51234756],[-92.365397398,32.5123464000001],[-92.367178074,32.5122831370001],[-92.367381596,32.5122796740001],[-92.367585103,32.5122837430001],[-92.3677882049999,32.5122953370001],[-92.367990517,32.512314432],[-92.368191652,32.5123409920001],[-92.368391227,32.5123749680001],[-92.368477693,32.5123911480001],[-92.368772372,32.5124479950001],[-92.369115208,32.512516963],[-92.369156608,32.512525242],[-92.371084931,32.5129085830001],[-92.3712831239999,32.512945447],[-92.3714830499999,32.5129748360001],[-92.371684317,32.5129966900001],[-92.3718865289999,32.5130109680001],[-92.372089288,32.5130176400001],[-92.372292199,32.513016695],[-92.372494859,32.513008133],[-92.3726968719999,32.5129919720001],[-92.372897843,32.512968243],[-92.373097376,32.512936994],[-92.373942818,32.5127965],[-92.37402093,32.5127833500001],[-92.374897776,32.5126338110001],[-92.374925423,32.512629116],[-92.375989733,32.512449217],[-92.3760856059999,32.512433263],[-92.3772372,32.512244658],[-92.3774661369999,32.512217666],[-92.3776963549999,32.5122001710001],[-92.3779273069999,32.512192213],[-92.378158442,32.5121938130001],[-92.37838921,32.512204965],[-92.3786190599999,32.5122256440001],[-92.378957357,32.5122715790001],[-92.379292902,32.5123302430001],[-92.379625027,32.5124015220001],[-92.379953073,32.512485273],[-92.380810275,32.512749425],[-92.380843371,32.512759658],[-92.382193463,32.5131784760001],[-92.382233199,32.5131907520001],[-92.383702676,32.513642878],[-92.384071505,32.513749238],[-92.384445119,32.513842844],[-92.384822904,32.5139235440001],[-92.385204239,32.513991204],[-92.3857293029999,32.51407499],[-92.38573529,32.5140759440001],[-92.389442807,32.514666264],[-92.389668714,32.51469804],[-92.3898960079999,32.514721663],[-92.390124282,32.5147370920001],[-92.390353122,32.514744298],[-92.3905821169999,32.5147432680001],[-92.3908108539999,32.514734005],[-92.391038922,32.514716524],[-92.392111757,32.514614792],[-92.393462517,32.5144867060001],[-92.3934798179999,32.5144850570001],[-92.3947369319999,32.5143646650001],[-92.3947515629999,32.51436327],[-92.396405648,32.51420612],[-92.3964507009999,32.5142017850001],[-92.3968352429999,32.514164318],[-92.397052665,32.514144382],[-92.3972964119999,32.5141234290001],[-92.39751897,32.514108848],[-92.3977420959999,32.514103311],[-92.397965278,32.514106831],[-92.398188007,32.514119398],[-92.398409769,32.514140985],[-92.398630059,32.514171542],[-92.3988483689999,32.514210999],[-92.401334017,32.514717224],[-92.401374427,32.5147254070001],[-92.403341085,32.5151213500001],[-92.4033537779999,32.515123901],[-92.405335668,32.5155214390001],[-92.405522739,32.5155550750001],[-92.405711459,32.5155812780001],[-92.405901417,32.515599991],[-92.406092198,32.515611173],[-92.406283387,32.5156148],[-92.406474567,32.5156108630001],[-92.406665324,32.5155993720001],[-92.406855238,32.515580352],[-92.4078348799999,32.5154625320001],[-92.407860963,32.515459376],[-92.408724202,32.5153543270001],[-92.408750986,32.5153510870001],[-92.4094691079999,32.515264721],[-92.409503474,32.5152605560001],[-92.409848476,32.5152184190001],[-92.410051027,32.515199042],[-92.4103327989999,32.5151772510001],[-92.4106154139999,32.5151657000001],[-92.410898354,32.5151644090001],[-92.4111811,32.5151733810001],[-92.411463133,32.5151926],[-92.4130772129999,32.515333668],[-92.413114584,32.5153368960001],[-92.41464848,32.515467872],[-92.4146708109999,32.515469792],[-92.415259667,32.5155207600001],[-92.418184792,32.515773902],[-92.418202105,32.515775412],[-92.420008766,32.515934074],[-92.420071665,32.5159397460001],[-92.4236913779999,32.516274649],[-92.4237004569999,32.516275492],[-92.425881594,32.516478733],[-92.425897416,32.516480217],[-92.426971936,32.516581607],[-92.4270288339999,32.516586851],[-92.427672217,32.5166447440001],[-92.427771811,32.516653326],[-92.428324273,32.516698821],[-92.428395548,32.5167048800001],[-92.430672283,32.5169045050001],[-92.430718223,32.5169086120001],[-92.431268142,32.516958719],[-92.431588375,32.516991761],[-92.4334087999999,32.517201624],[-92.433440457,32.517205312],[-92.435354777,32.517430572],[-92.4353787859999,32.5174333740001],[-92.436825394,32.517600884],[-92.4368332239999,32.517601788],[-92.438355653,32.5177771350001],[-92.438368894,32.517778666],[-92.439351877,32.5178928600001],[-92.4394234059999,32.5179013640001],[-92.4403364629999,32.5180123920001],[-92.4403785539999,32.5180175780001],[-92.440890609,32.518091015],[-92.44139848,32.5181829750001],[-92.441901235,32.5182932880001],[-92.4423979489999,32.518421752],[-92.442887711,32.5185681310001],[-92.4432635329999,32.518694641],[-92.4438683769999,32.518908772],[-92.443956503,32.5189403370001],[-92.4441691709999,32.519017395],[-92.445845119,32.5196246580001],[-92.445858977,32.51962967],[-92.4498559199999,32.521072427],[-92.4498715249999,32.521078071],[-92.4521147359999,32.521891039],[-92.4521249379999,32.5218947320001],[-92.45424731,32.522661756],[-92.454303566,32.522681934],[-92.4545178989999,32.522758227],[-92.454669306,32.5228270270001],[-92.4552937489999,32.5230492960001],[-92.455369739,32.5230766180001],[-92.4570507279999,32.523687048],[-92.457071834,32.5236946910001],[-92.459446223,32.524552016],[-92.459452169,32.524554161],[-92.461502646,32.5252933040001],[-92.461545499,32.5253088370001],[-92.463525824,32.526030721],[-92.463679517,32.526085605],[-92.4641050769999,32.5262344330001],[-92.464276253,32.526295677],[-92.46479577,32.5264857710001],[-92.464855669,32.5265075140001],[-92.465538699,32.5267534660001],[-92.465936706,32.526888005],[-92.466341386,32.5270074090001],[-92.466751937,32.52711144],[-92.4671675449999,32.5271998920001],[-92.467587387,32.527272591],[-92.468010633,32.5273293920001],[-92.468436442,32.5273701830001],[-92.468863972,32.5273948830001],[-92.47093654,32.527475404],[-92.470944891,32.527475726],[-92.4728257729999,32.5275476630001],[-92.472826536,32.527547692],[-92.474846529,32.5276248100001],[-92.474847579,32.527624851],[-92.476527378,32.527689079],[-92.4765337219999,32.52768932],[-92.4783311589999,32.527757218],[-92.478342196,32.527757631],[-92.479867922,32.527814059],[-92.4799391669999,32.527816869],[-92.481101874,32.527865596],[-92.481168043,32.5278682150001],[-92.482561676,32.527920108],[-92.48312558,32.5279389890001],[-92.483281367,32.527945045],[-92.483811578,32.527968517],[-92.4838903,32.527971783],[-92.4864429689999,32.528070589],[-92.486500612,32.5280727030001],[-92.48815644,32.5281300450001],[-92.488786772,32.5281550190001],[-92.4886855029999,32.5283957820001],[-92.498597616,32.5285086530001],[-92.499695706,32.5285211560001],[-92.501101424,32.528648994],[-92.50366472,32.528639022],[-92.507183777,32.5287756110001],[-92.5094153749999,32.528992708],[-92.510531175,32.52916729],[-92.513047812,32.52943993],[-92.516557834,32.529826842],[-92.516608143,32.529831847],[-92.516624182,32.52983391],[-92.516786815,32.5298548330001],[-92.5211818829999,32.5304201860001],[-92.521628951,32.53048539],[-92.522072618,32.530565552],[-92.522512186,32.530660545],[-92.523793736,32.5309837290001],[-92.524881793,32.531186677],[-92.526774286,32.531629611],[-92.528837019,32.532121236],[-92.529268539,32.532256633],[-92.529568464,32.532318628],[-92.530192319,32.532356631],[-92.5351631629999,32.5329079250001],[-92.536027251,32.5330204040001],[-92.536884557,32.533165427],[-92.540592915,32.5338659060001],[-92.540979764,32.5339314390001],[-92.5413696429999,32.53398249],[-92.5417617969999,32.534018959],[-92.542155465,32.5340407780001],[-92.5509316759999,32.5343627830001],[-92.559485236,32.534680515],[-92.559655317,32.534683574],[-92.559825388,32.5346801390001],[-92.5599951039999,32.534670212],[-92.560164119,32.534653817],[-92.560332089,32.534630983],[-92.560498675,32.5346017620001],[-92.5606635359999,32.5345662080001],[-92.560826337,32.534524397],[-92.5703159729999,32.531887526],[-92.570543419,32.5318285060001],[-92.5707739979999,32.5317789800001],[-92.571007162,32.5317390670001],[-92.571242351,32.5317088620001],[-92.571479003,32.5316884380001],[-92.571716549,32.531677844],[-92.572042176,32.5316700810001],[-92.57231118,32.5316716570001],[-92.572579883,32.531682549],[-92.572847837,32.531702742],[-92.573114591,32.531732198],[-92.573344214,32.531764105],[-92.573571804,32.5318051620001],[-92.573796848,32.531855278],[-92.5740188499999,32.5319143410001],[-92.577309124,32.5328698440001],[-92.5777169079999,32.532979986],[-92.578130076,32.533074642],[-92.5785478069999,32.5331536240001],[-92.586544598,32.534507768],[-92.5868043039999,32.5345567630001],[-92.586965391,32.5345871540001],[-92.587381684,32.534682054],[-92.5877926799999,32.534792285],[-92.5891486,32.535183784],[-92.589405149,32.535252497],[-92.589665054,32.5353114700001],[-92.589927799,32.5353605880001],[-92.5901928649999,32.535399751],[-92.5904597259999,32.5354288830001],[-92.590727852,32.5354479260001],[-92.590996714,32.535456841],[-92.591265778,32.5354556140001],[-92.592119372,32.535435613],[-92.5923313,32.535426628],[-92.592542544,32.535409628],[-92.5927526789999,32.535384649],[-92.592961287,32.5353517400001],[-92.5957760859999,32.534852253],[-92.5960769499999,32.5348049910001],[-92.596380073,32.534769575],[-92.596684806,32.534746082],[-92.596990497,32.5347345600001],[-92.597296489,32.534735035],[-92.597602127,32.534747505],[-92.597906758,32.534771945],[-92.602477545,32.535229219],[-92.602576647,32.5352371380001],[-92.6026760779999,32.5352411050001],[-92.6027756189999,32.5352411100001],[-92.602875051,32.535237156],[-92.602974154,32.5352292490001],[-92.6030727089999,32.53521741],[-92.603170499,32.53520166],[-92.6032673079999,32.5351820390001],[-92.603362922,32.5351585870001],[-92.603457131,32.5351313570001],[-92.606921631,32.5340523020001],[-92.607151766,32.533985983],[-92.6073854539999,32.533929275],[-92.607622135,32.5338823110001],[-92.607861244,32.533845206],[-92.608036547,32.53382174],[-92.608420601,32.5337635490001],[-92.6088015569999,32.5336922280001],[-92.6091787889999,32.5336078920001],[-92.6095516789999,32.533510681],[-92.6099956629999,32.533386539],[-92.610673648,32.533130193],[-92.610973917,32.5330525860001],[-92.611278032,32.5329866000001],[-92.6115853689999,32.532932369],[-92.611895293,32.5328900050001],[-92.612207166,32.532859596],[-92.612520347,32.5328412040001],[-92.6128341899999,32.5328348670001],[-92.614140703,32.5328335990001],[-92.614302418,32.532847184],[-92.6217557039999,32.532839686],[-92.6219916379999,32.5328435320001],[-92.62222719,32.532855554],[-92.622461964,32.5328757290001],[-92.6226955669999,32.532904026],[-92.622927607,32.5329403960001],[-92.623157696,32.5329847780001],[-92.6240364229999,32.5331703740001],[-92.6241211769999,32.5331864400001],[-92.62420675,32.5331990120001],[-92.624292942,32.533208062],[-92.624379549,32.5332135680001],[-92.6244663689999,32.5332155180001],[-92.6245532,32.5332139060001],[-92.624639835,32.5332087360001],[-92.624726074,32.5332000220001],[-92.624811714,32.533187782],[-92.624896555,32.5331720460001],[-92.624980398,32.5331528510001],[-92.6268204369999,32.5326908070001],[-92.627023059,32.53263543],[-92.627222327,32.5325719160001],[-92.627417784,32.532500408],[-92.6276089849999,32.532421071],[-92.627795492,32.532334085],[-92.6279768799999,32.5322396500001],[-92.629450807,32.531430539],[-92.629572271,32.5313672710001],[-92.629697138,32.5313089520001],[-92.6298251269999,32.531255711],[-92.6299559509999,32.531207668],[-92.630089316,32.531164932],[-92.63022492,32.5311275980001],[-92.6303624619999,32.5310957500001],[-92.63050163,32.53106946],[-92.630642112,32.531048787],[-92.630918755,32.531013778],[-92.6309239839999,32.5310190640001],[-92.6309245039999,32.5310195650001],[-92.6309250529999,32.5310200440001],[-92.6309256279999,32.5310205000001],[-92.6309262299999,32.531020932],[-92.630926855,32.5310213380001],[-92.630927502,32.5310217190001],[-92.6309281709999,32.531022072],[-92.6309288589999,32.5310223970001],[-92.630929565,32.5310226940001],[-92.630930287,32.5310229610001],[-92.6309310239999,32.5310231980001],[-92.630931773,32.531023405],[-92.630932533,32.5310235800001],[-92.6309333029999,32.5310237240001],[-92.630934079,32.5310238370001],[-92.630934862,32.531023917],[-92.630935648,32.531023965],[-92.630936436,32.5310239800001],[-92.630937223,32.5310239630001],[-92.631043314,32.5310210860001],[-92.6311494609999,32.5310213810001],[-92.631255529,32.5310248490001],[-92.634338,32.531175024],[-92.636612852,32.531280946],[-92.636614403,32.5312809870001],[-92.636615955,32.5312809650001],[-92.636617504,32.5312808800001],[-92.636619046,32.531280732],[-92.636620578,32.531280522],[-92.6366220959999,32.5312802500001],[-92.636623597,32.531279918],[-92.636625078,32.5312795240001],[-92.6366265349999,32.531279071],[-92.6366279649999,32.53127856],[-92.636629364,32.531277991],[-92.636630729,32.531277366],[-92.636632058,32.5312766870001],[-92.636633347,32.5312759540001],[-92.6366345929999,32.5312751710001],[-92.636635793,32.5312743370001],[-92.636636946,32.5312734560001],[-92.636638046,32.53127253],[-92.636639093,32.5312715590001],[-92.636640085,32.5312705480001],[-92.636641018,32.531269497],[-92.636641889,32.5312684100001],[-92.636670209,32.531214284],[-92.6366702879999,32.531209865],[-92.6367116819999,32.5308282350001],[-92.636743868,32.5304053570001],[-92.6366929069999,32.5302515820001],[-92.6367248509999,32.52978289],[-92.636723623,32.529728833],[-92.636721525,32.5296364870001],[-92.636719011,32.5295258350001],[-92.6367808809999,32.52898317],[-92.639330102,32.52910985],[-92.639423159,32.529114474],[-92.639436159,32.5289234300001],[-92.6395649039999,32.527113141],[-92.6395783149999,32.526825935],[-92.6395434469999,32.5266518010001],[-92.639610502,32.5256262130001],[-92.639674875,32.524547468],[-92.639731202,32.523859958],[-92.644453294,32.524079799],[-92.644805923,32.524096215],[-92.646082699,32.5240781890001],[-92.6469731989999,32.52414151],[-92.64777782,32.524150524],[-92.647838918,32.524131206],[-92.648035277,32.5240691000001],[-92.64866832,32.5238881500001],[-92.6487863579999,32.523842931],[-92.650846286,32.522359339],[-92.652326855,32.521346163],[-92.653431906,32.5203962540001],[-92.654376035,32.519518732],[-92.6553309449999,32.5187136170001],[-92.656124876,32.5182431490001],[-92.657208514,32.5176732200001],[-92.6586675569999,32.516899752],[-92.659965803,32.5159950020001],[-92.6612532679999,32.5150179780001],[-92.663259565,32.513520606],[-92.6641607559999,32.512932543],[-92.665394592,32.5122811470001],[-92.66727216,32.511227117],[-92.6686347239999,32.5104580610001],[-92.670844849,32.509313558],[-92.671778199,32.508825011],[-92.672711638,32.5083273700001],[-92.673612828,32.507956392],[-92.6741599919999,32.5077482880001],[-92.674556958,32.507657835],[-92.6753401989999,32.5076035180001],[-92.677367966,32.507553745],[-92.679417202,32.5074632920001],[-92.682067143,32.5072189750001],[-92.6835262769999,32.507110416],[-92.6844275559999,32.507119506],[-92.686594742,32.507395414],[-92.688374934,32.507647381],[-92.6896632079999,32.5078297270001],[-92.690585867,32.507893059],[-92.691648035,32.507893059],[-92.705606237,32.5079021500001],[-92.7064216379999,32.507884045],[-92.707054681,32.507802606],[-92.7075374359999,32.5077120770001],[-92.7085781339999,32.50753117],[-92.7142751599999,32.506449962],[-92.714983302,32.5063232950001],[-92.715380268,32.5062508710001],[-92.7158200819999,32.5062599620001],[-92.7162278279999,32.506305189],[-92.7167320569999,32.506431837],[-92.7173757849999,32.506646705],[-92.71821553,32.5069542040001],[-92.7182873949999,32.5067806440001],[-92.726588765,32.509773823],[-92.727382658,32.510073683],[-92.727769383,32.510303069],[-92.7282136,32.510731005],[-92.728628801,32.5114720280001],[-92.729458574,32.5129712520001],[-92.7302946359999,32.514370915],[-92.730568174,32.514851251],[-92.7308282069999,32.5151899680001],[-92.7309438889999,32.5153068430001],[-92.73115666,32.5154988410001],[-92.73153539,32.51572594],[-92.73213241,32.515943493],[-92.732975658,32.5161646810001],[-92.7350575039999,32.5166768230001],[-92.7419073,32.518483433],[-92.7425617599999,32.5186512770001],[-92.742857486,32.5187175560001],[-92.7431351549999,32.5187521720001],[-92.743510382,32.518766413],[-92.7439964599999,32.518744294],[-92.744808358,32.5186947560001],[-92.745921886,32.51861878],[-92.7486873729999,32.518430094],[-92.7492828649999,32.518398432],[-92.749788168,32.5184138080001],[-92.7500399039999,32.5184428680001],[-92.75035249,32.5184789510001],[-92.750887886,32.518590225],[-92.754030659,32.519737008],[-92.7574264779999,32.520976111],[-92.76174865,32.522553207],[-92.7636583349999,32.5232500120001],[-92.764285988,32.523489741],[-92.766029529,32.5239948710001],[-92.7685593639999,32.5245973290001],[-92.769708399,32.524838871],[-92.770358062,32.5250457970001],[-92.770915465,32.525223338],[-92.7717512579999,32.525624087],[-92.7726964659999,32.526218354],[-92.77411051,32.5270617360001],[-92.7763624,32.5284048190001],[-92.777407779,32.5293573300001],[-92.7778847749999,32.529804923],[-92.779467068,32.53135095],[-92.779750576,32.531543018],[-92.780278156,32.5318471],[-92.7806841399999,32.5320345740001],[-92.780779866,32.532078777],[-92.781431863,32.5322712220001],[-92.782628329,32.5325666680001],[-92.784412383,32.5329918470001],[-92.785299739,32.533194439],[-92.785298977,32.5332022260001],[-92.7852967439999,32.5332250270001],[-92.785479769,32.53325174],[-92.785712613,32.533276689],[-92.785866829,32.533286096],[-92.786021386,32.53328968],[-92.7861759789999,32.533287435],[-92.786330301,32.533279365],[-92.786484045,32.5332654850001],[-92.786636909,32.5332458240001],[-92.786788589,32.5332204200001],[-92.7874158,32.5331290030001],[-92.787681333,32.53309784],[-92.7879482819999,32.5330770960001],[-92.788216077,32.5330668180001],[-92.7902175629999,32.533047024],[-92.7922187839999,32.533026976],[-92.792819322,32.533012894],[-92.7941787789999,32.532981014],[-92.7944796049999,32.532967426],[-92.795798985,32.5328984880001],[-92.7971189899999,32.5328327560001],[-92.7979523079999,32.53279855],[-92.79833201,32.532796649],[-92.798711446,32.532808834],[-92.799089889,32.532835079],[-92.8002497799999,32.5329344780001],[-92.801417293,32.5330377000001],[-92.803743932,32.533250621],[-92.804447806,32.5333159670001],[-92.8088607079999,32.533719073],[-92.809262863,32.533761526],[-92.809662969,32.5338161350001],[-92.8101742919999,32.5339030160001],[-92.8106807729999,32.534008304],[-92.811613085,32.534228222],[-92.812692966,32.534489422],[-92.8147406259999,32.534978247],[-92.818800459,32.5359462770001],[-92.81927596,32.536064762],[-92.8197472889999,32.5361946570001],[-92.820197638,32.5363450790001],[-92.820638942,32.5365136450001],[-92.8222830779999,32.5371750620001],[-92.8239265489999,32.5378383440001],[-92.825570977,32.5385033590001],[-92.826393471,32.5388348750001],[-92.8273405369999,32.539216234],[-92.827574543,32.5393084830001],[-92.827813278,32.5393915830001],[-92.828056244,32.539465362],[-92.828302935,32.5395296660001],[-92.828553455,32.53958255],[-92.828806583,32.539625624],[-92.8293223269999,32.539687084],[-92.8307440569999,32.5398396480001],[-92.833430498,32.540127882],[-92.836739292,32.5404819980001],[-92.837527915,32.540566385],[-92.838070257,32.540623704],[-92.841629949,32.540999915],[-92.844288045,32.541279063],[-92.846946243,32.54155738],[-92.848846136,32.541709193],[-92.849929854,32.5417581310001],[-92.851014858,32.541778052],[-92.854539555,32.5418046080001],[-92.855130496,32.5418014310001],[-92.855424011,32.541790319],[-92.855716811,32.541769726],[-92.856029748,32.5417380310001],[-92.8563414019999,32.541698292],[-92.8574058769999,32.541543968],[-92.857911096,32.5414740000001],[-92.858419548,32.541423582],[-92.858678522,32.5414061050001],[-92.8589380929999,32.541396972],[-92.859452205,32.5413895],[-92.862746589,32.541360583],[-92.866041071,32.5413333700001],[-92.869229285,32.541307745],[-92.870684048,32.541295335],[-92.871689074,32.5412592640001],[-92.871844321,32.541257938],[-92.872500087,32.541249795],[-92.872748829,32.541246706],[-92.8735127789999,32.5412198430001],[-92.87455077,32.541199238],[-92.874814594,32.5412112590001],[-92.875068669,32.5412746850001],[-92.875235286,32.541364538],[-92.8754135459999,32.5414907680001],[-92.875506242,32.541598965],[-92.875606067,32.5417522440001],[-92.8756773709999,32.5419325710001],[-92.875695197,32.542133936],[-92.875709458,32.5423413120001],[-92.8757357329999,32.542547455],[-92.875859196,32.5427590670001],[-92.8759938539999,32.542915319],[-92.876194931,32.543041547],[-92.876423103,32.5431112730001],[-92.876615624,32.543138922],[-92.876688365,32.5431368050001],[-92.876926509,32.543107665],[-92.877696591,32.5429453730001],[-92.8785422559999,32.542775867],[-92.879149765,32.542708545],[-92.879356547,32.542680896],[-92.879807187,32.542680896],[-92.880409249,32.542676433],[-92.880553618,32.5426753630001],[-92.88054289,32.542881122],[-92.881918505,32.542984618],[-92.8835332479999,32.543112965],[-92.886745675,32.543368039],[-92.889944295,32.5436186050001],[-92.8906394959999,32.5436742580001],[-92.8916756419999,32.543757204],[-92.892441376,32.5439841460001],[-92.893063537,32.544033942],[-92.893875943,32.5440992150001],[-92.8940019889999,32.5440679280001],[-92.894255529,32.544061922],[-92.894669127,32.544038723],[-92.895900958,32.5440962370001],[-92.8961687669999,32.5441177490001],[-92.8993575529999,32.5443723930001],[-92.900025268,32.544425413],[-92.9017229199999,32.5445602130001],[-92.9030468729999,32.5448318630001],[-92.903982317,32.54490815],[-92.9055717419999,32.5448698170001],[-92.905844252,32.544891598],[-92.905963838,32.544899613],[-92.906058022,32.5448787500001],[-92.906831987,32.5449477550001],[-92.907319907,32.545011317],[-92.9075605689999,32.545049159],[-92.9077992539999,32.545095114],[-92.908714776,32.545309434],[-92.9101142219999,32.545668327],[-92.911609318,32.546050612],[-92.913020508,32.5464111860001],[-92.913781488,32.546604073],[-92.914519076,32.546789151],[-92.915232024,32.5469803600001],[-92.915936281,32.547193427],[-92.916668605,32.5474512770001],[-92.917388578,32.5477329770001],[-92.9189435069999,32.548386146],[-92.919924026,32.5487958790001],[-92.919942866,32.548804181],[-92.9199612689999,32.548813157],[-92.919979203,32.5488227920001],[-92.919996633,32.548833067],[-92.920013529,32.5488439640001],[-92.92002986,32.5488554630001],[-92.9201769809999,32.548990044],[-92.920204414,32.548987927],[-92.920207751,32.548992174],[-92.9202108379999,32.5489965530001],[-92.92021367,32.5490010550001],[-92.920216239,32.5490056680001],[-92.92021854,32.549010383],[-92.920220564,32.5490151860001],[-92.92022231,32.5490200680001],[-92.920223773,32.549025016],[-92.9202249479999,32.549030019],[-92.920225834,32.5490350640001],[-92.920226428,32.54904014],[-92.920226729,32.5490452340001],[-92.920226735,32.5490503350001],[-92.9202264479999,32.5490554300001],[-92.9202258669999,32.549060507],[-92.920224994,32.549065554],[-92.920223832,32.549070559],[-92.920222382,32.5490755100001],[-92.9202206479999,32.549080395],[-92.920218635,32.5490852020001],[-92.9202163479999,32.5490899210001],[-92.920213791,32.5490945390001],[-92.920128967,32.5492384940001],[-92.920018036,32.54943511],[-92.919913477,32.549634215],[-92.919879083,32.549691575],[-92.919878747,32.549692169],[-92.919878446,32.5496927770001],[-92.919878179,32.5496933950001],[-92.919877947,32.5496940240001],[-92.919877752,32.549694662],[-92.919877593,32.549695307],[-92.919877469,32.549695957],[-92.919877384,32.549696612],[-92.9198773359999,32.54969727],[-92.919877325,32.5496979280001],[-92.919877351,32.5496985870001],[-92.919877414,32.5496992430001],[-92.9198775139999,32.549699897],[-92.919877651,32.5497005450001],[-92.919877825,32.549701187],[-92.9198780349999,32.549701822],[-92.91987828,32.5497024470001],[-92.919878561,32.5497030610001],[-92.919878876,32.5497036630001],[-92.919879225,32.549704252],[-92.9198796059999,32.549704826],[-92.9198800199999,32.549705384],[-92.9198804649999,32.5497059250001],[-92.91988094,32.5497064460001],[-92.919881443,32.5497069480001],[-92.919881975,32.5497074290001],[-92.91991732,32.5497379],[-92.919917864,32.549738392],[-92.919918378,32.5497389070001],[-92.919918863,32.549739442],[-92.919919315,32.549739996],[-92.919919735,32.549740569],[-92.919920122,32.5497411580001],[-92.919920473,32.549741763],[-92.9199207899999,32.549742382],[-92.91992107,32.5497430130001],[-92.919921313,32.549743655],[-92.919921518,32.549744306],[-92.919921686,32.5497449650001],[-92.9199218159999,32.5497456300001],[-92.9199219059999,32.5497463],[-92.919921958,32.549746973],[-92.919921971,32.5497476470001],[-92.9199219449999,32.549748321],[-92.9199218799999,32.549748993],[-92.919921775,32.5497496610001],[-92.9199216329999,32.5497503240001],[-92.919921452,32.549750981],[-92.919914476,32.54977906],[-92.9200814439999,32.549826991],[-92.921438641,32.5503732220001],[-92.922203071,32.550698789],[-92.9227043289999,32.550898236],[-92.922744562,32.550916323],[-92.922792842,32.550934409],[-92.9234447269999,32.551233954],[-92.921327907,32.55488624],[-92.924029654,32.555969213],[-92.925300484,32.5565986020001],[-92.926287536,32.5571773460001],[-92.928716008,32.5586594580001],[-92.929394071,32.5591002890001],[-92.929960554,32.5594113550001],[-92.93042404,32.5596175270001],[-92.931162183,32.5598345490001],[-92.932124024,32.560051571],[-92.936312024,32.5607966750001],[-92.9417193579999,32.561870463],[-92.941698484,32.5615857760001],[-92.942583466,32.56178015],[-92.943955563,32.5619892930001],[-92.9439441969999,32.560816823],[-92.945865217,32.560933591],[-92.9478554149999,32.5610321550001],[-92.948928299,32.5610647080001],[-92.949591342,32.5611795460001],[-92.950074856,32.561358129],[-92.950527968,32.561558425],[-92.9516984849999,32.562593774],[-92.9525374789999,32.5632185960001],[-92.9533367769999,32.563662569],[-92.953810102,32.563815828],[-92.957282488,32.5637991],[-92.9579212099999,32.563711396],[-92.958369674,32.563465448],[-92.95889646,32.563005199],[-92.9596764469999,32.562117243],[-92.960398497,32.5616235300001],[-92.961469235,32.5611903980001],[-92.962296341,32.560808122],[-92.963322106,32.560549285],[-92.965194287,32.560220138],[-92.966111602,32.560055563],[-92.9674939769999,32.559670059],[-92.9732505699999,32.558082455],[-92.973767536,32.5579944470001],[-92.974539371,32.5580202860001],[-92.9765773139999,32.558135355],[-92.977869066,32.5582834300001],[-92.978473905,32.5582999330001],[-92.97906399,32.5582834300001],[-92.980356778,32.558346551],[-92.980901839,32.5582999320001],[-92.981028709,32.5582793610001],[-92.981257768,32.558217644],[-92.981623622,32.558073864],[-92.9822526,32.5578229280001],[-92.983554276,32.5572887230001],[-92.98549683,32.5564394190001],[-92.986933055,32.5558278400001],[-92.987245264,32.55570056],[-92.988980652,32.554983674],[-92.99019918,32.5544725120001],[-92.9906870739999,32.5542258610001],[-92.991070863,32.5540202890001],[-92.99142334,32.5537737030001],[-92.992734672,32.5527552070001],[-92.99330035,32.5522702580001],[-92.9941288849999,32.551288824],[-92.994504394,32.5509311550001],[-92.994840744,32.5506887890001],[-92.995040617,32.550533364],[-92.995859452,32.5498773460001],[-92.9964006859999,32.5494991190001],[-92.9969274589999,32.549207213],[-92.9977806789999,32.54892371],[-92.998714567,32.548672842],[-93.0007008319999,32.548108181],[-93.001266502,32.547956055],[-93.001671282,32.547865566],[-93.002363794,32.5478533740001],[-93.004582004,32.547882073],[-93.005162584,32.547888131],[-93.0055183169999,32.54781627],[-93.005913396,32.547705261],[-93.007424633,32.5471283260001],[-93.008043931,32.5469062290001],[-93.009579511,32.546279992],[-93.0100526529999,32.546107266],[-93.01025729,32.546049564],[-93.010498038,32.546040476],[-93.0130462,32.546045474],[-93.014737907,32.54607016],[-93.016762171,32.5461061300001],[-93.0228875129999,32.5462090390001],[-93.025668427,32.546271587],[-93.027872175,32.5463002860001],[-93.029056334,32.5463269410001],[-93.0312316049999,32.546399106],[-93.033065424,32.5464963360001],[-93.034889274,32.5466214320001],[-93.036284089,32.5466435430001],[-93.037134614,32.5465456320001],[-93.037632999,32.546452491],[-93.037939594,32.5464113740001],[-93.0383590169999,32.546333302],[-93.038856325,32.5462141880001],[-93.042080648,32.545375463],[-93.046384207,32.544048602],[-93.047138971,32.543925017],[-93.0493096609999,32.5438923030001],[-93.053191101,32.5439336490001],[-93.053177714,32.5440106890001],[-93.053169231,32.544232202],[-93.053157228,32.544471706],[-93.053151172,32.5445294850001],[-93.053135972,32.54466506],[-93.0531275709999,32.544756411],[-93.0531241589999,32.5448479940001],[-93.0531186649999,32.5451406930001],[-93.053118727,32.5451472560001],[-93.0531191589999,32.54515381],[-93.0531199599999,32.5451603380001],[-93.053121128,32.5451668270001],[-93.05312266,32.5451732610001],[-93.053157825,32.5453046490001],[-93.054128426,32.545321652],[-93.0543554609999,32.5453121740001],[-93.05452651,32.545316883],[-93.054643223,32.54532062],[-93.054817502,32.5453288310001],[-93.054991224,32.545343212],[-93.055164083,32.545363738],[-93.0553357759999,32.545390373],[-93.055615067,32.545434189],[-93.055831541,32.5454643150001],[-93.05604922,32.5454873790001],[-93.056267785,32.5455033470001],[-93.056486912,32.545512194],[-93.057254336,32.5455289410001],[-93.057286581,32.545529618],[-93.0589065729999,32.5455622370001],[-93.058931185,32.5455627480001],[-93.06013152,32.545588455],[-93.0602739349999,32.5455920360001],[-93.060848151,32.545608622],[-93.060916078,32.54561362],[-93.0609836519999,32.5456213150001],[-93.061050725,32.54563169],[-93.061117149,32.545644721],[-93.061182775,32.5456603810001],[-93.061247463,32.5456786340001],[-93.061311067,32.5456994410001],[-93.0613734459999,32.5457227540001],[-93.0614344639999,32.545748524],[-93.061493987,32.5457766920001],[-93.061591273,32.545637022],[-93.06164876,32.5456671160001],[-93.061704737,32.545699187],[-93.062110913,32.5459457110001],[-93.06217543,32.5459816750001],[-93.0622418409999,32.546015073],[-93.062310005,32.546045834],[-93.062379774,32.546073893],[-93.062451002,32.5460991890001],[-93.062523535,32.5461216680001],[-93.0625972169999,32.5461412820001],[-93.062671891,32.5461579890001],[-93.0627473979999,32.5461717530001],[-93.062823576,32.5461825450001],[-93.0629002599999,32.546190342],[-93.0629772889999,32.546195127],[-93.063174024,32.546204168],[-93.0642240189999,32.5462233750001],[-93.0642494429999,32.546223856],[-93.069675993,32.5463301350001],[-93.069709108,32.5463307540001],[-93.071358306,32.5463601330001],[-93.071455314,32.546361861],[-93.073465755,32.5463976450001],[-93.074434068,32.5463855090001],[-93.07484481,32.5463864330001],[-93.0751292959999,32.5463834720001],[-93.077192179,32.5463465120001],[-93.077235453,32.546345785],[-93.0793291209999,32.546312927],[-93.079355132,32.546312501],[-93.0832813849999,32.546245405],[-93.083285243,32.5462453390001],[-93.084568835,32.5462231160001],[-93.085525231,32.546069092],[-93.087444171,32.546035831],[-93.0879195369999,32.5461650450001],[-93.089947762,32.546129851],[-93.089948089,32.546129845],[-93.0922292979999,32.5460902620001],[-93.093210985,32.545935757],[-93.0933094379999,32.5459340470001],[-93.093313213,32.5459339810001],[-93.094778322,32.5459082300001],[-93.0959382839999,32.546025684],[-93.098367329,32.5459881190001],[-93.098421129,32.5459872110001],[-93.1044586949999,32.5458765110001],[-93.105480612,32.545720284],[-93.105891151,32.545712743],[-93.1058947939999,32.5457126760001],[-93.108614022,32.545662167],[-93.109618612,32.545822194],[-93.110085409,32.545813514],[-93.1101011379999,32.545813228],[-93.115158497,32.5457232050001],[-93.1151672619999,32.545723051],[-93.119400811,32.5456494650001],[-93.119692689,32.545658132],[-93.124441845,32.5455648380001],[-93.1247163419999,32.545207788],[-93.1249777889999,32.5451076100001],[-93.125774016,32.5451576990001],[-93.126427636,32.545117627],[-93.126962415,32.5449974140001],[-93.127303137,32.544887706],[-93.128008206,32.5450274670001],[-93.1284716819999,32.5451076100001],[-93.129053997,32.5453480370001],[-93.129544164,32.545682922],[-93.129944612,32.546007452],[-93.130373119,32.5463999],[-93.130715972,32.5465115970001],[-93.131147361,32.5465176070001],[-93.131575185,32.546493565],[-93.1319709219999,32.5464394700001],[-93.132348832,32.5463162520001],[-93.1328424229999,32.5461200940001],[-93.132949538,32.546347272],[-93.133339956,32.5462080610001],[-93.1338248229999,32.54614495],[-93.1343774279999,32.5461179010001],[-93.134894381,32.546096864],[-93.138646511,32.54606054],[-93.1440293749999,32.5459631140001],[-93.144038361,32.545951546],[-93.144839023,32.545944004],[-93.145280994,32.545999964],[-93.145771025,32.546171025],[-93.146207966,32.5463950170001],[-93.157820038,32.5543309990001],[-93.158143971,32.554538995],[-93.158149001,32.5545460370001],[-93.158389031,32.5547949940001],[-93.158568964,32.555137007],[-93.159884995,32.5585519910001],[-93.160116042,32.5584880120001],[-93.16026103,32.5591960100001],[-93.160217012,32.5596369620001],[-93.1596969779999,32.5609199830001],[-93.1594800349999,32.5616630150001],[-93.1594769809999,32.561926036],[-93.1595459709999,32.5620629960001],[-93.159628975,32.562149988],[-93.159837026,32.5622609810001],[-93.160125025,32.5623719720001],[-93.161163029,32.562773994],[-93.162289965,32.563211977],[-93.162867413,32.5632866330001],[-93.1628436349999,32.563389],[-93.162707021,32.5639771360001],[-93.161770468,32.563827674],[-93.159741095,32.563937996],[-93.159508893,32.5641772180001],[-93.159507947,32.56417824],[-93.15950706,32.564179299],[-93.1595062329999,32.564180392],[-93.159505467,32.5641815170001],[-93.1595047659999,32.5641826720001],[-93.159504129,32.564183853],[-93.159503559,32.5641850580001],[-93.1595030569999,32.5641862850001],[-93.159502624,32.56418753],[-93.1595022599999,32.564188792],[-93.159501968,32.564190066],[-93.159501747,32.564191351],[-93.159501598,32.5641926430001],[-93.1595015199999,32.56419394],[-93.159501516,32.564195238],[-93.1595015839999,32.5641965360001],[-93.159577966,32.565147935],[-93.159578079,32.5651490220001],[-93.1595782429999,32.565150105],[-93.159760293,32.5661888770001],[-93.159768038,32.5662325800001],[-93.1600686189999,32.567910221],[-93.1601143239999,32.568132318],[-93.1601715,32.568352501],[-93.160240035,32.568570347],[-93.160319799,32.5687854350001],[-93.1604106359999,32.5689973510001],[-93.1606622529999,32.569546449],[-93.161007479,32.5702951810001],[-93.161080703,32.570491777],[-93.16118578,32.570719667],[-93.1612161319999,32.5707859980001],[-93.16178985,32.5720494070001],[-93.161823098,32.572122005],[-93.162107476,32.5727377370001],[-93.162131377,32.572789797],[-93.162298977,32.573157046],[-93.162373884,32.5733336380001],[-93.1624387319999,32.5735130620001],[-93.162493372,32.5736949070001],[-93.162537678,32.5738787560001],[-93.1625715489999,32.5740641890001],[-93.162594908,32.574250781],[-93.162607701,32.5744381060001],[-93.162674931,32.5761197670001],[-93.16267742,32.576178305],[-93.162698402,32.576614797],[-93.162699674,32.5766367090001],[-93.162708758,32.5767702150001],[-93.162712491,32.576812843],[-93.162717876,32.576855344],[-93.162729414,32.5769341660001],[-93.162741732,32.5770046230001],[-93.16275797,32.5770745080001],[-93.1627780919999,32.577143665],[-93.162802052,32.5772119390001],[-93.162829798,32.577279178],[-93.162861268,32.577345232],[-93.162896389,32.577409951],[-93.1629350859999,32.5774731930001],[-93.1629772699999,32.577534815],[-93.163022847,32.5775946790001],[-93.163071717,32.577652652],[-93.163123768,32.577708605],[-93.163322051,32.5779116790001],[-93.163345652,32.577935272],[-93.164061219,32.5786336150001],[-93.164097118,32.5786685300001],[-93.164833329,32.5793821070001],[-93.164834276,32.579383024],[-93.165421742,32.5799523150001],[-93.165474563,32.580003246],[-93.166044492,32.580550036],[-93.166076255,32.580579668],[-93.16610898,32.580608539],[-93.166176535,32.580666502],[-93.1662302939999,32.5807112620001],[-93.1662864479999,32.580753863],[-93.1663448749999,32.580794213],[-93.166405449,32.580832226],[-93.16646804,32.580867819],[-93.1665325129999,32.5809009160001],[-93.16659873,32.5809314460001],[-93.166666547,32.5809593440001],[-93.16673582,32.5809845480001],[-93.1668063989999,32.581007006],[-93.1668781329999,32.581026668],[-93.166950866,32.581043492],[-93.167024442,32.581057442],[-93.167098703,32.5810684890001],[-93.167265373,32.581085971],[-93.16732473,32.581091302],[-93.1673842709999,32.581094863],[-93.167696101,32.581108853],[-93.167745859,32.581110466],[-93.1730661239999,32.581216725],[-93.173697757,32.581242278],[-93.174327193,32.5812936570001],[-93.1744174679999,32.5813028970001],[-93.1747377679999,32.581280866],[-93.174739073,32.5812807990001],[-93.1747403799999,32.581280776],[-93.1747416869999,32.5812807980001],[-93.1747429919999,32.5812808640001],[-93.174744292,32.581280975],[-93.175735042,32.581382368],[-93.175759873,32.5813848930001],[-93.1769836779999,32.5815084920001],[-93.1770276029999,32.581512979],[-93.177632938,32.5815755140001],[-93.177634019,32.581575641],[-93.1776350929999,32.5815757990001],[-93.177636161,32.581575988],[-93.177947634,32.581635572],[-93.177948702,32.58163576],[-93.177949777,32.5816359180001],[-93.177950857,32.581636046],[-93.17800339,32.5816414720001],[-93.1780501329999,32.581646242],[-93.17986732,32.581829386],[-93.1798785569999,32.581830515],[-93.182140693,32.582057101],[-93.1821470099999,32.582057734],[-93.1895089,32.5827993560001],[-93.189752734,32.5828243560001],[-93.1899692219999,32.582850638],[-93.190184142,32.5828849260001],[-93.190397081,32.582927155],[-93.190607629,32.582977242],[-93.191957523,32.583325556],[-93.192095237,32.5833616520001],[-93.192568024,32.5834875090001],[-93.1927484409999,32.5835365090001],[-93.193021758,32.583612222],[-93.193191207,32.583662894],[-93.19335768,32.5837202000001],[-93.193520818,32.5837840140001],[-93.193680264,32.5838541970001],[-93.193835672,32.583930598],[-93.194112315,32.584071408],[-93.1941135439999,32.5840720670001],[-93.19411474,32.5840727720001],[-93.19447666,32.584296655],[-93.1945931239999,32.58436937],[-93.194834912,32.584521733],[-93.194927091,32.5845802470001],[-93.1977343889999,32.586375317],[-93.197735248,32.586375886],[-93.197736084,32.586376479],[-93.198470775,32.5869155130001],[-93.198471604,32.5869161000001],[-93.1984724539999,32.5869166640001],[-93.199047422,32.587284792],[-93.199099282,32.5873178570001],[-93.20012113,32.5879666440001],[-93.200207615,32.588021935],[-93.200547474,32.588240715],[-93.200759675,32.588368798],[-93.200977564,32.5884898420001],[-93.2012008149999,32.588603667],[-93.201429097,32.588710103],[-93.2014815629999,32.588733198],[-93.202463527,32.589165909],[-93.202487188,32.589176314],[-93.20373346,32.589723268],[-93.204005507,32.589836172],[-93.204283269,32.589938621],[-93.204566185,32.5900304090001],[-93.204574075,32.5900326180001],[-93.204582081,32.590034502],[-93.204590185,32.590036056],[-93.2045983689999,32.5900372770001],[-93.204606612,32.590038162],[-93.2046148969999,32.5900387090001],[-93.204623203,32.5900389180001],[-93.204631512,32.590038786],[-93.204639803,32.5900383150001],[-93.204648058,32.5900375050001],[-93.204656256,32.5900363590001],[-93.204664381,32.5900348800001],[-93.2046724099999,32.5900330700001],[-93.2046803279999,32.590030934],[-93.204688114,32.590028477],[-93.204695752,32.590025704],[-93.204703222,32.590022623],[-93.2047105079999,32.59001924],[-93.204717592,32.5900155630001],[-93.204724458,32.5900116010001],[-93.204731091,32.590007362],[-93.204737474,32.590002858],[-93.204743593,32.589998098],[-93.204749433,32.589993093],[-93.2047549809999,32.5899878560001],[-93.2047602229999,32.5899823980001],[-93.204765149,32.589976732],[-93.204769745,32.589970871],[-93.204774002,32.58996483],[-93.20477791,32.589958621],[-93.2047814579999,32.5899522600001],[-93.20478464,32.589945761],[-93.204787448,32.5899391400001],[-93.2047898749999,32.5899324120001],[-93.204791915,32.589925592],[-93.204793564,32.589918697],[-93.204794818,32.5899117430001],[-93.204795673,32.5899047450001],[-93.204796129,32.589897721],[-93.204796184,32.589890686],[-93.2047958369999,32.5898836580001],[-93.2047950899999,32.5898766510001],[-93.204793944,32.5898696840001],[-93.204788465,32.5898413830001],[-93.2049055209999,32.589825139],[-93.204907052,32.5898249580001],[-93.204908591,32.5898248390001],[-93.204910135,32.5898247820001],[-93.204911681,32.589824788],[-93.2049132239999,32.5898248550001],[-93.204914762,32.589824985],[-93.204916291,32.5898251770001],[-93.2049178089999,32.5898254300001],[-93.204919308,32.589825744],[-93.204920789,32.5898261180001],[-93.2049222479999,32.5898265510001],[-93.20492368,32.5898270430001],[-93.204925083,32.5898275910001],[-93.204926454,32.589828196],[-93.204927789,32.5898288550001],[-93.2049290859999,32.589829567],[-93.204930342,32.589830331],[-93.2049315519999,32.5898311440001],[-93.204932716,32.5898320050001],[-93.20493383,32.5898329120001],[-93.2049348909999,32.589833863],[-93.205320737,32.5901963580001],[-93.208130827,32.590845535],[-93.2082538239999,32.590873507],[-93.2091798449999,32.5910930650001],[-93.210097911,32.591335394],[-93.2102198159999,32.5913687770001],[-93.212972099,32.5921122340001],[-93.212999466,32.5921196030001],[-93.2147812809999,32.592597918],[-93.214830403,32.592611177],[-93.2166312269999,32.5930998630001],[-93.216662073,32.593108204],[-93.217184866,32.593249089],[-93.217324724,32.5932723560001],[-93.218888257,32.5936936850001],[-93.2191586339999,32.5937610070001],[-93.219432265,32.5938181430001],[-93.2197086099999,32.5938649820001],[-93.219987132,32.593901433],[-93.220267285,32.5939274240001],[-93.2221453509999,32.594066148],[-93.2221565849999,32.594066981],[-93.223793514,32.594188833],[-93.224191191,32.5942263790001],[-93.224586361,32.594279612],[-93.2249781629999,32.5943484150001],[-93.226845618,32.594715066],[-93.226896688,32.594725166],[-93.2284479899999,32.5950341610001],[-93.228449299,32.595034398],[-93.228450617,32.5950345890001],[-93.228644307,32.5950591450001],[-93.2286562359999,32.5950615210001],[-93.228736945,32.595077411],[-93.229795496,32.5952833810001],[-93.2299156989999,32.595307174],[-93.2306905189999,32.595463146],[-93.231022592,32.5955367600001],[-93.2313506739999,32.5956222390001],[-93.231674175,32.595719429],[-93.231992513,32.5958281530001],[-93.232305113,32.595948217],[-93.232611412,32.5960794040001],[-93.2332628839999,32.5964405980001],[-93.233474126,32.5965649710001],[-93.233679821,32.596695836],[-93.23387969,32.596833019],[-93.234481162,32.597267619],[-93.235707527,32.5981591500001],[-93.2362103899999,32.5985069660001],[-93.2369711599999,32.599061083],[-93.237762209,32.599560393],[-93.238244563,32.599736341],[-93.2406381339999,32.600321282],[-93.243151596,32.6008769270001],[-93.2461582449999,32.601237343],[-93.2474051139999,32.6013792410001],[-93.249545181,32.6016227870001],[-93.249738453,32.6016019790001],[-93.249847,32.6016070000001],[-93.250162,32.6016220000001],[-93.2507140009999,32.6016490000001],[-93.250771,32.601654],[-93.251524,32.6018260000001],[-93.252356,32.601978],[-93.2528579999999,32.60206],[-93.2536899999999,32.602196],[-93.2543209999999,32.6023010000001],[-93.255062,32.602379],[-93.255866,32.602513],[-93.256964,32.602637999],[-93.2575899999999,32.6027130000001],[-93.257844,32.602757],[-93.258092,32.6027990000001],[-93.258160931,32.6028200230001],[-93.258633,32.602964],[-93.259373,32.603298],[-93.260114001,32.6037010000001],[-93.260744,32.6040570000001],[-93.261296,32.6043680000001],[-93.261991,32.604765],[-93.2618879999999,32.604906],[-93.2618859999999,32.6049080000001],[-93.2632169999999,32.605666],[-93.263462999,32.6057929990001],[-93.263702001,32.6059030010001],[-93.263871,32.6059690000001],[-93.264011,32.6060130000001],[-93.264303,32.6060810000001],[-93.264466,32.6061],[-93.2647420009999,32.6061020000001],[-93.26524,32.6061020000001],[-93.265951,32.6061260000001],[-93.26613,32.6061550000001],[-93.266185,32.606168],[-93.266529,32.606246],[-93.267637001,32.6065790000001],[-93.268243,32.606773],[-93.268768,32.6069660000001],[-93.2696520009999,32.6074300000001],[-93.269776001,32.607495],[-93.269823,32.6075460010001],[-93.270131999,32.6077110000001],[-93.271409679,32.6083836980001],[-93.271443119,32.608401697],[-93.27150785,32.608436634],[-93.272550231,32.6089695310001],[-93.272725097,32.609065007],[-93.2728062419999,32.609111709],[-93.272884617,32.609161686],[-93.272960036,32.609214821],[-93.2730323219999,32.609270988],[-93.273101305,32.609330056],[-93.273166824,32.609391886],[-93.273228723,32.609456332],[-93.273286857,32.6095232430001],[-93.27334109,32.609592461],[-93.273391294,32.6096638230001],[-93.27343735,32.609737162],[-93.2734791509999,32.6098123040001],[-93.273629531,32.6101005740001],[-93.273676326,32.610191162],[-93.2738655059999,32.610561021],[-93.273938658,32.6107018820001],[-93.274086078,32.610981512],[-93.274152213,32.6110995390001],[-93.274224728,32.6112148500001],[-93.274303469,32.6113271990001],[-93.2743882669999,32.611436343],[-93.274478941,32.61154205],[-93.274575296,32.611644094],[-93.274677127,32.611742255],[-93.275228757,32.61224982],[-93.2752701,32.6122860510001],[-93.275313474,32.6123205390001],[-93.275358777,32.612353203],[-93.275405904,32.612383965],[-93.2754547389999,32.6124127520001],[-93.27550517,32.612439496],[-93.275557077,32.6124641340001],[-93.275610337,32.612486609],[-93.275664825,32.612506866],[-93.2757204119999,32.612524858],[-93.275776966,32.6125405430001],[-93.275834354,32.612553883],[-93.275892441,32.612564847],[-93.275951087,32.612573409],[-93.276010156,32.612579549],[-93.276069508,32.612583251],[-93.2761290019999,32.612584509],[-93.27818117,32.612585632],[-93.278185518,32.6125856350001],[-93.2806918909999,32.6125875330001],[-93.2807330219999,32.6125876080001],[-93.282354006,32.612592303],[-93.282369237,32.6125926560001],[-93.282384429,32.612593625],[-93.28239955,32.6125952090001],[-93.282414564,32.6125974030001],[-93.282429436,32.6126002030001],[-93.282444133,32.612603602],[-93.282458622,32.6126075930001],[-93.282472867,32.612612165],[-93.282486838,32.6126173100001],[-93.2825005019999,32.6126230150001],[-93.2825138279999,32.612629266],[-93.282526785,32.612636051],[-93.2825393429999,32.6126433520001],[-93.282551475,32.612651154],[-93.282563151,32.612659438],[-93.283207008,32.6131389180001],[-93.2832328799999,32.6131581440001],[-93.283700729,32.6135050670001],[-93.283702424,32.613506268],[-93.2837041829999,32.613507402],[-93.283843331,32.613593031],[-93.283844619,32.6135938510001],[-93.283845874,32.613594707],[-93.2838470949999,32.6135955980001],[-93.283957984,32.613679243],[-93.2840527019999,32.613732422],[-93.284566237,32.6141206460001],[-93.2846619489999,32.614193583],[-93.285168011,32.614582324],[-93.285362775,32.614734414],[-93.285815406,32.614317726],[-93.285817798,32.614315506],[-93.2860304609999,32.614116341],[-93.28603901,32.6141085150001],[-93.286756702,32.6134660970001],[-93.2875789729999,32.614019068],[-93.28866972,32.6129204850001],[-93.289089323,32.6126056300001],[-93.290255427,32.6116143720001],[-93.290795493,32.611240264],[-93.29088829,32.611149915],[-93.291683029,32.610410395],[-93.292903301,32.6090181320001],[-93.294003108,32.6077504040001],[-93.294334856,32.6073602370001],[-93.294588361,32.6071588720001],[-93.2950102089999,32.6069067300001],[-93.295177925,32.6068206900001],[-93.295343663,32.606800107],[-93.295611901,32.6067590170001],[-93.295850853,32.606750617],[-93.300433069,32.606787621],[-93.3064003979999,32.6067493850001],[-93.306845962,32.6067465310001],[-93.310623648,32.6067590170001],[-93.312766129,32.606763027],[-93.3133541669999,32.606734347],[-93.314471042,32.6066685870001],[-93.315060067,32.606561737],[-93.315538061,32.6064180330001],[-93.316132925,32.6061631650001],[-93.3173551739999,32.6055550500001],[-93.3178050499999,32.605301844],[-93.319048767,32.604648621],[-93.319042569,32.6045444170001],[-93.3191608769999,32.6045950430001],[-93.3227541379999,32.6025105530001],[-93.3279871839999,32.599573343],[-93.32942332,32.5987357220001],[-93.3325096619999,32.5969741050001],[-93.333176572,32.596617721],[-93.333446066,32.5964482690001],[-93.333836294,32.5962509660001],[-93.3342459259999,32.5960414780001],[-93.334981646,32.59564127],[-93.3375176799999,32.5944705310001],[-93.337775946,32.594301908],[-93.337805141,32.594203368],[-93.338215042,32.5940391340001],[-93.338378865,32.594010906],[-93.3392029999999,32.5936100000001],[-93.3392093579999,32.5936425020001],[-93.3413869929999,32.592534981],[-93.342228985,32.592252978],[-93.3429610219999,32.5920390150001],[-93.3434589569999,32.591955004],[-93.343962014,32.5918920340001],[-93.3446929739999,32.591800984],[-93.3463870159999,32.5916599820001],[-93.348196044,32.591511032],[-93.350004981,32.591225014],[-93.350125985,32.59119701],[-93.351640993,32.5908499880001],[-93.3522249869999,32.5907089840001],[-93.3528609949999,32.590519994],[-93.3535030209999,32.5902619780001],[-93.353933045,32.590031964],[-93.354235956,32.589813985],[-93.3547670409999,32.5892629800001],[-93.355292016,32.5888099860001],[-93.356023963,32.588177004],[-93.3561560159999,32.588051965],[-93.356432966,32.587790006],[-93.3569510249999,32.587361983],[-93.35736398,32.5871309780001],[-93.35802002,32.586859025],[-93.358479957,32.5866850140001],[-93.359232026,32.586613033],[-93.360353034,32.5866980330001],[-93.3616919729999,32.587006015],[-93.36282403,32.5873090000001],[-93.3633870039999,32.5874080020001],[-93.363559031,32.5874379750001],[-93.364400034,32.587478014],[-93.365201961,32.587499965],[-93.372498976,32.586581015],[-93.3761490099999,32.586122029],[-93.380906039,32.585523997],[-93.382098013,32.5853729940001],[-93.38287802,32.5852739900001],[-93.3848490139999,32.5848550370001],[-93.386926008,32.5844030060001],[-93.387920982,32.584137024],[-93.388116995,32.5840929710001],[-93.3888449899999,32.5838229770001],[-93.389466983,32.583515968],[-93.389467971,32.583518011],[-93.389759026,32.5839399970001],[-93.389763967,32.583938029],[-93.390276006,32.583709968],[-93.3908880289999,32.5834030340001],[-93.391140152,32.583205305],[-93.391188964,32.583167024],[-93.391264962,32.583107983],[-93.391496008,32.5829880100001],[-93.392482195,32.5824628770001],[-93.392614357,32.5823925020001],[-93.392973705,32.582208705],[-93.394333966,32.581512965],[-93.3942959669999,32.5810049780001],[-93.39525402,32.580485029],[-93.396087028,32.580032976],[-93.397016965,32.579561012],[-93.3975350219999,32.579310004],[-93.397961991,32.579110998],[-93.3986350099999,32.578816008],[-93.3989619969999,32.578669006],[-93.399931997,32.5783030110001],[-93.401084985,32.5780949950001],[-93.4021469739999,32.5779310350001],[-93.4030960439999,32.57779599],[-93.404070984,32.577657994],[-93.404925013,32.577528021],[-93.405803027,32.57739502],[-93.406814979,32.57723401],[-93.407772044,32.5770879880001],[-93.408769982,32.576941966],[-93.409755973,32.576793976],[-93.4107450179999,32.57664803],[-93.4112199579999,32.5765400070001],[-93.411263975,32.576532968],[-93.413505002,32.5761989850001],[-93.414377985,32.5760300250001],[-93.41467428,32.575945437],[-93.4150712539999,32.575843638],[-93.415355789,32.575754617],[-93.417103614,32.575173604],[-93.417117543,32.575168967],[-93.418818002,32.5746021190001],[-93.418860506,32.574588008],[-93.420330269,32.574102033],[-93.420583644,32.5740237430001],[-93.420840905,32.5739551390001],[-93.421101536,32.5738963580001],[-93.4213650139999,32.573847518],[-93.42163081,32.5738087170001],[-93.4218983919999,32.573780033],[-93.422165771,32.573756508],[-93.424103931,32.573614245],[-93.426927275,32.573369008],[-93.428107709,32.5732664560001],[-93.428138678,32.5732637400001],[-93.4282040689999,32.57325795],[-93.4282077669999,32.5732576950001],[-93.428211475,32.573257583],[-93.4282151849999,32.5732576150001],[-93.4282188889999,32.5732577900001],[-93.4282225809999,32.573258109],[-93.428226251,32.5732585700001],[-93.428229892,32.5732591720001],[-93.4282334969999,32.573259915],[-93.428237058,32.573260797],[-93.428297591,32.573277064],[-93.428301151,32.5732779460001],[-93.428304756,32.5732786890001],[-93.428308397,32.5732792920001],[-93.428312068,32.5732797530001],[-93.4283157579999,32.5732800710001],[-93.428319463,32.5732802470001],[-93.428323173,32.573280278],[-93.428326881,32.5732801670001],[-93.428330579,32.573279911],[-93.4289135239999,32.573228296],[-93.4289172039999,32.573227898],[-93.428920859,32.573227358],[-93.428924481,32.573226677],[-93.4289280629999,32.5732258570001],[-93.428931596,32.573224898],[-93.428935074,32.5732238040001],[-93.4289384889999,32.573222577],[-93.428941835,32.5732212190001],[-93.428945104,32.573219732],[-93.429000351,32.5731932140001],[-93.4290036209999,32.573191727],[-93.429006965,32.573190369],[-93.429010381,32.5731891410001],[-93.429013858,32.573188047],[-93.429017392,32.573187089],[-93.429020974,32.5731862690001],[-93.429024596,32.5731855880001],[-93.429028251,32.573185048],[-93.4290319309999,32.573184649],[-93.434946381,32.572660813],[-93.435130897,32.572643554],[-93.43640928,32.5724993490001],[-93.437109471,32.572396977],[-93.437445001,32.5723414880001],[-93.437948091,32.572262709],[-93.4381997199999,32.5722200810001],[-93.4387792799999,32.5721178160001],[-93.438898103,32.572096452],[-93.4403449019999,32.571831466],[-93.4403919709999,32.5718229060001],[-93.441919572,32.5715470750001],[-93.442154961,32.571506722],[-93.442571953,32.5714390310001],[-93.443008517,32.5713754500001],[-93.44344763,32.571326024],[-93.44388865,32.571290822],[-93.4443309339999,32.571269897],[-93.448921152,32.571126991],[-93.4489227019999,32.571126943],[-93.45210728,32.5710274400001],[-93.452568577,32.5710059680001],[-93.45302866,32.570970435],[-93.453183483,32.570955285],[-93.4535336169999,32.570919195],[-93.4572202149999,32.570539137],[-93.457235597,32.5705375580001],[-93.4605228519999,32.5702012460001],[-93.460533221,32.5702001820001],[-93.46599356,32.5696383050001],[-93.4660063319999,32.569636986],[-93.468686326,32.569359278],[-93.468706218,32.5693572060001],[-93.47135086,32.569080269],[-93.471359521,32.5690793640001],[-93.47450287,32.568751568],[-93.47451212,32.568750601],[-93.477206011,32.568468269],[-93.4805325949999,32.5681195440001],[-93.480542725,32.568118484],[-93.481861669,32.567980901],[-93.4818949249999,32.5679774020001],[-93.48338103,32.5678196980001],[-93.4834317789999,32.5678143800001],[-93.4860293959999,32.5675456050001],[-93.486340744,32.567467262],[-93.4865335549999,32.567436838],[-93.486724942,32.567400531],[-93.4869146519999,32.5673583880001],[-93.488333831,32.567019778],[-93.489452488,32.566752858],[-93.489456101,32.5667519990001],[-93.4907622219999,32.566442645],[-93.491536133,32.5662593380001],[-93.491584931,32.566247709],[-93.491959738,32.566157847],[-93.492121578,32.56614761],[-93.492293345,32.5661064270001],[-93.4926615099999,32.566018155],[-93.492701089,32.5660087100001],[-93.4932397269999,32.5658807950001],[-93.493880573,32.5657286060001],[-93.493894063,32.565725397],[-93.495773572,32.565277525],[-93.495779009,32.56527623],[-93.497731212,32.5648116150001],[-93.497751213,32.5648068670001],[-93.4982518,32.564688302],[-93.4982603999999,32.564686239],[-93.498699486,32.56458862],[-93.499143341,32.5645079400001],[-93.4995910549999,32.5644443630001],[-93.5000417099999,32.56439802],[-93.50049438,32.564369007],[-93.500948137,32.5643573830001],[-93.501158744,32.56435673],[-93.5018065139999,32.564404311],[-93.5022934689999,32.5644090320001],[-93.502385269,32.5644106400001],[-93.502790177,32.5644136920001],[-93.503194879,32.5644023290001],[-93.503207113,32.5644017540001],[-93.5040925339999,32.564359165],[-93.504121491,32.5643577500001],[-93.507045847,32.564212575],[-93.507067446,32.5642113590001],[-93.507750584,32.5641619430001],[-93.50777112,32.564160133],[-93.508540964,32.564087374],[-93.5086571909999,32.564076028],[-93.509216938,32.564019638],[-93.509240878,32.564017241],[-93.510408752,32.56390106],[-93.510420245,32.563899905],[-93.510748484,32.563861177],[-93.51107474,32.5638118800001],[-93.51139854,32.5637520860001],[-93.511719412,32.563681881],[-93.511854365,32.5636481940001],[-93.5132148019999,32.563293988],[-93.51452659,32.56296465],[-93.514630842,32.562943137],[-93.514864464,32.562897185],[-93.514872365,32.562895462],[-93.5148801619999,32.562893424],[-93.514887835,32.562891076],[-93.5148953679999,32.5628884220001],[-93.514902745,32.562885468],[-93.514909947,32.562882222],[-93.5149169599999,32.5628786890001],[-93.514923767,32.56287488],[-93.514930353,32.562870801],[-93.514936703,32.562866462],[-93.5149428029999,32.5628618740001],[-93.5149486399999,32.562857045],[-93.514954199,32.562851988],[-93.514959469,32.562846713],[-93.5149644379999,32.562841232],[-93.514969094,32.5628355580001],[-93.514973427,32.562829703],[-93.514977428,32.5628236810001],[-93.514981086,32.562817506],[-93.5149843949999,32.56281119],[-93.514987347,32.5628047480001],[-93.514989934,32.562798195],[-93.514992152,32.562791546],[-93.5149939949999,32.5627848150001],[-93.51499546,32.562778017],[-93.51499654,32.562771169],[-93.514997237,32.562764284],[-93.5149975479999,32.56275738],[-93.51499904,32.5626693620001],[-93.515313818,32.56267319],[-93.515393236,32.562731005],[-93.515394457,32.562731851],[-93.515395725,32.562732646],[-93.5153970369999,32.562733387],[-93.5153983909999,32.562734074],[-93.515399782,32.562734705],[-93.515401207,32.5627352770001],[-93.515402664,32.56273579],[-93.5154041489999,32.562736242],[-93.515405658,32.562736633],[-93.515407187,32.562736961],[-93.5154087339999,32.562737226],[-93.5154102929999,32.5627374270001],[-93.5154118629999,32.562737564],[-93.5154134379999,32.5627376360001],[-93.515415016,32.5627376420001],[-93.515416592,32.562737584],[-93.5154181629999,32.562737462],[-93.5154197259999,32.562737274],[-93.5156634259999,32.5627029070001],[-93.516558173,32.5625958260001],[-93.516578991,32.5625933950001],[-93.517528797,32.562484187],[-93.517684914,32.562521712],[-93.520387176,32.5622109660001],[-93.520392139,32.562210393],[-93.523924675,32.561800868],[-93.523929217,32.5618003390001],[-93.526013388,32.5615569400001],[-93.5260446349999,32.561553517],[-93.5274703589999,32.561277502],[-93.527517,32.5613510000001],[-93.5277369999999,32.561814],[-93.528483,32.5617060000001],[-93.529372,32.561583001],[-93.5295179999999,32.561566],[-93.5298999999999,32.5615210010001],[-93.532569,32.561197],[-93.534639,32.5609460000001],[-93.535605,32.560837],[-93.536642999,32.56072],[-93.537272,32.560639],[-93.537641,32.5605790000001],[-93.538933,32.5602860000001],[-93.540507,32.559915],[-93.541758992,32.559619974],[-93.542179,32.5595210010001],[-93.5452490009999,32.5587919990001],[-93.545673999,32.5586940000001],[-93.547016,32.558383],[-93.5492883589999,32.5578445020001],[-93.5503429999999,32.557618],[-93.550207157,32.55721047],[-93.550659546,32.5571040990001],[-93.550664333,32.55710298],[-93.551037219,32.557022584],[-93.551413388,32.556954035],[-93.551792318,32.5568974290001],[-93.551812546,32.5568946170001],[-93.5556478999999,32.556338645],[-93.555650745,32.556338235],[-93.556806495,32.556172347],[-93.556808771,32.556172019],[-93.557946758,32.556007153],[-93.557947768,32.5560070070001],[-93.5587391779999,32.555892753],[-93.5587550499999,32.5558903880001],[-93.559474779,32.5557797670001],[-93.559536822,32.55577121],[-93.560318611,32.5556756550001],[-93.560363281,32.5556706950001],[-93.560408089,32.5556667190001],[-93.560880318,32.555639133],[-93.5613535369999,32.5556296250001],[-93.56182678,32.5556382130001],[-93.562299084,32.5556648800001],[-93.562317977,32.555666209],[-93.564616648,32.5558155640001],[-93.5646167689999,32.555815571],[-93.567010494,32.555970893],[-93.567016694,32.5559712840001],[-93.567459201,32.5559892200001],[-93.5679022149999,32.555988767],[-93.56834467,32.555969927],[-93.56835702,32.5559691],[-93.570154365,32.555842516],[-93.570155142,32.555842462],[-93.5723296579999,32.555690113],[-93.572330639,32.5556900440001],[-93.574750013,32.5555216650001],[-93.574751038,32.555521594],[-93.575656443,32.555459027],[-93.575663166,32.555458574],[-93.576530464,32.5554015060001],[-93.576536865,32.555401094],[-93.577007464,32.555378089],[-93.5774786969999,32.555367996],[-93.577495329,32.555367936],[-93.578104399,32.555368183],[-93.578125727,32.5553683030001],[-93.579149618,32.555379364],[-93.579151317,32.5553793820001],[-93.581219336,32.555399724],[-93.581220167,32.5553997320001],[-93.5827525139999,32.55541407],[-93.582754501,32.5554140890001],[-93.585978733,32.5554473220001],[-93.585979357,32.5554473290001],[-93.588433191,32.555473314],[-93.588433902,32.5554733210001],[-93.592681462,32.5555164940001],[-93.592682629,32.5555165060001],[-93.594477478,32.555533531],[-93.594479715,32.5555335540001],[-93.597446138,32.5555648760001],[-93.597446396,32.555564879],[-93.60241483,32.555617812],[-93.60241493,32.555617813],[-93.604693719,32.555642138],[-93.60469553,32.5556421580001],[-93.605829364,32.5556552480001],[-93.6058403279999,32.55565534],[-93.6068419439999,32.555660732],[-93.606858163,32.5556608790001],[-93.608380096,32.5556804180001],[-93.608457533,32.555681254],[-93.6089607599999,32.555685661],[-93.609019173,32.555686157],[-93.609960243,32.5556944100001],[-93.609980055,32.555694593],[-93.6113446529999,32.555707926],[-93.611354993,32.5557080240001],[-93.614355353,32.555735656]]]},"properties":{"id":"uniti-regional-20260919-83471585aeb66ca6856b","sourceId":"uniti-regional-20260919","source":"Uniti Wholesale regional transport network","sourceUrl":"https://www.unitiwholesale.com/network-map/","name":"Uniti Wholesale regional transport network","carrier":"Uniti Wholesale","category":"unknown","routeStatus":"Publisher network map; current operating status unverified","evidence":"publisher_route","geometryQuality":"publisher_geometry_unverified","dataDate":null,"metadataModified":"2025-06-13T12:55:45+00:00","retrievedAt":"2026-09-19T13:31:26.703698+00:00","networkType":"Carrier-published regional transport geometry; not a surveyed cable alignment","serviceability":"Unconfirmed","routeDiversity":"Unconfirmed","states":["LA"],"publishedLineParts":11,"importBatch":"20260919","sourceRecordIds":["2967","2970","2973","2978","2982","59632","59634","59640","59644","59648","96079"]},"bbox":[-93.614355353,32.4949961070001,-92.054519177,32.614734414]},{"type":"Feature","geometry":{"type":"MultiLineString","coordinates":[[[-92.019345062,30.2575160310001],[-92.020540119,30.2573831],[-92.027989502,30.2541915630001],[-92.031095461,30.252920579],[-92.031534482,30.2535140190001],[-92.030598123,30.253956315],[-92.029009719,30.2547387270001],[-92.028327097,30.2550505780001],[-92.027800311,30.2551685070001],[-92.027473618,30.2554254460001],[-92.026790996,30.2556233060001],[-92.026049633,30.255749806],[-92.024757881,30.256147377],[-92.021642227,30.257379003],[-92.020219583,30.257987165],[-92.0197904299999,30.258180849],[-92.0195122849999,30.2583536820001],[-92.0192539889999,30.2585431950001],[-92.019053895,30.2587285380001],[-92.018829663,30.258976896],[-92.0186443219999,30.259254909],[-92.018322457,30.259997894],[-92.0179128839999,30.2608882170001],[-92.017386635,30.262306741],[-92.017176886,30.262833325],[-92.017055113,30.2631701710001],[-92.017030705,30.263445623],[-92.017079521,30.263609874],[-92.017094006,30.263972201],[-92.017162402,30.264224948],[-92.017274518,30.264633372],[-92.0173525709999,30.2655252760001],[-92.017367054,30.265756938],[-92.017493923,30.2663298350001],[-92.017757315,30.267397088],[-92.017869432,30.267508052],[-92.017971892,30.267588206],[-92.018049944,30.2681356100001],[-92.018186469,30.26902169],[-92.0182596939999,30.2694066980001],[-92.018361885,30.2697604310001],[-92.018483926,30.2700553240001],[-92.018630107,30.2704007150001],[-92.01912712,30.271469314],[-92.019385417,30.272059088],[-92.0195366929999,30.272463311],[-92.019629498,30.2728128640001],[-92.01975127,30.273075781],[-92.019990255,30.2732652650001],[-92.017517794,30.273172608],[-92.017430086,30.273172608],[-92.017439742,30.273652573],[-92.017581095,30.2737243820001],[-92.017771264,30.27377905],[-92.017981012,30.273943284],[-92.0180834719999,30.2741455080001],[-92.018288393,30.2747114070001],[-92.0185418619999,30.2753546710001],[-92.018624742,30.2755568910001],[-92.01875161,30.2758221170001],[-92.0189270269999,30.2762138150001],[-92.019097884,30.276559185],[-92.01929288,30.2769677910001],[-92.019366105,30.277182517],[-92.0195463489999,30.277752567],[-92.019809742,30.2787902790001],[-92.020501752,30.281734494],[-92.0208772609999,30.2832791810001],[-92.021189202,30.2843967420001],[-92.021535475,30.285543706],[-92.0218769199999,30.2866190880001],[-92.022262085,30.287825086],[-92.023246188,30.2908151190001],[-92.02361687,30.2921435820001],[-92.024104495,30.294771272],[-92.024074991,30.295237699],[-92.024153311,30.2958944920001],[-92.02459212,30.2965684180001],[-92.024923642,30.2970654060001],[-92.0256929,30.2986545480001],[-92.02637579,30.30012],[-92.027224441,30.3025399850001],[-92.027858515,30.304530582],[-92.028521557,30.3066133],[-92.0308904839999,30.3135530610001],[-92.032373209,30.3178815370001],[-92.032684882,30.3190183850001],[-92.032968123,30.320848427],[-92.0331043789999,30.3217495430001],[-92.033075411,30.3221399010001],[-92.032880147,30.322325123],[-92.0330067469999,30.322838651],[-92.033153195,30.3228719910001],[-92.033338804,30.3229646020001],[-92.0335920049999,30.323335043],[-92.03382643,30.323885609],[-92.034684737,30.3255525700001],[-92.035112817,30.3263587210001],[-92.035356362,30.3269819660001],[-92.0358536429999,30.328353927],[-92.039021868,30.337781175],[-92.041314084,30.3445585470001],[-92.042904098,30.3492532190001],[-92.044375558,30.353720378],[-92.0463453719999,30.3595875550001],[-92.046618958,30.360763725],[-92.046940823,30.3624971740001],[-92.047155399,30.3636672920001],[-92.0473308159999,30.364374077],[-92.047397871,30.364767505],[-92.047329743,30.365070674],[-92.04715379,30.365449288],[-92.047641416,30.36560064],[-92.047778208,30.3657519930001],[-92.047963281,30.36610561],[-92.048168202,30.3664592260001],[-92.0484804109999,30.366997516],[-92.049133797,30.368162026],[-92.049377878,30.368691976],[-92.049660583,30.3694746300001],[-92.052878161,30.3789654830001],[-92.0573746159999,30.392311842],[-92.057686288,30.3933802670001],[-92.057831664,30.394054447],[-92.057919104,30.3946772620001],[-92.058026393,30.395644329],[-92.058085402,30.396317568],[-92.058075208,30.397091672],[-92.0580462409999,30.3976973470001],[-92.057987769,30.3982271360001],[-92.057890137,30.398782371],[-92.0576562479999,30.400008502],[-92.057489951,30.400647936],[-92.0567587799999,30.4036794030001],[-92.05504324,30.410778368],[-92.054828663,30.4115856670001],[-92.054662902,30.4121408250001],[-92.0544483259999,30.412897687],[-92.054272909,30.4133691020001],[-92.054009516,30.414226806],[-92.053775092,30.4149082440001],[-92.053550859,30.415572561],[-92.053502042,30.415850129],[-92.05344357,30.4160920750001],[-92.053365786,30.4163613150001],[-92.053228993,30.41654636],[-92.053024073,30.416722614],[-92.052682896,30.416933101],[-92.053014417,30.4173115130001],[-92.053277809,30.4173115130001],[-92.053394754,30.4174627860001],[-92.053550859,30.4179004100001],[-92.053619523,30.4180937780001],[-92.0538341,30.4189519020001],[-92.053980012,30.4193303060001],[-92.0542530609999,30.419939083],[-92.0545164539999,30.420595039],[-92.054877479,30.4213971670001],[-92.055140872,30.421834311],[-92.055336137,30.422137303],[-92.055628498,30.4225661180001],[-92.055891891,30.4229112030001],[-92.056194444,30.423306245],[-92.0566235969999,30.423777149],[-92.0568950369999,30.424057931],[-92.057246406,30.42437757],[-92.0578509759999,30.4249409820001],[-92.058806916,30.4258411390001],[-92.06352653,30.430215527],[-92.064355333,30.4310226650001],[-92.065047879,30.4317123120001],[-92.065555353,30.432225265],[-92.066372891,30.4331702210001],[-92.066938837,30.433893617],[-92.067631383,30.4348723200001],[-92.068206985,30.435814013],[-92.069083531,30.437477216],[-92.069444556,30.4383180560001],[-92.069727261,30.4390243020001],[-92.0701564139999,30.4405075390001],[-92.07077064,30.4428398800001],[-92.072985073,30.4516983830001],[-92.073882003,30.4552947380001],[-92.075364728,30.4614249300001],[-92.076397379,30.465273384],[-92.07689466,30.467285636],[-92.077314157,30.469070828],[-92.077460606,30.470197133],[-92.077519078,30.4714949560001],[-92.0774799179999,30.4723105360001],[-92.077431102,30.4729273030001],[-92.077353318,30.4736166530001],[-92.077226181,30.4742167680001],[-92.0770899249999,30.474712391],[-92.076845844,30.4752084740001],[-92.076660771,30.475578339],[-92.075178046,30.4774729480001],[-92.074953814,30.477842804],[-92.074904998,30.478111874],[-92.0748170209999,30.4783809430001],[-92.074592788,30.478590834],[-92.0743100829999,30.4787507950001],[-92.074660917,30.479196003],[-92.074973125,30.47906147],[-92.075178046,30.4790281840001],[-92.075343807,30.4791622540001],[-92.0754022789999,30.4793305360001],[-92.0754022789999,30.4795996020001],[-92.075411935,30.4798349170001],[-92.075539072,30.480417888],[-92.075587888,30.480913942],[-92.075558384,30.481376245],[-92.0755192239999,30.4818251400001],[-92.075422127,30.4822199440001],[-92.074895342,30.484509218],[-92.0743588989999,30.4868825730001],[-92.0725655749999,30.4948745390001],[-92.072350998,30.495815652],[-92.072175046,30.4964294960001],[-92.071989973,30.4970091320001],[-92.071873028,30.497471359],[-92.071531315,30.498861262],[-92.071404715,30.499130274],[-92.071229298,30.49932348],[-92.071024377,30.4994834070001],[-92.070858617,30.499642872],[-92.070721824,30.499760737],[-92.0706343849999,30.499878139],[-92.070721824,30.50024791],[-92.070819456,30.500595493],[-92.070946593,30.5009652620001],[-92.071014721,30.501318389],[-92.071073194,30.5016544130001],[-92.071034033,30.502057918],[-92.0709074329999,30.503691334],[-92.0700780939999,30.5092721940001],[-92.0697857339999,30.5112835370001],[-92.069659133,30.511950432],[-92.069337268,30.5135471720001],[-92.068996627,30.5149987720001],[-92.068850465,30.515525525],[-92.068733234,30.5159480090001],[-92.068440874,30.516485936],[-92.0680701919999,30.5172507680001],[-92.067777832,30.517816877],[-92.067670543,30.518052101],[-92.067543407,30.5181445260001],[-92.067436118,30.5181782610001],[-92.0672413899999,30.5181782610001],[-92.0670166209999,30.5181445260001],[-92.066909332,30.518127427],[-92.066870708,30.518673661],[-92.066929181,30.518808139],[-92.067153414,30.5189509360001],[-92.067377646,30.5191191490001],[-92.067436118,30.519312316],[-92.067455966,30.5197494820001],[-92.067475278,30.521155704],[-92.0674849339999,30.521424191],[-92.067465622,30.521780479],[-92.066831548,30.52471576],[-92.066051025,30.5277636990001],[-92.065856297,30.528334831],[-92.065661033,30.528905959],[-92.065173406,30.530032034],[-92.064959903,30.530513972],[-92.064726014,30.530933992],[-92.0644138049999,30.5313877410001],[-92.064160604,30.531824391],[-92.0639556829999,30.532101627],[-92.0637116029999,30.5323284990001],[-92.063077528,30.532693065],[-92.062629063,30.532953203],[-92.06240483,30.533104758],[-92.062063117,30.533314531],[-92.062687535,30.533969724],[-92.062970241,30.534246954],[-92.063506682,30.534972834],[-92.063624163,30.53522465],[-92.063731451,30.5355527020001],[-92.063731451,30.5357375200001],[-92.063721259,30.5359976510001],[-92.063633819,30.5362411460001],[-92.063536186,30.536401013],[-92.062687535,30.537596767],[-92.061263819,30.5387980510001],[-92.059234996,30.5404816720001],[-92.0587972599999,30.540764891],[-92.059723694,30.5412440040001],[-92.058592339,30.54198323],[-92.057538767,30.542730766],[-92.056563516,30.543570697],[-92.0557250569999,30.544452665],[-92.055110294,30.5452371420001],[-92.054447252,30.546295575],[-92.054056723,30.547172435],[-92.053774018,30.548062685],[-92.053491314,30.549611247],[-92.052244087,30.5606971620001],[-92.0505145979999,30.5747017240001],[-92.050261398,30.5774959280001],[-92.0503783409999,30.5785369210001],[-92.050144453,30.579887333],[-92.050066133,30.580626264],[-92.050183077,30.58154992],[-92.050456662,30.5831616790001],[-92.0504952859999,30.5839236760001],[-92.050320406,30.5847632520001],[-92.049987812,30.585686869],[-92.049520034,30.586930043],[-92.049188514,30.588078071],[-92.048954625,30.589857812],[-92.0486231039999,30.5917779010001],[-92.0482711979999,30.5938438710001],[-92.047822733,30.5976949340001],[-92.0469869569999,30.6057225690001],[-92.046966572,30.6090809940001],[-92.047025581,30.609600861],[-92.047357101,30.615349683],[-92.047474046,30.619333768],[-92.04868104,30.636531317],[-92.0488183689999,30.637947384],[-92.049207826,30.6393532770001],[-92.049462099,30.6396209760001],[-92.0505929179999,30.6398563650001],[-92.051217336,30.640208988],[-92.0514512249999,30.640662225],[-92.052173276,30.643632677],[-92.0524661739999,30.6443203540001],[-92.0528363179999,30.644941567],[-92.053987523,30.646334435],[-92.058022637,30.6510630230001],[-92.059622307,30.6526237850001],[-92.0609483909999,30.6541669850001],[-92.061612506,30.655163776],[-92.0622562359999,30.6559695080001],[-92.069061537,30.6639858500001],[-92.0703489969999,30.665495647],[-92.071207304,30.666828234],[-92.07198729,30.668237398],[-92.073353071,30.671431242],[-92.075088997,30.676168753],[-92.080099363,30.689397301],[-92.080723782,30.6908061360001],[-92.081855674,30.6927352920001],[-92.083181758,30.6943285940001],[-92.084332962,30.6956875380001],[-92.087314506,30.6985345250001],[-92.091118951,30.702124043],[-92.0973588419999,30.708174538],[-92.100850005,30.7115460090001],[-92.103363772,30.7137053490001],[-92.1049827529999,30.7149625590001],[-92.107187529,30.716472481],[-92.1171342329999,30.722666878],[-92.11816742,30.723102204],[-92.11945488,30.7236897080001],[-92.120332499,30.72412503],[-92.1209376049999,30.7245280700001],[-92.12183239,30.7252382290001],[-92.1228076419999,30.726110701],[-92.123373051,30.726546935],[-92.124212046,30.727100294],[-92.125635763,30.728088954],[-92.128305112,30.730135843],[-92.175791998,30.766549361],[-92.1784076879999,30.768660453],[-92.184684057,30.774305785],[-92.18753149,30.7773550850001],[-92.18881895,30.778295297],[-92.1901450349999,30.7793000230001],[-92.1913938719999,30.7802715560001],[-92.192290803,30.7816468020001],[-92.193183441,30.782944603],[-92.194198389,30.784017487],[-92.196500798,30.7864987180001],[-92.207107325,30.797335379],[-92.210499783,30.800853944],[-92.2137785149999,30.8044516300001],[-92.215495129,30.8068991590001],[-92.217484255,30.809814734],[-92.2187717149999,30.8116576560001],[-92.2198639109999,30.8136129580001],[-92.2219281389999,30.818382179],[-92.22781827,30.8319090410001],[-92.228442688,30.8336852090001],[-92.229182978,30.8360306600001],[-92.2295735069999,30.838475542],[-92.229652901,30.84062006],[-92.229300995,30.847519407],[-92.228676577,30.861858146],[-92.228987713,30.8636669140001],[-92.2292237469999,30.86507412],[-92.229339619,30.8664463100001],[-92.228949089,30.8678534750001],[-92.228481312,30.8691924720001],[-92.2283654399999,30.870866654],[-92.228247423,30.873356691],[-92.228090782,30.876270248],[-92.227507133,30.890492362],[-92.22742774,30.893070273],[-92.22742774,30.894589367],[-92.227507133,30.8957604340001],[-92.22781827,30.8966313600001],[-92.228129406,30.897347612],[-92.228481312,30.898216683],[-92.2292623709999,30.8992882790001],[-92.230197925,30.9004942710001],[-92.231798668,30.9020335010001],[-92.242098351,30.91287921],[-92.255590935,30.9269744000001],[-92.256955643,30.928446939],[-92.2622621249999,30.934771239],[-92.271699209,30.9462076610001],[-92.2738836,30.9488503210001],[-92.274780531,30.9495864250001],[-92.275990743,30.9502562750001],[-92.276615162,30.950591198],[-92.277082939,30.950959244],[-92.2773168269999,30.951294165],[-92.27758934,30.9528104940001],[-92.2779026219999,30.9534140750001],[-92.2791900829999,30.955119906],[-92.288704415,30.96638646],[-92.2955708699999,30.974715458],[-92.2957830569999,30.9749719930001],[-92.299510498,30.9794785],[-92.301031847,30.9812832070001],[-92.302632589,30.983089718],[-92.3034115029999,30.983893623],[-92.304035921,30.984495168],[-92.305128117,30.985398398],[-92.306143064,30.9857994220001],[-92.307703037,30.9864009550001],[-92.309299488,30.9869822480001],[-92.310430307,30.9875856130001],[-92.3115611269999,30.988420752],[-92.31238081,30.9891896620001],[-92.313940782,30.9897580630001],[-92.318622846,30.991632474],[-92.321549674,30.9927361330001],[-92.36332347,31.009092706],[-92.3710439399999,31.0122687900001],[-92.373110314,31.01280395],[-92.375296851,31.0134053130001],[-92.379004736,31.0148167520001],[-92.3792783219999,31.0151339780001],[-92.379492898,31.015317877],[-92.379726787,31.015468674],[-92.380194564,31.015719695],[-92.380623718,31.0159035930001],[-92.3854034139999,31.0178593210001],[-92.386729498,31.018427551],[-92.3902775239999,31.0201561260001],[-92.392852445,31.021443342],[-92.395505686,31.0228969570001],[-92.396929402,31.0236159400001],[-92.402447243,31.0263640260001],[-92.404261489,31.0271666460001],[-92.405470629,31.0279683410001],[-92.406602521,31.0287378510001],[-92.4090969759999,31.0308496060001],[-92.410794278,31.032338011],[-92.411905785,31.0334577470001],[-92.4130569879999,31.0348284400001],[-92.4143637609999,31.0367065610001],[-92.416643639,31.040713646],[-92.419023295,31.044791343],[-92.419921298,31.0460120440001],[-92.420739908,31.0476895630001],[-92.420954485,31.048592193],[-92.424834032,31.0551052220001],[-92.426297445,31.0579461450001],[-92.427623529,31.0602079780001],[-92.427994747,31.060642692],[-92.428404589,31.061561743],[-92.4285601569999,31.0620129930001],[-92.430413027,31.0650099430001],[-92.432558794,31.0684920200001],[-92.433083434,31.069283258],[-92.4334535789999,31.069650846],[-92.433882732,31.070102058],[-92.434116621,31.0702353080001],[-92.434507151,31.0703023930001],[-92.434974928,31.0707205190001],[-92.434974928,31.0709704760001],[-92.435033937,31.0715558480001],[-92.43520989,31.072257005],[-92.43554141,31.0730261570001],[-92.435911556,31.0741784960001],[-92.436321397,31.0752545500001],[-92.436633606,31.075855518],[-92.436984439,31.076524481],[-92.438779373,31.0796376700001],[-92.4419368699999,31.085363906],[-92.442541976,31.086249641],[-92.443185706,31.0873182080001],[-92.443731804,31.088420759],[-92.444277902,31.089690515],[-92.444648047,31.0907930380001],[-92.445019265,31.091601546],[-92.445272465,31.092704047],[-92.445565362,31.0941069610001],[-92.4460138269999,31.0964515360001],[-92.4461307719999,31.097821321],[-92.446072836,31.0998093590001],[-92.4459355069999,31.1009512680001],[-92.44572093,31.1033066970001],[-92.445174832,31.1068535110001],[-92.444356222,31.1118037640001],[-92.444218893,31.1131127040001],[-92.443789739,31.113780486],[-92.44369318,31.114398663],[-92.442854185,31.11899674],[-92.4427951769999,31.1196314160001],[-92.442775865,31.1205563250001],[-92.4427951769999,31.121758603],[-92.442834873,31.1225273540001],[-92.4428928089999,31.123646029],[-92.443146009,31.1249548060001],[-92.443283338,31.1258567030001],[-92.443517227,31.1266915470001],[-92.444004316,31.1282004940001],[-92.44521453,31.1305212670001],[-92.447360297,31.133800744],[-92.449854751,31.1374860020001],[-92.450498481,31.138454817],[-92.4509662579999,31.139322609],[-92.451552052,31.140524648],[-92.452156086,31.1419443030001],[-92.452546616,31.143146309],[-92.4529167599999,31.1445549060001],[-92.4535218669999,31.147927555],[-92.453853388,31.150838239],[-92.4542235329999,31.152607561],[-92.455004592,31.154667902],[-92.45516016,31.1553684450001],[-92.455414433,31.1559532970001],[-92.455823202,31.156643731],[-92.456135411,31.156943958],[-92.456506629,31.1574617790001],[-92.456583876,31.1579456260001],[-92.457286616,31.159114378],[-92.458593388,31.1611240830001],[-92.459510703,31.1624589670001],[-92.460212369,31.163310014],[-92.461127539,31.1643409920001],[-92.4614000509999,31.1650258560001],[-92.461361428,31.1656593060001],[-92.4616929479999,31.166494718],[-92.462200422,31.1677294620001],[-92.4625898789999,31.1684969230001],[-92.463233609,31.169816096],[-92.4634674979999,31.1700997570001],[-92.463662762,31.170383418],[-92.463799019,31.170650553],[-92.4638387149999,31.1709672600001],[-92.4644234369999,31.1720853620001],[-92.4683222959999,31.1789745290001],[-92.47163858,31.184744336],[-92.472243686,31.185912757],[-92.473023672,31.187748426],[-92.473452825,31.1891664550001],[-92.4740182359999,31.1912553710001],[-92.474370141,31.193056977],[-92.474545021,31.194408848],[-92.474720974,31.1968950290001],[-92.474661966,31.1992306390001],[-92.474545021,31.2006989700001],[-92.474408765,31.2016506200001],[-92.47429182,31.2028647160001],[-92.4740772439999,31.203815426],[-92.4736867139999,31.205067119],[-92.473452825,31.205834277],[-92.47292604,31.20738601],[-92.471502323,31.2114125050001],[-92.467779417,31.2218018680001],[-92.466666837,31.2249772650001],[-92.466140051,31.2265020780001],[-92.46563365,31.227619524],[-92.465184112,31.2286268660001],[-92.4645210689999,31.229794745],[-92.463994284,31.2305286760001],[-92.463038344,31.231669009],[-92.462336678,31.232519435],[-92.4615363069999,31.23328637],[-92.460717697,31.233854229],[-92.459917326,31.2344046540001],[-92.458942075,31.235021126],[-92.458123465,31.235455039],[-92.4574797349999,31.235738504],[-92.456836005,31.2360559090001],[-92.456113954,31.2363889100001],[-92.453755755,31.237179665],[-92.452682872,31.237479636],[-92.451414723,31.2377630940001],[-92.4500296309999,31.2380630640001],[-92.448079128,31.2384465100001],[-92.4449602559999,31.239096897],[-92.443789739,31.239214315],[-92.443126697,31.2393143030001],[-92.4421911429999,31.239497768],[-92.439227838,31.2400481600001],[-92.437355657,31.240415087],[-92.4355993459999,31.2410819720001],[-92.4347024149999,31.241448894],[-92.434077997,31.2417323400001],[-92.433512588,31.2418827770001],[-92.43321969,31.2418992890001],[-92.432829161,31.24209926],[-92.4323420709999,31.2424496670001],[-92.431970854,31.242889967],[-92.431639333,31.2433229270001],[-92.4315030769999,31.24367333],[-92.4314837649999,31.2439907080001],[-92.4314837649999,31.244374131],[-92.4314837649999,31.24469059],[-92.4315030769999,31.244941005],[-92.4315417,31.24520793],[-92.431756277,31.2455913480001],[-92.431970854,31.245874781],[-92.43121018,31.246441647],[-92.430995603,31.246742506],[-92.430840034,31.246942468],[-92.43064477,31.247058958],[-92.4303915689999,31.2471259170001],[-92.430098672,31.247158938],[-92.429805775,31.2471919590001],[-92.429395933,31.247109407],[-92.4292596769999,31.247221311],[-92.4292596769999,31.24760472],[-92.429395933,31.248105534],[-92.4284990029999,31.2482220230001],[-92.428529057,31.248546769],[-92.428537626,31.2486393660001],[-92.4287919,31.249189705],[-92.4291427329999,31.2497226130001],[-92.4294549419999,31.250323393],[-92.430468817,31.251540533],[-92.432205816,31.2535923],[-92.433687467,31.255855888],[-92.434292574,31.2567895560001],[-92.434974928,31.258323945],[-92.43546309,31.2596079320001],[-92.4358922439999,31.2606644570001],[-92.436145444,31.2613981480001],[-92.436516662,31.263081948],[-92.43731596,31.2668566300001],[-92.438916134,31.2741201310001],[-92.440654206,31.28274858],[-92.4407829519999,31.283697569],[-92.440718578,31.2844081590001],[-92.440525459,31.284829926],[-92.439699339,31.2869387320001],[-92.440364527,31.2871679470001],[-92.44097607,31.2874109140001],[-92.441276478,31.287621792],[-92.441480326,31.2879060170001],[-92.441802191,31.2886945060001],[-92.442145513,31.2898130500001],[-92.442606854,31.2920271780001],[-92.443046736,31.293640754],[-92.443669009,31.2957126920001],[-92.4443234669999,31.297798336],[-92.445246148,31.3002414590001],[-92.4453534359999,31.300566899],[-92.445492911,31.3012727780001],[-92.445568013,31.3017403050001],[-92.445546555,31.3021528270001],[-92.445525097,31.3024645090001],[-92.4453641649999,31.3028036920001],[-92.445171046,31.303170374],[-92.4449135529999,31.3034545520001],[-92.4445380439999,31.3037845640001],[-92.4443234669999,31.3039495690001],[-92.445396351,31.304774593],[-92.445707487,31.304673757],[-92.445986437,31.3046279230001],[-92.446404862,31.304637089],[-92.4467374559999,31.304719591],[-92.447166609,31.3048937620001],[-92.447649407,31.305232935],[-92.448768253,31.306736712],[-92.449635511,31.30786541],[-92.449635541,31.3078654490001],[-92.449730801,31.307987531],[-92.451501058,31.310366226],[-92.4518336519999,31.311062865],[-92.453904318,31.313226081],[-92.454644608,31.3141014350001],[-92.4550630319999,31.314655976],[-92.45564239,31.314316836],[-92.459182905,31.3204165820001],[-92.459998297,31.321727219],[-92.460320162,31.3220205060001],[-92.460609841,31.322240471],[-92.461114096,31.322286297],[-92.461757827,31.322286297],[-92.462358641,31.322332123],[-92.462884354,31.322524592],[-92.4633886089999,31.3226254080001],[-92.463925051,31.3223412880001],[-92.4644078489999,31.321974681],[-92.465309071,31.322515427],[-92.465309071,31.3227170600001],[-92.4651910539999,31.3232486360001],[-92.46513741,31.3235877440001],[-92.465351986,31.323899355],[-92.46559875,31.3242384600001],[-92.46596353,31.324540905],[-92.4665321579999,31.325008316],[-92.4668325659999,31.325374912],[-92.4671115149999,31.325604034],[-92.467787432,31.325869814],[-92.4724759329999,31.327317846],[-92.475490736,31.328142665],[-92.482743429,31.329938911],[-92.4837197529999,31.3301496930001],[-92.486723827,31.3311715200001],[-92.4893523919999,31.3319046620001],[-92.491251397,31.3326286340001],[-92.492914366,31.3332426320001],[-92.493482994,31.333485481],[-92.4941910969999,31.3338887],[-92.495575117,31.3348692480001],[-92.496626543,31.3358864410001],[-92.497409749,31.336757004],[-92.497434394,31.336793675],[-92.499448227,31.339790163],[-92.5006176699999,31.341654912],[-92.501347231,31.342635379],[-92.5019265879999,31.3432034960001],[-92.503010201,31.344014431],[-92.504522966,31.344774962],[-92.5057245959999,31.345205622],[-92.507151531,31.3455079980001],[-92.508975434,31.3457279080001],[-92.512022423,31.346135656],[-92.513653206,31.346218122],[-92.5150372259999,31.3462547730001],[-92.516517806,31.3462547730001],[-92.518019843,31.3463005880001],[-92.518652843,31.346245611],[-92.519457507,31.346392216],[-92.519854473,31.3466212870001],[-92.5204445589999,31.3468366120001],[-92.522912192,31.3475054940001],[-92.524027991,31.3477253980001],[-92.5265278089999,31.3480552550001],[-92.530014681,31.3485271320001],[-92.534928488,31.3492051630001],[-92.537685799,31.3495945710001],[-92.538222241,31.3494204830001],[-92.538554834,31.349402158],[-92.539069819,31.349475458],[-92.542524504,31.3503917080001],[-92.5445522539999,31.351060563],[-92.552759814,31.354510135],[-92.558639216,31.357130442],[-92.5603772869999,31.357753442],[-92.5624801389999,31.3582848200001],[-92.563488649,31.3585047],[-92.5647975679999,31.358752065],[-92.566149401,31.3588620040001],[-92.567984032,31.358962782],[-92.56984012,31.358944459],[-92.576030659,31.358916974],[-92.577597069,31.3590543980001],[-92.579399514,31.3593933770001],[-92.580365109,31.359622416],[-92.58266108,31.3603095280001],[-92.584527897,31.3600667490001],[-92.585922646,31.3597735810001],[-92.5875427,31.3596728040001],[-92.588368821,31.35970945],[-92.5892271279999,31.359865196],[-92.5901176199999,31.360149203],[-92.590943741,31.360799666],[-92.5930144059999,31.362563225],[-92.593647408,31.3630304480001],[-92.5940765619999,31.3632778],[-92.595063614,31.363644247],[-92.5991513009999,31.3649176380001],[-92.6019086109999,31.365687162],[-92.6043118709999,31.3664246160001],[-92.60689752,31.36712084],[-92.609440255,31.3676613260001],[-92.611575293,31.368046077],[-92.612379956,31.368220131],[-92.622679638,31.3703408100001],[-92.626981902,31.3711744120001],[-92.630103993,31.372017166],[-92.633344101,31.3731438820001],[-92.64248507,31.376588063],[-92.64654057,31.378058213],[-92.647527623,31.3783238460001],[-92.648246454,31.378342165],[-92.649973797,31.3788963270001],[-92.6517440549999,31.379299352],[-92.6530744309999,31.379574139],[-92.654340433,31.3796290970001],[-92.6581706279999,31.3795375010001],[-92.6591684099999,31.3795283420001],[-92.662923502,31.3794367460001],[-92.6640714869999,31.37931767],[-92.668738532,31.3784108630001],[-92.669629024,31.3782185090001],[-92.670294213,31.378401704],[-92.670304941,31.3785574180001],[-92.670337128,31.378658176],[-92.670508789,31.3787406120001],[-92.673705983,31.379766491],[-92.674800324,31.380132874],[-92.677214312,31.381232012],[-92.678169178,31.3817312000001],[-92.679746317,31.3827295680001],[-92.684488463,31.3860589110001],[-92.68755691,31.3882249820001],[-92.686956095,31.3887928230001],[-92.6892520659999,31.3904184780001],[-92.690657543,31.391490022],[-92.696429657,31.395547121],[-92.702695298,31.3999062480001],[-92.710269856,31.405386921],[-92.7098728889999,31.405615848],[-92.710999417,31.406650589],[-92.715398239,31.4106749860001],[-92.722350525,31.4172812150001],[-92.7267815339999,31.421502],[-92.731373476,31.425969781],[-92.7344030689999,31.4287699750001],[-92.738143372,31.4322270640001],[-92.7463509309999,31.440035493],[-92.751296925,31.4446946110001],[-92.752916979,31.4462735320001],[-92.753796743,31.4473352840001],[-92.754429745,31.44841533],[-92.755052018,31.4498202870001],[-92.756296562,31.4522411560001],[-92.757111954,31.4531014880001],[-92.758860754,31.454341632],[-92.7619077429999,31.4565610390001],[-92.76756184,31.4605787180001],[-92.77438538,31.4654198370001],[-92.779996561,31.469469164],[-92.781584429,31.4705581050001],[-92.782721686,31.4712489820001],[-92.783730197,31.4717339650001],[-92.785414623,31.4722829990001],[-92.789620327,31.473710474],[-92.80517714,31.4790404350001],[-92.807912992,31.4801109650001],[-92.811861205,31.4818539820001],[-92.81521933,31.4830159750001],[-92.8215386139999,31.4852347020001],[-92.828512358,31.487631783],[-92.8291024439999,31.4878696590001],[-92.8299071069999,31.4882722140001],[-92.830357718,31.4885558330001],[-92.831044363,31.489132215],[-92.831580805,31.489891571],[-92.8328897229999,31.492100986],[-92.8341449969999,31.494200568],[-92.838028835,31.500654544],[-92.840775417,31.5052100240001],[-92.845839428,31.5141008030001],[-92.846150565,31.5145306860001],[-92.846611905,31.5151069080001],[-92.8470303289999,31.515564225],[-92.84739511,31.515916357],[-92.8480924839999,31.51649257],[-92.849079537,31.5171053660001],[-92.850098776,31.5176084030001],[-92.861632275,31.523566906],[-92.862769532,31.5241613630001],[-92.863992619,31.52503018],[-92.868884968,31.5285876670001],[-92.870333361,31.5292735420001],[-92.871062922,31.5295113120001],[-92.872039246,31.529703355],[-92.8752257099999,31.5300691510001],[-92.8831865069999,31.5309379120001],[-92.883851694,31.530956202],[-92.8847636459999,31.5309379120001],[-92.892091441,31.5305355400001],[-92.893915342,31.530444092],[-92.895127701,31.530471526],[-92.8962649579999,31.530581264],[-92.8987755059999,31.531166532],[-92.915158438,31.534888386],[-92.916499543,31.535098707],[-92.921112942,31.5355650710001],[-92.924932407,31.535949133],[-92.929095196,31.53643378],[-92.930275368,31.5365343670001],[-92.931144404,31.536543511],[-92.931518764,31.536501436],[-92.932120728,31.53643378],[-92.934105562,31.5360405760001],[-92.944008278,31.5340379510001],[-92.9443516009999,31.533992229],[-92.945016789,31.5339739390001],[-92.9453922979999,31.533992229],[-92.9460253,31.534065384],[-92.9470338099999,31.534312286],[-92.947377133,31.534440309],[-92.947999405,31.5346963530001],[-92.948525118,31.53497983],[-92.949018645,31.5353547500001],[-92.9507996309999,31.5367766900001],[-92.95478003,31.540009121],[-92.954662013,31.5401919990001],[-92.9585308119999,31.54306727],[-92.96592298,31.5489670050001],[-92.9681492139999,31.5508161660001],[-92.968176036,31.551008166],[-92.970337896,31.552905287],[-92.970724134,31.552617293],[-92.973293691,31.554891508],[-92.9764479679999,31.5575976380001],[-92.979216008,31.5595083370001],[-92.982005505,31.5616475430001],[-92.9852670719999,31.5643260520001],[-92.989301115,31.56794603],[-92.998871236,31.5767759940001],[-93.01275435,31.589443612],[-93.019234567,31.595182773],[-93.02399817,31.5995143280001],[-93.024770646,31.6002819240001],[-93.025350003,31.6009215820001],[-93.0260581059999,31.6017714070001],[-93.02823606,31.605271144],[-93.027721077,31.605362518],[-93.028300433,31.6062854030001],[-93.032259373,31.612672242],[-93.035542398,31.6180171130001],[-93.036100297,31.618976417],[-93.036658197,31.6200179350001],[-93.0371946389999,31.621059442],[-93.037859827,31.622548593],[-93.0383104379999,31.623736243],[-93.038803964,31.6253623850001],[-93.0390829129999,31.626303342],[-93.039340406,31.6276005680001],[-93.039554983,31.6288246940001],[-93.039726644,31.6302315050001],[-93.040112882,31.634040752],[-93.040842443,31.6404256860001],[-93.041636376,31.647586521],[-93.0423015649999,31.653568684],[-93.044382958,31.6728459790001],[-93.044640451,31.6757404250001],[-93.044855028,31.6770369600001],[-93.045970827,31.686915605],[-93.046464353,31.6889423320001],[-93.047086625,31.6905764630001],[-93.047773271,31.692055371],[-93.048159509,31.692840462],[-93.048846154,31.6939815690001],[-93.0495542579999,31.694949218],[-93.055948644,31.7036028300001],[-93.0600041439999,31.70902462],[-93.062858014,31.712894525],[-93.062750726,31.7132413480001],[-93.0634588289999,31.714117528],[-93.064746289,31.7159428750001],[-93.065862088,31.7173848730001],[-93.066355615,31.717202343],[-93.0667418529999,31.717968967],[-93.0674928719999,31.719301419],[-93.0680722289999,31.7204148220001],[-93.0686515849999,31.7216012210001],[-93.069059281,31.7223860610001],[-93.0693811469999,31.722915368],[-93.069767385,31.723371665],[-93.0707758949999,31.724795296],[-93.070969014,31.725078195],[-93.071247964,31.7251877040001],[-93.071505456,31.7251512010001],[-93.071677118,31.725041691],[-93.071891695,31.725333715],[-93.072728543,31.72489568],[-93.07358685,31.724494145],[-93.074166207,31.724293377],[-93.074552446,31.724202119],[-93.0750030569999,31.7241291120001],[-93.075646787,31.724092609],[-93.07912293,31.724202119],[-93.083414465,31.724402887],[-93.093757062,31.724767919],[-93.095580964,31.724950434],[-93.097363662,31.7252840260001],[-93.097726732,31.7253519660001],[-93.103219896,31.7265839300001],[-93.1058591889999,31.7272044690001],[-93.107017904,31.7276059920001],[-93.1082409909999,31.72815352],[-93.109464078,31.7290751850001],[-93.110150723,31.729695706],[-93.1109231999999,31.730644732],[-93.111395269,31.731392994],[-93.11165276,31.731958751],[-93.111802964,31.732451503],[-93.1120175409999,31.733053752],[-93.1121462879999,31.733728996],[-93.112167745,31.735179843],[-93.112618356,31.7351980920001],[-93.111502557,31.742023153],[-93.111116319,31.7437749590001],[-93.110622792,31.744942811],[-93.1101292659999,31.7458186900001],[-93.1093353319999,31.7469500220001],[-93.10879889,31.7478806240001],[-93.108455567,31.7487017350001],[-93.1082624479999,31.7495045920001],[-93.108112245,31.7502162100001],[-93.10815516,31.7512745030001],[-93.108391195,31.755735622],[-93.108713059,31.7636720530001],[-93.108841806,31.7656971010001],[-93.108970552,31.766718731],[-93.108943148,31.767213036],[-93.1082798369999,31.7672100710001],[-93.108279569,31.767230366],[-93.1089385879999,31.7672433650001],[-93.1089432369999,31.7673411210001],[-93.1088960289999,31.767565511],[-93.1088203909999,31.7679718760001],[-93.108455567,31.769820038],[-93.1080478709999,31.772136828],[-93.107833295,31.774015757],[-93.1077474639999,31.7747271860001],[-93.1077273069999,31.7748528490001],[-93.107710804,31.7750941630001],[-93.1075820569999,31.7758979320001],[-93.107493544,31.776889806],[-93.107552553,31.777748283],[-93.1075552349999,31.7777995860001],[-93.1078395489999,31.7789191260001],[-93.108416225,31.7801526580001],[-93.1086683519999,31.7806337530001],[-93.108899022,31.7809347210001],[-93.1091994289999,31.781317771],[-93.109306717,31.781413533],[-93.1088963399999,31.7816346970001],[-93.108748818,31.7816985380001],[-93.1092208869999,31.7822639870001],[-93.1094435099999,31.782466909],[-93.110199893,31.782914932],[-93.1113398319999,31.7836251530001],[-93.1117931259999,31.783879372],[-93.1124475839999,31.7842396090001],[-93.1126460679999,31.7842988890001],[-93.113246883,31.7843900880001],[-93.1160792949999,31.7850147990001],[-93.117267514,31.7852792740001],[-93.1196439509999,31.7858116410001],[-93.120244766,31.7859586970001],[-93.124954725,31.7881485500001],[-93.12891903,31.79022208],[-93.131343747,31.791416703],[-93.1321162239999,31.7917404350001],[-93.1325024609999,31.7918681030001],[-93.132931614,31.792023129],[-93.133274937,31.792132558],[-93.133661176,31.7922237490001],[-93.134186889,31.792314941],[-93.1346589569999,31.792378775],[-93.135302687,31.7924517270001],[-93.139830256,31.7925155610001],[-93.141461039,31.7926797040001],[-93.141986752,31.792752658],[-93.149003411,31.794389516],[-93.149507667,31.7946266080001],[-93.15003338,31.7948500200001],[-93.15021577,31.794895615],[-93.151052619,31.7949320910001],[-93.155590917,31.796053703],[-93.15758648,31.796468605],[-93.158058548,31.7965506740001],[-93.1587237369999,31.796751285],[-93.159442568,31.797052201],[-93.159914638,31.797284727],[-93.1603330619999,31.7976038780001],[-93.1607193,31.7979503830001],[-93.160976792,31.7981874660001],[-93.161223556,31.798479259],[-93.161326081,31.798620338],[-93.1614488609999,31.798789288],[-93.1616558859999,31.799088404],[-93.161663437,31.799099315],[-93.161899472,31.7995734730001],[-93.162135507,31.8001752860001],[-93.162392999,31.8009776960001],[-93.162328625,31.8011874160001],[-93.1624681009999,31.8016798],[-93.162918712,31.803211644],[-93.1652254109999,31.8103963820001],[-93.1678539759999,31.8185833850001],[-93.169152165,31.822699404],[-93.1700319299999,31.8224715000001],[-93.170879508,31.8250331],[-93.1729394449999,31.8317421510001],[-93.174698973,31.837192895],[-93.176029349,31.8425202760001],[-93.176082993,31.843226621],[-93.1759327889999,31.8440651130001],[-93.175943519,31.844411445],[-93.176093723,31.844912713],[-93.1761580949999,31.8450038510001],[-93.1761366379999,31.845263598],[-93.1763834,31.846384599],[-93.1767267229999,31.8477106440001],[-93.177960539,31.853766466],[-93.178979779,31.8584686790001],[-93.179301644,31.859949462],[-93.179569865,31.8608060280001],[-93.1798702719999,31.861471227],[-93.180020476,31.861790157],[-93.180417443,31.86239612],[-93.180803681,31.862869953],[-93.181114817,31.86324355],[-93.1815654279999,31.863644482],[-93.181780005,31.86385406],[-93.1821125989999,31.864163869],[-93.182445193,31.86439167],[-93.182756329,31.864619469],[-93.183088923,31.86481082],[-93.183550263,31.8650477310001],[-93.187573577,31.8668837670001],[-93.190727854,31.8682960790001],[-93.2015058169999,31.8730298770001]]]},"properties":{"id":"uniti-regional-20260919-0eb4bb330da3cd4b90d4","sourceId":"uniti-regional-20260919","source":"Uniti Wholesale regional transport network","sourceUrl":"https://www.unitiwholesale.com/network-map/","name":"Uniti Wholesale regional transport network","carrier":"Uniti Wholesale","category":"unknown","routeStatus":"Publisher network map; current operating status unverified","evidence":"publisher_route","geometryQuality":"publisher_geometry_unverified","dataDate":null,"metadataModified":"2025-06-13T12:55:45+00:00","retrievedAt":"2026-09-19T13:31:26.703698+00:00","networkType":"Carrier-published regional transport geometry; not a surveyed cable alignment","serviceability":"Unconfirmed","routeDiversity":"Unconfirmed","states":["LA"],"publishedLineParts":1,"importBatch":"20260919","sourceRecordIds":["95711"]},"bbox":[-93.2015058169999,30.252920579,-92.017030705,31.8730298770001]},{"type":"Feature","geometry":{"type":"MultiLineString","coordinates":[[[-92.447868208,31.3055654550001],[-92.4467747209999,31.306525907],[-92.4465756289999,31.3067007770001],[-92.446440936,31.306819084],[-92.4467747209999,31.3070812890001],[-92.446815709,31.307113487],[-92.447530249,31.307702443],[-92.447540637,31.307734177],[-92.4470850229999,31.308159652],[-92.4467747209999,31.3078990430001],[-92.4464546839999,31.307630256],[-92.4447905759999,31.3090831700001],[-92.4445530309999,31.3092905670001],[-92.444367418,31.3094591],[-92.443510035,31.310237586],[-92.4429392979999,31.3108036],[-92.442760843,31.310653647],[-92.4419788389999,31.3099965480001],[-92.4408918619999,31.3090831700001],[-92.439822952,31.3081849800001],[-92.439806135,31.3081709530001],[-92.4390079949999,31.308895077],[-92.438449828,31.3084397310001],[-92.437719814,31.3090831700001],[-92.4360085869999,31.3105914540001],[-92.4359872749999,31.310610239],[-92.435610173,31.3109426180001],[-92.436202639,31.3114175490001],[-92.435806314,31.311774617],[-92.4369458469999,31.3126752000001],[-92.437063864,31.312762278],[-92.4369404829999,31.3129043530001],[-92.4367098129999,31.313165586],[-92.436505964,31.3133580730001],[-92.4361626419999,31.3135597260001],[-92.43567448,31.3138576210001],[-92.435175589,31.3142792560001],[-92.4391345289999,31.31705421],[-92.437417916,31.3189606540001],[-92.4385498079999,31.3196824340001],[-92.436076811,31.322315168],[-92.435481361,31.322981933],[-92.43575333,31.323175178],[-92.436055353,31.323389779],[-92.435298971,31.324175681],[-92.434000781,31.32553209],[-92.433802298,31.3257795420001],[-92.433711103,31.325994915],[-92.4336574589999,31.32611864],[-92.4335018899999,31.326301936],[-92.4328796179999,31.3269251400001],[-92.432005218,31.3278691020001],[-92.430395892,31.326737263],[-92.429816535,31.3273306780001],[-92.4294410259999,31.327743088],[-92.429162076,31.3281280030001],[-92.428979687,31.328476257],[-92.4286578209999,31.3283708640001],[-92.428346685,31.328824511],[-92.427289894,31.329915085],[-92.425208501,31.3320870320001],[-92.42479544,31.332526913],[-92.423540166,31.333892367],[-92.4216787129999,31.3359267640001],[-92.421227726,31.3363976950001],[-92.420809301,31.3368581760001],[-92.4184811439999,31.3393713030001],[-92.417762312,31.3401101090001],[-92.417520913,31.3404651920001],[-92.417365345,31.3406965680001],[-92.4171614969999,31.340943979],[-92.416751119,31.341417037],[-92.4166250549999,31.341547614],[-92.4166196909999,31.3423677260001],[-92.415906223,31.342353981],[-92.4157855239999,31.343333296],[-92.4157747949999,31.34346387],[-92.415640685,31.3437948880001],[-92.415550151,31.344023194],[-92.415442201,31.34429542],[-92.414895031,31.3452644060001],[-92.4146858189999,31.3455736550001],[-92.4139240709999,31.346531174],[-92.413081857,31.3476055080001],[-92.412148449,31.3486317260001],[-92.411837312,31.3489821960001],[-92.411569091,31.349300595],[-92.411453757,31.349444905],[-92.4112633189999,31.34988127],[-92.411113115,31.3503073250001],[-92.4109012219999,31.350881122],[-92.4107536989999,31.3512556340001],[-92.410793933,31.3515534100001],[-92.410898539,31.3517859040001],[-92.4109790049999,31.3521065840001],[-92.411113115,31.352520031],[-92.4112445439999,31.3528773570001],[-92.411357197,31.3531625300001],[-92.411649558,31.353618348],[-92.412167224,31.354362768],[-92.412513229,31.354867824],[-92.412717077,31.355140394],[-92.413392994,31.35616653],[-92.414111826,31.357192655],[-92.414116129,31.3572022230001],[-92.414318356,31.3576518880001],[-92.414540979,31.358209607],[-92.414790425,31.3588451960001],[-92.414937946,31.3593754240001],[-92.4149513569999,31.3595575100001],[-92.414905759,31.3597407400001],[-92.414852115,31.359887325],[-92.414806518,31.359957181],[-92.4152866329999,31.3603671590001],[-92.4156889649999,31.360465644],[-92.415957185,31.3607141480001],[-92.416466805,31.3611790900001],[-92.416544589,31.3612684130001],[-92.416858408,31.3615924970001],[-92.417502138,31.3621948540001],[-92.417858871,31.362726208],[-92.419057813,31.364448869],[-92.419114146,31.364529809],[-92.419536458,31.365129247],[-92.419940266,31.3657024180001],[-92.422606994,31.369531235],[-92.423427138,31.3707087450001],[-92.42361221,31.3709629470001],[-92.424011859,31.3714152430001],[-92.4246663179999,31.372065628],[-92.4254334299999,31.37270227],[-92.426643106,31.373716764],[-92.4278661929999,31.3747541480001],[-92.429150971,31.3758647990001],[-92.429789337,31.376725831],[-92.430111203,31.377099096],[-92.43018094,31.3772880170001],[-92.4302694529999,31.377407095],[-92.430395517,31.3775147220001],[-92.43072811,31.3777208170001],[-92.431106302,31.377961262],[-92.432273063,31.378597863],[-92.432396444,31.378696329],[-92.432482275,31.378790216],[-92.432602975,31.3789253210001],[-92.433396908,31.380141259],[-92.4339789479999,31.380978208],[-92.434070143,31.381145368],[-92.434059414,31.381294209],[-92.4345770799999,31.381488846],[-92.4350813359999,31.3817269910001],[-92.436092528,31.382154047],[-92.4364304869999,31.382339523],[-92.4369937499999,31.382610868],[-92.437237832,31.382803213],[-92.4378118239999,31.3834054340001],[-92.438106867,31.3838153080001],[-92.438898119,31.384989966],[-92.43897322,31.385099875],[-92.439351412,31.3858749570001],[-92.4395794,31.3862493300001],[-92.439726921,31.386514939],[-92.439871761,31.3868286320001],[-92.43993077,31.3870598940001],[-92.4399173589999,31.38740793],[-92.4399039479999,31.3878326700001],[-92.439877125,31.3882688570001],[-92.4399093119999,31.388547053],[-92.4399549089999,31.3887416760001],[-92.440072926,31.3889912500001],[-92.4402097189999,31.389156106],[-92.440536948,31.389415983],[-92.440893683,31.3895648110001],[-92.441384527,31.389750273],[-92.441690299,31.389879638],[-92.4420631259999,31.3901543960001],[-92.442747089,31.3910633790001],[-92.4433908189999,31.391849859],[-92.4441579309999,31.3925001040001],[-92.455307874,31.400231713],[-92.4656504709999,31.407456768],[-92.468010815,31.4090134250001],[-92.469834718,31.4101305390001],[-92.471465501,31.410991257],[-92.47322503,31.4119069060001],[-92.474276456,31.413078923],[-92.4747270669999,31.414012864],[-92.475199136,31.415734222],[-92.475210365,31.4158902830001],[-92.47534934,31.4178217830001],[-92.4759930699999,31.4197811180001],[-92.47736636,31.4218869000001],[-92.477602395,31.4223446720001],[-92.48273905,31.4305222140001],[-92.484232816,31.432900284],[-92.4847478,31.434072039],[-92.485134038,31.435536713],[-92.4851769529999,31.4362324250001],[-92.487265303,31.4505379010001],[-92.487751874,31.453870657],[-92.4879235349999,31.454493015],[-92.488481435,31.456186173],[-92.490112218,31.46043266],[-92.490798863,31.4625924380001],[-92.491228017,31.465008401],[-92.4916571699999,31.4705539],[-92.493373784,31.4902167230001],[-92.4932879529999,31.4913145720001],[-92.4932235799999,31.492110504],[-92.493073376,31.492988767],[-92.4927300539999,31.493940208],[-92.4925037689999,31.4944639340001],[-92.492279442,31.494983123],[-92.491721543,31.49636451],[-92.491547557,31.497095211],[-92.491421135,31.4977916180001],[-92.4913138479999,31.498852786],[-92.49129239,31.499987124],[-92.491535205,31.5011011600001],[-92.491743001,31.5020545130001],[-92.492880257,31.506920929],[-92.493009004,31.509518686],[-92.493137749,31.511155967],[-92.4934596149999,31.511997464],[-92.494725617,31.514585933],[-92.495325819,31.5145655920001],[-92.495841416,31.5156652040001],[-92.49663535,31.518098089],[-92.49727908,31.5201467850001],[-92.4977940639999,31.521820463],[-92.4988669479999,31.523613003],[-92.505475911,31.5359495020001],[-92.5095443609999,31.5403505690001],[-92.511054906,31.541984557],[-92.5159687129999,31.546995184],[-92.521032723,31.5522158260001],[-92.522799283,31.5540891920001],[-92.5229639139999,31.554263774],[-92.5232693409999,31.554720343],[-92.52328321,31.5547328870001],[-92.523586186,31.5551780210001],[-92.524187001,31.5561836840001],[-92.524701986,31.557774436],[-92.525066765,31.5600416690001],[-92.526010076,31.5667194820001],[-92.525045308,31.566769907],[-92.525474461,31.5690277800001],[-92.525946531,31.5712764580001],[-92.526724885,31.573774929],[-92.527187297,31.575495862],[-92.527903984,31.577924903],[-92.528101394,31.5786547450001],[-92.528574267,31.579307348],[-92.528998861,31.579829245],[-92.529272469,31.5796673850001],[-92.5296157919999,31.5800695460001],[-92.529830369,31.580307186],[-92.5301951499999,31.580672784],[-92.5304526419999,31.581056661],[-92.53083888,31.581824409],[-92.531225117,31.5830856950001],[-92.531890305,31.5847491050001],[-92.531966477,31.5851662380001],[-92.532190713,31.5863942080001],[-92.531632813,31.586467322],[-92.531783017,31.587235026],[-92.532061967,31.588130672],[-92.533510778,31.5911841820001],[-92.53498021,31.5942811530001],[-92.536719281,31.5978635860001],[-92.536864632,31.598203423],[-92.537787312,31.5979292760001],[-92.5380271989999,31.598621887],[-92.5419968689999,31.6075037680001],[-92.547511491,31.619372367],[-92.552017602,31.6289648170001],[-92.5524682129999,31.630371626],[-92.552704247,31.631467827],[-92.552854451,31.635185677],[-92.5532192319999,31.637825535],[-92.553584012,31.639213941],[-92.554141912,31.641497461],[-92.5546568949999,31.6428310100001],[-92.555536661,31.6446760260001],[-92.5568884939999,31.646904611],[-92.564206011,31.6590633550001],[-92.566247098,31.6624548120001],[-92.567617329,31.664731362],[-92.5680250249999,31.6655166840001],[-92.568389806,31.666557681],[-92.568540384,31.667154425],[-92.568733129,31.667918265],[-92.5690764509999,31.6693701410001],[-92.569291028,31.6714702990001],[-92.570094915,31.6833948350001],[-92.570535573,31.689931384],[-92.573999564,31.7336478880001],[-92.574183377,31.73596766],[-92.5752562609999,31.748841677],[-92.5758903609999,31.756572475],[-92.57665101,31.7658461400001],[-92.577080163,31.7709085610001],[-92.5784749109999,31.7875259460001],[-92.578904065,31.7925871800001],[-92.579097184,31.7940097470001],[-92.5795048799999,31.795286391],[-92.579805288,31.796426238],[-92.58014861,31.797484002],[-92.5811785779999,31.7990523890001],[-92.583854555,31.8038175020001],[-92.5843328559999,31.8046691860001],[-92.5854486549999,31.807276868],[-92.585856351,31.808772149],[-92.58604461,31.8104665190001],[-92.586092385,31.8108965000001],[-92.586113843,31.81568295],[-92.5861353,31.8201774290001],[-92.586101857,31.827697878],[-92.586070928,31.834653087],[-92.586306962,31.8366401220001],[-92.586542996,31.838444823],[-92.5867146579999,31.8390828400001],[-92.5870365229999,31.8395021060001],[-92.587143811,31.839930485],[-92.5870365229999,31.840404433],[-92.586843404,31.841115351],[-92.5864571659999,31.842528057],[-92.585899266,31.844132136],[-92.585255536,31.844843025],[-92.5849122129999,31.8455356810001],[-92.584547433,31.8463376980001],[-92.584375772,31.847212617],[-92.5843543139999,31.847923483],[-92.5843543139999,31.848698137],[-92.5845688909999,31.849627715],[-92.58466827,31.85015163],[-92.5859207239999,31.856754165],[-92.586028013,31.859032325],[-92.585555944,31.8625405820001],[-92.585555944,31.867105673],[-92.585598859,31.868599985],[-92.585555944,31.869875597],[-92.5856632319999,31.8723812150001],[-92.585856351,31.873811663],[-92.586006555,31.874795653],[-92.586306962,31.875451641],[-92.5875300499999,31.877128032],[-92.592768222,31.882684284],[-92.592123439,31.8831390600001],[-92.593098315,31.884161256],[-92.594106826,31.885227124],[-92.597808274,31.889116986],[-92.598580751,31.889959617],[-92.600469026,31.8919636790001],[-92.60177701,31.89320662],[-92.603258523,31.8946144390001],[-92.6068419539999,31.8979619400001],[-92.610318097,31.901268331],[-92.611294421,31.9023613270001],[-92.614792021,31.906232249],[-92.616395088,31.907954577],[-92.6165086349999,31.908076572],[-92.617656621,31.9095155750001],[-92.6186329449999,31.9113598320001],[-92.619459066,31.91430146],[-92.619808354,31.9162854730001],[-92.620381745,31.9195424260001],[-92.620607051,31.9204621820001],[-92.620821628,31.920981248],[-92.621111306,31.921591375],[-92.6215619179999,31.922146861],[-92.622012529,31.9226385980001],[-92.6229566659999,31.9235446650001],[-92.623450192,31.9239089100001],[-92.624222668,31.9242549410001],[-92.625424298,31.9246647140001],[-92.626025113,31.924837729],[-92.6267010289999,31.924937895],[-92.627323302,31.925015296],[-92.628739509,31.92505172],[-92.6347047419999,31.9251245680001],[-92.635605964,31.925170098],[-92.635997887,31.9251660740001],[-92.636102411,31.925170246],[-92.636171894,31.92517302],[-92.6361845879999,31.9251714480001],[-92.6362198099999,31.9251670890001],[-92.636376378,31.9251694490001],[-92.6365393719999,31.925252051],[-92.637354764,31.925461489],[-92.637837562,31.92561629],[-92.638438376,31.9258348320001],[-92.638803157,31.925916785],[-92.641860875,31.925971421],[-92.6512700649999,31.925994186],[-92.651742133,31.926076139],[-92.65195671,31.9261854100001],[-92.652342948,31.9264130560001],[-92.652589711,31.9266680200001],[-92.6527077279999,31.926841031],[-92.652793559,31.927068676],[-92.652836474,31.927296321],[-92.652857932,31.9278062430001],[-92.652986678,31.929017297],[-92.653021113,31.9294322860001],[-92.653040322,31.929663792],[-92.653222713,31.9329781490001],[-92.653297815,31.934812832],[-92.653405021,31.935661985],[-92.65342656,31.9358325900001],[-92.65352312,31.9364426180001],[-92.653619679,31.9373121290001],[-92.6535016619999,31.939510908],[-92.653484095,31.9400205630001],[-92.653415832,31.9420009730001],[-92.653372917,31.9443726180001],[-92.653254899,31.9488517180001],[-92.6532111179999,31.9509729110001],[-92.6532012549999,31.951450771],[-92.653192254,31.9535777400001],[-92.6531905259999,31.953986028],[-92.653147611,31.9578547780001],[-92.653124346,31.9592223550001],[-92.653086053,31.9614733440001],[-92.653072509,31.962269505],[-92.6529759489999,31.970807076],[-92.6529899609999,31.9782452200001],[-92.653696736,31.978213842],[-92.6537049309999,31.97844902],[-92.653737696,31.979389355],[-92.653812798,31.9817554840001],[-92.6540273749999,31.984094252],[-92.6542526809999,31.986646807],[-92.654413613,31.9886715110001],[-92.654767665,31.992375012],[-92.6550036989999,31.995345893],[-92.655229005,31.997852643],[-92.655432853,31.9998134090001],[-92.655640901,32.001954573],[-92.655876334,32.004377584],[-92.656891974,32.0148293980001],[-92.657288941,32.0192140930001],[-92.6573276949999,32.0196927270001],[-92.6574498739999,32.021201692],[-92.657589349,32.023553099],[-92.657921943,32.0250084840001],[-92.658243807,32.027819132],[-92.6582867229999,32.028592272],[-92.658168706,32.030324992],[-92.658007773,32.0310799210001],[-92.657610807,32.0317120550001],[-92.656688127,32.033203691],[-92.655743989,32.034508853],[-92.654767665,32.0358503780001],[-92.653544577,32.037437443],[-92.6524927569999,32.0366832130001],[-92.652278575,32.036964509],[-92.651945981,32.037464727],[-92.651785048,32.0377648570001],[-92.65149537,32.0382741660001],[-92.65121642,32.038737997],[-92.651194963,32.038965365],[-92.651087674,32.0399066620001],[-92.651076946,32.040561471],[-92.651119861,32.041070764],[-92.651227149,32.041507299],[-92.6512807929999,32.041784679],[-92.651484641,32.042266682],[-92.652353677,32.043539885],[-92.6529759489999,32.04442657],[-92.653855714,32.0455542390001],[-92.655293378,32.0475594540001],[-92.6556259719999,32.048205115],[-92.655808362,32.048459741],[-92.6561516849999,32.0494645950001],[-92.65665594,32.0512105600001],[-92.660593423,32.0653907490001],[-92.6607543549999,32.0665636190001],[-92.660883102,32.067850122],[-92.660657796,32.070318521],[-92.660335931,32.0750005670001],[-92.660293016,32.075718763],[-92.660454939,32.078940179],[-92.660464944,32.079804327],[-92.660465232,32.079829278],[-92.660479615,32.081071476],[-92.660217914,32.082504978],[-92.660121354,32.0843548500001],[-92.660089167,32.084941165],[-92.65998188,32.0852320490001],[-92.6599604209999,32.085486571],[-92.660046252,32.0857501830001],[-92.6633829199999,32.093994487],[-92.663854989,32.0947216220001],[-92.6644128889999,32.095394217],[-92.664842042,32.095766869],[-92.6652390089999,32.096080441],[-92.667266759,32.097089317],[-92.669690894,32.098132641],[-92.672066453,32.0991550150001],[-92.67259899,32.099384204],[-92.674283421,32.1001658870001],[-92.675184611,32.100693017],[-92.676085891,32.101465558],[-92.676826192,32.102301632],[-92.677448455,32.103337754],[-92.6786608209999,32.1056597780001],[-92.6818687049999,32.11182581],[-92.682383709,32.113098075],[-92.6828128349999,32.1146292440001],[-92.683166861,32.116569342],[-92.6841003,32.122048627],[-92.684379227,32.122920955],[-92.684722563,32.123720543],[-92.6851303079999,32.12426572],[-92.685430705,32.124629144],[-92.6861495369999,32.1252560990001],[-92.687104356,32.125928467],[-92.687844658,32.1264236480001],[-92.688724468,32.127032408],[-92.689196533,32.127423132],[-92.689700757,32.127995522],[-92.6902264509999,32.1287950660001],[-92.69124568,32.130884726],[-92.701307814,32.152326615],[-92.702178356,32.154181696],[-92.702285705,32.154608581],[-92.7025646319999,32.15582572],[-92.7028220889999,32.1569338630001],[-92.703004537,32.1584280210001],[-92.703508761,32.163359852],[-92.7039057269999,32.167092617],[-92.704827043,32.1767466530001],[-92.7072852789999,32.2025053240001],[-92.7080470499999,32.210312408],[-92.708175779,32.211610509],[-92.708336757,32.21240932],[-92.7087122519999,32.2141657660001],[-92.7088517609999,32.214451764],[-92.709034119,32.215413954],[-92.709109218,32.215904089],[-92.7091843169999,32.216267148],[-92.709256003,32.2171243620001],[-92.709174795,32.2172452020001],[-92.709172639,32.21752838],[-92.70935797,32.2190058740001],[-92.7095598129999,32.220614998],[-92.709591973,32.2212231290001],[-92.709549123,32.2219174360001],[-92.709409615,32.222566444],[-92.709066279,32.2234105270001],[-92.708562054,32.224980728],[-92.708358226,32.225557064],[-92.708186558,32.226255897],[-92.708218718,32.227018254],[-92.708240188,32.227830608],[-92.708186558,32.2289105940001],[-92.707993421,32.229636681],[-92.7078325319999,32.230135859],[-92.7076393949999,32.2310388390001],[-92.7075535159999,32.2316105780001],[-92.7076393949999,32.2322005500001],[-92.7077681229999,32.232763162],[-92.707993421,32.23351194],[-92.708272347,32.234292397],[-92.708559453,32.234733636],[-92.7087122519999,32.2349685190001],[-92.709077058,32.235576554],[-92.709677852,32.236620127],[-92.710385994,32.237768165],[-92.710621981,32.238639309],[-92.7106486609999,32.238817032],[-92.7106880009999,32.239079336],[-92.710764446,32.239588948],[-92.710814031,32.2399195],[-92.710957268,32.240645054],[-92.7111048249999,32.2413209210001],[-92.7113515029999,32.24295433],[-92.711898756,32.242854494],[-92.712059645,32.243798224],[-92.712242003,32.2444062000001],[-92.7124673,32.2449233790001],[-92.712832106,32.245358955],[-92.71334711,32.2457945300001],[-92.7140766319999,32.246157469],[-92.7149779119999,32.246375293],[-92.7153855669999,32.246475049],[-92.716154557,32.246593863],[-92.717177347,32.2467518290001],[-92.717970431,32.247004379],[-92.718090038,32.2470427320001],[-92.7184540329999,32.2472781120001],[-92.71866864,32.247632004],[-92.71942561,32.248775278],[-92.719795127,32.249333372],[-92.72044964,32.2504993310001],[-92.721275731,32.2512433280001],[-92.7221876999999,32.2521597730001],[-92.722874283,32.2530217390001],[-92.72308889,32.2534391200001],[-92.72311036,32.2539653630001],[-92.723604114,32.262415042],[-92.723768521,32.2641663370001],[-92.723872131,32.2652700150001],[-92.7239297419999,32.2663912190001],[-92.723935463,32.266502538],[-92.7240115499999,32.2669619380001],[-92.724451455,32.2714615510001],[-92.724644593,32.273498036],[-92.724784011,32.2747544470001],[-92.724761284,32.275150841],[-92.7246802559999,32.2754077110001],[-92.724546946,32.2756089830001],[-92.724338806,32.2758808890001],[-92.724202083,32.276016918],[-92.723694714,32.27654979],[-92.7227670239999,32.277434916],[-92.721254261,32.278759248],[-92.7203509,32.2795692620001],[-92.716392544,32.283121136],[-92.716170564,32.2829314960001],[-92.712209853,32.2863965620001],[-92.7112080849999,32.287262658],[-92.710419515,32.287703004],[-92.710123936,32.2879986820001],[-92.7099104319999,32.2881691960001],[-92.7093895469999,32.289002258],[-92.709746281,32.289203607],[-92.709055575,32.2904870560001],[-92.7084547599999,32.2926229280001],[-92.708079251,32.2943279620001],[-92.707768115,32.2951260510001],[-92.70744625,32.295661131],[-92.7064842729999,32.298574166],[-92.706469925,32.298617612],[-92.705364278,32.3023481270001],[-92.703219089,32.3095856790001],[-92.702211058,32.312786325],[-92.702049646,32.313298833],[-92.701867255,32.3141420920001],[-92.701781425,32.314613588],[-92.701845797,32.31486747],[-92.7019852719999,32.315157619],[-92.702114018,32.3154387010001],[-92.70238224,32.3160008610001],[-92.703358564,32.3193737500001],[-92.7041203109999,32.3220801310001],[-92.706330451,32.3284944270001],[-92.708594235,32.3359824880001],[-92.7086800659999,32.336426675],[-92.708787354,32.3369343150001],[-92.70901266,32.337405693],[-92.709280881,32.337994912],[-92.7097529499999,32.338792617],[-92.710343036,32.339889451],[-92.7107936469999,32.3405330410001],[-92.711169156,32.341140368],[-92.71150175,32.3415573360001],[-92.716269054,32.347287454],[-92.718024882,32.349397802],[-92.7183360179999,32.3499234970001],[-92.7185720529999,32.3504219980001],[-92.718786629,32.351065513],[-92.718797359,32.351636516],[-92.71859351,32.352755852],[-92.718496951,32.353036816],[-92.7183038319999,32.3533540330001],[-92.718105927,32.3535978420001],[-92.7180463399999,32.3536712500001],[-92.717413339,32.354328337],[-92.71647993,32.3552709080001],[-92.7151066389999,32.35666209],[-92.714098129,32.357731517],[-92.712542447,32.3599564310001],[-92.708047064,32.367129251],[-92.70036597,32.378829873],[-92.697500619,32.3831946650001],[-92.696835431,32.3842909600001],[-92.696041497,32.386179998],[-92.694453629,32.3901119710001],[-92.692246185,32.395251412],[-92.6915139279999,32.396956275],[-92.690108451,32.4001359150001],[-92.6896792969999,32.4014222330001],[-92.689529093,32.402246554],[-92.6893467039999,32.403994814],[-92.6893681609999,32.4052991930001],[-92.690054806,32.412821652],[-92.690076264,32.413500952],[-92.689979705,32.4145425350001],[-92.689443263,32.4168068070001],[-92.6891321269999,32.4176853280001],[-92.6885527689999,32.4191932860001],[-92.6880699719999,32.419981218],[-92.687308224,32.4212038580001],[-92.686664494,32.4220008290001],[-92.686052951,32.422707229],[-92.6853341189999,32.423477017],[-92.677802476,32.4316816510001],[-92.675495776,32.4342669530001],[-92.674079048,32.43579114],[-92.6727813799999,32.4371872130001],[-92.670442494,32.4398131020001],[-92.669702204,32.4406370730001],[-92.662857207,32.448287865],[-92.662417325,32.448677177],[-92.661827239,32.4491841870001],[-92.661569747,32.449401476],[-92.661322983,32.4495644420001],[-92.6607221689999,32.4498632140001],[-92.659863862,32.4503521090001],[-92.659284505,32.4506146630001],[-92.65545431,32.4523755660001],[-92.654381427,32.4530726750001],[-92.6537162389999,32.453774305],[-92.6529330339999,32.4546343600001],[-92.652192744,32.4560511710001],[-92.6516241159999,32.457101316],[-92.650514959,32.4590855800001],[-92.6505083169999,32.459097462],[-92.6462918839999,32.466488706],[-92.64605585,32.4671992840001],[-92.645744714,32.468457491],[-92.645573052,32.4691182680001],[-92.6455181599999,32.469654151],[-92.645122441,32.473517293],[-92.6448542209999,32.474721104],[-92.644704017,32.475200815],[-92.644231948,32.4760425630001],[-92.643974455,32.476395552],[-92.64274064,32.478237408],[-92.642483148,32.478834759],[-92.642375859,32.479459257],[-92.642311486,32.4802014100001],[-92.642697724,32.487830742],[-92.642697724,32.4882198840001],[-92.642579707,32.4886271240001],[-92.642386588,32.489052461],[-92.6421934689999,32.489256079],[-92.641946705,32.489536619],[-92.6413673489999,32.4902379660001],[-92.639682921,32.4921383600001],[-92.637236747,32.494807893],[-92.6368075939999,32.495377986],[-92.63655155,32.496147283],[-92.636475911,32.4964449940001],[-92.636468835,32.4965443830001],[-92.6364474809999,32.4968442790001],[-92.636957797,32.5049604440001],[-92.6370972719999,32.5071636320001],[-92.637226018,32.5087786660001],[-92.637354764,32.509439147],[-92.63748351,32.510176529],[-92.6376444429999,32.51094557],[-92.637837562,32.511786984],[-92.638137969,32.5133386040001],[-92.638234529,32.5139809570001],[-92.638298901,32.5145961650001],[-92.638309631,32.5147183010001],[-92.6383669209999,32.5147140070001],[-92.638425147,32.5153904960001],[-92.638867685,32.515421028],[-92.638867529,32.515423974],[-92.638813886,32.5175183430001],[-92.638803157,32.519074387],[-92.638878259,32.5194995800001],[-92.6389533609999,32.51974384],[-92.6392644969999,32.5203182990001],[-92.639554176,32.520852044],[-92.639800938,32.521340554],[-92.639853352,32.521881943],[-92.6398609569999,32.52200565],[-92.639842758,32.5222121360001],[-92.6397794809999,32.5230367500001],[-92.6397553409999,32.5233646770001],[-92.639731201,32.523859958],[-92.639674875,32.524547468],[-92.639610502,32.5256262130001],[-92.6395434459999,32.5266518010001],[-92.6395783149999,32.526825935],[-92.6395649039999,32.527113141],[-92.639436159,32.5289234300001],[-92.6394231579999,32.529114474],[-92.639384118,32.529688208],[-92.639339599,32.5303424620001],[-92.6392591319999,32.5305663400001],[-92.639218899,32.5311509050001],[-92.639066013,32.5333805870001],[-92.6389962759999,32.5345338490001],[-92.638907763,32.5356283030001],[-92.638880941,32.536115602],[-92.638880941,32.536230925],[-92.638880941,32.536639079],[-92.638888988,32.536833544],[-92.638964089,32.5373615390001],[-92.638983824,32.5374901910001],[-92.639200124,32.5389002800001],[-92.6392089889999,32.538952538],[-92.639215963,32.5390039800001],[-92.6392418459999,32.539143154],[-92.639283,32.5392173920001]]]},"properties":{"id":"uniti-regional-20260919-d9a8cdf330e3c4f14e99","sourceId":"uniti-regional-20260919","source":"Uniti Wholesale regional transport network","sourceUrl":"https://www.unitiwholesale.com/network-map/","name":"Uniti Wholesale regional transport network","carrier":"Uniti Wholesale","category":"unknown","routeStatus":"Publisher network map; current operating status unverified","evidence":"publisher_route","geometryQuality":"publisher_geometry_unverified","dataDate":null,"metadataModified":"2025-06-13T12:55:45+00:00","retrievedAt":"2026-09-19T13:31:26.703698+00:00","networkType":"Carrier-published regional transport geometry; not a surveyed cable alignment","serviceability":"Unconfirmed","routeDiversity":"Unconfirmed","states":["LA"],"publishedLineParts":1,"importBatch":"20260919","sourceRecordIds":["95720"]},"bbox":[-92.724784011,31.3055654550001,-92.4107536989999,32.5392173920001]},{"type":"Feature","geometry":{"type":"MultiLineString","coordinates":[[[-92.515674443,32.526286553],[-92.515768967,32.526294078],[-92.515788759,32.526358867]],[[-92.649911776,32.529055214],[-92.649969766,32.529059085],[-92.650628249,32.5290997910001],[-92.65068023,32.529102704]],[[-92.632908791,32.528192786],[-92.635007502,32.5283164210001],[-92.6368480529999,32.5284068010001],[-92.637081182,32.5284073380001]],[[-92.637081183,32.5284073330001],[-92.637699958,32.528470482],[-92.638176057,32.5284887330001],[-92.639275105,32.528554946],[-92.640606869,32.5286359020001],[-92.640919909,32.5286435200001],[-92.641686419,32.528670995],[-92.642791976,32.5287305310001],[-92.6439324149999,32.528786009],[-92.6449565029999,32.5288479160001],[-92.646198571,32.5288888690001],[-92.6481656729999,32.52901468],[-92.649167527,32.529061977],[-92.649367924,32.529023437],[-92.649911776,32.529055214]],[[-92.515951489,32.526315583],[-92.516160304,32.5263374140001],[-92.5166638319999,32.526535274],[-92.5186550669999,32.5267640380001],[-92.520743254,32.5270179120001],[-92.522561114,32.527217943],[-92.5241717429999,32.5273922740001],[-92.5278081609999,32.527794671],[-92.5395621339999,32.529127717],[-92.540701901,32.529257304],[-92.542057498,32.529334621],[-92.542765655,32.5293820300001],[-92.544482058,32.5295004160001],[-92.546195149,32.529608769],[-92.548782437,32.5297776140001],[-92.551312993,32.5299545760001],[-92.554898333,32.530192132],[-92.559467286,32.5305001990001],[-92.559694425,32.530691442],[-92.562001387,32.5307969610001],[-92.563965856,32.5309133690001],[-92.56699632,32.531120704],[-92.570537391,32.531353747],[-92.572045778,32.5314464310001],[-92.5738195879999,32.5315520730001],[-92.576237439,32.5316883890001],[-92.577380567,32.531789965],[-92.579459923,32.531939477],[-92.5808050319999,32.532024424],[-92.58117824,32.53194138],[-92.581932642,32.5319892420001],[-92.5828513549999,32.53204608],[-92.584254545,32.532146561],[-92.586131896,32.5322727820001],[-92.587754963,32.5323774610001],[-92.588931653,32.5324559860001],[-92.593284397,32.532717301],[-92.5940898899999,32.532724343],[-92.595016195,32.532735936],[-92.59583875,32.5327350680001],[-92.597437713,32.532737829],[-92.59813374,32.5327158110001],[-92.599457112,32.532661228],[-92.601200746,32.5325352350001],[-92.601883426,32.5324980660001],[-92.602947484,32.5323768100001],[-92.603688957,32.5323009530001],[-92.6041118699999,32.532233835],[-92.605396037,32.532073951],[-92.607106136,32.531788363],[-92.607637079,32.5317100440001],[-92.608603005,32.5315468090001],[-92.609371808,32.531385207],[-92.6102933669999,32.531153208],[-92.610969263,32.530984687],[-92.611578798,32.53079875],[-92.612455056,32.530522144],[-92.613976311,32.530039856],[-92.614871852,32.529741706],[-92.615836515,32.5293965600001],[-92.616567586,32.5291720540001],[-92.617610852,32.5288667230001],[-92.618835626,32.5285542250001],[-92.62001765,32.5283221980001],[-92.6209290639999,32.528191845],[-92.621667238,32.5280896630001],[-92.622414562,32.5280084360001],[-92.6229912599999,32.527965867],[-92.6237709929999,32.5279160790001],[-92.624372174,32.527887462],[-92.625156052,32.5278376530001],[-92.626998041,32.527902097],[-92.628410871,32.527980987],[-92.62994789,32.5280702200001],[-92.630918526,32.5280901080001],[-92.632908791,32.528192786]],[[-92.6524703699999,32.529037913],[-92.6508489999999,32.528964122],[-92.65068023,32.529102704]],[[-92.515788759,32.526358867],[-92.5158286919999,32.5263027450001],[-92.515951489,32.526315583]],[[-92.640968935,32.539675388],[-92.640270196,32.5395285440001],[-92.639740729,32.5354160460001],[-92.636358705,32.535249789],[-92.636431037,32.534269146],[-92.6364612519999,32.533798173],[-92.636432459,32.5336256890001],[-92.6364499739999,32.5331993140001],[-92.636517192,32.5328395290001],[-92.636544338,32.532468199],[-92.636577174,32.5322501680001],[-92.63661135,32.53145436],[-92.636619223,32.531294416],[-92.63663112,32.531263369],[-92.6366839199999,32.530425011],[-92.6366446069999,32.5302670200001],[-92.636687982,32.5296158900001],[-92.636696488,32.5295979520001]],[[-92.64887377,32.5393671300001],[-92.6428829929999,32.539406704]],[[-92.682307937,32.540380785],[-92.6818518589999,32.540382515],[-92.680964149,32.540384504],[-92.679378489,32.5403655960001],[-92.678683528,32.540334053],[-92.677441666,32.5402924480001],[-92.677444884,32.540024616],[-92.6771464879999,32.5400100320001],[-92.676822746,32.5396513000001],[-92.67678069,32.5395803070001],[-92.6763084,32.5395648480001],[-92.676256048,32.539576879],[-92.675627961,32.539721179],[-92.674895402,32.5397520590001],[-92.674324156,32.539739335],[-92.672623309,32.539668379],[-92.6725871739999,32.539667384],[-92.6723238179999,32.539660095],[-92.671693424,32.539642669],[-92.67139256,32.539634123],[-92.670930706,32.539620808],[-92.670668303,32.539613236],[-92.668457582,32.5395692550001],[-92.664985896,32.5394971710001],[-92.6648777629999,32.539496398],[-92.664616242,32.539494593],[-92.664064528,32.539490771],[-92.663033589,32.539483633],[-92.66264597,32.539480935],[-92.6598168689999,32.539461293],[-92.659622267,32.5394638760001],[-92.6593684049999,32.539466287],[-92.6592188399999,32.5394668700001],[-92.658924548,32.539467915],[-92.658731754,32.5394672670001],[-92.658572174,32.5394668540001],[-92.658340197,32.539465007],[-92.658119117,32.5394624090001],[-92.657949937,32.539459852],[-92.657749353,32.5394562170001],[-92.65746167,32.539449795],[-92.6571274779999,32.539440601],[-92.656714081,32.5394266000001],[-92.655587555,32.5393737380001],[-92.655307916,32.539287823],[-92.655263174,32.539274076],[-92.655093468,32.5392219230001],[-92.654429185,32.5390178260001],[-92.654194495,32.5389457050001],[-92.65399942,32.538886259],[-92.6534460459999,32.5387176570001],[-92.6531836189999,32.5386865020001],[-92.6527917619999,32.538726221],[-92.6524188389999,32.5388200350001],[-92.651914247,32.538994411],[-92.6517714079999,32.539043753],[-92.650534689,32.5394710840001],[-92.6502595809999,32.5394606610001],[-92.649184281,32.539461714],[-92.6488722779999,32.539450351]],[[-92.733767001,32.5432577810001],[-92.733732446,32.5432544710001],[-92.7314880799999,32.543024023],[-92.731097392,32.542983892],[-92.727865536,32.5426524050001],[-92.726724089,32.5425353910001],[-92.724695246,32.542326759],[-92.7243810149999,32.5422943620001],[-92.723032104,32.542156047],[-92.722617644,32.542113547],[-92.72111139,32.54195912],[-92.7211159249999,32.5419222080001]],[[-92.7211159249999,32.5419222080001],[-92.721119743,32.5418911190001],[-92.718533841,32.5416290360001],[-92.716189516,32.541415563],[-92.715611322,32.541262696],[-92.715204319,32.541108836],[-92.714751416,32.5408518580001],[-92.714072195,32.540171496],[-92.713876409,32.539893068],[-92.714268127,32.539294805],[-92.7139489039999,32.539324214],[-92.712568591,32.5400205400001],[-92.711056855,32.5408556850001],[-92.704101071,32.54015041],[-92.7013334169999,32.5400981380001],[-92.698081346,32.540044096],[-92.697838469,32.540100857],[-92.6904726779999,32.540320104],[-92.6884600019999,32.540331882],[-92.685133191,32.5403747450001],[-92.682437356,32.540383503]],[[-92.636696488,32.5295979520001],[-92.636454078,32.5296342570001]],[[-92.682437356,32.540383503],[-92.682479455,32.540362719],[-92.683399451,32.540361588],[-92.683403475,32.5401377360001],[-92.683174147,32.5400303320001]],[[-92.6823079329999,32.540380783],[-92.682307794,32.5403163660001],[-92.683074905,32.5403073210001],[-92.683070882,32.540138867],[-92.683174147,32.5400303320001]],[[-92.6488722779999,32.539450351],[-92.6488737719999,32.5393671250001]],[[-92.6428829929999,32.539406709],[-92.640968935,32.539675388]],[[-92.6488722779999,32.539450351],[-92.648852404,32.5394496330001],[-92.648753101,32.5394457360001],[-92.648421808,32.539433452],[-92.648064643,32.539420227],[-92.6472202419999,32.5394276260001],[-92.647185988,32.539428473],[-92.646377565,32.539413956],[-92.646024385,32.53940721],[-92.644097597,32.539324767],[-92.64380232,32.539309487],[-92.643647575,32.5393659930001],[-92.643598955,32.539478301],[-92.6437162349999,32.539823867],[-92.64341682,32.539819972],[-92.643087609,32.5398189800001],[-92.641594127,32.5398152180001],[-92.641512668,32.5398347280001],[-92.641367073,32.539855095],[-92.641162707,32.539855629],[-92.641027752,32.5398380230001],[-92.64096799,32.539825598],[-92.640914792,32.5398074170001],[-92.6396843859999,32.539171819],[-92.639678481,32.539116203],[-92.63949745,32.5390887200001],[-92.638703009,32.539096354],[-92.6378785429999,32.5391042520001],[-92.637458457,32.538983433],[-92.637374711,32.5389791770001],[-92.637156881,32.539090667],[-92.636923832,32.5392099530001],[-92.636379652,32.539467802],[-92.636264441,32.539489874],[-92.636196582,32.5395089520001],[-92.6360599239999,32.5395378480001],[-92.635825258,32.539522333],[-92.6338828789999,32.539392892],[-92.632332235,32.539295005],[-92.631440791,32.5392985920001],[-92.6310326669999,32.539205124],[-92.630948059,32.539640099],[-92.630915283,32.53977753],[-92.6265903239999,32.5397598710001],[-92.6232455379999,32.539743756],[-92.6209896349999,32.539739183],[-92.6195560149999,32.5397359520001],[-92.619454046,32.5397382510001],[-92.619343977,32.539733832],[-92.6192629349999,32.539726165],[-92.61913335,32.539705849],[-92.6189560779999,32.5396607230001],[-92.618896934,32.539646095],[-92.618134095,32.5394845070001],[-92.618095818,32.5394687510001]],[[-92.618095818,32.5394687510001],[-92.617686277,32.5393001690001],[-92.617568765,32.5392054070001],[-92.6175092879999,32.5390923360001],[-92.617516318,32.5389577060001],[-92.617387832,32.538885152],[-92.614782301,32.539719715],[-92.612790076,32.539712894],[-92.612785505,32.539712889],[-92.6122782309999,32.539711105],[-92.610545249,32.539705053],[-92.6099156939999,32.539702842],[-92.607925703,32.539695631],[-92.6053173059999,32.5396862630001],[-92.60201697,32.539674769],[-92.5983567929999,32.539661268],[-92.598119963,32.5396616250001],[-92.5860994559999,32.5396170540001],[-92.585333938,32.539613568],[-92.585012093,32.5396106160001],[-92.583148796,32.539603546],[-92.58243141,32.539600265],[-92.5777716429999,32.539579057],[-92.577253763,32.539578984],[-92.569508,32.539549368]],[[-92.569508,32.539549368],[-92.569494836,32.5395493200001],[-92.568423088,32.5395447270001],[-92.5668267349999,32.5395378740001],[-92.565812156,32.539533498],[-92.565411161,32.5395317700001],[-92.55715205,32.539496264],[-92.5566301869999,32.539494007],[-92.555194367,32.539473399],[-92.554816795,32.539471819],[-92.55481622,32.539471845],[-92.5544648969999,32.539483008],[-92.5542729049999,32.5394908050001],[-92.553703207,32.53948566],[-92.552528878,32.5394767700001],[-92.551418467,32.539467318],[-92.550412431,32.539458601],[-92.549910914,32.53945516],[-92.54696037,32.5394317220001],[-92.546625631,32.5394290780001],[-92.540705684,32.5393820350001],[-92.540323448,32.5393789730001],[-92.536436752,32.5393482280001],[-92.529433562,32.539292517],[-92.528525417,32.539285245],[-92.523590655,32.539231731],[-92.523371515,32.539235428],[-92.522394585,32.53927665],[-92.520272379,32.539212494]],[[-92.520272379,32.539212494],[-92.520248666,32.539211767],[-92.520079567,32.539206666],[-92.515327535,32.5387168880001],[-92.51491154,32.53866157],[-92.5117556,32.5382538270001],[-92.511584025,32.538161073],[-92.511401668,32.5379555920001],[-92.511187337,32.5373837770001],[-92.510945417,32.5358417890001],[-92.5109058579999,32.53580156],[-92.5108507999999,32.5357430660001]],[[-92.6111473189999,32.5483941260001],[-92.611144253,32.548398956],[-92.610645329,32.549260369],[-92.610409252,32.549714849],[-92.610141104,32.5502619330001],[-92.6098567879999,32.5507955360001],[-92.609835318,32.550908586],[-92.6098620879999,32.5509673450001],[-92.609786989,32.551211542],[-92.6097172789999,32.5512612900001],[-92.6096582599999,32.5513652540001],[-92.60961002,32.551555159],[-92.6094928799999,32.552006674],[-92.6094275729999,32.5522582890001],[-92.609288154,32.5527782500001],[-92.608875109,32.5542749690001],[-92.6085478529999,32.555547769],[-92.608290306,32.556576369],[-92.6081024,32.5573742060001],[-92.6080703979999,32.557510087],[-92.607952359,32.557962178],[-92.6077646109999,32.5586607910001],[-92.607405195,32.5598792430001],[-92.6069224409999,32.561760077],[-92.606643514,32.5628428900001],[-92.606583114,32.563045936],[-92.606380577,32.5637268020001],[-92.605924682,32.5654718870001],[-92.6055062469999,32.566975131],[-92.6052058499999,32.5680849840001],[-92.604959083,32.569041143],[-92.604921533,32.569380224],[-92.604787415,32.56968766],[-92.604674766,32.569845882],[-92.604545948,32.570044833],[-92.604213391,32.570747743],[-92.603762796,32.571518552],[-92.602990335,32.572881571],[-92.60253965,32.573631999],[-92.601584831,32.5753090640001],[-92.601107376,32.57630133],[-92.601134236,32.5764053400001],[-92.6012361049999,32.5764369820001],[-92.601203945,32.5766087420001],[-92.601064437,32.576644926],[-92.601005508,32.5767307680001],[-92.600967958,32.576834778],[-92.60076943,32.5776822920001],[-92.6006674719999,32.578649703],[-92.60082306,32.5839835200001],[-92.60082306,32.5885645290001],[-92.60076943,32.5891430140001],[-92.600678251,32.5902797640001],[-92.600608542,32.5906797690001],[-92.600511973,32.59097805],[-92.600431484,32.591226679],[-92.600345605,32.591384863],[-92.600216877,32.591723861],[-92.5999861889999,32.591646964],[-92.599739422,32.592148684],[-92.5995463739999,32.592483137],[-92.599181568,32.593088767],[-92.598516366,32.5942571030001],[-92.5987416629999,32.594311293],[-92.598677344,32.5944423770001],[-92.598527146,32.594709009],[-92.59814626,32.5953824360001],[-92.5977278249999,32.596121399],[-92.5966174169999,32.5980195610001],[-92.5980510429999,32.5988183150001],[-92.5985615339999,32.598232464],[-92.5997510829999,32.5984179020001],[-92.6018373049999,32.5984377870001],[-92.6023024,32.598397565],[-92.604762633,32.598263949],[-92.608287481,32.5983266110001],[-92.609849063,32.598437335],[-92.6109136319999,32.598662464],[-92.612662164,32.599211043],[-92.61477199,32.5996530310001],[-92.6168725479999,32.6000028650001],[-92.617526082,32.6001953430001],[-92.618468074,32.6002455060001],[-92.619457273,32.6002052860001],[-92.620506553,32.599803523],[-92.621245769,32.599231381],[-92.6223095829999,32.598180949],[-92.623203916,32.5974936900001],[-92.623794002,32.5968661700001],[-92.6240262809999,32.596434338],[-92.624804524,32.5950357850001],[-92.625442548,32.5940079490001],[-92.6255138349999,32.5939436370001],[-92.626068113,32.5936147240001],[-92.6265839019999,32.593416088],[-92.628270743,32.5930443500001],[-92.628872899,32.592818369],[-92.629558204,32.5924920510001],[-92.630604548,32.5916890620001],[-92.63116431,32.5913420200001],[-92.632040454,32.591088351],[-92.633238462,32.5908171680001],[-92.6346389779999,32.590576153],[-92.636237632,32.590368519],[-92.637190429,32.590214573],[-92.6383854869999,32.590063952],[-92.6394912279999,32.5899685850001],[-92.640045506,32.5900363810001],[-92.640322713,32.59010915],[-92.641082717,32.590415589],[-92.642055548,32.5907955760001],[-92.642378491,32.5908519700001],[-92.643001434,32.590959878],[-92.6436630009999,32.5910502730001],[-92.6449563629999,32.59116835],[-92.6459338939999,32.5912486880001],[-92.646824924,32.591351624],[-92.648009583,32.5914916040001],[-92.648003549,32.5916146530001],[-92.648328481,32.591599381],[-92.6483029999999,32.5907690000001],[-92.6482999999999,32.59007],[-92.64834,32.589767],[-92.6483249999999,32.5886780000001],[-92.648323,32.588664],[-92.648183,32.587322],[-92.64815,32.586708],[-92.648152362,32.585281498],[-92.6481439999999,32.584706],[-92.6480979999999,32.5843130000001],[-92.648013,32.584035],[-92.647544,32.5829580000001],[-92.647014,32.58182],[-92.6469759999999,32.581738],[-92.646734,32.5811630000001],[-92.646447,32.580569],[-92.646155,32.5798080000001],[-92.646018,32.579386],[-92.6457579999999,32.578586],[-92.645405,32.577415],[-92.645002,32.5762560000001],[-92.644804,32.5758020000001],[-92.644802,32.5757970000001],[-92.644016,32.573993],[-92.643833,32.5734800000001],[-92.643672,32.572972],[-92.643592359,32.5726875020001],[-92.6433719999999,32.571216],[-92.6433039999999,32.570541],[-92.643263,32.5700170000001],[-92.6432139999999,32.569332],[-92.6431899999999,32.5691140000001],[-92.6431320029999,32.5685769950001],[-92.643077026,32.567965975],[-92.6428640349999,32.5671310110001],[-92.642664969,32.5665420120001],[-92.642463027,32.565972012],[-92.642443983,32.5659069800001],[-92.6423100439999,32.5654540200001],[-92.6422370109999,32.565151036],[-92.642208984,32.564747965],[-92.642207008,32.564355037],[-92.642373016,32.5630900080001],[-92.642462039,32.562312009],[-92.6426189749999,32.5609510250001],[-92.642822982,32.559479025],[-92.642841038,32.5590859980001],[-92.6428399599999,32.559080017],[-92.642771958,32.558709021],[-92.642601997,32.5581089880001],[-92.6425129739999,32.557819002],[-92.642536959,32.5577560080001],[-92.6424720109999,32.5576859720001],[-92.642358014,32.5573130020001],[-92.642359991,32.5571829990001],[-92.642303037,32.5571340120001],[-92.642163978,32.5566800230001],[-92.6421188689999,32.556544693],[-92.64189098,32.555861007],[-92.641303033,32.5540980170001],[-92.640978022,32.553037965],[-92.640678973,32.55195102],[-92.640570996,32.5510070220001],[-92.6404749659999,32.5494649680001],[-92.6404749659999,32.5494620150001],[-92.640176007,32.5494649680001],[-92.639999038,32.5484010000001],[-92.6396750159999,32.5470519960001],[-92.639548982,32.546268028],[-92.6394889749999,32.5458969790001],[-92.6394848309999,32.5458163760001],[-92.6393979759999,32.544126978],[-92.6393570119999,32.543707001],[-92.639259006,32.543449985],[-92.6391029689999,32.543224017],[-92.639340034,32.543177975],[-92.639375967,32.543190016],[-92.639400042,32.5431890310001],[-92.639418008,32.543179035],[-92.639431034,32.543165026],[-92.639433998,32.543142005],[-92.639309042,32.541242985],[-92.639312995,32.541242985],[-92.63949697,32.541242985],[-92.639504965,32.541153019],[-92.639549971,32.541100994],[-92.639615009,32.5410539660001],[-92.6397299929999,32.5410010320001],[-92.640114023,32.540857981],[-92.6402229879999,32.540831021],[-92.640388009,32.540801033],[-92.640561024,32.540787023],[-92.640774358,32.5407805020001],[-92.6407223579999,32.539674502]],[[-92.64068875,32.5396227220001],[-92.639283,32.5392173920001]],[[-92.623768667,32.533103173],[-92.6237087709999,32.533288327],[-92.6239447569999,32.533564502],[-92.623928,32.5336090000001],[-92.62233,32.5342870000001],[-92.621339946,32.5350716720001],[-92.620400234,32.5360462520001],[-92.618928001,32.537652001],[-92.617380999,32.5392380000001],[-92.6178753579999,32.5395405020001],[-92.618176969,32.5396170700001],[-92.61844519,32.5395582790001],[-92.619346412,32.5395537570001],[-92.6198021769999,32.539604452],[-92.620810899,32.5397210830001],[-92.621830163,32.5397029590001],[-92.6218676889999,32.540838084],[-92.618761697,32.5408245090001],[-92.617839039,32.541005424],[-92.617275704,32.5412405610001],[-92.616492554,32.5413671790001],[-92.6158434289999,32.54139429],[-92.614087254,32.54375759],[-92.6111473189999,32.5483941260001]]]},"properties":{"id":"uniti-regional-20260919-d791fc2dc8cb6939c729","sourceId":"uniti-regional-20260919","source":"Uniti Wholesale regional transport network","sourceUrl":"https://www.unitiwholesale.com/network-map/","name":"Uniti Wholesale regional transport network","carrier":"Uniti Wholesale","category":"unknown","routeStatus":"Publisher network map; current operating status unverified","evidence":"publisher_route","geometryQuality":"publisher_geometry_unverified","dataDate":null,"metadataModified":"2025-06-13T12:55:45+00:00","retrievedAt":"2026-09-19T13:31:26.703698+00:00","networkType":"Carrier-published regional transport geometry; not a surveyed cable alignment","serviceability":"Unconfirmed","routeDiversity":"Unconfirmed","states":["LA"],"publishedLineParts":24,"importBatch":"20260919","sourceRecordIds":["2954","2956","2959","2961","2969","2974","2977","59628","59631","59633","59635","59636","59641","59645","59646","59647","59650","64154","64159","64160","64166","95721","96080","96081"]},"bbox":[-92.733767001,32.526286553,-92.5108507999999,32.6002455060001]},{"type":"Feature","geometry":{"type":"MultiLineString","coordinates":[[[-92.465360667,32.52069],[-92.466711936,32.520843099],[-92.4709217179999,32.521253188],[-92.473246824,32.521534171],[-92.478040374,32.5220614630001],[-92.47939737,32.5222132600001],[-92.490881979,32.52347633],[-92.500090903,32.5245951900001],[-92.507406261,32.525444898],[-92.514314932,32.5261993760001],[-92.514677565,32.5262108250001],[-92.515082706,32.52623944],[-92.515674444,32.526286554]],[[-92.462409651,32.520352567],[-92.462425949,32.5203783360001],[-92.462455732,32.520381182],[-92.465237073,32.520692991],[-92.465271366,32.520698673],[-92.46527192,32.52069915],[-92.4653606699999,32.52069]],[[-92.2210793739999,32.4997804590001],[-92.222612676,32.499890539],[-92.22615107,32.500139302],[-92.229575273,32.500374196],[-92.23284726,32.500604068],[-92.235459204,32.5007932420001],[-92.2382663879999,32.500970497],[-92.242841112,32.501301084],[-92.2461270479999,32.5015216240001],[-92.24849239,32.5016978000001],[-92.250706522,32.501849113],[-92.252483528,32.501981911],[-92.256926442,32.502288832],[-92.260612387,32.502547249],[-92.264169223,32.50279913],[-92.266929331,32.5029843340001],[-92.270523739,32.503235821],[-92.27269076,32.503382585],[-92.276815759,32.503677231],[-92.2781385329999,32.5037652710001],[-92.281016553,32.5039580320001],[-92.283420953,32.5041344520001],[-92.2870276519999,32.50438139],[-92.289021717,32.5045272620001],[-92.29206735,32.504732292],[-92.29520296,32.504949664],[-92.296595784,32.5050457900001],[-92.299391488,32.50525027],[-92.3033098769999,32.505505064],[-92.306414876,32.505731133],[-92.309230925,32.5059267990001],[-92.311337449,32.506081005],[-92.3130050409999,32.5061851640001],[-92.3152221829999,32.50634467],[-92.317550604,32.5065195020001],[-92.320230816,32.506700483],[-92.323523198,32.506929625],[-92.325365808,32.5070401310001],[-92.3277497399999,32.5072189260001],[-92.3311438979999,32.507448853],[-92.3351934459999,32.5077230050001],[-92.338699252,32.5079560890001],[-92.3409727759999,32.50812547],[-92.344538551,32.50837073],[-92.347488546,32.5085723440001],[-92.349110978,32.508680032],[-92.351784413,32.508868557],[-92.354648815,32.509080059],[-92.356367964,32.5092330890001],[-92.358364412,32.509361868],[-92.358905378,32.5093991960001],[-92.3606098549999,32.509499034],[-92.363151922,32.5096737150001],[-92.3642234659999,32.509756509],[-92.364906703,32.50981439],[-92.366259844,32.509944079],[-92.36713201,32.5100593440001],[-92.3686440829999,32.510256959],[-92.370548307,32.510540762],[-92.373084406,32.51087469],[-92.374840808,32.511105156],[-92.37560641,32.5112080260001],[-92.3777780839999,32.511498019],[-92.3809264509999,32.5119429600001],[-92.382676039,32.5121232170001],[-92.38544985,32.512505606],[-92.387621462,32.512781751],[-92.3906156359999,32.513200967],[-92.3917744679999,32.513332919],[-92.393645012,32.513505997],[-92.394866195,32.5136131720001],[-92.3955577569999,32.513679064],[-92.39665295,32.5137697860001],[-92.397871653,32.5138810600001],[-92.399116325,32.5139963830001],[-92.4030028869999,32.514313783],[-92.405661944,32.514541953],[-92.408892061,32.5148265500001],[-92.412734127,32.515164697],[-92.414755941,32.515347928],[-92.4157833199999,32.5154425210001],[-92.417658811,32.515598894],[-92.419931611,32.5157945190001],[-92.421468831,32.5159263420001],[-92.4236964689999,32.5161104320001],[-92.426027935,32.5163241220001],[-92.4291462569999,32.5165653010001],[-92.433066033,32.516965003],[-92.4346349429999,32.517163689],[-92.440255685,32.5178052900001],[-92.441094834,32.5179154200001],[-92.444397947,32.518304153],[-92.4465178789999,32.518521492],[-92.448109946,32.518705939],[-92.44907403,32.518840616],[-92.452381833,32.519203803],[-92.454365867,32.519441392],[-92.4549668499999,32.519502859],[-92.455407882,32.519556107],[-92.456937205,32.519740117],[-92.4581831669999,32.5198853320001],[-92.459865775,32.520081909],[-92.461934444,32.520346062],[-92.4624096539999,32.5203525680001]],[[-92.463779151,32.530777324],[-92.4637322309999,32.5307704780001],[-92.4599027089999,32.5302124560001],[-92.4587600259999,32.530045908],[-92.458055324,32.529943202],[-92.456060655,32.5296524450001],[-92.4550131229999,32.5294997510001],[-92.454549551,32.529390273],[-92.454361091,32.529346527],[-92.454233398,32.529317699],[-92.453983614,32.529280327],[-92.453887672,32.5292722510001],[-92.4536011979999,32.5292481720001],[-92.452683983,32.5291669900001],[-92.4512298719999,32.5290287810001],[-92.448149212,32.528712291],[-92.447864598,32.5286746900001],[-92.444280713,32.528238635],[-92.443272775,32.5281107690001],[-92.442951428,32.5280699900001],[-92.442490379,32.528011502],[-92.4410312959999,32.5276301280001],[-92.440723508,32.527528611],[-92.439000365,32.5269602430001],[-92.4378775279999,32.5265902400001],[-92.4367879279999,32.5262312040001],[-92.436587848,32.526160324],[-92.436348032,32.52607686],[-92.436047702,32.5259746890001],[-92.43582332,32.5259000240001],[-92.435612367,32.525831119],[-92.435261539,32.525719307],[-92.4350322779999,32.525648075],[-92.4348276919999,32.525585737],[-92.434469545,32.525479358],[-92.4342160309999,32.525406159],[-92.433648314,32.525248484],[-92.4327420499999,32.52499075],[-92.43163893,32.52476819],[-92.4297051839999,32.5243780270001],[-92.427290753,32.523890806],[-92.4269691799999,32.523825904],[-92.4255646839999,32.5235424530001],[-92.42535299,32.5234967430001],[-92.4214535999999,32.5227125530001],[-92.421216005,32.5226644640001],[-92.42094,32.52260862],[-92.419785777,32.522375029],[-92.419567001,32.522342322],[-92.417649645,32.5220586780001],[-92.4171249569999,32.521980765],[-92.415203145,32.5217361050001],[-92.413264134,32.5215539960001],[-92.412930434,32.521618338],[-92.4127653669999,32.521609789],[-92.407074194,32.521608676],[-92.403262215,32.5215933210001],[-92.402627409,32.521582327],[-92.401990751,32.5215874840001],[-92.395007028,32.5215553730001]],[[-92.395007028,32.5215553730001],[-92.3949888019999,32.5215552970001],[-92.394892579,32.5215548630001],[-92.394220353,32.5215518000001],[-92.391554802,32.521542332],[-92.391116165,32.5215376260001],[-92.389621351,32.521511413],[-92.3894075009999,32.521473444],[-92.3892699199999,32.52151823],[-92.387710979,32.521538241],[-92.3747788589999,32.521595091],[-92.372654767,32.5215796680001],[-92.3722302469999,32.5215769160001],[-92.3671585119999,32.5215376680001],[-92.3668001459999,32.5215378030001],[-92.365887338,32.521532596],[-92.365705219,32.5215331690001],[-92.364675878,32.521285444],[-92.364425699,32.5211693700001],[-92.364202773,32.521043316],[-92.363945125,32.520817505],[-92.3637770779999,32.520812531],[-92.3636881639999,32.520880204],[-92.3633460609999,32.521053169],[-92.363239205,32.521080813],[-92.362936374,32.521156196],[-92.362230889,32.521265859],[-92.361742958,32.5212607710001],[-92.361504262,32.521282651],[-92.3605897479999,32.521305617],[-92.358966206,32.521244386],[-92.358461624,32.521225335],[-92.355626102,32.5211183380001],[-92.3543874759999,32.521071557],[-92.3537025259999,32.5210456790001],[-92.35368245,32.5210449240001],[-92.352159038,32.520986771],[-92.3444570239999,32.520579721],[-92.341374601,32.520413901],[-92.3387467759999,32.520214276],[-92.337447857,32.5201142240001],[-92.3374263269999,32.5201127190001],[-92.337237957,32.520098187],[-92.337026661,32.5200739200001],[-92.334481325,32.5197797700001],[-92.334255215,32.5197567700001],[-92.333649697,32.5196096390001],[-92.333212056,32.519501217],[-92.332798687,32.519450997],[-92.331622145,32.519069341],[-92.3313526479999,32.5189388910001],[-92.331239431,32.5188170640001],[-92.331183412,32.518721837],[-92.3311710839999,32.5185972350001],[-92.331173671,32.5185858740001],[-92.3308360459999,32.5185079230001],[-92.330258549,32.5187604810001],[-92.3298685249999,32.518931315],[-92.329762866,32.518914087],[-92.329154827,32.518577307],[-92.325941552,32.5174026110001],[-92.325403533,32.5172654990001],[-92.325024678,32.5170835220001],[-92.324416457,32.5169759030001],[-92.324405712,32.5169727320001]],[[-92.324405712,32.5169727320001],[-92.320199428,32.515735686],[-92.319657427,32.515574412],[-92.3167931529999,32.51467789],[-92.315739316,32.514348037],[-92.312778964,32.5134188980001],[-92.3116805129999,32.513078079],[-92.310376551,32.5126762470001],[-92.310025227,32.5125679820001],[-92.309210504,32.512316922],[-92.309151984,32.5123004870001],[-92.308711369,32.5121630950001],[-92.305177699,32.511095358],[-92.305098041,32.5110713170001],[-92.304436229,32.5108713120001],[-92.3019673269999,32.5103178680001],[-92.300914686,32.5101220280001],[-92.300349033,32.510017788],[-92.298156133,32.50978551],[-92.2952776769999,32.509729065],[-92.294809308,32.509719643],[-92.292911685,32.509728303],[-92.292853368,32.5097289340001],[-92.291922494,32.509733324],[-92.290044285,32.509742811],[-92.289652812,32.509744813],[-92.288028835,32.5097530040001],[-92.2877672869999,32.5097543300001],[-92.28246368,32.509781488],[-92.282157674,32.5097830500001],[-92.2784776239999,32.509801924],[-92.277433457,32.5098079900001],[-92.2707869989999,32.5098423580001],[-92.269610466,32.509553348],[-92.269510486,32.5095291150001],[-92.269425029,32.509529323],[-92.26831313,32.5098058470001],[-92.268265002,32.509817501],[-92.268041234,32.509873551],[-92.264355778,32.5098812420001],[-92.264044665,32.5098819300001],[-92.25925219,32.509892418],[-92.256567697,32.5098986370001],[-92.2557735139999,32.5099003070001],[-92.253039056,32.509905492],[-92.2527940479999,32.509905971],[-92.251756327,32.5099079440001],[-92.251332286,32.5099087360001],[-92.2507963319999,32.509909742],[-92.250246825,32.5099223550001],[-92.248221643,32.5096339510001],[-92.248027765,32.509601821],[-92.247816443,32.509545874],[-92.247762461,32.509519884],[-92.247750044,32.509514046],[-92.247737625,32.509508273]],[[-92.5108507999999,32.5357430660001],[-92.510834481,32.5357792560001],[-92.510732419,32.53593492],[-92.5104782079999,32.536204185],[-92.509506743,32.537233121],[-92.509349732,32.537381294],[-92.50916052,32.5375453670001],[-92.508657156,32.537712743],[-92.508480596,32.537656306],[-92.507189678,32.537503281],[-92.506752537,32.53743247],[-92.505805891,32.537279159],[-92.504857251,32.537125517],[-92.5043386899999,32.537041706],[-92.502897103,32.536809442],[-92.501045194,32.5365110700001],[-92.499077053,32.5362063000001],[-92.498350496,32.5360947070001],[-92.497604646,32.5359817250001],[-92.496214358,32.535771068],[-92.492369621,32.5351883970001],[-92.4913073609999,32.535027405],[-92.491034084,32.534985976],[-92.490698223,32.534935061],[-92.4900092189999,32.534830637],[-92.4897259799999,32.5347876930001],[-92.48793205,32.534515753],[-92.486699259,32.534328846],[-92.486219024,32.534198308],[-92.485924863,32.5341212330001],[-92.485033308,32.534029208],[-92.4838680299999,32.533841015],[-92.483548248,32.533789352],[-92.482826262,32.533672745],[-92.482296302,32.533587143],[-92.479487537,32.533133439],[-92.474250785,32.532290479],[-92.473658843,32.53203373],[-92.473086979,32.531943433],[-92.4725719259999,32.5319262090001],[-92.472467265,32.531926169],[-92.47226252,32.5318505480001],[-92.4720448309999,32.531979697],[-92.471990476,32.531975555],[-92.4646226569999,32.5309002280001],[-92.464377414,32.530864487],[-92.463779151,32.530777324]]]},"properties":{"id":"uniti-regional-20260919-5417f05ca8dec9be0490","sourceId":"uniti-regional-20260919","source":"Uniti Wholesale regional transport network","sourceUrl":"https://www.unitiwholesale.com/network-map/","name":"Uniti Wholesale regional transport network","carrier":"Uniti Wholesale","category":"unknown","routeStatus":"Publisher network map; current operating status unverified","evidence":"publisher_route","geometryQuality":"publisher_geometry_unverified","dataDate":null,"metadataModified":"2025-06-13T12:55:45+00:00","retrievedAt":"2026-09-19T13:31:26.703698+00:00","networkType":"Carrier-published regional transport geometry; not a surveyed cable alignment","serviceability":"Unconfirmed","routeDiversity":"Unconfirmed","states":["LA"],"publishedLineParts":7,"importBatch":"20260919","sourceRecordIds":["2958","2960","2964","64153","64163","64167","64170"]},"bbox":[-92.515674444,32.4997804590001,-92.2210793739999,32.537712743]},{"type":"Feature","geometry":{"type":"MultiLineString","coordinates":[[[-92.118409765,32.5022329660001],[-92.11847169,32.502221363],[-92.1215615309999,32.500503118],[-92.123379832,32.4994448910001],[-92.125385786,32.498327401],[-92.125691307,32.498160919],[-92.1263114769999,32.497846699],[-92.126999837,32.4974778320001],[-92.127747345,32.4971008840001],[-92.128819806,32.4966202790001],[-92.1293756749999,32.4963781440001],[-92.130083906,32.496123573],[-92.131687273,32.4955906530001],[-92.133153047,32.4951699640001],[-92.1343981589999,32.494880048],[-92.1357115339999,32.4946210030001],[-92.137125788,32.494418416],[-92.139117648,32.494218178],[-92.140483817,32.494158025],[-92.14152831,32.494159204],[-92.14274987,32.4941832490001],[-92.14364833,32.494235662],[-92.1438600129999,32.494343541],[-92.144177851,32.494363902],[-92.145228612,32.4944333660001],[-92.150586106,32.494814257],[-92.157070156,32.495293745],[-92.159906577,32.4954905050001],[-92.160641083,32.4955484110001],[-92.164996158,32.495832232],[-92.16712555,32.495971023],[-92.169421681,32.4961547150001],[-92.175503377,32.4965827230001],[-92.1799079479999,32.4968893330001],[-92.184483354,32.497220026],[-92.1911967139999,32.4976793160001],[-92.192312941,32.4977555020001],[-92.193514347,32.49784822],[-92.198206629,32.498179158],[-92.200247726,32.4983196310001],[-92.2053802899999,32.498678635],[-92.208105662,32.498896793],[-92.2135090199999,32.4992362],[-92.216170484,32.4994353000001],[-92.220227786,32.4997193300001]],[[-92.221079362,32.499780463],[-92.2210714079999,32.4998202720001],[-92.220235964,32.499759453],[-92.220227786,32.4997193300001]],[[-91.990800281,32.495452414],[-91.9952014899999,32.495759707],[-91.996156886,32.4957948850001],[-91.998118253,32.4959493420001],[-92.000029019,32.4961011390001],[-92.001781095,32.4962287910001],[-92.003745505,32.4963829970001],[-92.005743912,32.4965259310001],[-92.007364593,32.49665858],[-92.0094432019999,32.4968183130001],[-92.0109164629999,32.496926682],[-92.012857987,32.49708043],[-92.014826966,32.497227944],[-92.016868535,32.4973963410001],[-92.01896907,32.4975466280001],[-92.020728474,32.497668866],[-92.020965863,32.4976941420001],[-92.0225725019999,32.497824618],[-92.023699965,32.4979181080001],[-92.024833772,32.498003714],[-92.025920315,32.4980832200001],[-92.027061586,32.4981682640001],[-92.028326393,32.4982658380001],[-92.030247752,32.498407854],[-92.032285084,32.4985625040001],[-92.03428343,32.4987134960001],[-92.03631576,32.498871179],[-92.038364843,32.4990227320001],[-92.040421378,32.4991786160001],[-92.042457207,32.4993338670001],[-92.0444737459999,32.4994885780001],[-92.046635254,32.4996657900001],[-92.0492215419999,32.499863883],[-92.051329146,32.5000245350001],[-92.053448391,32.500193632],[-92.055313298,32.50035312]],[[-92.0649849229999,32.500545124],[-92.0650237,32.500517625],[-92.064977138,32.499966108],[-92.064952749,32.4984348350001],[-92.06480365,32.4984208870001]],[[-92.064648219,32.4984213060001],[-92.064726652,32.4984459930001],[-92.064803276,32.498420863]],[[-92.0646482229999,32.4984212960001],[-92.064685594,32.4983605400001],[-92.064800743,32.4983780850001]],[[-92.113620735,32.500759429],[-92.112560608,32.498666981],[-92.1125103809999,32.498423511],[-92.112481385,32.4981941120001],[-92.1121126419999,32.4975224410001]],[[-92.112112646,32.4975224450001],[-92.112052074,32.4975698480001],[-92.1104916149999,32.498521649],[-92.109642331,32.499042376],[-92.1089727029999,32.499471572],[-92.1084978599999,32.499805425],[-92.108204609,32.5000088850001],[-92.107788547,32.500179195],[-92.107420987,32.5002739820001],[-92.106146886,32.5005862350001],[-92.1052817779999,32.50081127],[-92.104583611,32.5007588250001],[-92.1038483309999,32.500707026],[-92.103874901,32.50034824],[-92.103563009,32.5000055900001],[-92.103218061,32.5002491480001],[-92.100441145,32.499969385],[-92.10034745,32.4999528550001],[-92.100289692,32.4998733510001],[-92.100292253,32.49976883],[-92.1003434,32.499694934],[-92.10042236,32.4996295010001],[-92.100535668,32.4995447000001],[-92.1006812909999,32.4994319040001],[-92.100310941,32.499388982],[-92.099764611,32.4992698830001],[-92.099553951,32.4992827670001],[-92.098458878,32.4990007060001],[-92.0983676289999,32.4996013040001],[-92.097482234,32.4995351690001],[-92.095901095,32.4995038000001],[-92.095249021,32.499632035],[-92.0933755779999,32.4995519980001],[-92.0930726009999,32.499194678],[-92.093469525,32.498957843],[-92.093203398,32.498727084],[-92.092270749,32.4989923680001],[-92.0922467409999,32.499358004],[-92.0921673619999,32.499352028],[-92.0889851489999,32.4990876150001],[-92.087463515,32.498919453],[-92.0870983679999,32.4987761270001],[-92.0869632539999,32.498708761],[-92.0869391699999,32.4986967030001],[-92.086474723,32.4984565840001],[-92.0853260809999,32.497033096],[-92.083973176,32.4959865100001]],[[-92.064800743,32.4983780850001],[-92.064932502,32.498383549],[-92.064935936,32.4981958700001],[-92.065780252,32.497044492],[-92.067492838,32.4965681150001],[-92.0681636729999,32.4967118380001],[-92.068784856,32.496845595],[-92.069548793,32.497010091],[-92.070016165,32.4971107260001],[-92.070651942,32.4972476200001],[-92.071039704,32.497331113],[-92.0719143809999,32.4975194510001],[-92.072613427,32.497339315]],[[-92.0726134239999,32.4973393120001],[-92.075092591,32.4979015550001],[-92.080122885,32.498393977],[-92.081734032,32.497715097],[-92.082324926,32.495801075],[-92.083869593,32.495830369],[-92.083971949,32.495943507],[-92.083973176,32.4959865100001]],[[-92.141798609,32.496436659],[-92.1415761119999,32.4962200420001],[-92.141545578,32.4962197020001],[-92.141464704,32.4962203630001],[-92.1412088709999,32.496221238],[-92.137302173,32.496310232],[-92.134966294,32.4967214640001],[-92.133808453,32.496751213],[-92.133245582,32.4966657420001],[-92.133145348,32.496650505],[-92.1330175269999,32.496624215],[-92.1326985809999,32.496550872],[-92.1319233039999,32.4969638360001],[-92.1309120769999,32.496778137],[-92.1298033469999,32.4965979190001],[-92.1294807209999,32.496528884],[-92.128584105,32.496333619],[-92.12853247,32.496317214],[-92.127722309,32.496074298],[-92.1269430029999,32.4956083960001],[-92.125948124,32.4962537810001],[-92.12355051,32.4955307220001],[-92.122326088,32.4953252220001],[-92.121529285,32.495502709],[-92.120299095,32.495281713],[-92.11873622,32.495233209],[-92.1186309939999,32.495230984],[-92.1178190809999,32.495197701],[-92.115763443,32.4957503910001],[-92.115119841,32.495883537],[-92.11494994,32.495935248],[-92.114242669,32.496302257],[-92.113626429,32.496643933],[-92.113577076,32.4966717630001],[-92.112782653,32.4970928060001],[-92.112399179,32.497288258],[-92.112271881,32.4973978680001],[-92.112112646,32.4975224450001]],[[-91.990306999,32.495143001],[-91.990383001,32.495148999],[-91.998405,32.4957590000001],[-91.9995650009999,32.495846999],[-92.009211998,32.4965750000001],[-92.012888999,32.496853],[-92.017694998,32.497238999],[-92.018211,32.497278001],[-92.0270609999999,32.497942],[-92.0341179979999,32.498471001],[-92.036842,32.4986810010001],[-92.0458449989999,32.499374999],[-92.0499629989999,32.499693],[-92.054512561,32.500054688]]]},"properties":{"id":"uniti-regional-20260919-99f4db0fdeae4de8a546","sourceId":"uniti-regional-20260919","source":"Uniti Wholesale regional transport network","sourceUrl":"https://www.unitiwholesale.com/network-map/","name":"Uniti Wholesale regional transport network","carrier":"Uniti Wholesale","category":"unknown","routeStatus":"Publisher network map; current operating status unverified","evidence":"publisher_route","geometryQuality":"publisher_geometry_unverified","dataDate":null,"metadataModified":"2025-06-13T12:55:45+00:00","retrievedAt":"2026-09-19T13:31:26.703698+00:00","networkType":"Carrier-published regional transport geometry; not a surveyed cable alignment","serviceability":"Unconfirmed","routeDiversity":"Unconfirmed","states":["LA"],"publishedLineParts":12,"importBatch":"20260919","sourceRecordIds":["26142","26147","2966","2972","2987","35346","35347","35355","35364","35368","64158","95581"]},"bbox":[-92.221079362,32.494158025,-91.990306999,32.5022329660001]},{"type":"Feature","geometry":{"type":"MultiLineString","coordinates":[[[-92.1142126399999,32.502558482],[-92.114474251,32.5024664690001],[-92.114501924,32.5024664690001],[-92.114541361,32.5025306810001],[-92.114831623,32.5031307200001],[-92.114945371,32.503380254],[-92.11526149,32.5038058910001],[-92.115388608,32.503971774]],[[-92.115388608,32.503971774],[-92.115602291,32.5039780220001],[-92.116388807,32.503549386],[-92.117387951,32.5029971650001],[-92.117578008,32.5028870510001],[-92.1177285059999,32.5026766620001],[-92.118330513,32.5023298080001],[-92.118409765,32.5022329660001]],[[-92.1139700739999,32.502839679],[-92.1139843989999,32.502794646],[-92.113908716,32.502665376],[-92.1142126399999,32.502558482]],[[-92.11433956,32.504371216],[-92.114126906,32.504088116],[-92.114073126,32.5039570670001],[-92.114026231,32.503734997],[-92.113773741,32.503237176],[-92.113570448,32.502800812],[-92.11357122,32.502800522]],[[-92.0553133019999,32.50035312],[-92.055551125,32.5003734590001],[-92.056678118,32.5002370940001],[-92.057082828,32.500162851],[-92.0576127349999,32.500203453],[-92.0579099669999,32.5002261860001],[-92.0584399049999,32.500266717],[-92.0588158039999,32.5002954660001],[-92.0590577089999,32.5003139670001],[-92.063430179,32.500642665],[-92.063476545,32.5006192110001],[-92.063940197,32.500654819],[-92.06576487,32.5007949760001],[-92.068793828,32.501027779],[-92.069536973,32.5010850400001],[-92.0715878459999,32.501240329],[-92.0738762339999,32.501414405],[-92.075598535,32.501544746],[-92.075886525,32.5019431870001],[-92.077677458,32.5020793410001],[-92.078872425,32.5021713510001],[-92.080125927,32.502246541],[-92.0807990879999,32.50233014],[-92.08239101,32.5024778480001],[-92.084193634,32.502605384],[-92.086730078,32.5027913690001],[-92.0879824639999,32.502900396],[-92.0896149389999,32.5030136340001],[-92.0915712509999,32.5031637930001],[-92.0929937239999,32.5032680620001],[-92.0945912399999,32.5033898240001],[-92.095851194,32.503484109],[-92.097411248,32.503605663],[-92.098637065,32.50370601],[-92.099656962,32.503769983],[-92.100603446,32.5038559820001],[-92.1009506619999,32.5038761240001],[-92.101384258,32.503883376],[-92.1016876209999,32.5038818960001],[-92.102196485,32.503892707],[-92.1028727619999,32.5039218900001],[-92.103547224,32.5039741840001],[-92.104118254,32.5040143850001],[-92.105147205,32.5041070240001],[-92.105871935,32.5041604250001],[-92.1064045959999,32.50419506],[-92.1067620049999,32.504221719],[-92.107544596,32.5043079550001],[-92.107877459,32.5043435310001],[-92.1084835349999,32.5043974590001],[-92.109042041,32.504451987],[-92.1100953659999,32.5044944950001],[-92.1103413339999,32.504171773],[-92.111395052,32.504266316],[-92.1116814499999,32.504279061],[-92.112121768,32.5043173890001],[-92.112891025,32.504506733],[-92.113161293,32.5045732510001],[-92.113525682,32.5045398880001],[-92.113889028,32.504475781],[-92.114174458,32.50441426],[-92.114339552,32.5043712250001]],[[-92.11357122,32.502800522],[-92.1138527849999,32.5026948600001],[-92.1139218879999,32.50281522],[-92.1139700749999,32.5028396750001]],[[-92.0800582749999,32.5220718630001],[-92.07994193,32.521889403],[-92.079820148,32.521669635],[-92.079738275,32.5215204900001],[-92.079636822,32.5213171770001],[-92.0795648499999,32.5211281260001],[-92.079526902,32.5210178690001],[-92.079484187,32.5208897250001],[-92.0794371009999,32.520682843],[-92.079365654,32.520251629],[-92.079342502,32.5200245880001],[-92.079341606,32.5197949440001],[-92.0793704759999,32.519454296],[-92.0793916819999,32.5192040760001],[-92.07947038,32.5187767960001],[-92.0796704099999,32.5177254130001],[-92.079692944,32.517635302],[-92.079796706,32.517016648],[-92.080156274,32.515123373],[-92.080191037,32.514935645],[-92.0803180199999,32.5143198690001],[-92.080451554,32.5137015970001],[-92.0806818079999,32.5124729820001],[-92.081124384,32.510140187],[-92.081224441,32.509608002],[-92.081375577,32.508852312],[-92.08166768,32.507377514],[-92.0819589719999,32.505867477],[-92.0821772049999,32.5047000490001],[-92.082482188,32.5021297330001],[-92.081796367,32.501364359]],[[-92.046361086,32.684120433],[-92.046347509,32.6837282720001],[-92.0463085229999,32.6835342040001],[-92.046289024,32.68345372],[-92.046170675,32.682881142],[-92.04615067,32.6827842160001],[-92.0460822699999,32.682453261],[-92.046034452,32.682292843],[-92.045729019,32.6810995710001],[-92.045636783,32.680739166],[-92.045257517,32.6791865810001],[-92.045845447,32.679087173],[-92.045725545,32.678603691],[-92.0456977809999,32.6784322030001],[-92.0456212129999,32.678075301],[-92.045612505,32.677983232],[-92.045254105,32.6764539910001],[-92.045215661,32.6763077040001],[-92.044952947,32.6752678990001],[-92.044859294,32.6749213750001],[-92.044721741,32.674025532],[-92.044710137,32.673801414],[-92.044655126,32.6724852840001],[-92.0447427299999,32.670972466],[-92.044761613,32.670655041],[-92.04482818,32.6703765400001],[-92.045102362,32.6692018150001],[-92.045115837,32.669145407],[-92.045147519,32.66901291],[-92.045168915,32.668937494],[-92.045345356,32.668297184],[-92.0456909439999,32.6672411830001],[-92.045722478,32.667173201],[-92.045865673,32.666864659],[-92.046130456,32.666309229],[-92.046511842,32.6654494900001],[-92.046600062,32.665303382],[-92.0470361499999,32.664526498],[-92.04821685,32.662595109],[-92.049298983,32.660803448],[-92.04934339,32.6607299450001],[-92.049478885,32.6605116640001],[-92.049509705,32.6604606010001],[-92.0500149329999,32.659636189],[-92.050087017,32.6595168480001],[-92.05013056,32.659444744],[-92.050483183,32.6588062110001],[-92.050535386,32.6587259340001],[-92.050836803,32.658226816],[-92.051026854,32.6579121670001],[-92.0516145879999,32.6569389140001],[-92.051658784,32.6568657290001],[-92.052625093,32.655265584],[-92.052669425,32.655192128],[-92.053118199,32.654465744],[-92.053321863,32.654141509],[-92.053920435,32.6531775380001],[-92.0556065979999,32.6504193440001],[-92.057469756,32.64736458],[-92.0577764939999,32.6468557950001],[-92.058085869,32.646420741],[-92.059028687,32.644926535],[-92.059041313,32.644906092],[-92.0592588819999,32.6444212320001],[-92.0599567,32.64286393],[-92.06002063,32.64270594],[-92.060346067,32.6417412970001],[-92.060427216,32.64155753],[-92.0604385239999,32.641531972],[-92.061021453,32.6402043090001],[-92.061105781,32.6400372910001],[-92.06131277,32.639629773],[-92.062163205,32.637957634],[-92.062370699,32.6375130970001],[-92.062380541,32.6374919990001],[-92.062397268,32.637433672],[-92.0629925389999,32.6361432190001],[-92.0630070619999,32.636119465],[-92.06311722,32.635870014],[-92.0634960309999,32.635071796],[-92.063524004,32.6337606660001],[-92.06350522,32.6335717580001],[-92.063346504,32.63210711],[-92.063114892,32.6313124160001],[-92.0631000979999,32.631273235],[-92.062811307,32.6302710090001],[-92.062712888,32.6301410680001],[-92.062561009,32.6294968600001],[-92.062551044,32.6294694210001],[-92.062472038,32.62904754],[-92.0624620349999,32.627397382],[-92.06241912,32.625220826],[-92.0624188369999,32.6251914260001],[-92.062528994,32.6230630480001],[-92.062523083,32.62301519],[-92.0624210659999,32.6221908790001],[-92.0624209919999,32.6221640090001],[-92.062216726,32.620707297],[-92.0621627849999,32.620333514],[-92.062004046,32.6192349790001],[-92.061999944,32.6192084090001],[-92.061694437,32.617338428],[-92.061665293,32.6171841170001],[-92.061619841,32.616872685],[-92.0614502609999,32.615553154],[-92.0614662249999,32.6148551680001],[-92.061401938,32.614052986],[-92.0614017789999,32.6136959520001],[-92.061730061,32.612305382],[-92.0618790569999,32.611942604],[-92.062414821,32.6106208940001],[-92.062438754,32.610603473],[-92.062713651,32.6098781690001],[-92.062925432,32.6093861680001],[-92.062936887,32.6093582770001],[-92.0630801679999,32.609009359],[-92.0630918699999,32.6089808770001],[-92.063664637,32.607594841],[-92.06367693,32.6075742030001],[-92.064246112,32.6062426120001],[-92.064722997,32.6051200480001],[-92.0653158539999,32.603716282],[-92.065330365,32.6036825470001],[-92.06594118,32.6022929750001],[-92.06613972,32.6017300350001],[-92.0664472339999,32.6010099640001],[-92.066596378,32.6005625450001],[-92.0667578279999,32.6000781810001],[-92.067633724,32.5968933390001],[-92.0684847379999,32.59429227]],[[-92.0015169,32.7180416520001],[-92.001517292,32.718028339],[-92.0015848319999,32.71719305],[-92.00168803,32.715783509],[-92.001690385,32.7157566340001],[-92.001697512,32.7156748850001],[-92.001699867,32.715647845],[-92.001804439,32.7145423170001],[-92.001939678,32.713987784],[-92.002152955,32.713059962],[-92.002317609,32.7127257710001],[-92.0026530599999,32.7119382600001],[-92.002815665,32.7115534100001],[-92.002893214,32.71133998],[-92.003113287,32.7109246790001],[-92.0032519109999,32.7106603440001],[-92.003258339,32.7105171790001],[-92.003287644,32.710465656],[-92.003333986,32.7103861210001],[-92.003741835,32.7096209970001],[-92.003796016,32.709525742],[-92.003841108,32.7094617810001],[-92.003969551,32.70932621],[-92.004030442,32.709261929],[-92.004219285,32.7090626240001],[-92.004650342,32.708673633],[-92.00468681,32.708635144],[-92.004772062,32.7085451620001],[-92.004802618,32.708512908],[-92.0048462559999,32.708479206]],[[-92.070544647,32.5866065600001],[-92.0706168179999,32.586260397],[-92.070737015,32.5857996510001],[-92.0708367779999,32.585410547],[-92.070996478,32.584851592],[-92.071056528,32.584641429],[-92.0712262549999,32.584042384],[-92.071535962,32.5830433240001],[-92.071666938,32.58256992],[-92.072037655,32.581156988],[-92.072137861,32.580706035],[-92.072248179,32.580144434],[-92.072300936,32.579850465],[-92.0718681989999,32.579795319],[-92.072021481,32.578897496],[-92.072141383,32.578118128],[-92.0721453369999,32.577896718]],[[-92.068484713,32.59429228],[-92.07054461,32.5866067050001]],[[-92.072145333,32.577896717],[-92.072266115,32.5756796790001],[-92.072554071,32.5739035390001],[-92.072564632,32.5738383020001],[-92.072681275,32.5730793390001],[-92.072683482,32.573065849],[-92.0728295769999,32.5721240240001],[-92.072987655,32.5716889330001],[-92.0729736339999,32.5716025130001],[-92.073144654,32.5712811180001],[-92.073193572,32.571029891],[-92.073176657,32.5709208540001],[-92.073162796,32.5707989250001],[-92.073192309,32.5707489860001],[-92.07319805,32.570568258],[-92.073353295,32.56960502],[-92.073697641,32.567480731],[-92.073691617,32.5673985770001],[-92.0738588839999,32.566287887],[-92.0739338559999,32.565803321],[-92.0744501289999,32.5627943650001],[-92.07446242,32.562681565],[-92.074760386,32.5614746800001],[-92.0747786749999,32.5614067980001],[-92.0757353399999,32.5553545280001],[-92.075751875,32.555264589],[-92.075939116,32.554244818],[-92.076505222,32.551061609]],[[-92.076887395,32.549152287],[-92.077183781,32.547439087],[-92.077301371,32.5472769],[-92.077322397,32.547096013],[-92.077342389,32.54687219],[-92.077370757,32.5465543770001],[-92.077371434,32.5462055460001],[-92.077371434,32.545887533],[-92.0772909739999,32.545463493],[-92.077269197,32.5450724190001],[-92.077290159,32.544710732],[-92.077264521,32.544681972]],[[-92.036466863,32.6909799530001],[-92.041312585,32.688929493],[-92.041763492,32.688733611],[-92.0429571869999,32.687642737],[-92.042987108,32.6876153580001],[-92.044087816,32.6867430520001],[-92.045159541,32.685911532],[-92.045909056,32.685287257],[-92.046145891,32.6848934860001],[-92.046374682,32.684513117],[-92.046361086,32.684120433]],[[-92.081796367,32.5013643610001],[-92.080913314,32.501922881],[-92.074367215,32.501353516],[-92.0713057669999,32.501104792],[-92.071005914,32.501082518],[-92.0693027769999,32.5009576050001],[-92.06807299,32.5008609180001],[-92.067381036,32.5008077700001],[-92.066429866,32.5007347270001],[-92.065832353,32.5006888300001],[-92.065088916,32.5006367080001],[-92.064984924,32.500545125]],[[-92.076887395,32.549152287],[-92.076776648,32.549534463],[-92.0766018049999,32.5505256650001],[-92.076535024,32.550920933],[-92.076505222,32.551061609]],[[-92.0048462559999,32.708479206],[-92.0049374389999,32.7084087850001],[-92.005010903,32.708367406],[-92.005072555,32.7083326640001],[-92.0051600149999,32.708255625],[-92.0055881649999,32.7077779890001],[-92.0056695539999,32.7076876240001],[-92.005835065,32.7075460030001],[-92.005954726,32.7075365790001],[-92.0068619799999,32.7067424790001],[-92.007860413,32.7058620720001],[-92.009096889,32.704796131],[-92.010354733,32.703696477],[-92.010447259,32.703615583],[-92.010985697,32.7030657920001],[-92.011434578,32.7026733880001],[-92.012556976,32.7017477090001],[-92.0131977039999,32.7011607150001],[-92.013298338,32.701092413],[-92.013845486,32.7006184640001],[-92.014108737,32.700384839],[-92.0168215849999,32.69830454],[-92.0170378559999,32.6981389960001],[-92.017098268,32.698108958],[-92.017991025,32.6976684910001],[-92.018329764,32.6974975890001],[-92.019877454,32.696864507],[-92.020064212,32.6967861570001],[-92.02111274,32.6963646460001],[-92.021356316,32.6962813920001],[-92.0216990659999,32.6961861130001],[-92.022300812,32.695966824],[-92.024121567,32.695356917],[-92.024591275,32.695197293],[-92.026262574,32.694626339],[-92.026562723,32.694518422],[-92.028520874,32.693858768],[-92.028611843,32.69382786],[-92.0288238569999,32.6937558160001],[-92.028914372,32.693725042],[-92.0292311799999,32.693620283],[-92.0306893969999,32.6931187220001],[-92.033075845,32.692225503],[-92.033223632,32.692177036],[-92.0346703069999,32.691711453],[-92.0348887119999,32.691636857],[-92.035035089,32.6915761970001],[-92.0351527,32.691527481],[-92.0358918789999,32.6912120910001],[-92.036463597,32.690981331],[-92.036466859,32.6909799470001]],[[-92.077264521,32.544681972],[-92.077291997,32.5446789960001],[-92.077492137,32.5438600800001],[-92.077637524,32.5429814600001],[-92.077706196,32.542558445],[-92.07774055,32.5423495840001],[-92.077804591,32.5419765120001],[-92.077851509,32.5417043190001],[-92.077910376,32.541369063],[-92.077932204,32.541229554],[-92.077994469,32.5408532590001],[-92.078120186,32.5400885440001],[-92.078157126,32.5398637800001],[-92.078233756,32.53936236],[-92.078253784,32.5392202410001],[-92.078262703,32.539177812],[-92.078351453,32.53865053],[-92.078383566,32.538463259],[-92.078481787,32.5379096090001],[-92.0785432659999,32.5375309830001],[-92.078555461,32.5374421240001],[-92.078608563,32.537161422],[-92.078677925,32.536810582],[-92.078751585,32.5364122940001],[-92.0787726729999,32.5362976590001],[-92.0788667319999,32.535786509],[-92.0789244159999,32.535478127],[-92.0790172069999,32.535014192],[-92.0790641249999,32.5347795910001],[-92.0791670039999,32.5342651720001],[-92.079185777,32.534171324],[-92.0793135119999,32.533472674],[-92.079343444,32.533324668],[-92.0793968289999,32.533060715],[-92.0794938449999,32.532580743],[-92.0795832969999,32.5321186200001],[-92.079729189,32.531367602],[-92.0797884259999,32.53106446],[-92.0798309099999,32.5308470570001],[-92.0798415899999,32.5307824810001],[-92.07993279,32.5303162160001],[-92.0800229449999,32.5298452440001],[-92.080101729,32.529398851],[-92.0801706349999,32.5290083200001],[-92.080247819,32.528636885],[-92.08036458,32.528076371],[-92.080445668,32.527647906],[-92.080483669,32.527459428],[-92.080543644,32.527202157],[-92.080570189,32.5270760650001],[-92.080660084,32.526693188],[-92.08075338,32.526303548],[-92.0809366569999,32.5257028670001],[-92.081013163,32.525461492],[-92.081103416,32.5251329560001],[-92.0811192309999,32.5250493400001],[-92.081173319,32.524757601],[-92.0811910319999,32.524580459],[-92.081191426,32.5245227550001],[-92.0811910569999,32.524389794],[-92.081172494,32.5242040630001],[-92.081130182,32.5240069270001],[-92.081107789,32.523936032],[-92.081076292,32.5238362740001],[-92.081011906,32.5236829460001],[-92.080916874,32.5234787360001],[-92.0807536999999,32.5232029960001],[-92.080525143,32.522819978],[-92.080451223,32.5226964560001],[-92.08028747,32.522447511],[-92.080164194,32.522235477],[-92.080055255,32.5220671280001]],[[-92.113352225,32.501370189],[-92.113852784,32.501217032],[-92.113620738,32.5007594300001]],[[-92.1140432,32.501551088],[-92.1143124059999,32.5014544210001]],[[-92.113352221,32.5013701870001],[-92.113141873,32.5009110020001]],[[-92.113141871,32.500911],[-92.112618284,32.501095868],[-92.113052017,32.5019199020001],[-92.1140432,32.501551088]],[[-92.247737625,32.509508273],[-92.2476535979999,32.5094692530001],[-92.247540718,32.5093698000001],[-92.2475186629999,32.5093507090001],[-92.247475799,32.509242347],[-92.247474503,32.50913302],[-92.2472893089999,32.509009792],[-92.247248093,32.5090260000001],[-92.24684017,32.509187362],[-92.2445655769999,32.509976937],[-92.24409459,32.5099680930001],[-92.243742759,32.509964379],[-92.2427452429999,32.5099537930001],[-92.2416319339999,32.5098032230001],[-92.240346659,32.5098334940001],[-92.2387618939999,32.509870947],[-92.237443666,32.509902148],[-92.2365178969999,32.5099239350001],[-92.235394838,32.509950453],[-92.234713095,32.5099665650001],[-92.231347852,32.510037805],[-92.231314823,32.5100415210001],[-92.23063068,32.510052014],[-92.226922764,32.510108948],[-92.2260316059999,32.510122654],[-92.225252907,32.510134561],[-92.2240618179999,32.510143756],[-92.223814179,32.510145661],[-92.222052101,32.510159248],[-92.219001201,32.510182652],[-92.21749628,32.510218708],[-92.216463214,32.510243184],[-92.215675425,32.5101895010001],[-92.21409882,32.509796103],[-92.212346566,32.5098074630001],[-92.2104060949999,32.509829977],[-92.2088812049999,32.509883833],[-92.206933248,32.510063308],[-92.2046894809999,32.5103763160001]],[[-92.2046894809999,32.5103763160001],[-92.20329007,32.5103694630001],[-92.202569258,32.51039774],[-92.201703951,32.51039496],[-92.19642584,32.5105720560001],[-92.1961779439999,32.5105765170001],[-92.194728975,32.5106094660001],[-92.194452127,32.510612055],[-92.193994991,32.510418793],[-92.193189961,32.509919401],[-92.19271059,32.509607477],[-92.19229309,32.509206594],[-92.1919509419999,32.508832356],[-92.191818417,32.508642745],[-92.191743205,32.5085357670001],[-92.1916629569999,32.5085231140001],[-92.191658488,32.508576689],[-92.191536288,32.5088245950001],[-92.1914183709999,32.5090643300001],[-92.1911148409999,32.5095383510001],[-92.190985841,32.5096887340001],[-92.190851545,32.509855352],[-92.190512505,32.5102030470001],[-92.190247458,32.5104212470001],[-92.189956344,32.510672206],[-92.188471696,32.5106941820001],[-92.187137292,32.5107144950001],[-92.178847465,32.510840542],[-92.178098859,32.5108609320001],[-92.176691364,32.510899338],[-92.174547871,32.510947292],[-92.1744621449999,32.510948097],[-92.1728634729999,32.510851261],[-92.171183007,32.510744156],[-92.170694356,32.5107130310001],[-92.166656554,32.5104142820001],[-92.165730125,32.509962952],[-92.165351311,32.509778677],[-92.1629013789999,32.508586822],[-92.162103697,32.5081986640001],[-92.1597274219999,32.507042578],[-92.158950754,32.506362453],[-92.158881692,32.5063232370001],[-92.158693768,32.5062637560001],[-92.158484168,32.506069543],[-92.1582569509999,32.5057977660001],[-92.1579606619999,32.5052874300001],[-92.157395102,32.504065395],[-92.157087265,32.503255746]],[[-92.157087267,32.503255741],[-92.157058908,32.503181122],[-92.156802464,32.503430511],[-92.156767922,32.5034774980001],[-92.156419565,32.5039516730001],[-92.156124679,32.504067568],[-92.156016218,32.5040870060001],[-92.15577561,32.504130145],[-92.154938078,32.503960363],[-92.1547127169999,32.503892686],[-92.154136094,32.503680209],[-92.150101223,32.5011369380001],[-92.149444058,32.5005597800001],[-92.1482358439999,32.4998239810001],[-92.1480483499999,32.499731399],[-92.1476092459999,32.499513802],[-92.147289777,32.4994366760001],[-92.147039639,32.4994274790001],[-92.143674851,32.498644464],[-92.143525604,32.4985809730001],[-92.142594306,32.498334157],[-92.141896354,32.498214458],[-92.140719076,32.4979177120001],[-92.1405688729999,32.497881626],[-92.1404005639999,32.4977596190001],[-92.140233372,32.4975345990001],[-92.1405148759999,32.497347776],[-92.141161578,32.496892561],[-92.1415372769999,32.4966270240001],[-92.141798615,32.4964366610001]]]},"properties":{"id":"uniti-regional-20260919-86c5382114787178b1e6","sourceId":"uniti-regional-20260919","source":"Uniti Wholesale regional transport network","sourceUrl":"https://www.unitiwholesale.com/network-map/","name":"Uniti Wholesale regional transport network","carrier":"Uniti Wholesale","category":"unknown","routeStatus":"Publisher network map; current operating status unverified","evidence":"publisher_route","geometryQuality":"publisher_geometry_unverified","dataDate":null,"metadataModified":"2025-06-13T12:55:45+00:00","retrievedAt":"2026-09-19T13:31:26.703698+00:00","networkType":"Carrier-published regional transport geometry; not a surveyed cable alignment","serviceability":"Unconfirmed","routeDiversity":"Unconfirmed","states":["LA"],"publishedLineParts":25,"importBatch":"20260919","sourceRecordIds":["26138","26139","26140","26141","26143","26144","26145","26146","26150","26151","26152","26153","2962","2976","2981","2985","2990","2991","35354","54178","54179","54180","64155","64161","64162"]},"bbox":[-92.247737625,32.4964366610001,-92.0015169,32.7180416520001]},{"type":"Feature","geometry":{"type":"MultiLineString","coordinates":[[[-91.6479454819999,32.468884855],[-91.649069127,32.4689739030001],[-91.6520623549999,32.469198023],[-91.654808773,32.469419148],[-91.658741431,32.469713832],[-91.661119813,32.4699060660001],[-91.6661257929999,32.470302734],[-91.670321123,32.470607381],[-91.673337754,32.4708289800001],[-91.676595339,32.4710709230001],[-91.679300932,32.471317373],[-91.681561734,32.471488169],[-91.6846765069999,32.471718508],[-91.6885859449999,32.4720183750001],[-91.692355923,32.472319993],[-91.696106882,32.472613507],[-91.698574885,32.472792919],[-91.70290205,32.473138932],[-91.708225811,32.473551693],[-91.7112942699999,32.473788067],[-91.714577333,32.4740426270001],[-91.718010916,32.4743049690001],[-91.721387491,32.4745658800001],[-91.724383507,32.4748075640001],[-91.7269542559999,32.474995446],[-91.729602422,32.4751988240001],[-91.7318836809999,32.4753749380001],[-91.734661422,32.475585089],[-91.7365822089999,32.4757394810001],[-91.7383012239999,32.475878428],[-91.739838258,32.4759955810001],[-91.743314437,32.476261096],[-91.745059888,32.476387281],[-91.749248194,32.4767092060001],[-91.751751854,32.476873685],[-91.752893055,32.4769693320001],[-91.754453271,32.477083107],[-91.7549622399999,32.477164181],[-91.755141113,32.47718007],[-91.7562953779999,32.477269928],[-91.75792568,32.477401902],[-91.761186703,32.4776375710001],[-91.764502217,32.4778976530001],[-91.766776589,32.478072001],[-91.76916332,32.478250243],[-91.773948853,32.47861899],[-91.7780563059999,32.4789370230001],[-91.780281514,32.479106583],[-91.7816325909999,32.479222468],[-91.783498174,32.4793615030001],[-91.787574464,32.4796711440001],[-91.790802064,32.479923183],[-91.793665067,32.4801345870001],[-91.793802635,32.4802428990001],[-91.796546597,32.480440144],[-91.797592123,32.480513601],[-91.798448953,32.480587068],[-91.799242281,32.480656663],[-91.8004501899999,32.480749449],[-91.8018442539999,32.480846066],[-91.8041792079999,32.4810238260001],[-91.805949313,32.481161055],[-91.8079379879999,32.481315572],[-91.809342624,32.481427851],[-91.8104480819999,32.4815151250001],[-91.811323232,32.4815829990001],[-91.8128044489999,32.4816993470001],[-91.814123921,32.481809232],[-91.8151159379999,32.481887038],[-91.816421007,32.4819904290001],[-91.818799795,32.4821727340001],[-91.820815642,32.4823277350001],[-91.824054626,32.48257147],[-91.826400383,32.4827295370001],[-91.828535,32.4829005720001],[-91.8311183229999,32.483106241],[-91.8337803749999,32.483315878],[-91.837819892,32.4836250170001],[-91.841607342,32.483912323],[-91.8446732959999,32.4841629410001],[-91.847264968,32.4843633670001],[-91.8483090829999,32.4844406130001],[-91.851490932,32.484676191],[-91.853821232,32.48485965],[-91.856059702,32.4850210070001],[-91.8590833319999,32.4852673030001],[-91.860641511,32.4853733410001],[-91.861079128,32.485411963],[-91.862292182,32.4855109270001],[-91.863501382,32.485594448],[-91.864856523,32.485694063],[-91.865367136,32.4857812000001],[-91.8669226259999,32.485900617],[-91.869422013,32.4860853590001],[-91.873755795,32.4864226500001],[-91.8778931589999,32.486741846],[-91.882015719,32.4870399760001],[-91.882162603,32.486856544]],[[-91.990800281,32.495452414],[-91.990735951,32.4954470700001],[-91.989891009,32.495378553],[-91.989841696,32.495374127]],[[-91.882162603,32.486856544],[-91.882459626,32.4870404860001],[-91.883324737,32.48710857],[-91.885586425,32.487281792],[-91.887125633,32.487416641],[-91.889768998,32.487609499],[-91.890973813,32.487712178],[-91.89357327,32.487897951],[-91.8955860839999,32.4880581420001],[-91.898789484,32.488314083],[-91.9002229,32.4884355080001],[-91.9046462909999,32.488765965],[-91.907397007,32.488977732],[-91.909016799,32.4890960590001],[-91.9135184899999,32.489450624],[-91.918267212,32.489817917],[-91.920333144,32.4899739210001],[-91.923154411,32.490191226],[-91.926221642,32.490427648],[-91.927399077,32.4905131630001],[-91.928389596,32.490586582],[-91.92920258,32.4906569450001],[-91.932768191,32.4909247630001]],[[-91.9335829949999,32.490987428],[-91.933651584,32.490992728],[-91.935728946,32.4911632700001],[-91.938650615,32.4913930720001],[-91.9416485949999,32.491625039],[-91.944785015,32.4918570250001],[-91.9476968979999,32.4920830040001],[-91.950641909,32.49232141],[-91.9537939959999,32.4925570610001],[-91.9571419379999,32.492807086],[-91.958658223,32.492921669],[-91.960027472,32.493031737],[-91.9624590939999,32.4932287870001],[-91.96465223,32.4933951720001],[-91.966652729,32.4935478560001],[-91.968548039,32.4936798260001],[-91.970499682,32.4938325200001],[-91.972420309,32.4939861660001],[-91.973913326,32.4941014720001],[-91.975928068,32.494254009],[-91.977982445,32.494414541],[-91.979942769,32.4945606060001],[-91.982086301,32.494721054],[-91.984068038,32.4948838330001],[-91.9861949189999,32.495076318],[-91.989841696,32.495374127]],[[-91.9335835099999,32.490988407],[-91.932766778,32.490925061]],[[-91.990307998,32.495143001],[-91.990282001,32.4943129990001],[-91.990291999,32.493094999],[-91.990408998,32.491789],[-91.9904139989999,32.4917359990001],[-91.990391,32.491655999],[-91.9903199999999,32.491589],[-91.990233,32.4915529990001],[-91.989834001,32.4914230000001],[-91.989514998,32.4912599990001],[-91.98931,32.49111],[-91.989202999,32.4909939990001],[-91.989052998,32.490751001],[-91.988835998,32.490295],[-91.988784999,32.490195],[-91.988677998,32.489979001],[-91.988509,32.4897559990001],[-91.988343,32.489582999],[-91.988095002,32.489393001],[-91.988084,32.4893870000001],[-91.987810999,32.489247001],[-91.987562001,32.489159999],[-91.986951,32.489080001],[-91.984240999,32.488845],[-91.9803659999999,32.488509999],[-91.977453999,32.488258],[-91.976405001,32.488164001],[-91.9725440019999,32.487816001],[-91.968629001,32.4874629990001],[-91.964718002,32.487111],[-91.964451002,32.487086999],[-91.960833,32.486785999],[-91.956970998,32.4864639990001],[-91.952970001,32.486131],[-91.949074002,32.4858060010001],[-91.945593999,32.4855160000001],[-91.945196999,32.485481],[-91.9413309989999,32.48514],[-91.936902999,32.484748999],[-91.9354940009999,32.484624001],[-91.932213,32.484346999],[-91.929278,32.484098999],[-91.929039,32.4840789990001],[-91.925960999,32.483817001],[-91.924653001,32.483706001],[-91.922600998,32.483506001],[-91.922074998,32.483462],[-91.921970001,32.4834530000001],[-91.9206280009999,32.48328],[-91.918688001,32.4829740010001],[-91.918190001,32.4829010010001],[-91.9175040009999,32.482801],[-91.914351002,32.482267001],[-91.910573001,32.4816280000001],[-91.907436001,32.481097],[-91.9067210009999,32.480955001],[-91.906567998,32.4809240000001],[-91.9051640009999,32.4807640010001],[-91.9040269989999,32.4806570000001],[-91.902937999,32.4805910000001],[-91.902873998,32.4805910000001],[-91.901849998,32.4805910000001],[-91.899798001,32.480603999],[-91.899004001,32.480601],[-91.8967680009999,32.4805910000001],[-91.895137002,32.480586999],[-91.891256002,32.480576999],[-91.887363001,32.4805660000001],[-91.883467001,32.480556],[-91.8817930019999,32.480551001],[-91.8795989979999,32.480530999],[-91.876096001,32.4804980010001],[-91.875644999,32.480464],[-91.874865,32.4804050010001],[-91.872845,32.4801120010001],[-91.8718079989999,32.479905],[-91.871377002,32.4798190010001],[-91.8694520019999,32.4794460000001],[-91.868027,32.479113001],[-91.866770001,32.478820001],[-91.8644019979999,32.4783150010001],[-91.8641029999999,32.4783010000001],[-91.86385,32.4783150010001],[-91.863470998,32.478408],[-91.863171001,32.4785810010001],[-91.8628399999999,32.478820001],[-91.8622250019999,32.479339999],[-91.861955998,32.4795930000001],[-91.861578,32.4797120000001],[-91.861277998,32.479766],[-91.8611199979999,32.479832],[-91.861067,32.4798660000001],[-91.861009999,32.479924999],[-91.860969002,32.4799790000001],[-91.860944999,32.480017999],[-91.8609299999999,32.480058001]],[[-91.8099680019999,32.4683899990001],[-91.811805998,32.468703001],[-91.812698999,32.468853],[-91.816519001,32.469493001],[-91.8204309989999,32.470148],[-91.821574001,32.4703400000001],[-91.824237001,32.470781],[-91.825998999,32.471073],[-91.82615,32.471043001],[-91.826408001,32.471078001],[-91.826634998,32.4711790010001],[-91.828084998,32.4714190010001],[-91.83192,32.4720540000001],[-91.835772999,32.472693001],[-91.836439002,32.472803001],[-91.8395110019999,32.473327001],[-91.842451999,32.473827999],[-91.843368998,32.473982999],[-91.847168,32.4746249990001],[-91.850642001,32.4752129990001],[-91.851005,32.475279001],[-91.852851,32.4756120000001],[-91.854824002,32.476068001],[-91.8574590009999,32.476677],[-91.857727,32.4767840010001],[-91.857964001,32.476930001],[-91.857965999,32.476931001],[-91.858232,32.4771430000001],[-91.858484999,32.4774360000001],[-91.858611002,32.477769],[-91.858974,32.4788999990001],[-91.859068,32.479072999],[-91.859257999,32.4793530000001],[-91.859509999,32.4795530010001],[-91.8597310009999,32.479658999],[-91.8603150009999,32.4798190010001],[-91.8605039999999,32.479859],[-91.8605469999999,32.479878],[-91.860573002,32.479906],[-91.860580002,32.4799830010001],[-91.860583,32.480058001],[-91.860587002,32.480058001]],[[-91.758520001,32.458507001],[-91.7591649999999,32.458571001],[-91.75938,32.4585920000001],[-91.759490999,32.4585920000001],[-91.759625001,32.4585880010001],[-91.759819001,32.4585480000001],[-91.7600449989999,32.4584370000001],[-91.760486998,32.45829],[-91.76104,32.4580770000001],[-91.761386,32.45795],[-91.761654999,32.4578510000001],[-91.762271001,32.457718001],[-91.762555,32.4576779990001],[-91.763785002,32.457797999],[-91.763948998,32.457813],[-91.767746001,32.458171],[-91.767878,32.4581900000001],[-91.769230002,32.458383999],[-91.770049999,32.4585440010001],[-91.771713001,32.458860999],[-91.7725589999999,32.4590230000001],[-91.7736800019999,32.459369001],[-91.775415999,32.4598159990001],[-91.776267999,32.4600349990001],[-91.7791169989999,32.4607910010001],[-91.780985998,32.4612860010001],[-91.782824998,32.461782],[-91.7865439999999,32.4627859990001],[-91.788735001,32.463377001],[-91.790267999,32.4637880010001],[-91.793152999,32.4645620000001],[-91.793956002,32.4647780010001],[-91.7976799999999,32.465778001],[-91.7991019999999,32.4661599990001],[-91.8014049979999,32.466755],[-91.801832002,32.466865],[-91.804894,32.467531001],[-91.8051800009999,32.4675790000001],[-91.807198002,32.467917],[-91.808956998,32.468217001]],[[-91.7581559989999,32.460149001],[-91.7584859999999,32.4585250010001],[-91.758588,32.457530999],[-91.758586001,32.457451001]]]},"properties":{"id":"uniti-regional-20260919-9b687f3602146e63765b","sourceId":"uniti-regional-20260919","source":"Uniti Wholesale regional transport network","sourceUrl":"https://www.unitiwholesale.com/network-map/","name":"Uniti Wholesale regional transport network","carrier":"Uniti Wholesale","category":"unknown","routeStatus":"Publisher network map; current operating status unverified","evidence":"publisher_route","geometryQuality":"publisher_geometry_unverified","dataDate":null,"metadataModified":"2025-06-13T12:55:45+00:00","retrievedAt":"2026-09-19T13:31:26.703698+00:00","networkType":"Carrier-published regional transport geometry; not a surveyed cable alignment","serviceability":"Unconfirmed","routeDiversity":"Unconfirmed","states":["LA"],"publishedLineParts":9,"importBatch":"20260919","sourceRecordIds":["2984","2992","2995","2997","2998","95582","95583","95584","95586"]},"bbox":[-91.990800281,32.457451001,-91.6479454819999,32.495452414]},{"type":"Feature","geometry":{"type":"MultiLineString","coordinates":[[[-91.958137724,32.760996713],[-91.959061767,32.760471436],[-91.959523788,32.7601005290001],[-91.960082028,32.7594526770001],[-91.9602111149999,32.7592604550001],[-91.960588441,32.758811616],[-91.960592552,32.758652737],[-91.960857544,32.7581871090001],[-91.960917589,32.758089985],[-91.961025986,32.75801628],[-91.961117308,32.757727376],[-91.96149237,32.7567033030001],[-91.961500406,32.756693678],[-91.961863576,32.756274477],[-91.962007372,32.755927382],[-91.962896127,32.753938706],[-91.963662603,32.7531313380001],[-91.965508481,32.7522548200001],[-91.965991957,32.752014956],[-91.9670806399999,32.7514935080001],[-91.96721861,32.7513299230001],[-91.967283905,32.7513039510001],[-91.967588162,32.751236506],[-91.9696457759999,32.75033225],[-91.969777928,32.750319628],[-91.971716783,32.749507889],[-91.9720363069999,32.7493634620001],[-91.972727796,32.7490602070001],[-91.973162617,32.748885709],[-91.973674315,32.7487304480001],[-91.973710614,32.748617096],[-91.975460302,32.7478037390001],[-91.976102353,32.7474690700001],[-91.976130183,32.747454412],[-91.976213192,32.747410663],[-91.97623852,32.747397317],[-91.9771130349999,32.7469235680001],[-91.977500805,32.7466918640001],[-91.977613633,32.746604517],[-91.9806752379999,32.7447434110001],[-91.980987899,32.7445527730001],[-91.983606774,32.742960849],[-91.983634316,32.742944058],[-91.983714503,32.742891715],[-91.984161849,32.7425612160001],[-91.9844496159999,32.7423931860001],[-91.9848187319999,32.7421715190001],[-91.984937128,32.742105845],[-91.986032549,32.741467651],[-91.986196523,32.741177787],[-91.9862651779999,32.741132737],[-91.9867475339999,32.7410112330001],[-91.986803032,32.740977203],[-91.9869970029999,32.7408425020001],[-91.987021305,32.740827607],[-91.987892618,32.7402957960001],[-91.988042997,32.740203594],[-91.988793633,32.7397430390001],[-91.989510657,32.7393135190001],[-91.989511845,32.739312817],[-91.9895716509999,32.739266074],[-91.990138067,32.7389187050001],[-91.990526928,32.7386736720001],[-91.991458361,32.738105514],[-91.9915308509999,32.738064292],[-91.9918550529999,32.7378629180001],[-91.992060029,32.7376655890001],[-91.992152834,32.7375784180001],[-91.992328301,32.737417677],[-91.9925387919999,32.7371189200001],[-91.992879671,32.736656235],[-91.993938503,32.735200315],[-91.994061443,32.7350157550001],[-91.994107947,32.7349428790001],[-91.994150808,32.734875759],[-91.9946774479999,32.734074777],[-91.995257435,32.7332316750001],[-91.995475842,32.7328980770001],[-91.995515514,32.7328416730001],[-91.9955632409999,32.7327694300001],[-91.995630917,32.7326698420001],[-91.99653381,32.731326014],[-91.996961399,32.730641377],[-91.996998544,32.7305867220001],[-91.998731679,32.728048239],[-91.998802884,32.7279434120001],[-91.99924873,32.7272756190001],[-91.999896018,32.7260597170001],[-92.00054321,32.725395544],[-92.000843109,32.724952107],[-92.001055546,32.72437334],[-92.001429286,32.7202398520001],[-92.001465943,32.718736021],[-92.001512442,32.7181962400001],[-92.0015169059999,32.718041654]]]},"properties":{"id":"uniti-regional-20260919-b2a367d5067283641db6","sourceId":"uniti-regional-20260919","source":"Uniti Wholesale regional transport network","sourceUrl":"https://www.unitiwholesale.com/network-map/","name":"Uniti Wholesale regional transport network","carrier":"Uniti Wholesale","category":"unknown","routeStatus":"Publisher network map; current operating status unverified","evidence":"publisher_route","geometryQuality":"publisher_geometry_unverified","dataDate":null,"metadataModified":"2025-06-13T12:55:45+00:00","retrievedAt":"2026-09-19T13:31:26.703698+00:00","networkType":"Carrier-published regional transport geometry; not a surveyed cable alignment","serviceability":"Unconfirmed","routeDiversity":"Unconfirmed","states":["LA"],"publishedLineParts":1,"importBatch":"20260919","sourceRecordIds":["26149"]},"bbox":[-92.0015169059999,32.718041654,-91.958137724,32.760996713]},{"type":"Feature","geometry":{"type":"MultiLineString","coordinates":[[[-91.861144068,32.907674635],[-91.861146923,32.907663212],[-91.861159997,32.907610995],[-91.861248602,32.9072529370001],[-91.861375408,32.9067983840001],[-91.8615552209999,32.9060208760001],[-91.861761397,32.9052195630001],[-91.861978414,32.90509487],[-91.8621516199999,32.90402133],[-91.862436299,32.9022253420001],[-91.8625877709999,32.9019227800001],[-91.862614992,32.9018298670001],[-91.8627575259999,32.9011092690001],[-91.862727347,32.9010072070001],[-91.862719333,32.9000864930001],[-91.862627023,32.8992910920001],[-91.862571299,32.898913002],[-91.862095588,32.896828008],[-91.861546758,32.8946886840001],[-91.8615398479999,32.894661222],[-91.861471374,32.8944202280001],[-91.861460546,32.894388381],[-91.8614266979999,32.894395726],[-91.861415262,32.894374487],[-91.861113202,32.8930593150001],[-91.861026764,32.8918569410001],[-91.8609766339999,32.8909881650001],[-91.861046679,32.890354824],[-91.861142199,32.889655846],[-91.862262043,32.886577012],[-91.8623098689999,32.8864563220001],[-91.863036173,32.8847000330001]],[[-91.855762232,33.008628496],[-91.855774487,33.008504402],[-91.855794094,33.0084857150001],[-91.855990236,33.0073698730001],[-91.8564084499999,33.0038378130001],[-91.856425047,33.0036881460001],[-91.8564613559999,33.003391207],[-91.8564678439999,33.0033389380001],[-91.856788712,33.0008708060001],[-91.8568890759999,33.000086847],[-91.857099729,32.9955480610001],[-91.857181914,32.995376939],[-91.857210422,32.9945764190001],[-91.8572877999999,32.994421231],[-91.857346016,32.993669922],[-91.857385613,32.9931306280001],[-91.857388348,32.993094989],[-91.857437499,32.992793385],[-91.857443829,32.9927492890001],[-91.8576763409999,32.9910536310001],[-91.857718403,32.9907604570001],[-91.8577481,32.990556896],[-91.857738925,32.990323682],[-91.85772191,32.9898876780001],[-91.857926295,32.9881030270001],[-91.8581609779999,32.9860581890001],[-91.8585582279999,32.98259897],[-91.858664187,32.981111454],[-91.858829552,32.979631157],[-91.858917503,32.9793806480001],[-91.8589538479999,32.978867332],[-91.858994953,32.9783573980001],[-91.859101316,32.977885402],[-91.8590783659999,32.9772065180001],[-91.859099623,32.976938632]],[[-91.8590996189999,32.976938627],[-91.859110367,32.9768031570001],[-91.8595691519999,32.972999084],[-91.85969643,32.972004472],[-91.859670264,32.9712659730001],[-91.859695855,32.97101659],[-91.859621171,32.9697617740001],[-91.8595114619999,32.9696754920001],[-91.8592627089999,32.968624381],[-91.8591547189999,32.968479722]],[[-91.9228911119999,32.7764207600001],[-91.922898936,32.776416387],[-91.9238021639999,32.7758608950001],[-91.9237525629999,32.775988265],[-91.9237124489999,32.776035081],[-91.923665382,32.7760827120001],[-91.923616846,32.776118829],[-91.923540606,32.7761582470001],[-91.92348176,32.776174666],[-91.923531457,32.776636485],[-91.923590425,32.777607688],[-91.923600259,32.7778985680001],[-91.923595566,32.778224037],[-91.923618243,32.778623914],[-91.923641849,32.779006205],[-91.923630417,32.7792879300001],[-91.923638092,32.779682666],[-91.9236380419999,32.779684643]],[[-91.884941482,32.825409832],[-91.8852675099999,32.825136752],[-91.885513164,32.8249308800001],[-91.8857452079999,32.824880905],[-91.885850808,32.824860089],[-91.8858590239999,32.824756982],[-91.886217695,32.8243459710001],[-91.887651133,32.823180128],[-91.888699158,32.8223492490001],[-91.889041988,32.8220626620001],[-91.889370516,32.821943703],[-91.889426637,32.8218106260001],[-91.8899085469999,32.821381828],[-91.8899795469999,32.8213177210001],[-91.889997802,32.8212747110001],[-91.890221272,32.821182676],[-91.890286347,32.8209622200001],[-91.890298012,32.820925038],[-91.8908875179999,32.820337017],[-91.891062592,32.8201935550001],[-91.891177973,32.8200099580001],[-91.891581727,32.819456704],[-91.891729934,32.819187632],[-91.8922877589999,32.8181258920001],[-91.892474781,32.817778649],[-91.892937094,32.816934986],[-91.893032693,32.816749293],[-91.893318122,32.816225645],[-91.8933739459999,32.8159549590001],[-91.8935154529999,32.815797639],[-91.893778278,32.815230672],[-91.894426209,32.8138066560001],[-91.894439672,32.813777649],[-91.894485962,32.8136892300001],[-91.894553587,32.8133688030001],[-91.894561261,32.813330126],[-91.894604041,32.813128917],[-91.894818211,32.8130258900001],[-91.895011773,32.812629369],[-91.8950307549999,32.8125913760001],[-91.8953706899999,32.81188346],[-91.895917281,32.8106778740001],[-91.8965396519999,32.809959383],[-91.8966268989999,32.8098561240001],[-91.897003271,32.809403208],[-91.8970218329999,32.809379924],[-91.8973484159999,32.8089705400001],[-91.897704943,32.808518303],[-91.897911069,32.8082597480001],[-91.8980760919999,32.8080619850001],[-91.898209998,32.8079210280001],[-91.89837741,32.8076994630001],[-91.898412553,32.807651487],[-91.8987396529999,32.807225727],[-91.8988968529999,32.8072169160001],[-91.899211524,32.8068274830001],[-91.899791484,32.806167943],[-91.900080485,32.805833243],[-91.900745623,32.805072481],[-91.901522114,32.8041580880001],[-91.9015600159999,32.804114676],[-91.9018181979999,32.803827594],[-91.9018584889999,32.8038102520001],[-91.902012745,32.803619188],[-91.902040805,32.8035870510001],[-91.902449868,32.803117703],[-91.9024690109999,32.803095774],[-91.9030061779999,32.802485873],[-91.9030471469999,32.802438453],[-91.903258189,32.8021654880001],[-91.903280028,32.802029979],[-91.9032801389999,32.801999446],[-91.904286321,32.8007180600001],[-91.904509963,32.800437936],[-91.904766137,32.800124989],[-91.905057836,32.799794956],[-91.90509644,32.7997500720001],[-91.905566291,32.799192684],[-91.9059115959999,32.799374056],[-91.905986748,32.799280331],[-91.9062158099999,32.799028551],[-91.906527266,32.798650772],[-91.906548489,32.7986260260001],[-91.906612407,32.798550317],[-91.907002488,32.797965182],[-91.907102693,32.7979085970001],[-91.907255459,32.797794846],[-91.907429473,32.79771809],[-91.9075127789999,32.797659723],[-91.908017662,32.7966391420001],[-91.9081431549999,32.7966347930001],[-91.908185171,32.7966044350001],[-91.9081991529999,32.796588593],[-91.908973168,32.795709721],[-91.909738154,32.7948361740001],[-91.909833482,32.7947313340001],[-91.91004004,32.7945021250001],[-91.910072078,32.794446459],[-91.910080799,32.7944161300001],[-91.910145319,32.7943063290001],[-91.9103957039999,32.7941172750001],[-91.9104470079999,32.794051503],[-91.910458883,32.7939987450001],[-91.910463662,32.7938573110001],[-91.9107733319999,32.7933117740001],[-91.910797007,32.79326995],[-91.911242629,32.792473864],[-91.911429281,32.791993845],[-91.911757477,32.791076542],[-91.912141793,32.7900645220001],[-91.9122880049999,32.789954923],[-91.912400012,32.7898019780001],[-91.912447177,32.7896328680001],[-91.9124892419999,32.7894811130001],[-91.9126016549999,32.789407923],[-91.9126288149999,32.7893161860001],[-91.912753632,32.7885893000001],[-91.912809123,32.788446843],[-91.9128700479999,32.788361939],[-91.913075226,32.788469085],[-91.9144214289999,32.788387175],[-91.914503539,32.7883822250001],[-91.916129333,32.788376074],[-91.91617561,32.7883761570001],[-91.9172067109999,32.788362291],[-91.917264654,32.7883620320001],[-91.918710298,32.7883716530001],[-91.918810615,32.788373806],[-91.9201623609999,32.7884137880001],[-91.92025141,32.7883760230001],[-91.92028395,32.788358314]],[[-91.920283948,32.788358316],[-91.920303162,32.7882258860001],[-91.920299512,32.7881098980001],[-91.920243484,32.786550307],[-91.920206724,32.7853772170001],[-91.9202059,32.7853499290001],[-91.920193049,32.784937074],[-91.920153619,32.783659556],[-91.92015284,32.783632423],[-91.9201230739999,32.7824304170001],[-91.920093715,32.7816870020001],[-91.920089747,32.781558881],[-91.919993268,32.781090953],[-91.9199793669999,32.780642582],[-91.9199644939999,32.7801081210001],[-91.9203769169999,32.7801038900001],[-91.920666849,32.780101234]],[[-91.9217690419999,32.7767841730001],[-91.9219052879999,32.77697248],[-91.9228911119999,32.7764207600001]],[[-91.9189274829999,32.7781929830001],[-91.9190309259999,32.778175898],[-91.919232091,32.7781150100001],[-91.9194289819999,32.7780409000001],[-91.9197409929999,32.7778177970001]],[[-91.8591547189999,32.968479722],[-91.859153885,32.968478599],[-91.859074868,32.967689449],[-91.8589575409999,32.967412612],[-91.858935596,32.967361119],[-91.85869108,32.966785128],[-91.858661572,32.966509401],[-91.858473977,32.966120177],[-91.858443393,32.9658188650001],[-91.858049297,32.964795208],[-91.858034108,32.9647712330001],[-91.857932797,32.9644992180001],[-91.85792713,32.964476507],[-91.857598797,32.9631615490001],[-91.857572039,32.963054546],[-91.857192356,32.961544159],[-91.857033375,32.961296556],[-91.856812484,32.9603359550001],[-91.8565187249999,32.959441665],[-91.856274356,32.958697235],[-91.8561897809999,32.958318633],[-91.856075846,32.9577820370001],[-91.855900194,32.9575735650001],[-91.855620216,32.956575071],[-91.8554427829999,32.9559571],[-91.854900293,32.9540604260001],[-91.854882402,32.953997858],[-91.854848515,32.953898708],[-91.854774462,32.953846259],[-91.854606573,32.9532704490001],[-91.854418914,32.9529270260001],[-91.854396736,32.952672664],[-91.8542823339999,32.952532159],[-91.854271265,32.9521986760001],[-91.8541783749999,32.952029119],[-91.85411171,32.951801704],[-91.854096068,32.95174136],[-91.85391343,32.951018187],[-91.853841474,32.950974912],[-91.8538285,32.950957359],[-91.853818581,32.95083443],[-91.853741316,32.950775696],[-91.853736294,32.9507427280001],[-91.8537675169999,32.950511893],[-91.853682233,32.950449302],[-91.853523468,32.949673191],[-91.853362717,32.9493157380001],[-91.8531384299999,32.948530572],[-91.85313114,32.9485043010001],[-91.852978911,32.947945829],[-91.85288457,32.9478977580001],[-91.8526419949999,32.946962649],[-91.852549987,32.94690867],[-91.8524278579999,32.94562961],[-91.852423392,32.945588066],[-91.852377593,32.945212875],[-91.852373713,32.9451857],[-91.8523487369999,32.944984359],[-91.852421111,32.9446259100001],[-91.8524698369999,32.9443597960001],[-91.852537124,32.943969623],[-91.852650927,32.94387033],[-91.852658977,32.9438194860001],[-91.85312705,32.941752363],[-91.853729626,32.9390716930001],[-91.854262735,32.936708057]],[[-91.863036173,32.8847000330001],[-91.863040589,32.884689366],[-91.863067826,32.884620622],[-91.863102226,32.8845338290001],[-91.863256069,32.884195231],[-91.8639123839999,32.8824642800001],[-91.8643383309999,32.880360389],[-91.864670484,32.8788073270001],[-91.865031562,32.877655296],[-91.86518754,32.877356778],[-91.865469618,32.8767037320001],[-91.866661385,32.8748750660001],[-91.8666899629999,32.8748302760001],[-91.86704115,32.874143749],[-91.867247673,32.8739961100001],[-91.86724878,32.8737532170001],[-91.868027492,32.872412694],[-91.868171747,32.872186061],[-91.868825559,32.871484668],[-91.869573329,32.8696976960001],[-91.870120509,32.8676093440001],[-91.870230178,32.867636572],[-91.870385713,32.8667139340001],[-91.8705540079999,32.8657679140001],[-91.870769367,32.8643031880001],[-91.870773989,32.8642779370001],[-91.87082141,32.8640533220001],[-91.870952253,32.863333762],[-91.8710488309999,32.8628677740001],[-91.8710486909999,32.862837254],[-91.871406877,32.8611537470001],[-91.8714267839999,32.861073839],[-91.8715033,32.8607500050001],[-91.8715773919999,32.860074102],[-91.8715832519999,32.860049749],[-91.871632383,32.859801286],[-91.8716818619999,32.8596357180001],[-91.871688858,32.8596067030001],[-91.871745303,32.859344746],[-91.871751565,32.859318724],[-91.872055484,32.8580707520001],[-91.8722589229999,32.8573466180001],[-91.872305269,32.8571897730001],[-91.872311451,32.8571662850001],[-91.872502503,32.8565926580001],[-91.872596689,32.856271387],[-91.8726841279999,32.856011601],[-91.872923192,32.8553411010001],[-91.8730852479999,32.8548958310001],[-91.873307743,32.854018102],[-91.873543474,32.853366553],[-91.8735854019999,32.8532299560001],[-91.873681308,32.8529172980001],[-91.873707085,32.852845476],[-91.873744401,32.8527415020001],[-91.873849701,32.852469542],[-91.8738689039999,32.852440313],[-91.874134743,32.851699576],[-91.874242006,32.851391397],[-91.874254101,32.8513576230001],[-91.874407821,32.850929066],[-91.8745927839999,32.8499409460001],[-91.874596995,32.849918523],[-91.874648903,32.849773558],[-91.874726972,32.8496208780001],[-91.8747471249999,32.8495754090001],[-91.8751091679999,32.84873079],[-91.875168896,32.8485676010001],[-91.875359724,32.848064961],[-91.875405931,32.8479034920001],[-91.87556303,32.847472253],[-91.875768331,32.8469106800001],[-91.875963382,32.846308134],[-91.8760701839999,32.845989391],[-91.876201043,32.845582882],[-91.876231173,32.8454767420001],[-91.8762669769999,32.845362364],[-91.87632573,32.845188595],[-91.876484492,32.8446717960001],[-91.876542534,32.844497542],[-91.876663784,32.844112274],[-91.8768071969999,32.843646892],[-91.8768415059999,32.843526947],[-91.876962426,32.843111676],[-91.876972804,32.843094201],[-91.877078792,32.8429899760001],[-91.877130784,32.842820031],[-91.877456953,32.841700551],[-91.8775397319999,32.841414273],[-91.87758891,32.841250481],[-91.8778998719999,32.8401860760001],[-91.877972265,32.839948114],[-91.878048897,32.8399049070001],[-91.878122058,32.839280199],[-91.8780986959999,32.838102647],[-91.878108056,32.837673774],[-91.8781081119999,32.837262917],[-91.878019577,32.8365873780001],[-91.8779034,32.83578838],[-91.877708443,32.8345584310001],[-91.877678008,32.834351526],[-91.8775555029999,32.8336142690001],[-91.877545598,32.833356591],[-91.877527487,32.833337735],[-91.877513124,32.833309849],[-91.8774771929999,32.833157171],[-91.877688805,32.83242899],[-91.8777201769999,32.832298327],[-91.87774781,32.8322072760001],[-91.877872817,32.8317745360001],[-91.8781018879999,32.831475764],[-91.878162816,32.831397009],[-91.878720791,32.8306270680001],[-91.8790766499999,32.8303288810001],[-91.879821616,32.829742477],[-91.880065,32.829533843],[-91.880718577,32.828958695],[-91.881026258,32.828703647],[-91.881764617,32.828089909],[-91.881788113,32.828067724],[-91.882452007,32.8275065240001],[-91.883499225,32.826611798],[-91.8835192069999,32.8265916070001],[-91.883618701,32.8265092990001],[-91.8842487699999,32.825986394],[-91.8843404529999,32.825910563],[-91.884462425,32.8256888020001],[-91.884514853,32.825635133],[-91.884831167,32.825463294],[-91.8849134389999,32.825433323],[-91.884941485,32.8254098360001]],[[-91.918894064,32.777979868],[-91.918927488,32.7781929830001]],[[-91.9236380419999,32.779684643],[-91.92364434,32.779934595],[-91.920764576,32.7800553440001],[-91.920666849,32.780101234]],[[-91.919740989,32.7778177970001],[-91.9214184699999,32.7769436180001],[-91.9217690419999,32.7767841730001]],[[-91.854262735,32.936708057],[-91.8542662259999,32.9366925670001],[-91.85439976,32.936120832],[-91.854466369,32.935829949],[-91.8546794279999,32.935382756],[-91.854707396,32.935015928],[-91.854767099,32.934793144],[-91.8557057369999,32.931131921],[-91.855713458,32.9311018430001],[-91.855826048,32.930613242],[-91.8560284009999,32.9297714730001],[-91.856034724,32.929744516],[-91.8560469929999,32.929692249],[-91.8561840089999,32.929109216],[-91.856190297,32.92908241],[-91.85635847,32.928366693],[-91.856364756,32.928339909],[-91.8565295559999,32.92764091],[-91.856535805,32.9276143440001],[-91.8567221449999,32.926851932],[-91.856728601,32.92682441],[-91.856884733,32.9261077940001],[-91.856890853,32.9260816820001],[-91.8570671589999,32.9253568080001],[-91.857073545,32.925329634],[-91.857250548,32.9245582830001],[-91.857256933,32.924531131],[-91.857306721,32.924300852],[-91.857382372,32.9242571],[-91.857370276,32.923993185],[-91.8574261969999,32.923748059],[-91.857432288,32.923721486],[-91.8576142059999,32.922956436],[-91.8576205299999,32.92292891],[-91.857691175,32.922597615],[-91.857787894,32.922151913],[-91.857793982,32.9221254060001],[-91.8579750489999,32.9213353440001],[-91.857981205,32.9213085120001],[-91.858157089,32.920540658],[-91.858163245,32.920513847],[-91.8583364689999,32.91976112],[-91.858342624,32.919734309],[-91.858526885,32.9189351740001],[-91.858533071,32.918908276],[-91.8587121,32.918124764],[-91.858718286,32.918097866],[-91.8588654389999,32.91744478],[-91.8589028819999,32.9172931850001],[-91.858915297,32.9172390640001],[-91.858921933,32.917210105],[-91.8590552219999,32.916677383],[-91.85927413,32.915671908],[-91.859396847,32.9151389530001],[-91.859795534,32.913438918],[-91.859903823,32.9129331940001],[-91.8599098769999,32.912906795],[-91.860052076,32.9122888040001],[-91.860058227,32.9122620580001],[-91.860157073,32.9118374220001],[-91.860169415,32.91178367],[-91.860205786,32.911625363],[-91.860686249,32.909524623],[-91.860903482,32.9086352190001],[-91.860910122,32.908608644],[-91.861144068,32.907674635]],[[-91.920666849,32.780101234],[-91.920796854,32.780099213],[-91.921701992,32.7800531450001],[-91.923394661,32.779973404],[-91.923384469,32.778977328],[-91.923460805,32.778500218],[-91.92345992,32.778473606],[-91.923442967,32.7774215580001],[-91.923398586,32.7764340680001],[-91.923383359,32.776031952],[-91.923535467,32.775936003],[-91.92488857,32.775120868],[-91.925394663,32.7748153700001],[-91.925598583,32.774747833],[-91.926125916,32.7746597610001],[-91.92617286,32.7746519250001],[-91.927210476,32.7745056160001],[-91.927266378,32.774510615],[-91.927293984,32.7745144690001],[-91.929180978,32.7747406980001],[-91.929222621,32.774768222],[-91.929307737,32.7748346010001],[-91.930046437,32.774827273],[-91.93134677,32.7747343630001],[-91.932426289,32.774651679],[-91.934084363,32.7745247990001],[-91.934117091,32.7745222930001],[-91.934874532,32.7744621590001],[-91.935406648,32.774432845],[-91.9355232029999,32.774434012],[-91.9357379799999,32.7744693810001],[-91.936571579,32.7746085410001],[-91.9366043369999,32.7746136270001],[-91.937582891,32.7747648920001],[-91.937648883,32.774854296],[-91.9387870799999,32.774958111],[-91.938925314,32.775033358],[-91.9390931039999,32.775049848],[-91.939160669,32.7750574],[-91.939773079,32.7751089660001],[-91.9398020629999,32.775111532],[-91.941217911,32.7753362780001],[-91.9414703799999,32.775360817],[-91.941504202,32.77536408],[-91.943183179,32.7754820650001],[-91.943229361,32.7754839740001],[-91.943894745,32.7755251560001],[-91.943956182,32.7755290530001],[-91.944862534,32.7755932360001],[-91.945459482,32.7755557720001],[-91.945486372,32.775558284],[-91.946031007,32.7755870330001],[-91.947096218,32.775714307],[-91.947326566,32.775729228],[-91.947363395,32.775728025],[-91.9490506609999,32.7756947670001],[-91.949419135,32.7755723170001],[-91.950000959,32.7753922250001],[-91.9506340899999,32.7749868990001],[-91.9510070159999,32.7746473460001],[-91.951039857,32.774617472],[-91.951296428,32.77428559],[-91.9518700469999,32.7735555680001],[-91.951881713,32.7735200620001],[-91.952098174,32.7729450580001],[-91.9521104889999,32.772907606],[-91.9525953839999,32.7715400640001],[-91.952610731,32.771462204],[-91.952848267,32.770563931],[-91.952957844,32.7702139730001],[-91.9531972079999,32.7695426020001],[-91.95320556,32.7694908770001],[-91.953233456,32.769128102],[-91.953359941,32.768879596],[-91.953444491,32.7685984030001],[-91.953479058,32.768353387],[-91.953520098,32.7681612370001],[-91.953756821,32.767295941],[-91.9537678569999,32.767055032],[-91.953769915,32.767040885],[-91.95379167,32.7668902930001],[-91.9538407469999,32.7667172650001],[-91.954219129,32.7655486720001],[-91.954235706,32.765498004],[-91.954312353,32.765243173],[-91.954341213,32.764950218],[-91.954830302,32.7636856890001],[-91.954894199,32.7634891440001],[-91.955330253,32.762844906],[-91.95536972,32.762808287],[-91.9554768,32.762714895],[-91.955503838,32.762691311],[-91.956240774,32.7620825970001],[-91.95685862,32.761735867],[-91.956859029,32.7617355530001],[-91.956892045,32.7617164910001],[-91.957033367,32.7616349250001],[-91.957980343,32.76108728],[-91.958137724,32.760996713]]]},"properties":{"id":"uniti-regional-20260919-4ab11f3d114106546d0d","sourceId":"uniti-regional-20260919","source":"Uniti Wholesale regional transport network","sourceUrl":"https://www.unitiwholesale.com/network-map/","name":"Uniti Wholesale regional transport network","carrier":"Uniti Wholesale","category":"unknown","routeStatus":"Publisher network map; current operating status unverified","evidence":"publisher_route","geometryQuality":"publisher_geometry_unverified","dataDate":null,"metadataModified":"2025-06-13T12:55:45+00:00","retrievedAt":"2026-09-19T13:31:26.703698+00:00","networkType":"Carrier-published regional transport geometry; not a surveyed cable alignment","serviceability":"Unconfirmed","routeDiversity":"Unconfirmed","states":["LA"],"publishedLineParts":15,"importBatch":"20260919","sourceRecordIds":["10772","10773","10774","10776","10779","10783","10784","10785","10786","10789","10790","10791","10797","10802","26148"]},"bbox":[-91.958137724,32.760996713,-91.8523487369999,33.008628496]},{"type":"Feature","geometry":{"type":"MultiLineString","coordinates":[[[-91.8555504139999,33.010272054],[-91.855604332,33.0097009510001],[-91.8556536189999,33.0092716870001],[-91.855714828,33.0087514570001],[-91.855723623,33.0086766850001],[-91.855762226,33.0086284920001]],[[-91.883902115,33.0103833690001],[-91.882900924,33.0102627740001],[-91.881542998,33.010098253],[-91.880300179,33.009947681],[-91.879647908,33.009868651],[-91.878758305,33.0097006120001],[-91.877289084,33.0092386580001],[-91.87699643,33.009170365],[-91.8767197459999,33.00913892],[-91.875993275,33.009095336],[-91.8739663819999,33.00896838],[-91.8721620649999,33.008975961],[-91.8702967469999,33.008974069],[-91.86992728,33.0089680500001],[-91.869525085,33.008969316],[-91.868317926,33.008974891],[-91.8682449889999,33.008948311],[-91.867553539,33.008953649],[-91.8667095919999,33.0089607990001],[-91.865698402,33.00896838],[-91.864975316,33.0089733580001],[-91.864555029,33.008976537],[-91.863463629,33.0089854350001],[-91.863316799,33.008985991],[-91.862903283,33.008994425],[-91.862086382,33.009013856],[-91.861217607,33.0090397880001],[-91.861191381,33.00904236],[-91.8604007069999,33.0091673420001],[-91.858715219,33.0095362770001]],[[-91.8587152169999,33.009536242],[-91.858180346,33.009650685],[-91.856002351,33.010176292],[-91.8555504139999,33.010272054]]]},"properties":{"id":"uniti-regional-20260919-169133bba026eb6ac854","sourceId":"uniti-regional-20260919","source":"Uniti Wholesale regional transport network","sourceUrl":"https://www.unitiwholesale.com/network-map/","name":"Uniti Wholesale regional transport network","carrier":"Uniti Wholesale","category":"unknown","routeStatus":"Publisher network map; current operating status unverified","evidence":"publisher_route","geometryQuality":"publisher_geometry_unverified","dataDate":null,"metadataModified":"2025-06-13T12:55:45+00:00","retrievedAt":"2026-09-19T13:31:26.703698+00:00","networkType":"Carrier-published regional transport geometry; not a surveyed cable alignment","serviceability":"Unconfirmed","routeDiversity":"Unconfirmed","states":["LA"],"publishedLineParts":3,"importBatch":"20260919","sourceRecordIds":["20343","20353","20379"]},"bbox":[-91.883902115,33.0086284920001,-91.8555504139999,33.0103833690001]},{"type":"Feature","geometry":{"type":"MultiLineString","coordinates":[[[-91.105192416,30.4663150850001],[-91.120977,30.4882420000001],[-91.130825,30.502014],[-91.134809,30.5059390000001],[-91.138842,30.508086],[-91.145805896,30.509679788],[-91.150976,30.5094750000001],[-91.175256,30.5085350000001],[-91.218629,30.50593],[-91.227131,30.5052680000001],[-91.230206,30.5044490000001],[-91.247421,30.4968620000001],[-91.25337,30.494135],[-91.253507,30.490099],[-91.25166,30.4880700000001],[-91.25101,30.48602],[-91.250456,30.4741390000001],[-91.2492999999999,30.4575190000001],[-91.248312,30.4552830000001],[-91.245028,30.45003],[-91.244386,30.4462500000001],[-91.2488769999999,30.448112],[-91.253819,30.449374],[-91.269336,30.453092],[-91.275148,30.453159],[-91.306344672,30.451371109],[-91.318448,30.4504230000001],[-91.325911763,30.4486794630001],[-91.363593281,30.43861615],[-91.389869711,30.431348201],[-91.404161755,30.42748844],[-91.4126219999999,30.424338],[-91.4284729999999,30.4197950000001],[-91.4347299999999,30.4175240000001],[-91.443130744,30.415868733],[-91.455416,30.4127300000001],[-91.4676036119999,30.4106772650001],[-91.475407875,30.409544355],[-91.492046913,30.404544134],[-91.501548,30.401759],[-91.5085979999999,30.3998060000001],[-91.542097,30.390908],[-91.595908,30.3764180000001],[-91.632535,30.366722],[-91.659231,30.359245],[-91.6966011819999,30.349067215],[-91.733836203,30.3389682970001],[-91.76285324,30.3310510850001],[-91.789728,30.323677],[-91.8045039999999,30.3207550000001],[-91.808081508,30.319848736],[-91.81593,30.317686],[-91.823407,30.3163720000001],[-91.828396502,30.315364054],[-91.831229,30.314486],[-91.834803,30.3144330000001],[-91.84288266,30.3132510880001],[-91.850418,30.311949],[-91.86823,30.3081240000001],[-91.887888849,30.302702923],[-91.911662,30.295998],[-91.913995761,30.29490796],[-91.9151009999999,30.294338],[-91.918765,30.2939000000001],[-91.922624,30.2928640000001],[-91.927138837,30.291244514],[-91.930417,30.2894900000001],[-91.936085,30.2866480000001],[-91.937102,30.2857710000001],[-91.9404969999999,30.2843770000001],[-91.94825567,30.2813137750001],[-91.974641381,30.2732129360001],[-92.000726,30.2651940000001],[-92.007666795,30.262363239],[-92.019487,30.2575370000001]]]},"properties":{"id":"uniti-regional-20260919-f10b06b015558bb9f4cd","sourceId":"uniti-regional-20260919","source":"Uniti Wholesale regional transport network","sourceUrl":"https://www.unitiwholesale.com/network-map/","name":"Uniti Wholesale regional transport network","carrier":"Uniti Wholesale","category":"unknown","routeStatus":"Publisher network map; current operating status unverified","evidence":"publisher_route","geometryQuality":"publisher_geometry_unverified","dataDate":null,"metadataModified":"2025-06-13T12:55:45+00:00","retrievedAt":"2026-09-19T13:31:26.703698+00:00","networkType":"Carrier-published regional transport geometry; not a surveyed cable alignment","serviceability":"Unconfirmed","routeDiversity":"Unconfirmed","states":["LA"],"publishedLineParts":1,"importBatch":"20260919","sourceRecordIds":["95530"]},"bbox":[-92.019487,30.2575370000001,-91.105192416,30.509679788]},{"type":"Feature","geometry":{"type":"MultiLineString","coordinates":[[[-91.6479454819999,32.468884855],[-91.6476495699999,32.468861405]],[[-91.758586001,32.4574489990001],[-91.7564360009999,32.4571089990001],[-91.755644,32.457002001],[-91.7550769979999,32.4569650010001],[-91.754752998,32.456963999],[-91.7508549999999,32.4569490000001],[-91.746977998,32.4569349990001],[-91.746975999,32.4569349990001],[-91.7430969979999,32.456916999],[-91.739209998,32.456898999],[-91.735311,32.4568799990001],[-91.731426998,32.4568619990001],[-91.7275309989999,32.456843999],[-91.72362,32.456824999],[-91.721305,32.4568140000001],[-91.719729002,32.4568090010001],[-91.715801999,32.4567960000001],[-91.711908998,32.4567830010001],[-91.7080539999999,32.4567699990001],[-91.704154998,32.456757],[-91.7034469989999,32.456755001],[-91.700288998,32.456774001],[-91.699891999,32.456776],[-91.6995299989999,32.456833999],[-91.699079002,32.457002001],[-91.6987470019999,32.4571980000001],[-91.698444002,32.4574949990001],[-91.698137,32.457901001],[-91.6981000009999,32.4579570010001],[-91.6977800019999,32.458448999],[-91.697601001,32.458692],[-91.697358,32.458868],[-91.697125001,32.458955001],[-91.696828002,32.459047001],[-91.696615,32.459126999],[-91.696512001,32.4592390010001],[-91.696511002,32.4592400010001],[-91.696071002,32.4592400010001],[-91.696064002,32.4592400010001],[-91.696015001,32.4591559990001],[-91.695921001,32.459052],[-91.695762001,32.45896],[-91.695627999,32.4588429990001],[-91.695504,32.45873],[-91.695459001,32.458537],[-91.69544,32.45829],[-91.69544,32.457997],[-91.695430001,32.4577130000001],[-91.695369998,32.457486999],[-91.695260999,32.457302999],[-91.695068002,32.4570850010001],[-91.694749998,32.456885],[-91.6942989999999,32.4567630010001],[-91.6936939999999,32.45674],[-91.6922619979999,32.456684],[-91.689785,32.4566730010001],[-91.6858849979999,32.4566550010001],[-91.682014001,32.456638],[-91.678924998,32.456623999],[-91.6781050009999,32.45662],[-91.6741569979999,32.456602],[-91.670264002,32.4565850000001],[-91.666572001,32.4565689990001],[-91.662511001,32.4565509990001],[-91.658625,32.4565340010001],[-91.6547360009999,32.4565170010001],[-91.650825002,32.456499001],[-91.646964998,32.4564820000001],[-91.643080001,32.456464],[-91.639131998,32.456446],[-91.635202002,32.4564290000001],[-91.632314999,32.456416001],[-91.631814001,32.4564119990001],[-91.631342998,32.4565460000001],[-91.6313339989999,32.4565499990001],[-91.630932002,32.456709001],[-91.6305839989999,32.456888999],[-91.630345999,32.457069],[-91.6301279999999,32.4572649990001],[-91.629895001,32.457475],[-91.6297319989999,32.4576710010001],[-91.629528001,32.4579889990001],[-91.629495998,32.4580470010001],[-91.6293400009999,32.458332001],[-91.6292010019999,32.458586999],[-91.629038,32.4587670000001],[-91.6288099989999,32.458918001],[-91.6285859989999,32.4589970000001],[-91.628318999,32.459094001],[-91.6280560009999,32.4591480010001],[-91.627877,32.459215],[-91.627762999,32.4593150000001],[-91.627709001,32.459421999],[-91.6277039999999,32.459432001],[-91.627327001,32.4594240010001],[-91.6273219999999,32.4594240010001],[-91.627307,32.459340001],[-91.6272480009999,32.459281999],[-91.6270149979999,32.459215],[-91.626707001,32.4591649990001],[-91.626469001,32.4590850010001],[-91.626255999,32.4589970000001],[-91.6260379999999,32.4588380000001],[-91.6258599989999,32.458621],[-91.625696002,32.458307],[-91.625521998,32.457809001],[-91.625418,32.457486999],[-91.625299002,32.4572610000001],[-91.6251359999999,32.457052],[-91.6249760009999,32.4569030010001],[-91.624907999,32.4568390000001],[-91.624698998,32.4566799990001],[-91.624422,32.456532999],[-91.624158998,32.4564119990001],[-91.6238860019999,32.456387001],[-91.622527998,32.456374],[-91.621177,32.456355],[-91.6172839989999,32.4562990000001],[-91.6144170009999,32.456256999],[-91.613351,32.4561590010001],[-91.6116100019999,32.4559980000001],[-91.609500999,32.4556869990001],[-91.6079760009999,32.4554620010001],[-91.606102,32.4551990000001],[-91.605700998,32.4551410010001],[-91.601838001,32.4545830000001],[-91.5979889989999,32.454027999],[-91.597956002,32.454023001],[-91.594154002,32.4534730010001],[-91.5904990009999,32.4529440000001],[-91.590308998,32.4529160000001],[-91.586915001,32.4524170010001]],[[-91.493652002,32.444528999],[-91.493704001,32.444374001],[-91.493774002,32.4441390000001],[-91.4938700009999,32.4439550000001],[-91.493949001,32.443902999],[-91.4940179979999,32.4438810010001],[-91.4941229999999,32.443858999],[-91.494245001,32.443874],[-91.4947159989999,32.4440059990001],[-91.495256,32.444123999],[-91.495639999,32.4441540010001],[-91.4961190019999,32.444176],[-91.496432999,32.444176],[-91.496982998,32.444131],[-91.497236002,32.4441360010001],[-91.497410002,32.4441390000001],[-91.498037002,32.4442120000001],[-91.5008839989999,32.4447569990001],[-91.5016909989999,32.444911],[-91.5030160009999,32.445095],[-91.5038440009999,32.4451319990001],[-91.5047559989999,32.4451760000001],[-91.5055090019999,32.445213],[-91.508666998,32.4452879990001],[-91.512538999,32.4453799990001],[-91.514167001,32.445419001],[-91.5164530009999,32.445474001],[-91.5203240019999,32.445568001],[-91.522964002,32.445632001],[-91.5242229999999,32.445663],[-91.528152001,32.4457590010001],[-91.532027,32.445853],[-91.5359,32.445947999],[-91.5380289989999,32.446],[-91.539782998,32.446048999],[-91.542501999,32.446125001],[-91.5435570019999,32.446177],[-91.543689,32.446191001],[-91.544559002,32.446286],[-91.545151002,32.446986999],[-91.547150001,32.447239],[-91.5479070009999,32.4473349990001],[-91.549015998,32.4469090000001],[-91.5508369999999,32.4471769990001],[-91.554672002,32.4477400010001],[-91.5584899999999,32.4483010010001],[-91.5606539999999,32.4486189990001],[-91.5623400009999,32.4488680010001],[-91.565231002,32.4492959990001],[-91.566144999,32.449423999],[-91.5694859979999,32.449891999],[-91.569956002,32.449957999],[-91.571386001,32.450157],[-91.5737829989999,32.450491001],[-91.576198999,32.4508269990001],[-91.576548002,32.450929999],[-91.576948999,32.451083999],[-91.577288999,32.451349],[-91.577431,32.4514740010001],[-91.5775070019999,32.4515400000001],[-91.577725001,32.4518350000001],[-91.577828999,32.452070001],[-91.5778559999999,32.452165999],[-91.577924998,32.4523789990001],[-91.578003998,32.452585],[-91.578160999,32.452842],[-91.5782829999999,32.4530040010001],[-91.5783349989999,32.453084999],[-91.578492,32.453218],[-91.5785359989999,32.4533210000001],[-91.579111,32.454357999],[-91.5791549999999,32.4543869990001],[-91.5792250009999,32.4544319990001],[-91.579283001,32.454435001],[-91.57953,32.4544460000001],[-91.5796089999999,32.454435001],[-91.579686002,32.454423999],[-91.579730001,32.4543869990001],[-91.5797999979999,32.4543060010001],[-91.5799479999999,32.454063999],[-91.580070001,32.4539089990001],[-91.5802879999999,32.453674001],[-91.580418,32.4536180010001],[-91.580933002,32.4533940000001],[-91.5811599999999,32.4532540000001],[-91.581595998,32.452974999],[-91.5820929979999,32.452688],[-91.5824759979999,32.452475],[-91.583,32.452238999],[-91.5830349999999,32.4522299990001],[-91.583466001,32.452120999],[-91.5838949989999,32.452052],[-91.584453002,32.452047999],[-91.584977999,32.452119999],[-91.585659001,32.4522190000001],[-91.586186001,32.452295999],[-91.586643999,32.452376999],[-91.586914001,32.4524190000001]]]},"properties":{"id":"uniti-regional-20260919-9bea46fd037ccf88b04e","sourceId":"uniti-regional-20260919","source":"Uniti Wholesale regional transport network","sourceUrl":"https://www.unitiwholesale.com/network-map/","name":"Uniti Wholesale regional transport network","carrier":"Uniti Wholesale","category":"unknown","routeStatus":"Publisher network map; current operating status unverified","evidence":"publisher_route","geometryQuality":"publisher_geometry_unverified","dataDate":null,"metadataModified":"2025-06-13T12:55:45+00:00","retrievedAt":"2026-09-19T13:31:26.703698+00:00","networkType":"Carrier-published regional transport geometry; not a surveyed cable alignment","serviceability":"Unconfirmed","routeDiversity":"Unconfirmed","states":["LA"],"publishedLineParts":3,"importBatch":"20260919","sourceRecordIds":["2988","95585","95587"]},"bbox":[-91.758586001,32.443858999,-91.493652002,32.468884855]},{"type":"Feature","geometry":{"type":"MultiLineString","coordinates":[[[-91.210138276,32.412565156],[-91.211782359,32.412787984],[-91.2158631249999,32.413394743],[-91.218405646,32.4137744760001],[-91.2197482509999,32.413967128],[-91.221366594,32.4142046420001],[-91.223817174,32.414562851],[-91.2277186059999,32.4151447420001],[-91.2301308889999,32.4155186400001],[-91.232270283,32.41581915],[-91.235426042,32.4162739560001],[-91.238393007,32.4167092210001],[-91.240499394,32.4170071880001],[-91.242326276,32.4172757580001],[-91.244102632,32.4175260860001],[-91.246048897,32.417807424],[-91.249084694,32.4182427650001],[-91.2529781699999,32.418809915],[-91.2545053699999,32.419033465],[-91.2565621909999,32.419325982],[-91.260319362,32.4198664670001],[-91.263986975,32.420390965],[-91.266457913,32.420764365],[-91.269140888,32.4211294080001],[-91.272318465,32.4215834300001],[-91.275446744,32.422035771],[-91.2786772059999,32.422516768],[-91.282372433,32.423052923],[-91.2859652559999,32.4235674220001],[-91.288490331,32.423921023],[-91.291303028,32.4243293650001],[-91.294059085,32.4247209590001],[-91.2973531119999,32.4251997960001],[-91.3000210819999,32.425589986],[-91.302753061,32.425984444],[-91.3038741609999,32.426135853],[-91.307267816,32.426630436],[-91.310573188,32.427106703],[-91.313602098,32.4275399570001],[-91.3173699769999,32.4280813560001],[-91.3211532399999,32.4286065950001],[-91.322731458,32.4287228970001],[-91.3250508419999,32.428874095],[-91.329332735,32.429180198],[-91.331298265,32.4293022310001],[-91.335149503,32.4295717480001],[-91.336932464,32.4296792310001],[-91.341569464,32.430006588],[-91.345411038,32.430266321],[-91.348586516,32.430476555],[-91.350901186,32.430631658],[-91.353058371,32.430778913],[-91.355798834,32.4309666070001],[-91.3582213079999,32.4311138940001],[-91.3619446169999,32.4313702760001],[-91.36402603,32.431513769],[-91.365420622,32.4316059000001],[-91.367088681,32.431727857],[-91.3692790549999,32.431848093],[-91.370834287,32.432004165],[-91.371861678,32.4321179250001],[-91.3729705979999,32.4322848690001],[-91.374021552,32.432474673],[-91.375127698,32.432675588],[-91.37627516,32.4329353030001],[-91.377432544,32.4332123340001],[-91.378657533,32.4335706420001],[-91.38004477,32.4340230490001],[-91.381032772,32.434390422],[-91.3822745699999,32.4348479020001],[-91.383864194,32.4354279],[-91.385156384,32.4359025150001],[-91.387489385,32.436778533],[-91.3898159399999,32.43761821],[-91.3913106379999,32.438174657],[-91.394347307,32.439307179],[-91.397607163,32.4405067100001],[-91.400861322,32.4417007750001],[-91.40279785,32.4424185990001],[-91.405482654,32.4434088680001],[-91.410249525,32.44515449],[-91.412104315,32.445855667],[-91.4149263319999,32.446881709],[-91.417483906,32.4478263070001],[-91.419017503,32.4483745570001],[-91.419880375,32.4486730620001],[-91.42043443,32.448857724],[-91.421132069,32.449070372],[-91.4218967259999,32.4492853190001],[-91.422790036,32.449529248],[-91.4237020209999,32.4497465160001],[-91.424484579,32.449910112],[-91.425257388,32.4500503730001],[-91.4261710929999,32.450199513],[-91.4270986719999,32.4503392770001],[-91.4282673759999,32.4505109020001],[-91.429916675,32.450734862],[-91.431461408,32.45095368],[-91.43457591,32.451378914],[-91.4379516389999,32.451860697],[-91.44074162,32.4522617850001],[-91.443341998,32.452622547],[-91.4453060179999,32.452899932],[-91.44646679,32.453049203],[-91.447362421,32.453140037],[-91.448666852,32.453256319],[-91.4500825009999,32.453356913],[-91.452515057,32.4535499180001],[-91.4553021039999,32.4537778050001],[-91.457707511,32.4539551620001],[-91.4611910689999,32.4542341910001],[-91.4632331189999,32.4544072790001],[-91.465298117,32.4545597810001],[-91.468074986,32.45477458],[-91.4707601959999,32.4549933690001],[-91.4752940179999,32.455344516],[-91.477839058,32.455554546],[-91.481253341,32.455814911],[-91.481404636,32.455945725],[-91.4820148049999,32.455971015],[-91.486044841,32.4562904750001],[-91.4887206449999,32.456504307],[-91.491320102,32.4567021010001],[-91.491951684,32.4567448380001],[-91.492491839,32.456801903],[-91.493400976,32.456870823],[-91.494118177,32.4569323850001],[-91.495458951,32.457027816],[-91.496513858,32.4571056850001],[-91.498865584,32.4573025560001],[-91.503601574,32.457687478],[-91.5055092959999,32.4578393830001],[-91.5059440539999,32.4577195750001],[-91.506769648,32.45779101],[-91.510088845,32.4580808750001],[-91.5127915149999,32.4583126160001],[-91.51635686,32.458588564],[-91.519770185,32.458854058],[-91.521752672,32.459007421],[-91.524901541,32.459260585],[-91.5274242579999,32.4594529340001],[-91.531202942,32.459759471],[-91.533573159,32.459947738],[-91.5357338919999,32.4601152010001],[-91.537710499,32.4602655570001],[-91.5398019689999,32.460442933],[-91.541852945,32.460596056],[-91.544102686,32.4607804550001],[-91.545853219,32.460915613],[-91.546889536,32.4610007110001],[-91.549107696,32.461175101],[-91.550968896,32.4613162260001],[-91.55431906,32.461577785],[-91.556112163,32.46172268],[-91.559324894,32.4619691030001],[-91.562693611,32.46223668],[-91.565345018,32.4624388010001],[-91.567816324,32.462632447],[-91.570255903,32.4628224790001],[-91.5709116479999,32.462858967],[-91.571477073,32.4628528750001],[-91.571972069,32.462863815],[-91.57276014,32.4629204],[-91.5741547809999,32.463025429],[-91.5747487529999,32.463075954],[-91.575286122,32.4631243860001],[-91.575850933,32.463164882],[-91.576741861,32.463223032],[-91.5771831009999,32.4632914690001],[-91.577595843,32.463355151],[-91.578383029,32.463426166],[-91.578674705,32.4634736450001],[-91.5787625949999,32.4635820720001],[-91.578975836,32.4635713800001],[-91.579270581,32.4635130130001],[-91.579959528,32.463581844],[-91.581217558,32.4636837630001],[-91.5824303919999,32.4637787520001],[-91.58473654,32.46396588],[-91.587518282,32.4641767730001],[-91.590598933,32.4644145170001],[-91.592456413,32.464562545],[-91.5949784169999,32.4647641760001],[-91.596953624,32.4649167320001],[-91.5989583209999,32.465069412],[-91.6009827509999,32.465222538],[-91.602419115,32.4653427810001],[-91.604276017,32.465487017],[-91.606366517,32.4656371890001],[-91.609505344,32.465892748],[-91.611218896,32.4660261060001],[-91.6117200909999,32.466069347],[-91.6130631129999,32.4661764420001],[-91.6153935849999,32.466344307],[-91.617003026,32.4664701230001],[-91.618286031,32.4665682780001],[-91.620201047,32.4667267890001],[-91.622403957,32.4668899810001],[-91.624747763,32.4670847880001],[-91.625907393,32.4671729560001],[-91.627433883,32.467280476],[-91.629621849,32.46744984],[-91.6313682209999,32.467583984],[-91.635586732,32.467917749],[-91.637639071,32.4680822340001],[-91.6398072329999,32.4682487380001],[-91.6413853029999,32.468372883],[-91.6436491759999,32.468547933],[-91.644959439,32.4686459110001],[-91.6466013089999,32.4687783320001],[-91.647649519,32.468861401]],[[-91.130481002,32.3668870000001],[-91.136102001,32.3686680000001],[-91.141481002,32.3703980010001],[-91.146850999,32.3721140000001],[-91.155123,32.3747670000001],[-91.1661399979999,32.378298999],[-91.1679730019999,32.378874],[-91.168445999,32.3789830000001],[-91.169144,32.3789679990001],[-91.169582002,32.3788660000001],[-91.1699950009999,32.3787360000001],[-91.170357,32.378539001],[-91.170640998,32.3782780000001],[-91.170933,32.377863001],[-91.171213001,32.377481999],[-91.171545001,32.3772460010001],[-91.1718369989999,32.377151],[-91.171949001,32.377092001],[-91.172015,32.377038],[-91.172068998,32.376982001],[-91.172658999,32.376921],[-91.1727500009999,32.377035001],[-91.172922001,32.3770400000001],[-91.173213999,32.377074001],[-91.173545999,32.377164001],[-91.173833999,32.377347001],[-91.174041001,32.377645],[-91.174160998,32.377885],[-91.1742039979999,32.3781470010001],[-91.1742130009999,32.378437999],[-91.174135001,32.378779001],[-91.1740229979999,32.3793100010001],[-91.174049,32.3796510010001],[-91.174143999,32.380014999],[-91.174332999,32.380386],[-91.174747001,32.380771],[-91.175305999,32.381062001],[-91.176394999,32.381465001],[-91.177665998,32.3818410010001],[-91.179215999,32.3823210000001],[-91.1828649989999,32.383556001],[-91.1856020009999,32.3845889990001],[-91.189319999,32.386188001],[-91.191489001,32.3872200000001],[-91.193675,32.388367999],[-91.1953970009999,32.389298001],[-91.195861,32.3894730000001],[-91.1962569999999,32.389575],[-91.196734999,32.389579999],[-91.197374001,32.389481001],[-91.197864001,32.3892700010001],[-91.198325002,32.389018999],[-91.198960001,32.388848001],[-91.1996750009999,32.388847001],[-91.199676,32.388847001],[-91.199921,32.388944],[-91.200198998,32.388987],[-91.2005429989999,32.3891540000001],[-91.2008839979999,32.389503],[-91.200983999,32.3898610000001],[-91.201006998,32.3903280000001],[-91.201020998,32.391015],[-91.201094002,32.391639],[-91.2012149989999,32.392146999],[-91.201575998,32.3925980010001],[-91.202076001,32.392947001],[-91.2025919989999,32.3932520000001],[-91.204158998,32.3941390010001],[-91.205742,32.39504],[-91.208395001,32.396672],[-91.2099049989999,32.3975810000001],[-91.212322998,32.3989519990001],[-91.214073,32.399931999],[-91.2166960019999,32.4012979990001],[-91.217953,32.4018820000001],[-91.219167998,32.402389999],[-91.220828002,32.403035001],[-91.221868001,32.403375001],[-91.224623002,32.4041319990001],[-91.2275099999999,32.404746999],[-91.2388540009999,32.4070820000001],[-91.266792999,32.4128259990001],[-91.274055,32.414289],[-91.2753549989999,32.414565],[-91.286672998,32.4168979990001],[-91.290910001,32.4177740000001],[-91.291346998,32.417864001],[-91.294695002,32.4184670010001],[-91.2947110009999,32.4184680010001],[-91.2986149989999,32.418758999],[-91.301412,32.4189670000001],[-91.301727002,32.418990001],[-91.3034890009999,32.4191249990001],[-91.306281,32.419339001],[-91.310154,32.4196370000001],[-91.3140149989999,32.419932999],[-91.314973,32.4200069990001],[-91.317853998,32.420232],[-91.321744001,32.420536],[-91.325588001,32.4208360000001],[-91.3276420019999,32.4209959990001],[-91.329455001,32.421136001],[-91.333272999,32.421430001],[-91.337181,32.421730999],[-91.340647002,32.4219980010001],[-91.341107998,32.4220339990001],[-91.3450139999999,32.4223410000001],[-91.3489119979999,32.422646999],[-91.352761,32.422949999],[-91.356620999,32.4232529990001],[-91.3571039989999,32.423291001],[-91.360565,32.423567001],[-91.3644570019999,32.4238769990001],[-91.3671309979999,32.424090001],[-91.368298999,32.4241689990001],[-91.370367,32.4243079990001],[-91.3721729979999,32.424466001],[-91.374486999,32.424668001],[-91.376055002,32.4247960010001],[-91.376922001,32.4248669990001],[-91.378195998,32.4249970010001],[-91.3799409979999,32.4252210000001],[-91.38177,32.425455001],[-91.383876,32.425773],[-91.387712001,32.4263509990001],[-91.391507,32.426923001],[-91.393027001,32.427152001],[-91.395385002,32.4275020010001],[-91.399217001,32.428070001],[-91.403019,32.428634],[-91.406076001,32.429088001],[-91.406893,32.4292100000001],[-91.410652998,32.4297710000001],[-91.414523,32.430349],[-91.415381,32.430477],[-91.4159179979999,32.430477],[-91.416284,32.430376999],[-91.416637,32.430238],[-91.417003001,32.4300929990001],[-91.417409999,32.4298449990001],[-91.417905001,32.429496],[-91.4182249989999,32.429264],[-91.4184059989999,32.429133001],[-91.418767998,32.428892999],[-91.418989999,32.4287890000001],[-91.419213999,32.4287300010001],[-91.419491001,32.428709999],[-91.419762998,32.428725],[-91.4200460009999,32.4287840010001],[-91.420245998,32.428818999],[-91.420399002,32.4288040010001],[-91.420764998,32.428982999],[-91.420877001,32.429064],[-91.421189999,32.429292],[-91.4214370019999,32.429536001],[-91.422256999,32.4307400000001],[-91.422558,32.431154],[-91.4229349989999,32.431496999],[-91.423418999,32.431721001],[-91.425287998,32.431999999],[-91.428614002,32.4324969990001],[-91.429115999,32.432572001],[-91.4329309999999,32.433144],[-91.436768999,32.433720001],[-91.437310998,32.4338010010001],[-91.440563998,32.434292999],[-91.443863001,32.4347920010001],[-91.444435,32.434878],[-91.448299001,32.4354610010001],[-91.4521949999999,32.4360480010001],[-91.453538999,32.4362500010001],[-91.456008002,32.4366210000001],[-91.458375001,32.4369770000001],[-91.4589539999999,32.436907999],[-91.460079,32.4370860000001],[-91.463618002,32.437647],[-91.466274001,32.438068],[-91.4674539979999,32.438248001],[-91.46784,32.4383070000001],[-91.469665,32.438587001],[-91.472616999,32.439041],[-91.472861999,32.4390780000001],[-91.475130001,32.4394240010001],[-91.475759001,32.439519999],[-91.478917001,32.439986],[-91.478920999,32.439987],[-91.478794002,32.4408460000001],[-91.4819279989999,32.441268],[-91.4823769979999,32.441329001],[-91.4831080009999,32.4414500010001],[-91.4856349989999,32.441855],[-91.4886470009999,32.4423380010001],[-91.489512002,32.442389],[-91.4895270009999,32.442393001],[-91.490114999,32.442527999],[-91.490580001,32.442709],[-91.490890001,32.4428399990001],[-91.491181999,32.442956],[-91.491483,32.443095],[-91.491888,32.443312001],[-91.4922359989999,32.44359],[-91.4927329989999,32.4440620010001],[-91.492943998,32.444288999],[-91.493145998,32.4444020010001],[-91.4936539999999,32.4445279990001]]]},"properties":{"id":"uniti-regional-20260919-bbb28f5e9168dadbac6e","sourceId":"uniti-regional-20260919","source":"Uniti Wholesale regional transport network","sourceUrl":"https://www.unitiwholesale.com/network-map/","name":"Uniti Wholesale regional transport network","carrier":"Uniti Wholesale","category":"unknown","routeStatus":"Publisher network map; current operating status unverified","evidence":"publisher_route","geometryQuality":"publisher_geometry_unverified","dataDate":null,"metadataModified":"2025-06-13T12:55:45+00:00","retrievedAt":"2026-09-19T13:31:26.703698+00:00","networkType":"Carrier-published regional transport geometry; not a surveyed cable alignment","serviceability":"Unconfirmed","routeDiversity":"Unconfirmed","states":["LA"],"publishedLineParts":2,"importBatch":"20260919","sourceRecordIds":["2994","95588"]},"bbox":[-91.647649519,32.3668870000001,-91.130481002,32.468861401]},{"type":"Feature","geometry":{"type":"MultiLineString","coordinates":[[[-91.110690559,30.442461017],[-91.1106810379999,30.4430112590001],[-91.110670182,30.443600512],[-91.110733096,30.443978042],[-91.110690397,30.44407074]],[[-91.110720988,30.441511416],[-91.110690559,30.442461017]],[[-91.008251509,30.456884287],[-91.0082121769999,30.4571894100001],[-91.008202195,30.4579049660001],[-91.008184161,30.4585056450001],[-91.008178994,30.4591134780001],[-91.0081602179999,30.4596113750001],[-91.008164912,30.460054127],[-91.008201792,30.4607239170001],[-91.008194417,30.4611652770001],[-91.00819777,30.461562014],[-91.0081716179999,30.4619936600001],[-91.008142784,30.4623728230001],[-91.0081139499999,30.462752215],[-91.0081059089999,30.4629936200001],[-91.008137494,30.463183938],[-91.008201792,30.463482905],[-91.008311092,30.4637280860001],[-91.008499518,30.4639845940001],[-91.0088160189999,30.464258326],[-91.009170931,30.464481349],[-91.009505018,30.4645800060001],[-91.009684982,30.464633151],[-91.009732924,30.4646932000001],[-91.009820305,30.464802648],[-91.009891431,30.464917024],[-91.009965899,30.4650491720001],[-91.0099454689999,30.46508964],[-91.009820507,30.4653371640001],[-91.009775898,30.4654255250001],[-91.009785584,30.4654695300001],[-91.009803893,30.465552716],[-91.0098200259999,30.465626011],[-91.009828054,30.4657060850001],[-91.009835795,30.4657833110001],[-91.0098334579999,30.465857733],[-91.009822247,30.4660959240001],[-91.0098143969999,30.4662278810001],[-91.0098208589999,30.4662632500001]],[[-91.007410411,30.446064001],[-91.007387036,30.4464047330001],[-91.007391973,30.4468673600001],[-91.00740639,30.4473027450001],[-91.007436607,30.447711649],[-91.007479206,30.448282788],[-91.0074914099999,30.4485769120001],[-91.0078517649999,30.448550089],[-91.007895623,30.44893118],[-91.0079361969999,30.449462861],[-91.007963693,30.4497068210001],[-91.00801891,30.4500952390001],[-91.008095393,30.4505324040001],[-91.00814423,30.450811555],[-91.00819319,30.450964791],[-91.00833753,30.4514165590001],[-91.008492119,30.4519003990001],[-91.008571267,30.4525150100001],[-91.008470576,30.453262355],[-91.00845935,30.453608741],[-91.0084520249999,30.4540163120001],[-91.008474189,30.4554276270001],[-91.008490895,30.4568761950001]],[[-91.109118718,30.4309715110001],[-91.109215278,30.4310189220001],[-91.10986902,30.431900506],[-91.1105293809999,30.4330522160001],[-91.110516294,30.4335575320001]],[[-91.0554038,30.4121234200001],[-91.0554897929999,30.4122403160001],[-91.055647009,30.412454027],[-91.0558128489999,30.412783098],[-91.056069612,30.4133866970001],[-91.056252138,30.4137554430001],[-91.056581759,30.414190606],[-91.0568879159999,30.414447126],[-91.057099815,30.414594279],[-91.0573593619999,30.414754729],[-91.057572598,30.4148410080001],[-91.057781042,30.414929063],[-91.057996288,30.4150007690001],[-91.058324406,30.415044069],[-91.0588680069999,30.4150727050001],[-91.059565237,30.4150727050001],[-91.0604353369999,30.4150555190001],[-91.061078147,30.4150819590001],[-91.061299928,30.4151269600001],[-91.06151697,30.4151791960001],[-91.061651078,30.415221251],[-91.061796979,30.415267004],[-91.0618788779999,30.415318504],[-91.062111197,30.41546459],[-91.0624350689999,30.415693574],[-91.062675094,30.415906109],[-91.062953378,30.4162497240001],[-91.0632822269999,30.4166404210001],[-91.063513593,30.416904651],[-91.063814,30.4171544600001],[-91.0642109679999,30.4173857640001],[-91.0645650179999,30.417533796],[-91.064717935,30.4175764600001],[-91.0649298,30.417635569],[-91.065226147,30.417672579],[-91.065476826,30.417672579],[-91.0672861199999,30.417670034],[-91.067736731,30.417646903],[-91.068514572,30.4173462100001],[-91.069431887,30.4168234640001],[-91.069602498,30.4167672660001]],[[-91.069602498,30.4167672660001],[-91.069938569,30.416948689],[-91.070362878,30.4175384910001],[-91.07079186,30.4181347850001],[-91.0713859909999,30.418960633],[-91.07223807,30.420146736],[-91.072489708,30.4204978120001],[-91.073529093,30.421947905],[-91.073939077,30.4225198870001],[-91.075085503,30.42411923],[-91.076175398,30.4256395510001],[-91.076475863,30.4260584250001],[-91.076909228,30.4266625650001],[-91.077460256,30.4274307310001],[-91.077913737,30.4280629090001]],[[-91.0405351639999,30.393856188],[-91.042499439,30.394167205],[-91.0452081669999,30.3945913530001],[-91.045924099,30.394708156],[-91.046391018,30.394795222],[-91.046885493,30.394891902],[-91.04760056,30.395073847],[-91.047733022,30.395111688],[-91.049434888,30.395607909],[-91.049936794,30.395749224],[-91.050524807,30.3957600570001]],[[-91.101553872,30.4309450310001],[-91.100929782,30.4309399700001]],[[-91.101553872,30.4309450310001],[-91.102898645,30.430955936],[-91.1046365999999,30.430964541],[-91.1067013319999,30.43097034]],[[-91.08804365,30.430829153],[-91.091541164,30.430859942],[-91.0971570729999,30.430909377]],[[-91.083868326,30.430839658],[-91.083881535,30.430724282],[-91.0838985,30.430104542]],[[-91.0838985,30.430104542],[-91.083596458,30.4300948650001],[-91.0830600149999,30.4300994910001],[-91.0829191999999,30.4301041150001],[-91.082786431,30.4300994910001],[-91.082673778,30.430071738],[-91.0825758779999,30.429995418],[-91.082559311,30.4299013400001],[-91.08254865,30.42963231],[-91.081606213,30.429621689],[-91.080892665,30.429618555],[-91.0807637029999,30.4296124840001],[-91.0806977239999,30.429607391],[-91.0806143739999,30.429571428],[-91.0804932289999,30.4293832550001],[-91.080458874,30.429321594],[-91.08039336,30.429305346],[-91.079566773,30.4297480710001],[-91.079199311,30.4298786250001],[-91.07868115,30.429132881]],[[-91.086144303,30.4308439000001],[-91.08563988,30.430843457],[-91.085597606,30.430840647],[-91.0852902939999,30.430822585],[-91.085080976,30.4308148380001],[-91.084755222,30.430831778],[-91.0844675879999,30.4308458850001],[-91.084240372,30.430866259],[-91.0839266089999,30.4308677280001],[-91.083868326,30.430839658]],[[-91.08804365,30.430829153],[-91.0879064169999,30.430830219],[-91.087740181,30.430831509],[-91.087514894,30.430833259],[-91.0872575669999,30.4308352570001],[-91.086892768,30.4308380890001],[-91.086551834,30.430840737]],[[-91.098439892,30.4309197800001],[-91.0971570729999,30.430909377]],[[-91.1067013319999,30.43097034],[-91.107033932,30.4309547060001],[-91.10755815,30.430930065],[-91.107591825,30.4311854210001],[-91.107970425,30.431146647]],[[-91.100929782,30.4309399700001],[-91.098439892,30.4309197800001]],[[-91.086551834,30.430840737],[-91.086144303,30.4308439000001]],[[-91.025745682,30.408027808],[-91.025793635,30.4077728180001],[-91.0259450459999,30.407781313],[-91.025980596,30.407658665],[-91.026125436,30.407459723],[-91.026458029,30.407140493],[-91.026812081,30.40684208],[-91.027026658,30.406620005],[-91.027128582,30.406379423],[-91.027262692,30.4057247590001],[-91.027293411,30.405517626],[-91.0273217009999,30.4052852300001],[-91.027498726,30.404251172],[-91.027681117,30.403082928],[-91.027804499,30.402233918],[-91.027820592,30.402011832],[-91.027724032,30.4016972100001],[-91.027482047,30.401312687],[-91.027074937,30.400783413],[-91.026989107,30.400542816],[-91.026989107,30.4000408000001],[-91.0271232169999,30.399173256],[-91.027251963,30.398497723],[-91.02741826,30.398125252],[-91.027681117,30.397773602],[-91.0278903289999,30.397565387],[-91.0281853709999,30.3973571720001],[-91.0287218139999,30.397130448],[-91.029065137,30.3969546210001],[-91.029403095,30.3967440910001],[-91.0296607289999,30.396406686],[-91.0297678749999,30.3962258620001],[-91.029923443,30.395830247],[-91.030111198,30.39469892],[-91.030250673,30.3937156480001],[-91.030400876,30.392797148],[-91.030638384,30.391438635]],[[-91.015870735,30.4083234760001],[-91.016821194,30.4084931250001],[-91.017338324,30.4085569710001],[-91.017700959,30.408560209],[-91.0183339599999,30.4084019840001],[-91.0188462629999,30.4082085970001],[-91.0193955779999,30.408066563],[-91.019960452,30.408008731],[-91.021971035,30.4080295520001],[-91.023207728,30.408049373]],[[-91.030911257,30.3914733020001],[-91.030638384,30.391438635]],[[-91.014029047,30.427102],[-91.014064019,30.42665326],[-91.014064019,30.426181446],[-91.013742153,30.4247012290001],[-91.013366644,30.4230914670001],[-91.013447046,30.422380694],[-91.013591949,30.4209265740001],[-91.0137743399999,30.419955132],[-91.013920364,30.418782626],[-91.0140211039999,30.4178456810001],[-91.0140425609999,30.416864955],[-91.014154046,30.415340687],[-91.0145682739999,30.4137191670001],[-91.015317682,30.411554626],[-91.015598242,30.4106658050001],[-91.0158533169999,30.4087022530001],[-91.0158479,30.408314897]],[[-91.023207728,30.408049373],[-91.025745682,30.408027808]],[[-91.007705855,30.436585015],[-91.007689762,30.439933565],[-91.007716583,30.441191555],[-91.007308887,30.4411961800001],[-91.007322299,30.4413291460001],[-91.007351803,30.443406872],[-91.007429451,30.445903521]],[[-91.007708473,30.431908542],[-91.007681652,30.433816488],[-91.007705855,30.436585015]],[[-91.007330246,30.4254893680001],[-91.007372945,30.4255629140001],[-91.007383675,30.4260333440001],[-91.007418795,30.427283061],[-91.007689699,30.4273015630001],[-91.0076736679999,30.429679422],[-91.007690543,30.430760155],[-91.007708473,30.431908542]],[[-91.110516294,30.4335575320001],[-91.1105047039999,30.4340050270001],[-91.11057766,30.4345138050001],[-91.110580343,30.435045707],[-91.1105706869999,30.4368356520001],[-91.110570151,30.43863944],[-91.110560204,30.4413102400001]],[[-91.0354235249999,30.392275006],[-91.0349943419999,30.3921328590001],[-91.034645253,30.3920145170001],[-91.0343984899999,30.391944876],[-91.034109348,30.391860082],[-91.032974907,30.39172138],[-91.0325813869999,30.39167196]],[[-91.036223319,30.3925271420001],[-91.0361175909999,30.392510385],[-91.035456085,30.3922857900001],[-91.0354235249999,30.392275006]],[[-91.050524807,30.3957600570001],[-91.050525006,30.39576006],[-91.050718793,30.3961825960001],[-91.0510827689999,30.3963348260001],[-91.051326715,30.3964592940001],[-91.051933597,30.397055599],[-91.053185034,30.398394824],[-91.054137403,30.3993873640001],[-91.054632941,30.399927786],[-91.0547510919999,30.4002764210001],[-91.055542477,30.4013401330001],[-91.055686999,30.4015485840001],[-91.056118182,30.40215499],[-91.0564899679999,30.4026263810001],[-91.056899841,30.4029458250001],[-91.058122192,30.4038894650001],[-91.058587589,30.4042701390001],[-91.058583646,30.4043421810001]],[[-91.069602498,30.4167672660001],[-91.069619826,30.416759776],[-91.0699400239999,30.41691817],[-91.0727921499999,30.420944988],[-91.073530233,30.4219727120001],[-91.0751514299999,30.424248639],[-91.075237391,30.424369315]],[[-91.03326114,30.391733496],[-91.033273905,30.391719682]],[[-91.0309128759999,30.391462424],[-91.03326114,30.391733496]],[[-91.0309128759999,30.391462424],[-91.030638384,30.391438635]],[[-91.050631725,30.3956899990001],[-91.050646457,30.396122516],[-91.050716257,30.396189539],[-91.0507926129999,30.3962285910001],[-91.0510608499999,30.3963419500001],[-91.0513290869999,30.3964749900001],[-91.05149267,30.3965883490001],[-91.051649605,30.3967604390001],[-91.0520318389999,30.397179779],[-91.052536063,30.397761056],[-91.05329514,30.3985929840001],[-91.054066273,30.3994124050001]],[[-91.0562378539999,30.413754957],[-91.0563783379999,30.4139512730001],[-91.056457479,30.4140588010001],[-91.056602287,30.414211494],[-91.056748533,30.414352566],[-91.056904031,30.4144850390001],[-91.0570582719999,30.4145937280001],[-91.0572889599999,30.414725581],[-91.05748614,30.414819241],[-91.057715479,30.4149115070001],[-91.058120441,30.4150178720001],[-91.058285371,30.415045606],[-91.058513363,30.4150710930001],[-91.0586944629999,30.41507915],[-91.05991213,30.415080312],[-91.060836227,30.415089298],[-91.0611755199999,30.415125166],[-91.061462443,30.4151876060001],[-91.0616041069999,30.415227658],[-91.061705257,30.4152581810001],[-91.061854108,30.415322944],[-91.062007001,30.415398089],[-91.0621289919999,30.415467501],[-91.062242989,30.4155400890001],[-91.0622966179999,30.415580527],[-91.06233821,30.4156522640001],[-91.062503141,30.4157756700001],[-91.06256216,30.415791862],[-91.062751256,30.4159916520001],[-91.0630302719999,30.4163349140001],[-91.06343119,30.4168388420001],[-91.063618938,30.417013453],[-91.063724939,30.417094407],[-91.063880527,30.417205185],[-91.064025336,30.417290786],[-91.064320343,30.4174385160001],[-91.064560462,30.417531011],[-91.06477498,30.4175946120001],[-91.064964075,30.4176396980001],[-91.065251895,30.417684164],[-91.0653315759999,30.417686023],[-91.065406676,30.4176929170001],[-91.0655287559999,30.417695242],[-91.0670253489999,30.4176917550001],[-91.067235915,30.417687185],[-91.067485377,30.417674403],[-91.067765652,30.417635128],[-91.067875605,30.417606232],[-91.068036583,30.4175587450001],[-91.068174744,30.417510173],[-91.068383962,30.417418297],[-91.068430854,30.4173997820001],[-91.068535507,30.4173454],[-91.069321354,30.416893224],[-91.0697429539999,30.416699109]],[[-91.054066273,30.3994124050001],[-91.054440491,30.3999032740001],[-91.05524646,30.401012563],[-91.055884803,30.401889634],[-91.0561074949999,30.4021869220001],[-91.056453437,30.402622122],[-91.057221945,30.4032843310001],[-91.0583122309999,30.4041755600001],[-91.058428922,30.404257687],[-91.058583611,30.404342214],[-91.058518753,30.404415585],[-91.0584382649999,30.404478033],[-91.058351128,30.404568216],[-91.058259949,30.404681565],[-91.058123135,30.404899044],[-91.057777104,30.4054892620001],[-91.057588009,30.405798625],[-91.0575183,30.4059212700001],[-91.0572930019999,30.4063153910001],[-91.057144151,30.4066215760001],[-91.056980478,30.407083717],[-91.056914811,30.407308936],[-91.056861452,30.4075295860001],[-91.056845102,30.407654476],[-91.056812852,30.407884653],[-91.056795425,30.4081275350001],[-91.0567900359999,30.4083024720001],[-91.056764613,30.4086607140001],[-91.056731106,30.408942951],[-91.056658612,30.4093714580001],[-91.056603635,30.409627972],[-91.056503113,30.4100038720001],[-91.0563864229999,30.4103734180001],[-91.056354173,30.4104864500001],[-91.056320665,30.4107119720001],[-91.0562938959999,30.4108461540001],[-91.0561557349999,30.41117146],[-91.055926395,30.4117092700001],[-91.0558768079999,30.411785579],[-91.055768112,30.411885053],[-91.055713135,30.411922084],[-91.0556622,30.411935951],[-91.055429177,30.4121293970001],[-91.055588449,30.412376608],[-91.055634083,30.4124505930001],[-91.055746732,30.412666582],[-91.0561181859999,30.413510004],[-91.0562378539999,30.413754957]],[[-91.036246397,30.3924321340001],[-91.036379672,30.392568103],[-91.03660561,30.392656226],[-91.039405299,30.393614714],[-91.039701743,30.393689798],[-91.0400839759999,30.3937811530001],[-91.040216747,30.393805484],[-91.040758521,30.3938759960001],[-91.04130838,30.3939523970001],[-91.042013826,30.394076994],[-91.0424442999999,30.3941591290001],[-91.0428975889999,30.3942250690001],[-91.0434353209999,30.3943011590001],[-91.045362476,30.394602578],[-91.046560111,30.3948037290001],[-91.0467975349999,30.3948442540001],[-91.047139524,30.394948393],[-91.048491309,30.395336747],[-91.049204751,30.395540066],[-91.0497882069999,30.395705186],[-91.049902203,30.3957202180001],[-91.050055007,30.3957213800001],[-91.0503299809999,30.3957167310001],[-91.050631725,30.3956899990001]],[[-91.107970425,30.431146647],[-91.108267816,30.4311092840001],[-91.10848351,30.4310713510001],[-91.108824609,30.431002419],[-91.109049652,30.430956942],[-91.109118718,30.4309715110001]],[[-91.007330246,30.4254893680001],[-91.009085839,30.4257373820001],[-91.0107166219999,30.4260611790001],[-91.0115856579999,30.426310964],[-91.012916033,30.426838285],[-91.014029047,30.427102]],[[-91.083557586,30.430782062],[-91.083731448,30.4309814210001],[-91.083868325,30.4308396600001]],[[-91.058583646,30.4043421810001],[-91.058539458,30.404400481],[-91.058257544,30.404723437],[-91.0581186049999,30.404943087],[-91.0579393369999,30.4052460040001],[-91.05754291,30.4059193160001],[-91.0574455029999,30.406083868],[-91.057303953,30.4063439060001],[-91.057199636,30.4065628650001],[-91.057110041,30.40677207],[-91.057037282,30.406984848],[-91.056939239,30.407317307],[-91.056858288,30.407742152],[-91.056812467,30.408168979],[-91.056795069,30.4084847240001],[-91.0567382039999,30.4089935070001],[-91.056659181,30.40943107],[-91.056607528,30.4096530530001],[-91.0565548769999,30.409867107],[-91.056411576,30.4103463070001],[-91.056339227,30.4106788080001],[-91.056312541,30.410848711],[-91.0561239089999,30.4113153280001]],[[-91.030638384,30.391438635],[-91.030910465,30.391486834]],[[-91.005546768,30.361176876],[-91.006102728,30.3608240770001]],[[-91.006102728,30.3608240770001],[-91.006442313,30.3605950620001],[-91.007344868,30.3600107940001],[-91.00802041,30.359597144],[-91.008329643,30.359439718],[-91.0080929229999,30.359245921]],[[-91.030910465,30.391486834],[-91.028044553,30.391135111],[-91.0273112369999,30.391192952]],[[-91.0187426519999,30.391255421],[-91.017047495,30.391209148],[-91.016253561,30.391209148],[-91.015277237,30.3911166020001],[-91.014043422,30.3908389640001],[-91.0131743859999,30.3906168520001],[-91.01120028,30.390135609],[-91.009483666,30.38974691],[-91.0084215109999,30.389598834],[-91.008174748,30.3895710700001],[-91.007493391,30.3894874150001]],[[-91.0075604459999,30.386905649],[-91.0075479879999,30.3869045050001],[-91.0075088139999,30.3869009050001],[-91.0075031809999,30.3870130070001],[-91.007466032,30.38710359],[-91.007461205,30.387133422],[-91.007452219,30.387188967],[-91.00744976,30.387276824],[-91.0074403149999,30.38761421],[-91.007434163,30.3878339980001],[-91.00743001,30.3880911920001],[-91.007430243,30.3882184390001],[-91.007431157,30.3887159060001],[-91.007434039,30.3889451310001],[-91.007438282,30.3891807850001],[-91.00744672,30.389417657],[-91.007493391,30.3894874150001]],[[-91.0273112369999,30.391192952],[-91.026209921,30.391246166],[-91.0244718499999,30.3914312580001],[-91.022755236,30.391579331],[-91.021961303,30.391644112],[-91.0215321479999,30.391653368],[-91.021145911,30.39161635],[-91.0203948929999,30.391486786],[-91.019440027,30.3913202030001],[-91.0187426519999,30.391255421]],[[-91.0092999999999,30.3874000000001],[-91.009246982,30.387387217],[-91.0092750109999,30.387308896],[-91.0075604459999,30.386905649],[-91.0075088139999,30.3869009050001],[-91.0075031809999,30.3870130070001],[-91.007466032,30.38710359],[-91.007452219,30.387188967],[-91.0074298229999,30.387989057],[-91.007431298,30.388792843],[-91.007438808,30.3892100030001],[-91.00744672,30.389417657],[-91.007493391,30.3894874150001]],[[-91.005017387,30.3637382840001],[-91.005128833,30.3638377550001],[-91.006708654,30.365706532],[-91.0075294109999,30.366694715],[-91.0089187949999,30.368220937],[-91.009606968,30.369030036],[-91.009130206,30.369690846],[-91.008445573,30.3707192530001],[-91.007851275,30.371634315],[-91.00797734,30.371798616],[-91.00781976,30.3719569020001],[-91.007649171,30.3721697990001],[-91.0075232409999,30.3724424000001],[-91.0074583319999,30.372673346],[-91.007430169,30.3728862420001],[-91.007420111,30.376134699],[-91.00742695,30.3793511160001],[-91.007431377,30.379756979],[-91.00742695,30.3809268900001],[-91.00742467,30.382464229],[-91.0074557839999,30.3833333100001],[-91.007452029,30.3837373050001],[-91.007451359,30.3847623250001],[-91.007455649,30.385959942],[-91.007467585,30.386080721],[-91.007500939,30.386851644],[-91.0075604459999,30.386905649]],[[-91.005546768,30.361176876],[-91.005367549,30.361267694],[-91.005043003,30.361477143],[-91.0041176409999,30.3621749180001],[-91.0038038229999,30.362489666],[-91.003929886,30.362554468],[-91.004254434,30.3628044160001],[-91.005017387,30.3637382840001]],[[-91.0098208589999,30.4662632500001],[-91.06925647,30.4567910640001],[-91.0693609689999,30.457351497],[-91.0870295409999,30.454551671],[-91.087503269,30.458134887],[-91.088247361,30.459311685],[-91.0898006689999,30.4633336060001],[-91.091773883,30.463472978],[-91.097294694,30.468049433],[-91.101603896,30.468184539],[-91.105192416,30.4663150850001],[-91.098382532,30.455963239],[-91.098240897,30.454197707],[-91.0988220569999,30.4526467430001],[-91.102319012,30.4517602820001],[-91.102000371,30.445195386],[-91.112039766,30.445155447],[-91.111595141,30.444034458]],[[-91.122009373,30.3701630750001],[-91.118157721,30.376503636],[-91.117127753,30.378262259],[-91.1124928959999,30.385426006],[-91.112063742,30.3862404560001],[-91.112321235,30.386370027],[-91.1118491659999,30.387628707],[-91.111999369,30.3882950600001],[-91.112149573,30.3893501110001],[-91.1118491659999,30.3906642800001],[-91.110947943,30.392940898],[-91.110196925,30.394236511],[-91.1095746519999,30.395328513],[-91.1092313299999,30.3952544800001],[-91.105368949,30.4016396810001],[-91.104875422,30.4013805800001],[-91.104768134,30.4015286380001],[-91.1006053459999,30.3992152050001],[-91.1001761919999,30.398882066],[-91.094382621,30.3962539300001],[-91.093524314,30.3958467480001],[-91.092987872,30.3953840390001],[-91.0926016339999,30.394625191],[-91.092472888,30.3939958980001],[-91.09273038,30.393274057],[-91.092944957,30.3925522110001],[-91.092258311,30.3924041390001],[-91.091121054,30.391941414],[-91.0909493929999,30.3922190490001],[-91.090434409,30.392718791],[-91.089833594,30.392996425],[-91.089082576,30.3932925660001],[-91.0883530149999,30.393477654],[-91.087687827,30.3938663370001],[-91.085198737,30.3959948140001],[-91.084748126,30.396439012],[-91.0845979219999,30.397197846],[-91.08470521,30.3986599720001],[-91.084576464,30.400233122],[-91.0842545989999,30.4008253600001],[-91.083911277,30.401139985],[-91.083396292,30.4016581880001],[-91.08305297,30.402157882],[-91.0827096469999,30.4026205590001],[-91.082473613,30.4030462200001],[-91.082044459,30.403953057],[-91.08148656,30.4053225490001],[-91.080950118,30.4062293650001],[-91.0788687239999,30.4109483710001],[-91.078375197,30.4121512190001],[-91.0778816709999,30.41287292],[-91.0773452289999,30.413372557],[-91.073203898,30.415620888],[-91.0701461799999,30.4164720950001],[-91.06968484,30.4167404090001]]]},"properties":{"id":"uniti-regional-20260919-c496507d7edf084b6dc4","sourceId":"uniti-regional-20260919","source":"Uniti Wholesale regional transport network","sourceUrl":"https://www.unitiwholesale.com/network-map/","name":"Uniti Wholesale regional transport network","carrier":"Uniti Wholesale","category":"unknown","routeStatus":"Publisher network map; current operating status unverified","evidence":"publisher_route","geometryQuality":"publisher_geometry_unverified","dataDate":null,"metadataModified":"2025-06-13T12:55:45+00:00","retrievedAt":"2026-09-19T13:31:26.703698+00:00","networkType":"Carrier-published regional transport geometry; not a surveyed cable alignment","serviceability":"Unconfirmed","routeDiversity":"Unconfirmed","states":["LA"],"publishedLineParts":55,"importBatch":"20260919","sourceRecordIds":["95891","95892","95893","95894","95895","95897","95898","95899","95900","95901","95902","95903","95904","95905","95906","95907","95908","95909","95910","95911","95912","95914","95915","95917","95918","95920","95921","95922","95923","95924","95926","95927","95931","95933","95934","95935","95936","95937","95938","95942","95943","95946","95947","95949","95960","95961","95962","95963","95964","95965","95969","95974","95978","96016","96082"]},"bbox":[-91.122009373,30.359245921,-91.0038038229999,30.468184539]},{"type":"Feature","geometry":{"type":"MultiLineString","coordinates":[[[-91.210065946,32.4125401200001],[-91.210079164,32.4124744700001],[-91.2101241559999,32.4124121890001]],[[-91.2101241559999,32.4124121890001],[-91.210156948,32.412484094],[-91.2101389649999,32.412565607]],[[-90.9317899979999,32.323289001],[-90.9317899979999,32.32329],[-90.934427,32.322838001],[-90.935579001,32.3226500000001],[-90.9394510019999,32.3220199990001],[-90.941025001,32.321763999],[-90.9428070009999,32.321468999],[-90.944456002,32.321199],[-90.945087999,32.3211380000001],[-90.946364,32.3211790010001],[-90.9471770009999,32.321245],[-90.947911002,32.321403],[-90.9487599989999,32.321622],[-90.950662,32.3220590010001],[-90.954408998,32.3229659990001],[-90.9564549999999,32.323447],[-90.958645001,32.3239810000001],[-90.960755998,32.3245020000001],[-90.963918001,32.325247999],[-90.968389002,32.3262810000001],[-90.9744219999999,32.327701],[-90.979520001,32.328877],[-90.985771002,32.330345999],[-90.9912729979999,32.331621999],[-90.9952539989999,32.3325559990001],[-90.999957998,32.333643001],[-91.0039659989999,32.3345820000001],[-91.008203002,32.335564999],[-91.0125830009999,32.336571],[-91.014550002,32.3370340010001],[-91.017468,32.337726],[-91.019934999,32.3382779990001],[-91.021705002,32.3386960010001],[-91.023325999,32.339121999],[-91.024549001,32.33945],[-91.025176001,32.339639001],[-91.026190998,32.340020999],[-91.027361001,32.340465001],[-91.032432001,32.3424640010001],[-91.036582999,32.344072],[-91.040836,32.3457510000001],[-91.041681,32.346097],[-91.042112001,32.3463080000001],[-91.0425099999999,32.346528],[-91.0428719989999,32.346797],[-91.04326,32.347044],[-91.043615998,32.347224001],[-91.044036002,32.3474219990001],[-91.0472149989999,32.348746001],[-91.049414999,32.349649],[-91.049973001,32.3497840000001],[-91.050504998,32.349856001],[-91.051026001,32.349901001],[-91.051472002,32.3500079990001],[-91.051951,32.350148001],[-91.0524559999999,32.350350001],[-91.053417999,32.350736001],[-91.055357999,32.351503999],[-91.060052,32.3533400010001],[-91.066350998,32.3557920000001],[-91.071029,32.357673999],[-91.074775998,32.3591059990001],[-91.0788689999999,32.360727],[-91.080341999,32.361373001],[-91.085280001,32.3633130000001],[-91.095826001,32.3674530010001],[-91.1040439989999,32.370667],[-91.106883001,32.3717990010001],[-91.108833998,32.3726520010001],[-91.111529999,32.3737850000001],[-91.1168339979999,32.3761700000001],[-91.118140002,32.376765],[-91.119477,32.377385001],[-91.120277001,32.377817001],[-91.121600998,32.3784120010001],[-91.123053001,32.379031],[-91.123445999,32.3792200010001],[-91.123504998,32.379104],[-91.123504998,32.379103],[-91.123935,32.378425],[-91.124700999,32.3772040000001],[-91.124976998,32.376836],[-91.125242998,32.376628999],[-91.125753,32.3762610000001],[-91.126492002,32.3757810010001],[-91.127008,32.375435],[-91.127215001,32.375264999],[-91.127326999,32.375139001],[-91.1276990009999,32.374129001],[-91.128097999,32.3729480000001],[-91.128852001,32.3707840000001],[-91.129186999,32.369873001],[-91.129272,32.3697339990001],[-91.129581001,32.368921001],[-91.130189,32.367687999],[-91.130339001,32.3672769990001],[-91.1304600019999,32.366953999],[-91.1304779989999,32.3668860010001]]]},"properties":{"id":"uniti-regional-20260919-0b046883a8f89f256e3c","sourceId":"uniti-regional-20260919","source":"Uniti Wholesale regional transport network","sourceUrl":"https://www.unitiwholesale.com/network-map/","name":"Uniti Wholesale regional transport network","carrier":"Uniti Wholesale","category":"unknown","routeStatus":"Publisher network map; current operating status unverified","evidence":"publisher_route","geometryQuality":"publisher_geometry_unverified","dataDate":null,"metadataModified":"2025-06-13T12:55:45+00:00","retrievedAt":"2026-09-19T13:31:26.703698+00:00","networkType":"Carrier-published regional transport geometry; not a surveyed cable alignment","serviceability":"Unconfirmed","routeDiversity":"Unconfirmed","states":["LA"],"publishedLineParts":3,"importBatch":"20260919","sourceRecordIds":["2986","2996","95589"]},"bbox":[-91.210156948,32.3211380000001,-90.9317899979999,32.412565607]},{"type":"Feature","geometry":{"type":"MultiLineString","coordinates":[[[-90.85447707,30.190467267],[-90.854517303,30.190467267],[-90.8549437739999,30.190207607],[-90.856072984,30.189440215],[-90.8565289589999,30.1891898260001],[-90.856883012,30.1890205810001],[-90.857467733,30.18874237],[-90.860324285,30.187527505],[-90.8606810199999,30.1872794290001],[-90.860907593,30.187176633],[-90.8626671229999,30.186397625],[-90.86389021,30.1857113510001],[-90.864748516,30.1850807170001],[-90.865237426,30.1847188210001],[-90.8657210279999,30.1842509410001],[-90.867337881,30.1823364140001],[-90.869447747,30.1797572580001],[-90.8725692799999,30.176311881],[-90.872896509,30.1759269720001],[-90.87372263,30.174967012],[-90.874912049,30.1731640960001]],[[-90.866224753,30.1049649030001],[-90.8618395619999,30.103576967],[-90.857299879,30.102096481],[-90.8541030869999,30.1010683530001],[-90.8480303709999,30.098909248],[-90.844928649,30.0973361580001],[-90.84275388,30.0957013500001],[-90.8380471299999,30.0916966610001],[-90.8346280009999,30.0888426610001],[-90.8312197389999,30.08590366],[-90.826452479,30.0818610000001],[-90.8245009729999,30.080370816],[-90.822259348,30.0773498300001],[-90.817386609,30.071287],[-90.813503479,30.0664476580001],[-90.80868574,30.0605326580001],[-90.805675609,30.0573421720001],[-90.80361461,30.055711998],[-90.801299865,30.054013765],[-90.799784087,30.0527525150001],[-90.796012087,30.050165516],[-90.7907744779999,30.0465920010001],[-90.788016001,30.0447996890001],[-90.786304945,30.044165353],[-90.783392869,30.0436505180001],[-90.7819777569999,30.043487758]],[[-90.853921457,30.1891072120001],[-90.853901515,30.189078884],[-90.8538154839999,30.189153247],[-90.853667418,30.189060898]],[[-90.881543376,30.211421973],[-90.8816242679999,30.2113971310001],[-90.88168498,30.21136283],[-90.881697346,30.2113561990001],[-90.881710058,30.211350085],[-90.881723089,30.2113445000001],[-90.88173641,30.211339455],[-90.8817499899999,30.211334965],[-90.8817638,30.2113310390001],[-90.881777808,30.211327682],[-90.881791984,30.211324904],[-90.881806295,30.2113227140001],[-90.881820709,30.211321113],[-90.881835195,30.2113201070001],[-90.8818497189999,30.211319696],[-90.8829180769999,30.2113114700001],[-90.883008637,30.2113112160001],[-90.883896495,30.211313052],[-90.883930692,30.211313057],[-90.885084849,30.2113110280001],[-90.886246251,30.2113066360001],[-90.886374955,30.211305688],[-90.8863771809999,30.2113056260001],[-90.886379401,30.211305473],[-90.886381609,30.211305231],[-90.886383801,30.211304899],[-90.8863859749999,30.211304478],[-90.886388122,30.211303969],[-90.886390238,30.2113033730001],[-90.8863923229999,30.2113026920001],[-90.886394367,30.2113019270001],[-90.886396367,30.21130108],[-90.88639832,30.211300151],[-90.886400221,30.2112991440001],[-90.886417087,30.211289735],[-90.886418988,30.2112887260001],[-90.886420941,30.211287799],[-90.886422941,30.211286952],[-90.886424986,30.211286186],[-90.886427068,30.211285505],[-90.886429187,30.2112849110001],[-90.886431334,30.2112844010001],[-90.8864335069999,30.211283981],[-90.8864357,30.2112836480001],[-90.8864379079999,30.2112834060001],[-90.886440127,30.211283253],[-90.886442351,30.2112831920001],[-90.886607767,30.2112819720001],[-90.8866100069999,30.211282],[-90.8866122429999,30.2112821220001],[-90.8866144689999,30.2112823350001],[-90.886616682,30.2112826380001],[-90.8866188759999,30.211283032],[-90.8866210469999,30.211283515],[-90.8866231869999,30.211284087],[-90.886625295,30.2112847450001],[-90.886627365,30.211285489],[-90.886629391,30.2112863180001],[-90.886631372,30.2112872270001],[-90.8866333,30.211288218],[-90.886635172,30.2112892860001],[-90.8866369839999,30.2112904300001],[-90.886638733,30.2112916470001],[-90.8866607589999,30.211307732],[-90.8866624569999,30.2113089150001],[-90.8866642149999,30.21131003],[-90.8866660309999,30.211311074],[-90.886667898,30.2113120430001],[-90.8866698159999,30.2113129370001],[-90.8866717769999,30.2113137540001],[-90.8866737819999,30.211314492],[-90.886675822,30.211315149],[-90.886677895,30.2113157260001],[-90.886679997,30.211316219],[-90.886682122,30.211316627],[-90.886684266,30.2113169510001],[-90.8866864249999,30.2113171890001],[-90.8866885959999,30.211317341],[-90.88669077,30.211317406],[-90.88746508,30.211325214],[-90.888595371,30.2113185810001],[-90.889729361,30.211312213],[-90.890912448,30.2113070660001],[-90.89323518,30.211297679],[-90.896504648,30.2112372550001],[-90.900529443,30.2111178320001],[-90.9033581849999,30.2110296050001],[-90.903462884,30.2110265900001],[-90.905052908,30.2109838390001],[-90.905211752,30.210980255],[-90.9069972779999,30.21094685],[-90.908242394,30.2109325220001]],[[-90.988721648,30.254741231],[-90.988741304,30.25446004],[-90.988910785,30.254413829],[-90.9889121099999,30.253900576],[-90.9888985709999,30.24948148],[-90.988850311,30.246072767],[-90.988885114,30.244427484],[-90.9888709259999,30.244084437],[-90.988733493,30.240524776],[-90.988755371,30.239862741],[-90.98886895,30.2392810970001],[-90.989467054,30.2380678820001],[-90.9897365519999,30.237700405],[-90.990267877,30.2371864040001],[-90.991195905,30.236378738],[-90.991637874,30.235707291],[-90.992894634,30.233513734],[-90.9938602029999,30.23185519],[-90.994699985,30.2308836770001],[-90.995848783,30.2298106430001],[-90.99721482,30.228494928],[-91.0003686269999,30.225458995],[-91.002344751,30.2236411700001],[-91.003746056,30.222323037]],[[-90.853667418,30.189060898],[-90.853396515,30.189334472],[-90.8535842699999,30.1894851690001],[-90.853755931,30.1896706420001],[-90.853962461,30.18996508],[-90.854142169,30.190178373],[-90.854751073,30.1906899950001],[-90.854751906,30.190747711]],[[-91.003746056,30.222323037],[-91.003888609,30.222422298],[-91.005649816,30.220419884],[-91.0063994349999,30.219674459],[-91.006203349,30.219523506],[-91.006170523,30.2192929230001],[-91.0026666959999,30.2162319450001],[-91.000482,30.2143258940001],[-90.998362555,30.212460138],[-90.997858674,30.212065779],[-90.997264474,30.2117042830001],[-90.996157001,30.21111654],[-90.994659505,30.2106156770001],[-90.993128847,30.210365091],[-90.9907514349999,30.210371974],[-90.9856565649999,30.210442621],[-90.978654869,30.2104684600001],[-90.9745110279999,30.2105500000001]],[[-90.877235573,30.170425433],[-90.877537364,30.170169001],[-90.877837789,30.169912364],[-90.878018161,30.1697580410001],[-90.878224294,30.1695560950001],[-90.8785411009999,30.169245495],[-90.87872759,30.1689961830001],[-90.878862771,30.1688366650001],[-90.879050401,30.168616171],[-90.879094456,30.168563744],[-90.879205855,30.168283047],[-90.879395114,30.1680709890001],[-90.8796982319999,30.1679243770001],[-90.880035789,30.167537313],[-90.8805245679999,30.1669734220001],[-90.8806013669999,30.166470685],[-90.8805189999999,30.1662956710001]],[[-90.87410013,30.107608],[-90.866224753,30.1049649030001]],[[-90.8717251529999,30.134403536],[-90.870699794,30.128797165],[-90.869742322,30.123561695],[-90.869385025,30.1216079210001],[-90.869148991,30.120137024],[-90.8690417029999,30.118967716],[-90.869153,30.117349],[-90.869195783,30.116793898],[-90.869530911,30.114962038],[-90.870157024,30.113006225],[-90.8707500349999,30.111769522],[-90.87145832,30.110667476],[-90.872438749,30.1094081260001],[-90.87410013,30.107608]],[[-90.8787638699999,30.1622846700001],[-90.8763881309999,30.157082835],[-90.876766443,30.156811432],[-90.876601756,30.1564676690001],[-90.875893653,30.1549555450001],[-90.875223101,30.1532068330001],[-90.874970973,30.15232087],[-90.874888697,30.1520096140001],[-90.8747993119999,30.151671467],[-90.873889801,30.146259796],[-90.872912118,30.1408931230001],[-90.8717251529999,30.134403536]],[[-90.8805189999999,30.1662956710001],[-90.8787638699999,30.1622846700001]],[[-90.920817465,30.210787198],[-90.92129311,30.210785276],[-90.922586102,30.2107842040001],[-90.923377409,30.210769793],[-90.923668637,30.2107695490001],[-90.935763271,30.210647657],[-90.937073955,30.210634456],[-90.937085135,30.210634172],[-90.937096297,30.2106335450001],[-90.9371074259999,30.210632575],[-90.937313363,30.210623973]],[[-90.854751906,30.190747711],[-90.854752234,30.190748313],[-90.854752597,30.1907489010001],[-90.8547529909999,30.190749472],[-90.854753417,30.190750026],[-90.854753874,30.1907505630001],[-90.854754359,30.1907510770001],[-90.854754873,30.1907515720001],[-90.854755414,30.1907520460001],[-90.855146938,30.191077916],[-90.855762243,30.191556824],[-90.855816786,30.1916010520001],[-90.855871871,30.191647587],[-90.8562335829999,30.191893329],[-90.857294756,30.192709662],[-90.85823898,30.19343623],[-90.858580989,30.193681031],[-90.858811577,30.193858461],[-90.860105477,30.19485544],[-90.860559189,30.195131517],[-90.8618741379999,30.196144669],[-90.8626019659999,30.196704555],[-90.862896592,30.196912829],[-90.864548504,30.198183521],[-90.864988135,30.1985400520001],[-90.867927054,30.200800584],[-90.8715092689999,30.203558399],[-90.874551153,30.2059005840001],[-90.8749195079999,30.2062025700001],[-90.877470027,30.208166256],[-90.878159367,30.208733712],[-90.881154929,30.2110398400001],[-90.881543376,30.211421973]],[[-90.9745110279999,30.2105500000001],[-90.973665483,30.210510217],[-90.9680299999999,30.210574379],[-90.961423565,30.210620298],[-90.95526487,30.2107243790001],[-90.953124972,30.2107263880001],[-90.949578999,30.21087165],[-90.945655887,30.2109163800001],[-90.944212566,30.2108484600001],[-90.937329435,30.210866165],[-90.937313363,30.210623973]],[[-90.853667418,30.189060898],[-90.8538154839999,30.189153247],[-90.853845066,30.189127678],[-90.853882904,30.189094971],[-90.853885722,30.189098605]],[[-90.7819777569999,30.043487758],[-90.776827,30.042895344],[-90.7721807399999,30.042417689],[-90.770595347,30.0422485180001],[-90.764949391,30.041624691],[-90.758632609,30.040951863],[-90.752449349,30.040258898],[-90.7474205409999,30.0398857640001],[-90.746304809,30.0400247800001],[-90.7456301079999,30.0401088450001]],[[-90.874912049,30.1731640960001],[-90.875608213,30.1724279530001],[-90.8762673699999,30.171927152],[-90.877269583,30.1706920620001],[-90.877235573,30.170425433]],[[-90.908242394,30.2109325220001],[-90.9082940929999,30.210931927],[-90.910927247,30.210917996],[-90.9135601149999,30.210900477],[-90.916828946,30.2108805030001],[-90.917822273,30.2108775030001],[-90.918079064,30.2108749700001],[-90.918933492,30.2108531540001],[-90.920163708,30.210842085],[-90.920165259,30.2108420390001],[-90.920166804,30.2108419250001],[-90.920168342,30.2108417480001],[-90.920169866,30.210841504],[-90.920171376,30.2108411960001],[-90.920172866,30.210840825],[-90.920174334,30.2108403880001],[-90.920175775,30.2108398940001],[-90.920177188,30.2108393350001],[-90.9201785659999,30.2108387180001],[-90.920179908,30.210838043],[-90.920181209,30.210837312],[-90.92018247,30.2108365280001],[-90.9201836829999,30.2108356890001],[-90.920184849,30.2108348000001],[-90.920185963,30.2108338630001],[-90.9203132159999,30.2107213840001],[-90.920314268,30.2107204970001],[-90.920315364,30.2107196530001],[-90.920316505,30.210718855],[-90.920317687,30.210718102],[-90.920318908,30.210717399],[-90.920320165,30.2107167450001],[-90.920321456,30.2107161430001],[-90.920322778,30.210715592],[-90.920324127,30.2107150960001],[-90.920325502,30.2107146540001],[-90.920326898,30.2107142680001],[-90.9203283139999,30.210713937],[-90.9203297449999,30.2107136660001],[-90.92033119,30.210713452],[-90.920332644,30.2107132950001],[-90.920334106,30.2107131980001],[-90.92033557,30.2107131590001],[-90.920715217,30.2107107940001],[-90.920716682,30.210710814],[-90.920718143,30.210710894],[-90.9207196,30.2107110310001],[-90.9207210479999,30.210711229],[-90.920722483,30.2107114820001],[-90.920723902,30.210711793],[-90.9207253049999,30.2107121600001],[-90.920726686,30.2107125860001],[-90.920728044,30.2107130650001],[-90.920729374,30.210713597],[-90.920730674,30.210714184],[-90.920731941,30.2107148210001],[-90.9207331739999,30.2107155090001],[-90.920734368,30.2107162460001],[-90.920735523,30.2107170290001],[-90.920736632,30.2107178580001],[-90.920737698,30.2107187330001],[-90.920817465,30.210787198]]]},"properties":{"id":"uniti-regional-20260919-281e1e74e50542241e12","sourceId":"uniti-regional-20260919","source":"Uniti Wholesale regional transport network","sourceUrl":"https://www.unitiwholesale.com/network-map/","name":"Uniti Wholesale regional transport network","carrier":"Uniti Wholesale","category":"unknown","routeStatus":"Publisher network map; current operating status unverified","evidence":"publisher_route","geometryQuality":"publisher_geometry_unverified","dataDate":null,"metadataModified":"2025-06-13T12:55:45+00:00","retrievedAt":"2026-09-19T13:31:26.703698+00:00","networkType":"Carrier-published regional transport geometry; not a surveyed cable alignment","serviceability":"Unconfirmed","routeDiversity":"Unconfirmed","states":["LA"],"publishedLineParts":19,"importBatch":"20260919","sourceRecordIds":["95971","95975","95985","95987","95990","95991","95992","95993","95994","95995","95996","95997","95998","95999","96003","96004","96007","96009","96014"]},"bbox":[-91.0063994349999,30.0398857640001,-90.7456301079999,30.254741231]},{"type":"Feature","geometry":{"type":"MultiLineString","coordinates":[[[-90.969348342,30.466143849],[-90.969735883,30.4658371900001],[-90.9705188409999,30.465338591],[-90.9711004,30.4650608440001],[-90.971748644,30.4648006510001],[-90.9721777619999,30.4646464620001],[-90.973156623,30.4644032640001],[-90.974084413,30.464261788],[-90.974963465,30.464203485],[-90.976384649,30.4640724600001],[-90.9772743029999,30.463987509],[-90.977608378,30.463907431],[-90.978147502,30.463819577],[-90.980034973,30.4635830670001],[-90.980920638,30.463495676],[-90.981425161,30.463454293],[-90.982115777,30.4635062680001],[-90.983053898,30.463519568],[-90.9838745709999,30.463524728],[-90.984748431,30.4636012280001],[-90.986090802,30.4637434790001],[-90.986861343,30.4638671180001],[-90.9876925889999,30.464037456],[-90.988244214,30.464173122],[-90.9888559709999,30.464338372],[-90.9893619379999,30.46446481],[-90.991876255,30.4652668350001],[-90.992190744,30.465222215],[-90.992802287,30.4654325970001],[-90.993306945,30.465613271],[-90.993679148,30.465634122],[-90.9946074599999,30.465969779],[-90.9950017039999,30.466113482],[-90.9952351159999,30.46615798],[-90.996120946,30.466332924],[-90.996349156,30.466410979],[-90.99645349,30.46644008],[-90.996673414,30.4665957010001],[-90.9971582059999,30.4667586730001],[-90.997826355,30.4669069450001],[-90.9983954099999,30.467028688],[-90.9989960029999,30.467114044],[-90.9996447409999,30.467194863],[-91.000013718,30.467226532],[-91.000338745,30.467250866],[-91.000930921,30.467277697],[-91.001514772,30.4672899],[-91.002140797,30.4672826870001],[-91.0029080529999,30.4672438970001],[-91.003206217,30.4672292700001],[-91.0033949959999,30.4672123],[-91.003863342,30.4671758540001],[-91.004396243,30.4670981450001],[-91.006552707,30.4667512390001],[-91.007859287,30.466547749],[-91.00982019,30.46624724],[-91.0098208589999,30.4662632500001]],[[-90.956962736,30.4806296360001],[-90.956697469,30.480486017]],[[-90.9204508289999,30.482702519],[-90.921034161,30.482664691],[-90.922450367,30.4826184610001],[-90.923252884,30.482654983],[-90.924713078,30.482823259],[-90.926777844,30.48302713],[-90.9291794929999,30.483267061],[-90.932541374,30.483616093],[-90.934536938,30.4838305960001],[-90.936447207,30.484023832],[-90.9382373129999,30.484162058],[-90.939633671,30.484190257],[-90.941011772,30.4842079120001]],[[-90.956697469,30.480486017],[-90.9580490979999,30.4789472530001],[-90.958298445,30.478649799],[-90.959204703,30.4775715690001]],[[-90.956962736,30.4806296360001],[-90.956859045,30.4807418870001],[-90.95630255,30.4813616970001],[-90.956071416,30.4816898550001]],[[-90.773591085,30.502923738],[-90.7779654999999,30.5028899970001],[-90.780800472,30.5028422400001],[-90.7834918,30.5027918600001],[-90.7859389019999,30.502764047],[-90.791467617,30.5027581190001],[-90.7927514459999,30.5027386260001],[-90.794134537,30.5027622800001],[-90.798330439,30.5027051160001],[-90.8003116639999,30.502686709],[-90.8008089459999,30.502682549],[-90.803080364,30.502578935],[-90.805426101,30.502261946],[-90.8077034189999,30.5020497130001],[-90.8123363989999,30.501415105],[-90.813344249,30.501303562],[-90.815976838,30.5009462750001],[-90.8172978259999,30.5008120040001],[-90.819747631,30.500509429],[-90.8247283489999,30.4998785660001],[-90.8259043529999,30.499725954],[-90.827414851,30.4995087930001],[-90.829318,30.499280377],[-90.830208371,30.4991850100001],[-90.832943687,30.498857066],[-90.8347230639999,30.498659237],[-90.83526943,30.498608855],[-90.835552136,30.4985709520001],[-90.835903237,30.498520571],[-90.836371551,30.498386063],[-90.836698244,30.498276748],[-90.8369908719999,30.498146632],[-90.837276652,30.4980242930001],[-90.837599734,30.4978734590001],[-90.837746183,30.4977978850001],[-90.8379508359999,30.497650666],[-90.838710973,30.497267944],[-90.8409734159999,30.496217065],[-90.841543922,30.495981788],[-90.841807316,30.495863919],[-90.842021892,30.4957800230001],[-90.8423826489999,30.4956538340001],[-90.844143106,30.4948600920001],[-90.84553183,30.4942830680001],[-90.848986103,30.4927880870001],[-90.850675503,30.492000494],[-90.853108535,30.4910292980001],[-90.854852899,30.4903300520001],[-90.855785111,30.489906932],[-90.856355886,30.4896841230001],[-90.856789867,30.489524411],[-90.857135334,30.4893644680001],[-90.857891449,30.4889398770001],[-90.8583546679999,30.4887087430001],[-90.859003225,30.488477608],[-90.859392682,30.488405726],[-90.85989506,30.488271437],[-90.8604070929999,30.488145237],[-90.860870312,30.488090689],[-90.861314217,30.488040302],[-90.861417337,30.4880187250001],[-90.86195312,30.487935135],[-90.862099299,30.487981362],[-90.8632746439999,30.4878637140001],[-90.864916691,30.487686201],[-90.865448306,30.487631423],[-90.866480473,30.4875302770001],[-90.867163095,30.487475729],[-90.868279967,30.487324334],[-90.870792071,30.487093567],[-90.873376164,30.486836865],[-90.875238369,30.486639612],[-90.876014386,30.4865719800001],[-90.87627236,30.4865640290001],[-90.8776907119999,30.486417025],[-90.8814860909999,30.486013316],[-90.8839703,30.485781852],[-90.886686037,30.485500323],[-90.8887184,30.4852903070001],[-90.89162511,30.4849962930001],[-90.8935213779999,30.4848062030001],[-90.896316293,30.484529616],[-90.8996473289999,30.4842104050001],[-90.900854002,30.484091736],[-90.903116444,30.483864753],[-90.90373067,30.48380581],[-90.905222515,30.4836419280001],[-90.906625632,30.483445777],[-90.9068318399999,30.4834401370001],[-90.907509098,30.483385587],[-90.909203516,30.483140738],[-90.909657088,30.4830953480001]],[[-90.959204703,30.4775715690001],[-90.9598998069999,30.476744554],[-90.960867661,30.475662448],[-90.960880333,30.4756473320001],[-90.962737574,30.4734320050001],[-90.964868947,30.470949544],[-90.96610516,30.4695393470001],[-90.96801995,30.467303756],[-90.968927267,30.4664770420001],[-90.969348342,30.466143849]],[[-90.9176912949999,30.482224289],[-90.9176551679999,30.4826110060001],[-90.917754614,30.482735131],[-90.918146785,30.482735131],[-90.918514,30.482716697],[-90.918813477,30.4827013350001],[-90.9193803429999,30.482689045],[-90.9198794709999,30.4826706100001],[-90.9204508289999,30.482702519]],[[-90.909657088,30.4830953480001],[-90.911068271,30.4828229350001],[-90.911905221,30.482730626],[-90.913806658,30.4827388190001],[-90.915721406,30.482728986],[-90.916923115,30.482692937],[-90.917246359,30.482396345],[-90.91726794,30.48221791],[-90.9176912949999,30.482224289]],[[-90.9204508289999,30.482702519],[-90.922160128,30.4825996860001],[-90.922745118,30.482608008],[-90.923325548,30.482641754],[-90.926482794,30.4829540740001],[-90.928950426,30.4832187370001],[-90.929341474,30.483263773],[-90.933836874,30.4837524540001],[-90.935986648,30.483927855],[-90.937492976,30.4840707020001],[-90.938014934,30.484100058],[-90.938639085,30.4841169320001],[-90.940269348,30.4841685150001],[-90.940942314,30.4841856190001],[-90.943056145,30.484221871],[-90.943419868,30.484223264],[-90.9436706399999,30.4842514580001],[-90.945645283,30.484297686],[-90.9484146619999,30.484364718],[-90.949258217,30.4843691100001],[-90.9494339029999,30.4843563970001],[-90.949609319,30.4843522360001],[-90.949823895,30.484331201],[-90.949980001,30.4843143280001],[-90.9501165249999,30.484289134],[-90.950317075,30.484260326],[-90.950331691,30.4845249850001],[-90.950901071,30.484440534],[-90.951320568,30.4843480750001],[-90.951783786,30.484230423],[-90.9521592949999,30.4841083790001],[-90.952835937,30.483854781],[-90.95319731,30.4836962470001],[-90.9535435829999,30.483527973],[-90.953870276,30.4833640900001],[-90.954094777,30.4832212420001],[-90.954455533,30.483002807],[-90.954889515,30.482700235],[-90.955226133,30.48243534],[-90.955674867,30.482040305],[-90.956010599,30.4817260250001]],[[-90.9848670649999,30.332988555],[-90.986325941,30.3350114130001],[-90.988326868,30.337516188],[-90.9891422599999,30.338581047]],[[-90.9802296,30.3250766690001],[-90.982348545,30.3287045430001],[-90.984057111,30.3316108390001],[-90.9848670649999,30.332988555]],[[-90.9891422599999,30.338581047],[-90.9905055139999,30.340228564],[-90.993512514,30.3439958710001],[-90.9968525149999,30.3482677440001],[-91.0001993979999,30.3524360000001],[-91.003292341,30.356378309],[-91.004390421,30.3575309280001],[-91.005997136,30.358425121],[-91.0079050419999,30.3591723380001],[-91.007938321,30.3591977630001],[-91.0080929229999,30.359245921]],[[-90.98758054,30.2674585140001],[-90.987463149,30.267664803],[-90.987390491,30.2678090810001],[-90.9867659929999,30.26869062],[-90.9852670929999,30.2704358990001],[-90.984609705,30.271314056],[-90.9844010959999,30.2715421070001],[-90.984140004,30.272023518],[-90.984054277,30.272381809],[-90.9840159359999,30.2726600190001],[-90.983995412,30.2730940660001],[-90.9840816239999,30.274037545],[-90.984073101,30.2743458190001],[-90.983928854,30.275092144],[-90.98366285,30.2750318060001],[-90.983617833,30.275181423],[-90.983093558,30.2772064210001],[-90.982855693,30.278467047],[-90.982614235,30.2795738470001],[-90.98246125,30.280311592],[-90.982322185,30.2808400060001],[-90.9821722679999,30.2811852830001],[-90.98128189,30.2826047720001],[-90.981040854,30.283031318],[-90.980922014,30.28321091],[-90.98082146,30.283232368],[-90.980462346,30.283898021],[-90.9803715479999,30.2842211240001],[-90.980300191,30.2844873270001],[-90.9802768869999,30.2852313340001],[-90.9802208419999,30.2866094440001],[-90.980097039,30.2870989730001],[-90.9798360459999,30.287719157],[-90.979741298,30.287895528],[-90.979435643,30.2885567610001],[-90.979110794,30.289229354],[-90.97885022,30.289771218],[-90.978707884,30.2899897770001],[-90.978149323,30.290605333],[-90.977911853,30.290972367],[-90.9777108709999,30.291228389],[-90.977702242,30.291366451],[-90.9770180579999,30.293072051],[-90.9761228299999,30.295207298],[-90.975608822,30.2964196680001],[-90.974697695,30.2985971740001],[-90.974351585,30.299484654],[-90.974015966,30.3002508010001],[-90.973569176,30.3010998460001],[-90.9732730329999,30.3015410680001],[-90.972961829,30.301992027],[-90.972649109,30.302443575]],[[-90.98758054,30.2674585140001],[-90.987626193,30.2672629790001],[-90.987711829,30.266945933],[-90.988676442,30.264393195],[-90.9891465649999,30.263061285],[-90.9892564259999,30.262615386],[-90.9892433529999,30.259931239],[-90.989227712,30.2582924000001],[-90.989233231,30.254814966],[-90.9889148669999,30.254801419],[-90.988721648,30.254741231]],[[-90.972649109,30.302443575],[-90.97288083,30.3026014000001],[-90.972666918,30.302996422],[-90.97276199,30.3031913670001],[-90.9738679129999,30.3043098260001],[-90.973271572,30.3047523440001],[-90.974071486,30.30571009],[-90.974432232,30.3063597340001],[-90.974643976,30.306741049],[-90.974717459,30.3069414170001],[-90.975361046,30.309606887],[-90.976320583,30.3137757700001],[-90.976707344,30.3150962730001],[-90.977091345,30.3167270500001],[-90.977204376,30.317267444],[-90.977338791,30.3179405290001]],[[-90.977499111,30.3189087420001],[-90.977743194,30.3200872530001],[-90.97806774,30.3208235270001],[-90.978994443,30.322803102]],[[-90.978994443,30.322803102],[-90.97950306,30.3237393250001]],[[-90.97950306,30.3237393250001],[-90.9802296,30.3250766690001]],[[-90.977338791,30.3179405290001],[-90.977499111,30.3189087420001]]]},"properties":{"id":"uniti-regional-20260919-cc9a261427025d8f5f42","sourceId":"uniti-regional-20260919","source":"Uniti Wholesale regional transport network","sourceUrl":"https://www.unitiwholesale.com/network-map/","name":"Uniti Wholesale regional transport network","carrier":"Uniti Wholesale","category":"unknown","routeStatus":"Publisher network map; current operating status unverified","evidence":"publisher_route","geometryQuality":"publisher_geometry_unverified","dataDate":null,"metadataModified":"2025-06-13T12:55:45+00:00","retrievedAt":"2026-09-19T13:31:26.703698+00:00","networkType":"Carrier-published regional transport geometry; not a surveyed cable alignment","serviceability":"Unconfirmed","routeDiversity":"Unconfirmed","states":["LA"],"publishedLineParts":20,"importBatch":"20260919","sourceRecordIds":["95889","95890","95896","95913","95925","95928","95932","95940","95941","95948","95972","95979","95986","95989","96000","96001","96010","96011","96012","96013"]},"bbox":[-91.0098208589999,30.254741231,-90.773591085,30.502923738]},{"type":"Feature","geometry":{"type":"MultiLineString","coordinates":[[[-90.773557397,30.5029894950001],[-90.780387167,30.5029587670001],[-90.784002248,30.502923641],[-90.787103954,30.502893597],[-90.789871994,30.502821031],[-90.79834992,30.502711952],[-90.8020170359999,30.502675901],[-90.803131563,30.502644837]]]},"properties":{"id":"uniti-regional-20260919-7a0042c33c7b49684165","sourceId":"uniti-regional-20260919","source":"Uniti Wholesale regional transport network","sourceUrl":"https://www.unitiwholesale.com/network-map/","name":"Uniti Wholesale regional transport network","carrier":"Uniti Wholesale","category":"unknown","routeStatus":"Publisher network map; current operating status unverified","evidence":"publisher_route","geometryQuality":"publisher_geometry_unverified","dataDate":null,"metadataModified":"2025-06-13T12:55:45+00:00","retrievedAt":"2026-09-19T13:31:26.703698+00:00","networkType":"Carrier-published regional transport geometry; not a surveyed cable alignment","serviceability":"Unconfirmed","routeDiversity":"Unconfirmed","states":["LA"],"publishedLineParts":1,"importBatch":"20260919","sourceRecordIds":["95916"]},"bbox":[-90.803131563,30.502644837,-90.773557397,30.5029894950001]},{"type":"Feature","geometry":{"type":"MultiLineString","coordinates":[[[-90.931788999,32.3232859990001],[-90.931839998,32.3235290000001],[-90.928961998,32.3239960000001],[-90.9285520019999,32.324062],[-90.927644002,32.324218],[-90.926661998,32.3243170000001],[-90.9259829979999,32.324395999],[-90.925737998,32.3244779990001],[-90.925224999,32.3244399990001],[-90.924877999,32.3244779990001],[-90.9245389989999,32.324354]]]},"properties":{"id":"uniti-regional-20260919-b500cec9276dee8f6cda","sourceId":"uniti-regional-20260919","source":"Uniti Wholesale regional transport network","sourceUrl":"https://www.unitiwholesale.com/network-map/","name":"Uniti Wholesale regional transport network","carrier":"Uniti Wholesale","category":"unknown","routeStatus":"Publisher network map; current operating status unverified","evidence":"publisher_route","geometryQuality":"publisher_geometry_unverified","dataDate":null,"metadataModified":"2025-06-13T12:55:45+00:00","retrievedAt":"2026-09-19T13:31:26.703698+00:00","networkType":"Carrier-published regional transport geometry; not a surveyed cable alignment","serviceability":"Unconfirmed","routeDiversity":"Unconfirmed","states":["LA"],"publishedLineParts":1,"importBatch":"20260919","sourceRecordIds":["95590"]},"bbox":[-90.931839998,32.3232859990001,-90.9245389989999,32.3244779990001]},{"type":"Feature","geometry":{"type":"MultiLineString","coordinates":[[[-90.603389358,29.730317627],[-90.598199493,29.728216242],[-90.593794385,29.726033414],[-90.5885223189999,29.7227195940001],[-90.5841539529999,29.718989632],[-90.578306738,29.712893379],[-90.573553864,29.7092988160001],[-90.5716851889999,29.709772],[-90.569757011,29.71097409],[-90.5689952179999,29.7104772550001],[-90.5698592319999,29.707673072],[-90.572022052,29.706940633],[-90.573045369,29.707424109],[-90.5757383069999,29.7062918780001],[-90.576824335,29.7034932890001],[-90.581303624,29.6986216220001],[-90.590040544,29.692053663],[-90.6041382339999,29.6907395160001],[-90.61814473,29.690222239],[-90.627339803,29.6904022090001],[-90.630059413,29.689899816],[-90.634125642,29.690212047],[-90.635675061,29.692269632],[-90.637154282,29.6910845300001],[-90.6714289069999,29.662831211],[-90.6745064839999,29.660822798],[-90.687774513,29.6452656330001],[-90.6944757319999,29.63951217],[-90.701292721,29.6346303610001],[-90.7041255299999,29.6311454990001],[-90.706614251,29.62827021],[-90.71442953,29.607479498],[-90.715959157,29.602513134],[-90.7163558779999,29.599579186],[-90.7175425029999,29.597740421],[-90.718233671,29.594788893],[-90.723657089,29.5954174450001],[-90.7244456289999,29.590684943],[-90.725851112,29.5908948640001],[-90.729957957,29.590502687],[-90.733035531,29.591293498],[-90.737272939,29.593100496],[-90.7415206269999,29.5948110630001],[-90.7454671309999,29.5973013620001],[-90.7453240039999,29.5980202470001],[-90.746514901,29.60127713],[-90.746360913,29.605571835],[-90.7429287689999,29.606890408],[-90.744814,29.614151726],[-90.746842112,29.619090151],[-90.747742528,29.6184994980001],[-90.751279928,29.623916506],[-90.756369319,29.6298691420001],[-90.7596935289999,29.635033497],[-90.758844547,29.635929624],[-90.759841223,29.639722695],[-90.7625488799999,29.647703992],[-90.76603575,29.6554474860001],[-90.772010364,29.666341645],[-90.779946996,29.67669758],[-90.781844653,29.6789144570001],[-90.784448937,29.685776435],[-90.785568709,29.695255987],[-90.790430529,29.7064994990001],[-90.795462843,29.7171409420001],[-90.799457202,29.7236390950001],[-90.801150461,29.727623731],[-90.802154932,29.7333409930001],[-90.803184899,29.736335683],[-90.805209958,29.7388092250001],[-90.806087038,29.7385416590001],[-90.810330859,29.74195272],[-90.812426136,29.7453868750001],[-90.816462937,29.7527141840001],[-90.817111433,29.755645562],[-90.8161351429999,29.7635903520001],[-90.8162120439999,29.7737402810001],[-90.8193535289999,29.779997498],[-90.823184296,29.7877244420001],[-90.821011071,29.786561287],[-90.8178874989999,29.785730577],[-90.816193159,29.785470574],[-90.814651038,29.7856582520001],[-90.812328706,29.785486269],[-90.8100985299999,29.784096499],[-90.807285881,29.780501628],[-90.804909255,29.7790282820001],[-90.798702386,29.7903708980001],[-90.79938902,29.793443521],[-90.798927915,29.7948982820001],[-90.795698291,29.793834557],[-90.7921597329999,29.7919197420001],[-90.7887435809999,29.7891674430001],[-90.7833322929999,29.7841196690001],[-90.7717730109999,29.77438726],[-90.769262489,29.7718914820001],[-90.764536633,29.7653362550001],[-90.759601378,29.7616481380001],[-90.7549717059999,29.760398638],[-90.746341055,29.758852415],[-90.742220684,29.7578108540001],[-90.7335115179999,29.754959506],[-90.7280184089999,29.7536089050001],[-90.7278523139999,29.7545476880001],[-90.7246760049999,29.754346486],[-90.717235462,29.752867198],[-90.712698557,29.751918125],[-90.71019265,29.750196633],[-90.706877441,29.744881266],[-90.704890743,29.74383433],[-90.702408879,29.743198686],[-90.6994906369999,29.7429134020001],[-90.696062774,29.7417058840001],[-90.691497654,29.739621512],[-90.686535566,29.7383766900001],[-90.681412548,29.737636077],[-90.6775608949999,29.7377385520001],[-90.668318003,29.7389309810001],[-90.66365096,29.7389542700001],[-90.660609334,29.7387213760001],[-90.65793249,29.738926323],[-90.656355352,29.7390194810001],[-90.652702183,29.738791243],[-90.647186172,29.7368864810001],[-90.639908046,29.7339108080001],[-90.6368167959999,29.733722825],[-90.634888335,29.7346767060001],[-90.630632966,29.7348051640001],[-90.626413228,29.7352537420001],[-90.624438109,29.7355718860001],[-90.622661094,29.7357419040001],[-90.6207805889999,29.7357451660001],[-90.619563976,29.7356769740001],[-90.6155027789999,29.734817643],[-90.614274661,29.7343913450001],[-90.612370112,29.7334451190001],[-90.610063096,29.732459985],[-90.609304348,29.732064783],[-90.606954334,29.731260982],[-90.603389358,29.730317627]]]},"properties":{"id":"uniti-regional-20260919-f5115bc776bb1d50c0a3","sourceId":"uniti-regional-20260919","source":"Uniti Wholesale regional transport network","sourceUrl":"https://www.unitiwholesale.com/network-map/","name":"Uniti Wholesale regional transport network","carrier":"Uniti Wholesale","category":"unknown","routeStatus":"Publisher network map; current operating status unverified","evidence":"publisher_route","geometryQuality":"publisher_geometry_unverified","dataDate":null,"metadataModified":"2025-06-13T12:55:45+00:00","retrievedAt":"2026-09-19T13:31:26.703698+00:00","networkType":"Carrier-published regional transport geometry; not a surveyed cable alignment","serviceability":"Unconfirmed","routeDiversity":"Unconfirmed","states":["LA"],"publishedLineParts":1,"importBatch":"20260919","sourceRecordIds":["96017"]},"bbox":[-90.823184296,29.590502687,-90.5689952179999,29.7948982820001]},{"type":"Feature","geometry":{"type":"MultiLineString","coordinates":[[[-90.559075665,30.076949277],[-90.5612638369999,30.0769019790001],[-90.562622108,30.0768704130001],[-90.563021018,30.076860805]],[[-90.5007260579999,30.0732400680001],[-90.501597453,30.073405323],[-90.502506856,30.073577204],[-90.502719972,30.073618368],[-90.502987417,30.0736700260001]],[[-90.68305351,30.073403464],[-90.682633677,30.073699815],[-90.678662201,30.073687508],[-90.678331414,30.0736882100001],[-90.672427737,30.073645674],[-90.666356423,30.0735949],[-90.666168069,30.0735936190001],[-90.660574653,30.0735842230001],[-90.659891473,30.073636873],[-90.657272855,30.0738321200001],[-90.654411474,30.074265242],[-90.6533281069999,30.074451588],[-90.651228765,30.0748120970001],[-90.649267801,30.0750418860001],[-90.6474561739999,30.0751679750001],[-90.646937499,30.0752069160001],[-90.640917485,30.075286185],[-90.640352407,30.075298831],[-90.634811661,30.07539308],[-90.628644965,30.0754979750001],[-90.62218318,30.075601254]],[[-90.509692409,30.0752737220001],[-90.509772875,30.074911629],[-90.510167522,30.0749700170001]],[[-90.5557157279999,30.077018106],[-90.556382217,30.0769930810001],[-90.5584721929999,30.0769596580001],[-90.559075665,30.076949277]],[[-90.526438451,30.077513759],[-90.526452437,30.0775143930001],[-90.526620425,30.077518103],[-90.528611697,30.077527387],[-90.531263866,30.0774758600001],[-90.531795583,30.077464277],[-90.5329933529999,30.0774367500001],[-90.53505329,30.077399614],[-90.5363515829999,30.0773739900001],[-90.537134684,30.0773383380001],[-90.5391924749999,30.077318029],[-90.540438729,30.077287277],[-90.541190184,30.0772640640001],[-90.54326085,30.077226927],[-90.544304728,30.077210393],[-90.54510621,30.0772083590001],[-90.5471554169999,30.077171223],[-90.548774,30.077135679],[-90.549419202,30.0771303720001],[-90.5514684089999,30.0770932340001],[-90.552250583,30.077084676],[-90.5533566839999,30.077069097],[-90.555362977,30.077022674],[-90.5557157279999,30.077018106]],[[-90.502987417,30.0736700260001],[-90.5052747239999,30.0740973270001],[-90.505996129,30.074228323],[-90.506702395,30.074363301],[-90.5084795819999,30.0746803870001],[-90.509262946,30.0748129410001],[-90.510128059,30.0749625990001],[-90.510167522,30.0749700170001]],[[-90.5184450519999,30.076480474],[-90.519226582,30.076636276],[-90.519979275,30.0767998530001],[-90.520730295,30.0769314570001],[-90.521749533,30.077096833],[-90.522424582,30.077193418],[-90.52353052,30.077323135],[-90.524217166,30.077389865],[-90.525547541,30.0774734230001],[-90.526438451,30.077513759]],[[-90.510167522,30.0749700170001],[-90.5120828519999,30.0753075150001],[-90.5129282839999,30.07547092],[-90.513893582,30.075632679],[-90.5143316159999,30.0757308820001],[-90.516202725,30.076071966],[-90.517704718,30.0763456]],[[-90.714326,30.0551860300001],[-90.707404782,30.05855],[-90.7012672609999,30.061584343],[-90.697151261,30.0635603420001],[-90.695561821,30.0645335190001],[-90.6900532609999,30.0669673410001],[-90.68680709,30.06860392],[-90.683465058,30.0700837090001],[-90.682901794,30.0703344],[-90.6827515899999,30.0703344],[-90.682418996,30.070394751],[-90.68243509,30.070477155],[-90.682864243,30.0721344840001],[-90.683121735,30.073267209],[-90.68305351,30.073403464]],[[-90.726642403,30.049115708],[-90.721211261,30.051777687],[-90.714326,30.0551860300001]],[[-90.7456301079999,30.0401088450001],[-90.7437008539999,30.040832228],[-90.7398812609999,30.042671],[-90.73605987,30.044514517],[-90.7316491299999,30.046681172],[-90.72730587,30.0487905160001],[-90.726642403,30.049115708]],[[-90.62218318,30.075601254],[-90.6158486309999,30.0757156380001],[-90.613661746,30.075752837],[-90.6100431949999,30.0758279300001],[-90.598226706,30.076073147],[-90.597147502,30.0760998700001],[-90.592056358,30.0762259370001],[-90.587797616,30.076331393],[-90.5835354179999,30.076436933],[-90.579008985,30.0765490160001],[-90.573789903,30.0766782500001],[-90.5693570769999,30.0767513750001],[-90.564782895,30.0768277060001]]]},"properties":{"id":"uniti-regional-20260919-97e8e32f158343976b36","sourceId":"uniti-regional-20260919","source":"Uniti Wholesale regional transport network","sourceUrl":"https://www.unitiwholesale.com/network-map/","name":"Uniti Wholesale regional transport network","carrier":"Uniti Wholesale","category":"unknown","routeStatus":"Publisher network map; current operating status unverified","evidence":"publisher_route","geometryQuality":"publisher_geometry_unverified","dataDate":null,"metadataModified":"2025-06-13T12:55:45+00:00","retrievedAt":"2026-09-19T13:31:26.703698+00:00","networkType":"Carrier-published regional transport geometry; not a surveyed cable alignment","serviceability":"Unconfirmed","routeDiversity":"Unconfirmed","states":["LA"],"publishedLineParts":13,"importBatch":"20260919","sourceRecordIds":["95966","95967","95970","95973","95976","95977","95980","95982","95983","95988","96005","96006","96015"]},"bbox":[-90.7456301079999,30.0401088450001,-90.5007260579999,30.077527387]},{"type":"Feature","geometry":{"type":"MultiLineString","coordinates":[[[-90.6511624939999,30.484791606],[-90.6454420109999,30.481107813],[-90.641292553,30.4780727260001],[-90.634718209,30.475814916],[-90.6065377529999,30.475895963],[-90.598468469,30.4813310820001],[-90.592252,30.4817771560001],[-90.5875726209999,30.483668774],[-90.5797888499999,30.483747362],[-90.5823830909999,30.4938624590001],[-90.5829274339999,30.501281976],[-90.581045,30.504486],[-90.5040697539999,30.5045866030001]],[[-90.6600344,30.49399799],[-90.661365136,30.4948455000001],[-90.662379058,30.4954556810001],[-90.663173751,30.495963649],[-90.663705364,30.496461934],[-90.664350704,30.497158051],[-90.664454505,30.4972786920001],[-90.6649875319999,30.4979302260001],[-90.6650917979999,30.4980265730001],[-90.665055588,30.49804275],[-90.665310667,30.4983455060001],[-90.6655579649999,30.4986302340001],[-90.667130008,30.500498049],[-90.667626021,30.501124717],[-90.66824554,30.5019845100001],[-90.6694558459999,30.5039025190001]],[[-90.641292553,30.4780727260001],[-90.642016676,30.4785310830001],[-90.643068477,30.4791872690001],[-90.644185434,30.4799314800001],[-90.644259898,30.4799714910001],[-90.644380902,30.4799634890001],[-90.644684125,30.4798631790001],[-90.6454420109999,30.481107813],[-90.6456560939999,30.481355884],[-90.645888794,30.4815159290001],[-90.648755552,30.483276145],[-90.650849781,30.484588439],[-90.6511624939999,30.484791606],[-90.65136613,30.484931368],[-90.6515560299999,30.4851458680001],[-90.651833371,30.485525865],[-90.652267959,30.486174351],[-90.653057263,30.4873005520001],[-90.653468017,30.487942881]],[[-90.638804084,30.476608136],[-90.639092256,30.4767208110001],[-90.639449787,30.47688385],[-90.640039337,30.477249547],[-90.641305078,30.4780717130001],[-90.643068477,30.4791872690001],[-90.644259898,30.4799714910001],[-90.644380902,30.4799634890001],[-90.644684125,30.4798631790001],[-90.6454420109999,30.481107813],[-90.6456560939999,30.481355884],[-90.645888794,30.4815159290001],[-90.648755552,30.483276145],[-90.6511624939999,30.484791606],[-90.65136613,30.484931368],[-90.6515560299999,30.4851458680001],[-90.651833371,30.485525865],[-90.652267959,30.486174351],[-90.653057263,30.4873005520001],[-90.653468017,30.487942881],[-90.653966531,30.488691988],[-90.65510513,30.489956282],[-90.655646571,30.490498255],[-90.6558615119999,30.4907190110001],[-90.656368718,30.4912205590001],[-90.657233462,30.49208035],[-90.657558009,30.492380814],[-90.658429229,30.493002742],[-90.658872023,30.493257698],[-90.6600344,30.49399799]]]},"properties":{"id":"uniti-regional-20260919-39e494585c6e72f94055","sourceId":"uniti-regional-20260919","source":"Uniti Wholesale regional transport network","sourceUrl":"https://www.unitiwholesale.com/network-map/","name":"Uniti Wholesale regional transport network","carrier":"Uniti Wholesale","category":"unknown","routeStatus":"Publisher network map; current operating status unverified","evidence":"publisher_route","geometryQuality":"publisher_geometry_unverified","dataDate":null,"metadataModified":"2025-06-13T12:55:45+00:00","retrievedAt":"2026-09-19T13:31:26.703698+00:00","networkType":"Carrier-published regional transport geometry; not a surveyed cable alignment","serviceability":"Unconfirmed","routeDiversity":"Unconfirmed","states":["LA"],"publishedLineParts":4,"importBatch":"20260919","sourceRecordIds":["95888","95950","95951","95952"]},"bbox":[-90.6694558459999,30.475814916,-90.5040697539999,30.5045866030001]},{"type":"Feature","geometry":{"type":"MultiLineString","coordinates":[[[-90.720472016,30.503390401],[-90.720489409,30.503390363],[-90.722337431,30.503385012],[-90.7241181479999,30.5033598220001],[-90.724839274,30.503365393],[-90.726371473,30.503325735],[-90.728424839,30.503324811],[-90.7305693979999,30.503322385],[-90.7315476269999,30.5033128320001],[-90.733007393,30.5033037810001],[-90.735024548,30.503296963],[-90.736561346,30.5033018550001],[-90.738263181,30.50329939],[-90.74020805,30.503287604],[-90.740811394,30.5032865790001],[-90.742586499,30.503224629],[-90.744329905,30.5032020290001],[-90.7450755899999,30.5031992080001],[-90.746767259,30.503192969],[-90.748236305,30.503173672],[-90.748747936,30.503149175],[-90.7496849349999,30.5030891370001],[-90.750907651,30.503023919],[-90.751685358,30.5029905260001],[-90.751888565,30.5029954660001]],[[-90.7204748359999,30.503346843],[-90.7208542979999,30.5033565850001],[-90.7221413569999,30.503350229],[-90.723306642,30.5033565850001],[-90.723981754,30.5033460700001],[-90.724751951,30.5033438740001],[-90.725278736,30.5033460700001],[-90.726524354,30.503350229],[-90.7274169289999,30.5033341330001],[-90.7279066309999,30.5033460700001],[-90.729240091,30.503335555],[-90.7301201239999,30.503335555],[-90.7311195139999,30.503316606],[-90.732221366,30.50330817],[-90.7329650089999,30.5033207650001],[-90.734042119,30.5033213070001],[-90.734142498,30.5032998500001],[-90.734997988,30.503295575],[-90.735293032,30.5033019300001],[-90.736209542,30.50332296],[-90.736621664,30.5033186850001],[-90.737019167,30.5033124450001],[-90.737304152,30.5033019300001],[-90.7377333049999,30.50330609],[-90.738574178,30.50330817],[-90.73971747,30.503297655],[-90.740205229,30.503289335],[-90.740792499,30.5032829800001],[-90.74142785,30.5032500130001],[-90.742825972,30.5032032510001],[-90.743866444,30.5032053310001],[-90.7449803659999,30.5031844160001],[-90.746043797,30.503180684],[-90.7462699719999,30.503182221],[-90.746530951,30.503180141],[-90.7479278449999,30.5031507910001],[-90.7481908359999,30.5031423570001],[-90.748278679,30.5031297620001],[-90.7486248179999,30.503131841],[-90.748710246,30.503161306],[-90.749217452,30.5031297620001],[-90.749585585,30.503087701],[-90.7499548609999,30.5030504580001],[-90.7503045509999,30.5030330460001],[-90.7509626309999,30.5029995360001],[-90.751842664,30.5029764270001],[-90.752784525,30.502984999],[-90.75296423,30.5029890210001],[-90.753217832,30.5030036960001],[-90.753773854,30.503028886],[-90.754309894,30.5030540750001],[-90.754722015,30.503047837],[-90.755046294,30.5030540750001],[-90.756203936,30.5030499160001],[-90.757103415,30.503058351],[-90.757905663,30.5030519960001],[-90.758566426,30.5030435620001],[-90.759065788,30.5030255],[-90.76156071,30.503034895],[-90.7626943449999,30.5030181400001],[-90.7637766169999,30.5030055450001],[-90.765873771,30.50299176],[-90.767816023,30.50297608],[-90.768861817,30.5029740000001],[-90.769603179,30.5029655640001],[-90.770363585,30.5029508900001],[-90.7714239969999,30.502940375],[-90.773591085,30.502923738]],[[-90.695504312,30.503423522],[-90.695558251,30.5034216390001],[-90.695565627,30.5034216390001],[-90.695802064,30.5034237190001],[-90.6970255539999,30.5034300740001],[-90.698246898,30.503425915],[-90.699134172,30.5034090440001],[-90.700026275,30.503400609],[-90.700996429,30.5034048850001],[-90.7022756819999,30.503377534],[-90.703407468,30.503398529],[-90.704250754,30.5033691800001],[-90.705423282,30.5033669850001],[-90.706595943,30.5033607450001],[-90.707563551,30.5033438740001],[-90.708723006,30.503333545],[-90.709674583,30.50332504],[-90.710820423,30.50332296],[-90.712977724,30.503316606],[-90.714680997,30.5032902150001],[-90.716393248,30.5033019300001],[-90.717336581,30.5033145250001],[-90.7183263169999,30.5033292000001],[-90.719257445,30.5033312800001],[-90.719864563,30.5033292000001],[-90.7204748359999,30.503346843]],[[-90.681085767,30.503781491],[-90.681798753,30.503769919],[-90.685142899,30.5037432330001],[-90.687603622,30.503713024],[-90.6895009949999,30.5036841410001],[-90.689859832,30.503681761],[-90.6922117459999,30.5035706620001],[-90.6939815819999,30.503451356],[-90.694368697,30.503448506],[-90.6998022989999,30.50343641],[-90.720472016,30.503390401]],[[-90.6694558459999,30.5039025190001],[-90.670061642,30.503850001],[-90.6761465019999,30.5037873730001],[-90.676919126,30.503782357],[-90.676932938,30.5037822670001]],[[-90.676932938,30.5037822670001],[-90.6804243569999,30.503792226],[-90.681085767,30.503781491]]]},"properties":{"id":"uniti-regional-20260919-dd3bc4726bc0011b7203","sourceId":"uniti-regional-20260919","source":"Uniti Wholesale regional transport network","sourceUrl":"https://www.unitiwholesale.com/network-map/","name":"Uniti Wholesale regional transport network","carrier":"Uniti Wholesale","category":"unknown","routeStatus":"Publisher network map; current operating status unverified","evidence":"publisher_route","geometryQuality":"publisher_geometry_unverified","dataDate":null,"metadataModified":"2025-06-13T12:55:45+00:00","retrievedAt":"2026-09-19T13:31:26.703698+00:00","networkType":"Carrier-published regional transport geometry; not a surveyed cable alignment","serviceability":"Unconfirmed","routeDiversity":"Unconfirmed","states":["LA"],"publishedLineParts":6,"importBatch":"20260919","sourceRecordIds":["95919","95929","95930","95939","95944","95945"]},"bbox":[-90.773591085,30.502923738,-90.6694558459999,30.5039025190001]},{"type":"Feature","geometry":{"type":"MultiLineString","coordinates":[[[-90.481362,30.065909],[-90.481090008,30.0658479470001],[-90.4805847,30.066222942],[-90.480599083,30.0663157000001],[-90.4806161229999,30.066403757],[-90.480677177,30.066459708],[-90.482032826,30.0673226170001],[-90.482124557,30.067384597],[-90.482370717,30.0675472020001],[-90.482915876,30.067901544],[-90.483486516,30.0682363870001],[-90.484210444,30.068628447],[-90.485288961,30.06918427],[-90.486198229,30.06961161],[-90.4871964129999,30.0700373220001],[-90.487952663,30.0703411690001],[-90.48853202,30.07054149],[-90.489130017,30.070732525],[-90.490130214,30.0710531990001],[-90.490926964,30.071298665],[-90.4922011469999,30.071623747],[-90.4924394609999,30.071697676],[-90.493099419,30.071857838],[-90.4938051079999,30.0720066260001],[-90.494389293,30.072119899],[-90.494748977,30.072187097],[-90.4954141649999,30.0723203320001],[-90.496186591,30.0724344590001],[-90.496232674,30.072431039],[-90.496525662,30.0724320410001]],[[-90.496524273,30.0724560940001],[-90.496575234,30.072504838],[-90.497391749,30.072639112],[-90.4983608319999,30.072818189],[-90.498805944,30.0728971080001],[-90.499236384,30.0729775290001],[-90.5007260579999,30.0732400680001]],[[-90.488869992,30.0706294080001],[-90.488601935,30.0705347210001],[-90.487660321,30.0702022990001],[-90.486962959,30.0699144220001],[-90.4865900679999,30.069756607],[-90.4857076529999,30.069385235],[-90.4845811659999,30.068837386],[-90.484114203,30.0685701360001]],[[-90.487896,30.0701310000001],[-90.487943859,30.0701498],[-90.4879786239999,30.070138716],[-90.4880408349999,30.070130799],[-90.488156615,30.0703655190001]],[[-90.4810532179999,30.065878594],[-90.48098822,30.065936605],[-90.4806412079999,30.0662122420001],[-90.480639089,30.0664063400001],[-90.481700404,30.0670906980001],[-90.482868992,30.067837997],[-90.483937362,30.068450969],[-90.484768053,30.068903495],[-90.485324223,30.069184267],[-90.485886336,30.0694424110001],[-90.486589329,30.0697473820001],[-90.486590103,30.0697565950001],[-90.486602987,30.069753787],[-90.487817234,30.0702339910001],[-90.488862197,30.070604266],[-90.488869992,30.0706294080001],[-90.488888341,30.070615579],[-90.4911752959999,30.0713547230001],[-90.4911835999999,30.0713682310001],[-90.491200847,30.0713624370001],[-90.493186894,30.0718268480001],[-90.496047211,30.072410485],[-90.496185184,30.0724308480001],[-90.4962813019999,30.0724092410001],[-90.496291,30.072377771],[-90.496517818,30.072427454],[-90.496525662,30.0724320410001],[-90.496519956,30.0724364010001],[-90.496518886,30.0724518270001],[-90.496524273,30.0724560940001]],[[-90.4318834109999,30.0340234460001],[-90.480557992,30.0664304490001],[-90.4321409029999,30.034172058],[-90.427866533,30.030739065],[-90.4258065989999,30.0289556430001],[-90.420038776,30.0250320050001],[-90.409181194,30.016968739],[-90.393688755,30.005508112],[-90.373947696,29.9910875420001],[-90.371716098,29.990046802],[-90.3710723679999,29.9898237840001],[-90.360901432,29.986961685],[-90.334165172,29.979341407],[-90.3097463409999,29.972501245],[-90.3071714209999,29.9720923080001],[-90.3057122989999,29.972241012],[-90.283868389,29.978114674],[-90.262968616,29.983393237],[-90.262367801,29.983207377],[-90.25095232,29.980753991],[-90.250823574,29.981162893],[-90.248291568,29.9806796450001],[-90.244557933,29.980010528],[-90.237133579,29.9795272750001],[-90.231640415,29.979229887],[-90.221383648,29.978523586],[-90.2110839649999,29.97789163],[-90.1942182349999,29.9767392270001],[-90.1942182349999,29.976479005],[-90.180142002,29.975363762],[-90.180099086,29.9758098610001],[-90.173297004,29.975512462],[-90.160529689,29.9751407110001],[-90.1604653159999,29.975475287],[-90.159220771,29.975679749],[-90.157332496,29.976274545],[-90.156023578,29.976925099],[-90.155959205,29.978096087],[-90.155959205,29.979657381],[-90.153083877,29.9794343410001],[-90.152890758,29.9794250470001],[-90.15278347,29.979202006],[-90.151184873,29.9808097500001],[-90.150594787,29.981664724],[-90.1494789879999,29.983188791],[-90.14844902,29.984099503],[-90.1475477979999,29.984787177],[-90.1470328139999,29.9850473770001],[-90.144994335,29.9855863610001],[-90.1432991789999,29.9860138290001],[-90.142762737,29.996588419],[-90.131132679,29.996142413],[-90.131046848,29.9968114210001],[-90.123150425,29.996365417],[-90.1229787629999,29.995176061],[-90.118730144,29.993949523],[-90.1177860069999,29.9930946540001],[-90.116713123,29.98837416],[-90.115554409,29.9849916200001],[-90.108687954,29.9671477470001],[-90.107572155,29.9665528960001],[-90.094182567,29.95733225],[-90.095985012,29.9549525900001],[-90.080878811,29.945953984],[-90.078260975,29.944410753],[-90.074677543,29.9423840640001],[-90.07424839,29.9429976530001],[-90.071609096,29.9416031270001],[-90.069527702,29.949151929],[-90.072939472,29.949969991]]]},"properties":{"id":"uniti-regional-20260919-4c7ece4eae991ca28b07","sourceId":"uniti-regional-20260919","source":"Uniti Wholesale regional transport network","sourceUrl":"https://www.unitiwholesale.com/network-map/","name":"Uniti Wholesale regional transport network","carrier":"Uniti Wholesale","category":"unknown","routeStatus":"Publisher network map; current operating status unverified","evidence":"publisher_route","geometryQuality":"publisher_geometry_unverified","dataDate":null,"metadataModified":"2025-06-13T12:55:45+00:00","retrievedAt":"2026-09-19T13:31:26.703698+00:00","networkType":"Carrier-published regional transport geometry; not a surveyed cable alignment","serviceability":"Unconfirmed","routeDiversity":"Unconfirmed","states":["LA"],"publishedLineParts":6,"importBatch":"20260919","sourceRecordIds":["95968","95981","95984","96002","96008","96086"]},"bbox":[-90.5007260579999,29.9416031270001,-90.069527702,30.0732400680001]},{"type":"Feature","geometry":{"type":"MultiLineString","coordinates":[[[-90.451562501,30.4793091380001],[-90.357138,30.479335001],[-90.329989999,30.4814699990001],[-90.3139919989999,30.482628001],[-90.308574999,30.482664001],[-90.291042998,30.4821209990001],[-90.279727002,30.4817410000001],[-90.254111999,30.480963],[-90.2451889989999,30.480638001],[-90.24164,30.480366],[-90.238869,30.479896],[-90.2360970019999,30.4792800010001],[-90.232969,30.4782670000001],[-90.2303659999999,30.4771630010001],[-90.224171999,30.474359],[-90.215375002,30.4703410000001],[-90.209768998,30.467826001],[-90.2051289999999,30.466161],[-90.19503,30.4630670010001],[-90.178569001,30.458289001],[-90.1738029999999,30.4568950010001],[-90.164649001,30.454235001],[-90.1527439989999,30.4507960010001],[-90.1469700009999,30.4490940000001],[-90.141638002,30.447555999],[-90.134330998,30.445365999],[-90.125134998,30.4422700000001],[-90.119214002,30.4401710000001],[-90.102249002,30.434359999],[-90.0973359979999,30.432712001],[-90.092486,30.4312820010001],[-90.092454321,30.4312748030001]],[[-90.4515409159999,30.4793146010001],[-90.454514596,30.4792853480001],[-90.4552293879999,30.479715845],[-90.456716655,30.479813477],[-90.456904949,30.4889213380001],[-90.461086877,30.502660549],[-90.463157843,30.502300828],[-90.463675574,30.5034736010001],[-90.464326947,30.5036318890001]],[[-90.431530755,30.4395093590001],[-90.445606988,30.436364301],[-90.444448274,30.432479089],[-90.440070909,30.433293147],[-90.435049813,30.417195755],[-90.434963983,30.4157154010001],[-90.434191506,30.414161006],[-90.435049813,30.412606586],[-90.434191506,30.4118663780001],[-90.433161538,30.409275603],[-90.4311874319999,30.3981715050001],[-90.429814141,30.397801347],[-90.4123905119999,30.3407802250001],[-90.403206628,30.2976590870001],[-90.403378289,30.295213506],[-90.3979709559999,30.2688269930001],[-90.397885125,30.2667513480001],[-90.3982284479999,30.2638601990001],[-90.3997734,30.2583741930001],[-90.4025199819999,30.251479185],[-90.414450448,30.2195185800001],[-90.416767877,30.214400952],[-90.418827813,30.2118049520001],[-90.4274108819999,30.202236247],[-90.4397275859999,30.188678989],[-90.440972131,30.186249242],[-90.4424527099999,30.18211297],[-90.445070546,30.174767413],[-90.445070546,30.1707419640001],[-90.4448345119999,30.1612805840001],[-90.445006173,30.16022308],[-90.4477098399999,30.1499442850001],[-90.450370591,30.139423182],[-90.450263303,30.1374561490001],[-90.449490827,30.134858122],[-90.447302144,30.1271935410001],[-90.443032067,30.1127535630001],[-90.439276975,30.100056518],[-90.438525956,30.098367168],[-90.437646192,30.0952668570001],[-90.4376247339999,30.09465421],[-90.437774938,30.0939116010001],[-90.4392555169999,30.0919250970001],[-90.441508573,30.0892144740001],[-90.442602914,30.088174764],[-90.449201148,30.08466566],[-90.449533742,30.0844521390001],[-90.450971406,30.083857992],[-90.451464933,30.083765156],[-90.453063529,30.083811574],[-90.4571726729999,30.0848791810001],[-90.4587068969999,30.085194819],[-90.459940713,30.0852226690001],[-90.4617538859999,30.0846470930001],[-90.462740939,30.08403438],[-90.466914456,30.080460142],[-90.472375434,30.075864504],[-90.473319572,30.074973204],[-90.475722831,30.0724849480001],[-90.4783406669999,30.0700059160001],[-90.481688064,30.067118275]],[[-90.4439553,30.4793756190001],[-90.444030401,30.4784278750001],[-90.4406347249999,30.478450991],[-90.4403450459999,30.478363151],[-90.439894435,30.478118123],[-90.4393204419999,30.4773876580001],[-90.438403127,30.475898972],[-90.437796948,30.475575341],[-90.435452697,30.4756169510001],[-90.435388324,30.4755106150001],[-90.435318587,30.472251133],[-90.4352863999999,30.468552297],[-90.435157654,30.4682425130001],[-90.434937713,30.467784771],[-90.434535382,30.46708197],[-90.434025762,30.465838186],[-90.433221099,30.4635863890001],[-90.432781217,30.4617275760001],[-90.432443259,30.4602201540001],[-90.432217953,30.4579451060001],[-90.43215358,30.457561302],[-90.431853173,30.4565624790001],[-90.4313006369999,30.4549116250001],[-90.4311987139999,30.454430699],[-90.431155798,30.454106997],[-90.43118262,30.453413347],[-90.431037781,30.450356603],[-90.430887577,30.44947332],[-90.4309573149999,30.449260591],[-90.430833933,30.4492698400001],[-90.431606409,30.448011955],[-90.432191131,30.446980662],[-90.433301565,30.445052161],[-90.4341706009999,30.443516733],[-90.434116957,30.4432346180001],[-90.432775852,30.443544482],[-90.432228682,30.441717661],[-90.431547401,30.439516181]]]},"properties":{"id":"uniti-regional-20260919-07055e40ff8214ef9d46","sourceId":"uniti-regional-20260919","source":"Uniti Wholesale regional transport network","sourceUrl":"https://www.unitiwholesale.com/network-map/","name":"Uniti Wholesale regional transport network","carrier":"Uniti Wholesale","category":"unknown","routeStatus":"Publisher network map; current operating status unverified","evidence":"publisher_route","geometryQuality":"publisher_geometry_unverified","dataDate":null,"metadataModified":"2025-06-13T12:55:45+00:00","retrievedAt":"2026-09-19T13:31:26.703698+00:00","networkType":"Carrier-published regional transport geometry; not a surveyed cable alignment","serviceability":"Unconfirmed","routeDiversity":"Unconfirmed","states":["LA"],"publishedLineParts":4,"importBatch":"20260919","sourceRecordIds":["95773","95887","96190","96191"]},"bbox":[-90.481688064,30.067118275,-90.092454321,30.5036318890001]},{"type":"Feature","geometry":{"type":"MultiLineString","coordinates":[[[-90.504300533,30.5046162840001],[-90.4747212569999,30.5045625860001],[-90.4747212569999,30.500975904],[-90.4657810529999,30.503163697],[-90.466036593,30.5039323170001],[-90.4647846829999,30.504217806],[-90.46435,30.503585]]]},"properties":{"id":"uniti-regional-20260919-39dc877ec8faf4965fdf","sourceId":"uniti-regional-20260919","source":"Uniti Wholesale regional transport network","sourceUrl":"https://www.unitiwholesale.com/network-map/","name":"Uniti Wholesale regional transport network","carrier":"Uniti Wholesale","category":"unknown","routeStatus":"Publisher network map; current operating status unverified","evidence":"publisher_route","geometryQuality":"publisher_geometry_unverified","dataDate":null,"metadataModified":"2025-06-13T12:55:45+00:00","retrievedAt":"2026-09-19T13:31:26.703698+00:00","networkType":"Carrier-published regional transport geometry; not a surveyed cable alignment","serviceability":"Unconfirmed","routeDiversity":"Unconfirmed","states":["LA"],"publishedLineParts":1,"importBatch":"20260919","sourceRecordIds":["95953"]},"bbox":[-90.504300533,30.500975904,-90.46435,30.5046162840001]},{"type":"Feature","geometry":{"type":"MultiLineString","coordinates":[[[-90.085504,30.3963679990001],[-90.087290002,30.3958510000001],[-90.087575999,30.395878],[-90.0873060009999,30.3975100000001],[-90.0872120009999,30.3978709990001],[-90.0872120009999,30.3978719990001],[-90.087685998,30.398016999],[-90.087149,30.399502999],[-90.086831,30.400554],[-90.086714001,30.4009590000001],[-90.086617998,30.401419],[-90.086478999,30.4020819990001],[-90.0862230019999,30.4036560000001],[-90.0858499999999,30.405846],[-90.085721999,30.406664999],[-90.085678999,30.4069689990001],[-90.085647001,30.4089660000001],[-90.0856400009999,30.4095140000001],[-90.0858529989999,30.410109],[-90.085759998,30.410586],[-90.085732002,30.410742],[-90.085547,30.4109730000001],[-90.085344001,30.4112190000001],[-90.084783,30.4128580010001],[-90.084580001,30.413503],[-90.0843239979999,30.4144590000001],[-90.0841209989999,30.415242001],[-90.0839510019999,30.4161800000001],[-90.083853999,30.4168520000001],[-90.083822001,30.417247999],[-90.083844001,30.4176429990001],[-90.083908002,30.4180570010001],[-90.0843449989999,30.4204769990001],[-90.084665002,30.422198],[-90.085049001,30.423900001],[-90.085173374,30.4246739870001]],[[-90.085507998,30.3963650000001],[-90.084682,30.396601],[-90.084601001,30.396356999],[-90.083204,30.3926390010001],[-90.083204,30.392473001],[-90.083235998,30.3922890010001],[-90.083310001,30.392133001],[-90.083353001,30.392096001],[-90.0830839979999,30.3919050010001]],[[-90.063134536,30.3641340890001],[-90.0682609989999,30.367056],[-90.069389001,30.3676310010001],[-90.0701030009999,30.3679460000001],[-90.0723429989999,30.369087001],[-90.0724589979999,30.3691489990001],[-90.072992998,30.369432999],[-90.073553999,30.3698140010001],[-90.073834,30.370037999],[-90.074215001,30.3703570000001],[-90.0745479999999,30.370708999],[-90.074908001,30.3711690010001],[-90.075089,30.3714840000001],[-90.075187002,30.3717280010001]],[[-90.0751899999999,30.371725],[-90.0752610009999,30.371816],[-90.075509998,30.372362001],[-90.075689999,30.3728809990001],[-90.075978998,30.3738010010001],[-90.0759429979999,30.373862999],[-90.0761750019999,30.374723999],[-90.076230999,30.374803],[-90.076804001,30.377144],[-90.077325,30.378987],[-90.077715999,30.378921],[-90.078229998,30.3807550000001],[-90.078492001,30.381719],[-90.078716001,30.382348001],[-90.078835998,30.3827460000001],[-90.0790489999999,30.383424],[-90.079172999,30.383980001],[-90.0792719999999,30.3847450000001],[-90.079321001,30.385545999],[-90.079412998,30.385976999],[-90.079596001,30.386407999],[-90.0798279999999,30.386888001],[-90.0807350009999,30.3883069990001],[-90.080736001,30.388309001],[-90.0823189979999,30.3906690000001],[-90.0830839979999,30.3919050010001]],[[-90.087721022,30.437724643],[-90.087721022,30.436796653],[-90.088649012,30.436011431],[-90.09029084,30.4350834410001],[-90.090933295,30.434369603],[-90.091004679,30.4327991590001],[-90.0917185169999,30.432870543],[-90.092432355,30.431371482]],[[-90.085103615,30.424685197],[-90.083961474,30.424875554],[-90.076442377,30.424875554],[-90.076442377,30.429920011],[-90.075776128,30.431538044],[-90.076632734,30.431538044],[-90.083485582,30.431538044],[-90.082914511,30.4382005350001],[-90.0838570019999,30.4376910010001]],[[-90.087721022,30.4376910010001],[-90.087825001,30.4376910010001],[-90.088874999,30.438053],[-90.091773,30.438089],[-90.092138001,30.4374740000001]],[[-90.0838570019999,30.4376910010001],[-90.087721022,30.4376910010001]],[[-90.091550245,30.476150642],[-90.091612965,30.4761759630001]]]},"properties":{"id":"uniti-regional-20260919-0b7321e87c82bdf10dca","sourceId":"uniti-regional-20260919","source":"Uniti Wholesale regional transport network","sourceUrl":"https://www.unitiwholesale.com/network-map/","name":"Uniti Wholesale regional transport network","carrier":"Uniti Wholesale","category":"unknown","routeStatus":"Publisher network map; current operating status unverified","evidence":"publisher_route","geometryQuality":"publisher_geometry_unverified","dataDate":null,"metadataModified":"2025-06-13T12:55:45+00:00","retrievedAt":"2026-09-19T13:31:26.703698+00:00","networkType":"Carrier-published regional transport geometry; not a surveyed cable alignment","serviceability":"Unconfirmed","routeDiversity":"Unconfirmed","states":["LA"],"publishedLineParts":9,"importBatch":"20260919","sourceRecordIds":["95776","95777","95782","95783","96181","96182","96183","96184","96218"]},"bbox":[-90.092432355,30.3641340890001,-90.063134536,30.4761759630001]},{"type":"Feature","geometry":{"type":"MultiLineString","coordinates":[[[-90.072493203,29.949578401],[-90.072398493,29.9498221270001],[-90.0681574819999,29.948862346],[-90.06411495,29.9480505540001],[-90.06389123,29.948341949],[-90.063971034,29.9496883750001],[-90.063319023,29.9496931140001],[-90.0634744179999,29.9504367380001],[-90.063604653,29.951642802],[-90.06361982,29.9532092330001],[-90.0628728359999,29.9556543630001],[-90.0602031829999,29.958520671],[-90.0587916059999,29.959686536],[-90.057083569,29.9608545340001],[-90.055598474,29.9614359840001],[-90.052727519,29.961893221],[-90.049825152,29.9621708340001],[-90.0488212659999,29.9625889160001],[-90.0484712049999,29.963182093],[-90.0466061989999,29.9698968270001],[-90.044004413,29.9793719630001],[-90.044421888,29.98396775],[-90.045248757,29.984415246],[-90.0450330099999,29.9853235900001],[-90.044593522,29.98629831],[-90.044867466,29.991542963],[-90.044983202,29.995882076],[-90.043502006,29.99744736],[-90.042168483,29.9988172820001],[-90.0398883349999,30.0005339310001],[-90.035878396,30.0024064350001],[-90.031166506,30.003481928],[-90.0283032089999,30.004223623],[-90.028307324,30.004664591],[-90.025260658,30.0056079730001],[-90.025162112,30.004967207],[-90.021926497,30.0055109400001],[-90.012961585,30.0073371500001],[-89.995258263,30.0112924950001],[-89.975536592,30.015616257],[-89.957853572,30.01948738],[-89.952502614,30.020774658],[-89.951459804,30.0211077110001],[-89.950161833,30.0214634480001],[-89.946578948,30.022756385],[-89.937968647,30.0258388980001],[-89.93303588,30.02754729],[-89.9273460369999,30.029505143]],[[-90.072493203,29.949578401],[-90.072398493,29.9498221270001],[-90.0681574819999,29.948862346],[-90.06411495,29.9480505540001],[-90.06389123,29.948341949],[-90.063971034,29.9496883750001],[-90.063319023,29.9496931140001],[-90.0634744179999,29.9504367380001],[-90.063604653,29.951642802],[-90.06361982,29.9532092330001],[-90.0628728359999,29.9556543630001],[-90.0602031829999,29.958520671],[-90.0587916059999,29.959686536],[-90.057083569,29.9608545340001],[-90.055598474,29.9614359840001],[-90.052727519,29.961893221],[-90.049825152,29.9621708340001],[-90.0488212659999,29.9625889160001],[-90.0484712049999,29.963182093],[-90.0466061989999,29.9698968270001],[-90.044004413,29.9793719630001],[-90.044421888,29.98396775],[-90.045248757,29.984415246],[-90.0450330099999,29.9853235900001],[-90.044593522,29.98629831],[-90.044867466,29.991542963],[-90.044983202,29.995882076],[-90.043502006,29.99744736],[-90.042168483,29.9988172820001],[-90.0398883349999,30.0005339310001],[-90.035878396,30.0024064350001],[-90.031166506,30.003481928],[-90.0283032089999,30.004223623],[-90.028307324,30.004664591],[-90.025260658,30.0056079730001],[-90.025162112,30.004967207],[-90.021926497,30.0055109400001],[-90.012961585,30.0073371500001],[-89.995258263,30.0112924950001],[-89.975536592,30.015616257],[-89.957853572,30.01948738],[-89.952502614,30.020774658],[-89.951459804,30.0211077110001],[-89.950161833,30.0214634480001],[-89.946578948,30.022756385],[-89.937968647,30.0258388980001],[-89.93303588,30.02754729],[-89.9273651779999,30.029498652]]]},"properties":{"id":"uniti-regional-20260919-9fbbe88c2bf5d120939f","sourceId":"uniti-regional-20260919","source":"Uniti Wholesale regional transport network","sourceUrl":"https://www.unitiwholesale.com/network-map/","name":"Uniti Wholesale regional transport network","carrier":"Uniti Wholesale","category":"unknown","routeStatus":"Publisher network map; current operating status unverified","evidence":"publisher_route","geometryQuality":"publisher_geometry_unverified","dataDate":null,"metadataModified":"2025-06-13T12:55:45+00:00","retrievedAt":"2026-09-19T13:31:26.703698+00:00","networkType":"Carrier-published regional transport geometry; not a surveyed cable alignment","serviceability":"Unconfirmed","routeDiversity":"Unconfirmed","states":["LA"],"publishedLineParts":2,"importBatch":"20260919","sourceRecordIds":["95475","95505"]},"bbox":[-90.072493203,29.9480505540001,-89.9273460369999,30.029505143]},{"type":"Feature","geometry":{"type":"MultiLineString","coordinates":[[[-89.927277155,30.0293049580001],[-89.927252686,30.030234856],[-89.927489411,30.031001057],[-89.905541434,30.038113729],[-89.903403355,30.0387965560001],[-89.89741166,30.041045609],[-89.893956974,30.0433581940001],[-89.88998194,30.046232597],[-89.8819835939999,30.0509874850001],[-89.8729981929999,30.056382892],[-89.8682131319999,30.0599394270001],[-89.8663409499999,30.061791933],[-89.864946201,30.0641504600001],[-89.8643614799999,30.0660261],[-89.864109352,30.0682313240001],[-89.863953784,30.0701347410001],[-89.863594368,30.071754938],[-89.8630793839999,30.0727855370001],[-89.8618700229999,30.0742441740001],[-89.862127975,30.074527538],[-89.8616390829999,30.077291845],[-89.8681253939999,30.098237205],[-89.8679751919999,30.1007340940001],[-89.8651427779999,30.1040477120001],[-89.8640698949999,30.107217357],[-89.8651213209999,30.1115145470001],[-89.866172747,30.118280154],[-89.8673421889999,30.13116972],[-89.8642063039999,30.1411970940001],[-89.8624306569999,30.1440718540001],[-89.859900863,30.147541442],[-89.86115969,30.148293842],[-89.859241212,30.150459519],[-89.858627199,30.1521499020001],[-89.8572567909999,30.15403832],[-89.854805288,30.1536556130001],[-89.850716161,30.156622032],[-89.846416383,30.1606450190001],[-89.839173551,30.167499564],[-89.815556586,30.1898489490001],[-89.8004702539999,30.20407806],[-89.794624197,30.2100077650001],[-89.7929832309999,30.212188192],[-89.793657239,30.212648034],[-89.793483551,30.212997737],[-89.791112359,30.215054879],[-89.7863197139999,30.2199185110001],[-89.786112648,30.2208687620001],[-89.7861298129999,30.222960209],[-89.785120787,30.2240853440001],[-89.784622607,30.224508788],[-89.783619357,30.224688246],[-89.782535744,30.2244912510001],[-89.781200108,30.2248610610001],[-89.779783902,30.22579736],[-89.778640549,30.227061115],[-89.7778466359999,30.226588318],[-89.776567455,30.2278361470001],[-89.773555102,30.230722721],[-89.770827528,30.2333945360001],[-89.7685069139999,30.236258837],[-89.767045613,30.23849959],[-89.765841675,30.240671324],[-89.764443871,30.243995973],[-89.762888189,30.246313075],[-89.762419177,30.246246366],[-89.7617426529999,30.246811403],[-89.76223373,30.247577031],[-89.761898828,30.250162147],[-89.760918883,30.252965773],[-89.768389429,30.2528934580001],[-89.770221378,30.254711064],[-89.773086246,30.257581632],[-89.783063038,30.2641554730001],[-89.781813754,30.2644642340001],[-89.7809339889999,30.2648719630001],[-89.780547751,30.265502086],[-89.7805434749999,30.270663789],[-89.783623813,30.270645017],[-89.783651683,30.2740623450001]],[[-89.932697285,30.027986814],[-89.932885535,30.028004847],[-89.9330077559999,30.0280213020001]],[[-89.932588384,30.0278788410001],[-89.93172262,30.028179067]],[[-89.93172262,30.028179067],[-89.93168966,30.028190497],[-89.931360473,30.028303168],[-89.9305335879999,30.028593629],[-89.9301367849999,30.028732034],[-89.929397867,30.028991267],[-89.9290277699999,30.029123081],[-89.928188378,30.0294196610001],[-89.927499158,30.029674432]],[[-89.927499158,30.029674432],[-89.927350001,30.02973],[-89.9271251609999,30.0298094940001],[-89.9267817589999,30.029927139],[-89.926035209,30.03018637],[-89.925549379,30.0303544300001],[-89.925110183,30.0305051920001],[-89.924769762,30.0306125610001],[-89.9239458869999,30.0308948790001]],[[-89.7990421439999,30.065267374],[-89.798962214,30.0651955290001],[-89.798945987,30.065186591],[-89.800340736,30.0643776040001],[-89.801472628,30.063762443],[-89.802319111,30.063193895],[-89.802188778,30.063302811],[-89.8019098279999,30.0635117350001],[-89.801920557,30.06358834],[-89.8020090699999,30.0636463750001],[-89.802339696,30.0634683640001],[-89.802508341,30.0633135690001]],[[-89.797290651,30.0662275660001],[-89.79731022,30.066216301],[-89.7990421439999,30.065267374]],[[-89.932588384,30.0278788410001],[-89.93172262,30.028179069]],[[-89.843137169,30.0551964270001],[-89.846111967,30.0546538000001],[-89.8500212059999,30.053927948],[-89.854207908,30.053152767],[-89.857198985,30.052613664],[-89.860182276,30.0520687540001]],[[-89.923945886,30.0308948790001],[-89.9239659249999,30.03069219]],[[-89.907028111,30.0366699510001],[-89.907067285,30.0366491660001],[-89.90777762,30.036401923],[-89.9087426949999,30.036057558],[-89.910691587,30.035380688],[-89.9117853919999,30.034988728],[-89.913293446,30.034469055],[-89.914791991,30.0339406540001],[-89.9160599899999,30.033481174],[-89.917558535,30.032945114],[-89.919364704,30.032330275],[-89.921136964,30.0316920990001],[-89.9239659249999,30.03069219]],[[-89.802508341,30.0633135690001],[-89.802687201,30.06321366],[-89.802843029,30.063126615],[-89.8040086399999,30.0626052060001],[-89.804652099,30.0623570230001],[-89.805266551,30.06216121],[-89.805933941,30.0619896630001],[-89.806600195,30.061854778],[-89.80873065,30.0614521700001],[-89.808739759,30.061452218]],[[-89.932588384,30.0278788420001],[-89.932646994,30.027936308],[-89.932697285,30.027986814]],[[-89.875172069,30.0478535460001],[-89.8755628769999,30.0477095470001],[-89.8760783979999,30.0475247360001],[-89.877716691,30.0469494050001],[-89.879802779,30.046213172],[-89.8807144619999,30.0458895150001],[-89.88181384,30.0455095410001],[-89.88380803,30.0448076120001],[-89.8843429899999,30.0446186240001]],[[-89.8843429899999,30.0446186240001],[-89.885661119,30.044152964],[-89.887731088,30.0434237580001],[-89.889822096,30.042680004],[-89.8916624999999,30.0420308130001],[-89.893184933,30.041492546],[-89.894583125,30.0410051960001],[-89.8957104519999,30.040632879]],[[-89.932697285,30.027986814],[-89.9328855359999,30.028004847],[-89.9330077559999,30.0280213020001]],[[-89.8287516619999,30.057834943],[-89.843137169,30.0551964270001]],[[-89.932588384,30.0278788420001],[-89.9317226209999,30.028179067]],[[-89.8957104519999,30.040632879],[-89.8965659199999,30.0403262670001],[-89.8979125499999,30.039855773],[-89.899143754,30.0394251480001],[-89.9002579899999,30.039026423],[-89.9013937569999,30.038630356],[-89.902555674,30.038219669],[-89.903620636,30.0378435380001],[-89.904633274,30.037493989],[-89.905562808,30.03717368],[-89.906341523,30.0369078620001]],[[-89.9317226209999,30.028179067],[-89.93168966,30.028190497],[-89.931360473,30.028303168],[-89.9305335879999,30.028593629],[-89.9301367849999,30.028732034],[-89.929397866,30.028991267],[-89.929027769,30.02912308],[-89.928188378,30.0294196610001],[-89.9274991569999,30.029674432]],[[-89.808739759,30.061452218],[-89.8124272049999,30.060764379],[-89.8155637519999,30.060184583]],[[-89.726818443,30.1046699820001],[-89.78557803,30.0727368550001],[-89.791317866,30.0696294310001],[-89.79729065,30.0662275660001]],[[-89.9274991569999,30.029674432],[-89.92735,30.02973],[-89.9271251609999,30.0298094940001],[-89.9267817579999,30.029927139],[-89.926035209,30.03018637],[-89.925549379,30.030354429],[-89.925110183,30.0305051920001],[-89.924769762,30.0306125610001],[-89.923945886,30.0308948790001]],[[-89.8155637519999,30.060184583],[-89.817641115,30.0598005800001],[-89.822263479,30.0589603450001],[-89.8259985619999,30.0582889800001],[-89.8287516619999,30.057834943]],[[-89.799042143,30.065267374],[-89.798962214,30.0651955290001],[-89.798945987,30.065186592],[-89.800340735,30.0643776040001],[-89.801472628,30.063762443],[-89.802319111,30.063193895],[-89.802188777,30.063302811],[-89.8019098279999,30.0635117350001],[-89.801920556,30.06358834],[-89.8020090699999,30.0636463750001],[-89.802339696,30.0634683640001],[-89.802508341,30.0633135690001]],[[-89.79729065,30.0662275660001],[-89.797310221,30.0662163000001],[-89.799042143,30.065267374]],[[-89.860182276,30.0520687540001],[-89.8608140549999,30.051954191],[-89.862420878,30.051650506],[-89.8633896049999,30.05145593],[-89.864726868,30.051144972],[-89.8653902349999,30.0509849470001],[-89.867251869,30.050497598],[-89.869250364,30.049895685],[-89.870446503,30.049510169],[-89.871893241,30.0490210020001],[-89.87338841,30.048488192],[-89.875172069,30.0478535460001]],[[-89.932588384,30.0278788420001],[-89.9317226209999,30.028179068]]]},"properties":{"id":"uniti-regional-20260919-f1dcdc832157ab32ada7","sourceId":"uniti-regional-20260919","source":"Uniti Wholesale regional transport network","sourceUrl":"https://www.unitiwholesale.com/network-map/","name":"Uniti Wholesale regional transport network","carrier":"Uniti Wholesale","category":"unknown","routeStatus":"Publisher network map; current operating status unverified","evidence":"publisher_route","geometryQuality":"publisher_geometry_unverified","dataDate":null,"metadataModified":"2025-06-13T12:55:45+00:00","retrievedAt":"2026-09-19T13:31:26.703698+00:00","networkType":"Carrier-published regional transport geometry; not a surveyed cable alignment","serviceability":"Unconfirmed","routeDiversity":"Unconfirmed","states":["LA"],"publishedLineParts":28,"importBatch":"20260919","sourceRecordIds":["95474","96236","96237","96238","96239","96240","96241","96242","96243","96244","96247","96248","96249","96250","96251","96254","96256","96257","96258","96259","96261","96262","96264","96265","96266","96267","96269","96270"]},"bbox":[-89.9330077559999,30.0278788410001,-89.726818443,30.2740623450001]},{"type":"Feature","geometry":{"type":"MultiLineString","coordinates":[[[-89.782769565,30.288252909],[-89.7827804409999,30.298277392],[-89.784853788,30.3002250010001],[-89.7846928559999,30.3018923650001],[-89.783778223,30.3034578080001],[-89.780849576,30.303223883],[-89.777667697,30.302923031],[-89.773584203,30.3030940790001],[-89.772116447,30.3073231600001],[-89.7715590399999,30.30715386],[-89.769969809,30.3114744210001],[-89.769293393,30.314210873],[-89.7511680549999,30.360016224],[-89.7661752559999,30.372727141],[-89.768229793,30.375502856],[-89.76938853,30.379462113],[-89.766885352,30.382951204],[-89.7639234489999,30.3865647850001],[-89.7618060299999,30.391893038]],[[-89.783251752,30.2743037860001],[-89.7833991739999,30.274602922],[-89.783597046,30.2745499870001],[-89.7837095249999,30.274112674],[-89.783799291,30.2729816300001],[-89.785714421,30.2730604430001],[-89.783826563,30.2763754220001],[-89.782808255,30.2780969890001],[-89.782210874,30.279547102],[-89.780777184,30.279597348],[-89.780721614,30.2816996340001],[-89.7796462639999,30.2817409690001],[-89.779631141,30.2826907740001],[-89.7808545239999,30.282736142],[-89.780095391,30.284538082],[-89.782999343,30.2846617800001],[-89.782796349,30.2864755910001],[-89.782718759,30.2876600280001],[-89.7825697379999,30.287905166],[-89.7828411419999,30.288076507],[-89.782772608,30.288254083]],[[-90.063134536,30.3641340890001],[-90.059867454,30.3625496070001],[-90.054624065,30.3598909630001],[-90.050265973,30.3577088820001],[-90.044357928,30.354720522],[-90.03956936,30.3522877550001],[-90.036451448,30.3508004120001],[-90.033125125,30.3494699500001],[-90.026808038,30.346989083],[-90.021581514,30.344924474],[-90.015953523,30.342698575],[-90.012997823,30.3415188340001],[-90.008330378,30.339679446],[-90.00170811,30.3370614350001],[-89.997413287,30.335365149],[-89.990408754,30.3325964640001],[-89.984732486,30.3303431680001],[-89.9812408779999,30.3289163150001],[-89.980430994,30.32850567],[-89.9795661749999,30.32800864],[-89.975838494,30.3264379600001],[-89.9731620759999,30.3253471950001],[-89.9684026639999,30.3234528510001],[-89.961961402,30.320909525],[-89.956698761,30.3188033690001],[-89.947157863,30.3150194420001],[-89.943030915,30.3133550850001],[-89.941196834,30.312661905],[-89.940712005,30.312471491],[-89.939942265,30.3121858260001],[-89.93901743,30.311964763],[-89.9380723309999,30.311946573],[-89.937241871,30.3122090960001],[-89.936466078,30.3127177420001],[-89.934854596,30.31455766],[-89.9351244279999,30.3147143240001],[-89.934242871,30.3157624730001],[-89.934132227,30.3162242820001],[-89.9339921439999,30.316267312],[-89.9338871309999,30.316262889],[-89.9337321679999,30.316215245],[-89.9333720449999,30.316258051],[-89.933106578,30.3165642920001],[-89.932307658,30.316974729],[-89.9314422099999,30.3171853750001],[-89.9305521049999,30.317141285],[-89.929182296,30.316811758],[-89.921806685,30.314746353],[-89.915067264,30.312873117],[-89.909542571,30.311345698],[-89.903443279,30.309676767],[-89.90127979,30.3093200650001],[-89.899162093,30.309084246],[-89.892314461,30.3083588490001],[-89.8844452289999,30.307502024],[-89.875674255,30.306491189],[-89.862436018,30.3050564550001],[-89.8545271529999,30.304216302],[-89.844465412,30.3030875370001],[-89.8357739189999,30.302170216],[-89.83291088,30.301858656],[-89.828398041,30.3016605290001],[-89.827177948,30.301679892],[-89.825977654,30.301772667],[-89.8224862289999,30.3023188180001],[-89.821796235,30.3023045830001],[-89.8209915959999,30.3021433480001],[-89.820439671,30.301948248],[-89.819606087,30.301376836],[-89.818103695,30.30032928],[-89.817479584,30.2999697780001],[-89.816600377,30.2994342470001],[-89.81518176,30.2988919100001],[-89.8132432949999,30.2983141400001],[-89.809976182,30.2972790690001],[-89.809694658,30.297576012],[-89.803957092,30.295614303],[-89.799197753,30.2941155290001],[-89.795393291,30.2929181180001],[-89.787974578,30.2906099410001],[-89.78651376,30.290130016],[-89.7851310299999,30.289536064],[-89.782761764,30.2882821810001],[-89.7828411419999,30.288076507],[-89.7825697379999,30.287905166],[-89.782718759,30.2876600280001],[-89.782796349,30.2864755910001],[-89.782999343,30.2846617800001],[-89.780095391,30.284538082],[-89.7808545239999,30.282736142],[-89.779631141,30.2826907740001],[-89.7796462639999,30.2817409690001],[-89.780721614,30.2816996340001],[-89.780777184,30.279597348],[-89.782210874,30.279547102],[-89.782808255,30.2780969890001],[-89.783826563,30.2763754220001],[-89.785714421,30.2730604430001],[-89.783799291,30.2729816300001],[-89.7837095249999,30.274112674],[-89.783597046,30.2745499870001],[-89.7833991739999,30.274602922],[-89.783251752,30.2743037860001]],[[-90.091550245,30.4761506410001],[-90.090699709,30.4762760510001],[-90.090489156,30.476285644],[-90.089837916,30.4762951220001],[-90.088461541,30.476509873],[-90.088109769,30.4765542550001],[-90.0879780719999,30.476521893],[-90.087871991,30.4764533530001],[-90.0877428429999,30.4762574420001],[-90.087381012,30.4757281920001],[-90.087082751,30.4752334990001],[-90.087004297,30.474913566],[-90.086903478,30.474160582],[-90.086902648,30.474154389],[-90.0868999589999,30.4741342990001],[-90.086230507,30.474193509],[-90.0858490959999,30.4742022930001],[-90.0856497889999,30.4750847720001],[-90.085587581,30.475360208],[-90.085549225,30.475663497],[-90.085555663,30.476174832],[-90.085601798,30.4769496860001],[-90.085140458,30.4775923130001],[-90.084748856,30.4780407640001],[-90.083702794,30.4789492150001],[-90.082148455,30.4795843750001],[-90.0822168509999,30.4797305220001],[-90.080934755,30.480197454],[-90.078944556,30.48096257],[-90.077775112,30.4813878890001],[-90.076766602,30.481576278],[-90.074787132,30.481677985],[-90.072968594,30.4817750670001],[-90.071820609,30.48182592],[-90.070082536,30.4819322490001],[-90.067738286,30.482070939],[-90.065259925,30.4822096290001],[-90.062856666,30.4823252030001],[-90.060887925,30.4824315320001],[-90.059069387,30.482528614],[-90.057824186,30.4825729350001],[-90.0557166259999,30.482667303],[-90.0537660529999,30.4827675770001],[-90.052768059,30.4828209940001],[-90.051752321,30.4828707130001],[-90.051122089,30.482909272],[-90.049107663,30.483032516],[-90.046794534,30.4831568490001],[-90.0461984139999,30.483175109],[-90.0459269739999,30.483154421],[-90.0446994339999,30.4829566650001],[-90.042167593,30.482551533],[-90.041168553,30.4823916710001],[-90.041068619,30.482368889],[-90.040688029,30.4822821240001],[-90.040726284,30.482155119],[-90.040269235,30.4819554060001],[-90.03948442,30.4815513550001],[-90.0388020669999,30.481198965],[-90.038437287,30.4809270150001],[-90.0379593169999,30.480450262],[-90.0377484959999,30.480208475],[-90.0376664199999,30.47993791],[-90.037656764,30.479594413],[-90.0376535459999,30.479498252],[-90.03767207,30.47940607],[-90.038781929,30.479395464],[-90.0387712,30.4789077240001],[-90.0389166149999,30.4787172220001],[-90.039310324,30.478272618],[-90.0398124719999,30.4782502830001],[-90.039380061,30.476336067],[-90.04066005,30.476118977],[-90.0406748349999,30.473639848],[-90.040658702,30.471478441],[-90.040634953,30.469651774],[-90.0406481489999,30.4673046120001],[-90.040617921,30.4646172170001],[-90.040611617,30.4640567220001],[-90.04060295,30.4617813460001],[-90.0405962679999,30.460026554],[-90.040598969,30.459195188],[-90.0406016319999,30.458375758],[-90.0406203539999,30.456584392],[-90.040627129,30.453759533],[-90.0406279279999,30.453080077],[-90.040532114,30.45255308],[-90.040689033,30.451518954],[-90.040809753,30.4504749590001],[-90.041053216,30.4484996050001],[-90.0410862849999,30.448213862],[-90.041171777,30.447475118],[-90.041206057,30.446930034],[-90.041207621,30.446900697],[-90.041243792,30.4462220350001],[-90.041243378,30.4454867310001],[-90.041246993,30.445391756],[-90.041255854,30.443995304],[-90.041244723,30.4424714520001],[-90.0412420279999,30.4411427790001],[-90.04126229,30.4402547770001],[-90.04145137,30.4401541],[-90.0415532539999,30.438931897],[-90.041694472,30.4378902170001],[-90.041922851,30.436573982],[-90.042052975,30.435772558],[-90.042055711,30.435752204],[-90.042111113,30.4348373340001],[-90.0420837679999,30.4344836120001],[-90.042059524,30.434390164],[-90.041921094,30.434071751],[-90.041826022,30.433901249],[-90.041691228,30.433765393],[-90.04141243,30.433496715],[-90.041154547,30.4331934150001],[-90.041041427,30.433002039],[-90.041018016,30.432905971],[-90.041014993,30.432894988],[-90.040925353,30.432739445],[-90.04090926,30.432572932],[-90.040965585,30.4312593270001],[-90.040984897,30.4304466400001],[-90.040952174,30.4289493740001],[-90.04094256,30.4285741210001],[-90.0409015819999,30.426974718],[-90.040678556,30.426968011],[-90.040906427,30.426954623],[-90.04084531,30.425640086],[-90.040829216,30.4247606260001],[-90.040780937,30.4233098770001],[-90.040783619,30.4219030520001],[-90.040767526,30.4208911430001],[-90.040754115,30.419890788],[-90.040770208,30.4189736910001],[-90.040787732,30.4181948690001],[-90.0408180329999,30.4172077000001],[-90.040891635,30.415815649],[-90.0409905,30.414967512],[-90.0410441449999,30.414875468],[-90.0406163329999,30.414840771],[-90.040598898,30.4146069180001],[-90.040544584,30.41456401],[-90.040067821,30.414229882],[-90.039754825,30.4138576290001],[-90.0391540099999,30.41330248],[-90.0383708049999,30.4125345190001],[-90.0377914489999,30.412118153],[-90.0358560459999,30.410958],[-90.0308378299999,30.4082401420001],[-90.026296046,30.4057487470001],[-90.024122912,30.404512203],[-90.019965365,30.4022774330001],[-90.014125,30.398878],[-90.0097236889999,30.396476599],[-90.00631979,30.3945660030001],[-90.005014854,30.39403686],[-90.0042852939999,30.3939628260001],[-90.003169494,30.3939998430001],[-90.001876669,30.3944718130001],[-90.001131016,30.3946013730001],[-90.0007195649999,30.3944759770001],[-90.000356457,30.394241746],[-90.000335774,30.3942497],[-90.000200465,30.3941682970001],[-89.9999766,30.394080785],[-89.9998217849999,30.3941245010001],[-89.998915002,30.3944649640001],[-89.998336038,30.3946049790001],[-89.997826963,30.394792028],[-89.9974510179999,30.394899036],[-89.997067976,30.394975978],[-89.996556026,30.3950460250001],[-89.995412022,30.3951750370001],[-89.9949650199999,30.395220985],[-89.994590962,30.395242991],[-89.994400968,30.395281036],[-89.99387204,30.3954040030001],[-89.993353981,30.3955699750001],[-89.9892389779999,30.397130035],[-89.9851029559999,30.398717033],[-89.984735787,30.3988564320001],[-89.981454527,30.400101502],[-89.980347993,30.4005220350001],[-89.977482008,30.401617991],[-89.976527009,30.401924035],[-89.975845997,30.4020999900001],[-89.975125008,30.4021959880001],[-89.974443996,30.402266029],[-89.9664980379999,30.402932037],[-89.956815008,30.403694966],[-89.952908786,30.4040045020001],[-89.950514044,30.4042029870001],[-89.9499955269999,30.404247502],[-89.9490210439999,30.404334002],[-89.947191985,30.404447971],[-89.945779025,30.404587973],[-89.945077979,30.4047289810001],[-89.9443569919999,30.4049649770001],[-89.943563959,30.4052810050001],[-89.942914028,30.405587037],[-89.9416539599999,30.4062540300001],[-89.94080101,30.406708968],[-89.940323017,30.406989971],[-89.939785015,30.407348991],[-89.939407993,30.4076379730001],[-89.938890025,30.4081379940001],[-89.938402958,30.4087069660001],[-89.937884001,30.4094349860001],[-89.9368580349999,30.411056027],[-89.93604497,30.4123879960001],[-89.935852011,30.4126950140001],[-89.935557005,30.4130540130001],[-89.933759027,30.4149730170001],[-89.9332300089999,30.4155249830001],[-89.932834031,30.415954003],[-89.932437964,30.4162870380001],[-89.93153399,30.4169359860001],[-89.930578003,30.4175760200001],[-89.9294000419999,30.418355025],[-89.928017984,30.4192320180001],[-89.92765201,30.419502992],[-89.927062985,30.419984981],[-89.926564959,30.4204489960001],[-89.924918976,30.422096966],[-89.9226529749999,30.424445007],[-89.9179580209999,30.429281971],[-89.9135380399999,30.433854965],[-89.910153996,30.432988019],[-89.908687428,30.4326299420001],[-89.904505527,30.4316085020001],[-89.895582963,30.4294310000001],[-89.892057974,30.428563006],[-89.888155962,30.427608019],[-89.885919965,30.427099964],[-89.8834919989999,30.4265999630001],[-89.880219975,30.4259169970001],[-89.8766020099999,30.4251809670001],[-89.853841471,30.4204019810001]],[[-89.761483471,30.3918549790001],[-89.761445088,30.392042433],[-89.761399543,30.3922408],[-89.761506802,30.3928464370001],[-89.761603371,30.393384347],[-89.761734794,30.3939159020001],[-89.7618689129999,30.3944861950001],[-89.7619949469999,30.395098714],[-89.762134455,30.3958517080001],[-89.762174699,30.396293058],[-89.7622390189999,30.397043796],[-89.7622846529999,30.3974342330001],[-89.7623490619999,30.397861629],[-89.762416077,30.3982219220001],[-89.76250995,30.398598485],[-89.762644069,30.3989379340001],[-89.762821127,30.3993492060001],[-89.7630571139999,30.3997997590001],[-89.763306576,30.400217304],[-89.7636686869999,30.400804297],[-89.764025408,30.401402365],[-89.76433389,30.40190606],[-89.76473355,30.4025388330001],[-89.7649319879999,30.402788624],[-89.7654362119999,30.403271547],[-89.76603979,30.403709919],[-89.766745148,30.404116522],[-89.767303091,30.404433483],[-89.768612027,30.405172537],[-89.769810918,30.405777474],[-89.770371557,30.4060591],[-89.770921416,30.406327478],[-89.771796041,30.406772231],[-89.772388544,30.407073489],[-89.773260269,30.407636811],[-89.774137384,30.408251573],[-89.775027794,30.408925829],[-89.776189226,30.4097435620001],[-89.776642516,30.4100552370001],[-89.777122666,30.41042021],[-89.777575955,30.4107295580001],[-89.778900971,30.411632882],[-89.779566173,30.412074083],[-89.7801561859999,30.412477708],[-89.78161532,30.4135729870001],[-89.782157184,30.413988768],[-89.7835760729999,30.4151459280001],[-89.784067873,30.415593131],[-89.7843350589999,30.415840976],[-89.78470256,30.4162937780001],[-89.7848922159999,30.416567391],[-89.784863852,30.416504622],[-89.785201786,30.4163645020001],[-89.785330033,30.4163390190001],[-89.7879029869999,30.416181991],[-89.7900995269999,30.416179502],[-89.792091023,30.41617897],[-89.798375008,30.4162100350001],[-89.7999415259999,30.4162195020001],[-89.8061229779999,30.4162579880001],[-89.814315973,30.4163150050001],[-89.817193995,30.4163390190001],[-89.832632981,30.4163610200001],[-89.833631009,30.416378993],[-89.8344120039999,30.416415016],[-89.8351119709999,30.416474975],[-89.85384147,30.4204019810001]]]},"properties":{"id":"uniti-regional-20260919-69e54b87ca19d788fe24","sourceId":"uniti-regional-20260919","source":"Uniti Wholesale regional transport network","sourceUrl":"https://www.unitiwholesale.com/network-map/","name":"Uniti Wholesale regional transport network","carrier":"Uniti Wholesale","category":"unknown","routeStatus":"Publisher network map; current operating status unverified","evidence":"publisher_route","geometryQuality":"publisher_geometry_unverified","dataDate":null,"metadataModified":"2025-06-13T12:55:45+00:00","retrievedAt":"2026-09-19T13:31:26.703698+00:00","networkType":"Carrier-published regional transport geometry; not a surveyed cable alignment","serviceability":"Unconfirmed","routeDiversity":"Unconfirmed","states":["LA"],"publishedLineParts":5,"importBatch":"20260919","sourceRecordIds":["95744","95745","95954","96219","96220"]},"bbox":[-90.091550245,30.2729816300001,-89.7511680549999,30.483175109]},{"type":"Feature","geometry":{"type":"MultiLineString","coordinates":[[[-89.711769206,30.112875612],[-89.7124251669999,30.112516407],[-89.713426751,30.111969577],[-89.7145082279999,30.111374641],[-89.7157699479999,30.1106882990001],[-89.71722678,30.109900931],[-89.7178511279999,30.1095545530001],[-89.718969757,30.1089483910001],[-89.720764711,30.1079750060001],[-89.7210657259999,30.107808231],[-89.721874239,30.107381479],[-89.726818443,30.1046699820001]],[[-89.699076963,30.119485658],[-89.70129309,30.1183616480001],[-89.702226884,30.117867624],[-89.7027572699999,30.117597705],[-89.704103796,30.11689103],[-89.705832011,30.115993014],[-89.70767534,30.115035462],[-89.7095554479999,30.114053251],[-89.7102435799999,30.1137014670001],[-89.7108285259999,30.1133887400001],[-89.711769206,30.112875612]],[[-89.656758284,30.141334729],[-89.682521005,30.1280440790001],[-89.682818368,30.1278869270001],[-89.685163812,30.126676207],[-89.687311328,30.1255745330001],[-89.687502749,30.1254735060001],[-89.6894058,30.1244985160001],[-89.6911806159999,30.123579653],[-89.69296471,30.1226591860001],[-89.693412589,30.122418646],[-89.695185518,30.121501385],[-89.696560722,30.120787783],[-89.697462036,30.120313116],[-89.698116183,30.119969944],[-89.699062097,30.1194920720001],[-89.699076963,30.119485658]]]},"properties":{"id":"uniti-regional-20260919-75bf7a79075cfcc8f7c5","sourceId":"uniti-regional-20260919","source":"Uniti Wholesale regional transport network","sourceUrl":"https://www.unitiwholesale.com/network-map/","name":"Uniti Wholesale regional transport network","carrier":"Uniti Wholesale","category":"unknown","routeStatus":"Publisher network map; current operating status unverified","evidence":"publisher_route","geometryQuality":"publisher_geometry_unverified","dataDate":null,"metadataModified":"2025-06-13T12:55:45+00:00","retrievedAt":"2026-09-19T13:31:26.703698+00:00","networkType":"Carrier-published regional transport geometry; not a surveyed cable alignment","serviceability":"Unconfirmed","routeDiversity":"Unconfirmed","states":["LA"],"publishedLineParts":3,"importBatch":"20260919","sourceRecordIds":["96246","96252","96253"]},"bbox":[-89.726818443,30.1046699820001,-89.656758284,30.141334729]},{"type":"Feature","geometry":{"type":"MultiLineString","coordinates":[[[-89.761806,30.3918930360001],[-89.761806002,30.391892999],[-89.761382001,30.3917840010001],[-89.7606999989999,30.3907570010001],[-89.7602130019999,30.389996001],[-89.759379999,30.3887549990001],[-89.757566001,30.3866379990001],[-89.7548629999999,30.383454],[-89.754538001,30.382895999],[-89.754092999,30.382210001],[-89.753840999,30.3819440010001],[-89.7532489989999,30.3814369990001],[-89.752546001,30.380836001],[-89.7521780019999,30.3805790010001],[-89.7515969989999,30.380235],[-89.750648002,30.37973],[-89.749621999,30.379199],[-89.749261998,30.378948],[-89.7491840019999,30.378794],[-89.7490789999999,30.378428],[-89.748525998,30.375994001],[-89.747545998,30.376112001],[-89.747132999,30.376178001],[-89.746019001,30.3764170000001],[-89.744475001,30.376633999],[-89.7444090019999,30.3765980010001],[-89.7442619989999,30.3768850000001],[-89.743905001,30.3777699990001],[-89.743814,30.378175001],[-89.7438169979999,30.378341001],[-89.743572002,30.37838],[-89.743585998,30.3794550000001],[-89.743569,30.379643001],[-89.743495001,30.3799719990001],[-89.743366,30.38028],[-89.743192001,30.380592999],[-89.7427450009999,30.3810970000001],[-89.742380998,30.381509],[-89.7413940019999,30.3825320010001],[-89.7405370009999,30.383421001],[-89.7397849979999,30.384225999],[-89.7388619979999,30.385205],[-89.737532,30.3865720000001],[-89.737061001,30.387099001]]]},"properties":{"id":"uniti-regional-20260919-020595c4fb6ca1c9f937","sourceId":"uniti-regional-20260919","source":"Uniti Wholesale regional transport network","sourceUrl":"https://www.unitiwholesale.com/network-map/","name":"Uniti Wholesale regional transport network","carrier":"Uniti Wholesale","category":"unknown","routeStatus":"Publisher network map; current operating status unverified","evidence":"publisher_route","geometryQuality":"publisher_geometry_unverified","dataDate":null,"metadataModified":"2025-06-13T12:55:45+00:00","retrievedAt":"2026-09-19T13:31:26.703698+00:00","networkType":"Carrier-published regional transport geometry; not a surveyed cable alignment","serviceability":"Unconfirmed","routeDiversity":"Unconfirmed","states":["LA"],"publishedLineParts":1,"importBatch":"20260919","sourceRecordIds":["95746"]},"bbox":[-89.761806002,30.375994001,-89.737061001,30.3918930360001]},{"type":"Feature","geometry":{"type":"MultiLineString","coordinates":[[[-90.905900468,32.314828302],[-90.907574704,32.315707408],[-90.9092562699999,32.3166139950001],[-90.910416215,32.317253502],[-90.910460252,32.3173211530001],[-90.912303037,32.318298412],[-90.918040928,32.3212695460001],[-90.921705044,32.323193254],[-90.922739674,32.3236988530001],[-90.923197411,32.323867927],[-90.923539303,32.3239694380001],[-90.923952512,32.3240446300001],[-90.9244168,32.324094925],[-90.924875199,32.324105197],[-90.925206235,32.3241891800001],[-90.925463157,32.324120393],[-90.925543134,32.324048383],[-90.925893552,32.3239954250001],[-90.926242583,32.3239249690001],[-90.926836233,32.323834736],[-90.927946854,32.32365487],[-90.9325662479999,32.32288651],[-90.934692365,32.3225177360001],[-90.938714209,32.321875694],[-90.940985131,32.321509249],[-90.943137339,32.3211515190001],[-90.944212093,32.3209973250001],[-90.944738571,32.320957892],[-90.94535419,32.320937513],[-90.946208896,32.3209656770001],[-90.9469116069999,32.3210408200001],[-90.9474138589999,32.3211253550001],[-90.9481787869999,32.321298083],[-90.94981948,32.321681012],[-90.951928497,32.322172449],[-90.953676854,32.3225830920001],[-90.9559865269999,32.323126374],[-90.958768485,32.3237626220001],[-90.960235902,32.3241098410001],[-90.9613972339999,32.3244270600001],[-90.962754436,32.324745326],[-90.96419802,32.325075199],[-90.966754396,32.325683498],[-90.9689640349999,32.3261924830001],[-90.9709945719999,32.32666728],[-90.973467597,32.327240804],[-90.975616897,32.3277416330001],[-90.9780657699999,32.3283002960001],[-90.9813165049999,32.3290744980001],[-90.983210318,32.329504161],[-90.986057435,32.330168267],[-90.988983327,32.330851035],[-90.991283567,32.3313814360001],[-90.99426185,32.332070362],[-90.998366873,32.333032142],[-91.000564343,32.333541106],[-91.00327269,32.334180308],[-91.005537663,32.334707962],[-91.008912424,32.335497428],[-91.011852534,32.336175804],[-91.014684465,32.3368322630001],[-91.0189114779999,32.337819344],[-91.022382482,32.3386362470001],[-91.024091046,32.339109372],[-91.024777726,32.339336373],[-91.026336283,32.3398678840001],[-91.028071503,32.340570384],[-91.030585523,32.3415556],[-91.0327187789999,32.342392638],[-91.034657206,32.3431536300001],[-91.0374264549999,32.3442320560001],[-91.0400875999999,32.3452852770001],[-91.042056545,32.346064122],[-91.0458802969999,32.347562505],[-91.0479950179999,32.348391539],[-91.050793155,32.3494996640001],[-91.053188914,32.350437405],[-91.055782016,32.3514495690001],[-91.05887455,32.3526659240001],[-91.061526764,32.353727792],[-91.06381935,32.3546183930001],[-91.066098454,32.355512746],[-91.0681287199999,32.3563030660001],[-91.070210873,32.3571379260001],[-91.07249259,32.3580249080001],[-91.074222535,32.3586987410001],[-91.076056906,32.359418959],[-91.077476937,32.359986586],[-91.079020665,32.360592921],[-91.0804351399999,32.3611321920001],[-91.081603635,32.361607324],[-91.083633251,32.3624079530001],[-91.085609263,32.3631688190001],[-91.088029935,32.36412342],[-91.09080993,32.365226131],[-91.093173072,32.3661518970001],[-91.095500408,32.367059242],[-91.098451422,32.368219471],[-91.100597116,32.369061317],[-91.1040545279999,32.370415984],[-91.106221002,32.3712647410001],[-91.107425892,32.3717602290001],[-91.1086115109999,32.372274455],[-91.1098873619999,32.3728597080001],[-91.111142177,32.373387966],[-91.113038444,32.374253115],[-91.1144095069999,32.3748548790001],[-91.1153153399999,32.3752678110001],[-91.116821666,32.3759304720001],[-91.11874936,32.376798363],[-91.120692375,32.377662268],[-91.1224118809999,32.3784384100001],[-91.1240999239999,32.3791784120001],[-91.125947125,32.380014272],[-91.1284272279999,32.381109414],[-91.130457862,32.3820194470001],[-91.131940478,32.382675346],[-91.133684615,32.3834365600001],[-91.134855821,32.3839815580001],[-91.136778191,32.3848314620001],[-91.1390581909999,32.385842713],[-91.141714931,32.387034449],[-91.143305211,32.3877475830001],[-91.1457805789999,32.388848784],[-91.148137171,32.389895446],[-91.150250015,32.3908347560001],[-91.15198694,32.3916059790001],[-91.153267048,32.3921773920001],[-91.154672593,32.3928063810001],[-91.1564859259999,32.3936008600001],[-91.157519612,32.3940741330001],[-91.158146014,32.394306154],[-91.1587782289999,32.394578703],[-91.161099849,32.395611296],[-91.1632080809999,32.396559558],[-91.1648440769999,32.3972883700001],[-91.166841469,32.3981762940001],[-91.168599125,32.3989513170001],[-91.1715364249999,32.4002509860001],[-91.174251064,32.4014711790001],[-91.177273322,32.4028005860001],[-91.179465861,32.403796205],[-91.1830975569999,32.405412035],[-91.1849443529999,32.4062871100001],[-91.185965784,32.4067371080001],[-91.187347876,32.407339773],[-91.188677394,32.407945252],[-91.189316049,32.408210345],[-91.189948572,32.4084587130001],[-91.1908054359999,32.408798296],[-91.1915657759999,32.4090608600001],[-91.1917161379999,32.4092022900001],[-91.192257422,32.409384865],[-91.192947843,32.4096089550001],[-91.193857625,32.4099120810001],[-91.1950472789999,32.410244574],[-91.1960482869999,32.410478563],[-91.196993532,32.410674752],[-91.197596787,32.4107984720001],[-91.1982343019999,32.4109132240001],[-91.199185851,32.4110522390001],[-91.200684732,32.411255924],[-91.203155991,32.4116391860001],[-91.206273793,32.41211281],[-91.2094411149999,32.412529454],[-91.209810251,32.4125070970001],[-91.210065947,32.4125401210001]]]},"properties":{"id":"uniti-regional-20260919-0f08812e3637a26d7773","sourceId":"uniti-regional-20260919","source":"Uniti Wholesale regional transport network","sourceUrl":"https://www.unitiwholesale.com/network-map/","name":"Uniti Wholesale regional transport network","carrier":"Uniti Wholesale","category":"unknown","routeStatus":"Publisher network map; current operating status unverified","evidence":"publisher_route","geometryQuality":"publisher_geometry_unverified","dataDate":null,"metadataModified":"2025-06-13T12:55:45+00:00","retrievedAt":"2026-09-19T13:31:26.703698+00:00","networkType":"Carrier-published regional transport geometry; not a surveyed cable alignment","serviceability":"Unconfirmed","routeDiversity":"Unconfirmed","states":["LA","MS"],"publishedLineParts":1,"importBatch":"20260919","sourceRecordIds":["2993"]},"bbox":[-91.210065947,32.314828302,-90.905900468,32.4125401210001]},{"type":"Feature","geometry":{"type":"MultiLineString","coordinates":[[[-90.895307998,32.3107820000001],[-90.895447001,32.3108270010001],[-90.895586,32.310339001],[-90.895977998,32.3103980000001],[-90.896443001,32.310557999],[-90.897525001,32.3113070000001],[-90.898123001,32.311721999],[-90.8988590009999,32.3120979990001],[-90.8991649989999,32.3122950000001],[-90.8992509989999,32.312508],[-90.899304002,32.3127880010001],[-90.899192999,32.313297],[-90.899467,32.3133040000001],[-90.9000889979999,32.3129309990001],[-90.900346999,32.312755],[-90.900459002,32.3127209990001],[-90.900519,32.3126759990001],[-90.900824998,32.3127039990001],[-90.901382002,32.3128390000001],[-90.9016149999999,32.3129010000001],[-90.9019999989999,32.313114],[-90.910769999,32.317642],[-90.917421998,32.321085999],[-90.920605001,32.3227190010001],[-90.9222050019999,32.323566],[-90.922836,32.32388],[-90.923413,32.324082],[-90.9240639989999,32.324266999],[-90.924295998,32.324311999],[-90.9244969979999,32.324359999]]]},"properties":{"id":"uniti-regional-20260919-6d93378766dcec48727c","sourceId":"uniti-regional-20260919","source":"Uniti Wholesale regional transport network","sourceUrl":"https://www.unitiwholesale.com/network-map/","name":"Uniti Wholesale regional transport network","carrier":"Uniti Wholesale","category":"unknown","routeStatus":"Publisher network map; current operating status unverified","evidence":"publisher_route","geometryQuality":"publisher_geometry_unverified","dataDate":null,"metadataModified":"2025-06-13T12:55:45+00:00","retrievedAt":"2026-09-19T13:31:26.703698+00:00","networkType":"Carrier-published regional transport geometry; not a surveyed cable alignment","serviceability":"Unconfirmed","routeDiversity":"Unconfirmed","states":["LA","MS"],"publishedLineParts":1,"importBatch":"20260919","sourceRecordIds":["95592"]},"bbox":[-90.9244969979999,32.310339001,-90.895307998,32.324359999]},{"type":"Feature","geometry":{"type":"MultiLineString","coordinates":[[[-89.681281998,30.525581001],[-89.6812659989999,30.525577999],[-89.681319002,30.525355],[-89.681431,30.5251410010001],[-89.681553999,30.524981],[-89.681857999,30.524700001],[-89.6821770019999,30.5243570000001],[-89.6824010019999,30.524075999],[-89.682569001,30.5237719990001],[-89.683108002,30.521859001],[-89.6832059989999,30.520988001],[-89.683394998,30.520023001],[-89.6834719999999,30.5196760010001],[-89.6835669989999,30.519441],[-89.6837489979999,30.5190910000001],[-89.683884999,30.518777001],[-89.683979998,30.5184629990001],[-89.683990001,30.5181740000001],[-89.683170998,30.518144001],[-89.682807001,30.518171001],[-89.682446001,30.5182339990001],[-89.681683,30.518144001],[-89.6817950019999,30.517636999],[-89.682058,30.51701],[-89.6824429979999,30.516113999],[-89.6827819979999,30.5151249990001],[-89.683003,30.514307],[-89.683279998,30.5143580010001],[-89.6837169999999,30.5125640000001],[-89.684164999,30.5107869990001],[-89.684721998,30.508652001],[-89.686802001,30.500459],[-89.6876660019999,30.4970769990001],[-89.688009999,30.4958579990001],[-89.688866,30.492811999],[-89.6891279989999,30.4919190000001],[-89.689974002,30.4890010010001],[-89.690394001,30.487540999],[-89.6913149979999,30.4842820000001],[-89.691587999,30.4834039990001],[-89.691660998,30.482912001],[-89.6916749979999,30.482632],[-89.6915949989999,30.481662999],[-89.691615999,30.481361001],[-89.6916749979999,30.481051001],[-89.692946002,30.4765760010001],[-89.692966998,30.4762920000001],[-89.692942999,30.4760990010001],[-89.692869,30.475918],[-89.6927399999999,30.475713001],[-89.691143002,30.473752],[-89.691266002,30.470873],[-89.691301002,30.468803],[-89.691462001,30.4688],[-89.6931,30.468803],[-89.694185998,30.468733001],[-89.6942230019999,30.4682030010001],[-89.6942310009999,30.468088],[-89.694341,30.4677370000001],[-89.694347001,30.4676949990001],[-89.694623,30.4674810000001],[-89.694724999,30.4674479990001],[-89.695137998,30.4674659990001],[-89.6960480019999,30.4677290000001],[-89.6965349989999,30.4679310000001],[-89.6968319979999,30.4672790000001],[-89.6977570019999,30.4652360000001],[-89.6983729999999,30.4639660010001],[-89.698438,30.463851999],[-89.698042,30.4636100000001],[-89.697635002,30.4634569990001],[-89.697348001,30.4633479990001],[-89.6969930019999,30.463215],[-89.696253,30.4627110000001],[-89.696137999,30.462805],[-89.695834,30.4626370010001],[-89.6949139979999,30.4620580010001],[-89.694783998,30.461932],[-89.694745999,30.4618169990001],[-89.69476,30.461666],[-89.6948399989999,30.4615390000001],[-89.6955580009999,30.4607999990001],[-89.697717999,30.4586840010001],[-89.698130998,30.458349],[-89.698410999,30.4581440000001],[-89.699245001,30.45754],[-89.6994759999999,30.457317001],[-89.6999339979999,30.4567919990001],[-89.700638,30.4558440000001],[-89.701583,30.454486],[-89.702175,30.453539001],[-89.702375001,30.453195],[-89.702934998,30.452195999],[-89.703260002,30.4516040010001],[-89.7035930009999,30.4510000000001],[-89.703926001,30.450362999],[-89.7048990009999,30.448473999],[-89.705399999,30.447587001],[-89.70617,30.4461560010001],[-89.7068949979999,30.4447920000001],[-89.708767999,30.441263],[-89.7097269989999,30.439443001],[-89.712352999,30.43445],[-89.712934001,30.4333570000001],[-89.7138130019999,30.431712001],[-89.714134999,30.431109001],[-89.714422,30.4305620000001],[-89.7144739989999,30.4305140000001],[-89.714702001,30.430302001],[-89.716663001,30.42661],[-89.717712998,30.424268001],[-89.720391002,30.4178639990001],[-89.722720002,30.4122810010001],[-89.724964002,30.406834001],[-89.725867001,30.404274001],[-89.727849002,30.397687999],[-89.7288080019999,30.394526001],[-89.729645002,30.3947709990001],[-89.729728999,30.394513999],[-89.7300329979999,30.393692001],[-89.730303001,30.393088001],[-89.730534001,30.392629001],[-89.7306710009999,30.392364001],[-89.730789998,30.392161001],[-89.730944001,30.39189],[-89.7311989999999,30.391626999],[-89.7313879989999,30.3915480000001],[-89.731477002,30.3915480000001],[-89.731482998,30.3915480000001],[-89.731604998,30.3915510000001],[-89.731668,30.3915539990001],[-89.732007999,30.391608999],[-89.7328830019999,30.391871],[-89.733258002,30.391914001],[-89.733752,30.391892999],[-89.734119,30.391846999],[-89.734482998,30.391751],[-89.734781001,30.3916150000001],[-89.735061002,30.391391001],[-89.7348499989999,30.3912370000001],[-89.735214001,30.390911999],[-89.735451002,30.3905979990001],[-89.7356149989999,30.3903480000001],[-89.735735,30.390106001],[-89.737061001,30.387099001]]]},"properties":{"id":"uniti-regional-20260919-b0c8f869312ce032f828","sourceId":"uniti-regional-20260919","source":"Uniti Wholesale regional transport network","sourceUrl":"https://www.unitiwholesale.com/network-map/","name":"Uniti Wholesale regional transport network","carrier":"Uniti Wholesale","category":"unknown","routeStatus":"Publisher network map; current operating status unverified","evidence":"publisher_route","geometryQuality":"publisher_geometry_unverified","dataDate":null,"metadataModified":"2025-06-13T12:55:45+00:00","retrievedAt":"2026-09-19T13:31:26.703698+00:00","networkType":"Carrier-published regional transport geometry; not a surveyed cable alignment","serviceability":"Unconfirmed","routeDiversity":"Unconfirmed","states":["LA","MS"],"publishedLineParts":1,"importBatch":"20260919","sourceRecordIds":["95747"]},"bbox":[-89.737061001,30.387099001,-89.6812659989999,30.525581001]},{"type":"Feature","geometry":{"type":"MultiLineString","coordinates":[[[-94.022221848,32.4593892070001],[-94.022606162,32.459506064],[-94.0233272729999,32.459724905],[-94.024100364,32.459958842],[-94.024549593,32.460095198],[-94.025298944,32.460320074],[-94.026038602,32.460549981],[-94.02663875,32.460753132],[-94.0267613669999,32.46080074],[-94.027025892,32.460903773],[-94.0271235719999,32.4609408850001],[-94.0278087309999,32.4612263720001],[-94.0279787109999,32.461282699],[-94.029103428,32.461778979],[-94.03041094,32.4625473020001],[-94.0343576,32.4650604460001],[-94.03526325,32.465577292],[-94.036513784,32.4662956650001],[-94.0439785309999,32.470907727],[-94.045310611,32.471719987],[-94.045402625,32.471773039],[-94.045438373,32.4717950460001],[-94.0452996339999,32.471955775],[-94.0453947439999,32.4720134520001],[-94.045410476,32.4720229750001],[-94.046502278,32.4726815130001],[-94.0465717819999,32.472727024],[-94.047898426,32.4735313040001],[-94.0479409279999,32.4735705310001],[-94.049256859,32.474364898],[-94.049972548,32.474795406],[-94.051457311,32.475716838],[-94.051482578,32.475722719],[-94.0524561779999,32.4762803880001],[-94.0525302679999,32.476380829],[-94.0528268579999,32.476712472],[-94.053022945,32.4768853910001],[-94.053064282,32.476953248],[-94.0535800979999,32.4773877330001],[-94.053704941,32.477454793],[-94.053825431,32.4775259990001],[-94.0546326739999,32.4779723720001],[-94.054726412,32.478000227],[-94.055733174,32.4785278140001],[-94.0558225289999,32.4785717560001],[-94.056988549,32.479109368],[-94.057069789,32.4791320420001],[-94.058309368,32.479467603],[-94.058506252,32.4795154620001],[-94.0586479089999,32.479548094],[-94.059499008,32.4797554670001],[-94.059810962,32.4798521650001],[-94.059908416,32.479869034],[-94.060440364,32.479935792],[-94.060464426,32.4799440990001],[-94.060847745,32.4799826780001],[-94.060945708,32.4799979580001],[-94.061267218,32.480019424],[-94.0625537669999,32.4801628540001],[-94.0630151139999,32.4802094080001],[-94.063387824,32.480221945],[-94.063514459,32.48023944],[-94.064167039,32.480335778],[-94.064168855,32.4803029350001],[-94.064174531,32.4802003450001],[-94.064130203,32.479629217],[-94.064166324,32.479629812],[-94.06445466,32.479634627],[-94.065297206,32.47959431],[-94.065630764,32.4795858960001],[-94.0659847319999,32.4795578820001],[-94.066865644,32.479573894],[-94.067128246,32.4795833590001],[-94.068251754,32.479551638],[-94.0684064929999,32.479544193],[-94.0690507319999,32.4795056740001],[-94.069382839,32.4795022110001],[-94.0706308169999,32.479450168],[-94.071024801,32.479421223],[-94.071121804,32.4794061200001],[-94.071519003,32.479402774],[-94.071858273,32.479384662],[-94.072581374,32.4793517520001],[-94.072728841,32.479351481],[-94.072802655,32.479345912],[-94.0731734839999,32.4793378910001],[-94.073991088,32.479293914],[-94.075390695,32.479229961],[-94.075757224,32.47923146],[-94.076446155,32.4792185690001],[-94.0777350659999,32.47915319],[-94.078482191,32.4791375560001],[-94.079088702,32.479114941],[-94.080312234,32.4791033870001],[-94.0805708249999,32.479087667],[-94.080642107,32.479098322]]]},"properties":{"id":"uniti-regional-20260919-375f9e4ad203439f0a74","sourceId":"uniti-regional-20260919","source":"Uniti Wholesale regional transport network","sourceUrl":"https://www.unitiwholesale.com/network-map/","name":"Uniti Wholesale regional transport network","carrier":"Uniti Wholesale","category":"unknown","routeStatus":"Publisher network map; current operating status unverified","evidence":"publisher_route","geometryQuality":"publisher_geometry_unverified","dataDate":null,"metadataModified":"2025-06-13T12:55:45+00:00","retrievedAt":"2026-09-19T13:31:26.703698+00:00","networkType":"Carrier-published regional transport geometry; not a surveyed cable alignment","serviceability":"Unconfirmed","routeDiversity":"Unconfirmed","states":["LA","TX"],"publishedLineParts":1,"importBatch":"20260919","sourceRecordIds":["47318"]},"bbox":[-94.080642107,32.4593892070001,-94.022221848,32.480335778]},{"type":"Feature","geometry":{"type":"MultiLineString","coordinates":[[[-94.054331642,30.106809318],[-94.05427917,30.1068015920001],[-94.05349869,30.10668667],[-94.030136095,30.121982711],[-94.0254058629999,30.1252119230001],[-94.018074089,30.1301612410001],[-94.015731907,30.1315250490001],[-94.0070496049999,30.1353718440001],[-94.000480646,30.1351890460001],[-93.96975702,30.1293256590001],[-93.92823033,30.130241106],[-93.89726251,30.131010222],[-93.8829573799999,30.129041594],[-93.870666587,30.130258492],[-93.862327646,30.1304820500001],[-93.845832871,30.122610111],[-93.8187941349999,30.1146414560001],[-93.803527843,30.113010559],[-93.798118524,30.1145760960001],[-93.777130179,30.1205445690001],[-93.75763711,30.121505681],[-93.731506418,30.118400394],[-93.71750652,30.1204011300001],[-93.701522895,30.127773615],[-93.635826072,30.153730679],[-93.585991007,30.1770401520001],[-93.5626068339999,30.1874902010001],[-93.517845124,30.195516663],[-93.4120483469999,30.214784362],[-93.383602867,30.215304373]]]},"properties":{"id":"uniti-regional-20260919-6db8e409945527f00d9a","sourceId":"uniti-regional-20260919","source":"Uniti Wholesale regional transport network","sourceUrl":"https://www.unitiwholesale.com/network-map/","name":"Uniti Wholesale regional transport network","carrier":"Uniti Wholesale","category":"unknown","routeStatus":"Publisher network map; current operating status unverified","evidence":"publisher_route","geometryQuality":"publisher_geometry_unverified","dataDate":null,"metadataModified":"2025-06-13T12:55:45+00:00","retrievedAt":"2026-09-19T13:31:26.703698+00:00","networkType":"Carrier-published regional transport geometry; not a surveyed cable alignment","serviceability":"Unconfirmed","routeDiversity":"Unconfirmed","states":["LA","TX"],"publishedLineParts":1,"importBatch":"20260919","sourceRecordIds":["29198"]},"bbox":[-94.054331642,30.10668667,-93.383602867,30.215304373]}]}