{"type":"FeatureCollection","features":[{"type":"Feature","bbox":[-71.08715145743685,42.38103748254219,-71.08056979884381,42.38224328277806],"geometry":{"type":"LineString","coordinates":[[-71.08701528057098,42.38103748254219],[-71.08715145743685,42.38121351090729],[-71.08672307801756,42.38132877106022],[-71.08630320918637,42.38145031643039],[-71.08536701063788,42.38156347665951],[-71.08429980733756,42.38171853821377],[-71.08271569106785,42.38194367833768],[-71.08196104125146,42.38206729454775],[-71.08096406498412,42.38224328277806],[-71.08075698893374,42.38195617764502],[-71.08070595107377,42.38163345475562],[-71.08056979884381,42.38137149956522]]},"properties":{"id":"ma-cambridge-published-kmz-29296d933ec54255d7e0","sourceId":"ma-cambridge-published-kmz","source":"Cambridge Network Solutions published KMZ","sourceUrl":"https://telecomramblings.com/files/media/CambridgeNetworkSolutions.kmz","name":"CNS fiber","carrier":"Cambridge Network Solutions (as published)","states":["MA"],"category":"unknown","routeStatus":"Fiber in undated publisher map; current operational status unknown","evidence":"publisher_route","retrievedAt":"2026-09-20T23:14:22.771276+00:00","dataDate":null,"metadataModified":null,"publishedLineParts":1,"networkType":"Published metro fiber; positional accuracy unverified","serviceability":"Unconfirmed","routeDiversity":"Unconfirmed"}},{"type":"Feature","bbox":[-71.0890609975768,42.36661109895861,-71.08777985178557,42.36782335222533],"geometry":{"type":"LineString","coordinates":[[-71.0890609975768,42.36704025450553],[-71.08822675086277,42.36661109895861],[-71.08816223772902,42.36670847256163],[-71.0881076722719,42.36689787940563],[-71.08794964474029,42.36761350719589],[-71.0879332430058,42.36777142393547],[-71.08785834307042,42.36781638445505],[-71.08777985178557,42.36782335222533]]},"properties":{"id":"ma-cambridge-published-kmz-19b1a2faeee8ef6db63f","sourceId":"ma-cambridge-published-kmz","source":"Cambridge Network Solutions published KMZ","sourceUrl":"https://telecomramblings.com/files/media/CambridgeNetworkSolutions.kmz","name":"CNS fiber","carrier":"Cambridge Network Solutions (as published)","states":["MA"],"category":"unknown","routeStatus":"Fiber in undated publisher map; current operational status unknown","evidence":"publisher_route","retrievedAt":"2026-09-20T23:14:22.771276+00:00","dataDate":null,"metadataModified":null,"publishedLineParts":1,"networkType":"Published metro fiber; positional accuracy unverified","serviceability":"Unconfirmed","routeDiversity":"Unconfirmed"}},{"type":"Feature","bbox":[-71.0903423630321,42.36751240722695,-71.08991008465296,42.36811744735235],"geometry":{"type":"LineString","coordinates":[[-71.09027886228586,42.36811744735235],[-71.0903423630321,42.36796889445974],[-71.08991008465296,42.36781653733586],[-71.09000841247814,42.36756865973237],[-71.09006508534111,42.36751240722695]]},"properties":{"id":"ma-cambridge-published-kmz-ef2352e6f7cc886ffbb8","sourceId":"ma-cambridge-published-kmz","source":"Cambridge Network Solutions published KMZ","sourceUrl":"https://telecomramblings.com/files/media/CambridgeNetworkSolutions.kmz","name":"CNS fiber","carrier":"Cambridge Network Solutions (as published)","states":["MA"],"category":"unknown","routeStatus":"Fiber in undated publisher map; current operational status unknown","evidence":"publisher_route","retrievedAt":"2026-09-20T23:14:22.771276+00:00","dataDate":null,"metadataModified":null,"publishedLineParts":1,"networkType":"Published metro fiber; positional accuracy unverified","serviceability":"Unconfirmed","routeDiversity":"Unconfirmed"}},{"type":"Feature","bbox":[-71.08819430970942,42.36463594317786,-71.07974445423584,42.36657042615772],"geometry":{"type":"LineString","coordinates":[[-71.07975581413912,42.36463594317786],[-71.07974445423584,42.36470869217087],[-71.08010421166912,42.36473667047713],[-71.07999818488067,42.36513958965654],[-71.07998456759348,42.36543417557942],[-71.08193107641722,42.36565519096051],[-71.08336325077285,42.3658174321829],[-71.08596180659916,42.36616039330745],[-71.08798600028084,42.36641654983545],[-71.08814128126389,42.36650327722304],[-71.08819430970942,42.36657042615772]]},"properties":{"id":"ma-cambridge-published-kmz-c20ff91fbd7f934edf65","sourceId":"ma-cambridge-published-kmz","source":"Cambridge Network Solutions published KMZ","sourceUrl":"https://telecomramblings.com/files/media/CambridgeNetworkSolutions.kmz","name":"CNS fiber","carrier":"Cambridge Network Solutions (as published)","states":["MA"],"category":"unknown","routeStatus":"Fiber in undated publisher map; current operational status unknown","evidence":"publisher_route","retrievedAt":"2026-09-20T23:14:22.771276+00:00","dataDate":null,"metadataModified":null,"publishedLineParts":1,"networkType":"Published metro fiber; positional accuracy unverified","serviceability":"Unconfirmed","routeDiversity":"Unconfirmed"}},{"type":"Feature","bbox":[-71.09046025641518,42.36751099997096,-71.09006946181198,42.36756358418835],"geometry":{"type":"LineString","coordinates":[[-71.09046025641518,42.36752842506739],[-71.09041552438894,42.36756358418835],[-71.09025621538741,42.36751596290566],[-71.0901808490401,42.36751846545197],[-71.09006946181198,42.36751099997096]]},"properties":{"id":"ma-cambridge-published-kmz-2311d254ebc872b192fc","sourceId":"ma-cambridge-published-kmz","source":"Cambridge Network Solutions published KMZ","sourceUrl":"https://telecomramblings.com/files/media/CambridgeNetworkSolutions.kmz","name":"CNS fiber","carrier":"Cambridge Network Solutions (as published)","states":["MA"],"category":"unknown","routeStatus":"Fiber in undated publisher map; current operational status unknown","evidence":"publisher_route","retrievedAt":"2026-09-20T23:14:22.771276+00:00","dataDate":null,"metadataModified":null,"publishedLineParts":1,"networkType":"Published metro fiber; positional accuracy unverified","serviceability":"Unconfirmed","routeDiversity":"Unconfirmed"}},{"type":"Feature","bbox":[-71.30706380141648,42.62976319495635,-71.30478941855638,42.63019941244018],"geometry":{"type":"LineString","coordinates":[[-71.30690456675475,42.62989653965923],[-71.30690795472366,42.62989653960936],[-71.30706380141648,42.62988407383629],[-71.30683003562797,42.63004984020557],[-71.3061439734196,42.63018694484763],[-71.30544604871656,42.63019442750757],[-71.3052027505027,42.63019941244018],[-71.30487242262157,42.63019442684787],[-71.30479280509185,42.63019442668761],[-71.30478941855638,42.62999002737898],[-71.30494865328728,42.6299090159317],[-71.3051451549237,42.62990901610878],[-71.30514515495199,42.62976319495635]]},"properties":{"id":"ma-cambridge-published-kmz-2509b188358903550b20","sourceId":"ma-cambridge-published-kmz","source":"Cambridge Network Solutions published KMZ","sourceUrl":"https://telecomramblings.com/files/media/CambridgeNetworkSolutions.kmz","name":"CNS fiber","carrier":"Cambridge Network Solutions (as published)","states":["MA"],"category":"unknown","routeStatus":"Fiber in undated publisher map; current operational status unknown","evidence":"publisher_route","retrievedAt":"2026-09-20T23:14:22.771276+00:00","dataDate":null,"metadataModified":null,"publishedLineParts":1,"networkType":"Published metro fiber; positional accuracy unverified","serviceability":"Unconfirmed","routeDiversity":"Unconfirmed"}},{"type":"Feature","bbox":[-71.08437813906458,42.37432111117676,-71.08266662289435,42.37493663762042],"geometry":{"type":"LineString","coordinates":[[-71.08266662289435,42.37464778825696],[-71.08291003862253,42.37432111117676],[-71.08379483985087,42.37472247959344],[-71.08437813906458,42.37493663762042]]},"properties":{"id":"ma-cambridge-published-kmz-19b2874f30060818676f","sourceId":"ma-cambridge-published-kmz","source":"Cambridge Network Solutions published KMZ","sourceUrl":"https://telecomramblings.com/files/media/CambridgeNetworkSolutions.kmz","name":"CNS fiber","carrier":"Cambridge Network Solutions (as published)","states":["MA"],"category":"unknown","routeStatus":"Fiber in undated publisher map; current operational status unknown","evidence":"publisher_route","retrievedAt":"2026-09-20T23:14:22.771276+00:00","dataDate":null,"metadataModified":null,"publishedLineParts":1,"networkType":"Published metro fiber; positional accuracy unverified","serviceability":"Unconfirmed","routeDiversity":"Unconfirmed"}},{"type":"Feature","bbox":[-71.13354165827108,42.34609525335012,-71.05947460740234,42.40691684959979],"geometry":{"type":"LineString","coordinates":[[-71.13354165827108,42.40691684959979],[-71.13279851435108,42.4065237599705],[-71.1311458918361,42.40565567352839],[-71.1303639558978,42.40525437684029],[-71.12998587779747,42.40496892001424],[-71.12894888066376,42.40419908063495],[-71.12851079521475,42.40388786397556],[-71.12808934419711,42.40367492082182],[-71.1276838858734,42.40348964512956],[-71.12710163079524,42.40321117919091],[-71.12709054814266,42.40306785970888],[-71.1269408384018,42.4027812156158],[-71.12679113447072,42.4024003882884],[-71.12622005808306,42.40111258259767],[-71.1256212191501,42.40036319442649],[-71.1244523350406,42.39889948203684],[-71.12342859614056,42.39763196376545],[-71.12298506611279,42.39708322537332],[-71.12259144002851,42.39659121085852],[-71.1220925159832,42.39573944535284],[-71.12147800427702,42.39479976677357],[-71.12097910002153,42.39402989572121],[-71.12035272760455,42.39298473044729],[-71.11978729008753,42.39231311971716],[-71.1191044192507,42.39160685251106],[-71.11799571262245,42.39066082244236],[-71.11709210395311,42.38975489715742],[-71.11624958115934,42.38884573723212],[-71.11491414763768,42.38735214848212],[-71.11438206606942,42.38677060414535],[-71.11359182551199,42.3858079205891],[-71.11327589811788,42.38554580419224],[-71.11309854546175,42.38536560464618],[-71.11301544095787,42.38517722963363],[-71.11187912502612,42.38457919717423],[-71.1119124323717,42.38442769259627],[-71.112245208025,42.3839539061476],[-71.11227295806479,42.38384744487912],[-71.1126001721683,42.38338478088898],[-71.11253367351733,42.38329468357632],[-71.11208474712653,42.38290150300551],[-71.11009535749335,42.38129307986247],[-71.1094857166158,42.38082205482862],[-71.10762848918465,42.37929784109281],[-71.10650101302026,42.37837855420202],[-71.10649549991987,42.37830075134213],[-71.10708311913717,42.37819850356332],[-71.10718294591723,42.37806748984715],[-71.10641273931267,42.37729749929255],[-71.10540981631254,42.37634012782974],[-71.1036363536724,42.37472425524138],[-71.10312661599495,42.37424094271036],[-71.1030878819356,42.37408942403156],[-71.10303801008742,42.3740566530909],[-71.10211793673476,42.37393357781398],[-71.09909125227091,42.37352329589744],[-71.09670104302069,42.37318669973894],[-71.09321521466114,42.37275565417107],[-71.08916229334491,42.37221104079433],[-71.08509455801578,42.37170583006826],[-71.08115013039277,42.37118426671511],[-71.08037143214916,42.37109793867097],[-71.08025508680946,42.37103646493452],[-71.0799391943865,42.37099128195494],[-71.07988384426932,42.37089707597765],[-71.0800172386766,42.37043441727484],[-71.08001186805616,42.37022295897413],[-71.08038997527147,42.36871213027239],[-71.08061760207067,42.36822599578255],[-71.08132209103124,42.36744828375781],[-71.08161589310306,42.36716058827796],[-71.0817548337969,42.36687519343008],[-71.08178801024656,42.36697348357747],[-71.08176577747015,42.36705537073456],[-71.08254160196462,42.36716625901526],[-71.08427803719671,42.3673880954428],[-71.08551938281178,42.36755238366379],[-71.08736387086864,42.36775783657453],[-71.0878016665668,42.36782351848844],[-71.0879125518012,42.36776623235701],[-71.08799047676142,42.36727897666394],[-71.08813327411065,42.36670952820098],[-71.08821650160188,42.36657033482835],[-71.08821661288248,42.36640654188238],[-71.08868778111601,42.36627977583968],[-71.08888184071071,42.3661529073199],[-71.08920355552934,42.36574354194413],[-71.08927589841952,42.36529723147605],[-71.08931501785217,42.36480511209295],[-71.0895871974645,42.36385930574828],[-71.08987048555264,42.36286845462129],[-71.08998139405489,42.36275350483363],[-71.09019198702282,42.36274948453765],[-71.09187619544005,42.36284015335961],[-71.09197600937199,42.36274191138881],[-71.09302929220709,42.36219355402007],[-71.09502865060924,42.36126509809537],[-71.09553305801575,42.36106870153731],[-71.09571600152502,42.360950006823],[-71.09578257822483,42.36081489709133],[-71.09576600848136,42.36071661569994],[-71.0955333409295,42.36056913059328],[-71.0949295089383,42.36020450266359],[-71.09454726567908,42.35997819267924],[-71.09398783481791,42.35951939488633],[-71.09398784682466,42.35949892077506],[-71.09350606527437,42.35893777389595],[-71.0931517672398,42.35833571459072],[-71.0927477566113,42.35749017462356],[-71.09297502260294,42.35737559458142],[-71.09415002560871,42.35697468265295],[-71.09410575965177,42.35686410796725],[-71.09396181509231,42.35664294047748],[-71.09347962957621,42.35679838853281],[-71.09285887299274,42.35701111597154],[-71.092631674797,42.3570151351234],[-71.09250434461865,42.35681444494916],[-71.09148044398384,42.35481019906431],[-71.0901867543502,42.35223856534859],[-71.08994322758004,42.35181261490031],[-71.08994886102256,42.35166929705088],[-71.08978836421045,42.35137440888916],[-71.08969977019065,42.35128019455317],[-71.08902469112543,42.34991602026841],[-71.08870146012562,42.34927163701842],[-71.0869170282939,42.34973368630462],[-71.08625442269094,42.34989312945106],[-71.08608842438844,42.3495777623554],[-71.08677560951594,42.3493855704606],[-71.0882940335402,42.34896847032472],[-71.08839941864089,42.34880062118607],[-71.0883164897324,42.34853442598925],[-71.08823916548886,42.34817475685716],[-71.08831676078363,42.34813383734042],[-71.08833900047624,42.34801919054023],[-71.08823374156287,42.34800277233035],[-71.08808973803124,42.34792901213586],[-71.08774666060032,42.34729418646217],[-71.08728183019795,42.34647299066721],[-71.08661707724642,42.34633351280506],[-71.08643459752143,42.34629064369388],[-71.0857951766633,42.34621673632324],[-71.0856582747154,42.34619471065338],[-71.08504947178727,42.34610369929856],[-71.08468367008237,42.34609525335012],[-71.08467804260566,42.34621400118031],[-71.08483864527767,42.3463082466354],[-71.08553566107408,42.34779494856351],[-71.08492050326262,42.3480163621224],[-71.08480405275503,42.34815144484538],[-71.08386752414609,42.34837628251005],[-71.0837565634538,42.34857278986794],[-71.08361258623887,42.34846626504743],[-71.08293651039313,42.34860930702153],[-71.08180096829942,42.3489159377221],[-71.08167343356048,42.34904282377621],[-71.08151280911306,42.34897314307777],[-71.08051527750128,42.34922659670855],[-71.07953359077143,42.34948090539731],[-71.07943943935501,42.34943172548601],[-71.07925647879642,42.3495749628584],[-71.07800399288112,42.34990198536015],[-71.07743633737317,42.35003684761924],[-71.0772424892253,42.349946671228],[-71.0770538727913,42.35021684312199],[-71.07570912849232,42.35056629348435],[-71.0755760459363,42.35068497951837],[-71.07534891444098,42.35063982718196],[-71.0745010055402,42.35083187172082],[-71.0732484555507,42.35118750241747],[-71.07310418868013,42.35140855197429],[-71.07296021961308,42.35130610876126],[-71.07219538824728,42.3514981821682],[-71.07088989505736,42.35186637977512],[-71.06994219870062,42.35207881327995],[-71.06827959843217,42.35238913286918],[-71.06802575032052,42.35242174824384],[-71.06790943191967,42.35238073647137],[-71.0677487245218,42.35240112275742],[-71.06757150146996,42.35231503417258],[-71.06736111603118,42.35214703043582],[-71.06680818527231,42.35100426466627],[-71.06625857101788,42.35107766718127],[-71.0661698466118,42.3511472294967],[-71.0655991302016,42.35115919139305],[-71.06536651773865,42.35106078285871],[-71.0647237636464,42.35107679327273],[-71.06441768593517,42.35097943478719],[-71.06397999415883,42.35095051749399],[-71.06304368739508,42.35086807257596],[-71.06253949481962,42.35084729964487],[-71.06229575133649,42.35079801624676],[-71.06199094579085,42.35085106670618],[-71.06190233649463,42.35081006496612],[-71.06147579074086,42.35071562583624],[-71.06120896519347,42.35149348838186],[-71.06121175194625,42.35186063813347],[-71.06126673043174,42.35224967991915],[-71.06129436247018,42.35231521380178],[-71.06121109901149,42.35245029263779],[-71.06108888020827,42.35273685648616],[-71.06063950244265,42.35323763701839],[-71.05994604934153,42.35396609321813],[-71.05947460740234,42.35435481498252],[-71.05961854291999,42.35447365460817],[-71.05962952221003,42.35456374857922],[-71.05992299636902,42.35474819766922],[-71.06012265166848,42.3545968091287]]},"properties":{"id":"ma-cambridge-published-kmz-f9ebbb123cd6d3bbbba4","sourceId":"ma-cambridge-published-kmz","source":"Cambridge Network Solutions published KMZ","sourceUrl":"https://telecomramblings.com/files/media/CambridgeNetworkSolutions.kmz","name":"CNS fiber","carrier":"Cambridge Network Solutions (as published)","states":["MA"],"category":"unknown","routeStatus":"Fiber in undated publisher map; current operational status unknown","evidence":"publisher_route","retrievedAt":"2026-09-20T23:14:22.771276+00:00","dataDate":null,"metadataModified":null,"publishedLineParts":1,"networkType":"Published metro fiber; positional accuracy unverified","serviceability":"Unconfirmed","routeDiversity":"Unconfirmed"}},{"type":"Feature","bbox":[-71.08430559733631,42.3522552587245,-71.0546714313773,42.36688935563138],"geometry":{"type":"LineString","coordinates":[[-71.06126816151024,42.3522552587245],[-71.06112942037804,42.35245172766311],[-71.06095201959764,42.35253351695599],[-71.06071370925726,42.3525784152334],[-71.05999336853009,42.35259435258748],[-71.05963865945068,42.35267193503276],[-71.05948901611387,42.35270460079858],[-71.05945012266382,42.3527987579432],[-71.05949406555054,42.3531386565834],[-71.05946621173985,42.35326967387906],[-71.05918886144572,42.35353157073357],[-71.05891151230072,42.35378937272041],[-71.05862304824326,42.35407173712243],[-71.05843473423221,42.35399791199843],[-71.05810808071924,42.35376020515403],[-71.05793092021396,42.35362496298884],[-71.05779804636624,42.35352660216334],[-71.0574977930478,42.35340766037383],[-71.05712667011912,42.35330095774668],[-71.05697156022916,42.35326809961502],[-71.05665559661384,42.35337436181303],[-71.05623978477797,42.35357064509117],[-71.05612327572642,42.35369341476938],[-71.05526395536646,42.3540613923406],[-71.05468814921186,42.3546293419575],[-71.0546714313773,42.3547071329458],[-71.05562344865982,42.35559633858265],[-71.05597212984438,42.35594462739244],[-71.05612691786801,42.35625519154574],[-71.05621522820613,42.35655007630644],[-71.05629807055546,42.35678353496158],[-71.05624256022061,42.35686539552945],[-71.05631452441379,42.35692686450614],[-71.05649635954397,42.35779508790712],[-71.05675569218113,42.35874024712651],[-71.05688286647586,42.35897782888773],[-71.05710358962692,42.35977646546633],[-71.05731339064704,42.36044147047853],[-71.05755648250286,42.3610763239275],[-71.05792146227388,42.36174401743337],[-71.05812154598276,42.36197031244463],[-71.05840931168792,42.36232264898312],[-71.0585090215664,42.3623595651309],[-71.05868083149741,42.36234738834867],[-71.05975652757137,42.36182801490354],[-71.060333491271,42.36155401629593],[-71.0607604706077,42.36131677722894],[-71.06105991856981,42.36114088174362],[-71.06130384818331,42.36105503812364],[-71.0616862693423,42.36101432038239],[-71.06233450713214,42.3611416477733],[-71.06259496673412,42.36114180231794],[-71.06361667639328,42.36116287793759],[-71.06384936197641,42.36122443618606],[-71.06461416325374,42.36117983565318],[-71.06472489362564,42.36127817514877],[-71.06540147929854,42.36129084566199],[-71.06558443265573,42.36121724274945],[-71.06771798693376,42.36121843289799],[-71.0687860486577,42.36119444465508],[-71.06999972011641,42.36115414507594],[-71.07004971024645,42.36103542135398],[-71.07032694831248,42.36087586872772],[-71.07052100145182,42.36077769417013],[-71.07089649032399,42.3607388565021],[-71.07142841938462,42.36082102964104],[-71.07160027814423,42.36075150613614],[-71.07177768548664,42.36067379563872],[-71.07198829235563,42.36064933473432],[-71.07204362488271,42.36073944932463],[-71.07203797597143,42.36085410164631],[-71.07199914202852,42.36089912490271],[-71.07207669128924,42.36093601798797],[-71.07206543924472,42.3611161846796],[-71.07218730710605,42.36116947955758],[-71.07453682805985,42.36134673067312],[-71.07748657530921,42.36155287670757],[-71.0786969657053,42.36165989839544],[-71.07880784530948,42.3616067154618],[-71.07881351976519,42.36144701947893],[-71.07890775639953,42.3614143032863],[-71.07891367505353,42.36133311193019],[-71.0792845837114,42.36142675681415],[-71.07959489317884,42.36145965386387],[-71.07968905567849,42.36151702326434],[-71.07969448060683,42.36166034474325],[-71.07968890550701,42.36170129059704],[-71.0797608914751,42.36177093475148],[-71.08076748696418,42.36185737073292],[-71.08225261453137,42.36194399683348],[-71.08247178491274,42.36197637763569],[-71.08288183571342,42.3620338773082],[-71.08344148614506,42.36212829049485],[-71.08377944313591,42.36225127394138],[-71.08427796412087,42.36257496761141],[-71.08430559733631,42.36267734942678],[-71.08429444389886,42.36277152593126],[-71.08413919641644,42.36287383379731],[-71.08388402909543,42.36319722235454],[-71.08354004446839,42.36370893975875],[-71.08322375906383,42.36423550076856],[-71.08266877763987,42.36524669911099],[-71.0824548137874,42.36563670268684],[-71.08224395131667,42.36597648452087],[-71.08181661671507,42.36672975599247],[-71.08173890405992,42.36688935563138]]},"properties":{"id":"ma-cambridge-published-kmz-a4041e44065bc19b26e4","sourceId":"ma-cambridge-published-kmz","source":"Cambridge Network Solutions published KMZ","sourceUrl":"https://telecomramblings.com/files/media/CambridgeNetworkSolutions.kmz","name":"CNS fiber","carrier":"Cambridge Network Solutions (as published)","states":["MA"],"category":"unknown","routeStatus":"Fiber in undated publisher map; current operational status unknown","evidence":"publisher_route","retrievedAt":"2026-09-20T23:14:22.771276+00:00","dataDate":null,"metadataModified":null,"publishedLineParts":1,"networkType":"Published metro fiber; positional accuracy unverified","serviceability":"Unconfirmed","routeDiversity":"Unconfirmed"}},{"type":"Feature","bbox":[-71.08426024094284,42.3673237544319,-71.08204306893225,42.36799996960784],"geometry":{"type":"LineString","coordinates":[[-71.08426024094284,42.36738997275264],[-71.0841327357759,42.36743496413425],[-71.08410495162748,42.36753322896795],[-71.08399934124657,42.36794676587967],[-71.08392725165194,42.36799996960784],[-71.08373328301255,42.36798351071065],[-71.08362242764161,42.36799574982498],[-71.08260274343539,42.36786429247377],[-71.08208736261003,42.36779446410112],[-71.08204306893225,42.36773711748655],[-71.08209305846776,42.36759791343123],[-71.08210425487466,42.36745459853066],[-71.08257529744905,42.367520313531],[-71.08258091541765,42.36742203975228],[-71.08255882220688,42.3673237544319]]},"properties":{"id":"ma-cambridge-published-kmz-c79073fe011f6406186a","sourceId":"ma-cambridge-published-kmz","source":"Cambridge Network Solutions published KMZ","sourceUrl":"https://telecomramblings.com/files/media/CambridgeNetworkSolutions.kmz","name":"CNS fiber","carrier":"Cambridge Network Solutions (as published)","states":["MA"],"category":"unknown","routeStatus":"Fiber in undated publisher map; current operational status unknown","evidence":"publisher_route","retrievedAt":"2026-09-20T23:14:22.771276+00:00","dataDate":null,"metadataModified":null,"publishedLineParts":1,"networkType":"Published metro fiber; positional accuracy unverified","serviceability":"Unconfirmed","routeDiversity":"Unconfirmed"}},{"type":"Feature","bbox":[-71.11339724284555,42.37193136952639,-71.10708652264165,42.3781969752322],"geometry":{"type":"LineString","coordinates":[[-71.11339724284555,42.37193136952639],[-71.11300578674197,42.37264653214618],[-71.11294624737226,42.37283543320228],[-71.1126409125784,42.37348252132455],[-71.11247030046356,42.37377644471531],[-71.11247583909045,42.37384684063761],[-71.11272872632019,42.3739444201342],[-71.11272981975931,42.37403842789756],[-71.11250426889085,42.37439981568685],[-71.11236008209161,42.37466648071871],[-71.1122879468336,42.37492046766151],[-71.11223638288635,42.37518964534969],[-71.11228218211993,42.37523303131986],[-71.11279176646951,42.37530720740569],[-71.11273291553954,42.37535109316684],[-71.1125651296523,42.37607483022762],[-71.1125081155324,42.37613112415726],[-71.11253241761094,42.37619185625449],[-71.1123894930059,42.37678578749167],[-71.1123136765416,42.37698587553267],[-71.11223666178357,42.377021073782],[-71.10997917693828,42.37752674118294],[-71.10736209750351,42.37806615199457],[-71.10726939843298,42.37817430548801],[-71.1071315305145,42.3781969752322],[-71.10708652264165,42.37819243522775]]},"properties":{"id":"ma-cambridge-published-kmz-3b3fab88bb4817a9955d","sourceId":"ma-cambridge-published-kmz","source":"Cambridge Network Solutions published KMZ","sourceUrl":"https://telecomramblings.com/files/media/CambridgeNetworkSolutions.kmz","name":"CNS fiber","carrier":"Cambridge Network Solutions (as published)","states":["MA"],"category":"unknown","routeStatus":"Fiber in undated publisher map; current operational status unknown","evidence":"publisher_route","retrievedAt":"2026-09-20T23:14:22.771276+00:00","dataDate":null,"metadataModified":null,"publishedLineParts":1,"networkType":"Published metro fiber; positional accuracy unverified","serviceability":"Unconfirmed","routeDiversity":"Unconfirmed"}},{"type":"Feature","bbox":[-71.11190226533016,42.37055206691538,-71.07596873513515,42.39248609779718],"geometry":{"type":"LineString","coordinates":[[-71.11190226533016,42.38446536072164],[-71.11178028492813,42.38451604444587],[-71.11132284405636,42.38434148268618],[-71.11078917006336,42.38416128966532],[-71.10982857114897,42.38392478536144],[-71.10690869642893,42.38325464433261],[-71.10670285661047,42.38320958956372],[-71.10669522961949,42.38329405828575],[-71.10677146004899,42.38347989149477],[-71.10597851035635,42.38470749137181],[-71.10554388969328,42.38535508524329],[-71.10493564981779,42.38627147331388],[-71.10394439499734,42.38765672778293],[-71.10262259143695,42.38950583531549],[-71.10155580183061,42.39108503495705],[-71.10063303761203,42.39243542230471],[-71.1005567826347,42.39248609779718],[-71.09947422792813,42.39142170678605],[-71.09759875688032,42.389568270596],[-71.09665351285727,42.38864040355345],[-71.09543386569122,42.38749712007847],[-71.09369706398662,42.3857522572663],[-71.09283575898259,42.38495249890843],[-71.0924217789813,42.38459107586515],[-71.09194159860171,42.38415739978081],[-71.09119469066141,42.38338580528743],[-71.09083883269807,42.38282346733364],[-71.09083121240374,42.38281220359622],[-71.09065594816599,42.38254750679429],[-71.09022154521352,42.38208567448339],[-71.089901496498,42.38163512251452],[-71.08968821241945,42.38107759359998],[-71.08960527750182,42.38083788627932],[-71.08940716394766,42.38053939631828],[-71.08923947229893,42.38047179232518],[-71.08885827718872,42.38056182493931],[-71.0883169662636,42.38072503347845],[-71.08793575604491,42.38084885100166],[-71.08735632878731,42.38098952424323],[-71.08703612856655,42.3810345136107],[-71.08679221083702,42.38094436664331],[-71.08631967293684,42.38062892374576],[-71.08602241939933,42.38046555794836],[-71.0855650689593,42.3803134210379],[-71.085153415068,42.38027391703519],[-71.08360145329338,42.38020037255404],[-71.08251133589602,42.38015507448215],[-71.08171083419553,42.38025624867686],[-71.08129917146069,42.38024488719466],[-71.081139087781,42.38022232318276],[-71.0811010312281,42.3800871630169],[-71.08109358907987,42.37968170846906],[-71.08092069378684,42.37964939296266],[-71.08095146322277,42.37903559471104],[-71.08097446711912,42.37873714509079],[-71.08086040878624,42.37810078808489],[-71.08085314337426,42.37731241219751],[-71.0807998144815,42.37724223506789],[-71.08084562340106,42.37708457150106],[-71.08075477549124,42.37570489707073],[-71.0808539400205,42.37555287824616],[-71.0810140324374,42.37551913017045],[-71.0811969701363,42.37553606862359],[-71.08147134328065,42.37563749739313],[-71.08169235578174,42.37574454399705],[-71.08236290370647,42.37634161396584],[-71.08358208601895,42.37754135632796],[-71.08418444335662,42.3772148771275],[-71.08504409969315,42.3780259564755],[-71.08531841881363,42.37830782208135],[-71.08550900655165,42.37827970570273],[-71.08643156184704,42.37784065665081],[-71.0878116012705,42.37711448966007],[-71.08783450371703,42.37701876197743],[-71.0877659325052,42.37691175480779],[-71.0876135018759,42.37682162591832],[-71.08682086055336,42.37639349900385],[-71.08647029716676,42.37614565508804],[-71.0862111907522,42.37595414067716],[-71.08597494422959,42.37579078649988],[-71.0852737702046,42.37545548276258],[-71.0845573766444,42.37509493184046],[-71.08454213575739,42.37508366610143],[-71.08437451098924,42.37489779938572],[-71.08323131110372,42.37442452231795],[-71.0813413082532,42.37347801867742],[-71.0795863989113,42.37263285118608],[-71.07854240948558,42.37206945280151],[-71.07736880503609,42.37159610371202],[-71.07657063529916,42.37123918403783],[-71.07601438810427,42.37090678058105],[-71.07596873513515,42.37075472348599],[-71.07607552546031,42.37060271060522],[-71.07620512880713,42.37055206691538],[-71.07778280231278,42.37076649894129],[-71.08023102568941,42.37112149927728],[-71.0803437928627,42.37110644511434]]},"properties":{"id":"ma-cambridge-published-kmz-d15088c8cdfba68688ec","sourceId":"ma-cambridge-published-kmz","source":"Cambridge Network Solutions published KMZ","sourceUrl":"https://telecomramblings.com/files/media/CambridgeNetworkSolutions.kmz","name":"CNS fiber","carrier":"Cambridge Network Solutions (as published)","states":["MA"],"category":"unknown","routeStatus":"Fiber in undated publisher map; current operational status unknown","evidence":"publisher_route","retrievedAt":"2026-09-20T23:14:22.771276+00:00","dataDate":null,"metadataModified":null,"publishedLineParts":1,"networkType":"Published metro fiber; positional accuracy unverified","serviceability":"Unconfirmed","routeDiversity":"Unconfirmed"}},{"type":"Feature","bbox":[-71.08270175034293,42.37362034176491,-71.08158194215002,42.3746000345141],"geometry":{"type":"LineString","coordinates":[[-71.08158194215002,42.37362034176491],[-71.08163395469792,42.37369653882389],[-71.08270175034293,42.37422187679287],[-71.08245759295026,42.37453654222462],[-71.08253366570031,42.3746000345141]]},"properties":{"id":"ma-cambridge-published-kmz-c31e87cb39a4770e4f7d","sourceId":"ma-cambridge-published-kmz","source":"Cambridge Network Solutions published KMZ","sourceUrl":"https://telecomramblings.com/files/media/CambridgeNetworkSolutions.kmz","name":"CNS fiber","carrier":"Cambridge Network Solutions (as published)","states":["MA"],"category":"unknown","routeStatus":"Fiber in undated publisher map; current operational status unknown","evidence":"publisher_route","retrievedAt":"2026-09-20T23:14:22.771276+00:00","dataDate":null,"metadataModified":null,"publishedLineParts":1,"networkType":"Published metro fiber; positional accuracy unverified","serviceability":"Unconfirmed","routeDiversity":"Unconfirmed"}},{"type":"Feature","bbox":[-71.08085474978745,42.3780818092793,-71.0804221209711,42.37819653562725],"geometry":{"type":"LineString","coordinates":[[-71.0804221209711,42.37819653562725],[-71.08042766685031,42.37809820051922],[-71.08085474978745,42.3780818092793]]},"properties":{"id":"ma-cambridge-published-kmz-445d0f6e88cd81d9bfec","sourceId":"ma-cambridge-published-kmz","source":"Cambridge Network Solutions published KMZ","sourceUrl":"https://telecomramblings.com/files/media/CambridgeNetworkSolutions.kmz","name":"CNS fiber","carrier":"Cambridge Network Solutions (as published)","states":["MA"],"category":"unknown","routeStatus":"Fiber in undated publisher map; current operational status unknown","evidence":"publisher_route","retrievedAt":"2026-09-20T23:14:22.771276+00:00","dataDate":null,"metadataModified":null,"publishedLineParts":1,"networkType":"Published metro fiber; positional accuracy unverified","serviceability":"Unconfirmed","routeDiversity":"Unconfirmed"}},{"type":"Feature","bbox":[-71.08079458264895,42.37668224783543,-71.07943188277113,42.37743614085439],"geometry":{"type":"LineString","coordinates":[[-71.08079458264895,42.37723871389618],[-71.08057186903297,42.37741155734037],[-71.07950139940985,42.37743614085439],[-71.07947366956661,42.37718210811475],[-71.07944288696825,42.37676083085584],[-71.07943188277113,42.37668495746974],[-71.07965563947428,42.37668224783543],[-71.0796629766738,42.37718355454523],[-71.07990874469085,42.37717813496288],[-71.07989407253712,42.37725400861652]]},"properties":{"id":"ma-cambridge-published-kmz-4952a812e182deca4a45","sourceId":"ma-cambridge-published-kmz","source":"Cambridge Network Solutions published KMZ","sourceUrl":"https://telecomramblings.com/files/media/CambridgeNetworkSolutions.kmz","name":"CNS fiber","carrier":"Cambridge Network Solutions (as published)","states":["MA"],"category":"unknown","routeStatus":"Fiber in undated publisher map; current operational status unknown","evidence":"publisher_route","retrievedAt":"2026-09-20T23:14:22.771276+00:00","dataDate":null,"metadataModified":null,"publishedLineParts":1,"networkType":"Published metro fiber; positional accuracy unverified","serviceability":"Unconfirmed","routeDiversity":"Unconfirmed"}},{"type":"Feature","bbox":[-71.05985278085501,42.35329356875838,-71.05661252517687,42.35490684717653],"geometry":{"type":"LineString","coordinates":[[-71.05985278085501,42.35480064862565],[-71.05967606802957,42.35490684717653],[-71.0593038711366,42.35458779509484],[-71.05871334299482,42.35412501249029],[-71.05864439041169,42.35409559128514],[-71.05843161388016,42.35402140725601],[-71.05818861755044,42.35385278352452],[-71.05779090272453,42.35355948698446],[-71.0575386817582,42.35345312827374],[-71.0569726904714,42.35329356875838],[-71.05678856086148,42.35335458080952],[-71.0567013014407,42.35338708989414],[-71.05661252517687,42.3534001611099]]},"properties":{"id":"ma-cambridge-published-kmz-e2c869bbcce2dfade5a2","sourceId":"ma-cambridge-published-kmz","source":"Cambridge Network Solutions published KMZ","sourceUrl":"https://telecomramblings.com/files/media/CambridgeNetworkSolutions.kmz","name":"CNS fiber","carrier":"Cambridge Network Solutions (as published)","states":["MA"],"category":"unknown","routeStatus":"Fiber in undated publisher map; current operational status unknown","evidence":"publisher_route","retrievedAt":"2026-09-20T23:14:22.771276+00:00","dataDate":null,"metadataModified":null,"publishedLineParts":1,"networkType":"Published metro fiber; positional accuracy unverified","serviceability":"Unconfirmed","routeDiversity":"Unconfirmed"}},{"type":"Feature","bbox":[-71.05479396164074,42.35439634578495,-71.054262421583,42.35455499706584],"geometry":{"type":"LineString","coordinates":[[-71.05479396164074,42.3545182120309],[-71.0546672356999,42.35455499706584],[-71.05439487253328,42.35439634578495],[-71.054262421583,42.3545034926061]]},"properties":{"id":"ma-cambridge-published-kmz-478425814286d51b6926","sourceId":"ma-cambridge-published-kmz","source":"Cambridge Network Solutions published KMZ","sourceUrl":"https://telecomramblings.com/files/media/CambridgeNetworkSolutions.kmz","name":"CNS fiber","carrier":"Cambridge Network Solutions (as published)","states":["MA"],"category":"unknown","routeStatus":"Fiber in undated publisher map; current operational status unknown","evidence":"publisher_route","retrievedAt":"2026-09-20T23:14:22.771276+00:00","dataDate":null,"metadataModified":null,"publishedLineParts":1,"networkType":"Published metro fiber; positional accuracy unverified","serviceability":"Unconfirmed","routeDiversity":"Unconfirmed"}},{"type":"Feature","bbox":[-71.08675097441865,42.36691031428343,-71.08547275572597,42.36754094822835],"geometry":{"type":"LineString","coordinates":[[-71.08547275572597,42.36754094822835],[-71.08575374519293,42.36753467665955],[-71.08583652593775,42.36709229930575],[-71.08586514470109,42.36695815276966],[-71.08590519152912,42.36691033927819],[-71.0859966824932,42.36691031428343],[-71.08649684695312,42.36697777194348],[-71.08670828574577,42.36700166681821],[-71.08666916694749,42.36703053395494],[-71.08664731513483,42.36709942010417],[-71.08675097441865,42.36711157611326],[-71.0867117128411,42.36723269570606]]},"properties":{"id":"ma-cambridge-published-kmz-316aaff8c261d366b385","sourceId":"ma-cambridge-published-kmz","source":"Cambridge Network Solutions published KMZ","sourceUrl":"https://telecomramblings.com/files/media/CambridgeNetworkSolutions.kmz","name":"CNS fiber","carrier":"Cambridge Network Solutions (as published)","states":["MA"],"category":"unknown","routeStatus":"Fiber in undated publisher map; current operational status unknown","evidence":"publisher_route","retrievedAt":"2026-09-20T23:14:22.771276+00:00","dataDate":null,"metadataModified":null,"publishedLineParts":1,"networkType":"Published metro fiber; positional accuracy unverified","serviceability":"Unconfirmed","routeDiversity":"Unconfirmed"}},{"type":"Feature","bbox":[-71.08779855691978,42.36757538412869,-71.08740058060135,42.36782355301403],"geometry":{"type":"LineString","coordinates":[[-71.08779855691978,42.36782355301403],[-71.08777493624581,42.36780815421719],[-71.08740058060135,42.36775503376288],[-71.08742201150609,42.36757538412869]]},"properties":{"id":"ma-cambridge-published-kmz-ca81db68755c61647c79","sourceId":"ma-cambridge-published-kmz","source":"Cambridge Network Solutions published KMZ","sourceUrl":"https://telecomramblings.com/files/media/CambridgeNetworkSolutions.kmz","name":"CNS fiber","carrier":"Cambridge Network Solutions (as published)","states":["MA"],"category":"unknown","routeStatus":"Fiber in undated publisher map; current operational status unknown","evidence":"publisher_route","retrievedAt":"2026-09-20T23:14:22.771276+00:00","dataDate":null,"metadataModified":null,"publishedLineParts":1,"networkType":"Published metro fiber; positional accuracy unverified","serviceability":"Unconfirmed","routeDiversity":"Unconfirmed"}},{"type":"Feature","bbox":[-71.27031627318634,42.3979298319863,-71.13350085037852,42.51160839285146],"geometry":{"type":"LineString","coordinates":[[-71.13350085037852,42.40689715789253],[-71.13372970200427,42.40663172282081],[-71.13399183629573,42.40633458782206],[-71.13431919668507,42.40558920631808],[-71.13428425838985,42.40343085390352],[-71.13425873304668,42.40324514104863],[-71.13425425250131,42.4030806004539],[-71.13441910076709,42.40268878741048],[-71.13532050808917,42.40161437367295],[-71.13583371130757,42.40103824494164],[-71.13677595067631,42.400249818695],[-71.13735835348085,42.40002049104658],[-71.13870663617273,42.39979259166265],[-71.13932455220146,42.39974007449533],[-71.14007814692305,42.39952913806297],[-71.14062725498393,42.39917606755071],[-71.14101882499402,42.39892970759281],[-71.14158982456807,42.39822621147946],[-71.14259249570786,42.3979298319863],[-71.14383018962039,42.39839663589942],[-71.14467408772893,42.4000632791592],[-71.14603508961616,42.4027202000457],[-71.14685911221615,42.40426119412015],[-71.14738286618743,42.40547498105263],[-71.14757031774498,42.40592567352831],[-71.1482008745513,42.4073687020083],[-71.14868071398793,42.4089079001252],[-71.14875996842444,42.40910158345121],[-71.14937337051028,42.41014105950368],[-71.1500236841505,42.41107926464942],[-71.1501867676804,42.41130014519973],[-71.15110445893421,42.41208765616607],[-71.15168431781052,42.41288899278268],[-71.15201736181122,42.41349010796935],[-71.15221081535569,42.4142910589234],[-71.15216674858583,42.41496042597902],[-71.15308625791316,42.41435792794231],[-71.15391797188403,42.41487145670031],[-71.15515287887278,42.41397643910989],[-71.1556323174405,42.41421670291442],[-71.15733869406795,42.41500273039137],[-71.1573535889408,42.41506817225321],[-71.15706631916613,42.41570397865223],[-71.15685856688287,42.41620427236995],[-71.15675479222837,42.41621986768103],[-71.15665926412136,42.41636956155229],[-71.15649121839176,42.41687514902328],[-71.15775964815263,42.41713068740751],[-71.15767737323614,42.41772855595598],[-71.15739478337355,42.41852756676943],[-71.15786238995472,42.41870851056386],[-71.15856540689475,42.41907082409425],[-71.15938871895675,42.41937835209008],[-71.16125522183651,42.42007549026424],[-71.16266729531407,42.42065591494122],[-71.16400662049982,42.42102501899829],[-71.16457269441604,42.42119407015051],[-71.16526617503791,42.42130810428539],[-71.16774034491667,42.4216371185698],[-71.16919456096619,42.42234981760502],[-71.17122018014581,42.4238315044345],[-71.17247924551617,42.42476031558274],[-71.17455885841251,42.42554058627449],[-71.17629737570655,42.42597608335645],[-71.17879937770545,42.4257688838021],[-71.18341035048896,42.42536828413142],[-71.18523023810846,42.42520908872228],[-71.18931558924601,42.42563010331714],[-71.193025404642,42.4260038739495],[-71.19483933914182,42.42626549528743],[-71.19704110094702,42.42701603674259],[-71.2019236483008,42.4288007120656],[-71.20334096453307,42.4293555447401],[-71.20524511931121,42.43122189501919],[-71.2077358136033,42.43409258041335],[-71.2090739058339,42.43558110184341],[-71.2129174231371,42.44038151514877],[-71.21440182613992,42.44223205532352],[-71.21519515026557,42.44316269799977],[-71.21775690245804,42.44520712894929],[-71.22064187396573,42.44642112232421],[-71.22382740129245,42.44730461999832],[-71.22714712600535,42.44825270102153],[-71.22990213004218,42.45038098262967],[-71.23039429513666,42.45014862293704],[-71.23062221558511,42.45053482452478],[-71.23149612304601,42.45162836401852],[-71.233309295189,42.45382255138819],[-71.23518889637582,42.45600844676191],[-71.23671797344836,42.45777113773598],[-71.2375618224891,42.45877143686872],[-71.23801128393453,42.45930691787914],[-71.2389982214198,42.46109665273241],[-71.240243454554,42.46324167126869],[-71.24069551264289,42.46406032970713],[-71.24108650932251,42.46482081679296],[-71.24181476870012,42.46610088413625],[-71.24242008030828,42.46692655286822],[-71.2436266856925,42.46862881406771],[-71.24461810927629,42.47009274932475],[-71.24511405634509,42.47080135789846],[-71.24633375507767,42.47213669354344],[-71.24841908510382,42.47393169718036],[-71.24966420807704,42.4750171788635],[-71.2512269938261,42.47622652628857],[-71.25152070646355,42.47643826994158],[-71.25196728932164,42.47683201181946],[-71.25251058225281,42.47634668944921],[-71.25481254259213,42.47423524105005],[-71.25756960561836,42.47172454125872],[-71.2582784071655,42.47107401785711],[-71.25901291110215,42.47111174885819],[-71.26271627069976,42.47358245723534],[-71.26413888782794,42.47389308666622],[-71.26365237119494,42.47539635830417],[-71.26312951186931,42.47707209357204],[-71.2630753470638,42.47810703192499],[-71.26347478173474,42.47888349241648],[-71.2645999536468,42.48086623551119],[-71.26569923941445,42.48272853790301],[-71.2661606594477,42.48332632550466],[-71.26694653661856,42.48406521027208],[-71.2679756570728,42.48475698377014],[-71.26921160064916,42.48505252441237],[-71.27001295653099,42.48505776598348],[-71.27030273910218,42.48496584470383],[-71.27031627318634,42.48563602236575],[-71.26994470745562,42.48628934784622],[-71.26951195575379,42.48744493280201],[-71.26910032191901,42.48847979165915],[-71.268165275993,42.48833408373969],[-71.26740434087296,42.48860982787478],[-71.2644532665248,42.49068059275071],[-71.26408649241941,42.49156641971623],[-71.26245855944389,42.4929126958034],[-71.26073446721443,42.49297567117679],[-71.25879280667517,42.49315309477534],[-71.25833152086398,42.4931710785723],[-71.25785346770144,42.4934394364422],[-71.25772403585533,42.49394750207773],[-71.25771607652212,42.494412213242],[-71.25787832468701,42.49573494131906],[-71.25789844601661,42.49634961620132],[-71.25714765265434,42.49743181643308],[-71.25582790092861,42.49812934687074],[-71.25516399375489,42.49864843772077],[-71.25396264684504,42.49999014187242],[-71.25283517941644,42.50047139698477],[-71.25123939855744,42.50055152145733],[-71.25008125449118,42.50079943449173],[-71.24757387937926,42.50122203039638],[-71.24474542576652,42.50175407033729],[-71.24279889190322,42.50203823219532],[-71.24140334914087,42.50227597484773],[-71.23970970200864,42.50253836563656],[-71.23925336638197,42.50262115526576],[-71.23778962330726,42.50238590565932],[-71.23532999943859,42.50199361267747],[-71.23403122392244,42.50178735930519],[-71.23360064208308,42.50175815120702],[-71.23325516748454,42.50176191183354],[-71.23303306734867,42.50175104648253],[-71.23247167062367,42.50173130891051],[-71.23018676611832,42.50177393175162],[-71.22967448645105,42.50179226387814],[-71.22961282678685,42.50219531246462],[-71.23097556385203,42.50445832369598],[-71.2314790674718,42.50525881118791],[-71.2319916400176,42.50630464996974],[-71.23285699082216,42.50771972615281],[-71.23329468985783,42.50829220931989],[-71.23555248573788,42.51020544866414],[-71.2368322872079,42.51127970696972],[-71.23725420626921,42.51160839285146]]},"properties":{"id":"ma-cambridge-published-kmz-e00c652c18e808da3734","sourceId":"ma-cambridge-published-kmz","source":"Cambridge Network Solutions published KMZ","sourceUrl":"https://telecomramblings.com/files/media/CambridgeNetworkSolutions.kmz","name":"CNS fiber","carrier":"Cambridge Network Solutions (as published)","states":["MA"],"category":"unknown","routeStatus":"Fiber in undated publisher map; current operational status unknown","evidence":"publisher_route","retrievedAt":"2026-09-20T23:14:22.771276+00:00","dataDate":null,"metadataModified":null,"publishedLineParts":1,"networkType":"Published metro fiber; positional accuracy unverified","serviceability":"Unconfirmed","routeDiversity":"Unconfirmed"}},{"type":"Feature","bbox":[-71.0878675480261,42.36782355299974,-71.08690047092395,42.37193771191594],"geometry":{"type":"LineString","coordinates":[[-71.08780248784588,42.36782355299974],[-71.0878675480261,42.36786437158578],[-71.08766511084482,42.36874563550087],[-71.08743767847129,42.36965154364119],[-71.08692773798671,42.37176921674441],[-71.08690047092395,42.37189400894356],[-71.08694707159277,42.37193771191594]]},"properties":{"id":"ma-cambridge-published-kmz-f230e12583a218c8b2f2","sourceId":"ma-cambridge-published-kmz","source":"Cambridge Network Solutions published KMZ","sourceUrl":"https://telecomramblings.com/files/media/CambridgeNetworkSolutions.kmz","name":"CNS fiber","carrier":"Cambridge Network Solutions (as published)","states":["MA"],"category":"unknown","routeStatus":"Fiber in undated publisher map; current operational status unknown","evidence":"publisher_route","retrievedAt":"2026-09-20T23:14:22.771276+00:00","dataDate":null,"metadataModified":null,"publishedLineParts":1,"networkType":"Published metro fiber; positional accuracy unverified","serviceability":"Unconfirmed","routeDiversity":"Unconfirmed"}},{"type":"Feature","bbox":[-71.0819334300664,42.36615139142946,-71.08157014204701,42.36688590798389],"geometry":{"type":"LineString","coordinates":[[-71.08174760435102,42.36688590798389],[-71.08170190425393,42.36683487411372],[-71.0819334300664,42.3664300944389],[-71.08193206009719,42.36640453602957],[-71.08159233671762,42.36635381063165],[-71.08157014204701,42.36620751799222],[-71.08159641614817,42.36615139142946]]},"properties":{"id":"ma-cambridge-published-kmz-ead4e4820953a025eefd","sourceId":"ma-cambridge-published-kmz","source":"Cambridge Network Solutions published KMZ","sourceUrl":"https://telecomramblings.com/files/media/CambridgeNetworkSolutions.kmz","name":"CNS fiber","carrier":"Cambridge Network Solutions (as published)","states":["MA"],"category":"unknown","routeStatus":"Fiber in undated publisher map; current operational status unknown","evidence":"publisher_route","retrievedAt":"2026-09-20T23:14:22.771276+00:00","dataDate":null,"metadataModified":null,"publishedLineParts":1,"networkType":"Published metro fiber; positional accuracy unverified","serviceability":"Unconfirmed","routeDiversity":"Unconfirmed"}},{"type":"Feature","bbox":[-71.08246804419201,42.36517916950754,-71.08028405412875,42.3656337303917],"geometry":{"type":"LineString","coordinates":[[-71.08107269670694,42.36527102625514],[-71.08028405412875,42.36517916950754],[-71.08028630341242,42.36536369799342],[-71.0821795040847,42.36562607002927],[-71.08232937863494,42.3656337303917],[-71.08246804419201,42.36557264196274]]},"properties":{"id":"ma-cambridge-published-kmz-c515819ad4e71bca58a5","sourceId":"ma-cambridge-published-kmz","source":"Cambridge Network Solutions published KMZ","sourceUrl":"https://telecomramblings.com/files/media/CambridgeNetworkSolutions.kmz","name":"CNS fiber","carrier":"Cambridge Network Solutions (as published)","states":["MA"],"category":"unknown","routeStatus":"Fiber in undated publisher map; current operational status unknown","evidence":"publisher_route","retrievedAt":"2026-09-20T23:14:22.771276+00:00","dataDate":null,"metadataModified":null,"publishedLineParts":1,"networkType":"Published metro fiber; positional accuracy unverified","serviceability":"Unconfirmed","routeDiversity":"Unconfirmed"}},{"type":"Feature","bbox":[-71.05800701852564,42.35330625603266,-71.05661611369676,42.35398355310667],"geometry":{"type":"LineString","coordinates":[[-71.05772821208642,42.35398355310667],[-71.05784540681708,42.35398079042263],[-71.05800701852564,42.35373737275491],[-71.05784874039202,42.35363488082968],[-71.05775717597254,42.35356791333942],[-71.05747533460507,42.35345622341982],[-71.05696806125862,42.35330625603266],[-71.05684601850871,42.35335079019806],[-71.05670915177704,42.35339812195895],[-71.05661611369676,42.35339812153356]]},"properties":{"id":"ma-cambridge-published-kmz-86296fa4654bb02cb805","sourceId":"ma-cambridge-published-kmz","source":"Cambridge Network Solutions published KMZ","sourceUrl":"https://telecomramblings.com/files/media/CambridgeNetworkSolutions.kmz","name":"CNS fiber","carrier":"Cambridge Network Solutions (as published)","states":["MA"],"category":"unknown","routeStatus":"Fiber in undated publisher map; current operational status unknown","evidence":"publisher_route","retrievedAt":"2026-09-20T23:14:22.771276+00:00","dataDate":null,"metadataModified":null,"publishedLineParts":1,"networkType":"Published metro fiber; positional accuracy unverified","serviceability":"Unconfirmed","routeDiversity":"Unconfirmed"}},{"type":"Feature","bbox":[-71.08076588815551,42.37569736811166,-71.07968865273786,42.3772621379173],"geometry":{"type":"LineString","coordinates":[[-71.08076588815551,42.37592227317003],[-71.0800139253285,42.37569736811166],[-71.07980484542165,42.37601983075162],[-71.07980851409282,42.37620409459942],[-71.07968865273786,42.37621345824115],[-71.07969599011822,42.37714832758186],[-71.07971433141819,42.3772621379173],[-71.07989774075185,42.37725400861343]]},"properties":{"id":"ma-cambridge-published-kmz-31a7981b4bddcd0362e9","sourceId":"ma-cambridge-published-kmz","source":"Cambridge Network Solutions published KMZ","sourceUrl":"https://telecomramblings.com/files/media/CambridgeNetworkSolutions.kmz","name":"CNS fiber","carrier":"Cambridge Network Solutions (as published)","states":["MA"],"category":"unknown","routeStatus":"Fiber in undated publisher map; current operational status unknown","evidence":"publisher_route","retrievedAt":"2026-09-20T23:14:22.771276+00:00","dataDate":null,"metadataModified":null,"publishedLineParts":1,"networkType":"Published metro fiber; positional accuracy unverified","serviceability":"Unconfirmed","routeDiversity":"Unconfirmed"}},{"type":"Feature","bbox":[-71.08780465755032,42.36777640828039,-71.08740288091954,42.36786073508051],"geometry":{"type":"LineString","coordinates":[[-71.08740288091954,42.36786073508051],[-71.08742166842798,42.36777640828039],[-71.0877520623489,42.36782612955744],[-71.08780465755032,42.36782612932271]]},"properties":{"id":"ma-cambridge-published-kmz-e43158e0aabc1ce3bc6c","sourceId":"ma-cambridge-published-kmz","source":"Cambridge Network Solutions published KMZ","sourceUrl":"https://telecomramblings.com/files/media/CambridgeNetworkSolutions.kmz","name":"CNS fiber","carrier":"Cambridge Network Solutions (as published)","states":["MA"],"category":"unknown","routeStatus":"Fiber in undated publisher map; current operational status unknown","evidence":"publisher_route","retrievedAt":"2026-09-20T23:14:22.771276+00:00","dataDate":null,"metadataModified":null,"publishedLineParts":1,"networkType":"Published metro fiber; positional accuracy unverified","serviceability":"Unconfirmed","routeDiversity":"Unconfirmed"}},{"type":"Feature","bbox":[-71.28349416061144,42.53111569273433,-71.2605111262429,42.54820622276532],"geometry":{"type":"LineString","coordinates":[[-71.28349416061144,42.54373108782975],[-71.2829291872291,42.5447078097498],[-71.28274037302147,42.54545674717421],[-71.28266155737309,42.54565304526087],[-71.2823874947021,42.5465995778569],[-71.28223379338228,42.54703927872176],[-71.28199470392929,42.54743150528314],[-71.28152012474855,42.54776251119832],[-71.28090455565007,42.54820622276532],[-71.27883172123039,42.5464259151293],[-71.27846937636176,42.54610212483944],[-71.27819743578877,42.54592396437236],[-71.27772363395086,42.5454910699718],[-71.27633646331175,42.54424992938693],[-71.27605299815941,42.54399345121602],[-71.27546958420031,42.54348806493135],[-71.27472569797192,42.54283846779946],[-71.27367891378711,42.54190638278148],[-71.27275709593647,42.54111344934245],[-71.27208577777787,42.5405309672983],[-71.27130357828261,42.53980866047191],[-71.27054980966619,42.53918167036579],[-71.26958097037341,42.53833973037897],[-71.26933948386302,42.53821300965036],[-71.26887164208354,42.53784634750334],[-71.2678574992044,42.53703819371298],[-71.26643419851284,42.5359050213551],[-71.26553823444618,42.53518202946901],[-71.26440678175997,42.53429759800394],[-71.26356621043337,42.53361137691717],[-71.2605111262429,42.53111569273433]]},"properties":{"id":"ma-cambridge-published-kmz-563297b619dabaab63e1","sourceId":"ma-cambridge-published-kmz","source":"Cambridge Network Solutions published KMZ","sourceUrl":"https://telecomramblings.com/files/media/CambridgeNetworkSolutions.kmz","name":"CNS fiber","carrier":"Cambridge Network Solutions (as published)","states":["MA"],"category":"unknown","routeStatus":"Fiber in undated publisher map; current operational status unknown","evidence":"publisher_route","retrievedAt":"2026-09-20T23:14:22.771276+00:00","dataDate":null,"metadataModified":null,"publishedLineParts":1,"networkType":"Published metro fiber; positional accuracy unverified","serviceability":"Unconfirmed","routeDiversity":"Unconfirmed"}},{"type":"Feature","bbox":[-71.26192051689057,42.52535046887683,-71.25460461375422,42.53110441767227],"geometry":{"type":"LineString","coordinates":[[-71.26192051689057,42.53073239304539],[-71.2618180455868,42.53060613920895],[-71.26138796698696,42.5302360241902],[-71.26115994621503,42.5301651705789],[-71.26094933693759,42.53056828704902],[-71.260690402367,42.53083343185434],[-71.26032915870384,42.53110441767227],[-71.26010950535937,42.53071988930889],[-71.2599339984805,42.53044501745621],[-71.25874148227437,42.52943082734947],[-71.25797979111711,42.52877182061484],[-71.25728162236065,42.52818465409798],[-71.25699847688293,42.52816396088963],[-71.2561925092905,42.52742723731629],[-71.25568930572413,42.52694674028034],[-71.25508590151556,42.52643387363569],[-71.25460461375422,42.52601226505469],[-71.25490100272572,42.52569391142093],[-71.25528427124887,42.52535046887683]]},"properties":{"id":"ma-cambridge-published-kmz-b8b3d39fd7a08210d9b9","sourceId":"ma-cambridge-published-kmz","source":"Cambridge Network Solutions published KMZ","sourceUrl":"https://telecomramblings.com/files/media/CambridgeNetworkSolutions.kmz","name":"CNS fiber","carrier":"Cambridge Network Solutions (as published)","states":["MA"],"category":"unknown","routeStatus":"Fiber in undated publisher map; current operational status unknown","evidence":"publisher_route","retrievedAt":"2026-09-20T23:14:22.771276+00:00","dataDate":null,"metadataModified":null,"publishedLineParts":1,"networkType":"Published metro fiber; positional accuracy unverified","serviceability":"Unconfirmed","routeDiversity":"Unconfirmed"}},{"type":"Feature","bbox":[-71.08672370693228,42.36700977263291,-71.08666624863336,42.36703157274257],"geometry":{"type":"LineString","coordinates":[[-71.08666624863336,42.36703157274257],[-71.08672370693228,42.36700977263291]]},"properties":{"id":"ma-cambridge-published-kmz-e9bd7274b145fec4b057","sourceId":"ma-cambridge-published-kmz","source":"Cambridge Network Solutions published KMZ","sourceUrl":"https://telecomramblings.com/files/media/CambridgeNetworkSolutions.kmz","name":"CNS fiber","carrier":"Cambridge Network Solutions (as published)","states":["MA"],"category":"unknown","routeStatus":"Fiber in undated publisher map; current operational status unknown","evidence":"publisher_route","retrievedAt":"2026-09-20T23:14:22.771276+00:00","dataDate":null,"metadataModified":null,"publishedLineParts":1,"networkType":"Published metro fiber; positional accuracy unverified","serviceability":"Unconfirmed","routeDiversity":"Unconfirmed"}},{"type":"Feature","bbox":[-71.10214240686574,42.36093424977416,-71.095284639424,42.36242913687557],"geometry":{"type":"LineString","coordinates":[[-71.10191982273815,42.36196587540638],[-71.10214240686574,42.3620245278196],[-71.10172708687963,42.36242913687557],[-71.10143845554178,42.36229569764756],[-71.1007679558003,42.36186056913385],[-71.10018745353133,42.36241429419819],[-71.09908592135196,42.36172939180493],[-71.09849034512851,42.3613696384261],[-71.09749493943593,42.36177550171583],[-71.09661609884084,42.36126239618493],[-71.0960789996041,42.36095144387761],[-71.095903875921,42.36093424977416],[-71.09568776359114,42.36104900029322],[-71.09539191382794,42.36116798384592],[-71.095284639424,42.36117018878144]]},"properties":{"id":"ma-cambridge-published-kmz-da8bc6031d79b910aed8","sourceId":"ma-cambridge-published-kmz","source":"Cambridge Network Solutions published KMZ","sourceUrl":"https://telecomramblings.com/files/media/CambridgeNetworkSolutions.kmz","name":"CNS fiber","carrier":"Cambridge Network Solutions (as published)","states":["MA"],"category":"unknown","routeStatus":"Fiber in undated publisher map; current operational status unknown","evidence":"publisher_route","retrievedAt":"2026-09-20T23:14:22.771276+00:00","dataDate":null,"metadataModified":null,"publishedLineParts":1,"networkType":"Published metro fiber; positional accuracy unverified","serviceability":"Unconfirmed","routeDiversity":"Unconfirmed"}},{"type":"Feature","bbox":[-71.07958613030242,42.36385536874942,-71.07919951121104,42.36404506094705],"geometry":{"type":"LineString","coordinates":[[-71.07958613030242,42.36385536874942],[-71.07955290194185,42.36402087209479],[-71.07921649628982,42.36398160279438],[-71.07919951121104,42.36404506094705]]},"properties":{"id":"ma-cambridge-published-kmz-34ee7a5cd42e0f6372b7","sourceId":"ma-cambridge-published-kmz","source":"Cambridge Network Solutions published KMZ","sourceUrl":"https://telecomramblings.com/files/media/CambridgeNetworkSolutions.kmz","name":"CNS fiber","carrier":"Cambridge Network Solutions (as published)","states":["MA"],"category":"unknown","routeStatus":"Fiber in undated publisher map; current operational status unknown","evidence":"publisher_route","retrievedAt":"2026-09-20T23:14:22.771276+00:00","dataDate":null,"metadataModified":null,"publishedLineParts":1,"networkType":"Published metro fiber; positional accuracy unverified","serviceability":"Unconfirmed","routeDiversity":"Unconfirmed"}},{"type":"Feature","bbox":[-71.08779707353769,42.36746637214728,-71.08674948236099,42.36782471085176],"geometry":{"type":"LineString","coordinates":[[-71.08779707353769,42.36782471085176],[-71.08773580827162,42.36781027040879],[-71.08734174902918,42.36774740607713],[-71.08701124141619,42.36771071290048],[-71.08674948236099,42.36768140132975],[-71.08678175613308,42.3675242132608],[-71.08679651083155,42.36746637214728]]},"properties":{"id":"ma-cambridge-published-kmz-1ebf41a330edfc90a99f","sourceId":"ma-cambridge-published-kmz","source":"Cambridge Network Solutions published KMZ","sourceUrl":"https://telecomramblings.com/files/media/CambridgeNetworkSolutions.kmz","name":"CNS fiber","carrier":"Cambridge Network Solutions (as published)","states":["MA"],"category":"unknown","routeStatus":"Fiber in undated publisher map; current operational status unknown","evidence":"publisher_route","retrievedAt":"2026-09-20T23:14:22.771276+00:00","dataDate":null,"metadataModified":null,"publishedLineParts":1,"networkType":"Published metro fiber; positional accuracy unverified","serviceability":"Unconfirmed","routeDiversity":"Unconfirmed"}},{"type":"Feature","bbox":[-71.09007183419334,42.36704013948997,-71.08906158551451,42.36751216638005],"geometry":{"type":"LineString","coordinates":[[-71.09007183419334,42.36751216638005],[-71.08982382653505,42.36741543436785],[-71.08940938282674,42.36722042926891],[-71.08916758337052,42.36709610578451],[-71.08906158551451,42.36704013948997]]},"properties":{"id":"ma-cambridge-published-kmz-207d62cdc4dcd0886627","sourceId":"ma-cambridge-published-kmz","source":"Cambridge Network Solutions published KMZ","sourceUrl":"https://telecomramblings.com/files/media/CambridgeNetworkSolutions.kmz","name":"CNS fiber","carrier":"Cambridge Network Solutions (as published)","states":["MA"],"category":"unknown","routeStatus":"Fiber in undated publisher map; current operational status unknown","evidence":"publisher_route","retrievedAt":"2026-09-20T23:14:22.771276+00:00","dataDate":null,"metadataModified":null,"publishedLineParts":1,"networkType":"Published metro fiber; positional accuracy unverified","serviceability":"Unconfirmed","routeDiversity":"Unconfirmed"}},{"type":"Feature","bbox":[-71.08772965110545,42.36673649131819,-71.08666594683447,42.36702677285766],"geometry":{"type":"LineString","coordinates":[[-71.08770461840294,42.36698593135703],[-71.08772965110545,42.3668502928776],[-71.08762262791194,42.36683582472424],[-71.08719459128685,42.36677865141638],[-71.08695575569466,42.36674847512129],[-71.08683446960872,42.36673649131819],[-71.08676558304106,42.36684821817764],[-71.08675509119452,42.36690465338332],[-71.08672960139478,42.36699891583681],[-71.08670806319486,42.36700849389748],[-71.08666594683447,42.36702677285766]]},"properties":{"id":"ma-cambridge-published-kmz-0a66fc17936b6c4cb5dd","sourceId":"ma-cambridge-published-kmz","source":"Cambridge Network Solutions published KMZ","sourceUrl":"https://telecomramblings.com/files/media/CambridgeNetworkSolutions.kmz","name":"CNS fiber","carrier":"Cambridge Network Solutions (as published)","states":["MA"],"category":"unknown","routeStatus":"Fiber in undated publisher map; current operational status unknown","evidence":"publisher_route","retrievedAt":"2026-09-20T23:14:22.771276+00:00","dataDate":null,"metadataModified":null,"publishedLineParts":1,"networkType":"Published metro fiber; positional accuracy unverified","serviceability":"Unconfirmed","routeDiversity":"Unconfirmed"}},{"type":"Feature","bbox":[-71.08778879933831,42.3669729591829,-71.08741692647843,42.367612891417],"geometry":{"type":"LineString","coordinates":[[-71.08741692647843,42.36756981830232],[-71.08774233993158,42.367612891417],[-71.08778879933831,42.36728246650061],[-71.08758675825868,42.3672565929028],[-71.08763235033751,42.3669729591829],[-71.08770434973299,42.36698337187642]]},"properties":{"id":"ma-cambridge-published-kmz-002a282bd9a5ff6abed5","sourceId":"ma-cambridge-published-kmz","source":"Cambridge Network Solutions published KMZ","sourceUrl":"https://telecomramblings.com/files/media/CambridgeNetworkSolutions.kmz","name":"CNS fiber","carrier":"Cambridge Network Solutions (as published)","states":["MA"],"category":"unknown","routeStatus":"Fiber in undated publisher map; current operational status unknown","evidence":"publisher_route","retrievedAt":"2026-09-20T23:14:22.771276+00:00","dataDate":null,"metadataModified":null,"publishedLineParts":1,"networkType":"Published metro fiber; positional accuracy unverified","serviceability":"Unconfirmed","routeDiversity":"Unconfirmed"}},{"type":"Feature","bbox":[-71.08771109652379,42.36679667347624,-71.08683270242737,42.36697685954624],"geometry":{"type":"LineString","coordinates":[[-71.08769481708,42.36697685954624],[-71.08771109652379,42.36686086877005],[-71.08742896575646,42.36682118949802],[-71.08725572697868,42.36679667347624],[-71.08723694466413,42.36688973785551],[-71.08683270242737,42.36683228919202]]},"properties":{"id":"ma-cambridge-published-kmz-681ce5be344cbbc038cb","sourceId":"ma-cambridge-published-kmz","source":"Cambridge Network Solutions published KMZ","sourceUrl":"https://telecomramblings.com/files/media/CambridgeNetworkSolutions.kmz","name":"CNS fiber","carrier":"Cambridge Network Solutions (as published)","states":["MA"],"category":"unknown","routeStatus":"Fiber in undated publisher map; current operational status unknown","evidence":"publisher_route","retrievedAt":"2026-09-20T23:14:22.771276+00:00","dataDate":null,"metadataModified":null,"publishedLineParts":1,"networkType":"Published metro fiber; positional accuracy unverified","serviceability":"Unconfirmed","routeDiversity":"Unconfirmed"}},{"type":"Feature","bbox":[-71.08705226271758,42.366660178236,-71.08659092538134,42.36685547840969],"geometry":{"type":"LineString","coordinates":[[-71.08702726041702,42.36685547840969],[-71.08705226271758,42.36671931946683],[-71.08659971920751,42.366660178236],[-71.08659092538134,42.36669632450606]]},"properties":{"id":"ma-cambridge-published-kmz-2bc66cabb21e384f32df","sourceId":"ma-cambridge-published-kmz","source":"Cambridge Network Solutions published KMZ","sourceUrl":"https://telecomramblings.com/files/media/CambridgeNetworkSolutions.kmz","name":"CNS fiber","carrier":"Cambridge Network Solutions (as published)","states":["MA"],"category":"unknown","routeStatus":"Fiber in undated publisher map; current operational status unknown","evidence":"publisher_route","retrievedAt":"2026-09-20T23:14:22.771276+00:00","dataDate":null,"metadataModified":null,"publishedLineParts":1,"networkType":"Published metro fiber; positional accuracy unverified","serviceability":"Unconfirmed","routeDiversity":"Unconfirmed"}},{"type":"Feature","bbox":[-71.09109424572473,42.36676083004532,-71.09022831373618,42.36750028547829],"geometry":{"type":"LineString","coordinates":[[-71.09049747423906,42.36750028547829],[-71.09081554548237,42.36749800404427],[-71.09091552497648,42.36728404343184],[-71.09109424572473,42.36700214649087],[-71.09033671900373,42.36676083004532],[-71.09022831373618,42.36688175810343]]},"properties":{"id":"ma-cambridge-published-kmz-3949afca3c6a5a4f6882","sourceId":"ma-cambridge-published-kmz","source":"Cambridge Network Solutions published KMZ","sourceUrl":"https://telecomramblings.com/files/media/CambridgeNetworkSolutions.kmz","name":"CNS fiber","carrier":"Cambridge Network Solutions (as published)","states":["MA"],"category":"unknown","routeStatus":"Fiber in undated publisher map; current operational status unknown","evidence":"publisher_route","retrievedAt":"2026-09-20T23:14:22.771276+00:00","dataDate":null,"metadataModified":null,"publishedLineParts":1,"networkType":"Published metro fiber; positional accuracy unverified","serviceability":"Unconfirmed","routeDiversity":"Unconfirmed"}},{"type":"Feature","bbox":[-71.09088421425419,42.36718515585476,-71.09038851414292,42.36733400122348],"geometry":{"type":"LineString","coordinates":[[-71.09088421425419,42.36733400122348],[-71.09038851414292,42.36718515585476]]},"properties":{"id":"ma-cambridge-published-kmz-90098cc5e9bbfcb44e08","sourceId":"ma-cambridge-published-kmz","source":"Cambridge Network Solutions published KMZ","sourceUrl":"https://telecomramblings.com/files/media/CambridgeNetworkSolutions.kmz","name":"CNS fiber","carrier":"Cambridge Network Solutions (as published)","states":["MA"],"category":"unknown","routeStatus":"Fiber in undated publisher map; current operational status unknown","evidence":"publisher_route","retrievedAt":"2026-09-20T23:14:22.771276+00:00","dataDate":null,"metadataModified":null,"publishedLineParts":1,"networkType":"Published metro fiber; positional accuracy unverified","serviceability":"Unconfirmed","routeDiversity":"Unconfirmed"}},{"type":"Feature","bbox":[-71.0598247253847,42.35244658873943,-71.05948947841866,42.35269894808086],"geometry":{"type":"LineString","coordinates":[[-71.05948947841866,42.35269894808086],[-71.05981640609335,42.35252756490792],[-71.0598247253847,42.35249402039091],[-71.05973649045927,42.35244658873943]]},"properties":{"id":"ma-cambridge-published-kmz-0c0fba5b74e1acb4e758","sourceId":"ma-cambridge-published-kmz","source":"Cambridge Network Solutions published KMZ","sourceUrl":"https://telecomramblings.com/files/media/CambridgeNetworkSolutions.kmz","name":"CNS fiber","carrier":"Cambridge Network Solutions (as published)","states":["MA"],"category":"unknown","routeStatus":"Fiber in undated publisher map; current operational status unknown","evidence":"publisher_route","retrievedAt":"2026-09-20T23:14:22.771276+00:00","dataDate":null,"metadataModified":null,"publishedLineParts":1,"networkType":"Published metro fiber; positional accuracy unverified","serviceability":"Unconfirmed","routeDiversity":"Unconfirmed"}},{"type":"Feature","bbox":[-71.07412093059966,42.34986419369156,-71.07270867240221,42.35139614071179],"geometry":{"type":"LineString","coordinates":[[-71.07309208611882,42.35139614071179],[-71.07313945665041,42.35116270126424],[-71.07270867240221,42.35042615626733],[-71.07301926890253,42.3503016506988],[-71.07412093059966,42.34998485240928],[-71.07406433590735,42.34986419369156]]},"properties":{"id":"ma-cambridge-published-kmz-702b3e4bb18203fea5bd","sourceId":"ma-cambridge-published-kmz","source":"Cambridge Network Solutions published KMZ","sourceUrl":"https://telecomramblings.com/files/media/CambridgeNetworkSolutions.kmz","name":"CNS fiber","carrier":"Cambridge Network Solutions (as published)","states":["MA"],"category":"unknown","routeStatus":"Fiber in undated publisher map; current operational status unknown","evidence":"publisher_route","retrievedAt":"2026-09-20T23:14:22.771276+00:00","dataDate":null,"metadataModified":null,"publishedLineParts":1,"networkType":"Published metro fiber; positional accuracy unverified","serviceability":"Unconfirmed","routeDiversity":"Unconfirmed"}},{"type":"Feature","bbox":[-71.19439884000568,42.49370044052621,-71.18939725801967,42.4974836941936],"geometry":{"type":"LineString","coordinates":[[-71.19439884000568,42.49722701143751],[-71.19434255430063,42.4974836941936],[-71.19414021032155,42.49730920187917],[-71.19404513040753,42.4971691548357],[-71.19378124637731,42.4971541376348],[-71.19331638983888,42.49720438385592],[-71.19287115886692,42.49721955093498],[-71.1925742468336,42.49714916769529],[-71.19227158512881,42.49694307224182],[-71.19205845358886,42.49681445573926],[-71.19177450199003,42.49671643920045],[-71.1912689478471,42.49661105528615],[-71.19103556488625,42.49654788818973],[-71.19083256487014,42.49642810414291],[-71.19051743766673,42.49618371270984],[-71.19038042055168,42.49587860942221],[-71.19032298752106,42.49524055863122],[-71.19037833315697,42.4947705416968],[-71.19045930368706,42.49416016426602],[-71.18976044619538,42.49415159765555],[-71.18962016689005,42.49413447575414],[-71.18939725801967,42.49400326995141],[-71.1897063830292,42.49370044052621]]},"properties":{"id":"ma-cambridge-published-kmz-6fa625f3d61d28ace86f","sourceId":"ma-cambridge-published-kmz","source":"Cambridge Network Solutions published KMZ","sourceUrl":"https://telecomramblings.com/files/media/CambridgeNetworkSolutions.kmz","name":"CNS fiber","carrier":"Cambridge Network Solutions (as published)","states":["MA"],"category":"unknown","routeStatus":"Fiber in undated publisher map; current operational status unknown","evidence":"publisher_route","retrievedAt":"2026-09-20T23:14:22.771276+00:00","dataDate":null,"metadataModified":null,"publishedLineParts":1,"networkType":"Published metro fiber; positional accuracy unverified","serviceability":"Unconfirmed","routeDiversity":"Unconfirmed"}},{"type":"Feature","bbox":[-71.23020482300333,42.49004314995093,-71.20317943341647,42.50175472784144],"geometry":{"type":"LineString","coordinates":[[-71.23020482300333,42.50174869727506],[-71.22973482404798,42.50175472784144],[-71.22957187991808,42.50164378044599],[-71.22934883690787,42.50123831368185],[-71.22876480757147,42.50017555092047],[-71.22817690767255,42.49909687555572],[-71.22762407558726,42.49804079741183],[-71.22757247927676,42.49793460332719],[-71.22733367597769,42.49802833087603],[-71.22689760766372,42.49807305603988],[-71.22601262483272,42.4981598339341],[-71.22570657259321,42.49795227459843],[-71.22521771062333,42.49768564761118],[-71.22463143207789,42.49735673917468],[-71.22397506805179,42.49699169288915],[-71.22367904439596,42.49700500812804],[-71.2233093934863,42.49700692115961],[-71.22258090967345,42.49725688504528],[-71.22181746402248,42.4975152066657],[-71.2213309875159,42.49763365035955],[-71.21909940682359,42.49822733538576],[-71.21746849838675,42.49870258958575],[-71.21588171401629,42.49915520379385],[-71.21436523766313,42.49949765328595],[-71.21355295908941,42.49969540482503],[-71.21332930679398,42.4996220591376],[-71.21314391091828,42.49919037858776],[-71.2125809389982,42.49775056618712],[-71.21234448980766,42.49715749793391],[-71.21215646956657,42.49643512926916],[-71.21205179124576,42.49603640765805],[-71.21210359811285,42.49561327856092],[-71.21200584504608,42.49524633729885],[-71.21193994968392,42.49495128484188],[-71.21172350837519,42.49473683230094],[-71.21158292151208,42.49431241182411],[-71.21138913120707,42.4936474438537],[-71.21101654383739,42.49336218267018],[-71.21103304678472,42.49301771282096],[-71.21094197729028,42.49254657890943],[-71.21066310738681,42.49131130359368],[-71.21059333211312,42.4910999657541],[-71.21015635798983,42.49111771228429],[-71.21000148139173,42.49134994055336],[-71.20981497034703,42.49153939695759],[-71.20871373364356,42.49113702119948],[-71.20860554913857,42.49098415178829],[-71.20840960518846,42.49127814494607],[-71.20794735947787,42.49178932625185],[-71.20760554114375,42.49204225532269],[-71.20725174245847,42.49223496367031],[-71.20692745874604,42.49232858493498],[-71.20641022969961,42.49251916991081],[-71.20602824944629,42.49264049730295],[-71.20558026592758,42.49278596652155],[-71.20523561360022,42.49301660798281],[-71.20519234833961,42.49267940237949],[-71.20495782732019,42.49247148505953],[-71.20472255530302,42.49219721191576],[-71.20452222708863,42.49187687163293],[-71.20407124088659,42.49119634921453],[-71.20381786066311,42.4909076527975],[-71.20341332846634,42.49033350167963],[-71.20317943341647,42.49004314995093]]},"properties":{"id":"ma-cambridge-published-kmz-d67b486c0c5269491023","sourceId":"ma-cambridge-published-kmz","source":"Cambridge Network Solutions published KMZ","sourceUrl":"https://telecomramblings.com/files/media/CambridgeNetworkSolutions.kmz","name":"CNS fiber","carrier":"Cambridge Network Solutions (as published)","states":["MA"],"category":"unknown","routeStatus":"Fiber in undated publisher map; current operational status unknown","evidence":"publisher_route","retrievedAt":"2026-09-20T23:14:22.771276+00:00","dataDate":null,"metadataModified":null,"publishedLineParts":1,"networkType":"Published metro fiber; positional accuracy unverified","serviceability":"Unconfirmed","routeDiversity":"Unconfirmed"}},{"type":"Feature","bbox":[-71.20318115905516,42.48992222916356,-71.19437464171011,42.49727564232415],"geometry":{"type":"LineString","coordinates":[[-71.20318115905516,42.49004163982367],[-71.20307476335371,42.48992222916356],[-71.20261469742454,42.49020969986424],[-71.20209956448795,42.49050824186518],[-71.20180911364498,42.49067884444332],[-71.20157101106494,42.49088479388663],[-71.20129910202411,42.49106708854052],[-71.20090056487963,42.49141496074825],[-71.2005644274945,42.49166672377008],[-71.20016529490643,42.49191769269678],[-71.20008146892815,42.49227687109553],[-71.20001546808578,42.49250714758068],[-71.19967212730057,42.49259946402303],[-71.19952643410237,42.49283454303136],[-71.19941935103705,42.49315480922862],[-71.19914352917853,42.49317703286631],[-71.19881177836622,42.49329401176168],[-71.19843789105477,42.49337891212967],[-71.19808849695751,42.49347810170035],[-71.19741982669251,42.49368984552746],[-71.19706105879028,42.49379007607448],[-71.19673262320991,42.49395539960551],[-71.19640258311321,42.49421102015609],[-71.19609532604865,42.49446951794113],[-71.19605216806396,42.49467138480531],[-71.19580276888419,42.49446390055661],[-71.19539963347988,42.49419710562258],[-71.19500702277827,42.49403770217479],[-71.19457091934206,42.49388183203256],[-71.19448567903235,42.49398309960741],[-71.19459350351877,42.49428939761896],[-71.1946809978555,42.49458853097949],[-71.19479528343662,42.49496987531892],[-71.19475685521215,42.49527325519032],[-71.19470984783122,42.4956481235443],[-71.19468547704811,42.49596558147137],[-71.19461266628527,42.49635048314315],[-71.19452449146421,42.49668466001523],[-71.19445506900662,42.4970150370055],[-71.19439507036633,42.49722591686195],[-71.19437464171011,42.49727564232415]]},"properties":{"id":"ma-cambridge-published-kmz-bc6bc5e71e4066144622","sourceId":"ma-cambridge-published-kmz","source":"Cambridge Network Solutions published KMZ","sourceUrl":"https://telecomramblings.com/files/media/CambridgeNetworkSolutions.kmz","name":"CNS fiber","carrier":"Cambridge Network Solutions (as published)","states":["MA"],"category":"unknown","routeStatus":"Fiber in undated publisher map; current operational status unknown","evidence":"publisher_route","retrievedAt":"2026-09-20T23:14:22.771276+00:00","dataDate":null,"metadataModified":null,"publishedLineParts":1,"networkType":"Published metro fiber; positional accuracy unverified","serviceability":"Unconfirmed","routeDiversity":"Unconfirmed"}},{"type":"Feature","bbox":[-71.07290718963823,42.35042537764818,-71.07123562217441,42.35127594838292],"geometry":{"type":"LineString","coordinates":[[-71.07131243152803,42.35127594838292],[-71.07123562217441,42.35125584909263],[-71.07135479818126,42.3511659431633],[-71.0726488604136,42.35084556103826],[-71.0727789272014,42.35084172217523],[-71.07290718963823,42.35080315787555],[-71.07270152746958,42.3504388112985],[-71.0727099207746,42.35042537764818]]},"properties":{"id":"ma-cambridge-published-kmz-64d1c5a196356e8bc794","sourceId":"ma-cambridge-published-kmz","source":"Cambridge Network Solutions published KMZ","sourceUrl":"https://telecomramblings.com/files/media/CambridgeNetworkSolutions.kmz","name":"CNS fiber","carrier":"Cambridge Network Solutions (as published)","states":["MA"],"category":"unknown","routeStatus":"Fiber in undated publisher map; current operational status unknown","evidence":"publisher_route","retrievedAt":"2026-09-20T23:14:22.771276+00:00","dataDate":null,"metadataModified":null,"publishedLineParts":1,"networkType":"Published metro fiber; positional accuracy unverified","serviceability":"Unconfirmed","routeDiversity":"Unconfirmed"}},{"type":"Feature","bbox":[-71.24289344398557,42.50465379985609,-71.24228157981302,42.50521587658123],"geometry":{"type":"LineString","coordinates":[[-71.2428484320939,42.50465379985609],[-71.24289344398557,42.50483150303755],[-71.24252559894876,42.50490584721373],[-71.24251219210628,42.50503572248641],[-71.24228157981302,42.50521587658123]]},"properties":{"id":"ma-cambridge-published-kmz-895fac4c8c5c8127118f","sourceId":"ma-cambridge-published-kmz","source":"Cambridge Network Solutions published KMZ","sourceUrl":"https://telecomramblings.com/files/media/CambridgeNetworkSolutions.kmz","name":"CNS fiber","carrier":"Cambridge Network Solutions (as published)","states":["MA"],"category":"unknown","routeStatus":"Fiber in undated publisher map; current operational status unknown","evidence":"publisher_route","retrievedAt":"2026-09-20T23:14:22.771276+00:00","dataDate":null,"metadataModified":null,"publishedLineParts":1,"networkType":"Published metro fiber; positional accuracy unverified","serviceability":"Unconfirmed","routeDiversity":"Unconfirmed"}},{"type":"Feature","bbox":[-71.07162815134996,42.35113420783537,-71.07147907195633,42.35121530778716],"geometry":{"type":"LineString","coordinates":[[-71.07162815134996,42.35121530778716],[-71.07159888541638,42.35116319655884],[-71.07155255590182,42.35114998385537],[-71.07149550713936,42.35116452067926],[-71.07147907195633,42.35113420783537]]},"properties":{"id":"ma-cambridge-published-kmz-197af1ad52d520f487b8","sourceId":"ma-cambridge-published-kmz","source":"Cambridge Network Solutions published KMZ","sourceUrl":"https://telecomramblings.com/files/media/CambridgeNetworkSolutions.kmz","name":"CNS fiber","carrier":"Cambridge Network Solutions (as published)","states":["MA"],"category":"unknown","routeStatus":"Fiber in undated publisher map; current operational status unknown","evidence":"publisher_route","retrievedAt":"2026-09-20T23:14:22.771276+00:00","dataDate":null,"metadataModified":null,"publishedLineParts":1,"networkType":"Published metro fiber; positional accuracy unverified","serviceability":"Unconfirmed","routeDiversity":"Unconfirmed"}},{"type":"Feature","bbox":[-71.1050364138922,42.33973146200134,-71.10172967314348,42.34271566215637],"geometry":{"type":"LineString","coordinates":[[-71.10287463922387,42.3398475489152],[-71.10275291067552,42.33979068932126],[-71.10275170963156,42.33973146200134],[-71.1026628917883,42.33983279848862],[-71.10235529690887,42.34035615247289],[-71.10206000974267,42.34066906208011],[-71.10172967314348,42.34102874042815],[-71.10201148862772,42.34136557975013],[-71.10286570200259,42.34224385581814],[-71.1034136139472,42.34271566215637],[-71.10365861593601,42.34247728957547],[-71.10401234213796,42.34214483525139],[-71.10487127531994,42.34129106168801],[-71.1050364138922,42.34111583588793]]},"properties":{"id":"ma-cambridge-published-kmz-06a882ccf9a5e776eb83","sourceId":"ma-cambridge-published-kmz","source":"Cambridge Network Solutions published KMZ","sourceUrl":"https://telecomramblings.com/files/media/CambridgeNetworkSolutions.kmz","name":"CNS fiber","carrier":"Cambridge Network Solutions (as published)","states":["MA"],"category":"unknown","routeStatus":"Fiber in undated publisher map; current operational status unknown","evidence":"publisher_route","retrievedAt":"2026-09-20T23:14:22.771276+00:00","dataDate":null,"metadataModified":null,"publishedLineParts":1,"networkType":"Published metro fiber; positional accuracy unverified","serviceability":"Unconfirmed","routeDiversity":"Unconfirmed"}},{"type":"Feature","bbox":[-71.0819638820281,42.36585233800509,-71.0772051188118,42.36716058827796],"geometry":{"type":"LineString","coordinates":[[-71.0772051188118,42.36677854596188],[-71.07753963540553,42.36681849224569],[-71.07758356403224,42.36660129456309],[-71.07763087148957,42.36633167014553],[-71.07767479874555,42.36615941020732],[-71.07774237752069,42.36608451476109],[-71.07777954633734,42.36592723377339],[-71.07779306229025,42.36585233800509],[-71.07815122576916,42.3658897864869],[-71.08007834254163,42.36613586528549],[-71.08155502664583,42.36633424066879],[-71.08195712209572,42.36638415831054],[-71.0819638820281,42.36641910947304],[-71.08170035235625,42.36689845067109],[-71.08157195821893,42.36701079811734],[-71.08174766510975,42.36702577191429],[-71.08161589310306,42.36716058827796]]},"properties":{"id":"ma-cambridge-published-kmz-0a0e7113155f87f8b99c","sourceId":"ma-cambridge-published-kmz","source":"Cambridge Network Solutions published KMZ","sourceUrl":"https://telecomramblings.com/files/media/CambridgeNetworkSolutions.kmz","name":"CNS fiber","carrier":"Cambridge Network Solutions (as published)","states":["MA"],"category":"unknown","routeStatus":"Fiber in undated publisher map; current operational status unknown","evidence":"publisher_route","retrievedAt":"2026-09-20T23:14:22.771276+00:00","dataDate":null,"metadataModified":null,"publishedLineParts":1,"networkType":"Published metro fiber; positional accuracy unverified","serviceability":"Unconfirmed","routeDiversity":"Unconfirmed"}},{"type":"Feature","bbox":[-71.24127608780117,42.51518372971312,-71.2319077905146,42.51958566394252],"geometry":{"type":"LineString","coordinates":[[-71.23206169334124,42.51893067804765],[-71.2319077905146,42.51933491787463],[-71.23287926530226,42.51958566394252],[-71.23329973263745,42.51877413465685],[-71.23349780039499,42.51835901878578],[-71.23405151166168,42.51849381349003],[-71.2347889805058,42.51871428272087],[-71.23607048215516,42.51924342752808],[-71.23657487405757,42.51854686956956],[-71.23705197664974,42.5181146578151],[-71.23813742651087,42.51725960812666],[-71.23891769558297,42.51672932364686],[-71.24014240113833,42.51572081159186],[-71.24067357357364,42.51539916850735],[-71.24101742883099,42.51530414591078],[-71.24127608780117,42.51518372971312]]},"properties":{"id":"ma-cambridge-published-kmz-e130d3a8685fc601d96a","sourceId":"ma-cambridge-published-kmz","source":"Cambridge Network Solutions published KMZ","sourceUrl":"https://telecomramblings.com/files/media/CambridgeNetworkSolutions.kmz","name":"CNS fiber","carrier":"Cambridge Network Solutions (as published)","states":["MA"],"category":"unknown","routeStatus":"Fiber in undated publisher map; current operational status unknown","evidence":"publisher_route","retrievedAt":"2026-09-20T23:14:22.771276+00:00","dataDate":null,"metadataModified":null,"publishedLineParts":1,"networkType":"Published metro fiber; positional accuracy unverified","serviceability":"Unconfirmed","routeDiversity":"Unconfirmed"}},{"type":"Feature","bbox":[-71.05035010167016,42.34910718587202,-71.04878902615881,42.35082430358693],"geometry":{"type":"LineString","coordinates":[[-71.05035010167016,42.35075707109901],[-71.05021647154662,42.35082430358693],[-71.0499878558892,42.35074361666385],[-71.04933836610516,42.35031267748889],[-71.04885329169828,42.35000205027625],[-71.04878902615881,42.34992225516078],[-71.04892915288639,42.34972224078162],[-71.04893203404355,42.34971751094403],[-71.04931621094946,42.34931201525519],[-71.04951940305246,42.34910718587202]]},"properties":{"id":"ma-cambridge-published-kmz-0028d86b72362848e542","sourceId":"ma-cambridge-published-kmz","source":"Cambridge Network Solutions published KMZ","sourceUrl":"https://telecomramblings.com/files/media/CambridgeNetworkSolutions.kmz","name":"CNS fiber","carrier":"Cambridge Network Solutions (as published)","states":["MA"],"category":"unknown","routeStatus":"Fiber in undated publisher map; current operational status unknown","evidence":"publisher_route","retrievedAt":"2026-09-20T23:14:22.771276+00:00","dataDate":null,"metadataModified":null,"publishedLineParts":1,"networkType":"Published metro fiber; positional accuracy unverified","serviceability":"Unconfirmed","routeDiversity":"Unconfirmed"}},{"type":"Feature","bbox":[-71.05035977833606,42.34892211111799,-71.04859625434696,42.35084017407137],"geometry":{"type":"LineString","coordinates":[[-71.05035977833606,42.35076708599411],[-71.05023186540683,42.35083744803077],[-71.05019717626108,42.35084017407137],[-71.0499981268276,42.35076966117053],[-71.04985181381898,42.35067959453164],[-71.04884913372584,42.35001816823728],[-71.04876909292474,42.34993604961599],[-71.04873300226382,42.34989272970816],[-71.04909836781245,42.34945076521557],[-71.0492868660867,42.34921954482012],[-71.04859625434696,42.34892211111799]]},"properties":{"id":"ma-cambridge-published-kmz-087f37f25976c5d376c1","sourceId":"ma-cambridge-published-kmz","source":"Cambridge Network Solutions published KMZ","sourceUrl":"https://telecomramblings.com/files/media/CambridgeNetworkSolutions.kmz","name":"CNS fiber","carrier":"Cambridge Network Solutions (as published)","states":["MA"],"category":"unknown","routeStatus":"Fiber in undated publisher map; current operational status unknown","evidence":"publisher_route","retrievedAt":"2026-09-20T23:14:22.771276+00:00","dataDate":null,"metadataModified":null,"publishedLineParts":1,"networkType":"Published metro fiber; positional accuracy unverified","serviceability":"Unconfirmed","routeDiversity":"Unconfirmed"}},{"type":"Feature","bbox":[-71.0810603305112,42.36510626030513,-71.07965082788881,42.36535129422776],"geometry":{"type":"LineString","coordinates":[[-71.0810603305112,42.36524645192795],[-71.08026424749116,42.36516393845595],[-71.08025802557691,42.36535129422776],[-71.0798670476744,42.36530799494259],[-71.07968014229823,42.36528949232348],[-71.07965082788881,42.36510626030513]]},"properties":{"id":"ma-cambridge-published-kmz-741651a39bfe9d82aed2","sourceId":"ma-cambridge-published-kmz","source":"Cambridge Network Solutions published KMZ","sourceUrl":"https://telecomramblings.com/files/media/CambridgeNetworkSolutions.kmz","name":"CNS fiber","carrier":"Cambridge Network Solutions (as published)","states":["MA"],"category":"unknown","routeStatus":"Fiber in undated publisher map; current operational status unknown","evidence":"publisher_route","retrievedAt":"2026-09-20T23:14:22.771276+00:00","dataDate":null,"metadataModified":null,"publishedLineParts":1,"networkType":"Published metro fiber; positional accuracy unverified","serviceability":"Unconfirmed","routeDiversity":"Unconfirmed"}},{"type":"Feature","bbox":[-71.09123589592446,42.36648538055061,-71.09022196570923,42.36687501344947],"geometry":{"type":"LineString","coordinates":[[-71.09022196570923,42.36687501344947],[-71.09024299922186,42.36676845448068],[-71.09027112117724,42.36668115764597],[-71.09029500332913,42.36661228096889],[-71.09044254833721,42.3666595419026],[-71.09053965417722,42.36648538055061],[-71.09089648007262,42.36660372636868],[-71.09093603137296,42.36653579025243],[-71.09123589592446,42.3666358544258]]},"properties":{"id":"ma-cambridge-published-kmz-918c191f134ce04bdf76","sourceId":"ma-cambridge-published-kmz","source":"Cambridge Network Solutions published KMZ","sourceUrl":"https://telecomramblings.com/files/media/CambridgeNetworkSolutions.kmz","name":"CNS fiber","carrier":"Cambridge Network Solutions (as published)","states":["MA"],"category":"unknown","routeStatus":"Fiber in undated publisher map; current operational status unknown","evidence":"publisher_route","retrievedAt":"2026-09-20T23:14:22.771276+00:00","dataDate":null,"metadataModified":null,"publishedLineParts":1,"networkType":"Published metro fiber; positional accuracy unverified","serviceability":"Unconfirmed","routeDiversity":"Unconfirmed"}},{"type":"Feature","bbox":[-71.07420575109822,42.34999064800006,-71.07412131484307,42.35014013682773],"geometry":{"type":"LineString","coordinates":[[-71.07420575109822,42.35014013682773],[-71.07412131484307,42.34999064800006]]},"properties":{"id":"ma-cambridge-published-kmz-8cda80ebae99ce0377d5","sourceId":"ma-cambridge-published-kmz","source":"Cambridge Network Solutions published KMZ","sourceUrl":"https://telecomramblings.com/files/media/CambridgeNetworkSolutions.kmz","name":"CNS fiber","carrier":"Cambridge Network Solutions (as published)","states":["MA"],"category":"unknown","routeStatus":"Fiber in undated publisher map; current operational status unknown","evidence":"publisher_route","retrievedAt":"2026-09-20T23:14:22.771276+00:00","dataDate":null,"metadataModified":null,"publishedLineParts":1,"networkType":"Published metro fiber; positional accuracy unverified","serviceability":"Unconfirmed","routeDiversity":"Unconfirmed"}},{"type":"Feature","bbox":[-71.0764056226119,42.37027272159286,-71.07634538430835,42.37057780809831],"geometry":{"type":"LineString","coordinates":[[-71.07639255810334,42.37057780809831],[-71.07634538430835,42.37054242603433],[-71.07638617633734,42.37034913716674],[-71.0764056226119,42.37027272159286]]},"properties":{"id":"ma-cambridge-published-kmz-0fcf42377690d41ba294","sourceId":"ma-cambridge-published-kmz","source":"Cambridge Network Solutions published KMZ","sourceUrl":"https://telecomramblings.com/files/media/CambridgeNetworkSolutions.kmz","name":"CNS fiber","carrier":"Cambridge Network Solutions (as published)","states":["MA"],"category":"unknown","routeStatus":"Fiber in undated publisher map; current operational status unknown","evidence":"publisher_route","retrievedAt":"2026-09-20T23:14:22.771276+00:00","dataDate":null,"metadataModified":null,"publishedLineParts":1,"networkType":"Published metro fiber; positional accuracy unverified","serviceability":"Unconfirmed","routeDiversity":"Unconfirmed"}},{"type":"Feature","bbox":[-71.08059515368636,42.36792141969355,-71.07669528058697,42.36930402383044],"geometry":{"type":"LineString","coordinates":[[-71.07669528058697,42.36927419790332],[-71.0767184814814,42.36922471839713],[-71.07732121882147,42.36930402383044],[-71.07740362766118,42.36897920806149],[-71.07763875126975,42.36792141969355],[-71.07810830420748,42.36797405666439],[-71.07912979582788,42.36810992769249],[-71.08048197248446,42.36827905684471],[-71.08053857328932,42.36828216266953],[-71.08059515368636,42.36828216078092]]},"properties":{"id":"ma-cambridge-published-kmz-498c7eb5c81a852e7ff4","sourceId":"ma-cambridge-published-kmz","source":"Cambridge Network Solutions published KMZ","sourceUrl":"https://telecomramblings.com/files/media/CambridgeNetworkSolutions.kmz","name":"CNS fiber","carrier":"Cambridge Network Solutions (as published)","states":["MA"],"category":"unknown","routeStatus":"Fiber in undated publisher map; current operational status unknown","evidence":"publisher_route","retrievedAt":"2026-09-20T23:14:22.771276+00:00","dataDate":null,"metadataModified":null,"publishedLineParts":1,"networkType":"Published metro fiber; positional accuracy unverified","serviceability":"Unconfirmed","routeDiversity":"Unconfirmed"}},{"type":"Feature","bbox":[-71.05889554359204,42.35383265266967,-71.05887144246246,42.3538487670748],"geometry":{"type":"LineString","coordinates":[[-71.05889554359204,42.3538487670748],[-71.05887144246246,42.35383265266967]]},"properties":{"id":"ma-cambridge-published-kmz-4ddf5ae5b5b8dcde6960","sourceId":"ma-cambridge-published-kmz","source":"Cambridge Network Solutions published KMZ","sourceUrl":"https://telecomramblings.com/files/media/CambridgeNetworkSolutions.kmz","name":"CNS fiber","carrier":"Cambridge Network Solutions (as published)","states":["MA"],"category":"unknown","routeStatus":"Fiber in undated publisher map; current operational status unknown","evidence":"publisher_route","retrievedAt":"2026-09-20T23:14:22.771276+00:00","dataDate":null,"metadataModified":null,"publishedLineParts":1,"networkType":"Published metro fiber; positional accuracy unverified","serviceability":"Unconfirmed","routeDiversity":"Unconfirmed"}},{"type":"Feature","bbox":[-71.1033868968898,42.35955529340093,-71.09848335166572,42.3613797798305],"geometry":{"type":"LineString","coordinates":[[-71.09848335166572,42.3613797798305],[-71.0990389286008,42.36109115500387],[-71.0994153438796,42.36091750239989],[-71.1015536815536,42.35998128435124],[-71.10170668312382,42.35992340412153],[-71.1017348031938,42.35989712809482],[-71.10243410992967,42.36027893728861],[-71.10260036987502,42.36014990816884],[-71.10310257674146,42.35977242992388],[-71.1033868968898,42.35955529340093]]},"properties":{"id":"ma-cambridge-published-kmz-31fd57c67dc6ee294d2d","sourceId":"ma-cambridge-published-kmz","source":"Cambridge Network Solutions published KMZ","sourceUrl":"https://telecomramblings.com/files/media/CambridgeNetworkSolutions.kmz","name":"CNS fiber","carrier":"Cambridge Network Solutions (as published)","states":["MA"],"category":"unknown","routeStatus":"Fiber in undated publisher map; current operational status unknown","evidence":"publisher_route","retrievedAt":"2026-09-20T23:14:22.771276+00:00","dataDate":null,"metadataModified":null,"publishedLineParts":1,"networkType":"Published metro fiber; positional accuracy unverified","serviceability":"Unconfirmed","routeDiversity":"Unconfirmed"}},{"type":"Feature","bbox":[-71.05750676225804,42.35117757100484,-71.05478466813807,42.35444589297159],"geometry":{"type":"LineString","coordinates":[[-71.05750676225804,42.35117757100484],[-71.05747934459923,42.35122672250783],[-71.0573205902838,42.35119592262556],[-71.05718675039329,42.3518442892647],[-71.05712758133136,42.35212595045766],[-71.05709766985561,42.3522750870718],[-71.05709125836863,42.3527011266759],[-71.0570149624148,42.35317736467398],[-71.05676991361972,42.35333044920731],[-71.05621488891977,42.35355955469933],[-71.05529194961584,42.35400763138946],[-71.05478466813807,42.35438105918891],[-71.05488450585496,42.35444589297159]]},"properties":{"id":"ma-cambridge-published-kmz-2cb62885851c2a48eda2","sourceId":"ma-cambridge-published-kmz","source":"Cambridge Network Solutions published KMZ","sourceUrl":"https://telecomramblings.com/files/media/CambridgeNetworkSolutions.kmz","name":"CNS in progress","carrier":"Cambridge Network Solutions (as published)","states":["MA"],"category":"planned","routeStatus":"In progress in undated source; current completion unknown","evidence":"publisher_route","retrievedAt":"2026-09-20T23:14:22.771276+00:00","dataDate":null,"metadataModified":null,"publishedLineParts":1,"networkType":"Published metro fiber; positional accuracy unverified","serviceability":"Unconfirmed","routeDiversity":"Unconfirmed"}},{"type":"Feature","bbox":[-71.25569982023526,42.52693612829204,-71.24959863432093,42.52875429644357],"geometry":{"type":"LineString","coordinates":[[-71.25569982023526,42.52693612829204],[-71.25567312149184,42.52702457618948],[-71.2556733455511,42.52712335855501],[-71.25500486774192,42.52794375565521],[-71.25479649414035,42.52823791608194],[-71.25371849594427,42.52840620380077],[-71.2528340739702,42.52849432359776],[-71.25271754549048,42.52846377559547],[-71.25238245113191,42.52696070966125],[-71.25135747427062,42.52789937814574],[-71.25095049414965,42.52786979863424],[-71.25055120780496,42.52794546426845],[-71.25025559255259,42.52806453638841],[-71.25009007993248,42.52823791554366],[-71.2500109918696,42.5284637526496],[-71.24998303990668,42.52875429644357],[-71.24959863432093,42.52874395738903]]},"properties":{"id":"ma-cambridge-published-kmz-83e8dc09c6ad3c0cf4c5","sourceId":"ma-cambridge-published-kmz","source":"Cambridge Network Solutions published KMZ","sourceUrl":"https://telecomramblings.com/files/media/CambridgeNetworkSolutions.kmz","name":"CNS in progress","carrier":"Cambridge Network Solutions (as published)","states":["MA"],"category":"planned","routeStatus":"In progress in undated source; current completion unknown","evidence":"publisher_route","retrievedAt":"2026-09-20T23:14:22.771276+00:00","dataDate":null,"metadataModified":null,"publishedLineParts":1,"networkType":"Published metro fiber; positional accuracy unverified","serviceability":"Unconfirmed","routeDiversity":"Unconfirmed"}},{"type":"Feature","bbox":[-71.30493419675635,42.62309375342198,-71.30011563014048,42.63112297250021],"geometry":{"type":"LineString","coordinates":[[-71.30255748632294,42.62309375342198],[-71.30184577228275,42.62334629498736],[-71.30093453401473,42.6238144356048],[-71.30072539992926,42.62399221230243],[-71.30035860040802,42.62475422498721],[-71.30012867262998,42.62521057636211],[-71.30011563014048,42.6253431348503],[-71.30142043209716,42.62573456440102],[-71.30301645194277,42.62615093539593],[-71.30303609050544,42.62648713522412],[-71.30309997728733,42.62710751978616],[-71.3021433040926,42.62715778525735],[-71.30124764081084,42.62718626247241],[-71.3012526577062,42.62727591711184],[-71.30127193901104,42.62765992361959],[-71.30129076397618,42.62803994735553],[-71.301177486515,42.628335336833],[-71.30157337507381,42.62830990146568],[-71.3023354150926,42.62829279665804],[-71.3022345782191,42.6286480917137],[-71.3022713871345,42.62894827788788],[-71.30229217499931,42.62925039415093],[-71.30241218978964,42.63022152147659],[-71.30246882520892,42.63077684755609],[-71.30253036001174,42.63107774711941],[-71.30269470234647,42.63111730614751],[-71.30281435396454,42.63112297250021],[-71.30290831745896,42.6311122092095],[-71.30314316603223,42.6309064939368],[-71.30328062814984,42.63068782223392],[-71.30378321656839,42.63068990874174],[-71.3042708028498,42.63069421713359],[-71.30429178721272,42.63014103006166],[-71.30430874123721,42.63001251751913],[-71.30493419675635,42.63001804865402]]},"properties":{"id":"ma-cambridge-published-kmz-ff3dd5fc91447016053b","sourceId":"ma-cambridge-published-kmz","source":"Cambridge Network Solutions published KMZ","sourceUrl":"https://telecomramblings.com/files/media/CambridgeNetworkSolutions.kmz","name":"CNS in progress","carrier":"Cambridge Network Solutions (as published)","states":["MA"],"category":"planned","routeStatus":"In progress in undated source; current completion unknown","evidence":"publisher_route","retrievedAt":"2026-09-20T23:14:22.771276+00:00","dataDate":null,"metadataModified":null,"publishedLineParts":1,"networkType":"Published metro fiber; positional accuracy unverified","serviceability":"Unconfirmed","routeDiversity":"Unconfirmed"}},{"type":"Feature","bbox":[-71.30544389355973,42.62142028554869,-71.30208541534354,42.62309791985283],"geometry":{"type":"LineString","coordinates":[[-71.30255570805915,42.62309791985283],[-71.30226589997216,42.62268217547793],[-71.30208541534354,42.62241340069583],[-71.30242569076815,42.62228321800284],[-71.30431494954587,42.62169199184769],[-71.30482027224151,42.62160412996806],[-71.30511823106936,42.62151416993752],[-71.30544389355973,42.62142028554869]]},"properties":{"id":"ma-cambridge-published-kmz-4a000afbc08f0f4be07e","sourceId":"ma-cambridge-published-kmz","source":"Cambridge Network Solutions published KMZ","sourceUrl":"https://telecomramblings.com/files/media/CambridgeNetworkSolutions.kmz","name":"CNS in progress","carrier":"Cambridge Network Solutions (as published)","states":["MA"],"category":"planned","routeStatus":"In progress in undated source; current completion unknown","evidence":"publisher_route","retrievedAt":"2026-09-20T23:14:22.771276+00:00","dataDate":null,"metadataModified":null,"publishedLineParts":1,"networkType":"Published metro fiber; positional accuracy unverified","serviceability":"Unconfirmed","routeDiversity":"Unconfirmed"}},{"type":"Feature","bbox":[-71.32150618809813,42.53294509780029,-71.2834967713918,42.62142272974837],"geometry":{"type":"LineString","coordinates":[[-71.2834967713918,42.5437097584193],[-71.284549294533,42.54179755906634],[-71.2853179646095,42.54133246343399],[-71.28595933856774,42.54089058528331],[-71.28617787572374,42.54044566359055],[-71.2860173763423,42.53947400480779],[-71.28579296527751,42.53899364914891],[-71.2856699812646,42.53806024728278],[-71.28541210261416,42.53764539783574],[-71.2853829537302,42.53641427052464],[-71.28574693721961,42.53629714013815],[-71.28674196598394,42.53618047392284],[-71.2875773163051,42.53612069987033],[-71.28843747262285,42.53625334690135],[-71.2884434300217,42.53596354342254],[-71.28845331806016,42.53559421240991],[-71.28875323457295,42.53523793277703],[-71.28967372120778,42.53496315431413],[-71.29127747189861,42.53448036324292],[-71.29288300951224,42.53404771873939],[-71.29594767445245,42.53322142513236],[-71.2963965124324,42.53308221930094],[-71.29695056106766,42.53294509780029],[-71.29723548344839,42.53319163770846],[-71.29796001057838,42.5337504546782],[-71.29862272793312,42.53428667238015],[-71.29926403155723,42.53465351573436],[-71.30000092636854,42.53513881921678],[-71.30017279839302,42.5352775218001],[-71.30054402893661,42.5355681637388],[-71.30099909863594,42.53587490841423],[-71.30136931217773,42.53612951680826],[-71.30203074799248,42.53663827184025],[-71.30250443784033,42.53720169982005],[-71.30275605521258,42.53762265117872],[-71.30297228524576,42.53796764838636],[-71.30344699827077,42.53872965438649],[-71.30424187317566,42.53994933778635],[-71.30443698844947,42.54033429288273],[-71.3048075133065,42.54142803732197],[-71.30521193674586,42.54286203234856],[-71.30536701073136,42.54325061867743],[-71.30571650376531,42.54392285826847],[-71.3061285234717,42.54457997056825],[-71.30657316627523,42.54511295965636],[-71.30705926926545,42.54560252156541],[-71.30748049881612,42.54614304598129],[-71.30768349936757,42.54640639715193],[-71.30857779391312,42.54769211481948],[-71.309509350832,42.54907037645236],[-71.31005033534507,42.54986751141866],[-71.31061094604763,42.55056168919053],[-71.31134210039957,42.55140622182456],[-71.31172209256209,42.55191982792157],[-71.31203779494278,42.552250301424],[-71.31292202908874,42.55299742379731],[-71.31374362849948,42.55363145343085],[-71.31479845457106,42.55442539403028],[-71.31508371481561,42.55464366094046],[-71.3154382299346,42.55503940514836],[-71.31614549586554,42.55580800517311],[-71.31683521450523,42.55651782461049],[-71.31730238975946,42.5570356693965],[-71.31769571022403,42.55751096161407],[-71.31830860586926,42.55828875435421],[-71.31861052042181,42.55856005139997],[-71.31907593350662,42.55914791871031],[-71.32029193465934,42.56013981382542],[-71.32150618809813,42.56114271074042],[-71.3208691858924,42.56170581016826],[-71.32031322283154,42.56226374112099],[-71.31935953210024,42.56309755542115],[-71.3192594030253,42.56319815014767],[-71.31874670250438,42.56349349682137],[-71.31843033180168,42.56382635870284],[-71.31774215461449,42.56448347458088],[-71.31757926168892,42.56463109294567],[-71.31729386135248,42.5648657113427],[-71.31709964524634,42.5649799810145],[-71.31672349631957,42.56507392955003],[-71.31603344064504,42.56529130786237],[-71.31557438933518,42.56545612758833],[-71.31544856440715,42.56567510848094],[-71.31499064955561,42.56612164423324],[-71.31435529941211,42.56679942278825],[-71.31370112287645,42.56750249334267],[-71.31337778219985,42.56784733148195],[-71.31251763590244,42.56887138085796],[-71.31179386835635,42.56968975414886],[-71.31151379308186,42.57003753430809],[-71.31107048710672,42.57061225393304],[-71.31069958115884,42.57088609527001],[-71.31037400505505,42.57104817598194],[-71.30990847330014,42.57133564763576],[-71.30889385710914,42.57191773073267],[-71.30862571338389,42.5720730634127],[-71.30816741837658,42.5723158175156],[-71.30794284301169,42.57299906897087],[-71.30785617585957,42.57364016106198],[-71.30788110343393,42.57408848780209],[-71.30762143324996,42.57449400800042],[-71.3072643968629,42.57493772622112],[-71.3071131172198,42.57510856279792],[-71.30666908678776,42.57535035430407],[-71.30615730532138,42.57564558727245],[-71.3046835947473,42.57645835385174],[-71.30377703481238,42.57699144976256],[-71.30328446548592,42.57727689036653],[-71.30261430947415,42.57749645569282],[-71.30182287453631,42.57800014178466],[-71.3014830422529,42.57834887022256],[-71.30125453711167,42.57868376384656],[-71.30078942659331,42.57966984046354],[-71.30057688759189,42.5800708672901],[-71.30047709473435,42.58020555242418],[-71.30015551214935,42.58058669733907],[-71.29989478817426,42.58092541634361],[-71.29941429517689,42.58148728377976],[-71.2991892736523,42.58171623772345],[-71.29875700101425,42.58216215532835],[-71.29801477505129,42.58288412430494],[-71.29739690427584,42.58343493510088],[-71.29709780935114,42.58374751997896],[-71.29700663724012,42.58397372108218],[-71.2969783575897,42.58454943194801],[-71.2969687091868,42.58465148836744],[-71.29724645490549,42.58473590396915],[-71.29853773611524,42.58472122007409],[-71.2998779564375,42.58467702655491],[-71.30045099374921,42.58464476444366],[-71.30090075720035,42.58464220419885],[-71.30155194654228,42.58475266933455],[-71.30214594979597,42.58505780715835],[-71.30242808561209,42.58530079990215],[-71.30322569809897,42.58597872990605],[-71.30400356232013,42.58677634412439],[-71.30495374759228,42.58723155843195],[-71.3061490396205,42.58761698288551],[-71.3062709857761,42.58768191329316],[-71.30693795465693,42.58770700851034],[-71.3076161021962,42.58787552149237],[-71.30820818398323,42.58801314797808],[-71.30807703598188,42.58827004999129],[-71.3071181249007,42.58877718056463],[-71.30662360440293,42.58900637955309],[-71.30634215112852,42.58953379546483],[-71.30591008176279,42.5905367974447],[-71.30560488040241,42.59172541560707],[-71.30540826936277,42.59260848384712],[-71.30548132737314,42.5929231697624],[-71.30543772090621,42.59354572143101],[-71.30531124560608,42.59425679306492],[-71.3051664471433,42.59507536341578],[-71.30521610588735,42.59587906420926],[-71.30518827947694,42.59645030334355],[-71.30504871729262,42.5970986305277],[-71.30486470506399,42.59759422085682],[-71.30481303105456,42.59776255150477],[-71.3046804326969,42.59828212031375],[-71.3046909709134,42.59880635265345],[-71.30473624823644,42.59915291738529],[-71.3047953345584,42.59972664031845],[-71.30480712308838,42.60007082515993],[-71.30469905475807,42.60031242845196],[-71.30434486540409,42.60081249505677],[-71.30413440414779,42.60107464753487],[-71.3038809079039,42.60126760848572],[-71.303551076145,42.60149100860666],[-71.30304973491022,42.60165644338171],[-71.30269393038527,42.60188847723654],[-71.30220754231067,42.60213479584861],[-71.30185213851327,42.60235769065444],[-71.30143995135856,42.60265495647661],[-71.30102553674585,42.60300305965406],[-71.30075437992582,42.60322299349839],[-71.30056171419547,42.60357735044901],[-71.30025518869333,42.60394375380688],[-71.30003938455908,42.60425579037118],[-71.29975013390505,42.60454978391186],[-71.30015331275636,42.60476981532266],[-71.30067686149906,42.60517959163577],[-71.30093666222834,42.60547878694042],[-71.30113360247914,42.60574114340698],[-71.30141825865243,42.60601831959668],[-71.30200813312574,42.60656522333865],[-71.30244556279902,42.6068929244606],[-71.30321859784932,42.60714524035641],[-71.30387216096399,42.60731151806597],[-71.30426277743274,42.60753352341545],[-71.30445236236581,42.60789447448209],[-71.30469136792834,42.60814377984409],[-71.30463206036737,42.6083979106048],[-71.30370822939302,42.60874300402732],[-71.30314733929593,42.60898779933127],[-71.30227996320896,42.60933777544795],[-71.30172536089515,42.60968327694383],[-71.3019465402936,42.61034061692897],[-71.30217107507391,42.61105332450288],[-71.3025486656321,42.61210998884737],[-71.30284786325873,42.61300377924238],[-71.30314767699039,42.61389785012412],[-71.30341824321434,42.61477587053843],[-71.30374720221215,42.61585250647156],[-71.30404492691952,42.61681399511348],[-71.30434371205358,42.61779549692187],[-71.30439552152284,42.61804002062649],[-71.30427688275627,42.61817176585056],[-71.30442193306928,42.61851516293587],[-71.30474251371562,42.6195122975511],[-71.3048924150544,42.62003156028998],[-71.30503921005545,42.62003804089823],[-71.30522418114033,42.6206688812934],[-71.30544717304528,42.62142272974837]]},"properties":{"id":"ma-cambridge-published-kmz-90d8866f468f9e5cee20","sourceId":"ma-cambridge-published-kmz","source":"Cambridge Network Solutions published KMZ","sourceUrl":"https://telecomramblings.com/files/media/CambridgeNetworkSolutions.kmz","name":"CNS in progress","carrier":"Cambridge Network Solutions (as published)","states":["MA"],"category":"planned","routeStatus":"In progress in undated source; current completion unknown","evidence":"publisher_route","retrievedAt":"2026-09-20T23:14:22.771276+00:00","dataDate":null,"metadataModified":null,"publishedLineParts":1,"networkType":"Published metro fiber; positional accuracy unverified","serviceability":"Unconfirmed","routeDiversity":"Unconfirmed"}},{"type":"Feature","bbox":[-71.06049345321165,42.35258632391182,-71.05820431676689,42.35747814417349],"geometry":{"type":"LineString","coordinates":[[-71.05820431676689,42.35735202889826],[-71.05844513533927,42.35747814417349],[-71.05843745281057,42.35741479007979],[-71.0588888343272,42.35690525299592],[-71.05955773598181,42.35627415562105],[-71.06049345321165,42.35545561349478],[-71.05941622215198,42.3547262558379],[-71.05864182789442,42.35411179073414],[-71.05935974179192,42.35333113687835],[-71.05941889622672,42.35275897658446],[-71.05953093294431,42.35258632391182],[-71.05956763144823,42.35268187247237]]},"properties":{"id":"ma-cambridge-published-kmz-70d86d225733110de76d","sourceId":"ma-cambridge-published-kmz","source":"Cambridge Network Solutions published KMZ","sourceUrl":"https://telecomramblings.com/files/media/CambridgeNetworkSolutions.kmz","name":"CNS in progress","carrier":"Cambridge Network Solutions (as published)","states":["MA"],"category":"planned","routeStatus":"In progress in undated source; current completion unknown","evidence":"publisher_route","retrievedAt":"2026-09-20T23:14:22.771276+00:00","dataDate":null,"metadataModified":null,"publishedLineParts":1,"networkType":"Published metro fiber; positional accuracy unverified","serviceability":"Unconfirmed","routeDiversity":"Unconfirmed"}},{"type":"Feature","bbox":[-71.26051101762306,42.53109792295002,-71.26035615614317,42.53111093737425],"geometry":{"type":"LineString","coordinates":[[-71.26051101762306,42.53111093737425],[-71.26035615614317,42.53109792295002]]},"properties":{"id":"ma-cambridge-published-kmz-ec8bdedcf3817d59490f","sourceId":"ma-cambridge-published-kmz","source":"Cambridge Network Solutions published KMZ","sourceUrl":"https://telecomramblings.com/files/media/CambridgeNetworkSolutions.kmz","name":"CNS in progress","carrier":"Cambridge Network Solutions (as published)","states":["MA"],"category":"planned","routeStatus":"In progress in undated source; current completion unknown","evidence":"publisher_route","retrievedAt":"2026-09-20T23:14:22.771276+00:00","dataDate":null,"metadataModified":null,"publishedLineParts":1,"networkType":"Published metro fiber; positional accuracy unverified","serviceability":"Unconfirmed","routeDiversity":"Unconfirmed"}},{"type":"Feature","bbox":[-71.25460691518879,42.51151857521451,-71.23714216134336,42.52601411607077],"geometry":{"type":"LineString","coordinates":[[-71.25460691518879,42.52601411607077],[-71.25406734960394,42.52556852146047],[-71.25355280187584,42.52508790672753],[-71.2535012359354,42.52492159513436],[-71.25305548750535,42.52458437060263],[-71.25260617545102,42.52416498667542],[-71.25225211090768,42.52373209634916],[-71.25204254553012,42.5236698146366],[-71.25183848381744,42.52343341745932],[-71.25134707883781,42.52308376774471],[-71.25102758147307,42.52285123831706],[-71.25039211837328,42.52224218898158],[-71.25005476189796,42.52197858988309],[-71.24930024793305,42.52139064463648],[-71.24870896794758,42.52091704040106],[-71.24784276142815,42.52018744691084],[-71.24716312525128,42.51965165463487],[-71.24646706015045,42.5190917126391],[-71.24595161997172,42.51863625820569],[-71.24539394111318,42.51820977084164],[-71.24488281470727,42.51778416518066],[-71.24419941308798,42.51723204093653],[-71.24370012126613,42.51692552843084],[-71.24350507468877,42.51678222159946],[-71.24290144613828,42.51631393030569],[-71.24199029549877,42.51557325686219],[-71.24158245245121,42.51533709602246],[-71.24125595081104,42.51515427789722],[-71.24118345442963,42.51490379114048],[-71.24034300287454,42.51416573878489],[-71.23946311014755,42.51344330574991],[-71.23886632965672,42.51292369849425],[-71.23813362782656,42.51234406078126],[-71.23714216134336,42.51151857521451]]},"properties":{"id":"ma-cambridge-published-kmz-502a615321c72453cc21","sourceId":"ma-cambridge-published-kmz","source":"Cambridge Network Solutions published KMZ","sourceUrl":"https://telecomramblings.com/files/media/CambridgeNetworkSolutions.kmz","name":"CNS in progress","carrier":"Cambridge Network Solutions (as published)","states":["MA"],"category":"planned","routeStatus":"In progress in undated source; current completion unknown","evidence":"publisher_route","retrievedAt":"2026-09-20T23:14:22.771276+00:00","dataDate":null,"metadataModified":null,"publishedLineParts":1,"networkType":"Published metro fiber; positional accuracy unverified","serviceability":"Unconfirmed","routeDiversity":"Unconfirmed"}},{"type":"Feature","bbox":[-71.05466548526462,42.34806234093912,-71.0395711506274,42.35478821917661],"geometry":{"type":"LineString","coordinates":[[-71.05466548526462,42.35469218479629],[-71.05375195320747,42.35378345612689],[-71.05232351295732,42.35249013745383],[-71.05210933258263,42.35229051694596],[-71.05091048259327,42.35181828080353],[-71.05024944376687,42.35151849313685],[-71.04842477363016,42.35039202571385],[-71.04719467110891,42.34959069537219],[-71.04669422331708,42.34938595304858],[-71.04580411760621,42.34925002985263],[-71.04454462942071,42.34933116743907],[-71.0435642482248,42.34935283574992],[-71.04195042491631,42.34871026674487],[-71.04039888261687,42.34806234093912],[-71.0395711506274,42.34908267193426],[-71.04164749702088,42.34995535252451],[-71.04536440495431,42.35171830017608],[-71.04911145046684,42.3534659018674],[-71.05039604170435,42.35414837477154],[-71.0514256739249,42.35478821917661],[-71.05160966712201,42.35466843357475],[-71.05287400827486,42.35406147125926],[-71.05363212871603,42.35368421657323]]},"properties":{"id":"ma-cambridge-published-kmz-a5f74f72e29c0ede0004","sourceId":"ma-cambridge-published-kmz","source":"Cambridge Network Solutions published KMZ","sourceUrl":"https://telecomramblings.com/files/media/CambridgeNetworkSolutions.kmz","name":"CNS in progress","carrier":"Cambridge Network Solutions (as published)","states":["MA"],"category":"planned","routeStatus":"In progress in undated source; current completion unknown","evidence":"publisher_route","retrievedAt":"2026-09-20T23:14:22.771276+00:00","dataDate":null,"metadataModified":null,"publishedLineParts":1,"networkType":"Published metro fiber; positional accuracy unverified","serviceability":"Unconfirmed","routeDiversity":"Unconfirmed"}},{"type":"Feature","bbox":[-71.05223146252108,42.35479503977174,-71.05142479845085,42.35549425159216],"geometry":{"type":"LineString","coordinates":[[-71.05142479845085,42.35479503977174],[-71.05205626973596,42.35523470532833],[-71.05223146252108,42.35512083126251],[-71.05210374240552,42.35527477335202],[-71.05195309085725,42.35549425159216]]},"properties":{"id":"ma-cambridge-published-kmz-9515f616000d3d429d19","sourceId":"ma-cambridge-published-kmz","source":"Cambridge Network Solutions published KMZ","sourceUrl":"https://telecomramblings.com/files/media/CambridgeNetworkSolutions.kmz","name":"CNS in progress","carrier":"Cambridge Network Solutions (as published)","states":["MA"],"category":"planned","routeStatus":"In progress in undated source; current completion unknown","evidence":"publisher_route","retrievedAt":"2026-09-20T23:14:22.771276+00:00","dataDate":null,"metadataModified":null,"publishedLineParts":1,"networkType":"Published metro fiber; positional accuracy unverified","serviceability":"Unconfirmed","routeDiversity":"Unconfirmed"}},{"type":"Feature","bbox":[-71.07479098922049,42.34913387128968,-71.07412246263844,42.34998374643305],"geometry":{"type":"LineString","coordinates":[[-71.07472712406084,42.34913387128968],[-71.07446256894829,42.34916285406739],[-71.07479098922049,42.34984009514038],[-71.07431067592631,42.34997945275757],[-71.07412246263844,42.34998374643305]]},"properties":{"id":"ma-cambridge-published-kmz-5b8b0554d003b0259d36","sourceId":"ma-cambridge-published-kmz","source":"Cambridge Network Solutions published KMZ","sourceUrl":"https://telecomramblings.com/files/media/CambridgeNetworkSolutions.kmz","name":"CNS in progress","carrier":"Cambridge Network Solutions (as published)","states":["MA"],"category":"planned","routeStatus":"In progress in undated source; current completion unknown","evidence":"publisher_route","retrievedAt":"2026-09-20T23:14:22.771276+00:00","dataDate":null,"metadataModified":null,"publishedLineParts":1,"networkType":"Published metro fiber; positional accuracy unverified","serviceability":"Unconfirmed","routeDiversity":"Unconfirmed"}}]}