{"type":"FeatureCollection","features":[{"type":"Feature","geometry":{"type":"MultiLineString","coordinates":[[[-83.513742,42.277521],[-83.515861,42.277459],[-83.515862,42.277473],[-83.508931,42.277686],[-83.505046,42.277808]],[[-83.505365,42.275159],[-83.505399,42.276352],[-83.505481,42.277771],[-83.505065,42.27778],[-83.505026,42.277815]],[[-83.505357,42.2854],[-83.505271,42.282746],[-83.505126,42.280336],[-83.50509,42.278873],[-83.505083,42.278246],[-83.505038,42.277818]],[[-83.505318,42.289896],[-83.505464,42.29293],[-83.505362,42.290763],[-83.505256,42.288812],[-83.505467,42.288774],[-83.505392,42.287022],[-83.50532,42.285467],[-83.505351,42.285403]],[[-83.524036,42.313557],[-83.523262,42.313587],[-83.520691,42.313662],[-83.517961,42.313746],[-83.513898,42.313883],[-83.507719,42.314095]],[[-83.499932,42.307194],[-83.501726,42.307142],[-83.50369,42.307103],[-83.50468,42.307076],[-83.50632,42.307096],[-83.506664,42.307065],[-83.506616,42.306829],[-83.506639,42.306812]],[[-83.522997,42.306379],[-83.522185,42.3064],[-83.521595,42.306419],[-83.520594,42.306448],[-83.52058,42.306456]],[[-83.525861,42.303421],[-83.525992,42.306251],[-83.522999,42.306378]],[[-83.525147,42.288239],[-83.525246,42.290047],[-83.525421,42.293592],[-83.525411,42.294347],[-83.525432,42.295001],[-83.525534,42.296745],[-83.525627,42.298583],[-83.525817,42.302214],[-83.525861,42.303418]],[[-83.506209,42.297758],[-83.506271,42.298944],[-83.506429,42.302731],[-83.506526,42.305116],[-83.506633,42.306566],[-83.506626,42.306808]],[[-83.506283,42.297759],[-83.506209,42.297761]],[[-83.506573,42.303953],[-83.506574,42.303945],[-83.506478,42.30395]],[[-83.505996,42.292476],[-83.505992,42.293043],[-83.506023,42.293782],[-83.50616,42.296521],[-83.506176,42.297174],[-83.506171,42.297572],[-83.506283,42.299521],[-83.506384,42.302175],[-83.506456,42.303927],[-83.506551,42.305738],[-83.506612,42.306786],[-83.506628,42.306815]],[[-83.507844,42.290523],[-83.507509,42.290565],[-83.507434,42.29065],[-83.507413,42.290673],[-83.507395,42.290694],[-83.507327,42.290787],[-83.507321,42.290923],[-83.507326,42.291079],[-83.507323,42.291182],[-83.507298,42.29152],[-83.507192,42.292217],[-83.506866,42.292231],[-83.505995,42.292315],[-83.505999,42.292474]],[[-83.518773,42.320747],[-83.518049,42.320725],[-83.516548,42.320725],[-83.513437,42.320725],[-83.512137,42.320723],[-83.510801,42.320714],[-83.510118,42.320724],[-83.508709,42.320744],[-83.50742,42.320766],[-83.507399,42.321047],[-83.506948,42.32105]],[[-83.505373,42.320829],[-83.50598,42.3208],[-83.50651,42.320786],[-83.506937,42.320771],[-83.507382,42.320777],[-83.507364,42.321022],[-83.507003,42.321029],[-83.506951,42.321043]],[[-83.51427,42.33561],[-83.511895,42.335691],[-83.508358,42.33581],[-83.508365,42.336066],[-83.507776,42.336068],[-83.507764,42.336095]],[[-83.507087,42.336108],[-83.507755,42.336092]],[[-83.508028,42.348405],[-83.508035,42.347641],[-83.508026,42.347159],[-83.508012,42.346613],[-83.508008,42.345574],[-83.507998,42.344281],[-83.50797,42.343572],[-83.508007,42.34283],[-83.507962,42.342337],[-83.507915,42.340946],[-83.507894,42.339908],[-83.507847,42.337729],[-83.507821,42.336634],[-83.507764,42.336096]],[[-83.538935,42.334868],[-83.53993,42.334846],[-83.539911,42.335795],[-83.538657,42.335814],[-83.535206,42.33591],[-83.535165,42.335465],[-83.531888,42.335558],[-83.531069,42.335586],[-83.528577,42.335634],[-83.527994,42.335011]],[[-83.524473,42.274336],[-83.524464,42.273945],[-83.523765,42.273711],[-83.523629,42.273227],[-83.523732,42.272875],[-83.523681,42.271886],[-83.52365,42.270867],[-83.523596,42.269617],[-83.523588,42.269251],[-83.523554,42.26872],[-83.523496,42.267456],[-83.523478,42.267228],[-83.52342,42.265999],[-83.523354,42.264552],[-83.523287,42.263559],[-83.523266,42.262867],[-83.524138,42.262829]],[[-83.52414,42.26283],[-83.524211,42.262736],[-83.524226,42.262378],[-83.524183,42.262012],[-83.524138,42.261876],[-83.51649,42.264047],[-83.510247,42.265825],[-83.504944,42.267368]],[[-83.525799,42.300921],[-83.526012,42.306264],[-83.52305,42.306385],[-83.518831,42.306508],[-83.513573,42.306672],[-83.510949,42.306749],[-83.510317,42.306706],[-83.508196,42.306774],[-83.506645,42.306813]],[[-83.507762,42.336095],[-83.507685,42.334639],[-83.508012,42.33463],[-83.507993,42.334198],[-83.507821,42.331236],[-83.507743,42.328772]],[[-83.52799,42.335008],[-83.527713,42.334925],[-83.527415,42.32972],[-83.527392,42.328809],[-83.527357,42.328245],[-83.527188,42.328095],[-83.526617,42.328019],[-83.52465,42.328064],[-83.52382,42.328106],[-83.523187,42.328034],[-83.522456,42.327976],[-83.521264,42.327962],[-83.520021,42.327957],[-83.520126,42.328379],[-83.51933,42.328405],[-83.518819,42.328416],[-83.51192,42.328627],[-83.509156,42.328712],[-83.507741,42.328773]],[[-83.50774,42.32878],[-83.507697,42.328304],[-83.507635,42.327282],[-83.507605,42.326306],[-83.507582,42.32579],[-83.507558,42.325318],[-83.507513,42.324477],[-83.507468,42.323389],[-83.507438,42.322187],[-83.507402,42.321857],[-83.507333,42.321423],[-83.507334,42.321237],[-83.507364,42.321056],[-83.506946,42.321053]],[[-83.542288,42.294636],[-83.541039,42.294836],[-83.540149,42.29497],[-83.538517,42.295029],[-83.535236,42.295117],[-83.532256,42.29517],[-83.531663,42.29519],[-83.531518,42.295179],[-83.531128,42.295195],[-83.525501,42.295361],[-83.525629,42.298155],[-83.5258,42.300913]],[[-83.506638,42.306813],[-83.506686,42.307067],[-83.50668,42.307493],[-83.506714,42.308763],[-83.506769,42.309737],[-83.506963,42.31407],[-83.507728,42.314095],[-83.507718,42.314268],[-83.507661,42.314844],[-83.507874,42.319283],[-83.507204,42.319328],[-83.507299,42.320421],[-83.507309,42.320713],[-83.507401,42.32077],[-83.507392,42.321036],[-83.506955,42.321047]],[[-83.531181,42.421468],[-83.531202,42.422071],[-83.528978,42.42212],[-83.525692,42.422203],[-83.522488,42.4223],[-83.521983,42.422326],[-83.521336,42.422395],[-83.520765,42.422475],[-83.520369,42.4225],[-83.519888,42.422506],[-83.519122,42.422591],[-83.517162,42.422763],[-83.515453,42.422932],[-83.513926,42.42307],[-83.512537,42.42321],[-83.512199,42.42306],[-83.511557,42.423028],[-83.510994,42.423044],[-83.510425,42.423059],[-83.509438,42.423092],[-83.507333,42.423154],[-83.507088,42.423383],[-83.50641,42.423412],[-83.505162,42.423448],[-83.503036,42.423524],[-83.501916,42.42355],[-83.499881,42.423604],[-83.499719,42.423435]],[[-83.545022,42.421493],[-83.544403,42.421499],[-83.544189,42.421322],[-83.544153,42.420899],[-83.542465,42.4208],[-83.541114,42.421097],[-83.539878,42.420761],[-83.538689,42.420417],[-83.53743,42.420455],[-83.53618,42.421341],[-83.535315,42.421372],[-83.534298,42.4212],[-83.533299,42.421263],[-83.533264,42.42143],[-83.532043,42.421446],[-83.531183,42.42147]],[[-83.521214,42.42217],[-83.521483,42.422145],[-83.521632,42.422103],[-83.521617,42.421684],[-83.523024,42.421624],[-83.525663,42.421505],[-83.526043,42.421488],[-83.527456,42.421436],[-83.528037,42.421402],[-83.528175,42.421887],[-83.529941,42.421851],[-83.530211,42.421421],[-83.53118,42.421469]],[[-83.50187,42.440092],[-83.501867,42.439819],[-83.501843,42.43926],[-83.501835,42.438916],[-83.501804,42.438497],[-83.501809,42.438355],[-83.501792,42.43811],[-83.501724,42.437925],[-83.501613,42.437764],[-83.501754,42.437613],[-83.501724,42.437508],[-83.501634,42.437413],[-83.501443,42.437403],[-83.501295,42.43748],[-83.501268,42.437524],[-83.501173,42.437491],[-83.500942,42.437432],[-83.500631,42.437422],[-83.500477,42.437426],[-83.500457,42.437004]],[[-83.506261,42.438535],[-83.505506,42.43857],[-83.50543,42.437599],[-83.505354,42.436844],[-83.504994,42.43686],[-83.502326,42.436951],[-83.500462,42.437003]],[[-83.511383,42.412996],[-83.511345,42.412554],[-83.511311,42.411715],[-83.510979,42.411466],[-83.510958,42.410922],[-83.510896,42.410837],[-83.510863,42.410234],[-83.510837,42.409874],[-83.510769,42.408813],[-83.510672,42.408515]],[[-83.511378,42.413601],[-83.511382,42.412998]],[[-83.511194,42.415909],[-83.510603,42.415927],[-83.510614,42.415454],[-83.510616,42.414812],[-83.511091,42.414822],[-83.511425,42.414949],[-83.511409,42.414457],[-83.511375,42.413602]],[[-83.530718,42.407322],[-83.529991,42.407365],[-83.527138,42.407534],[-83.524736,42.407682]],[[-83.530414,42.401443],[-83.530466,42.402356],[-83.531542,42.402558],[-83.531586,42.403554],[-83.531781,42.407287],[-83.530713,42.407311]],[[-83.539334,42.407162],[-83.538243,42.407186],[-83.536444,42.407211],[-83.533582,42.407265],[-83.530795,42.407332],[-83.530719,42.407323]],[[-83.539105,42.403737],[-83.539233,42.404159],[-83.539337,42.404771],[-83.539365,42.405196],[-83.539323,42.405405],[-83.539228,42.406027],[-83.539102,42.406662],[-83.538689,42.406666],[-83.538691,42.407121],[-83.539323,42.407127],[-83.53933,42.407159]],[[-83.501053,42.403966],[-83.500979,42.403996],[-83.501208,42.404383],[-83.501297,42.404547],[-83.501393,42.404796],[-83.501484,42.405093],[-83.501549,42.405306],[-83.501629,42.40564],[-83.501778,42.406712],[-83.501917,42.407785],[-83.502002,42.408193],[-83.502116,42.408996],[-83.502194,42.409139]],[[-83.524732,42.407689],[-83.520798,42.407933],[-83.512156,42.408414],[-83.510698,42.408513]],[[-83.639764,42.446725],[-83.638463,42.446773],[-83.636539,42.446815],[-83.636022,42.446784],[-83.63436,42.44685],[-83.6327,42.446882],[-83.632207,42.446897],[-83.631117,42.446953],[-83.629958,42.447021],[-83.62931,42.447079],[-83.625898,42.4472],[-83.624419,42.447263],[-83.623376,42.447292],[-83.623427,42.447774],[-83.621003,42.447943],[-83.618298,42.448135],[-83.616086,42.448218],[-83.614875,42.448268],[-83.611179,42.448356],[-83.606425,42.448572],[-83.602921,42.448734],[-83.60224,42.448782],[-83.598669,42.448889],[-83.59673,42.448971],[-83.595735,42.449024],[-83.594882,42.449078],[-83.593379,42.449188],[-83.59255,42.449202],[-83.592499,42.448413],[-83.591676,42.448434],[-83.591436,42.448208],[-83.591341,42.447046],[-83.591269,42.44615],[-83.591161,42.444555],[-83.591106,42.443774],[-83.591678,42.443722],[-83.592111,42.442906],[-83.592152,42.441656],[-83.591914,42.441179],[-83.591812,42.440487],[-83.591502,42.438801],[-83.591266,42.437408],[-83.590882,42.436948],[-83.591083,42.43619],[-83.590952,42.433993],[-83.588411,42.4341],[-83.587924,42.434107],[-83.585709,42.434186],[-83.582821,42.434289],[-83.580002,42.434386],[-83.576875,42.434476],[-83.576372,42.434442],[-83.571031,42.434615],[-83.570461,42.434638],[-83.569946,42.434721],[-83.569364,42.434745],[-83.568812,42.43476],[-83.568171,42.434789],[-83.567703,42.434735],[-83.567184,42.434751],[-83.562222,42.434913],[-83.559428,42.435016],[-83.556827,42.435107],[-83.553075,42.435225],[-83.552561,42.435245],[-83.552047,42.435309],[-83.551743,42.435311],[-83.551236,42.435293],[-83.550754,42.435304],[-83.55015,42.435324],[-83.547284,42.435422],[-83.544927,42.435503],[-83.542646,42.435571],[-83.539987,42.435658],[-83.538899,42.435689],[-83.537743,42.435731],[-83.536596,42.435815],[-83.535511,42.435857],[-83.534957,42.435871],[-83.534511,42.435899],[-83.533823,42.435874],[-83.533242,42.43589],[-83.532633,42.435899],[-83.532043,42.435945],[-83.531071,42.435996],[-83.530173,42.435976],[-83.527381,42.436105],[-83.526432,42.436147],[-83.525766,42.436159],[-83.524969,42.436169],[-83.523283,42.436239],[-83.522305,42.436278],[-83.521373,42.436315],[-83.517336,42.436465],[-83.514249,42.436582],[-83.513656,42.436622],[-83.513032,42.436625],[-83.511151,42.43667],[-83.50866,42.436745],[-83.504997,42.43686],[-83.502898,42.436916],[-83.499842,42.437014],[-83.499223,42.437029],[-83.498954,42.437024],[-83.497354,42.437091],[-83.496273,42.437132],[-83.493321,42.437216],[-83.493305,42.437029],[-83.493285,42.437016]],[[-83.51621,42.350404],[-83.515596,42.350422],[-83.515014,42.350433],[-83.511915,42.350505],[-83.510711,42.35053],[-83.508893,42.350567]],[[-83.517484,42.357611],[-83.517034,42.357772],[-83.51634,42.358028],[-83.516414,42.358265],[-83.516578,42.358197]],[[-83.516277,42.355968],[-83.516492,42.355869],[-83.516848,42.355839],[-83.516975,42.356106],[-83.516902,42.356143],[-83.516802,42.356203],[-83.51683,42.356241],[-83.517023,42.356238],[-83.517126,42.356446],[-83.516958,42.356651],[-83.516672,42.3568],[-83.516796,42.356888],[-83.516996,42.357023],[-83.517295,42.357258],[-83.517534,42.357548],[-83.517483,42.35761]],[[-83.523784,42.359637],[-83.523846,42.359239],[-83.523957,42.359241],[-83.523964,42.358729],[-83.52416,42.358677],[-83.523818,42.357915],[-83.522929,42.357011],[-83.522699,42.356769],[-83.522609,42.356594],[-83.522829,42.3565],[-83.523076,42.356412],[-83.522802,42.355979],[-83.523109,42.355862]],[[-83.528116,42.35479],[-83.528106,42.354203],[-83.528625,42.353926],[-83.528623,42.353909],[-83.52768,42.354274],[-83.526057,42.354832]],[[-83.528126,42.355564],[-83.528104,42.354792]],[[-83.527965,42.350809],[-83.52801,42.352199],[-83.528048,42.353601],[-83.528099,42.354733],[-83.528108,42.354788]],[[-83.508872,42.364383],[-83.508901,42.365095],[-83.508927,42.36506]],[[-83.522086,42.364897],[-83.522139,42.364826],[-83.522215,42.364793]],[[-83.54041,42.364274],[-83.536466,42.364364]],[[-83.528441,42.368901],[-83.528771,42.368901],[-83.528703,42.367544],[-83.52853,42.367538]],[[-83.508275,42.363349],[-83.508669,42.363188],[-83.508838,42.363157]],[[-83.50285,42.365292],[-83.503372,42.36512],[-83.503961,42.364931],[-83.504225,42.364836],[-83.504499,42.364738],[-83.50507,42.364533],[-83.505608,42.364338],[-83.508273,42.363348]],[[-83.49746,42.367274],[-83.498143,42.367016],[-83.499292,42.3669],[-83.501522,42.366089],[-83.501894,42.365633],[-83.502847,42.36529]],[[-83.510354,42.377642],[-83.510168,42.377671],[-83.509928,42.37779]],[[-83.547392,42.34994],[-83.547344,42.349338],[-83.545763,42.349432],[-83.541801,42.349686],[-83.54013,42.349944],[-83.539286,42.349848],[-83.534838,42.351446],[-83.532165,42.352368],[-83.531337,42.352681],[-83.528099,42.353835],[-83.528161,42.354773],[-83.528109,42.354792]],[[-83.521459,42.376676],[-83.51834,42.376982],[-83.516146,42.377166],[-83.514308,42.377273],[-83.512508,42.377413],[-83.511975,42.377478],[-83.511417,42.377546],[-83.510357,42.377643],[-83.510142,42.377666],[-83.509513,42.377699],[-83.509184,42.377721],[-83.508564,42.37774],[-83.505473,42.377897],[-83.504442,42.37792],[-83.503112,42.377906],[-83.501277,42.377871]],[[-83.510341,42.377639],[-83.510147,42.377669],[-83.509929,42.377782]],[[-83.500248,42.377628],[-83.500297,42.377658],[-83.501256,42.377718],[-83.501281,42.377871]],[[-83.508892,42.350572],[-83.509012,42.350749],[-83.509211,42.351869],[-83.509273,42.352448],[-83.509374,42.353011],[-83.509925,42.353543],[-83.50996,42.354083],[-83.509314,42.354091],[-83.50862,42.354113],[-83.508163,42.354564],[-83.508187,42.354797],[-83.508295,42.356193],[-83.50835,42.35762],[-83.508418,42.358276],[-83.508489,42.358734],[-83.508552,42.358678],[-83.508608,42.358716]],[[-83.526057,42.354831],[-83.520004,42.356946],[-83.517686,42.357781],[-83.514983,42.358797],[-83.513614,42.359331],[-83.513178,42.359448],[-83.512607,42.359553],[-83.512149,42.359571],[-83.511693,42.359569],[-83.511295,42.359537],[-83.510928,42.359459],[-83.510627,42.35938],[-83.510132,42.359215],[-83.508975,42.358825],[-83.508602,42.35871]],[[-83.508923,42.365065],[-83.508935,42.364706],[-83.508848,42.363628],[-83.508839,42.363154],[-83.508829,42.362481],[-83.508766,42.360831],[-83.508713,42.359671],[-83.508648,42.358835],[-83.508603,42.358711]],[[-83.53217,42.364471],[-83.529083,42.364592],[-83.527189,42.364661],[-83.515655,42.364968],[-83.5121,42.365024],[-83.511015,42.365026],[-83.509313,42.365059],[-83.508923,42.365061]],[[-83.536463,42.364365],[-83.535628,42.364383],[-83.534739,42.364432],[-83.532168,42.364474]],[[-83.52923,42.382249],[-83.52918,42.381595],[-83.529126,42.379992],[-83.528962,42.376643],[-83.528915,42.374687],[-83.528805,42.372539],[-83.528713,42.371097],[-83.528695,42.370419],[-83.528642,42.3695],[-83.528587,42.368394],[-83.528534,42.367434],[-83.528484,42.366323],[-83.528452,42.365849],[-83.528387,42.364664],[-83.528309,42.364622]],[[-83.509755,42.387108],[-83.50977,42.386924],[-83.50981,42.385481],[-83.50987,42.384151],[-83.509883,42.382709],[-83.510007,42.380669],[-83.509966,42.378571],[-83.509889,42.37683],[-83.509803,42.373943],[-83.509776,42.373326],[-83.509662,42.372245],[-83.509396,42.369809],[-83.509263,42.368311],[-83.509035,42.366159],[-83.50895,42.365114],[-83.508918,42.365058]],[[-83.529242,42.375777],[-83.526731,42.375986],[-83.525441,42.376176],[-83.524232,42.376266],[-83.524244,42.376428],[-83.522898,42.37655],[-83.52146,42.376678]],[[-83.537835,42.375119],[-83.53664,42.375173],[-83.52924,42.375775]],[[-83.541686,42.374833],[-83.540835,42.374887],[-83.537835,42.375118]]]},"properties":{"id":"fna-member-routes-20260918-1d4d4a72d8cbd39fab90","sourceId":"fna-member-routes-20260918","source":"Fiber Network Alliance member fiber lines","sourceUrl":"https://www.fibernetworkalliance.com/membership-map-line/","name":"WOW-Detroit published routes","carrier":"WOW-Detroit","category":"unknown","routeStatus":"Status not established","evidence":"publisher_route","dataDate":null,"metadataModified":null,"retrievedAt":"2026-09-18T19:56:04.130240+00:00","networkType":"Published fiber route; precision and network class unverified","serviceability":"Unconfirmed","routeDiversity":"Unconfirmed","states":["MI"],"publishedLineParts":72},"bbox":[-83.639764,42.261876,-83.493285,42.449202]},{"type":"Feature","geometry":{"type":"MultiLineString","coordinates":[[[-83.29114,42.210909],[-83.291123,42.210388],[-83.291384,42.210194]],[[-83.254571,42.233797],[-83.25457,42.233913],[-83.254573,42.233958],[-83.254575,42.233999],[-83.25458,42.234021],[-83.254583,42.23404],[-83.25472,42.237578],[-83.254744,42.238743],[-83.254848,42.240458],[-83.254905,42.241267],[-83.255032,42.241584],[-83.2544,42.24154],[-83.252296,42.241635],[-83.252308,42.241983],[-83.250388,42.242066],[-83.250406,42.242583],[-83.250457,42.244125],[-83.250044,42.24414],[-83.250068,42.244438],[-83.250058,42.244578],[-83.250505,42.244558],[-83.250674,42.24522],[-83.250094,42.245253],[-83.2501,42.245708],[-83.250556,42.245678],[-83.250641,42.248464],[-83.250599,42.248525],[-83.250581,42.248689],[-83.250627,42.248945]],[[-83.291389,42.210193],[-83.291368,42.209508],[-83.287814,42.209667],[-83.287726,42.207144],[-83.287716,42.206774],[-83.287849,42.206721]],[[-83.287849,42.206722],[-83.288288,42.206711],[-83.288191,42.203732],[-83.288654,42.203711],[-83.289071,42.203688],[-83.290002,42.203641],[-83.290572,42.203612],[-83.290442,42.199631],[-83.290337,42.19798],[-83.290329,42.197421]],[[-83.272418,42.192587],[-83.272242,42.192685],[-83.27101,42.192707],[-83.26804,42.19283],[-83.268159,42.19522],[-83.268275,42.197117]],[[-83.268277,42.197122],[-83.268343,42.198282],[-83.268435,42.199206],[-83.268605,42.201325],[-83.268685,42.202153],[-83.268819,42.202294]],[[-83.265562,42.202405],[-83.26759,42.202351]],[[-83.267588,42.202349],[-83.267726,42.202348],[-83.268264,42.202169],[-83.268681,42.202162],[-83.26881,42.202307],[-83.269125,42.202305]],[[-83.295492,42.196178],[-83.295489,42.196645],[-83.29559,42.197267],[-83.293481,42.197329],[-83.291805,42.197371],[-83.291482,42.197397],[-83.289464,42.197433],[-83.288421,42.197462],[-83.287909,42.197584],[-83.287407,42.197589],[-83.28688,42.197505],[-83.285496,42.197552],[-83.285465,42.196614],[-83.283906,42.196654],[-83.283932,42.196974],[-83.283149,42.197001],[-83.283137,42.196634],[-83.282159,42.196679],[-83.282155,42.19703],[-83.281938,42.197037],[-83.279559,42.197126],[-83.277574,42.19718],[-83.277758,42.201948],[-83.277002,42.201975],[-83.27701,42.202095],[-83.275253,42.202139],[-83.273442,42.202189],[-83.270626,42.20227],[-83.26914,42.202314]],[[-83.269128,42.202315],[-83.268805,42.202317],[-83.268681,42.202171],[-83.268848,42.205085],[-83.268874,42.206634],[-83.26907,42.211781],[-83.267407,42.211863]],[[-83.267417,42.21186],[-83.267407,42.211861],[-83.267447,42.21262],[-83.263558,42.212721],[-83.263523,42.211977]],[[-83.263527,42.211974],[-83.257188,42.212147],[-83.256992,42.21241],[-83.257002,42.212846],[-83.254044,42.212964]],[[-83.25404,42.212968],[-83.254054,42.213098],[-83.254065,42.213858],[-83.254131,42.216873],[-83.254276,42.219644]],[[-83.25428,42.219632],[-83.254288,42.220319],[-83.254363,42.222247],[-83.254397,42.22379],[-83.254396,42.22571],[-83.254413,42.226331],[-83.254404,42.227081],[-83.254413,42.22795],[-83.254391,42.228281],[-83.254426,42.229016]],[[-83.254426,42.229021],[-83.254509,42.232583],[-83.254556,42.233211],[-83.254578,42.233787]],[[-83.287097,42.218823],[-83.287154,42.219713],[-83.287234,42.221912],[-83.287225,42.222364],[-83.287347,42.222771],[-83.287498,42.223275],[-83.287509,42.223671],[-83.287594,42.225495],[-83.28807,42.225493],[-83.288056,42.226118]],[[-83.288069,42.226119],[-83.288313,42.232184],[-83.288367,42.233213]],[[-83.288375,42.233217],[-83.288415,42.235104],[-83.287756,42.235097],[-83.287984,42.239071],[-83.288143,42.239835],[-83.288169,42.24052],[-83.288176,42.241696],[-83.288235,42.242773],[-83.288244,42.243311],[-83.288282,42.243853],[-83.288453,42.244064],[-83.286274,42.244102],[-83.284146,42.244179],[-83.28416,42.2451],[-83.284178,42.245973]],[[-83.284174,42.246418],[-83.284184,42.246268],[-83.284181,42.245976],[-83.283871,42.245985],[-83.279484,42.246106],[-83.277903,42.246152],[-83.276602,42.246201],[-83.276011,42.246207],[-83.273479,42.246293],[-83.272522,42.246328],[-83.271141,42.246364],[-83.270522,42.246382],[-83.270518,42.246323],[-83.270098,42.246328],[-83.269522,42.24648],[-83.269191,42.246483],[-83.26591,42.246563],[-83.262385,42.246638],[-83.260968,42.246666],[-83.25995,42.246695],[-83.260054,42.248589],[-83.260037,42.249183],[-83.26011,42.250289],[-83.260114,42.250892],[-83.260183,42.25215],[-83.259386,42.252193],[-83.259341,42.251917],[-83.259329,42.251596],[-83.259242,42.251266],[-83.258223,42.249309],[-83.258026,42.248995],[-83.257997,42.248997],[-83.257945,42.249],[-83.257915,42.249],[-83.257797,42.248997],[-83.257555,42.248995],[-83.257262,42.24904],[-83.256162,42.249089]],[[-83.255122,42.123668],[-83.254594,42.123671],[-83.254558,42.123952],[-83.248766,42.124045],[-83.246266,42.124132],[-83.246363,42.131206],[-83.246436,42.135478],[-83.246457,42.136389],[-83.246482,42.137742],[-83.247168,42.137734],[-83.247237,42.137797],[-83.247251,42.13824]],[[-83.25151,42.151849],[-83.25142,42.148729],[-83.251374,42.146713],[-83.251355,42.145587],[-83.251567,42.1455],[-83.2515,42.143391],[-83.251405,42.138817]]]},"properties":{"id":"fna-member-routes-20260918-a46020947357906d7283","sourceId":"fna-member-routes-20260918","source":"Fiber Network Alliance member fiber lines","sourceUrl":"https://www.fibernetworkalliance.com/membership-map-line/","name":"WOW-Detroit published routes","carrier":"WOW-Detroit","category":"unknown","routeStatus":"Status not established","evidence":"publisher_route","dataDate":null,"metadataModified":null,"retrievedAt":"2026-09-18T19:56:04.130240+00:00","networkType":"Published fiber route; precision and network class unverified","serviceability":"Unconfirmed","routeDiversity":"Unconfirmed","states":["MI"],"publishedLineParts":21},"bbox":[-83.29559,42.123668,-83.246266,42.252193]},{"type":"Feature","geometry":{"type":"MultiLineString","coordinates":[[[-83.461958,42.323322],[-83.462031,42.323289],[-83.461977,42.32241],[-83.46233,42.322388],[-83.464411,42.322327],[-83.467739,42.322217],[-83.474741,42.322112],[-83.476544,42.322094],[-83.477164,42.322092],[-83.477935,42.322058],[-83.47825,42.322019],[-83.478569,42.329191],[-83.478911,42.335451],[-83.479013,42.337985],[-83.479057,42.340809],[-83.479222,42.344023],[-83.479334,42.347272],[-83.479379,42.349366],[-83.479292,42.349872],[-83.479134,42.350584],[-83.479145,42.351095],[-83.478129,42.351147],[-83.478029,42.35115],[-83.476835,42.351191],[-83.476619,42.351394],[-83.475448,42.351417],[-83.473266,42.351468],[-83.470728,42.351519],[-83.469438,42.351558],[-83.469298,42.351539]],[[-83.446617,42.279053],[-83.446768,42.2794],[-83.447126,42.286647],[-83.447385,42.291918],[-83.447462,42.293582],[-83.447441,42.293655]],[[-83.474881,42.332197],[-83.474881,42.332112],[-83.476211,42.332098],[-83.476825,42.332088],[-83.478208,42.332067],[-83.478763,42.332054],[-83.47877,42.331847],[-83.478731,42.331123],[-83.478675,42.331122]],[[-83.481995,42.329808],[-83.480971,42.329817],[-83.480218,42.329822],[-83.478675,42.329839],[-83.478647,42.329503],[-83.478582,42.329485]],[[-83.478841,42.340509],[-83.479052,42.340491]],[[-83.478837,42.340176],[-83.478839,42.340507]],[[-83.486035,42.347913],[-83.486019,42.347656],[-83.485875,42.347661],[-83.485891,42.347927],[-83.485397,42.347933],[-83.485405,42.348179],[-83.485233,42.348038],[-83.485009,42.347861],[-83.484724,42.347708],[-83.484341,42.347591],[-83.482684,42.34763],[-83.480664,42.347653],[-83.479399,42.347671],[-83.479341,42.347617]],[[-83.475725,42.351176],[-83.476764,42.351173],[-83.476842,42.351191]],[[-83.469004,42.338768],[-83.469031,42.33879],[-83.46909,42.339596],[-83.469102,42.34062],[-83.469178,42.3422],[-83.469224,42.343067],[-83.469188,42.343116],[-83.469241,42.343155]],[[-83.464043,42.35147],[-83.463759,42.351677]],[[-83.461683,42.351538],[-83.461684,42.351538],[-83.463251,42.351492],[-83.464048,42.351469]],[[-83.460934,42.351554],[-83.461679,42.351538]],[[-83.460192,42.350981],[-83.460246,42.351569],[-83.460926,42.351554]],[[-83.45861,42.337317],[-83.459193,42.337276],[-83.459242,42.337873],[-83.459335,42.339657],[-83.459494,42.342588],[-83.459563,42.343905],[-83.459596,42.344422],[-83.459717,42.345651],[-83.459775,42.346817],[-83.459775,42.347463],[-83.459807,42.348103],[-83.460093,42.34809],[-83.46012,42.348684],[-83.460193,42.34989],[-83.460155,42.350439],[-83.460192,42.350979]],[[-83.434442,42.352222],[-83.434389,42.352436]],[[-83.434355,42.346068],[-83.434859,42.346056],[-83.434891,42.346683],[-83.434951,42.347552],[-83.435009,42.348653],[-83.435018,42.349221],[-83.435057,42.349822],[-83.435073,42.350315],[-83.435112,42.351086],[-83.435143,42.351985],[-83.435168,42.352187],[-83.43444,42.352225]],[[-83.430077,42.346195],[-83.43032,42.350298],[-83.430953,42.350281],[-83.431436,42.350267],[-83.431432,42.350173],[-83.431413,42.349939],[-83.43254,42.349919],[-83.433911,42.349892],[-83.434426,42.349887],[-83.434423,42.350211],[-83.435069,42.350186]],[[-83.478458,42.325817],[-83.478426,42.325817],[-83.478445,42.326132],[-83.478434,42.326142]],[[-83.49772,42.277997],[-83.496982,42.278011],[-83.496224,42.278039],[-83.495462,42.278056],[-83.495235,42.278086],[-83.494656,42.277994],[-83.494037,42.277924],[-83.494006,42.277938]],[[-83.484598,42.277468],[-83.484567,42.276768]],[[-83.47665,42.293005],[-83.476322,42.292928],[-83.474265,42.292956],[-83.473158,42.292982],[-83.473143,42.292594],[-83.473129,42.292447],[-83.473057,42.291248],[-83.473034,42.290744],[-83.473017,42.290232],[-83.472999,42.289887],[-83.472774,42.289888],[-83.472607,42.289895],[-83.472477,42.289895],[-83.472378,42.28987],[-83.472289,42.289827],[-83.47223,42.289765],[-83.4722,42.289695],[-83.472186,42.289556],[-83.47288,42.289525]],[[-83.464845,42.293196],[-83.465502,42.293179],[-83.465737,42.293169],[-83.466321,42.293155],[-83.466979,42.293141],[-83.46769,42.293125],[-83.468366,42.293122],[-83.468245,42.293197]],[[-83.465064,42.289535],[-83.465297,42.289611],[-83.465303,42.289702],[-83.465209,42.28973],[-83.465237,42.290528],[-83.46524,42.290684],[-83.465281,42.291377],[-83.465386,42.291453],[-83.465257,42.291592],[-83.464952,42.291931],[-83.464819,42.292035],[-83.464807,42.292119],[-83.464848,42.293193]],[[-83.467061,42.295025],[-83.467014,42.293918],[-83.466983,42.293159],[-83.467669,42.293144],[-83.468309,42.293137],[-83.468248,42.293177],[-83.468244,42.293195]],[[-83.486789,42.303762],[-83.486643,42.300274],[-83.486902,42.300244]],[[-83.487412,42.303887],[-83.487404,42.303741],[-83.48679,42.303765]],[[-83.485785,42.301195],[-83.485174,42.3012],[-83.484622,42.301219],[-83.484081,42.301234],[-83.482959,42.301244],[-83.482489,42.301114],[-83.482543,42.301286],[-83.482187,42.301299],[-83.482129,42.301136],[-83.482031,42.301139],[-83.480869,42.30117],[-83.480854,42.300783],[-83.480267,42.300802],[-83.480222,42.300302],[-83.483447,42.300265],[-83.486077,42.300195],[-83.486635,42.300188],[-83.486895,42.300246]],[[-83.486337,42.29345],[-83.486403,42.29512],[-83.486593,42.299268],[-83.486638,42.30026],[-83.486885,42.300236]],[[-83.490007,42.292381],[-83.489955,42.292504],[-83.489087,42.293144],[-83.489023,42.293128],[-83.488348,42.292825],[-83.488125,42.292772],[-83.487736,42.292752],[-83.487483,42.292759],[-83.487162,42.29279],[-83.48672,42.292797],[-83.486708,42.29251],[-83.486269,42.292534],[-83.486247,42.292807],[-83.486287,42.292806],[-83.486298,42.293072],[-83.486337,42.293448]],[[-83.478019,42.317294],[-83.477996,42.316795],[-83.477969,42.316786],[-83.477931,42.316138],[-83.477766,42.31604]],[[-83.47797,42.316808],[-83.477937,42.316788],[-83.477905,42.31615],[-83.477789,42.316072],[-83.477761,42.31604]],[[-83.475005,42.320135],[-83.475018,42.320806],[-83.475058,42.321731],[-83.475812,42.32173],[-83.475811,42.321592],[-83.475934,42.321485],[-83.47677,42.321472],[-83.476787,42.321701],[-83.477518,42.321699],[-83.477353,42.318779],[-83.477308,42.317318],[-83.477987,42.317289],[-83.47797,42.316806]],[[-83.493527,42.329489],[-83.493379,42.329489],[-83.493206,42.328906],[-83.493036,42.328563],[-83.492672,42.328524],[-83.491972,42.328526],[-83.491184,42.328558],[-83.491219,42.328683],[-83.491294,42.328973],[-83.491318,42.329119],[-83.491233,42.329465],[-83.491088,42.32943],[-83.490643,42.329297],[-83.490135,42.329166],[-83.489891,42.329133],[-83.489705,42.329115],[-83.489143,42.329129],[-83.488457,42.32915],[-83.488433,42.329056],[-83.488071,42.329042]],[[-83.487349,42.314822],[-83.487442,42.316538],[-83.487538,42.318483],[-83.487659,42.320888],[-83.48767,42.32116],[-83.487676,42.321315]],[[-83.498637,42.306846],[-83.497571,42.306888],[-83.497598,42.307247],[-83.499935,42.307194]],[[-83.500927,42.301189],[-83.500721,42.301686],[-83.500603,42.301895],[-83.500391,42.302186],[-83.500121,42.302467],[-83.499904,42.302636],[-83.499861,42.302761],[-83.499758,42.303121],[-83.499724,42.303358],[-83.49982,42.303661],[-83.499934,42.304071],[-83.499669,42.304355],[-83.498392,42.304422],[-83.498246,42.304185],[-83.497201,42.304488],[-83.497532,42.305085],[-83.497461,42.305157],[-83.496813,42.305042],[-83.496831,42.305301],[-83.496851,42.305881],[-83.496867,42.306284],[-83.496892,42.306628],[-83.497497,42.306612],[-83.497546,42.306754],[-83.497554,42.306866],[-83.497571,42.307261],[-83.499888,42.307204],[-83.499933,42.307193]],[[-83.46816,42.322649],[-83.468131,42.322182]],[[-83.466451,42.326259],[-83.46666,42.326258],[-83.46711,42.326249],[-83.467108,42.326154],[-83.467107,42.3259],[-83.467242,42.325899],[-83.467208,42.325416],[-83.465875,42.325447],[-83.465839,42.324984],[-83.465772,42.32367],[-83.465726,42.322595],[-83.467951,42.322515],[-83.46816,42.322646]],[[-83.465279,42.321918],[-83.467056,42.321834],[-83.468095,42.321829],[-83.468131,42.322181]],[[-83.465168,42.320453],[-83.465178,42.320557],[-83.465281,42.321917]],[[-83.475643,42.27434],[-83.475697,42.27446],[-83.475757,42.275289]],[[-83.475426,42.269162],[-83.475456,42.26949],[-83.475464,42.269927],[-83.475497,42.27076],[-83.475582,42.272376],[-83.475604,42.273141],[-83.475638,42.274338]],[[-83.49776,42.341016],[-83.497761,42.341172],[-83.497761,42.341394],[-83.497631,42.341478],[-83.497453,42.341491],[-83.496985,42.341507],[-83.496235,42.341522],[-83.495002,42.341566],[-83.493998,42.341624],[-83.493616,42.341669],[-83.493434,42.341738],[-83.493177,42.341942],[-83.492969,42.342164],[-83.492867,42.342349],[-83.492876,42.34265],[-83.492825,42.342844],[-83.492724,42.342914],[-83.491437,42.342962],[-83.491174,42.342866],[-83.491157,42.342619],[-83.490695,42.342634],[-83.490683,42.342668],[-83.490075,42.34267],[-83.490048,42.342151],[-83.489031,42.34218],[-83.489002,42.341461],[-83.488979,42.341413]],[[-83.478248,42.321993],[-83.477929,42.32203],[-83.477144,42.322063],[-83.472995,42.322103],[-83.470028,42.322157],[-83.467984,42.322184],[-83.465611,42.322268],[-83.461931,42.322387],[-83.461993,42.323262],[-83.461972,42.323293]],[[-83.475758,42.275289],[-83.475771,42.275929],[-83.475876,42.278043],[-83.476121,42.283347],[-83.476307,42.286625],[-83.476507,42.291182],[-83.476608,42.29257],[-83.476691,42.293417],[-83.47708,42.302147],[-83.47735,42.303919],[-83.477447,42.306006],[-83.477538,42.307231],[-83.476938,42.307541],[-83.47728,42.307531],[-83.47732,42.307888],[-83.477565,42.31224],[-83.477761,42.315968],[-83.477954,42.320299],[-83.478003,42.321184],[-83.478247,42.321992]],[[-83.486906,42.300242],[-83.486882,42.300248],[-83.486731,42.300354],[-83.486739,42.301484],[-83.486876,42.303495],[-83.486937,42.306315],[-83.486981,42.307296],[-83.48697,42.307559],[-83.483598,42.307619],[-83.47952,42.307697],[-83.47772,42.307765],[-83.477308,42.307801]],[[-83.487228,42.272163],[-83.486728,42.272242],[-83.48263,42.273394],[-83.47906,42.27439],[-83.477075,42.274921],[-83.476011,42.275173],[-83.475756,42.275292]],[[-83.504952,42.267356],[-83.49949,42.268801],[-83.49334,42.27046],[-83.48987,42.271411],[-83.487535,42.272038],[-83.487217,42.272162]],[[-83.487683,42.321312],[-83.48765,42.321324],[-83.487686,42.321787],[-83.486467,42.321817],[-83.483644,42.321876],[-83.480493,42.321947],[-83.478369,42.321995],[-83.478247,42.321986]],[[-83.468239,42.293197],[-83.468312,42.29319],[-83.470576,42.293139],[-83.474019,42.293048],[-83.476658,42.293008]],[[-83.506953,42.321046],[-83.50388,42.321177],[-83.500401,42.321405],[-83.497714,42.321549],[-83.493383,42.32178],[-83.490549,42.321983],[-83.488834,42.322103],[-83.487752,42.322137],[-83.487692,42.321311]],[[-83.505039,42.277821],[-83.498605,42.277984],[-83.495474,42.278076],[-83.495252,42.278104],[-83.494681,42.278012],[-83.494013,42.277942],[-83.491403,42.277549],[-83.488318,42.27711],[-83.487593,42.276947],[-83.484516,42.276512],[-83.484575,42.27677],[-83.481007,42.276236],[-83.478336,42.275868],[-83.478572,42.28023],[-83.478731,42.282968],[-83.478731,42.283215],[-83.478762,42.283378],[-83.476328,42.283439],[-83.476314,42.283441]],[[-83.493462,42.296026],[-83.49352,42.295605],[-83.491463,42.295191],[-83.489304,42.297616],[-83.489338,42.298031],[-83.489327,42.298674],[-83.489427,42.299981],[-83.48704,42.300057],[-83.48689,42.300267]],[[-83.488977,42.34143],[-83.488945,42.339319],[-83.488521,42.338851],[-83.488463,42.337782],[-83.488513,42.337013],[-83.488289,42.332952],[-83.488054,42.328797],[-83.487901,42.325901],[-83.48777,42.322797],[-83.487765,42.322675],[-83.487679,42.321311]],[[-83.489611,42.335829],[-83.488802,42.335854],[-83.488812,42.336161],[-83.488467,42.336181]],[[-83.468857,42.336607],[-83.46825,42.336839],[-83.467383,42.336887]],[[-83.468813,42.335636],[-83.468849,42.336132],[-83.46886,42.336607]],[[-83.458043,42.333334],[-83.459042,42.333327],[-83.45907,42.333907],[-83.459088,42.33397]],[[-83.449407,42.328537],[-83.449392,42.328181],[-83.449331,42.326963],[-83.448906,42.326923],[-83.448885,42.326409],[-83.448878,42.325404],[-83.448827,42.324282],[-83.448793,42.323709],[-83.448761,42.323161],[-83.448713,42.322807]],[[-83.451332,42.32105],[-83.450766,42.321068],[-83.449845,42.321108],[-83.448616,42.321167]],[[-83.458452,42.316615],[-83.458402,42.316034],[-83.458325,42.313844],[-83.458224,42.312292],[-83.458179,42.311236],[-83.457898,42.311244],[-83.457884,42.310638],[-83.457841,42.310008],[-83.457807,42.308799],[-83.457751,42.308228]],[[-83.433607,42.320258],[-83.433599,42.320708],[-83.433622,42.321149],[-83.433643,42.321589],[-83.433659,42.322054],[-83.433667,42.322499],[-83.433691,42.323243]],[[-83.468279,42.30794],[-83.467813,42.307946],[-83.466976,42.307963],[-83.46602,42.307999],[-83.464692,42.308065],[-83.463341,42.308083],[-83.462766,42.308102],[-83.460747,42.308164],[-83.458659,42.308222],[-83.457753,42.30823]],[[-83.432816,42.298088],[-83.432914,42.298863],[-83.432022,42.299073],[-83.431379,42.299111],[-83.431372,42.29822],[-83.431342,42.298033],[-83.431297,42.297796],[-83.431292,42.297453],[-83.431224,42.295494],[-83.431172,42.29451],[-83.431099,42.294451]],[[-83.426914,42.270244],[-83.426962,42.271527],[-83.426967,42.273103],[-83.427016,42.274212],[-83.427036,42.275102],[-83.427106,42.276578],[-83.427185,42.278374],[-83.427205,42.278589],[-83.427309,42.278794],[-83.430903,42.279146],[-83.430625,42.279378],[-83.430025,42.279321],[-83.429432,42.279268],[-83.429254,42.27926],[-83.427826,42.279108],[-83.427924,42.279462],[-83.42807,42.28074],[-83.428152,42.281945],[-83.428131,42.28284],[-83.428209,42.28343],[-83.428197,42.284669],[-83.428152,42.285491],[-83.427455,42.285481],[-83.42722,42.28567],[-83.427312,42.287548],[-83.427324,42.288002],[-83.42738,42.289415],[-83.427466,42.292147],[-83.427787,42.292242],[-83.42781,42.292831],[-83.427873,42.293929],[-83.427876,42.294265],[-83.427557,42.29477],[-83.427978,42.294763],[-83.429215,42.294637],[-83.430434,42.294482],[-83.431097,42.294444]],[[-83.437005,42.281642],[-83.436836,42.279947],[-83.430661,42.279379],[-83.430923,42.279165],[-83.43091,42.279141]],[[-83.430477,42.308752],[-83.434861,42.308649],[-83.438048,42.30858],[-83.43827,42.308691]],[[-83.457703,42.301205],[-83.457724,42.301662],[-83.457889,42.304974],[-83.457993,42.306491],[-83.458049,42.307835],[-83.458071,42.308204],[-83.457783,42.308212],[-83.457749,42.308224]],[[-83.45609,42.285615],[-83.456068,42.284894],[-83.456035,42.284041],[-83.456021,42.283369],[-83.455891,42.283369],[-83.455893,42.283282],[-83.456005,42.282634],[-83.455998,42.282544],[-83.455959,42.281477],[-83.45594,42.281039],[-83.455845,42.280938],[-83.455812,42.279883],[-83.455775,42.279079],[-83.455584,42.278495],[-83.455861,42.277917],[-83.455828,42.277598],[-83.455793,42.27728],[-83.455754,42.277021]],[[-83.448765,42.322817],[-83.450943,42.322762],[-83.45756,42.322545],[-83.461902,42.322413],[-83.461968,42.323262],[-83.46195,42.323286]],[[-83.46738,42.33689],[-83.466229,42.336935],[-83.461143,42.337124],[-83.459238,42.337193],[-83.459128,42.334761],[-83.458915,42.330509],[-83.458771,42.327534],[-83.458624,42.324801],[-83.458572,42.323627],[-83.45884,42.322505]],[[-83.433688,42.323251],[-83.434045,42.323233],[-83.438236,42.323161],[-83.442426,42.322976],[-83.447724,42.322843],[-83.448408,42.322813],[-83.448754,42.322809]],[[-83.447991,42.308278],[-83.448003,42.30866],[-83.448188,42.312028],[-83.448425,42.317504],[-83.448599,42.320843],[-83.448695,42.322405],[-83.448709,42.322783]],[[-83.438273,42.308679],[-83.43845,42.308772],[-83.441304,42.308692],[-83.444131,42.308607],[-83.446942,42.308515],[-83.448094,42.3085],[-83.448058,42.308402],[-83.447992,42.308272]],[[-83.457757,42.308231],[-83.457618,42.308203],[-83.456696,42.308223],[-83.451316,42.308392],[-83.449391,42.308448],[-83.448149,42.308498],[-83.448007,42.308282]],[[-83.384874,42.280934],[-83.387107,42.280871],[-83.392082,42.280851],[-83.393933,42.280801],[-83.39563,42.28122],[-83.396633,42.28127],[-83.398492,42.281169],[-83.405977,42.279756],[-83.41377,42.2782],[-83.415301,42.27803],[-83.416794,42.278038],[-83.425361,42.278872],[-83.43266,42.279582],[-83.439864,42.280233],[-83.441475,42.280233],[-83.441951,42.280153],[-83.446606,42.279067]],[[-83.431153,42.294447],[-83.431095,42.29445],[-83.431426,42.294457],[-83.431435,42.294341],[-83.432633,42.294325],[-83.4327,42.294071],[-83.434717,42.294017],[-83.437543,42.29393],[-83.437841,42.294009],[-83.437827,42.294205],[-83.437797,42.294377],[-83.437981,42.300207],[-83.43805,42.302227],[-83.438188,42.305377],[-83.4382,42.305855],[-83.438218,42.30634],[-83.437975,42.306306],[-83.438045,42.307915],[-83.438083,42.30857],[-83.438267,42.308689]],[[-83.446612,42.269298],[-83.44674,42.27166],[-83.446868,42.275447],[-83.446964,42.278247],[-83.447005,42.278941],[-83.446606,42.279053]],[[-83.456268,42.275532],[-83.456256,42.275866],[-83.45624,42.276348],[-83.456243,42.276966],[-83.454973,42.277112],[-83.454557,42.277155],[-83.453356,42.277295],[-83.452579,42.277382],[-83.451608,42.277497],[-83.451642,42.277866],[-83.450538,42.278129],[-83.447956,42.278733],[-83.446617,42.279071]],[[-83.45719,42.297158],[-83.45706,42.296684],[-83.45693,42.296341],[-83.45691,42.295879],[-83.456857,42.295026],[-83.456888,42.294178],[-83.456868,42.293686],[-83.452106,42.293811],[-83.449299,42.293856],[-83.447827,42.293918],[-83.447449,42.293921],[-83.447443,42.29365]],[[-83.447422,42.29365],[-83.44742,42.293924],[-83.447512,42.296045],[-83.447565,42.297725],[-83.447706,42.300517],[-83.447778,42.302307],[-83.447829,42.302866],[-83.447836,42.303419],[-83.447974,42.307102],[-83.447995,42.308273]],[[-83.31197,42.48388],[-83.311542,42.483884],[-83.311623,42.485594],[-83.312796,42.485561],[-83.312729,42.485579]],[[-83.312742,42.48558],[-83.308242,42.485728],[-83.301432,42.485931],[-83.294324,42.486115],[-83.292405,42.486144],[-83.29043,42.486245],[-83.289476,42.485413],[-83.289178,42.485083],[-83.288968,42.484747],[-83.287944,42.483019],[-83.286766,42.481093],[-83.285867,42.479809],[-83.285302,42.479512],[-83.284599,42.479292],[-83.283721,42.479097],[-83.283305,42.479095],[-83.282043,42.479143],[-83.279594,42.479197],[-83.279209,42.479274],[-83.279219,42.477948],[-83.279135,42.475742],[-83.278939,42.472161],[-83.278853,42.471876],[-83.272621,42.472039],[-83.265511,42.472197],[-83.260989,42.472293],[-83.260574,42.47228]],[[-83.259964,42.458392],[-83.259932,42.457688],[-83.260197,42.457695],[-83.260118,42.456538],[-83.26002,42.454257],[-83.259981,42.45302],[-83.259955,42.45137],[-83.259877,42.450148],[-83.259762,42.449094],[-83.259758,42.448861],[-83.259763,42.448294],[-83.259404,42.446047],[-83.259244,42.445034],[-83.259031,42.443911],[-83.259011,42.443132],[-83.257674,42.44318],[-83.255089,42.443248],[-83.255089,42.443064],[-83.255026,42.441743],[-83.253842,42.44178],[-83.253855,42.441601],[-83.253707,42.438229],[-83.253521,42.43311],[-83.253375,42.429434],[-83.253261,42.429078],[-83.253193,42.423858],[-83.253046,42.420578],[-83.252724,42.41641],[-83.252686,42.415968],[-83.252549,42.414624],[-83.2534,42.414629],[-83.255177,42.414566],[-83.256422,42.414546],[-83.25733,42.414534]],[[-83.25733,42.414532],[-83.258474,42.414528],[-83.259395,42.414528],[-83.260738,42.414526],[-83.260873,42.414654],[-83.261518,42.414649],[-83.262496,42.414682],[-83.264254,42.414744],[-83.264465,42.414863],[-83.265948,42.414846],[-83.270907,42.414763],[-83.276691,42.414652],[-83.277831,42.414615],[-83.288723,42.414301],[-83.296056,42.4141],[-83.299509,42.413952],[-83.304531,42.413743],[-83.307358,42.413626],[-83.311537,42.413448],[-83.314468,42.413354],[-83.31846,42.413173],[-83.32025,42.413097],[-83.323014,42.413035],[-83.329072,42.412892],[-83.332558,42.41279],[-83.333789,42.412769],[-83.334949,42.412734]],[[-83.334938,42.412736],[-83.335395,42.412707],[-83.346238,42.412429],[-83.353874,42.412247],[-83.356304,42.412191],[-83.361529,42.412058],[-83.364796,42.411976],[-83.372048,42.411788],[-83.37303,42.411765],[-83.373221,42.411783],[-83.373999,42.411764],[-83.374508,42.411729]],[[-83.374507,42.411729],[-83.383246,42.411526],[-83.3872,42.411442],[-83.389979,42.411357],[-83.390174,42.411139],[-83.392446,42.411088],[-83.396415,42.411018],[-83.398205,42.411005],[-83.404385,42.410944],[-83.408144,42.410849],[-83.410144,42.410794],[-83.411523,42.410685],[-83.413073,42.410645],[-83.413261,42.41059]],[[-83.413262,42.410618],[-83.413017,42.405055],[-83.412542,42.395396],[-83.412184,42.38797],[-83.411978,42.384036],[-83.41177,42.38089],[-83.411235,42.368265],[-83.407867,42.367632],[-83.407866,42.368624]],[[-83.48178,42.432702],[-83.481782,42.432654],[-83.481369,42.432667],[-83.481252,42.432646],[-83.481224,42.43249],[-83.481149,42.432269],[-83.480913,42.431992],[-83.480638,42.431783],[-83.480061,42.43174],[-83.478884,42.431788],[-83.478861,42.431494],[-83.478804,42.430282],[-83.478623,42.429962],[-83.478489,42.429006],[-83.478069,42.428988],[-83.478047,42.428843],[-83.476176,42.429058],[-83.476074,42.428508],[-83.475907,42.427976],[-83.475604,42.427172],[-83.475466,42.426779],[-83.475413,42.426726],[-83.474502,42.426912],[-83.474153,42.425894],[-83.473979,42.425388]],[[-83.473988,42.425386],[-83.473917,42.425341],[-83.473558,42.424273],[-83.47148,42.424154],[-83.47159,42.4231]],[[-83.482598,42.432699],[-83.482462,42.432784],[-83.481942,42.432779],[-83.48178,42.432701]],[[-83.483489,42.432773],[-83.483102,42.432667],[-83.482597,42.432701]],[[-83.47151,42.42309],[-83.471416,42.424162]],[[-83.471413,42.424154],[-83.471275,42.424086],[-83.470922,42.424073],[-83.469212,42.423964],[-83.465511,42.423768],[-83.462773,42.423626],[-83.460957,42.423662],[-83.4568,42.423743],[-83.452082,42.423817],[-83.445698,42.424008],[-83.443199,42.424089],[-83.442407,42.424132],[-83.436548,42.424736],[-83.435468,42.424815],[-83.434665,42.424843],[-83.432761,42.424831],[-83.43097,42.424795],[-83.427097,42.424853],[-83.423116,42.424958],[-83.420173,42.425044],[-83.420167,42.4253],[-83.416819,42.425346],[-83.414288,42.425412],[-83.413858,42.425454],[-83.413801,42.422842],[-83.413677,42.42014],[-83.413597,42.417246],[-83.413469,42.414246],[-83.413407,42.412553],[-83.413347,42.411863],[-83.413304,42.41128],[-83.413262,42.410604]],[[-83.458623,42.395728],[-83.458425,42.395711],[-83.454675,42.395605],[-83.45251,42.395538],[-83.451594,42.395505],[-83.449607,42.395536],[-83.443047,42.395733],[-83.441179,42.39579],[-83.437972,42.395945],[-83.434069,42.396141],[-83.432667,42.396165],[-83.429873,42.396123],[-83.421962,42.396272],[-83.415794,42.39642],[-83.41259,42.396518]],[[-83.438914,42.395962],[-83.438442,42.395987],[-83.43856,42.395913]],[[-83.436085,42.425001],[-83.435963,42.424779]],[[-83.436793,42.424946],[-83.436083,42.425]],[[-83.453169,42.42883],[-83.452708,42.428833],[-83.451842,42.428847],[-83.451747,42.426637],[-83.451658,42.424821],[-83.451418,42.424811],[-83.448472,42.424926],[-83.446448,42.424954],[-83.446147,42.425019],[-83.44538,42.425046],[-83.445386,42.425218],[-83.444738,42.425197],[-83.444477,42.42509],[-83.443235,42.425116],[-83.442394,42.425117],[-83.441435,42.425201],[-83.439673,42.425387],[-83.43863,42.425493],[-83.438404,42.425456],[-83.437631,42.425536],[-83.437351,42.425565],[-83.437342,42.425025],[-83.437246,42.424918],[-83.4368,42.424944]],[[-83.442228,42.413024],[-83.442145,42.412419],[-83.442107,42.41118],[-83.441946,42.410879]]]},"properties":{"id":"fna-member-routes-20260918-dcfda22d1d85432839bb","sourceId":"fna-member-routes-20260918","source":"Fiber Network Alliance member fiber lines","sourceUrl":"https://www.fibernetworkalliance.com/membership-map-line/","name":"WOW-Detroit published routes","carrier":"WOW-Detroit","category":"unknown","routeStatus":"Status not established","evidence":"publisher_route","dataDate":null,"metadataModified":null,"retrievedAt":"2026-09-18T19:56:04.130240+00:00","networkType":"Published fiber route; precision and network class unverified","serviceability":"Unconfirmed","routeDiversity":"Unconfirmed","states":["MI"],"publishedLineParts":100},"bbox":[-83.506953,42.267356,-83.252549,42.486245]},{"type":"Feature","geometry":{"type":"MultiLineString","coordinates":[[[-83.440658,42.406835],[-83.440831,42.407361],[-83.440867,42.407391],[-83.441327,42.407399],[-83.442702,42.407441],[-83.44311,42.407452],[-83.443226,42.40746],[-83.443426,42.407494],[-83.443507,42.407511],[-83.443601,42.407517],[-83.443641,42.407509],[-83.443783,42.407435],[-83.443987,42.407328],[-83.444216,42.407208],[-83.444573,42.407031],[-83.445233,42.406842],[-83.445444,42.406817],[-83.44565,42.406808],[-83.445963,42.406809],[-83.446124,42.406804],[-83.446281,42.406825],[-83.446284,42.407024],[-83.446295,42.40711],[-83.446325,42.4072],[-83.446331,42.407286],[-83.446343,42.407642],[-83.446344,42.407908],[-83.446322,42.408171],[-83.446334,42.40828],[-83.446375,42.408394],[-83.446382,42.408517],[-83.446401,42.408637],[-83.446453,42.409674],[-83.446479,42.410148],[-83.446887,42.410156],[-83.446909,42.410369],[-83.446913,42.410474],[-83.446924,42.410637],[-83.446947,42.410832],[-83.446942,42.410903]],[[-83.452583,42.414085],[-83.452556,42.41335],[-83.452515,42.412608],[-83.452449,42.411169],[-83.452377,42.410914]],[[-83.454682,42.410849],[-83.452378,42.410908]],[[-83.462453,42.410631],[-83.461713,42.410651],[-83.45895,42.410712],[-83.454683,42.410845]],[[-83.456985,42.396154],[-83.458692,42.396195],[-83.461538,42.39628],[-83.461525,42.395841],[-83.461524,42.395639],[-83.461103,42.395564],[-83.460439,42.395549],[-83.458685,42.395521],[-83.458591,42.395725]],[[-83.462075,42.402264],[-83.462012,42.4017],[-83.461947,42.400722],[-83.461855,42.399567],[-83.461785,42.399099],[-83.462324,42.399069],[-83.462342,42.397908],[-83.46235,42.396885],[-83.461608,42.396838],[-83.461528,42.396281]],[[-83.435579,42.410676],[-83.434622,42.410625],[-83.432753,42.410562],[-83.43205,42.410499],[-83.430941,42.410436],[-83.430066,42.410385],[-83.428992,42.410386],[-83.424549,42.41046],[-83.420086,42.410507],[-83.414907,42.410602],[-83.414001,42.410578],[-83.413254,42.410602]],[[-83.446928,42.410916],[-83.446117,42.410913],[-83.444057,42.410888],[-83.441972,42.410872],[-83.441238,42.410843],[-83.438944,42.410757],[-83.437828,42.410707],[-83.436028,42.410637],[-83.435569,42.410674]],[[-83.452378,42.410915],[-83.451833,42.410929],[-83.44966,42.410915],[-83.448996,42.410915],[-83.446922,42.410912]],[[-83.460456,42.437975],[-83.466347,42.437779],[-83.467998,42.437721],[-83.468453,42.437779],[-83.470511,42.437699],[-83.471394,42.43766],[-83.471759,42.437736],[-83.472894,42.437722],[-83.473588,42.43771],[-83.473792,42.43771],[-83.473978,42.437645],[-83.474152,42.437579],[-83.474158,42.437579],[-83.478152,42.437512],[-83.47835,42.437634],[-83.478395,42.437645]],[[-83.486819,42.427307],[-83.487175,42.427276],[-83.487583,42.427241],[-83.487993,42.427277],[-83.489668,42.426689],[-83.490209,42.42647],[-83.490937,42.426122],[-83.491152,42.426643],[-83.490635,42.426877],[-83.490469,42.427081],[-83.49049,42.428008],[-83.490567,42.42888],[-83.490166,42.428894],[-83.489602,42.428914],[-83.489706,42.430029],[-83.48976,42.430787],[-83.489679,42.430798]],[[-83.497434,42.429815],[-83.497221,42.429812]],[[-83.501583,42.42697],[-83.500725,42.426971],[-83.500374,42.426948],[-83.499327,42.426979],[-83.498214,42.427022],[-83.497287,42.427075],[-83.497072,42.427136]],[[-83.499708,42.423442],[-83.499867,42.423612],[-83.498724,42.423646],[-83.496778,42.423707],[-83.496862,42.425028],[-83.496987,42.426309],[-83.497071,42.427138]],[[-83.493289,42.437017],[-83.491993,42.437062],[-83.49148,42.437099],[-83.490108,42.435977],[-83.488309,42.43477],[-83.487161,42.434088],[-83.486831,42.433752],[-83.485834,42.433258],[-83.485451,42.433072],[-83.485009,42.432968],[-83.484489,42.432902],[-83.483482,42.432781]],[[-83.493761,42.444327],[-83.493718,42.443392],[-83.493664,42.442565],[-83.493498,42.440195],[-83.493424,42.438968],[-83.493302,42.437242]],[[-83.500465,42.437005],[-83.499135,42.437037],[-83.498832,42.437053],[-83.496186,42.437148],[-83.493299,42.437231],[-83.493286,42.437011]],[[-83.497072,42.42714],[-83.497243,42.430264],[-83.497094,42.430565],[-83.496262,42.430588],[-83.494132,42.430598],[-83.494011,42.428901]],[[-83.493994,42.428896],[-83.494069,42.43018],[-83.494082,42.430434],[-83.49411,42.4306],[-83.49209,42.430614],[-83.491117,42.430687],[-83.489736,42.430799],[-83.486549,42.430989],[-83.486839,42.433749]],[[-83.479145,42.44327],[-83.479193,42.442773],[-83.479205,42.4426],[-83.479136,42.44139],[-83.479116,42.440737],[-83.479045,42.439919],[-83.479034,42.43942],[-83.478999,42.438724],[-83.478931,42.43807],[-83.478418,42.438091],[-83.478395,42.437644],[-83.47817,42.43751],[-83.478205,42.437327],[-83.478153,42.436606],[-83.478094,42.435894],[-83.482615,42.435774],[-83.482612,42.435485],[-83.482493,42.434997],[-83.482463,42.434479],[-83.482915,42.434449],[-83.483117,42.434394],[-83.483122,42.433269],[-83.483101,42.433007],[-83.483085,42.432674],[-83.483473,42.432786]],[[-83.472664,42.419429],[-83.47228,42.418904],[-83.47197,42.418434],[-83.471745,42.418083],[-83.471608,42.417819],[-83.471277,42.417906]],[[-83.482058,42.409437],[-83.482058,42.409759],[-83.48206,42.410137],[-83.482459,42.410124]],[[-83.482071,42.402294],[-83.482123,42.402983],[-83.482131,42.403479],[-83.482216,42.40421],[-83.481878,42.405029],[-83.481961,42.406864],[-83.482,42.407501],[-83.482053,42.40871],[-83.482077,42.409414],[-83.482078,42.410122],[-83.482461,42.41012]],[[-83.488762,42.418188],[-83.484729,42.418287],[-83.482498,42.418345],[-83.482547,42.416065],[-83.482554,42.414803],[-83.48253,42.413539],[-83.482512,42.412149],[-83.482442,42.410682],[-83.482441,42.410148]],[[-83.47355,42.424219],[-83.473427,42.424263],[-83.471517,42.424143],[-83.471619,42.423083]],[[-83.482464,42.410134],[-83.481064,42.410182],[-83.478147,42.410273],[-83.477699,42.410331],[-83.474078,42.41041],[-83.471759,42.410452],[-83.46898,42.410564]],[[-83.468975,42.410564],[-83.469014,42.410903],[-83.469061,42.411255],[-83.470159,42.415021],[-83.471415,42.418267],[-83.47212,42.420215],[-83.472671,42.42172],[-83.473144,42.4231],[-83.473554,42.424221]],[[-83.510698,42.408516],[-83.509825,42.408582],[-83.507219,42.408764],[-83.502218,42.40914],[-83.501102,42.40922],[-83.500234,42.409275],[-83.495917,42.409584],[-83.492589,42.409802],[-83.491703,42.409853],[-83.486808,42.410029],[-83.484774,42.410081],[-83.482467,42.41013]],[[-83.493289,42.437035],[-83.49307,42.437042],[-83.492991,42.437043],[-83.492906,42.437047],[-83.492872,42.437049],[-83.492833,42.43705],[-83.491481,42.437117],[-83.49011,42.435991],[-83.489833,42.435806],[-83.488706,42.435049],[-83.488074,42.434644],[-83.487152,42.434106],[-83.486817,42.43376],[-83.485433,42.433081],[-83.484999,42.432975],[-83.484903,42.432964],[-83.483476,42.432788]],[[-83.468133,42.393703],[-83.468043,42.39362],[-83.467748,42.393365],[-83.466309,42.391998],[-83.466003,42.391735],[-83.4658,42.391565],[-83.465395,42.391818],[-83.464634,42.392305],[-83.463571,42.392305],[-83.462207,42.392299],[-83.461239,42.392287],[-83.461355,42.392651],[-83.461466,42.394602],[-83.461522,42.395609],[-83.461087,42.395532],[-83.458645,42.39551],[-83.458591,42.395721]],[[-83.38753,42.276048],[-83.387558,42.276109],[-83.387063,42.277072],[-83.386494,42.278103],[-83.386196,42.278614],[-83.386062,42.278797],[-83.385992,42.278883],[-83.385521,42.279261],[-83.385062,42.27977],[-83.384883,42.280926]],[[-83.384877,42.28093],[-83.384759,42.280895],[-83.382308,42.28095],[-83.381063,42.281068],[-83.380852,42.281031]],[[-83.299655,42.370498],[-83.299401,42.370492],[-83.295904,42.37061],[-83.289392,42.370795],[-83.278067,42.371036],[-83.276018,42.371073],[-83.27601,42.371007],[-83.275799,42.365788],[-83.275685,42.362632],[-83.275634,42.359933],[-83.275485,42.358293],[-83.27528,42.357592],[-83.275091,42.35712],[-83.274886,42.356648],[-83.27473,42.355528],[-83.274314,42.351412],[-83.273971,42.346712],[-83.273714,42.341991],[-83.273481,42.337929],[-83.273315,42.334657],[-83.273107,42.330839],[-83.272943,42.327461]],[[-83.431173,42.352527],[-83.429382,42.352585],[-83.428662,42.352586],[-83.423775,42.352701],[-83.421766,42.352748],[-83.420639,42.352789],[-83.420429,42.352824],[-83.420477,42.353092],[-83.420531,42.353232],[-83.420564,42.353722],[-83.420642,42.355741],[-83.420754,42.358438],[-83.42081,42.359801],[-83.420886,42.36013],[-83.420516,42.360126],[-83.420238,42.360141],[-83.419836,42.360188],[-83.41947,42.360292],[-83.419008,42.360437],[-83.418557,42.360653],[-83.417688,42.361183],[-83.416797,42.361729],[-83.414494,42.363142],[-83.413859,42.363482],[-83.413285,42.363772],[-83.412363,42.364178],[-83.411405,42.364609],[-83.410919,42.364817],[-83.410298,42.365218],[-83.408971,42.366277],[-83.408558,42.366617],[-83.408203,42.366883],[-83.407869,42.367083],[-83.407807,42.367134],[-83.407363,42.367333],[-83.407513,42.367492],[-83.407788,42.367543],[-83.407783,42.367641],[-83.407765,42.368051],[-83.407805,42.368663]],[[-83.469236,42.343156],[-83.469463,42.343289],[-83.469502,42.343986],[-83.46961,42.345685],[-83.469694,42.347322],[-83.46966,42.347832],[-83.469429,42.348797],[-83.469223,42.349673],[-83.46917,42.350306],[-83.469223,42.351337],[-83.469301,42.35154],[-83.468877,42.351543],[-83.450372,42.352027],[-83.446501,42.35211],[-83.442106,42.352197],[-83.440364,42.352271],[-83.436067,42.352392],[-83.431171,42.352523]],[[-83.380843,42.281026],[-83.381111,42.281328],[-83.381177,42.281713],[-83.381177,42.282688],[-83.381229,42.282984]],[[-83.381092,42.285306],[-83.381888,42.285264],[-83.382043,42.285172],[-83.382987,42.285299],[-83.383089,42.285656],[-83.383521,42.285663],[-83.383956,42.285619],[-83.384309,42.285634],[-83.384307,42.285752],[-83.384342,42.285904],[-83.384642,42.286829],[-83.384902,42.287423],[-83.384884,42.287379]],[[-83.381229,42.282981],[-83.380992,42.283155],[-83.380995,42.283249],[-83.381017,42.283598],[-83.381025,42.284417],[-83.38103,42.284919],[-83.381062,42.28527],[-83.381092,42.285303]],[[-83.444693,42.357364],[-83.444705,42.35752],[-83.444735,42.358513],[-83.444718,42.359188]],[[-83.444547,42.354661],[-83.4446,42.355194],[-83.444618,42.355827],[-83.444634,42.356511],[-83.444673,42.356799],[-83.444693,42.357363]],[[-83.445188,42.360356],[-83.445139,42.36019]],[[-83.443396,42.361266],[-83.443501,42.361266],[-83.443733,42.361253],[-83.443858,42.361221],[-83.444351,42.36122]],[[-83.444351,42.361224],[-83.444305,42.360428],[-83.444804,42.360417],[-83.445188,42.360355]],[[-83.441679,42.366593],[-83.443966,42.366515],[-83.445176,42.366487]],[[-83.445935,42.367241],[-83.445378,42.367251],[-83.445231,42.367245],[-83.445203,42.367023],[-83.445174,42.366488]],[[-83.452577,42.366781],[-83.452268,42.366894],[-83.451938,42.366947],[-83.451591,42.366982],[-83.450588,42.36701],[-83.449909,42.367154],[-83.449436,42.367151],[-83.448275,42.367195],[-83.44594,42.367238]],[[-83.449816,42.360361],[-83.450674,42.360354],[-83.451392,42.360281],[-83.451476,42.359896],[-83.45146,42.359539],[-83.451458,42.359363],[-83.451508,42.359255]],[[-83.459526,42.358603],[-83.45953,42.358793],[-83.459514,42.359045],[-83.459498,42.359088]],[[-83.457185,42.355848],[-83.457454,42.355841],[-83.457477,42.356253],[-83.457489,42.356657],[-83.457493,42.356814],[-83.45861,42.356786],[-83.45865,42.357961],[-83.459503,42.357951],[-83.459523,42.358602]],[[-83.464358,42.362541],[-83.464134,42.362552],[-83.462984,42.362575],[-83.463052,42.36322],[-83.462524,42.363214],[-83.461482,42.363239],[-83.460359,42.363273],[-83.459937,42.363322],[-83.459741,42.363329],[-83.459818,42.36394],[-83.459855,42.363649]],[[-83.460283,42.368785],[-83.460092,42.368639],[-83.460061,42.368068],[-83.460033,42.368057]],[[-83.460263,42.36933],[-83.460278,42.368792]],[[-83.458988,42.375978],[-83.459266,42.375985],[-83.459586,42.376],[-83.460183,42.376004],[-83.4603,42.376003],[-83.46044,42.375994]],[[-83.4464,42.382109],[-83.448536,42.378357],[-83.448935,42.37766],[-83.449411,42.376731],[-83.450011,42.375576],[-83.450082,42.375411]],[[-83.44707,42.374897],[-83.445834,42.374422]],[[-83.448538,42.374895],[-83.447901,42.374786],[-83.446682,42.374576],[-83.445839,42.37442]],[[-83.461093,42.379781],[-83.460645,42.379806],[-83.46057,42.378743],[-83.460606,42.378602]],[[-83.457531,42.384127],[-83.457919,42.383887],[-83.458848,42.383516],[-83.459432,42.383461],[-83.45985,42.383215],[-83.460332,42.382902],[-83.460687,42.382822],[-83.46081,42.382852]],[[-83.455905,42.384539],[-83.456786,42.384417],[-83.457193,42.384298],[-83.457533,42.384128]],[[-83.450704,42.385232],[-83.450926,42.385202],[-83.451288,42.385166],[-83.452395,42.385005],[-83.454112,42.384772],[-83.454895,42.384657],[-83.455282,42.384605],[-83.455902,42.384542]],[[-83.462131,42.38385],[-83.462125,42.383815],[-83.461864,42.383598],[-83.461296,42.383161],[-83.460929,42.382885],[-83.460843,42.382866],[-83.460796,42.382874]],[[-83.464586,42.388862],[-83.464495,42.38855],[-83.464365,42.38823],[-83.464094,42.387645],[-83.463633,42.386664],[-83.463421,42.386239],[-83.463203,42.385793],[-83.462828,42.385053],[-83.462615,42.384694],[-83.462292,42.384108],[-83.462129,42.383851]],[[-83.467119,42.355253],[-83.46848,42.355195],[-83.468966,42.355172],[-83.469387,42.355035]],[[-83.473091,42.356864],[-83.471353,42.356903],[-83.470073,42.356948],[-83.469993,42.355129],[-83.469492,42.355155],[-83.469045,42.355167],[-83.46938,42.355038]],[[-83.46816,42.367483],[-83.469524,42.367693],[-83.469617,42.367755],[-83.469608,42.368007],[-83.469789,42.368037]],[[-83.472402,42.369562],[-83.472569,42.369498],[-83.472731,42.368958],[-83.472648,42.368064],[-83.472163,42.368092],[-83.471767,42.368025],[-83.470171,42.367804],[-83.469524,42.367679],[-83.468172,42.367472]],[[-83.471928,42.365921],[-83.471925,42.366194],[-83.471016,42.366215],[-83.470501,42.366227],[-83.47046,42.367064],[-83.470374,42.367805],[-83.469542,42.367679],[-83.469647,42.367757],[-83.469634,42.367992],[-83.46979,42.368023]],[[-83.466064,42.369698],[-83.466207,42.369205],[-83.467742,42.369472],[-83.469567,42.369729]],[[-83.465265,42.370618],[-83.465462,42.370685],[-83.465807,42.370103],[-83.466055,42.369707]],[[-83.471093,42.372125],[-83.470942,42.372159],[-83.470642,42.371966],[-83.470157,42.371576],[-83.469095,42.37085]],[[-83.472276,42.372572],[-83.471795,42.372416],[-83.471367,42.372269],[-83.471094,42.37212]],[[-83.483986,42.360644],[-83.481645,42.360688],[-83.479541,42.360754],[-83.479232,42.360754],[-83.47921,42.360661]],[[-83.474572,42.36234],[-83.474579,42.362475],[-83.474629,42.363352],[-83.474849,42.363276],[-83.475757,42.36325],[-83.477121,42.363231],[-83.477366,42.36315],[-83.479234,42.363104],[-83.479247,42.363557],[-83.479335,42.364076],[-83.479439,42.364117]],[[-83.48326,42.366507],[-83.483223,42.365696],[-83.481842,42.36571],[-83.480047,42.365766],[-83.480031,42.365646],[-83.479661,42.365662]],[[-83.487611,42.366531],[-83.487261,42.366453],[-83.486057,42.366497],[-83.484262,42.36655],[-83.484231,42.366601],[-83.483958,42.36658],[-83.483257,42.366514]],[[-83.481831,42.371874],[-83.482307,42.371956],[-83.480439,42.371651],[-83.480332,42.371317],[-83.480036,42.371214]],[[-83.480698,42.376514],[-83.480661,42.376059],[-83.480575,42.376315],[-83.48041,42.376345]],[[-83.479927,42.377603],[-83.48047,42.37759],[-83.480549,42.37853],[-83.480567,42.37857]],[[-83.469519,42.377377],[-83.469874,42.37736],[-83.470908,42.377363],[-83.471612,42.377404],[-83.47387,42.377579],[-83.474511,42.377625],[-83.475485,42.377701],[-83.475866,42.377711],[-83.476534,42.377709],[-83.477434,42.377672],[-83.478133,42.377646],[-83.479173,42.377614],[-83.479932,42.377599]],[[-83.483992,42.354367],[-83.484011,42.354743],[-83.48417,42.357804],[-83.484168,42.358228],[-83.48417,42.358519],[-83.484365,42.358473]],[[-83.497695,42.357848],[-83.49812,42.357845],[-83.498683,42.357822],[-83.499006,42.358077]],[[-83.493912,42.358255],[-83.493951,42.357973],[-83.495567,42.357928],[-83.496369,42.357905],[-83.497692,42.357842]],[[-83.493077,42.363946],[-83.493711,42.364183],[-83.494264,42.364313],[-83.494269,42.364086],[-83.494252,42.363493],[-83.494202,42.362575],[-83.494108,42.361403],[-83.494039,42.360294],[-83.493987,42.359298],[-83.493911,42.358254]],[[-83.498337,42.352066],[-83.498337,42.352205],[-83.498335,42.352589],[-83.498398,42.353681],[-83.498441,42.354347],[-83.499347,42.354336],[-83.499394,42.355066],[-83.499437,42.355492],[-83.499428,42.356072],[-83.499496,42.356645],[-83.498849,42.356676],[-83.49889,42.357652],[-83.499135,42.35784],[-83.498869,42.357829],[-83.498722,42.35782],[-83.499014,42.358074]],[[-83.498685,42.351855],[-83.49832,42.351816],[-83.498336,42.352065]],[[-83.497501,42.369424],[-83.497461,42.368207],[-83.497442,42.367583],[-83.497457,42.367273]],[[-83.498395,42.377827],[-83.499323,42.377837],[-83.50127,42.377868]],[[-83.492181,42.377426],[-83.492378,42.377423],[-83.494225,42.377635],[-83.495194,42.37774],[-83.497498,42.377807],[-83.498393,42.377824]],[[-83.430566,42.359933],[-83.430181,42.359849],[-83.430073,42.359594],[-83.430544,42.359583],[-83.430398,42.359615]],[[-83.431063,42.361281],[-83.430601,42.361292],[-83.430563,42.36024],[-83.430563,42.359933]],[[-83.431131,42.363304],[-83.431086,42.36208],[-83.431064,42.361281]],[[-83.43143,42.35585],[-83.431482,42.355848],[-83.43148,42.355213],[-83.432632,42.355212],[-83.432671,42.355651],[-83.432697,42.356654],[-83.432719,42.35681],[-83.432834,42.357069],[-83.433054,42.357489],[-83.433328,42.35761],[-83.433816,42.357971],[-83.433306,42.358409],[-83.432696,42.358662],[-83.432758,42.359124],[-83.432808,42.359477],[-83.433479,42.359482],[-83.433746,42.359487]],[[-83.423036,42.35983],[-83.422202,42.359859],[-83.42158,42.359869],[-83.420927,42.3599],[-83.420997,42.360137],[-83.420349,42.360153],[-83.41998,42.360184],[-83.419688,42.36024],[-83.419036,42.360442],[-83.418634,42.360631],[-83.418303,42.360822],[-83.417273,42.36145],[-83.416006,42.362255],[-83.414676,42.363065],[-83.413356,42.363774],[-83.410906,42.364849],[-83.407437,42.367323],[-83.407548,42.367466],[-83.407829,42.367519],[-83.407839,42.368637]],[[-83.460823,42.382854],[-83.460787,42.382877],[-83.460813,42.382651],[-83.460733,42.380898],[-83.460571,42.377901],[-83.460435,42.375907],[-83.460341,42.373312],[-83.460119,42.369789],[-83.460077,42.368825],[-83.459981,42.367092],[-83.459851,42.364567],[-83.459715,42.361723],[-83.459653,42.360497],[-83.45955,42.359188],[-83.459502,42.359092],[-83.459451,42.359085],[-83.458651,42.359081],[-83.454323,42.359166],[-83.451992,42.359241],[-83.44952,42.359307],[-83.447103,42.359136],[-83.445365,42.359171],[-83.440753,42.3593],[-83.431803,42.359544],[-83.423018,42.359829]],[[-83.445173,42.36649],[-83.445115,42.364535],[-83.445032,42.362423],[-83.44492,42.360551],[-83.444817,42.359506],[-83.444715,42.359188]],[[-83.434847,42.372659],[-83.436995,42.373077],[-83.439717,42.373586],[-83.441685,42.373925],[-83.44472,42.374491],[-83.447628,42.374998],[-83.450743,42.375522],[-83.453053,42.375946],[-83.454043,42.376138],[-83.455322,42.376335],[-83.456906,42.376523],[-83.457522,42.376594],[-83.459506,42.376671],[-83.460354,42.37672],[-83.460492,42.376747]],[[-83.479098,42.358652],[-83.479047,42.358626],[-83.478351,42.358632],[-83.476331,42.358665],[-83.472535,42.358761],[-83.468175,42.358878],[-83.465075,42.358941],[-83.463441,42.358983],[-83.460422,42.359053],[-83.459541,42.359078],[-83.459506,42.35909]],[[-83.469092,42.370857],[-83.469354,42.370412],[-83.46954,42.370042],[-83.469572,42.369672],[-83.469811,42.36789],[-83.469927,42.367051],[-83.470015,42.3664],[-83.469992,42.365956],[-83.469903,42.364495],[-83.469873,42.363524],[-83.469801,42.362271],[-83.469725,42.360866],[-83.469675,42.36012],[-83.469688,42.359696],[-83.469677,42.359172],[-83.469651,42.358839]],[[-83.469386,42.355034],[-83.469426,42.355595],[-83.469612,42.358218],[-83.469652,42.358835]],[[-83.481553,42.390814],[-83.481459,42.390786],[-83.481408,42.389662],[-83.481129,42.38442],[-83.480525,42.384443],[-83.48062,42.383111],[-83.480702,42.38226],[-83.480744,42.381924],[-83.48069,42.381367],[-83.480982,42.381156],[-83.480963,42.380176],[-83.480643,42.379661],[-83.480497,42.377538],[-83.480318,42.375036],[-83.480043,42.371389],[-83.479914,42.368929],[-83.479773,42.366759],[-83.479677,42.365756],[-83.479526,42.364766],[-83.479405,42.363857],[-83.479333,42.363274],[-83.479218,42.360958],[-83.479125,42.35882],[-83.479097,42.358652]]]},"properties":{"id":"fna-member-routes-20260918-a8de9ccdd9133afc6aef","sourceId":"fna-member-routes-20260918","source":"Fiber Network Alliance member fiber lines","sourceUrl":"https://www.fibernetworkalliance.com/membership-map-line/","name":"WOW-Detroit published routes","carrier":"WOW-Detroit","category":"unknown","routeStatus":"Status not established","evidence":"publisher_route","dataDate":null,"metadataModified":null,"retrievedAt":"2026-09-18T19:56:04.130240+00:00","networkType":"Published fiber route; precision and network class unverified","serviceability":"Unconfirmed","routeDiversity":"Unconfirmed","states":["MI"],"publishedLineParts":100},"bbox":[-83.510698,42.276048,-83.272943,42.444327]},{"type":"Feature","geometry":{"type":"MultiLineString","coordinates":[[[-83.50861,42.358719],[-83.508545,42.358657],[-83.5074,42.358293],[-83.506439,42.358011],[-83.505643,42.357896],[-83.505099,42.35788],[-83.502778,42.357958],[-83.498345,42.3581],[-83.494162,42.358179],[-83.489755,42.358325],[-83.486723,42.358398],[-83.484578,42.358466],[-83.481765,42.358541],[-83.480353,42.358586],[-83.479683,42.358594],[-83.479109,42.358623],[-83.479098,42.358651]],[[-83.353875,42.332073],[-83.353804,42.33223],[-83.353818,42.332781]],[[-83.335091,42.349773],[-83.336106,42.349753],[-83.336009,42.347596],[-83.335486,42.3476],[-83.335472,42.34725],[-83.33553,42.346965],[-83.335515,42.346754],[-83.335831,42.346736],[-83.33587,42.346726]],[[-83.356065,42.351212],[-83.356373,42.351208],[-83.356324,42.350434]],[[-83.361795,42.350395],[-83.361706,42.349628],[-83.361327,42.349633],[-83.360688,42.349646],[-83.360673,42.349977],[-83.358459,42.35005],[-83.358469,42.350397],[-83.358046,42.350496],[-83.357848,42.350415],[-83.356323,42.350435]],[[-83.365182,42.349042],[-83.364803,42.348928],[-83.364946,42.348632],[-83.364857,42.348532],[-83.364564,42.348447],[-83.364225,42.348415],[-83.363815,42.348394],[-83.362755,42.348416],[-83.362769,42.348713],[-83.36276,42.349145],[-83.362754,42.349478],[-83.362193,42.349494],[-83.362167,42.349194],[-83.361286,42.349219],[-83.361309,42.349635]],[[-83.341808,42.351611],[-83.34222,42.3516],[-83.342823,42.351567],[-83.342825,42.351221],[-83.343158,42.351187],[-83.343351,42.350975],[-83.343617,42.350658],[-83.343757,42.350485],[-83.34378,42.350291],[-83.343764,42.350116],[-83.343738,42.349414],[-83.343664,42.348005],[-83.344272,42.347987],[-83.344245,42.347525],[-83.34422,42.347093],[-83.344316,42.346825],[-83.344051,42.346827],[-83.343033,42.346841],[-83.343016,42.346835]],[[-83.347788,42.350237],[-83.347165,42.350253],[-83.346804,42.350279],[-83.346795,42.349963],[-83.346695,42.347932],[-83.346489,42.347925],[-83.345671,42.347942],[-83.344268,42.347991]],[[-83.332631,42.346595],[-83.333058,42.346609],[-83.333431,42.346588],[-83.333452,42.346762],[-83.333894,42.346764],[-83.334923,42.346736],[-83.335545,42.346728],[-83.33585,42.346714],[-83.335873,42.346719]],[[-83.327191,42.350015],[-83.329437,42.349949],[-83.331326,42.349855],[-83.331822,42.349848],[-83.335084,42.349773]],[[-83.36076,42.332271],[-83.360213,42.332292],[-83.360218,42.332649],[-83.357245,42.332717]],[[-83.357455,42.337725],[-83.357369,42.336338],[-83.357306,42.334002],[-83.357236,42.33272]],[[-83.361292,42.341136],[-83.360776,42.34105],[-83.360182,42.340957],[-83.360373,42.34077],[-83.360321,42.340093],[-83.360307,42.339582],[-83.3605,42.339289],[-83.360487,42.338941],[-83.357518,42.338992],[-83.357479,42.338132],[-83.357454,42.337725]],[[-83.34119,42.336808],[-83.341649,42.336605],[-83.341642,42.336201],[-83.341571,42.334847],[-83.341516,42.332747]],[[-83.347023,42.335996],[-83.346375,42.336009],[-83.346393,42.336482],[-83.34582,42.336418],[-83.34496,42.336384],[-83.344432,42.336414],[-83.343902,42.336476],[-83.343352,42.336577],[-83.342853,42.336701],[-83.342365,42.336848],[-83.342027,42.336987],[-83.341487,42.337231],[-83.341196,42.336805]],[[-83.335937,42.330717],[-83.335988,42.331855],[-83.336005,42.332546],[-83.335943,42.332918]],[[-83.328411,42.340681],[-83.32984,42.340667],[-83.32986,42.34029],[-83.329931,42.340172],[-83.331375,42.340144],[-83.331356,42.339518]],[[-83.331359,42.339513],[-83.331298,42.338186],[-83.33161,42.33741],[-83.332064,42.337399],[-83.332011,42.335635],[-83.331919,42.333872],[-83.331868,42.333094],[-83.33193,42.333024]],[[-83.321124,42.338418],[-83.32115,42.337981],[-83.321088,42.336636],[-83.32102,42.334573],[-83.320994,42.333572],[-83.321462,42.333563],[-83.321463,42.333392],[-83.321431,42.332627],[-83.321693,42.33266],[-83.324035,42.332584],[-83.325794,42.332527],[-83.326261,42.332518],[-83.326331,42.332502]],[[-83.316082,42.338609],[-83.319145,42.338485],[-83.320781,42.338425],[-83.321125,42.338417]],[[-83.321902,42.339783],[-83.321216,42.339798],[-83.321198,42.339227],[-83.321126,42.338421]],[[-83.315799,42.340968],[-83.316732,42.340929],[-83.319517,42.340809],[-83.319505,42.340452],[-83.319509,42.339848],[-83.320537,42.339807],[-83.321185,42.339798],[-83.321112,42.338432],[-83.321127,42.338417]],[[-83.330233,42.3294],[-83.330318,42.329179],[-83.329558,42.329187],[-83.328729,42.329206],[-83.328576,42.329265],[-83.328538,42.328758],[-83.326171,42.328827],[-83.326198,42.329179]],[[-83.315554,42.351927],[-83.315914,42.351863],[-83.318886,42.351796],[-83.318833,42.351037],[-83.318801,42.350357],[-83.318291,42.350406],[-83.317356,42.350492],[-83.316568,42.35058],[-83.314087,42.350775],[-83.312784,42.350852],[-83.312744,42.350137],[-83.312696,42.349125],[-83.312739,42.348574],[-83.312745,42.347872],[-83.312714,42.346893],[-83.312674,42.346004],[-83.312564,42.343921],[-83.312534,42.34299],[-83.312904,42.342989],[-83.312867,42.341974],[-83.312807,42.341092],[-83.315796,42.340967]],[[-83.330252,42.329398],[-83.330337,42.329171],[-83.329557,42.329171],[-83.328724,42.329192],[-83.328594,42.329246],[-83.328552,42.328749],[-83.326191,42.328816],[-83.326212,42.329146],[-83.326209,42.329181]],[[-83.316565,42.327778],[-83.31708,42.327762],[-83.318999,42.327696],[-83.321489,42.327617],[-83.321971,42.327606],[-83.321996,42.328102],[-83.322169,42.328097],[-83.323853,42.328051],[-83.32611,42.32797],[-83.326129,42.328468],[-83.326207,42.328785],[-83.326232,42.32916],[-83.3262,42.329196]],[[-83.311901,42.332199],[-83.311912,42.331434],[-83.312351,42.331427],[-83.312259,42.329667],[-83.312183,42.327913],[-83.314133,42.327852],[-83.316561,42.327778]],[[-83.312425,42.332501],[-83.312409,42.332403],[-83.311934,42.332414],[-83.311899,42.332197]],[[-83.360158,42.325972],[-83.360137,42.325336],[-83.360118,42.324843],[-83.360145,42.324527]],[[-83.374939,42.318532],[-83.374883,42.318275],[-83.374915,42.318132],[-83.37447,42.318124],[-83.374287,42.317888],[-83.373736,42.317927],[-83.372873,42.317943],[-83.372443,42.318175],[-83.372555,42.320161],[-83.371992,42.320169],[-83.372038,42.321248]],[[-83.374554,42.321689],[-83.374338,42.321612],[-83.373494,42.321632],[-83.37204,42.321672]],[[-83.347089,42.323344],[-83.3471,42.323479],[-83.347129,42.324246],[-83.347145,42.324768]],[[-83.347222,42.325654],[-83.347256,42.32655],[-83.34739,42.329679],[-83.347476,42.331561],[-83.347486,42.331996]],[[-83.355983,42.326869],[-83.355946,42.326912],[-83.355455,42.326924],[-83.354167,42.326952],[-83.353539,42.326812],[-83.353462,42.325571],[-83.351524,42.325594],[-83.350605,42.325604],[-83.350239,42.325574],[-83.349759,42.325581],[-83.349439,42.325588],[-83.347219,42.325652]],[[-83.336002,42.323744],[-83.336352,42.323738],[-83.339645,42.323656],[-83.340538,42.323667],[-83.340611,42.324926],[-83.343846,42.32484],[-83.343887,42.325727],[-83.347216,42.325649]],[[-83.330344,42.324155],[-83.330359,42.323866],[-83.333462,42.323807],[-83.336002,42.323746]],[[-83.335625,42.322391],[-83.33564,42.323281],[-83.335618,42.323786]],[[-83.313884,42.322579],[-83.316334,42.322508],[-83.320171,42.322391],[-83.321046,42.322371],[-83.321057,42.322217],[-83.321046,42.321848],[-83.324931,42.321739],[-83.325876,42.321721],[-83.325895,42.322072],[-83.3259,42.32209]],[[-83.330854,42.318912],[-83.328075,42.318977],[-83.327488,42.318995],[-83.326455,42.319031],[-83.325808,42.319067]],[[-83.314629,42.315164],[-83.314082,42.315179],[-83.31412,42.31666],[-83.318511,42.316548],[-83.320827,42.316484],[-83.321093,42.316428],[-83.323444,42.316387]],[[-83.343403,42.317385],[-83.343407,42.317683],[-83.345588,42.317614],[-83.349467,42.317509],[-83.350037,42.317479]],[[-83.337874,42.314396],[-83.339983,42.314341],[-83.340005,42.314955],[-83.340238,42.315061],[-83.343267,42.314995],[-83.343319,42.315868],[-83.3434,42.317385]],[[-83.344592,42.31169],[-83.344136,42.311725],[-83.344297,42.312021],[-83.344592,42.312435],[-83.344993,42.31222],[-83.34553,42.312457],[-83.345544,42.312821],[-83.345574,42.313238],[-83.345597,42.314063],[-83.343205,42.314098],[-83.343275,42.314988]],[[-83.35652,42.318022],[-83.356498,42.317394]],[[-83.356236,42.313292],[-83.356409,42.316102],[-83.356499,42.317398]],[[-83.364562,42.312247],[-83.364564,42.312577],[-83.364566,42.312617],[-83.364664,42.317253]],[[-83.369379,42.312241],[-83.369401,42.312781],[-83.369406,42.313716],[-83.369222,42.313571],[-83.369232,42.314024],[-83.369242,42.31486]],[[-83.353091,42.368527],[-83.353332,42.368517],[-83.355049,42.368476],[-83.359712,42.368346],[-83.367222,42.368176],[-83.378645,42.368012],[-83.394717,42.36766],[-83.406026,42.367398],[-83.406373,42.367332],[-83.407318,42.367344],[-83.40747,42.367489],[-83.407313,42.367699],[-83.40732,42.368011],[-83.40736,42.3687]],[[-83.352681,42.368538],[-83.353097,42.368525]],[[-83.407335,42.368737],[-83.407316,42.368649],[-83.407275,42.36768],[-83.407451,42.367503],[-83.4073,42.367396],[-83.406505,42.367379],[-83.406411,42.367393],[-83.406045,42.367445],[-83.405333,42.367455],[-83.39424,42.367717],[-83.389826,42.367826],[-83.386004,42.367925],[-83.381483,42.368019],[-83.374197,42.368102],[-83.365855,42.36825],[-83.350115,42.36862],[-83.328499,42.369176],[-83.31859,42.369424],[-83.315805,42.369512],[-83.31503,42.369597],[-83.314057,42.369693],[-83.312643,42.36984],[-83.311459,42.369969],[-83.310959,42.370017],[-83.30658,42.3702],[-83.303576,42.370324],[-83.299654,42.370493]],[[-83.350517,42.332252],[-83.350526,42.332416],[-83.350567,42.333548],[-83.350652,42.336052],[-83.350707,42.337119],[-83.350713,42.337973],[-83.350738,42.338597],[-83.350625,42.338988],[-83.3509,42.339252],[-83.350816,42.339338],[-83.350368,42.339964],[-83.349612,42.340943],[-83.349405,42.341379],[-83.349381,42.341811],[-83.349501,42.342482],[-83.349604,42.342987],[-83.349745,42.343419],[-83.349994,42.344019],[-83.350192,42.344413],[-83.35073,42.345479],[-83.351303,42.346625],[-83.351376,42.347153],[-83.351316,42.347288],[-83.351377,42.34741],[-83.351593,42.350862],[-83.351718,42.353077],[-83.351808,42.354093],[-83.351919,42.354479],[-83.352232,42.360985],[-83.352493,42.366746],[-83.352534,42.367911],[-83.352544,42.368511],[-83.352684,42.36853]],[[-83.350519,42.332252],[-83.350848,42.332298],[-83.351367,42.33231],[-83.351531,42.332336]],[[-83.350237,42.325328],[-83.350338,42.327855],[-83.350478,42.331224],[-83.350515,42.332254]],[[-83.350498,42.324684],[-83.350244,42.325334]],[[-83.350469,42.324676],[-83.350458,42.324692],[-83.35023,42.325323]],[[-83.350028,42.317484],[-83.349774,42.317527],[-83.349894,42.319876],[-83.350107,42.322946],[-83.350232,42.324878],[-83.35023,42.325315]],[[-83.350637,42.36925],[-83.350947,42.368567],[-83.352681,42.368532]],[[-83.329548,42.329393],[-83.329549,42.3292],[-83.328743,42.329219],[-83.32856,42.329287],[-83.328525,42.328775],[-83.326148,42.328845],[-83.326286,42.332541],[-83.328656,42.332495],[-83.328661,42.332918],[-83.330476,42.332875],[-83.330999,42.333069],[-83.33189,42.333047],[-83.33192,42.333371],[-83.336018,42.333293],[-83.335979,42.332943],[-83.341891,42.332771]],[[-83.341892,42.332769],[-83.345293,42.332664],[-83.347241,42.33261],[-83.347457,42.33242],[-83.34749,42.331993]],[[-83.326314,42.332516],[-83.328699,42.332472],[-83.328711,42.332875],[-83.330509,42.332838],[-83.330982,42.333034],[-83.331929,42.333024],[-83.331936,42.333364],[-83.335948,42.333284],[-83.335934,42.332914],[-83.347211,42.332583],[-83.347413,42.332405],[-83.347455,42.331985],[-83.347506,42.331982]],[[-83.326196,42.329184],[-83.326329,42.332494]],[[-83.36722,42.32267],[-83.367084,42.32267],[-83.363573,42.32272],[-83.360046,42.322772],[-83.360133,42.32451],[-83.360167,42.324539],[-83.359878,42.32427],[-83.358933,42.324288],[-83.358972,42.324556],[-83.356724,42.324599],[-83.351779,42.324659],[-83.351604,42.324581],[-83.351601,42.324369],[-83.351505,42.3243],[-83.350581,42.324306],[-83.350496,42.324332],[-83.350502,42.324691]],[[-83.372032,42.321246],[-83.372039,42.321672],[-83.367194,42.321761],[-83.367219,42.32266]],[[-83.325899,42.322091],[-83.32591,42.322212],[-83.325934,42.324036],[-83.330998,42.323859],[-83.335618,42.323789],[-83.335651,42.324155],[-83.335881,42.324153],[-83.339115,42.324071],[-83.339655,42.3242],[-83.339638,42.323674],[-83.339993,42.323673],[-83.340509,42.32368],[-83.340577,42.324943],[-83.350475,42.324676]],[[-83.323441,42.314561],[-83.323446,42.316641],[-83.323592,42.318189],[-83.325783,42.318169],[-83.32584,42.320424],[-83.325904,42.322095]],[[-83.369241,42.31486],[-83.369268,42.316672],[-83.369266,42.317172],[-83.364672,42.317259]],[[-83.356324,42.350441],[-83.356185,42.347875],[-83.356166,42.347457],[-83.356116,42.347157],[-83.351455,42.347242],[-83.351316,42.347305]],[[-83.364667,42.317258],[-83.364697,42.318178],[-83.364304,42.318261],[-83.359883,42.318295],[-83.359597,42.31731],[-83.356677,42.317395],[-83.352017,42.317468],[-83.350033,42.317491]],[[-83.343462,42.346828],[-83.350012,42.346701],[-83.350968,42.346665],[-83.351387,42.346675],[-83.351422,42.346944],[-83.351456,42.347226],[-83.351315,42.347291]],[[-83.335871,42.346725],[-83.336037,42.346706],[-83.33656,42.346645],[-83.338336,42.346616],[-83.338346,42.346934],[-83.338797,42.346926],[-83.343453,42.346828]],[[-83.357235,42.332721],[-83.351786,42.332825],[-83.351654,42.332662],[-83.351644,42.332473],[-83.351292,42.332475],[-83.351545,42.332344]],[[-83.347496,42.331987],[-83.348501,42.331966],[-83.350022,42.331919],[-83.349988,42.331483],[-83.350405,42.331464],[-83.350881,42.331492],[-83.351268,42.331531],[-83.351291,42.331922],[-83.351298,42.332242],[-83.351531,42.332334]],[[-83.401228,42.35262],[-83.401967,42.352541],[-83.403851,42.352255],[-83.405409,42.352228],[-83.406202,42.352148],[-83.407236,42.352029],[-83.407865,42.352327],[-83.408951,42.352302],[-83.410116,42.352277],[-83.410109,42.352768]],[[-83.410899,42.344137],[-83.409779,42.344207],[-83.409793,42.34466],[-83.409844,42.345446],[-83.410967,42.345401],[-83.410996,42.346201],[-83.411025,42.346901],[-83.414705,42.346828],[-83.414801,42.347932],[-83.414884,42.348501],[-83.415049,42.350514],[-83.419096,42.350426],[-83.419154,42.351628],[-83.419307,42.35256]],[[-83.411409,42.343717],[-83.411277,42.343723],[-83.411296,42.344005],[-83.411246,42.344006],[-83.410956,42.344026],[-83.410955,42.344126],[-83.410903,42.344132]],[[-83.425092,42.345173],[-83.425223,42.347704],[-83.425091,42.348079],[-83.425209,42.34838],[-83.425238,42.348999],[-83.425244,42.349639],[-83.424405,42.349565],[-83.423269,42.349593],[-83.42102,42.349645]],[[-83.411965,42.333049],[-83.413362,42.33276],[-83.413935,42.332694],[-83.413928,42.33341],[-83.416136,42.333446],[-83.417369,42.333452],[-83.418108,42.333477],[-83.418954,42.333483]],[[-83.412067,42.325723],[-83.413563,42.32568],[-83.413625,42.3252],[-83.415473,42.325145],[-83.418143,42.32508],[-83.418171,42.32523],[-83.418202,42.325903]],[[-83.423123,42.313304],[-83.422525,42.313326],[-83.422496,42.312891],[-83.422591,42.312595],[-83.422492,42.31102],[-83.423023,42.311011],[-83.422964,42.309387],[-83.422898,42.309345]],[[-83.425083,42.315131],[-83.423979,42.315159],[-83.4233,42.315184],[-83.42326,42.314572],[-83.42322,42.313958],[-83.423196,42.313298],[-83.423127,42.3133]],[[-83.417197,42.302052],[-83.416693,42.302064],[-83.414373,42.302122],[-83.413213,42.302239],[-83.413099,42.29989],[-83.412987,42.296605],[-83.412923,42.295441]],[[-83.427704,42.29873],[-83.42778,42.300108],[-83.42782,42.301716],[-83.427904,42.303537],[-83.42795,42.305139],[-83.428011,42.306662],[-83.428075,42.307975],[-83.426871,42.308025],[-83.426888,42.3083],[-83.42579,42.308346],[-83.423446,42.306704],[-83.423421,42.305348],[-83.423653,42.304867],[-83.423582,42.303495],[-83.422663,42.303512]],[[-83.417023,42.30202],[-83.417218,42.302016],[-83.417199,42.302046]],[[-83.407216,42.294889],[-83.407304,42.295907],[-83.407744,42.295768],[-83.409904,42.295711],[-83.410594,42.295464],[-83.41116,42.295485],[-83.411762,42.295445],[-83.412919,42.29544]],[[-83.40503,42.294936],[-83.407216,42.294891]],[[-83.407074,42.289679],[-83.407195,42.293254],[-83.407215,42.294891]],[[-83.366297,42.339175],[-83.370146,42.339114],[-83.370323,42.339386],[-83.371607,42.339376]],[[-83.413249,42.287643],[-83.409753,42.287721],[-83.409725,42.287904],[-83.408308,42.28793],[-83.408352,42.28969],[-83.407792,42.289688],[-83.407084,42.289667]],[[-83.369873,42.329387],[-83.369886,42.329692],[-83.369656,42.329857],[-83.3693,42.329855],[-83.369332,42.330251],[-83.369297,42.33053],[-83.369337,42.33198],[-83.368263,42.331982],[-83.368206,42.331125],[-83.365885,42.33115],[-83.365816,42.331352],[-83.365831,42.332013],[-83.36598,42.332215],[-83.366006,42.333382],[-83.365417,42.333463],[-83.365614,42.337881],[-83.365657,42.339189],[-83.366289,42.339173]],[[-83.373369,42.336908],[-83.372507,42.33694],[-83.372379,42.337051],[-83.372416,42.337876],[-83.372485,42.339068],[-83.372713,42.339346],[-83.3716,42.339376]],[[-83.371939,42.338616],[-83.371909,42.338187],[-83.372419,42.338147]],[[-83.394612,42.341578],[-83.392768,42.342104],[-83.391587,42.342381],[-83.39101,42.342519],[-83.389025,42.342879],[-83.386627,42.343298],[-83.385031,42.343576],[-83.384949,42.343559]],[[-83.386369,42.346766],[-83.386375,42.346614],[-83.386353,42.346173],[-83.390168,42.346092],[-83.39025,42.346161],[-83.390258,42.345988],[-83.390195,42.345133],[-83.38808,42.345101],[-83.387683,42.343844],[-83.387522,42.343359],[-83.387233,42.343196]],[[-83.389377,42.333473],[-83.389251,42.331675],[-83.388833,42.331689],[-83.388767,42.331736]],[[-83.390518,42.332976],[-83.390503,42.333295],[-83.390356,42.333485],[-83.389588,42.333509],[-83.38937,42.333471]],[[-83.382811,42.332579],[-83.383084,42.332587],[-83.383069,42.332171],[-83.384221,42.332128],[-83.384236,42.331655],[-83.385899,42.331608],[-83.387208,42.33158],[-83.387225,42.33178],[-83.388771,42.331735]],[[-83.396824,42.331516],[-83.394621,42.331563],[-83.393422,42.331631],[-83.391761,42.331655],[-83.391451,42.331665],[-83.389549,42.331718],[-83.389253,42.331659],[-83.388819,42.331681],[-83.388759,42.331738]],[[-83.380647,42.326811],[-83.379932,42.326814],[-83.379419,42.326898],[-83.379509,42.328284],[-83.385505,42.328177],[-83.387929,42.328127],[-83.388322,42.328105],[-83.388674,42.328118]],[[-83.39486,42.328053],[-83.394167,42.328058],[-83.3919,42.328074],[-83.391105,42.32808]],[[-83.393862,42.323856],[-83.39338,42.323883],[-83.392209,42.323888],[-83.3905,42.323926]]]},"properties":{"id":"fna-member-routes-20260918-9f27487730be3ecdf611","sourceId":"fna-member-routes-20260918","source":"Fiber Network Alliance member fiber lines","sourceUrl":"https://www.fibernetworkalliance.com/membership-map-line/","name":"WOW-Detroit published routes","carrier":"WOW-Detroit","category":"unknown","routeStatus":"Status not established","evidence":"publisher_route","dataDate":null,"metadataModified":null,"retrievedAt":"2026-09-18T19:56:04.130240+00:00","networkType":"Published fiber route; precision and network class unverified","serviceability":"Unconfirmed","routeDiversity":"Unconfirmed","states":["MI"],"publishedLineParts":100},"bbox":[-83.50861,42.287643,-83.299654,42.370493]},{"type":"Feature","geometry":{"type":"MultiLineString","coordinates":[[[-83.400876,42.317063],[-83.400451,42.317066],[-83.39775,42.317134],[-83.393377,42.317202],[-83.389017,42.317289],[-83.388716,42.317274]],[[-83.401682,42.315858],[-83.400739,42.316979],[-83.400831,42.316992],[-83.400881,42.317061]],[[-83.379564,42.313666],[-83.381406,42.313642],[-83.381601,42.313635],[-83.381606,42.313314],[-83.382976,42.313302],[-83.38354,42.31329],[-83.383972,42.313207],[-83.386625,42.31317],[-83.3881,42.313148]],[[-83.400186,42.309596],[-83.395327,42.309709],[-83.391106,42.309777],[-83.390378,42.309785]],[[-83.407877,42.308975],[-83.407881,42.309437],[-83.403724,42.309516],[-83.402011,42.309553],[-83.40019,42.309597]],[[-83.387602,42.300558],[-83.387615,42.300989],[-83.382543,42.30108],[-83.378695,42.30115]],[[-83.38546,42.295807],[-83.38547,42.296025],[-83.384757,42.296101],[-83.384409,42.296114],[-83.383285,42.296158],[-83.383077,42.296077],[-83.383056,42.295793],[-83.382268,42.295814],[-83.378485,42.295894]],[[-83.365941,42.290889],[-83.366553,42.290953],[-83.368194,42.29123],[-83.369028,42.291361],[-83.36989,42.291509],[-83.370354,42.291581],[-83.370448,42.291265],[-83.370957,42.291308],[-83.371504,42.29136],[-83.372076,42.291399],[-83.372551,42.291426],[-83.373402,42.291372],[-83.373736,42.291367],[-83.37377,42.291559],[-83.373777,42.291685],[-83.374416,42.291594],[-83.37503,42.291421],[-83.375362,42.291965],[-83.376379,42.293507],[-83.377698,42.293022],[-83.378122,42.293002],[-83.378352,42.292994]],[[-83.362265,42.292567],[-83.362227,42.29168],[-83.362226,42.291311],[-83.362495,42.290957],[-83.362879,42.290891],[-83.36341,42.290876],[-83.363794,42.290847],[-83.364159,42.29082],[-83.364398,42.29082],[-83.364801,42.290814],[-83.365526,42.290855],[-83.365933,42.29089]],[[-83.380506,42.292084],[-83.379438,42.292104],[-83.378831,42.292115],[-83.378347,42.292127],[-83.378335,42.292574]],[[-83.371328,42.298075],[-83.371366,42.298475],[-83.371483,42.301125],[-83.371542,42.302528],[-83.371597,42.303465]],[[-83.364041,42.306579],[-83.363973,42.304944],[-83.363985,42.304068],[-83.363919,42.30278],[-83.363876,42.302761]],[[-83.348844,42.292551],[-83.348839,42.292819],[-83.348961,42.295981],[-83.349003,42.29686],[-83.348514,42.296866],[-83.347964,42.296886],[-83.348027,42.297951],[-83.348071,42.300003],[-83.348185,42.302026],[-83.348229,42.303579],[-83.348794,42.303573],[-83.350134,42.303559],[-83.350143,42.303174],[-83.351079,42.303131],[-83.354468,42.30305],[-83.359298,42.302916],[-83.36167,42.302851],[-83.363881,42.302764],[-83.363893,42.302225],[-83.363869,42.301839],[-83.363804,42.300058]],[[-83.358964,42.300227],[-83.359036,42.302919]],[[-83.354155,42.30035],[-83.354244,42.302123],[-83.354298,42.303049]],[[-83.343075,42.307293],[-83.343063,42.306898],[-83.343036,42.30601],[-83.345277,42.305962],[-83.347142,42.305933],[-83.348862,42.305894],[-83.348806,42.305024],[-83.348823,42.304643],[-83.348827,42.304091],[-83.3488,42.303576]],[[-83.343325,42.29961],[-83.343658,42.299808],[-83.344386,42.299796],[-83.344936,42.29978],[-83.346524,42.299763],[-83.346757,42.29959],[-83.347202,42.299878],[-83.347376,42.300016],[-83.347691,42.300106],[-83.348078,42.300106]],[[-83.350391,42.292824],[-83.350363,42.29238],[-83.349229,42.292412],[-83.348844,42.292562]],[[-83.328018,42.273449],[-83.328505,42.273452],[-83.328872,42.273561],[-83.329799,42.273527],[-83.32935,42.272454],[-83.329354,42.272105],[-83.329277,42.270484],[-83.329312,42.269724],[-83.329293,42.269284],[-83.329422,42.268684],[-83.329438,42.268524],[-83.329413,42.267972]],[[-83.334175,42.270632],[-83.334163,42.270305],[-83.332172,42.270328],[-83.331698,42.270458],[-83.331377,42.270586],[-83.330911,42.270432],[-83.330393,42.269973],[-83.329555,42.269769],[-83.32931,42.269723]],[[-83.393007,42.298983],[-83.391234,42.299046],[-83.388827,42.299139]],[[-83.399002,42.295354],[-83.397799,42.295374],[-83.397782,42.295149],[-83.397764,42.294791],[-83.397124,42.294809],[-83.395027,42.294871],[-83.393484,42.294922],[-83.392847,42.294947],[-83.392774,42.294923]],[[-83.378339,42.292572],[-83.378433,42.294904],[-83.378521,42.296475],[-83.378646,42.299343],[-83.378627,42.29984],[-83.378647,42.300231],[-83.378687,42.301161],[-83.378712,42.302056],[-83.379108,42.302056],[-83.379143,42.302797],[-83.379718,42.302915],[-83.379724,42.303639],[-83.378777,42.303666]],[[-83.378771,42.303669],[-83.378497,42.30368],[-83.37852,42.304104],[-83.378091,42.30412],[-83.378123,42.30511],[-83.377065,42.305154],[-83.377148,42.307372],[-83.377567,42.307371],[-83.377759,42.30733],[-83.37816,42.307331],[-83.37823,42.308615],[-83.378245,42.309927],[-83.37724,42.309951]],[[-83.313912,42.271345],[-83.313824,42.270033],[-83.318768,42.269928],[-83.322008,42.269841],[-83.321953,42.268693],[-83.323446,42.268663],[-83.325034,42.268651],[-83.327618,42.268537],[-83.327582,42.268011],[-83.328282,42.267992],[-83.338786,42.267795],[-83.342548,42.267728],[-83.345255,42.267656],[-83.34787,42.267619],[-83.347882,42.2688],[-83.348169,42.27687],[-83.348363,42.281602],[-83.348687,42.281589],[-83.348685,42.282557],[-83.348772,42.283793],[-83.348789,42.28424],[-83.34846,42.284299],[-83.348491,42.28517],[-83.348545,42.285827],[-83.348675,42.287839],[-83.348783,42.28986],[-83.348842,42.29126],[-83.348843,42.292548]],[[-83.36388,42.302767],[-83.363904,42.303672],[-83.364307,42.3036],[-83.367511,42.303497],[-83.367709,42.303391],[-83.36769,42.303205],[-83.368262,42.303179],[-83.368823,42.303172],[-83.368862,42.303506],[-83.371604,42.303465],[-83.371734,42.307212],[-83.371842,42.310087],[-83.376691,42.309972],[-83.385051,42.309858],[-83.388406,42.309809],[-83.388819,42.309787],[-83.390384,42.309793]],[[-83.4223,42.294221],[-83.422337,42.296393],[-83.422454,42.29909],[-83.422575,42.301736],[-83.422704,42.304187],[-83.422792,42.306727],[-83.42289,42.308515],[-83.422905,42.308945],[-83.4229,42.309387]],[[-83.4229,42.30939],[-83.422921,42.309956],[-83.422959,42.310962],[-83.422444,42.310972],[-83.422441,42.311625],[-83.422507,42.312268],[-83.422533,42.312599],[-83.422444,42.312911],[-83.422485,42.313341],[-83.4186,42.313406],[-83.418617,42.313941],[-83.418011,42.313959],[-83.417723,42.313901],[-83.41733,42.313905],[-83.417373,42.314384],[-83.417396,42.314515],[-83.418095,42.315318],[-83.418148,42.318178],[-83.41823,42.319768],[-83.418353,42.321081],[-83.418007,42.321022],[-83.418031,42.321806],[-83.418069,42.323165],[-83.418419,42.323274],[-83.419396,42.323235],[-83.419407,42.323561],[-83.419092,42.323897],[-83.41916,42.32541],[-83.418865,42.325918],[-83.418612,42.325934],[-83.418201,42.325908],[-83.418266,42.327647],[-83.418284,42.327951],[-83.418279,42.328142],[-83.418285,42.328384],[-83.418326,42.329028],[-83.418365,42.330391],[-83.418694,42.330647],[-83.418772,42.331969],[-83.418835,42.332782],[-83.418953,42.333481]],[[-83.412924,42.295441],[-83.413563,42.295424],[-83.413586,42.295034],[-83.414676,42.295023],[-83.414709,42.295431],[-83.41621,42.295401],[-83.417787,42.295403],[-83.419403,42.295395],[-83.419378,42.294915],[-83.420725,42.294909],[-83.421092,42.294628],[-83.421092,42.294245],[-83.422297,42.294221]],[[-83.418951,42.333483],[-83.419075,42.334392],[-83.419107,42.334921],[-83.418689,42.335276],[-83.418727,42.336671],[-83.418832,42.337502],[-83.419038,42.33791],[-83.419053,42.338331],[-83.419524,42.344655]],[[-83.419526,42.344662],[-83.419896,42.349033],[-83.420112,42.348978],[-83.420654,42.348971],[-83.420926,42.348985],[-83.420997,42.349144],[-83.421051,42.350075],[-83.420829,42.350534],[-83.420967,42.352596],[-83.420395,42.352592],[-83.419961,42.35254],[-83.415621,42.35268],[-83.412413,42.352748],[-83.410148,42.352803]],[[-83.371604,42.33937],[-83.371644,42.33959],[-83.371682,42.340074],[-83.37184,42.342442],[-83.371835,42.342765],[-83.371804,42.342985],[-83.373244,42.34325],[-83.37591,42.343754],[-83.37904,42.3443],[-83.379771,42.344404],[-83.38032,42.344426],[-83.380621,42.344427]],[[-83.392133,42.281023],[-83.392392,42.280842]],[[-83.390745,42.282122],[-83.390947,42.282115],[-83.390927,42.28176],[-83.39215,42.28173],[-83.392128,42.281031]],[[-83.421654,42.278904],[-83.421892,42.27854]],[[-83.421614,42.277932],[-83.421628,42.278204],[-83.421634,42.27855],[-83.421658,42.278904]],[[-83.421921,42.285348],[-83.421844,42.283569],[-83.421649,42.278898]],[[-83.406626,42.279654],[-83.406232,42.279733]],[[-83.406076,42.28764],[-83.406268,42.2876],[-83.40697,42.287583],[-83.406897,42.286184],[-83.406952,42.285346],[-83.406921,42.28477],[-83.406864,42.284242],[-83.406704,42.282642],[-83.406637,42.281113],[-83.406632,42.280367],[-83.406621,42.279656]],[[-83.390952,42.273688],[-83.389885,42.273713],[-83.389926,42.274691],[-83.390017,42.274796],[-83.390083,42.276101],[-83.390078,42.276191],[-83.389707,42.276251],[-83.389277,42.276285],[-83.388818,42.27619],[-83.387902,42.276019]],[[-83.385489,42.275906],[-83.383812,42.275928],[-83.381132,42.275976],[-83.379852,42.276003],[-83.378625,42.276019],[-83.378608,42.276035]],[[-83.375277,42.271425],[-83.377368,42.271397],[-83.379918,42.271343],[-83.37997,42.272392],[-83.37999,42.272848],[-83.380032,42.273929],[-83.378541,42.273961],[-83.378513,42.274096],[-83.378575,42.275849],[-83.378611,42.276033]],[[-83.382805,42.272004],[-83.384334,42.271978],[-83.385568,42.271952],[-83.385598,42.272743],[-83.385606,42.273207],[-83.385618,42.273516],[-83.385699,42.273829],[-83.386124,42.273817],[-83.386172,42.273947],[-83.385986,42.274509],[-83.385494,42.275907]],[[-83.363192,42.283987],[-83.363465,42.283785],[-83.363895,42.283826],[-83.364784,42.283734],[-83.36552,42.283793],[-83.366511,42.283899],[-83.367537,42.283867],[-83.367541,42.283428],[-83.367529,42.28307],[-83.367627,42.282866],[-83.368109,42.282796],[-83.368072,42.282542],[-83.367938,42.282086],[-83.369375,42.281862],[-83.370455,42.28169],[-83.370481,42.280871],[-83.372743,42.280481],[-83.372684,42.279824],[-83.372649,42.278592],[-83.372616,42.277631],[-83.372594,42.277608]],[[-83.401612,42.269975],[-83.401561,42.268778],[-83.40154,42.268173],[-83.40148,42.266703],[-83.40124,42.266489],[-83.401985,42.266462],[-83.402634,42.266443],[-83.403251,42.266397],[-83.405445,42.266366],[-83.405597,42.266181]],[[-83.348538,42.275625],[-83.351544,42.275539],[-83.352643,42.275511],[-83.35267,42.276347],[-83.352826,42.276347],[-83.353135,42.27634],[-83.353138,42.276461],[-83.353847,42.276445],[-83.35506,42.276406],[-83.355143,42.278215],[-83.355677,42.278211],[-83.35703,42.278178],[-83.358857,42.278132],[-83.365193,42.277958],[-83.366533,42.277924],[-83.367861,42.277895]],[[-83.349779,42.28157],[-83.34973,42.28082],[-83.349611,42.280361],[-83.349594,42.279992],[-83.349554,42.278457],[-83.349379,42.278309],[-83.348633,42.278335],[-83.348593,42.277132],[-83.348535,42.275623]],[[-83.354414,42.274123],[-83.354472,42.275002],[-83.355,42.274996],[-83.355063,42.276402]],[[-83.359949,42.276288],[-83.360045,42.277976],[-83.360043,42.278085],[-83.360526,42.278071],[-83.362271,42.278025],[-83.362295,42.278036]],[[-83.361979,42.274286],[-83.361624,42.274316],[-83.361545,42.274567],[-83.361564,42.274843],[-83.361908,42.274832],[-83.362282,42.274821],[-83.362272,42.275049],[-83.362292,42.275498],[-83.362398,42.276208],[-83.362374,42.276897],[-83.362428,42.277917],[-83.362295,42.278033]],[[-83.36299,42.272464],[-83.363052,42.27426],[-83.362664,42.27426],[-83.361977,42.274285]],[[-83.362864,42.269405],[-83.362988,42.272464]],[[-83.35681,42.267363],[-83.357546,42.26735],[-83.36276,42.267228],[-83.362864,42.2694]],[[-83.41568,42.266005],[-83.414892,42.266022],[-83.407476,42.266136],[-83.401768,42.266267],[-83.39654,42.266366],[-83.393603,42.26642],[-83.389255,42.266482],[-83.389099,42.266692]],[[-83.389104,42.266689],[-83.388868,42.267692],[-83.388841,42.267974],[-83.388704,42.269444],[-83.388507,42.270888],[-83.388465,42.27158],[-83.388227,42.2725],[-83.388045,42.273934],[-83.388102,42.274841],[-83.387926,42.275363],[-83.387674,42.275918],[-83.387535,42.276049]],[[-83.380801,42.281031],[-83.380974,42.28196],[-83.380962,42.283091],[-83.381224,42.282979]],[[-83.382825,42.284369],[-83.382505,42.284287],[-83.382599,42.28338],[-83.381692,42.283215],[-83.381228,42.282979]],[[-83.384909,42.28743],[-83.385173,42.287922],[-83.386219,42.287896],[-83.38922,42.287815],[-83.39084,42.287775]],[[-83.39084,42.287778],[-83.392543,42.287749],[-83.392575,42.288692],[-83.392624,42.290487],[-83.392737,42.292685],[-83.39281,42.294949],[-83.389507,42.295065],[-83.389517,42.295371],[-83.389391,42.295595]],[[-83.389389,42.295595],[-83.389391,42.296047],[-83.389167,42.296056],[-83.38916,42.296262],[-83.389086,42.296332],[-83.388724,42.296349],[-83.388813,42.298306],[-83.388927,42.300936],[-83.389654,42.300911],[-83.389673,42.302759],[-83.389724,42.304069],[-83.388566,42.304106],[-83.388626,42.3055],[-83.38942,42.305499],[-83.389506,42.306998],[-83.389552,42.307226],[-83.389566,42.308178],[-83.389876,42.308494],[-83.390349,42.308494],[-83.390412,42.309813],[-83.38883,42.309832],[-83.388895,42.311853],[-83.388039,42.311883],[-83.388311,42.317257],[-83.388742,42.317258],[-83.388813,42.319036],[-83.388177,42.31905],[-83.388219,42.319927],[-83.387769,42.319944],[-83.387718,42.32002],[-83.387766,42.321601],[-83.387863,42.323618],[-83.388961,42.323605],[-83.389302,42.323942],[-83.390588,42.323894],[-83.390506,42.324298],[-83.39048,42.32489],[-83.391066,42.324897],[-83.391141,42.328099],[-83.388717,42.328142],[-83.388684,42.329253],[-83.388685,42.329912],[-83.388796,42.331705],[-83.38923,42.331696],[-83.389576,42.337502],[-83.385454,42.337593],[-83.385486,42.338437],[-83.385582,42.338794],[-83.385553,42.33906],[-83.384727,42.339114],[-83.384773,42.339228],[-83.384956,42.342879]],[[-83.384956,42.342882],[-83.384984,42.343586],[-83.384391,42.343687],[-83.384372,42.34398],[-83.383898,42.344064],[-83.382291,42.344313],[-83.381689,42.344406],[-83.380589,42.344468],[-83.380635,42.344924],[-83.380369,42.344925],[-83.380493,42.346675],[-83.380602,42.348869],[-83.380673,42.349936],[-83.380934,42.350162],[-83.382648,42.350135],[-83.384752,42.350091],[-83.385453,42.350108],[-83.385843,42.350099],[-83.386076,42.351317],[-83.386172,42.351958],[-83.386226,42.35261],[-83.386376,42.353633],[-83.387106,42.353594],[-83.387163,42.353365],[-83.387434,42.353377],[-83.387419,42.352958],[-83.387496,42.352882],[-83.388533,42.352862],[-83.390769,42.352811],[-83.3908,42.353001],[-83.390794,42.353317],[-83.393029,42.353263],[-83.393478,42.35324],[-83.394826,42.353222]],[[-83.39483,42.353226],[-83.396405,42.353191],[-83.398847,42.353126],[-83.401794,42.353055],[-83.403907,42.353005],[-83.404566,42.352997],[-83.407801,42.352911],[-83.408947,42.352866],[-83.409335,42.352872],[-83.409613,42.352817],[-83.410069,42.352801],[-83.410476,42.356831],[-83.410639,42.358346],[-83.41078,42.359943],[-83.410853,42.361416],[-83.411012,42.363267]],[[-83.367861,42.277898],[-83.368585,42.277882],[-83.372599,42.277839],[-83.372596,42.277609],[-83.375158,42.277549],[-83.377401,42.277487],[-83.377379,42.276049],[-83.378101,42.276042],[-83.384956,42.275929],[-83.387344,42.275918],[-83.387785,42.275983],[-83.387904,42.276018],[-83.387529,42.276051]],[[-83.411017,42.363268],[-83.411048,42.363686],[-83.411041,42.364446],[-83.410965,42.365187],[-83.410962,42.365562],[-83.411067,42.366309],[-83.411098,42.367484],[-83.41107,42.368157],[-83.40812,42.367619],[-83.407497,42.367507]],[[-83.296264,42.414131],[-83.296234,42.414105],[-83.296222,42.413971]],[[-83.407532,42.36754],[-83.407381,42.367711],[-83.407397,42.368647],[-83.407422,42.368668]],[[-83.407501,42.367505],[-83.407343,42.367712],[-83.407367,42.368676],[-83.407418,42.368672]],[[-83.380618,42.344429],[-83.380661,42.344939],[-83.380401,42.34495],[-83.380707,42.349911],[-83.380968,42.350135],[-83.385878,42.350072],[-83.386208,42.351974],[-83.386264,42.352593],[-83.386421,42.353593],[-83.387065,42.353567],[-83.387124,42.353338],[-83.387385,42.35334],[-83.387376,42.352946],[-83.387501,42.352853],[-83.390802,42.352784],[-83.39084,42.353286],[-83.403885,42.352979],[-83.407456,42.352901],[-83.409317,42.352844],[-83.409628,42.352785],[-83.410088,42.35277],[-83.410142,42.352799]],[[-83.38108,42.285318],[-83.381904,42.285276],[-83.382045,42.28519],[-83.382964,42.285316],[-83.383078,42.285669],[-83.383535,42.285673],[-83.383971,42.285631],[-83.384285,42.285645],[-83.384291,42.285753],[-83.384316,42.285882],[-83.384415,42.286186],[-83.384631,42.28683],[-83.384877,42.287423]],[[-83.381228,42.28298],[-83.380958,42.28313],[-83.381006,42.284278],[-83.380996,42.28451],[-83.381032,42.285268],[-83.38108,42.285314]],[[-83.391115,42.328078],[-83.388681,42.328118],[-83.388639,42.32991],[-83.38877,42.33174],[-83.389205,42.331722],[-83.389276,42.333329],[-83.389403,42.335122],[-83.389557,42.337491],[-83.387773,42.337524],[-83.386588,42.337543],[-83.385425,42.337573],[-83.385421,42.337708],[-83.385434,42.33797],[-83.385457,42.33844],[-83.38555,42.338792],[-83.385514,42.339039],[-83.38518,42.339058],[-83.384677,42.339093],[-83.384739,42.339231],[-83.384865,42.341849],[-83.384924,42.342869],[-83.384951,42.343563],[-83.384359,42.343666],[-83.384344,42.343964],[-83.381678,42.34438],[-83.38115,42.344413],[-83.38062,42.344426]],[[-83.410139,42.3528],[-83.410274,42.353741],[-83.410441,42.355425],[-83.410617,42.357409],[-83.410802,42.359482],[-83.41089,42.360275],[-83.411012,42.362644],[-83.411089,42.36368],[-83.411082,42.364106],[-83.411041,42.36481],[-83.410999,42.365567],[-83.411102,42.366324],[-83.411105,42.366501],[-83.41114,42.367487],[-83.41111,42.368195],[-83.409147,42.367845],[-83.407529,42.367547]],[[-83.388409,42.32176],[-83.387734,42.321763],[-83.387831,42.323657],[-83.38894,42.323632],[-83.389284,42.323971],[-83.390498,42.323928],[-83.390434,42.324293],[-83.390444,42.324928],[-83.391026,42.324919],[-83.391046,42.325793],[-83.3911,42.32726],[-83.391111,42.328073]],[[-83.388703,42.317297],[-83.38878,42.319014],[-83.388148,42.319027],[-83.388177,42.319911],[-83.387738,42.319918],[-83.387685,42.320009],[-83.387688,42.3204],[-83.387734,42.321748],[-83.388406,42.321743]],[[-83.390398,42.309803],[-83.38881,42.309811],[-83.388869,42.311836],[-83.388008,42.31186],[-83.388217,42.316068],[-83.388277,42.317292],[-83.388703,42.317295]],[[-83.392779,42.294927],[-83.389487,42.295054],[-83.389494,42.295368],[-83.389361,42.295593],[-83.389374,42.296036],[-83.389137,42.296047],[-83.389128,42.296249],[-83.389059,42.296312],[-83.388691,42.296331],[-83.388915,42.300943],[-83.389636,42.300919],[-83.389704,42.30405],[-83.388535,42.304095],[-83.388613,42.305511],[-83.389405,42.305509],[-83.389483,42.307002],[-83.389532,42.307224],[-83.38955,42.308182],[-83.389869,42.308505],[-83.390327,42.308503],[-83.390385,42.309784]],[[-83.384881,42.287432],[-83.38516,42.287934],[-83.392515,42.287766],[-83.392773,42.294921]],[[-83.452999,42.392061],[-83.453635,42.392248],[-83.453952,42.392557],[-83.453958,42.392971],[-83.453993,42.394053],[-83.454097,42.394142],[-83.454202,42.394424],[-83.45433,42.394728],[-83.454328,42.394917],[-83.453715,42.3949],[-83.452792,42.394862],[-83.451424,42.394816],[-83.450535,42.394836],[-83.450569,42.395295],[-83.449202,42.395344],[-83.449255,42.395543]],[[-83.443163,42.393737],[-83.443769,42.39368],[-83.44433,42.393582],[-83.444524,42.39355],[-83.444601,42.394785],[-83.445401,42.394755],[-83.445404,42.394899],[-83.446829,42.394861],[-83.44685,42.395409],[-83.448622,42.395347],[-83.449159,42.395354],[-83.44924,42.395547]],[[-83.270994,42.267032],[-83.269587,42.267033],[-83.26957,42.267538]],[[-83.289656,42.26819],[-83.289677,42.268823],[-83.273046,42.2692],[-83.272812,42.26894],[-83.27282,42.268623],[-83.271424,42.26867],[-83.271436,42.268336],[-83.270981,42.268346],[-83.27099,42.267032]],[[-83.274408,42.260149],[-83.273881,42.260167],[-83.270862,42.260245],[-83.269594,42.260264],[-83.269479,42.257959],[-83.269919,42.257954],[-83.269901,42.257452],[-83.269921,42.257395]],[[-83.263143,42.298285],[-83.263352,42.298156],[-83.263357,42.297757],[-83.263207,42.293869],[-83.263,42.289004],[-83.262878,42.286083],[-83.262761,42.283355],[-83.262632,42.279915],[-83.26248,42.276537],[-83.262665,42.276515],[-83.263769,42.276501],[-83.268284,42.276414],[-83.270268,42.276386],[-83.270245,42.27625],[-83.27021,42.275543],[-83.270077,42.271717],[-83.270013,42.270179],[-83.270001,42.269404],[-83.270023,42.26883],[-83.270117,42.267826],[-83.270246,42.266908],[-83.270243,42.266306],[-83.270214,42.265185],[-83.270176,42.263806],[-83.270166,42.263566],[-83.270141,42.261871],[-83.270128,42.261149],[-83.270098,42.260365]],[[-83.269922,42.257402],[-83.26995,42.257364],[-83.269939,42.256923],[-83.269842,42.254969],[-83.269734,42.251798],[-83.269595,42.247047],[-83.269523,42.245657],[-83.26943,42.243014],[-83.269415,42.242724],[-83.269037,42.242748],[-83.269035,42.242841],[-83.264553,42.242967],[-83.259527,42.243121],[-83.256593,42.243233],[-83.255854,42.243129],[-83.255515,42.243159],[-83.255402,42.24318],[-83.251919,42.243336],[-83.249925,42.243404],[-83.249948,42.243538],[-83.25013,42.251886],[-83.25017,42.255028],[-83.250198,42.255855],[-83.249912,42.255554]],[[-83.270105,42.260367],[-83.26962,42.26024],[-83.269507,42.257978],[-83.269954,42.257967],[-83.269925,42.257436],[-83.269923,42.257396]],[[-83.262599,42.278408],[-83.262591,42.27845],[-83.262644,42.279972],[-83.262776,42.283295],[-83.262908,42.286654],[-83.262941,42.287463],[-83.263091,42.287633],[-83.263112,42.288603],[-83.263065,42.28878],[-83.262979,42.288821],[-83.262996,42.289057],[-83.263088,42.291044],[-83.263255,42.291296],[-83.26336,42.293354],[-83.263205,42.293696],[-83.26327,42.294889],[-83.263352,42.297728],[-83.263349,42.298061],[-83.263346,42.298142],[-83.263232,42.298218],[-83.26315,42.298287]],[[-83.263799,42.293533],[-83.263591,42.288676],[-83.263107,42.288655],[-83.262949,42.288495],[-83.263067,42.288781]],[[-83.273816,42.286691],[-83.273977,42.292073],[-83.27402,42.293345],[-83.273787,42.293355],[-83.272978,42.293374],[-83.27299,42.293454],[-83.270419,42.293506],[-83.27044,42.293404],[-83.264517,42.293535],[-83.263963,42.293543],[-83.263798,42.293532],[-83.263742,42.293536],[-83.263477,42.293549],[-83.26316,42.293562],[-83.261461,42.293602],[-83.259797,42.293651],[-83.259777,42.29365],[-83.259292,42.294186],[-83.258151,42.293683],[-83.256115,42.2928],[-83.253751,42.291738],[-83.25257,42.291223],[-83.252514,42.291009],[-83.252516,42.290774]],[[-83.262045,42.278366],[-83.262467,42.278367],[-83.262599,42.27841]],[[-83.285142,42.278237],[-83.285184,42.280044],[-83.284991,42.280043],[-83.280234,42.280148],[-83.276691,42.28026],[-83.276692,42.279348],[-83.271257,42.279462],[-83.27126,42.279867],[-83.269788,42.279887],[-83.269782,42.279716],[-83.269714,42.278219],[-83.26403,42.278313],[-83.262533,42.27835],[-83.262045,42.27836]],[[-83.293165,42.272988],[-83.293235,42.274465],[-83.293189,42.274469],[-83.290353,42.274534],[-83.290371,42.274904],[-83.289037,42.274941],[-83.289044,42.274548],[-83.287357,42.274595],[-83.287322,42.273306],[-83.287286,42.273311],[-83.287378,42.276399],[-83.287434,42.278225],[-83.285166,42.278231]],[[-83.251309,42.278596],[-83.251563,42.278583],[-83.26009,42.278411],[-83.26167,42.278377],[-83.262045,42.278363]],[[-83.251448,42.275018],[-83.251553,42.27835],[-83.251568,42.278574],[-83.251311,42.278588]],[[-83.263157,42.298294],[-83.263509,42.298174],[-83.263454,42.297147],[-83.263482,42.297093],[-83.263526,42.297152],[-83.265208,42.297114],[-83.266266,42.297098],[-83.268166,42.297058],[-83.268123,42.295207],[-83.268015,42.293475],[-83.270408,42.293421],[-83.270378,42.29353],[-83.270944,42.293539],[-83.271865,42.293491],[-83.272969,42.293473],[-83.27301,42.29442],[-83.272925,42.294491]],[[-83.264952,42.30117],[-83.263476,42.30151],[-83.263522,42.298839],[-83.263225,42.298319],[-83.263142,42.298299]],[[-83.285582,42.297026],[-83.28555,42.297595],[-83.285302,42.297634],[-83.28053,42.298187],[-83.280161,42.298229],[-83.278364,42.298469],[-83.27638,42.298797],[-83.27444,42.299162],[-83.272263,42.299632],[-83.272191,42.299318],[-83.271307,42.299528],[-83.271234,42.29989],[-83.270174,42.300159],[-83.268454,42.300578],[-83.267344,42.300853],[-83.2654,42.301324],[-83.264949,42.301167]],[[-83.27996,42.310366],[-83.279897,42.308748],[-83.279881,42.308412],[-83.281236,42.308396],[-83.281129,42.306249],[-83.281112,42.30521],[-83.281716,42.305137],[-83.283058,42.305111],[-83.283867,42.305073],[-83.284336,42.305076],[-83.284748,42.305125],[-83.285242,42.305115],[-83.285754,42.305096],[-83.286082,42.305047],[-83.285981,42.302032],[-83.285981,42.301985],[-83.285972,42.301877],[-83.285995,42.301552]],[[-83.269387,42.313044],[-83.270486,42.313028],[-83.270463,42.312531],[-83.271095,42.312535],[-83.271033,42.310542],[-83.27152,42.310542],[-83.275074,42.310483],[-83.279959,42.310367]],[[-83.276176,42.317152],[-83.27612,42.314821],[-83.278526,42.314767],[-83.278456,42.31288],[-83.278929,42.31286],[-83.279121,42.312782],[-83.279649,42.312772],[-83.280184,42.312757],[-83.280171,42.312612],[-83.280043,42.312277],[-83.279958,42.310366]],[[-83.276492,42.323257],[-83.276176,42.317156]]]},"properties":{"id":"fna-member-routes-20260918-c276887743df33f73bbd","sourceId":"fna-member-routes-20260918","source":"Fiber Network Alliance member fiber lines","sourceUrl":"https://www.fibernetworkalliance.com/membership-map-line/","name":"WOW-Detroit published routes","carrier":"WOW-Detroit","category":"unknown","routeStatus":"Status not established","evidence":"publisher_route","dataDate":null,"metadataModified":null,"retrievedAt":"2026-09-18T19:56:04.130240+00:00","networkType":"Published fiber route; precision and network class unverified","serviceability":"Unconfirmed","routeDiversity":"Unconfirmed","states":["MI"],"publishedLineParts":100},"bbox":[-83.45433,42.242724,-83.249912,42.414131]},{"type":"Feature","geometry":{"type":"MultiLineString","coordinates":[[[-83.291989,42.32913],[-83.291502,42.318968],[-83.291778,42.3189],[-83.291742,42.318133],[-83.292239,42.318109],[-83.291983,42.314305],[-83.291898,42.312511],[-83.291387,42.31251],[-83.291067,42.312629],[-83.289965,42.312662],[-83.289936,42.31221],[-83.289923,42.311946],[-83.289847,42.310052],[-83.28856,42.310087],[-83.288629,42.309883],[-83.288567,42.308492],[-83.290396,42.308447],[-83.290266,42.306386],[-83.290208,42.304933],[-83.289236,42.304957],[-83.28926,42.305304],[-83.286633,42.305363],[-83.286606,42.30502],[-83.28611,42.30504],[-83.286009,42.302037],[-83.286006,42.301936],[-83.286003,42.301562]],[[-83.306143,42.318621],[-83.297691,42.318788],[-83.296577,42.318796],[-83.29652,42.318054],[-83.296257,42.318032],[-83.292694,42.318101],[-83.292272,42.318126],[-83.291764,42.318144],[-83.291752,42.318141]],[[-83.276049,42.329487],[-83.289098,42.329189],[-83.291986,42.32913]],[[-83.273523,42.337888],[-83.290777,42.337515],[-83.290681,42.336119],[-83.290638,42.335677],[-83.290595,42.33503],[-83.292328,42.334993],[-83.291982,42.329134]],[[-83.304516,42.334315],[-83.303499,42.334355],[-83.302514,42.33439],[-83.302538,42.334691],[-83.302551,42.334952],[-83.302513,42.33513],[-83.302526,42.33567],[-83.302407,42.335854],[-83.302443,42.336041],[-83.302427,42.336526],[-83.301717,42.336584],[-83.301226,42.336713],[-83.300864,42.336812],[-83.300658,42.336935],[-83.300729,42.337176],[-83.300225,42.337189],[-83.29933,42.337216],[-83.297804,42.337248],[-83.297294,42.337392],[-83.290782,42.33751]],[[-83.274192,42.349719],[-83.273979,42.346163],[-83.273754,42.342105],[-83.273731,42.341536],[-83.273686,42.341274],[-83.27361,42.339899],[-83.273513,42.33789]],[[-83.253408,42.335914],[-83.253414,42.335581],[-83.253289,42.335264],[-83.253234,42.334537],[-83.253072,42.334367],[-83.252677,42.334061],[-83.252317,42.333755],[-83.252053,42.333369],[-83.251879,42.332915],[-83.251741,42.332275],[-83.251646,42.331852],[-83.250648,42.332041],[-83.249732,42.331916],[-83.249677,42.331543],[-83.249658,42.331],[-83.249661,42.330662],[-83.249593,42.330315],[-83.249681,42.330304],[-83.250279,42.330248],[-83.250742,42.330207],[-83.251134,42.330126],[-83.25185,42.329946],[-83.252543,42.329931],[-83.253102,42.330097],[-83.253067,42.329884],[-83.25346,42.329829],[-83.253953,42.329801],[-83.25459,42.32979],[-83.25539,42.329829],[-83.256003,42.32988],[-83.256616,42.329876],[-83.257213,42.329838],[-83.257816,42.329713],[-83.258124,42.32969],[-83.259133,42.329659],[-83.2612,42.329614],[-83.261751,42.329606],[-83.262473,42.329581],[-83.262685,42.329576],[-83.262724,42.329836],[-83.262717,42.330233],[-83.262973,42.330258],[-83.265222,42.330182],[-83.265264,42.330418],[-83.265251,42.330892],[-83.26527,42.331421],[-83.265665,42.331498],[-83.266057,42.331629],[-83.266648,42.331882],[-83.266953,42.331981],[-83.26714,42.331991],[-83.267123,42.332122],[-83.267392,42.332126],[-83.267746,42.332122],[-83.26777,42.332973],[-83.267816,42.333879],[-83.26792,42.336842],[-83.267977,42.337669],[-83.268023,42.338051],[-83.268046,42.338417],[-83.268399,42.338644],[-83.268653,42.338959],[-83.268983,42.339139],[-83.269417,42.339398],[-83.269832,42.339656],[-83.270709,42.34014],[-83.271725,42.34073],[-83.27173,42.341017],[-83.271766,42.341567],[-83.27232,42.341554],[-83.273731,42.341535]],[[-83.288948,42.35098],[-83.288507,42.350954],[-83.287918,42.350931],[-83.287172,42.350944],[-83.286876,42.350948],[-83.287032,42.352882],[-83.285334,42.352921],[-83.282859,42.352985],[-83.281238,42.353031],[-83.279554,42.353084],[-83.27954,42.352737],[-83.279387,42.350813],[-83.278052,42.350747],[-83.277477,42.350705],[-83.276036,42.350621],[-83.275506,42.350536],[-83.27461,42.35037],[-83.274256,42.350362],[-83.274215,42.350055],[-83.274192,42.349721]],[[-83.310238,42.35191],[-83.308979,42.352308],[-83.309216,42.352649],[-83.308369,42.352923],[-83.308354,42.353071],[-83.308072,42.353079],[-83.307524,42.353121],[-83.306776,42.353351],[-83.306601,42.353071],[-83.305712,42.35331],[-83.305269,42.35333],[-83.30476,42.353418],[-83.304325,42.353488],[-83.303621,42.353599],[-83.303163,42.353552],[-83.302698,42.353511],[-83.302087,42.353425],[-83.301689,42.353383],[-83.301644,42.35368],[-83.300557,42.353426],[-83.299802,42.353196],[-83.299577,42.353054],[-83.299513,42.352954],[-83.299562,42.352821],[-83.298259,42.352421],[-83.29752,42.35218],[-83.295997,42.351913],[-83.294771,42.351689],[-83.294113,42.351576],[-83.294109,42.351765],[-83.294133,42.352021],[-83.292178,42.351687],[-83.292124,42.351263],[-83.28895,42.350979]],[[-83.286328,42.298235],[-83.285842,42.298289],[-83.285815,42.297985]],[[-83.286425,42.30072],[-83.28638,42.299552],[-83.286326,42.298234]],[[-83.285997,42.301556],[-83.28596,42.300728],[-83.286425,42.300722]],[[-83.285839,42.297969],[-83.285872,42.29794],[-83.2858,42.296961],[-83.28559,42.297021]],[[-83.285828,42.297974],[-83.285764,42.296996],[-83.285584,42.297031]],[[-83.243264,42.304205],[-83.245119,42.303763],[-83.245349,42.30397],[-83.246745,42.303642],[-83.247273,42.303503],[-83.249291,42.302998],[-83.249002,42.302397],[-83.252825,42.301446],[-83.256906,42.300379],[-83.256728,42.300029],[-83.257479,42.299834],[-83.257862,42.299744],[-83.257641,42.299235],[-83.257002,42.297871],[-83.256514,42.297657],[-83.259325,42.294176],[-83.259789,42.293665],[-83.260454,42.293642],[-83.27042,42.293412],[-83.270404,42.293515],[-83.271381,42.293503],[-83.271941,42.293484],[-83.272982,42.293462],[-83.273024,42.294417],[-83.272942,42.294497]],[[-83.263147,42.298292],[-83.26346,42.298854],[-83.26343,42.301539],[-83.263587,42.301507],[-83.264884,42.301204],[-83.268688,42.300252],[-83.270615,42.29978],[-83.270994,42.299663],[-83.271417,42.299477],[-83.271851,42.299386],[-83.27188,42.299707],[-83.271891,42.29996],[-83.272027,42.300599],[-83.272257,42.30205],[-83.272295,42.302863],[-83.272292,42.303585],[-83.272256,42.304069],[-83.272174,42.305196],[-83.27213,42.305873],[-83.272099,42.306883],[-83.272103,42.308429],[-83.272129,42.309887],[-83.272227,42.312208],[-83.272405,42.315577],[-83.272781,42.323571],[-83.2729,42.326635],[-83.272944,42.327463]],[[-83.275577,42.357564],[-83.275599,42.357998],[-83.275601,42.358434],[-83.275562,42.358668],[-83.275603,42.359324],[-83.27562,42.360062],[-83.275639,42.360415],[-83.275873,42.360519],[-83.276889,42.360487]],[[-83.2769,42.360497],[-83.276378,42.36051],[-83.276044,42.360521],[-83.275871,42.360529],[-83.275634,42.360427],[-83.275658,42.360782],[-83.275706,42.362825],[-83.275729,42.36316],[-83.275732,42.363481],[-83.275746,42.364179]],[[-83.268855,42.374345],[-83.270118,42.374314],[-83.269994,42.371889],[-83.271733,42.371862],[-83.271719,42.371538],[-83.27167,42.371221],[-83.271714,42.371091],[-83.271703,42.370867],[-83.272371,42.370855],[-83.27238,42.370733],[-83.272377,42.370334],[-83.272346,42.369619],[-83.272326,42.368999]],[[-83.27233,42.368999],[-83.272311,42.368631],[-83.272289,42.368119],[-83.272237,42.367025],[-83.272231,42.366594],[-83.272218,42.366358],[-83.272537,42.366582],[-83.273282,42.366587],[-83.273895,42.366628],[-83.273896,42.366565],[-83.273883,42.365937],[-83.273855,42.365003],[-83.273852,42.364597],[-83.273843,42.364207],[-83.275015,42.36419],[-83.275401,42.364184],[-83.275726,42.364185]],[[-83.275949,42.368852],[-83.27594,42.368841],[-83.275739,42.364182]],[[-83.275815,42.37602],[-83.275853,42.374222],[-83.275934,42.372222],[-83.276007,42.370995],[-83.275987,42.370444],[-83.276017,42.369813],[-83.27595,42.368852]],[[-83.300588,42.362045],[-83.300637,42.363167],[-83.30055,42.363363],[-83.300567,42.363718],[-83.30129,42.363669],[-83.30137,42.367364],[-83.300862,42.367373]],[[-83.275749,42.364181],[-83.275797,42.365576],[-83.275944,42.368618],[-83.275956,42.36885],[-83.27651,42.368893],[-83.280316,42.368787],[-83.287826,42.368606],[-83.291782,42.368531],[-83.29182,42.370379],[-83.292307,42.370372]],[[-83.287241,42.364194],[-83.287541,42.364203],[-83.287952,42.364209],[-83.289191,42.364171],[-83.289222,42.365766],[-83.289306,42.367325],[-83.289352,42.368562],[-83.290926,42.368536],[-83.291224,42.368528],[-83.291797,42.368524],[-83.2918,42.368778],[-83.291835,42.370372],[-83.292322,42.370365]],[[-83.306261,42.359385],[-83.304368,42.359497],[-83.303935,42.359527],[-83.303489,42.359492],[-83.302218,42.359558],[-83.300502,42.359653],[-83.30056,42.361107],[-83.300592,42.362045]],[[-83.292318,42.37037],[-83.292366,42.370559],[-83.292347,42.370728],[-83.292404,42.371345],[-83.293812,42.371311],[-83.29426,42.371302],[-83.29432,42.373167],[-83.295618,42.373123],[-83.295651,42.374063],[-83.295707,42.375532],[-83.297129,42.375473],[-83.299323,42.375397],[-83.299594,42.375392],[-83.301031,42.375336]],[[-83.300862,42.367377],[-83.30016,42.367397],[-83.297892,42.367481],[-83.297285,42.367504],[-83.296656,42.367973],[-83.296376,42.368203],[-83.296118,42.368406],[-83.295793,42.368413],[-83.295452,42.36843],[-83.295529,42.370274],[-83.295045,42.370298],[-83.293581,42.370322],[-83.292333,42.370365]],[[-83.30901,42.370356],[-83.309013,42.370838],[-83.309176,42.373764],[-83.309228,42.374878],[-83.308629,42.374884],[-83.307335,42.374936]],[[-83.307333,42.374933],[-83.306976,42.374943],[-83.306383,42.374993],[-83.305323,42.375061],[-83.305058,42.375085],[-83.304587,42.375166],[-83.30413,42.375207],[-83.303606,42.375232],[-83.302113,42.375296],[-83.301715,42.375306],[-83.301042,42.375335]],[[-83.301038,42.375335],[-83.301106,42.376334],[-83.301119,42.376796],[-83.301161,42.377469],[-83.300624,42.377483],[-83.299603,42.377522],[-83.298627,42.377567],[-83.2977,42.377615],[-83.29677,42.377657],[-83.295801,42.377704],[-83.295577,42.377713],[-83.295572,42.377743],[-83.295577,42.378053],[-83.295579,42.378289],[-83.295552,42.378631],[-83.29556,42.378977],[-83.295544,42.379356],[-83.295526,42.379718],[-83.294871,42.379886],[-83.294687,42.37988],[-83.294692,42.380385],[-83.294886,42.380383],[-83.295385,42.380503],[-83.295891,42.380503],[-83.295963,42.382844],[-83.296004,42.383703],[-83.296038,42.384486],[-83.29722,42.384537]],[[-83.305122,42.384443],[-83.304139,42.384475],[-83.30376,42.384487],[-83.303428,42.384507],[-83.302962,42.384594],[-83.301631,42.384649],[-83.300774,42.384647],[-83.298041,42.384572],[-83.297224,42.384542]],[[-83.284532,42.384697],[-83.285118,42.38469],[-83.28877,42.384596],[-83.29061,42.384555],[-83.291137,42.384539],[-83.291584,42.384504],[-83.292272,42.384477],[-83.293043,42.384443],[-83.295044,42.384478],[-83.295665,42.384488],[-83.29647,42.384522],[-83.297213,42.384545]],[[-83.297222,42.384545],[-83.297243,42.385741],[-83.296558,42.385791],[-83.295815,42.385819],[-83.295284,42.385846],[-83.295293,42.38643],[-83.295314,42.387007],[-83.295323,42.387554]],[[-83.280701,42.390386],[-83.284345,42.390302],[-83.285191,42.390287],[-83.286973,42.390256]],[[-83.286972,42.390259],[-83.287123,42.390256],[-83.287651,42.390236],[-83.288858,42.390228],[-83.288804,42.38927],[-83.288737,42.38769],[-83.291544,42.38765],[-83.293623,42.387609],[-83.294303,42.387594],[-83.294813,42.387595],[-83.29531,42.38756]],[[-83.304183,42.389063],[-83.303732,42.3888],[-83.303731,42.3888],[-83.303732,42.3888],[-83.302677,42.388738],[-83.301488,42.388717],[-83.300353,42.388663],[-83.300353,42.389304],[-83.300353,42.389363],[-83.300378,42.389758],[-83.29892,42.389747],[-83.297677,42.389802],[-83.297313,42.389811],[-83.296428,42.389886],[-83.296187,42.389896],[-83.296133,42.38949],[-83.295611,42.389568],[-83.295396,42.389613],[-83.295343,42.388235],[-83.29533,42.387561]],[[-83.295316,42.38756],[-83.295331,42.388233],[-83.295362,42.389367],[-83.295402,42.390794],[-83.295409,42.39136],[-83.295467,42.392485],[-83.295492,42.394119],[-83.29507,42.394153],[-83.295047,42.394669],[-83.295104,42.395938],[-83.295178,42.39684],[-83.295243,42.398333],[-83.295273,42.399082],[-83.293859,42.399119],[-83.293659,42.399255],[-83.293675,42.399359]],[[-83.306672,42.399131],[-83.306671,42.399129],[-83.306671,42.39913],[-83.306672,42.399131],[-83.306542,42.398867],[-83.306498,42.398585],[-83.306032,42.398607],[-83.304556,42.39869],[-83.301988,42.39881],[-83.301693,42.398833],[-83.300806,42.398867],[-83.298204,42.398985],[-83.298184,42.398696]],[[-83.29819,42.39869],[-83.296994,42.398751],[-83.296448,42.398784],[-83.296496,42.399071],[-83.29572,42.399097],[-83.295223,42.399113],[-83.293866,42.399142],[-83.293687,42.399263],[-83.293692,42.399365]],[[-83.284492,42.405878],[-83.284059,42.4059],[-83.283617,42.40586],[-83.283076,42.405763],[-83.283171,42.405205],[-83.283141,42.404756],[-83.283047,42.404433],[-83.28298,42.404113],[-83.282685,42.404007],[-83.282356,42.403612],[-83.282031,42.403187],[-83.281969,42.402967],[-83.281897,42.402507],[-83.281861,42.401591]],[[-83.281873,42.401594],[-83.281853,42.400397],[-83.285712,42.400318],[-83.286797,42.400278],[-83.288029,42.40026],[-83.294667,42.400083],[-83.2951,42.400076],[-83.295709,42.400083]],[[-83.307548,42.440559],[-83.305884,42.440611],[-83.303496,42.440654],[-83.299735,42.440759],[-83.29874,42.440791],[-83.298137,42.440807],[-83.298115,42.440682],[-83.298074,42.439704],[-83.298054,42.439033],[-83.297585,42.439052]],[[-83.291918,42.439174],[-83.295859,42.439105],[-83.297215,42.439065],[-83.297582,42.439055]],[[-83.29758,42.439053],[-83.297537,42.438632],[-83.297423,42.435479],[-83.297325,42.433373],[-83.297309,42.432884],[-83.2974,42.432488],[-83.297001,42.43233]],[[-83.313573,42.436684],[-83.312415,42.436728],[-83.312452,42.437859],[-83.308825,42.436357]],[[-83.308843,42.436375],[-83.308617,42.436283],[-83.303943,42.434414],[-83.303073,42.43407],[-83.302332,42.433753],[-83.301952,42.433593],[-83.301496,42.433551],[-83.299723,42.432829],[-83.299749,42.433059],[-83.299764,42.433437],[-83.298384,42.432871],[-83.297898,42.432672],[-83.297006,42.432324]],[[-83.297004,42.432327],[-83.296969,42.430944],[-83.296909,42.429693],[-83.296867,42.42887],[-83.296821,42.427123],[-83.296786,42.426632]],[[-83.308461,42.426205],[-83.307223,42.426265],[-83.306866,42.426292],[-83.306553,42.426317],[-83.306548,42.425994],[-83.306064,42.426011],[-83.304888,42.426026],[-83.304286,42.426047],[-83.303993,42.426075],[-83.302906,42.426101],[-83.301876,42.426116],[-83.301888,42.426416],[-83.301564,42.426464],[-83.30155,42.426468],[-83.300502,42.426511],[-83.297541,42.426614],[-83.296787,42.426632],[-83.296789,42.426507]],[[-83.29679,42.426506],[-83.29675,42.424932],[-83.296732,42.424301],[-83.296683,42.423699],[-83.296635,42.423072]],[[-83.307096,42.420839],[-83.301472,42.421095],[-83.300999,42.421117],[-83.301022,42.421677],[-83.301066,42.422896],[-83.297446,42.42303],[-83.296647,42.42307]],[[-83.29664,42.423072],[-83.296558,42.420695],[-83.296349,42.416327],[-83.296295,42.414382],[-83.296282,42.414134]],[[-83.289195,42.414336],[-83.293392,42.414221],[-83.295219,42.414172],[-83.295741,42.414146],[-83.296255,42.414138]],[[-83.306024,42.413108],[-83.305134,42.41315],[-83.299982,42.413355],[-83.299468,42.413383]],[[-83.299465,42.413384],[-83.297244,42.413477],[-83.296563,42.413497],[-83.296277,42.413466],[-83.2963,42.414126]],[[-83.296257,42.414139],[-83.296234,42.41345],[-83.295813,42.413458],[-83.295727,42.413304],[-83.29553,42.408849],[-83.29545,42.408725],[-83.295458,42.408191],[-83.295785,42.408199],[-83.296033,42.408175],[-83.296021,42.407684],[-83.296012,42.407308],[-83.295989,42.406701]],[[-83.308938,42.40612],[-83.305979,42.40627],[-83.297564,42.40665],[-83.296527,42.406692],[-83.295987,42.406703]],[[-83.295987,42.406705],[-83.295977,42.406358],[-83.295968,42.40612],[-83.295921,42.404875],[-83.295899,42.404135]],[[-83.295897,42.404136],[-83.295832,42.403199],[-83.295726,42.400399],[-83.295711,42.400088]],[[-83.295712,42.40009],[-83.295682,42.399124],[-83.293886,42.399165],[-83.293713,42.399276],[-83.293718,42.399356]],[[-83.296284,42.414132],[-83.296259,42.413513],[-83.296254,42.413434],[-83.295823,42.41345],[-83.295749,42.413311],[-83.295676,42.411612],[-83.295551,42.408843],[-83.29548,42.408727],[-83.295487,42.40821],[-83.295548,42.408213],[-83.295772,42.408216],[-83.296064,42.408189],[-83.295952,42.404852],[-83.295807,42.40116],[-83.295717,42.399786],[-83.295696,42.399116],[-83.293883,42.399158],[-83.293707,42.399273],[-83.29371,42.399358]],[[-83.293874,42.399149],[-83.293694,42.399268],[-83.293698,42.399355]]]},"properties":{"id":"fna-member-routes-20260918-32fbc8abb0b55891d219","sourceId":"fna-member-routes-20260918","source":"Fiber Network Alliance member fiber lines","sourceUrl":"https://www.fibernetworkalliance.com/membership-map-line/","name":"WOW-Detroit published routes","carrier":"WOW-Detroit","category":"unknown","routeStatus":"Status not established","evidence":"publisher_route","dataDate":null,"metadataModified":null,"retrievedAt":"2026-09-18T19:56:04.130240+00:00","networkType":"Published fiber route; precision and network class unverified","serviceability":"Unconfirmed","routeDiversity":"Unconfirmed","states":["MI"],"publishedLineParts":62},"bbox":[-83.313573,42.293412,-83.243264,42.440807]},{"type":"Feature","geometry":{"type":"MultiLineString","coordinates":[[[-83.269883,42.530695],[-83.268809,42.530713],[-83.268205,42.530735],[-83.26712,42.530764],[-83.266007,42.530753],[-83.265387,42.530481],[-83.26477,42.530479],[-83.264501,42.530469],[-83.264185,42.53047]],[[-83.26206,42.512456],[-83.262058,42.51274],[-83.262001,42.513081],[-83.26189,42.513592],[-83.261837,42.5139],[-83.261808,42.514181],[-83.261806,42.514398],[-83.26184,42.514664],[-83.261872,42.514837],[-83.261972,42.515182],[-83.262008,42.515331],[-83.262106,42.515637],[-83.262215,42.516002]],[[-83.269378,42.515789],[-83.26883,42.515799],[-83.268095,42.515819],[-83.267601,42.515832],[-83.266841,42.515846],[-83.266248,42.515876],[-83.265292,42.515901],[-83.264585,42.515928],[-83.264097,42.515929],[-83.263426,42.515935],[-83.263262,42.51594],[-83.262812,42.515955],[-83.262225,42.516006]],[[-83.27051,42.522951],[-83.270481,42.522842],[-83.270277,42.52246],[-83.271026,42.522148],[-83.271823,42.521874],[-83.271754,42.521543],[-83.271653,42.520922],[-83.271529,42.520038],[-83.271103,42.520035],[-83.270398,42.520049],[-83.26997,42.520081],[-83.269562,42.520088],[-83.268605,42.520158],[-83.268591,42.519868],[-83.268538,42.519352],[-83.268474,42.518815],[-83.268405,42.518285],[-83.268287,42.517519],[-83.268255,42.517202],[-83.26823,42.516841],[-83.268185,42.516459],[-83.268136,42.516124],[-83.268105,42.515829],[-83.269376,42.515795]],[[-83.25207,42.530969],[-83.253794,42.530927],[-83.256494,42.530876],[-83.261492,42.530786],[-83.262435,42.530809],[-83.264178,42.53076],[-83.264173,42.530474],[-83.264059,42.52933],[-83.263917,42.528237],[-83.263878,42.527731],[-83.263917,42.528237],[-83.264059,42.52933],[-83.264173,42.530474],[-83.264178,42.53076],[-83.262435,42.530809],[-83.261492,42.530786],[-83.256494,42.530876],[-83.253794,42.530927],[-83.25207,42.530969]],[[-83.253928,42.528346],[-83.253979,42.528983],[-83.253486,42.528995],[-83.252886,42.529015],[-83.252749,42.529148],[-83.252754,42.529601],[-83.252776,42.530076],[-83.252116,42.530096],[-83.252111,42.530498],[-83.252069,42.530966]],[[-83.26221,42.515998],[-83.262312,42.51636],[-83.262391,42.516893],[-83.262506,42.517401],[-83.2629,42.519984],[-83.263112,42.521756],[-83.263556,42.524934],[-83.263688,42.526352],[-83.263882,42.527734],[-83.263688,42.526352],[-83.263556,42.524934],[-83.263112,42.521756],[-83.2629,42.519984],[-83.262506,42.517401],[-83.262391,42.516893],[-83.262312,42.51636],[-83.26221,42.515998]],[[-83.251921,42.516265],[-83.252801,42.516225],[-83.255572,42.516159],[-83.256498,42.516153],[-83.258506,42.516141],[-83.260204,42.516087],[-83.260889,42.516068],[-83.261794,42.516028],[-83.262205,42.516003],[-83.261794,42.516028],[-83.260889,42.516068],[-83.260204,42.516087],[-83.258506,42.516141],[-83.256498,42.516153],[-83.255572,42.516159],[-83.252801,42.516225],[-83.251921,42.516265]]]},"properties":{"id":"fna-member-routes-20260918-ad6594449f52138db06c","sourceId":"fna-member-routes-20260918","source":"Fiber Network Alliance member fiber lines","sourceUrl":"https://www.fibernetworkalliance.com/membership-map-line/","name":"WOW-Detroit published routes","carrier":"WOW-Detroit","category":"unknown","routeStatus":"Status not established","evidence":"publisher_route","dataDate":null,"metadataModified":null,"retrievedAt":"2026-09-18T19:56:04.130240+00:00","networkType":"Published fiber route; precision and network class unverified","serviceability":"Unconfirmed","routeDiversity":"Unconfirmed","states":["MI"],"publishedLineParts":8},"bbox":[-83.271823,42.512456,-83.251921,42.530969]},{"type":"Feature","geometry":{"type":"MultiLineString","coordinates":[[[-83.18479,42.238832],[-83.184758,42.238864],[-83.185078,42.243938],[-83.185227,42.24584],[-83.182788,42.250438],[-83.18248,42.251051],[-83.182095,42.251638],[-83.181816,42.251873]],[[-83.171549,42.248576],[-83.171824,42.248825],[-83.171864,42.248838],[-83.172119,42.248921],[-83.173281,42.249282],[-83.173757,42.249301],[-83.174245,42.249589],[-83.176491,42.250277],[-83.177417,42.250013]],[[-83.199247,42.208744],[-83.199326,42.208742],[-83.198603,42.20938],[-83.196473,42.211152],[-83.194928,42.212447],[-83.194332,42.21296],[-83.194006,42.21323],[-83.193794,42.213531],[-83.193643,42.213828],[-83.19359,42.214118],[-83.193578,42.214398],[-83.193652,42.216362],[-83.193663,42.21699],[-83.19374,42.218274],[-83.193708,42.218431],[-83.193299,42.218443],[-83.193297,42.218468],[-83.193722,42.218464],[-83.194012,42.22341],[-83.194026,42.223634]],[[-83.199701,42.199659],[-83.197927,42.199646]],[[-83.201631,42.195456],[-83.200571,42.195471],[-83.20067,42.198375],[-83.200211,42.198378],[-83.199765,42.198498],[-83.199703,42.198986],[-83.19969,42.199654]],[[-83.167821,42.246255],[-83.167462,42.246921],[-83.171513,42.24816],[-83.171633,42.248241],[-83.1716,42.24831],[-83.171536,42.248591]],[[-83.163542,42.240315],[-83.163322,42.240701],[-83.165435,42.24136],[-83.16504,42.242077],[-83.163499,42.244943],[-83.167808,42.246253]],[[-83.176623,42.238901],[-83.177038,42.238998],[-83.176912,42.239284],[-83.178342,42.23964],[-83.178453,42.239325],[-83.1789,42.239414],[-83.179326,42.23953],[-83.179343,42.239901],[-83.179356,42.240133],[-83.179428,42.241767],[-83.179467,42.242393],[-83.179519,42.243275],[-83.179546,42.244113],[-83.179412,42.244362],[-83.179213,42.244567],[-83.178935,42.245032],[-83.178183,42.246419],[-83.177745,42.247227],[-83.177581,42.247386],[-83.177447,42.247719],[-83.175544,42.24711],[-83.175288,42.247045],[-83.175078,42.246959],[-83.172702,42.246242],[-83.17171,42.248138],[-83.171681,42.248238],[-83.171558,42.248583]],[[-83.177158,42.230206],[-83.177389,42.234604],[-83.177458,42.235616],[-83.177357,42.23627],[-83.177313,42.236446],[-83.177283,42.236688],[-83.177244,42.236909],[-83.177065,42.237472],[-83.176624,42.238892]],[[-83.184021,42.24772],[-83.183631,42.248454],[-83.181796,42.251878]],[[-83.189268,42.224023],[-83.189312,42.225077],[-83.189297,42.22557],[-83.189315,42.225927],[-83.189648,42.233007],[-83.189847,42.237656],[-83.189992,42.240195],[-83.187689,42.239883],[-83.187694,42.239984],[-83.185156,42.240057],[-83.185202,42.24052],[-83.185109,42.240451],[-83.184763,42.24042]],[[-83.184781,42.238836],[-83.184709,42.238873],[-83.184777,42.240278],[-83.184769,42.240414]],[[-83.212082,42.213274],[-83.207235,42.213344],[-83.207234,42.212986],[-83.206713,42.212924],[-83.206717,42.212776],[-83.20643,42.212711],[-83.205526,42.212722],[-83.20521,42.212785],[-83.202629,42.212815],[-83.20261,42.213077],[-83.200685,42.213118],[-83.200558,42.210509],[-83.200551,42.208702],[-83.200125,42.208707],[-83.199249,42.208737]],[[-83.194024,42.223628],[-83.194077,42.22377],[-83.194108,42.225058],[-83.194338,42.229397],[-83.194667,42.238002],[-83.194695,42.238601],[-83.190574,42.238695],[-83.184785,42.238836]],[[-83.21632,42.212847],[-83.21518,42.212872],[-83.21515,42.21226],[-83.214554,42.212257],[-83.214595,42.213233],[-83.212072,42.213282]],[[-83.219607,42.21312],[-83.216351,42.213161],[-83.216313,42.212846]],[[-83.219595,42.213623],[-83.219602,42.213125]],[[-83.220595,42.215373],[-83.219661,42.214567],[-83.219765,42.2143],[-83.219724,42.213792],[-83.219593,42.213631]],[[-83.182278,42.194498],[-83.182358,42.196896],[-83.182466,42.19984],[-83.185041,42.199801],[-83.187323,42.199782],[-83.189377,42.19975],[-83.189725,42.199748],[-83.190164,42.199772],[-83.192983,42.199721],[-83.195166,42.199683],[-83.195494,42.199681],[-83.195804,42.199629],[-83.196122,42.199639],[-83.196448,42.199671],[-83.197906,42.199646]],[[-83.197916,42.199638],[-83.198,42.201543],[-83.19803,42.202654],[-83.198085,42.204072],[-83.198209,42.206539],[-83.198237,42.207259],[-83.198278,42.207775],[-83.198273,42.20875],[-83.199238,42.208733]],[[-83.185418,42.208591],[-83.186606,42.208584],[-83.190073,42.208569],[-83.191347,42.208547],[-83.19288,42.208519],[-83.19289,42.208845],[-83.19325,42.208836],[-83.194072,42.208834],[-83.195172,42.208812],[-83.196861,42.208777],[-83.1977,42.20876],[-83.198259,42.208748]],[[-83.212054,42.198554],[-83.211828,42.198324],[-83.211698,42.198187],[-83.211501,42.198379],[-83.211305,42.198389],[-83.211033,42.198392],[-83.210957,42.19538],[-83.20163,42.195455]],[[-83.201235,42.185428],[-83.201244,42.185598],[-83.201318,42.188252],[-83.201357,42.189949],[-83.201373,42.190279],[-83.201376,42.190616],[-83.201396,42.191274],[-83.20141,42.191444],[-83.201385,42.191644],[-83.201478,42.191834],[-83.201608,42.195179],[-83.201625,42.195448]],[[-83.219448,42.23919],[-83.219672,42.241937],[-83.219711,42.242499],[-83.21991,42.244748],[-83.219548,42.245352],[-83.219235,42.245261],[-83.216316,42.245371],[-83.216448,42.246746],[-83.216493,42.247428],[-83.216034,42.247435],[-83.215841,42.247776],[-83.213068,42.252714],[-83.2118,42.254973],[-83.211066,42.256253],[-83.210707,42.256896],[-83.210519,42.257085],[-83.209985,42.257275],[-83.208737,42.256897],[-83.208489,42.256819],[-83.20868,42.256517],[-83.207552,42.256172],[-83.207379,42.25649],[-83.204828,42.255687]],[[-83.242565,42.243659],[-83.242657,42.245344],[-83.244404,42.245322],[-83.244462,42.245321],[-83.244357,42.245707],[-83.244092,42.245713],[-83.243956,42.245952],[-83.243737,42.246386],[-83.243745,42.246594],[-83.243766,42.247058],[-83.243372,42.247067],[-83.243411,42.247601],[-83.243444,42.248862],[-83.243387,42.249042],[-83.243479,42.251271],[-83.243534,42.252654],[-83.24236,42.252666],[-83.24163,42.252677],[-83.241205,42.252714],[-83.240609,42.252757],[-83.239256,42.2528]],[[-83.242538,42.242288],[-83.242588,42.243668],[-83.242674,42.245333],[-83.243428,42.245335],[-83.244911,42.245299],[-83.245618,42.245295],[-83.245675,42.245409],[-83.247426,42.245366],[-83.249238,42.245332],[-83.249717,42.245315],[-83.250079,42.245259]],[[-83.188533,42.170455],[-83.188583,42.170503],[-83.188936,42.170501],[-83.188866,42.170827],[-83.188898,42.171238],[-83.188962,42.172786],[-83.188989,42.173499],[-83.18901,42.173938],[-83.189015,42.17443],[-83.189052,42.175167],[-83.189041,42.175468],[-83.189078,42.175769],[-83.189083,42.176606],[-83.189172,42.17774],[-83.18917,42.178119],[-83.1892,42.178911],[-83.189212,42.179297],[-83.189221,42.17969],[-83.189301,42.180117],[-83.189378,42.181388],[-83.189447,42.18309],[-83.189485,42.183911],[-83.18952,42.184732],[-83.189531,42.185047],[-83.189827,42.185356],[-83.189613,42.18583],[-83.189477,42.186072],[-83.189088,42.186515],[-83.188668,42.18685],[-83.18808,42.187194],[-83.187432,42.187478],[-83.186359,42.188022],[-83.182577,42.189805]],[[-83.182566,42.18981],[-83.182005,42.190073],[-83.182106,42.190098],[-83.182113,42.190424],[-83.182172,42.192274],[-83.182404,42.199114],[-83.182755,42.206563],[-83.182922,42.210306],[-83.18308,42.214963],[-83.185744,42.21494],[-83.185736,42.215295],[-83.18585,42.217844],[-83.186048,42.221462],[-83.185829,42.221459],[-83.185432,42.221478],[-83.185485,42.224146],[-83.184469,42.224183],[-83.182969,42.223311],[-83.182505,42.223064],[-83.181988,42.222871],[-83.182038,42.223368],[-83.182173,42.225752],[-83.182172,42.226117],[-83.181981,42.226142],[-83.181155,42.226162]],[[-83.181152,42.226156],[-83.181142,42.226163],[-83.181147,42.226171],[-83.180847,42.228618],[-83.180471,42.232226],[-83.180137,42.235397],[-83.179987,42.236847],[-83.17998,42.237478],[-83.180196,42.242325],[-83.18023,42.243142],[-83.180252,42.243542],[-83.180266,42.243971],[-83.180207,42.24435],[-83.179998,42.244729],[-83.178494,42.24742],[-83.178104,42.247422],[-83.177618,42.247416],[-83.177473,42.247707],[-83.177351,42.247945],[-83.177177,42.248155],[-83.176768,42.248909],[-83.176389,42.249689],[-83.176482,42.249869],[-83.17743,42.25002]],[[-83.187493,42.144695],[-83.187481,42.144237],[-83.187478,42.143919],[-83.187696,42.143515],[-83.187947,42.143105],[-83.188536,42.142347],[-83.189081,42.142547],[-83.189466,42.142652],[-83.189493,42.14265]],[[-83.186146,42.144588],[-83.186151,42.144604],[-83.187264,42.144616],[-83.187492,42.144697]],[[-83.189501,42.142646],[-83.188861,42.143376],[-83.18869,42.143679],[-83.188557,42.143994],[-83.188503,42.144212],[-83.188472,42.14443],[-83.188479,42.144673],[-83.188536,42.14582],[-83.188653,42.148439]],[[-83.188658,42.148446],[-83.188665,42.148718],[-83.188717,42.150129],[-83.18898,42.1554],[-83.189022,42.155964],[-83.187951,42.155983],[-83.187977,42.15732],[-83.188147,42.161392],[-83.188293,42.16494],[-83.188359,42.16708],[-83.188402,42.168312],[-83.188422,42.16881],[-83.18848,42.169778],[-83.188531,42.170455]],[[-83.21245,42.148281],[-83.212624,42.148063],[-83.204408,42.148196],[-83.203207,42.148217],[-83.192737,42.148374],[-83.189248,42.14844],[-83.188649,42.148447]],[[-83.20263,42.126791],[-83.201134,42.1286],[-83.202131,42.129156],[-83.202378,42.129306],[-83.202559,42.129466],[-83.202924,42.129877],[-83.203065,42.130223],[-83.203068,42.130397],[-83.202993,42.130973],[-83.202813,42.132054],[-83.202956,42.132995],[-83.202337,42.133003],[-83.202335,42.133282],[-83.202348,42.133518]],[[-83.188543,42.142338],[-83.189087,42.142539],[-83.189499,42.142646]],[[-83.208955,42.134273],[-83.208667,42.134283],[-83.208516,42.134234],[-83.207881,42.134249],[-83.205842,42.134298],[-83.205832,42.133934],[-83.20574,42.133932],[-83.205433,42.133924],[-83.205096,42.13385],[-83.204767,42.133705],[-83.204134,42.13351],[-83.203455,42.133516],[-83.202972,42.133518],[-83.202363,42.133531]],[[-83.20235,42.133527],[-83.202341,42.133708],[-83.202282,42.133897],[-83.20206,42.133881],[-83.201658,42.133889],[-83.201845,42.138422]],[[-83.203055,42.12622],[-83.202569,42.126268],[-83.202882,42.126487],[-83.202635,42.126788]],[[-83.209439,42.126058],[-83.207659,42.126102],[-83.206899,42.125898],[-83.206141,42.125894],[-83.205454,42.126009],[-83.205101,42.126038],[-83.20441,42.126109],[-83.204047,42.12614],[-83.20366,42.126146],[-83.203057,42.126218]],[[-83.201851,42.138424],[-83.199778,42.138467],[-83.199625,42.138476],[-83.199333,42.138555],[-83.19875,42.138725],[-83.198604,42.138769],[-83.198147,42.138823],[-83.197666,42.138838],[-83.196463,42.138867],[-83.196525,42.14072],[-83.196001,42.14073],[-83.196033,42.141715],[-83.192756,42.141764],[-83.191891,42.141774],[-83.191567,42.141775],[-83.19118,42.141782],[-83.190856,42.141789],[-83.190824,42.141902],[-83.19083,42.142079],[-83.190519,42.142212],[-83.190158,42.142365],[-83.189509,42.142648]],[[-83.215757,42.122108],[-83.215788,42.123104],[-83.215677,42.123208],[-83.215751,42.126273],[-83.21362,42.126319],[-83.211627,42.126364],[-83.211613,42.12589],[-83.210983,42.126029],[-83.209439,42.126055]],[[-83.178319,42.14215],[-83.181665,42.142576],[-83.181919,42.141463],[-83.182909,42.141505],[-83.184377,42.141536],[-83.184722,42.141556],[-83.186271,42.141534],[-83.187428,42.141505],[-83.187429,42.141875],[-83.1879,42.142053],[-83.188335,42.142233],[-83.188536,42.142333]],[[-83.199059,42.182395],[-83.199051,42.181938],[-83.198836,42.181923],[-83.197902,42.181947],[-83.197897,42.181625],[-83.191934,42.181724],[-83.191931,42.18206],[-83.189758,42.182083],[-83.189418,42.182284]],[[-83.198995,42.170253],[-83.196694,42.170311],[-83.196222,42.170314],[-83.195603,42.170324],[-83.193875,42.170361],[-83.191639,42.170409],[-83.189773,42.170451],[-83.188934,42.170487],[-83.188587,42.170493],[-83.188554,42.170452]],[[-83.212369,42.169995],[-83.212117,42.16997],[-83.201041,42.170213],[-83.199374,42.170243],[-83.199,42.170254]],[[-83.197768,42.155875],[-83.197687,42.155994],[-83.1977,42.156089],[-83.19781,42.159293],[-83.197941,42.163004],[-83.198019,42.165605],[-83.198047,42.16595],[-83.197987,42.166111],[-83.198047,42.16648],[-83.198056,42.166889],[-83.198062,42.167636],[-83.1981,42.168191],[-83.198104,42.168957],[-83.19818,42.170034],[-83.198791,42.170013],[-83.198996,42.170081],[-83.198996,42.170245]],[[-83.226555,42.140807],[-83.226268,42.140863],[-83.225707,42.140863],[-83.222707,42.140916],[-83.22047,42.140958],[-83.218307,42.14099],[-83.216405,42.14102],[-83.212382,42.141092],[-83.207386,42.141158],[-83.206566,42.141174],[-83.206441,42.141198]],[[-83.246139,42.138537],[-83.246067,42.138528],[-83.24555,42.13858],[-83.244399,42.138693],[-83.2413,42.139027],[-83.238417,42.139344],[-83.233481,42.139875],[-83.230496,42.140285],[-83.229264,42.140444],[-83.226565,42.140803]],[[-83.24724,42.138243],[-83.247228,42.137795],[-83.247163,42.137742],[-83.246894,42.137748],[-83.246494,42.137751],[-83.246128,42.137769],[-83.246116,42.138286],[-83.246139,42.138543]],[[-83.251403,42.138817],[-83.251381,42.138496],[-83.251315,42.138261],[-83.249056,42.138282],[-83.247935,42.138295],[-83.247759,42.138238],[-83.247252,42.138245]],[[-83.226326,42.140589],[-83.226301,42.140358],[-83.226462,42.140352],[-83.226556,42.140818]],[[-83.222337,42.155098],[-83.22645,42.155017],[-83.226009,42.141317],[-83.225965,42.140631],[-83.226321,42.140596]],[[-83.225105,42.114941],[-83.225385,42.124215],[-83.225486,42.127233],[-83.225474,42.12763],[-83.225335,42.127685],[-83.225388,42.127951],[-83.2255,42.127956],[-83.22553,42.129677],[-83.225539,42.131188],[-83.225934,42.131199],[-83.225985,42.132602],[-83.22618,42.137937],[-83.226285,42.140157],[-83.2263,42.140568],[-83.226315,42.140584]],[[-83.206433,42.141201],[-83.206809,42.141199],[-83.206803,42.141416],[-83.206834,42.14183],[-83.206854,42.142571],[-83.206858,42.143329],[-83.206913,42.144829],[-83.206381,42.144905],[-83.20585,42.144973],[-83.205506,42.145023],[-83.205401,42.144791],[-83.205305,42.144631],[-83.205047,42.144234],[-83.204861,42.14397],[-83.204495,42.144],[-83.204265,42.144003],[-83.204253,42.143692],[-83.202108,42.143766],[-83.20061,42.143808],[-83.200387,42.143826],[-83.200005,42.143832],[-83.200047,42.144717],[-83.199035,42.144742],[-83.199085,42.145479],[-83.199102,42.145825],[-83.198772,42.145722],[-83.198043,42.145726],[-83.197257,42.145736],[-83.197248,42.145352],[-83.196723,42.145411],[-83.195811,42.145448],[-83.19568,42.145428],[-83.195188,42.145368],[-83.19483,42.145312],[-83.194339,42.145183],[-83.193598,42.144882],[-83.193517,42.144748],[-83.192932,42.14438],[-83.192705,42.144189],[-83.192425,42.143808],[-83.19224,42.143495],[-83.192111,42.143185],[-83.191965,42.14264],[-83.191941,42.141752],[-83.190846,42.141776],[-83.190798,42.141909],[-83.190802,42.142061],[-83.189502,42.14262],[-83.189093,42.142522],[-83.18851,42.142293],[-83.187878,42.143134],[-83.187407,42.143915],[-83.187444,42.144645],[-83.187258,42.144587],[-83.186139,42.144573]],[[-83.159041,42.138237],[-83.159126,42.138136],[-83.162979,42.138273],[-83.167748,42.138478],[-83.169759,42.138552],[-83.169929,42.138642],[-83.175427,42.140453],[-83.176815,42.140643],[-83.178944,42.140877],[-83.1818,42.141191],[-83.181874,42.141273]],[[-83.189386,42.141176],[-83.188505,42.142342],[-83.187912,42.143125],[-83.187443,42.143925],[-83.187471,42.144672],[-83.187265,42.144603],[-83.186142,42.144589]],[[-83.181882,42.141275],[-83.181935,42.141447],[-83.182918,42.141494],[-83.184386,42.141526],[-83.184736,42.141546],[-83.187456,42.141491],[-83.187799,42.14141],[-83.18855,42.141404],[-83.18857,42.141243],[-83.18855,42.140827],[-83.189698,42.14081],[-83.189395,42.14117]],[[-83.191151,42.094943],[-83.191613,42.094898],[-83.192649,42.094732],[-83.195564,42.094402],[-83.196203,42.094418],[-83.198751,42.094575],[-83.199372,42.094607],[-83.199546,42.095743],[-83.201262,42.095589],[-83.20137,42.095437],[-83.201952,42.094798],[-83.202856,42.094833],[-83.203219,42.094854]],[[-83.193823,42.090726],[-83.193634,42.091022],[-83.193458,42.091294],[-83.193235,42.091602],[-83.193089,42.091874],[-83.192879,42.092075],[-83.192579,42.092125],[-83.192372,42.092141],[-83.192049,42.092429],[-83.191948,42.092621],[-83.191548,42.093661],[-83.191153,42.094933]],[[-83.199454,42.088153],[-83.199659,42.088439],[-83.195354,42.090447],[-83.194805,42.090552],[-83.194737,42.090684],[-83.193962,42.090523],[-83.193832,42.09073]],[[-83.191638,42.088193],[-83.19141,42.08881],[-83.191013,42.089774],[-83.191449,42.089912],[-83.193555,42.09042],[-83.193947,42.090521],[-83.193818,42.090722]],[[-83.207578,42.085685],[-83.207459,42.085915],[-83.206884,42.086934],[-83.206673,42.087487],[-83.206573,42.087636],[-83.206361,42.087871],[-83.20607,42.088219],[-83.205861,42.088645],[-83.205429,42.08942],[-83.205133,42.089954],[-83.204945,42.090302],[-83.204662,42.090498],[-83.204349,42.090999],[-83.204516,42.09108],[-83.20508,42.091345],[-83.205305,42.091422],[-83.205027,42.092058],[-83.204297,42.093351],[-83.203968,42.093997],[-83.203575,42.094885],[-83.203211,42.094859]],[[-83.200946,42.122175],[-83.200943,42.122174],[-83.200709,42.12243],[-83.200344,42.122831],[-83.200679,42.122744],[-83.201239,42.12282],[-83.19921,42.124691],[-83.199007,42.124911],[-83.198522,42.125616],[-83.198333,42.12595],[-83.198659,42.125983],[-83.19888,42.125992],[-83.199374,42.126018],[-83.199776,42.126047],[-83.200526,42.126108],[-83.20105,42.126095],[-83.202023,42.126136],[-83.202558,42.126273],[-83.202865,42.12649],[-83.201151,42.12856],[-83.200431,42.129438],[-83.199759,42.130212],[-83.199411,42.130602],[-83.199036,42.130378],[-83.198597,42.130165],[-83.19807,42.130761],[-83.196392,42.132662],[-83.195416,42.133776],[-83.195003,42.133876],[-83.193703,42.13389],[-83.193036,42.134896],[-83.19279,42.135261],[-83.192644,42.135099],[-83.192586,42.134103],[-83.192346,42.134107],[-83.192132,42.13411],[-83.192129,42.134136],[-83.192139,42.134313],[-83.191867,42.134612],[-83.189807,42.136882],[-83.190239,42.137082],[-83.190778,42.137368],[-83.189564,42.138422],[-83.189274,42.138679],[-83.189219,42.138863],[-83.189146,42.139094],[-83.189179,42.140061],[-83.189223,42.140828],[-83.189647,42.140832],[-83.189338,42.141203],[-83.187847,42.143141],[-83.18738,42.143914],[-83.187411,42.144609],[-83.187249,42.144566],[-83.18614,42.144555]],[[-83.203204,42.094862],[-83.202489,42.096002],[-83.202028,42.096732],[-83.200564,42.099281],[-83.200036,42.100052],[-83.200416,42.100086],[-83.198826,42.102907],[-83.19854,42.103413],[-83.196458,42.106878],[-83.19349,42.112059],[-83.193241,42.112478],[-83.196216,42.112409],[-83.196233,42.112825],[-83.196887,42.112843],[-83.197457,42.112869],[-83.198565,42.112846],[-83.199852,42.112815],[-83.200803,42.11287],[-83.201044,42.112873],[-83.201853,42.112771],[-83.201993,42.116419],[-83.201996,42.116651],[-83.201682,42.116653],[-83.20075,42.116669],[-83.20088,42.120089],[-83.200941,42.122173]]]},"properties":{"id":"fna-member-routes-20260918-dcce169fd860fdcf5090","sourceId":"fna-member-routes-20260918","source":"Fiber Network Alliance member fiber lines","sourceUrl":"https://www.fibernetworkalliance.com/membership-map-line/","name":"WOW-Detroit published routes","carrier":"WOW-Detroit","category":"unknown","routeStatus":"Status not established","evidence":"publisher_route","dataDate":null,"metadataModified":null,"retrievedAt":"2026-09-18T19:56:04.130240+00:00","networkType":"Published fiber route; precision and network class unverified","serviceability":"Unconfirmed","routeDiversity":"Unconfirmed","states":["MI"],"publishedLineParts":65},"bbox":[-83.251403,42.085685,-83.159041,42.257275]},{"type":"Feature","geometry":{"type":"MultiLineString","coordinates":[[[-83.212992,42.460156],[-83.212218,42.460102],[-83.212185,42.459991],[-83.211432,42.460002],[-83.21085,42.460011],[-83.210814,42.459153],[-83.212701,42.459107],[-83.214656,42.459057],[-83.216714,42.459013],[-83.217004,42.45902],[-83.218678,42.458993],[-83.219248,42.459883],[-83.219869,42.460802],[-83.220021,42.461118],[-83.220181,42.461651],[-83.220139,42.462109],[-83.220181,42.462558],[-83.220202,42.463503],[-83.220887,42.4635],[-83.22102,42.46675],[-83.22132,42.47309],[-83.221378,42.473488]],[[-83.202336,42.484759],[-83.202329,42.484431],[-83.202306,42.481171],[-83.206091,42.481074],[-83.210359,42.480963],[-83.211326,42.480945],[-83.21173,42.480932],[-83.216467,42.480838],[-83.221089,42.480761],[-83.221704,42.480746],[-83.221688,42.480519],[-83.221528,42.478396],[-83.221394,42.474789],[-83.221334,42.473854],[-83.221363,42.473489],[-83.222923,42.47345],[-83.224557,42.473428],[-83.224697,42.473201],[-83.228231,42.473129],[-83.233287,42.472986],[-83.236851,42.472897],[-83.239407,42.472836],[-83.240903,42.472795],[-83.241152,42.472886],[-83.243165,42.472834],[-83.243443,42.472919],[-83.244276,42.47291],[-83.248385,42.472812],[-83.250005,42.472779],[-83.251927,42.472739],[-83.254296,42.472701],[-83.255705,42.472655],[-83.255737,42.472455],[-83.257735,42.472406],[-83.259172,42.47237],[-83.260316,42.472328],[-83.260579,42.472283],[-83.260552,42.471667],[-83.260572,42.471241],[-83.260488,42.469734],[-83.260281,42.4647],[-83.260144,42.461691],[-83.26008,42.459988],[-83.259962,42.458386]],[[-83.077985,42.370996],[-83.07803,42.371204],[-83.077854,42.371333]],[[-83.135086,42.294308],[-83.135592,42.294102],[-83.13844,42.292975],[-83.143557,42.290892],[-83.143667,42.289827],[-83.14659,42.286854],[-83.149051,42.283898],[-83.152371,42.280163],[-83.153257,42.279166],[-83.153733,42.278389],[-83.154555,42.277151],[-83.155298,42.276667],[-83.155612,42.276317],[-83.159846,42.271285],[-83.165757,42.264159],[-83.16986,42.259284],[-83.172637,42.255947],[-83.174755,42.253367],[-83.175679,42.252253],[-83.17719,42.250525],[-83.177404,42.250017]],[[-83.125758,42.297766],[-83.127299,42.297187],[-83.127127,42.297013],[-83.128864,42.29634],[-83.131338,42.295402],[-83.134866,42.29411],[-83.135091,42.294299]],[[-83.114566,42.302094],[-83.115617,42.301695],[-83.12003,42.299974],[-83.122593,42.298998],[-83.125765,42.297765]],[[-83.106058,42.305651],[-83.106097,42.305349],[-83.108888,42.304202],[-83.10941,42.304228],[-83.111368,42.303392],[-83.114571,42.302091]],[[-83.114638,42.302197],[-83.114554,42.302116],[-83.112209,42.303075],[-83.109709,42.304148],[-83.106064,42.305644]],[[-83.135092,42.294301],[-83.135044,42.294336],[-83.131556,42.29562],[-83.127609,42.29712],[-83.127257,42.297243],[-83.12417,42.29842],[-83.123997,42.298509],[-83.12308,42.299355],[-83.12235,42.300046],[-83.121648,42.300573],[-83.120541,42.301174],[-83.120046,42.301485],[-83.119689,42.301709],[-83.117925,42.302282],[-83.116931,42.302714],[-83.115584,42.303241],[-83.114711,42.302269]],[[-83.053278,42.330515],[-83.054243,42.330108],[-83.059097,42.328021],[-83.062818,42.326423],[-83.065958,42.325048],[-83.067963,42.324175],[-83.071512,42.322758],[-83.070713,42.321927],[-83.071307,42.321717],[-83.072974,42.321185],[-83.076386,42.320055],[-83.078628,42.31925],[-83.082236,42.317854],[-83.081147,42.316314],[-83.08852,42.313166],[-83.092355,42.311493],[-83.098496,42.308844],[-83.101963,42.30738],[-83.106056,42.305639]],[[-83.054174,42.334367],[-83.053535,42.334095],[-83.052695,42.33377],[-83.052425,42.333639],[-83.052161,42.333614],[-83.050678,42.333594],[-83.050655,42.331827],[-83.051055,42.331822],[-83.051288,42.331825],[-83.05129,42.331562],[-83.051189,42.331272],[-83.050833,42.330833],[-83.051785,42.330423],[-83.052212,42.330982],[-83.05328,42.330515]],[[-83.053379,42.333112],[-83.054176,42.334363]],[[-83.052625,42.332549],[-83.052911,42.332303],[-83.052634,42.331771],[-83.054312,42.331791],[-83.053278,42.330514]],[[-83.069415,42.325995],[-83.069187,42.32566],[-83.068554,42.32594],[-83.068643,42.326097],[-83.069688,42.327899],[-83.067332,42.328626],[-83.065335,42.32948],[-83.063993,42.330067],[-83.061826,42.330989],[-83.058793,42.33182],[-83.056405,42.332585],[-83.054119,42.333314],[-83.053648,42.333529]],[[-83.105434,42.411654],[-83.104419,42.410237],[-83.102852,42.407892],[-83.100421,42.404244],[-83.099667,42.403117],[-83.099525,42.402635],[-83.099532,42.402471],[-83.098982,42.401589],[-83.098678,42.401394],[-83.098328,42.400829],[-83.098026,42.400711],[-83.097225,42.399486],[-83.096039,42.397734],[-83.094162,42.394951],[-83.092895,42.393123],[-83.092465,42.392586],[-83.091991,42.392264],[-83.091703,42.392108],[-83.091515,42.391929],[-83.091271,42.391569],[-83.090867,42.390966],[-83.090456,42.390414],[-83.088588,42.387593],[-83.087606,42.386143],[-83.087588,42.385762],[-83.087124,42.385063],[-83.086308,42.383859],[-83.083178,42.379184],[-83.078164,42.371807],[-83.07729,42.37048],[-83.077436,42.370418],[-83.076566,42.369223],[-83.077044,42.369042],[-83.076849,42.36878],[-83.076391,42.368136],[-83.075926,42.367479],[-83.075622,42.366966],[-83.075357,42.36707],[-83.074738,42.366126],[-83.075051,42.36595],[-83.074954,42.36578],[-83.074819,42.365529],[-83.073132,42.362572],[-83.072753,42.3627],[-83.072687,42.362541],[-83.070907,42.363109],[-83.070817,42.362878],[-83.070421,42.363141],[-83.070082,42.362603],[-83.07028,42.362518],[-83.070074,42.362207],[-83.067283,42.357295],[-83.064912,42.353178],[-83.062936,42.349763],[-83.05954,42.343759],[-83.057099,42.33943],[-83.054855,42.335472],[-83.054174,42.334357]],[[-83.143004,42.486172],[-83.142973,42.48615],[-83.142933,42.484698],[-83.143944,42.484646],[-83.143974,42.483659],[-83.143886,42.481524],[-83.143859,42.480788],[-83.143829,42.480098],[-83.143803,42.479269]],[[-83.143803,42.479271],[-83.143627,42.476267],[-83.143541,42.474415],[-83.143512,42.473712],[-83.143134,42.473259],[-83.142424,42.47249],[-83.141895,42.471908],[-83.141168,42.470838],[-83.140738,42.470225],[-83.140275,42.470231],[-83.140053,42.469931],[-83.139806,42.469561],[-83.138768,42.468161],[-83.137905,42.466885],[-83.138482,42.466815],[-83.138371,42.466675],[-83.137404,42.46526],[-83.136503,42.463915],[-83.134052,42.460455],[-83.132173,42.457554],[-83.130112,42.454511],[-83.128022,42.451468],[-83.126566,42.449256],[-83.12508,42.447137],[-83.124621,42.447097],[-83.124347,42.446147],[-83.123084,42.44432],[-83.123512,42.443872],[-83.1221,42.441751],[-83.119599,42.43801],[-83.117129,42.434375],[-83.115802,42.432419],[-83.113586,42.429215],[-83.112096,42.427004],[-83.110194,42.424135],[-83.108278,42.421388],[-83.107368,42.420064],[-83.106502,42.418987],[-83.105611,42.417975],[-83.1051,42.418124],[-83.104801,42.417678],[-83.104945,42.417674],[-83.107059,42.41766],[-83.109439,42.417624],[-83.10808,42.415563],[-83.106735,42.413572],[-83.105435,42.411652]],[[-83.143984,42.487207],[-83.144059,42.487374],[-83.143954,42.486157],[-83.143028,42.486182],[-83.143,42.486176]],[[-83.143979,42.48721],[-83.144073,42.487437],[-83.143974,42.486145],[-83.142999,42.486175]],[[-83.144312,42.493959],[-83.144194,42.491837],[-83.144167,42.490025],[-83.144144,42.488837],[-83.144093,42.488038],[-83.144065,42.487459],[-83.143968,42.487222],[-83.143984,42.487209]],[[-83.189604,42.254259],[-83.193175,42.255361],[-83.192793,42.255321],[-83.195607,42.256145],[-83.19633,42.256282],[-83.196791,42.25644],[-83.202307,42.258128],[-83.202452,42.258137],[-83.205762,42.259133],[-83.208652,42.258095],[-83.209427,42.25783],[-83.210259,42.257535],[-83.211416,42.257161],[-83.212413,42.256822],[-83.213406,42.2567],[-83.214418,42.256673],[-83.215651,42.256656],[-83.216701,42.256649],[-83.218023,42.256606],[-83.219383,42.25656],[-83.220853,42.256521],[-83.222985,42.256465],[-83.223008,42.256407]],[[-83.181813,42.251892],[-83.184933,42.246109],[-83.187666,42.246916],[-83.187815,42.246642],[-83.189318,42.247103],[-83.189537,42.247138],[-83.19588,42.24721],[-83.195588,42.250006],[-83.198684,42.251007],[-83.198049,42.252263],[-83.197988,42.252621],[-83.198045,42.252774],[-83.197672,42.2535],[-83.190953,42.251468],[-83.189927,42.253243],[-83.190057,42.253438],[-83.189999,42.253573],[-83.189573,42.254221]],[[-83.181832,42.2519],[-83.182078,42.251438],[-83.18282,42.250013],[-83.18404,42.24773],[-83.184926,42.246087],[-83.185222,42.246162],[-83.187099,42.246742],[-83.187656,42.246905],[-83.187804,42.246625],[-83.189001,42.246994],[-83.189325,42.247095],[-83.189523,42.247125],[-83.190273,42.247135],[-83.191779,42.247152],[-83.19423,42.24716],[-83.195911,42.247195],[-83.195752,42.248663],[-83.195612,42.250002],[-83.198171,42.25081],[-83.198718,42.250994],[-83.198091,42.25226],[-83.198028,42.252615],[-83.198089,42.252775],[-83.197695,42.253533],[-83.190973,42.251501],[-83.189965,42.253259],[-83.190086,42.253437],[-83.190036,42.253585],[-83.189601,42.25423]],[[-83.172672,42.251271],[-83.173537,42.250242],[-83.173789,42.249955],[-83.173888,42.249783],[-83.173397,42.249639],[-83.173766,42.249293]],[[-83.169915,42.254561],[-83.172668,42.25127]],[[-83.195771,42.248854],[-83.195638,42.250002],[-83.196705,42.250332],[-83.198769,42.250978],[-83.198375,42.251715],[-83.198121,42.252275],[-83.198054,42.252622],[-83.198135,42.25279],[-83.197901,42.253243],[-83.197719,42.253563],[-83.195967,42.253052],[-83.190991,42.251536],[-83.190557,42.252302],[-83.189998,42.253267],[-83.190113,42.253435],[-83.190068,42.253601],[-83.189614,42.254248]],[[-83.183675,42.261207],[-83.187988,42.25606],[-83.189055,42.254781],[-83.189421,42.254348],[-83.189573,42.254266]],[[-83.179555,42.249938],[-83.179187,42.249942],[-83.178872,42.250497],[-83.178765,42.250949],[-83.181769,42.251865]],[[-83.22217,42.256506],[-83.222179,42.256497],[-83.223022,42.256478],[-83.223069,42.256381]],[[-83.207365,42.277184],[-83.210786,42.273254],[-83.212323,42.27393],[-83.212658,42.273989],[-83.213293,42.274247],[-83.214437,42.274737],[-83.214684,42.274855],[-83.216554,42.275697],[-83.218798,42.272985]],[[-83.218922,42.26332],[-83.218919,42.263324],[-83.218421,42.263088],[-83.217839,42.262852],[-83.216176,42.262356],[-83.213757,42.261601],[-83.212374,42.261166],[-83.211187,42.260809],[-83.210204,42.260532],[-83.20845,42.260007],[-83.207372,42.259685],[-83.206257,42.259346],[-83.205739,42.259176],[-83.203027,42.258337],[-83.20299,42.258315],[-83.203546,42.258017],[-83.203745,42.257653],[-83.204825,42.25569]],[[-83.218801,42.272984],[-83.217007,42.272156],[-83.21883,42.269914],[-83.217638,42.269341],[-83.216929,42.267158],[-83.217353,42.266592],[-83.217788,42.264744],[-83.21893,42.263328]],[[-83.196409,42.2649],[-83.19935,42.266253],[-83.199102,42.266567],[-83.200057,42.267036],[-83.200752,42.266237],[-83.200735,42.266215],[-83.20061,42.266384],[-83.200207,42.266174]],[[-83.186954,42.28663],[-83.185072,42.285744],[-83.188051,42.282163],[-83.187664,42.281896],[-83.187935,42.28158],[-83.187821,42.281396]],[[-83.229584,42.269453],[-83.231236,42.269426],[-83.23116,42.267625],[-83.231519,42.267616]],[[-83.23152,42.267615],[-83.23162,42.267609],[-83.231458,42.264375],[-83.231388,42.26271]],[[-83.231392,42.26271],[-83.231293,42.261314],[-83.231085,42.26116],[-83.230802,42.261224],[-83.230694,42.259241],[-83.23067,42.258879]],[[-83.256161,42.249091],[-83.252329,42.2492],[-83.252325,42.2489],[-83.250628,42.248948],[-83.250688,42.252509],[-83.249432,42.252542],[-83.24945,42.255614],[-83.2455,42.255673],[-83.245552,42.256295],[-83.245312,42.256658],[-83.244198,42.256647],[-83.241954,42.256698],[-83.241582,42.256668],[-83.238934,42.256764],[-83.238472,42.256762],[-83.2371,42.256774],[-83.23705,42.255885],[-83.232364,42.255986],[-83.232375,42.256173]],[[-83.269569,42.267536],[-83.263953,42.267638],[-83.261701,42.267669],[-83.261712,42.26844],[-83.26171,42.268787],[-83.257865,42.268855],[-83.257865,42.269241],[-83.25554,42.26927],[-83.25553,42.268917],[-83.249872,42.269032],[-83.249836,42.267269],[-83.245804,42.267341],[-83.245746,42.266364],[-83.240389,42.26651],[-83.24049,42.269205],[-83.232037,42.269405],[-83.231601,42.26943],[-83.22959,42.269465]],[[-83.239252,42.252805],[-83.238773,42.252822],[-83.238884,42.255853],[-83.237078,42.255905]],[[-83.231414,42.262713],[-83.231302,42.261309],[-83.231099,42.261158],[-83.231599,42.261015],[-83.232687,42.260676],[-83.232505,42.260172],[-83.232883,42.260095],[-83.233194,42.260022],[-83.233107,42.258833],[-83.236633,42.258764],[-83.236621,42.258372],[-83.236595,42.257893],[-83.236552,42.2568],[-83.237095,42.256777]],[[-83.245362,42.255654],[-83.24991,42.255556],[-83.248956,42.255571],[-83.241247,42.255713],[-83.24123,42.254969],[-83.240044,42.254988],[-83.239981,42.253069],[-83.239473,42.253061],[-83.239476,42.252767],[-83.23875,42.252798],[-83.23883,42.255785],[-83.237059,42.255818],[-83.236535,42.255816],[-83.234681,42.255849],[-83.232293,42.255911]],[[-83.232283,42.255911],[-83.232313,42.256156],[-83.232285,42.256233],[-83.223188,42.256458],[-83.223119,42.256381]],[[-83.202987,42.258333],[-83.205747,42.259163],[-83.20964,42.257761],[-83.212411,42.256842],[-83.21341,42.256714],[-83.214456,42.256685],[-83.216514,42.256671],[-83.219531,42.25657],[-83.224083,42.25646],[-83.228547,42.256341],[-83.232303,42.25625],[-83.232372,42.256175]],[[-83.189619,42.254248],[-83.192653,42.255186],[-83.193232,42.255374],[-83.192896,42.255341],[-83.195609,42.256134],[-83.196234,42.256251],[-83.198451,42.256938],[-83.202313,42.258116],[-83.202472,42.258128],[-83.203579,42.258461],[-83.205762,42.259111],[-83.206039,42.25901],[-83.208364,42.258179],[-83.209466,42.257795],[-83.211228,42.257201],[-83.212406,42.256808],[-83.213406,42.256692],[-83.214193,42.256667],[-83.21575,42.256641],[-83.21658,42.25664],[-83.217521,42.25661],[-83.219026,42.256553],[-83.220239,42.25652],[-83.221404,42.256491],[-83.22297,42.256456]],[[-83.182624,42.287582],[-83.183966,42.286015],[-83.187056,42.282289],[-83.188766,42.280287],[-83.191159,42.277406],[-83.192932,42.27529],[-83.193395,42.274682],[-83.193995,42.27401],[-83.194869,42.272528],[-83.195361,42.271779],[-83.196656,42.270231],[-83.196867,42.270296],[-83.19697,42.270167],[-83.197394,42.269655],[-83.199611,42.266959],[-83.199962,42.266475],[-83.200211,42.266173],[-83.200256,42.266122],[-83.201291,42.264977],[-83.202594,42.263408],[-83.204101,42.261218],[-83.204545,42.260699],[-83.204929,42.260232],[-83.20546,42.25959],[-83.205737,42.259195],[-83.203014,42.258343],[-83.202989,42.258314]],[[-83.177418,42.250009],[-83.177671,42.250629],[-83.178714,42.250962],[-83.181662,42.251868],[-83.181805,42.251878]],[[-83.183824,42.252642],[-83.184021,42.252376],[-83.184366,42.25248],[-83.186406,42.253115],[-83.189224,42.253984],[-83.189445,42.254102],[-83.189574,42.254231]],[[-83.181789,42.251874],[-83.182162,42.251745],[-83.18373,42.252237],[-83.18605,42.252949],[-83.189244,42.253919],[-83.189481,42.254075],[-83.189582,42.254221]],[[-83.167406,42.285853],[-83.167437,42.285823],[-83.168201,42.284911],[-83.172968,42.279181],[-83.175192,42.276544],[-83.179337,42.271591],[-83.18363,42.266384],[-83.188559,42.260449],[-83.19061,42.258],[-83.191756,42.256633],[-83.192364,42.255916],[-83.192798,42.255319]],[[-83.237454,42.278853],[-83.247298,42.278681],[-83.249701,42.278625],[-83.251301,42.278589]],[[-83.241313,42.299138],[-83.243135,42.299979],[-83.242336,42.300924],[-83.242592,42.301046],[-83.242877,42.301187],[-83.242111,42.302183],[-83.242283,42.302528],[-83.24258,42.302599],[-83.242677,42.302823],[-83.243258,42.304195]],[[-83.246592,42.292792],[-83.244047,42.295828],[-83.242274,42.297972],[-83.241319,42.299137]],[[-83.23199,42.287811],[-83.232026,42.288551],[-83.232002,42.28883],[-83.231867,42.28929],[-83.231586,42.289713],[-83.23047,42.291109],[-83.231011,42.291419],[-83.231425,42.292069],[-83.231849,42.291974],[-83.238596,42.290432],[-83.239271,42.290294],[-83.239867,42.290253],[-83.240426,42.290275],[-83.241004,42.290378],[-83.241541,42.290513],[-83.242201,42.290779],[-83.242715,42.29101],[-83.242971,42.290708],[-83.243252,42.290843],[-83.245167,42.291743],[-83.245585,42.291911],[-83.246835,42.292516],[-83.246592,42.292793]],[[-83.220695,42.285028],[-83.221661,42.285491],[-83.221842,42.285284],[-83.221829,42.284571],[-83.224488,42.284496],[-83.224547,42.284729],[-83.224556,42.285001],[-83.229034,42.284883],[-83.229167,42.287876],[-83.231989,42.28781]],[[-83.208451,42.290057],[-83.209931,42.290636],[-83.210874,42.291015],[-83.211941,42.291415],[-83.212096,42.291368],[-83.212558,42.290755],[-83.213269,42.289922],[-83.214728,42.288094],[-83.215442,42.287237],[-83.215722,42.287242],[-83.21627,42.287621],[-83.217566,42.288438],[-83.217714,42.288577],[-83.218061,42.28811],[-83.219755,42.286136],[-83.220693,42.28503]],[[-83.243622,42.30564],[-83.243873,42.305569],[-83.243261,42.304202]],[[-83.243611,42.305621],[-83.243844,42.305558],[-83.243243,42.30421]],[[-83.251273,42.305165],[-83.245786,42.306422],[-83.244138,42.306803],[-83.243631,42.305646]],[[-83.233355,42.307234],[-83.233479,42.307223],[-83.233637,42.307626],[-83.233892,42.307864],[-83.234809,42.307896],[-83.235614,42.307909],[-83.236409,42.307841],[-83.23718,42.307677],[-83.236867,42.306933],[-83.236899,42.306919],[-83.236993,42.307161],[-83.238023,42.306922],[-83.243608,42.30562]],[[-83.188641,42.314605],[-83.188267,42.314091],[-83.188529,42.314045],[-83.188848,42.313982],[-83.1913,42.313488],[-83.192386,42.313302],[-83.19277,42.313079],[-83.19329,42.313012],[-83.195972,42.312592],[-83.200507,42.311967],[-83.203571,42.31148],[-83.205163,42.311267],[-83.207878,42.310869],[-83.211845,42.310308],[-83.214405,42.309947],[-83.216448,42.309651],[-83.217697,42.309472],[-83.219436,42.309231],[-83.221255,42.308979],[-83.223162,42.308681],[-83.225795,42.308317],[-83.228779,42.307835],[-83.229326,42.307752],[-83.229936,42.307675],[-83.231119,42.307539],[-83.233359,42.307232]],[[-83.19442,42.30932],[-83.192951,42.309566],[-83.192397,42.309747],[-83.191822,42.30997],[-83.190767,42.310391],[-83.192358,42.312464],[-83.192631,42.312783],[-83.192801,42.313045],[-83.192378,42.313289],[-83.189849,42.313766],[-83.188243,42.314088],[-83.188628,42.314604]],[[-83.175266,42.320527],[-83.175547,42.320526],[-83.177691,42.319896],[-83.178297,42.319727],[-83.177842,42.318848],[-83.177635,42.318523],[-83.177175,42.317871],[-83.179643,42.31762],[-83.181051,42.317427],[-83.181301,42.317732],[-83.181996,42.317696],[-83.182195,42.317683],[-83.182161,42.317331],[-83.182359,42.317342],[-83.183569,42.317274],[-83.184699,42.316928],[-83.18489,42.317206],[-83.185849,42.316918],[-83.186421,42.31676],[-83.186861,42.316617],[-83.18573,42.315075],[-83.18632,42.314868],[-83.186047,42.314407],[-83.186718,42.314392],[-83.187238,42.314352],[-83.18772,42.314248],[-83.188227,42.314097],[-83.188615,42.314602]],[[-83.173789,42.327462],[-83.173069,42.327462],[-83.172901,42.323565],[-83.173225,42.323464],[-83.173462,42.323409],[-83.173577,42.323016],[-83.173673,42.322672],[-83.173667,42.322352],[-83.174259,42.322189],[-83.174194,42.322111],[-83.174148,42.320556],[-83.175264,42.320526]],[[-83.158453,42.318065],[-83.162319,42.317496],[-83.162624,42.31745],[-83.16313,42.317406],[-83.163331,42.317491],[-83.163719,42.318005],[-83.164482,42.319037],[-83.164571,42.31865],[-83.164738,42.318292],[-83.166351,42.318248],[-83.167491,42.316773],[-83.167964,42.316681],[-83.169984,42.31635],[-83.170415,42.316593],[-83.170629,42.316872],[-83.170913,42.316758],[-83.171161,42.316711],[-83.17194,42.316614],[-83.172029,42.316996],[-83.172147,42.317438],[-83.172156,42.317819],[-83.172189,42.318118],[-83.172189,42.318399],[-83.172347,42.31841],[-83.172669,42.318819],[-83.173704,42.318796],[-83.175139,42.318759],[-83.175194,42.319921],[-83.175194,42.320309],[-83.175271,42.320524]],[[-83.145361,42.302698],[-83.146383,42.302819],[-83.146703,42.303239],[-83.147149,42.303879],[-83.146197,42.304247],[-83.149729,42.309133],[-83.151986,42.312276],[-83.153271,42.311765],[-83.155486,42.314854],[-83.156935,42.316829],[-83.15759,42.31723],[-83.15788,42.317493],[-83.157997,42.31812],[-83.158457,42.318054]],[[-83.179528,42.326996],[-83.185665,42.326877],[-83.186375,42.326865],[-83.18624,42.324529],[-83.186091,42.322783],[-83.185975,42.321877],[-83.186787,42.321865],[-83.187643,42.321879],[-83.187851,42.321945],[-83.188061,42.321923],[-83.18917,42.321844],[-83.18922,42.322197],[-83.189801,42.322195],[-83.189438,42.319782],[-83.189392,42.319428],[-83.189249,42.318804],[-83.188854,42.318923],[-83.188714,42.318303],[-83.188347,42.31778],[-83.190478,42.317158],[-83.189326,42.315595],[-83.189095,42.315262],[-83.188632,42.314601]],[[-83.199712,42.319192],[-83.196761,42.319242],[-83.196837,42.321782],[-83.19686,42.322175],[-83.195844,42.322212],[-83.195152,42.322248],[-83.194586,42.322148],[-83.193498,42.322163],[-83.191834,42.322175],[-83.189803,42.322199]],[[-83.178186,42.33304],[-83.176991,42.333061],[-83.176864,42.329857],[-83.176798,42.328216],[-83.176767,42.327068],[-83.179526,42.326993]],[[-83.187989,42.336491],[-83.187909,42.334659],[-83.18787,42.332858],[-83.179363,42.333013],[-83.178182,42.333034]],[[-83.172299,42.338565],[-83.176415,42.338479],[-83.176714,42.338431],[-83.176668,42.337453],[-83.177506,42.337455],[-83.178039,42.337446],[-83.178593,42.337435],[-83.178832,42.337437],[-83.179025,42.337243],[-83.179376,42.337005],[-83.179456,42.336964],[-83.179107,42.336758],[-83.179441,42.336401],[-83.17941,42.33584],[-83.179352,42.333451],[-83.179327,42.333232],[-83.179315,42.333113],[-83.179357,42.333021],[-83.17819,42.333039]],[[-83.168091,42.344747],[-83.168059,42.344379],[-83.168029,42.343788],[-83.16838,42.343769],[-83.168759,42.34376],[-83.168616,42.340587],[-83.171724,42.340492],[-83.172395,42.340498],[-83.172372,42.339796],[-83.172299,42.338567]],[[-83.164158,42.344797],[-83.166793,42.344737],[-83.167515,42.344815],[-83.168082,42.344742]],[[-83.185955,42.345707],[-83.175232,42.345927],[-83.175146,42.34581],[-83.175032,42.344525],[-83.169178,42.344668],[-83.1684,42.344703],[-83.168096,42.344737]],[[-83.134779,42.486633],[-83.134425,42.486598],[-83.134442,42.487043],[-83.134238,42.487048],[-83.134265,42.487304],[-83.134325,42.487887],[-83.134408,42.489684],[-83.132056,42.489755],[-83.13078,42.489774],[-83.130198,42.4898],[-83.128977,42.489837],[-83.127582,42.489853],[-83.126346,42.489887],[-83.126277,42.48993]],[[-83.143607,42.494086],[-83.143604,42.493541],[-83.142038,42.493572],[-83.14201,42.493272],[-83.141929,42.491461],[-83.141909,42.490668],[-83.141448,42.490681],[-83.141408,42.490102],[-83.14139,42.48978],[-83.141775,42.48977],[-83.141738,42.488576],[-83.141795,42.488455],[-83.141734,42.487465],[-83.141723,42.487117],[-83.141711,42.486966],[-83.141235,42.486981],[-83.139519,42.487046],[-83.138977,42.487042],[-83.137496,42.487074],[-83.135956,42.487047],[-83.134477,42.487043],[-83.134448,42.486615],[-83.134768,42.486645]],[[-83.146218,42.493909],[-83.146209,42.494372],[-83.146145,42.494482],[-83.1461,42.494963],[-83.145278,42.495032],[-83.145258,42.494529],[-83.145179,42.494299],[-83.145104,42.493907],[-83.144616,42.494006],[-83.144265,42.494066],[-83.143606,42.494084]],[[-83.150115,42.501288],[-83.150062,42.50017],[-83.15,42.499232],[-83.14994,42.498227],[-83.150521,42.498207],[-83.150498,42.497308],[-83.149944,42.49736],[-83.149952,42.497145],[-83.149914,42.496699],[-83.149926,42.496123],[-83.149904,42.495864],[-83.149398,42.4959],[-83.149214,42.495795],[-83.148662,42.495832],[-83.147945,42.495866],[-83.146973,42.49595],[-83.145279,42.496066],[-83.145292,42.495623],[-83.145329,42.495517],[-83.145301,42.495331],[-83.145302,42.495259],[-83.145279,42.495034]],[[-83.151123,42.487559],[-83.151101,42.487218],[-83.151257,42.48697],[-83.151225,42.486669],[-83.150622,42.486711],[-83.150602,42.485507],[-83.150525,42.484314],[-83.150505,42.483559],[-83.15097,42.483549],[-83.150941,42.483166],[-83.15099,42.482971],[-83.150192,42.483012],[-83.148718,42.483126],[-83.1471,42.483247],[-83.146258,42.483311],[-83.144543,42.483439],[-83.144207,42.48347],[-83.14359,42.483486],[-83.142953,42.483469],[-83.140869,42.483419],[-83.139277,42.483371],[-83.139255,42.483554],[-83.139293,42.483955],[-83.137633,42.483907],[-83.136683,42.483888],[-83.135932,42.483871],[-83.134762,42.483812],[-83.13485,42.48532],[-83.134595,42.485333],[-83.134329,42.485355],[-83.134367,42.485787],[-83.134381,42.486193],[-83.134431,42.486584],[-83.13478,42.486625]],[[-83.124378,42.487222],[-83.124365,42.487037],[-83.126885,42.487056],[-83.129245,42.487053],[-83.132151,42.487039],[-83.132791,42.487044],[-83.133584,42.487044],[-83.134203,42.487062],[-83.134211,42.487035],[-83.134418,42.487029],[-83.134391,42.486594],[-83.134431,42.486591],[-83.134778,42.486629]],[[-83.124126,42.482615],[-83.124139,42.482926],[-83.12429,42.485669],[-83.124345,42.486754],[-83.124365,42.487213]],[[-83.125091,42.501499],[-83.125542,42.501494],[-83.125501,42.500383],[-83.12541,42.498224],[-83.125369,42.497735],[-83.125353,42.496432],[-83.12484,42.496452],[-83.124514,42.496559],[-83.124083,42.496547],[-83.124028,42.494454],[-83.123983,42.493687],[-83.123928,42.492685],[-83.123819,42.490828],[-83.123218,42.490865],[-83.12319,42.490574],[-83.12339,42.490269],[-83.12339,42.489943],[-83.122771,42.489943],[-83.122675,42.488014],[-83.124215,42.487956],[-83.124396,42.487906],[-83.124391,42.487658],[-83.124377,42.48722]],[[-83.10758,42.491239],[-83.107556,42.490721],[-83.107757,42.490724],[-83.112831,42.490582],[-83.113662,42.490555],[-83.114496,42.49054],[-83.115457,42.490475],[-83.115859,42.490445],[-83.117313,42.490435],[-83.118344,42.490419],[-83.118772,42.490407],[-83.119279,42.490393],[-83.120257,42.490379],[-83.121672,42.490336],[-83.122824,42.490302],[-83.12414,42.490271],[-83.124278,42.490249],[-83.124282,42.489786],[-83.124293,42.489402],[-83.124252,42.488492],[-83.124178,42.486951],[-83.124158,42.486617],[-83.125709,42.486617],[-83.127742,42.48662],[-83.129477,42.486625],[-83.130946,42.486631],[-83.133191,42.486623],[-83.13415,42.486618],[-83.134441,42.486605],[-83.134769,42.486639]],[[-83.10747,42.500808],[-83.10746,42.50057],[-83.107432,42.499445],[-83.107399,42.498239],[-83.106218,42.498219],[-83.106189,42.497071],[-83.106123,42.495734],[-83.106092,42.495468],[-83.106498,42.495458],[-83.106767,42.495455],[-83.106729,42.494498],[-83.106953,42.494498],[-83.107323,42.49449],[-83.107238,42.494459],[-83.107214,42.494077],[-83.107149,42.493021],[-83.10711,42.492137],[-83.107067,42.491274],[-83.107579,42.491243]],[[-83.091881,42.488562],[-83.093364,42.488581],[-83.093941,42.488581],[-83.094833,42.488597],[-83.095664,42.488583],[-83.097291,42.488536],[-83.100077,42.488505],[-83.100001,42.485987],[-83.101154,42.485972],[-83.101608,42.485956],[-83.10448,42.485887],[-83.105693,42.485865],[-83.105719,42.486884],[-83.105666,42.487223],[-83.106862,42.487188],[-83.106959,42.488965],[-83.10702,42.490091],[-83.106493,42.490097],[-83.106522,42.490689],[-83.106563,42.491277],[-83.106986,42.491273],[-83.107016,42.491258],[-83.107549,42.491231],[-83.107577,42.491241]],[[-83.101825,42.480243],[-83.102868,42.480212],[-83.104273,42.480181],[-83.104235,42.479499],[-83.104225,42.479215],[-83.104549,42.479195],[-83.105011,42.47914],[-83.105345,42.479131],[-83.105476,42.480161],[-83.105481,42.480898],[-83.107311,42.480847],[-83.107357,42.481866],[-83.107427,42.48332],[-83.107229,42.48352],[-83.107239,42.483846],[-83.106745,42.483851],[-83.106791,42.485851],[-83.106862,42.487185]],[[-83.144086,42.487437],[-83.144077,42.48746],[-83.144183,42.489791],[-83.144213,42.491683],[-83.144256,42.492846],[-83.144323,42.493921],[-83.144314,42.493947]],[[-83.160884,42.488974],[-83.161033,42.488992],[-83.161053,42.48932],[-83.160052,42.489346],[-83.159055,42.489324],[-83.158287,42.489322],[-83.15822,42.489242],[-83.157374,42.488311],[-83.156598,42.487462],[-83.155751,42.486577],[-83.155533,42.486364],[-83.154522,42.486893],[-83.154239,42.486957],[-83.153698,42.48697],[-83.151836,42.487016],[-83.150856,42.487046],[-83.149239,42.487078],[-83.147898,42.487124],[-83.147873,42.486631],[-83.146681,42.48666],[-83.146675,42.487139],[-83.146255,42.487152],[-83.145626,42.487176],[-83.144327,42.487224],[-83.144086,42.487221],[-83.144085,42.487437]],[[-83.166848,42.488814],[-83.166015,42.488854],[-83.163518,42.488909],[-83.162872,42.488903],[-83.162291,42.488924],[-83.161603,42.488953],[-83.160882,42.488982],[-83.160883,42.48897]],[[-83.173484,42.488622],[-83.17326,42.488627],[-83.170071,42.488721],[-83.168184,42.488763],[-83.166995,42.488799],[-83.166843,42.488811]],[[-83.186057,42.481836],[-83.186084,42.4823],[-83.186338,42.486675],[-83.186447,42.488258],[-83.183651,42.488268],[-83.183532,42.488271],[-83.183206,42.488313],[-83.181049,42.488379],[-83.180722,42.488383],[-83.178561,42.488461],[-83.178539,42.488058],[-83.178167,42.488145],[-83.17687,42.488202],[-83.175539,42.488228],[-83.173604,42.488288],[-83.173457,42.488266],[-83.173475,42.488601],[-83.172923,42.488617],[-83.170871,42.488679],[-83.169444,42.488717],[-83.166856,42.488794],[-83.166841,42.488812]],[[-83.183129,42.498233],[-83.182832,42.498244],[-83.182256,42.498262],[-83.179217,42.498329],[-83.179015,42.498337],[-83.177368,42.49837],[-83.176216,42.498399],[-83.174784,42.498434],[-83.174764,42.496792],[-83.173891,42.496812],[-83.173519,42.496795],[-83.171425,42.496868],[-83.171411,42.49646],[-83.171344,42.494738],[-83.171321,42.493564],[-83.171308,42.493209],[-83.171353,42.492726],[-83.170594,42.492742],[-83.170577,42.492252],[-83.170492,42.489981],[-83.170475,42.489517],[-83.169548,42.489536],[-83.16899,42.489549],[-83.168444,42.489603],[-83.165894,42.489699],[-83.165873,42.489164],[-83.165904,42.488874],[-83.166824,42.488828],[-83.166837,42.488819]],[[-83.192364,42.493315],[-83.192571,42.495401],[-83.192055,42.495414],[-83.192084,42.495738],[-83.189949,42.495773],[-83.188907,42.495801],[-83.18873,42.495762],[-83.188701,42.495206],[-83.188561,42.495291],[-83.188417,42.495297],[-83.186889,42.49531],[-83.185371,42.495297],[-83.184863,42.495323],[-83.184477,42.495319],[-83.184425,42.49341],[-83.18287,42.493435],[-83.182921,42.494784],[-83.183092,42.49745],[-83.183127,42.498227]],[[-83.187589,42.501362],[-83.185468,42.501402],[-83.184393,42.501432],[-83.184059,42.501436],[-83.183725,42.501494],[-83.183677,42.501497],[-83.183227,42.501518],[-83.183207,42.500929],[-83.183196,42.500435],[-83.183168,42.500097],[-83.183176,42.499918],[-83.18316,42.499686],[-83.183172,42.499254],[-83.183143,42.49912],[-83.183145,42.498705],[-83.183125,42.498234]],[[-83.143924,42.483641],[-83.143136,42.483627],[-83.142949,42.483472],[-83.142885,42.483457],[-83.139568,42.483362],[-83.139245,42.483354],[-83.139263,42.48393],[-83.136908,42.48387],[-83.135976,42.483852],[-83.134732,42.483792],[-83.134824,42.485297],[-83.1343,42.485341],[-83.134343,42.485798],[-83.134343,42.486127],[-83.134367,42.486553],[-83.134397,42.48706],[-83.13426,42.487066],[-83.134287,42.487285],[-83.134338,42.487846],[-83.134432,42.489691],[-83.133169,42.489731],[-83.132011,42.489767],[-83.131825,42.489763],[-83.130958,42.489782],[-83.130438,42.489797],[-83.129314,42.489836],[-83.128814,42.48985],[-83.127577,42.489862],[-83.126359,42.489896],[-83.126299,42.489928]],[[-83.140761,42.468466],[-83.139703,42.468769],[-83.140566,42.469993],[-83.141979,42.47207],[-83.142371,42.472535],[-83.143094,42.473314]],[[-83.148268,42.469609],[-83.141633,42.469787],[-83.140756,42.468463]],[[-83.15266,42.459665],[-83.152687,42.460372],[-83.152692,42.4606],[-83.152135,42.460602],[-83.152142,42.460741],[-83.152155,42.461287],[-83.152205,42.462206],[-83.152253,42.462854],[-83.151579,42.462895],[-83.150072,42.462954],[-83.148745,42.463023],[-83.148753,42.463381],[-83.148789,42.463978],[-83.148852,42.46507],[-83.148132,42.46511],[-83.148196,42.467353],[-83.148272,42.469605]],[[-83.137877,42.457715],[-83.14002,42.45766],[-83.142062,42.457615],[-83.142989,42.457603],[-83.143507,42.457571],[-83.144601,42.457514],[-83.144928,42.457497],[-83.145687,42.457449],[-83.146283,42.457429],[-83.147017,42.457395],[-83.147046,42.457743],[-83.147158,42.457845],[-83.147207,42.458771],[-83.147256,42.459907],[-83.147967,42.4599],[-83.147998,42.460146],[-83.148227,42.460147],[-83.148819,42.460145],[-83.148779,42.459777],[-83.149007,42.459768],[-83.150271,42.459737],[-83.151556,42.459699],[-83.152658,42.459667]],[[-83.136106,42.449586],[-83.136163,42.450098],[-83.136216,42.451203],[-83.136283,42.452026],[-83.136289,42.452444],[-83.136288,42.452758],[-83.136322,42.453725],[-83.136325,42.453824],[-83.136816,42.453797],[-83.13684,42.45422],[-83.137735,42.454251],[-83.13776,42.45478],[-83.137815,42.456482],[-83.137877,42.457709]]]},"properties":{"id":"fna-member-routes-20260918-504b115659757155e9a8","sourceId":"fna-member-routes-20260918","source":"Fiber Network Alliance member fiber lines","sourceUrl":"https://www.fibernetworkalliance.com/membership-map-line/","name":"WOW-Detroit published routes","carrier":"WOW-Detroit","category":"unknown","routeStatus":"Status not established","evidence":"publisher_route","dataDate":null,"metadataModified":null,"retrievedAt":"2026-09-18T19:56:04.130240+00:00","networkType":"Published fiber route; precision and network class unverified","serviceability":"Unconfirmed","routeDiversity":"Unconfirmed","states":["MI"],"publishedLineParts":100},"bbox":[-83.269569,42.246087,-83.050655,42.501518]},{"type":"Feature","geometry":{"type":"MultiLineString","coordinates":[[[-83.10278,42.453934],[-83.103889,42.453915],[-83.104058,42.45616],[-83.104129,42.456818],[-83.104155,42.457569],[-83.104241,42.458384],[-83.104426,42.458499],[-83.105122,42.458866],[-83.105346,42.45901],[-83.106166,42.459424],[-83.106375,42.459856],[-83.106743,42.460171],[-83.106916,42.460593],[-83.107322,42.460574],[-83.107375,42.460886],[-83.110109,42.460806],[-83.110434,42.460789],[-83.110461,42.461095],[-83.110353,42.461274]],[[-83.09059,42.454426],[-83.090645,42.455282],[-83.090822,42.457831],[-83.090985,42.460208],[-83.091053,42.461286],[-83.091051,42.461783],[-83.091241,42.462084],[-83.091711,42.462084],[-83.092025,42.462076],[-83.092079,42.462963],[-83.092112,42.464058]],[[-83.138431,42.471848],[-83.138492,42.473128],[-83.141102,42.473043],[-83.142237,42.473031],[-83.14242,42.472989],[-83.142611,42.473191],[-83.142792,42.47335],[-83.143091,42.473316]],[[-83.12289,42.468473],[-83.123546,42.468511],[-83.123918,42.468489],[-83.126342,42.468562],[-83.128408,42.468615],[-83.12909,42.46863],[-83.129638,42.468661],[-83.12996,42.468524],[-83.130335,42.468536],[-83.131433,42.468557],[-83.131672,42.468567],[-83.131796,42.468717],[-83.132035,42.468925],[-83.132186,42.469084],[-83.132618,42.469101],[-83.135471,42.469165],[-83.138322,42.469222],[-83.138324,42.469563],[-83.138359,42.470776],[-83.138428,42.471847]],[[-83.118506,42.46884],[-83.120766,42.468811],[-83.122848,42.4688],[-83.12284,42.468582],[-83.122887,42.468468]],[[-83.14309,42.473316],[-83.143477,42.473736],[-83.143562,42.473975],[-83.143626,42.476255],[-83.143693,42.478028],[-83.143775,42.47972],[-83.143862,42.481535],[-83.14389,42.482642],[-83.143924,42.48364]],[[-83.100732,42.463865],[-83.100904,42.463867],[-83.100877,42.463455],[-83.100838,42.461565],[-83.102209,42.461536],[-83.10301,42.461546],[-83.105198,42.461458],[-83.107138,42.46137],[-83.11035,42.46128],[-83.111796,42.461224],[-83.115303,42.461121],[-83.120674,42.460999],[-83.12592,42.460878],[-83.129192,42.460783],[-83.131291,42.460746],[-83.133482,42.460688],[-83.134256,42.460661],[-83.135358,42.462284],[-83.137454,42.465367],[-83.13852,42.466959],[-83.139204,42.468036],[-83.13954,42.468478],[-83.139638,42.468753],[-83.140765,42.470314],[-83.141011,42.470671],[-83.141956,42.472057],[-83.142047,42.472173],[-83.142378,42.472563],[-83.14277,42.472987],[-83.143071,42.473306]],[[-83.092112,42.464055],[-83.092148,42.46473],[-83.092236,42.466609],[-83.095447,42.466526],[-83.096443,42.466495],[-83.09999,42.466429],[-83.100398,42.466423],[-83.100345,42.465119],[-83.100292,42.463872],[-83.100732,42.463862]],[[-83.144309,42.493945],[-83.144307,42.494073],[-83.143553,42.494103],[-83.143564,42.493566],[-83.14199,42.493596],[-83.141862,42.490691],[-83.141409,42.490703],[-83.141357,42.489758],[-83.141736,42.489751],[-83.141687,42.48857],[-83.141742,42.488468],[-83.140876,42.488483],[-83.139925,42.488507],[-83.139776,42.488536],[-83.139153,42.488577],[-83.139177,42.489463],[-83.138928,42.489471],[-83.137935,42.489493],[-83.137374,42.489522],[-83.137051,42.489614],[-83.136082,42.489633],[-83.135541,42.489644],[-83.135075,42.48967],[-83.134404,42.489706],[-83.132784,42.489756],[-83.132048,42.489779],[-83.131821,42.489776],[-83.131526,42.489781],[-83.130849,42.489798],[-83.13006,42.489818],[-83.129121,42.489852],[-83.12842,42.489863],[-83.127522,42.489873],[-83.126368,42.489905],[-83.126326,42.489929]],[[-83.007223,42.496156],[-83.008405,42.496091],[-83.008588,42.497913],[-83.008747,42.499658],[-83.010223,42.49961],[-83.010315,42.499784],[-83.010326,42.500016],[-83.010404,42.500558],[-83.011443,42.500528],[-83.011426,42.500153],[-83.013077,42.500095],[-83.015313,42.500029],[-83.015946,42.50002],[-83.015923,42.499628],[-83.018038,42.499558],[-83.022556,42.499405],[-83.025019,42.499326],[-83.027353,42.499256],[-83.027822,42.499247]],[[-83.076461,42.498286],[-83.072663,42.498379],[-83.070048,42.498433],[-83.068564,42.498445],[-83.068294,42.498305],[-83.06786,42.498303],[-83.067065,42.49831],[-83.065402,42.498356],[-83.065405,42.497924],[-83.063316,42.497982],[-83.0609,42.498047],[-83.060923,42.498433]],[[-83.01659,42.478508],[-83.01659,42.478157],[-83.016159,42.478168],[-83.016146,42.477987],[-83.016082,42.477884],[-83.016082,42.477558],[-83.016173,42.477508]],[[-83.029414,42.475552],[-83.02946,42.476322],[-83.029471,42.476963],[-83.029495,42.477512],[-83.028054,42.477545],[-83.027462,42.477583],[-83.026266,42.477625],[-83.025269,42.477628],[-83.023074,42.477636],[-83.021859,42.477665],[-83.021866,42.478503],[-83.020257,42.478524],[-83.018548,42.478542],[-83.018417,42.478456],[-83.017318,42.478476],[-83.01679,42.47849],[-83.01659,42.478505]],[[-83.01954,42.482176],[-83.019094,42.48219],[-83.018064,42.482215],[-83.017788,42.482221],[-83.017424,42.482218],[-83.01625,42.482246],[-83.016229,42.481388],[-83.016827,42.481381],[-83.016631,42.481226],[-83.016647,42.481107],[-83.016615,42.479809],[-83.016592,42.479241],[-83.016574,42.478907],[-83.016591,42.478503]],[[-83.013164,42.464592],[-83.013187,42.465692],[-83.01328,42.469594],[-83.01333,42.470118],[-83.013524,42.470107],[-83.015243,42.470066],[-83.015697,42.470064],[-83.015691,42.47057],[-83.015736,42.47172],[-83.015747,42.472851],[-83.015771,42.473313],[-83.015788,42.473993],[-83.015776,42.474129],[-83.015794,42.474322],[-83.015773,42.475238],[-83.015814,42.47578],[-83.01582,42.47617],[-83.015787,42.476569],[-83.015716,42.47707],[-83.016172,42.477059],[-83.016175,42.477503]],[[-83.015781,42.464548],[-83.01557,42.464548],[-83.013161,42.464592]],[[-83.023457,42.460587],[-83.023499,42.461325],[-83.023538,42.462054],[-83.023597,42.464322],[-83.01871,42.464465],[-83.015778,42.464546]],[[-83.006292,42.462618],[-83.006308,42.462996],[-83.006747,42.462978],[-83.007641,42.462982],[-83.008954,42.46297],[-83.010553,42.462959],[-83.011142,42.463009],[-83.011683,42.463018],[-83.012229,42.463001],[-83.013081,42.462991],[-83.013155,42.464595]],[[-83.011218,42.485466],[-83.011214,42.485292],[-83.0112,42.484822],[-83.011136,42.482291],[-83.01112,42.481461],[-83.011308,42.481437],[-83.011902,42.481436],[-83.01342,42.481409],[-83.01367,42.481265],[-83.013616,42.480348],[-83.0136,42.47915],[-83.013569,42.47853],[-83.01361,42.478066],[-83.013597,42.477871]],[[-83.000292,42.48518],[-83.001478,42.48516],[-83.001368,42.481874],[-83.001313,42.479772],[-83.001265,42.478131]],[[-83.032129,42.458184],[-83.032136,42.458495],[-83.032316,42.462252],[-83.032338,42.462746],[-83.03217,42.463117],[-83.032056,42.463344],[-83.032284,42.465871],[-83.032308,42.466264],[-83.034839,42.466187],[-83.034807,42.465884],[-83.035248,42.465867],[-83.035529,42.465808],[-83.035558,42.466137],[-83.035566,42.466225],[-83.036383,42.473008],[-83.036699,42.475441],[-83.036844,42.476708],[-83.036875,42.476975],[-83.036431,42.47709],[-83.036343,42.477244],[-83.036343,42.477284]],[[-83.055357,42.476862],[-83.055209,42.476862],[-83.052532,42.47691],[-83.048413,42.476986],[-83.047814,42.47699],[-83.046129,42.477021],[-83.045839,42.477024],[-83.045425,42.477057]],[[-83.053744,42.484072],[-83.055482,42.48404],[-83.055445,42.483058],[-83.055389,42.481127],[-83.055279,42.478336],[-83.055224,42.477102],[-83.055363,42.476863]],[[-83.073259,42.476701],[-83.072581,42.476725],[-83.072141,42.476736],[-83.068885,42.4768],[-83.06767,42.476827],[-83.067526,42.476549],[-83.065982,42.476575],[-83.062922,42.476652],[-83.062326,42.476671],[-83.06049,42.476721],[-83.057846,42.476796],[-83.056582,42.476852],[-83.055959,42.476847],[-83.055358,42.476867]],[[-83.053096,42.45511],[-83.051979,42.455127],[-83.051286,42.455142],[-83.05076,42.455324],[-83.049537,42.455339],[-83.04965,42.458217],[-83.049751,42.460744],[-83.049789,42.46152],[-83.04982,42.462245],[-83.049822,42.462533]],[[-83.036341,42.477285],[-83.036476,42.477111],[-83.036557,42.477106],[-83.03689,42.477047],[-83.036942,42.477332],[-83.036645,42.477336],[-83.036421,42.47732],[-83.035877,42.477307],[-83.034065,42.477355],[-83.033887,42.476762]],[[-83.041888,42.477254],[-83.04177,42.477256],[-83.039123,42.477274],[-83.038129,42.477279],[-83.037044,42.477279],[-83.036693,42.477287],[-83.036346,42.477282]],[[-83.04542,42.477057],[-83.044872,42.477073],[-83.041884,42.477253]],[[-83.057607,42.473356],[-83.05763,42.474095],[-83.057654,42.475598],[-83.057619,42.475925],[-83.057488,42.476287],[-83.056981,42.476312],[-83.056682,42.476311],[-83.056461,42.476307],[-83.056454,42.476447],[-83.055953,42.476464],[-83.055209,42.476471],[-83.055219,42.476648],[-83.055219,42.476847],[-83.055338,42.47685],[-83.055362,42.47686]],[[-83.049819,42.462533],[-83.048557,42.462573],[-83.045678,42.462648],[-83.044823,42.462688],[-83.044893,42.464174],[-83.045193,42.471281],[-83.045412,42.477054]],[[-83.074121,42.462167],[-83.073906,42.46217],[-83.07375,42.46217],[-83.071644,42.462218],[-83.069096,42.462268],[-83.065124,42.462356],[-83.06429,42.46238],[-83.061733,42.462384],[-83.056721,42.462404],[-83.05513,42.462417],[-83.054973,42.46241],[-83.052805,42.462448],[-83.050882,42.462501],[-83.049821,42.462528]],[[-83.083822,42.462023],[-83.083418,42.461997],[-83.080647,42.462054],[-83.076076,42.462124],[-83.074116,42.462164]],[[-83.016174,42.477502],[-83.016148,42.477814],[-83.01655,42.477799],[-83.017018,42.477796],[-83.018643,42.477712],[-83.021553,42.477662],[-83.023067,42.477622],[-83.024555,42.477603],[-83.024835,42.4776],[-83.025283,42.477603],[-83.025981,42.477609],[-83.026945,42.477586],[-83.027516,42.47756],[-83.028056,42.477527],[-83.029169,42.477497],[-83.030631,42.477464],[-83.032007,42.477431],[-83.032069,42.478038],[-83.032351,42.478107],[-83.034536,42.478046],[-83.034503,42.477495],[-83.034426,42.477363],[-83.034036,42.477375],[-83.033838,42.476763]],[[-82.986543,42.478417],[-82.986905,42.478398],[-82.987831,42.478361],[-82.988787,42.478338],[-82.989312,42.478332],[-82.989769,42.478354],[-82.99033,42.478305],[-82.990965,42.478299],[-82.994289,42.478239],[-82.999654,42.478163],[-83.00412,42.478081],[-83.006876,42.478027],[-83.014118,42.477863],[-83.015419,42.477838],[-83.016035,42.477823],[-83.016061,42.477548],[-83.016173,42.477507]],[[-83.027424,42.477337],[-83.026008,42.477396],[-83.024898,42.477413],[-83.018601,42.477512],[-83.01715,42.477553],[-83.01622,42.477581],[-83.016171,42.477508]],[[-83.027827,42.49925],[-83.027858,42.49922],[-83.027744,42.495491],[-83.02757,42.491397],[-83.02754,42.491102],[-83.027516,42.490855],[-83.027426,42.490812],[-83.027508,42.490811],[-83.027903,42.490813],[-83.027797,42.488443],[-83.027638,42.48479],[-83.027507,42.480644],[-83.027442,42.477802],[-83.027421,42.477339]]]},"properties":{"id":"fna-member-routes-20260918-65f0d33d1acbfb57e562","sourceId":"fna-member-routes-20260918","source":"Fiber Network Alliance member fiber lines","sourceUrl":"https://www.fibernetworkalliance.com/membership-map-line/","name":"WOW-Detroit published routes","carrier":"WOW-Detroit","category":"unknown","routeStatus":"Status not established","evidence":"publisher_route","dataDate":null,"metadataModified":null,"retrievedAt":"2026-09-18T19:56:04.130240+00:00","networkType":"Published fiber route; precision and network class unverified","serviceability":"Unconfirmed","routeDiversity":"Unconfirmed","states":["MI"],"publishedLineParts":36},"bbox":[-83.144309,42.453915,-82.986543,42.500558]},{"type":"Feature","geometry":{"type":"MultiLineString","coordinates":[[[-83.203893,42.517342],[-83.203863,42.517252],[-83.20358,42.51111],[-83.203286,42.503495],[-83.202927,42.497164],[-83.202599,42.490107],[-83.202428,42.486665],[-83.202332,42.484758]],[[-83.20562,42.537083],[-83.205338,42.536783],[-83.2051,42.536531],[-83.204882,42.536297],[-83.205237,42.53628],[-83.205692,42.536259],[-83.205654,42.535484],[-83.205629,42.534958]],[[-83.229274,42.54621],[-83.228997,42.546204],[-83.229059,42.546057],[-83.229018,42.5458],[-83.228937,42.545256],[-83.228873,42.54473],[-83.228802,42.544182],[-83.228741,42.543607],[-83.228648,42.542985],[-83.228568,42.542307],[-83.228879,42.542191],[-83.229101,42.542104],[-83.229258,42.542057],[-83.22955,42.541933]],[[-83.226186,42.55951],[-83.225661,42.559523],[-83.225413,42.559527],[-83.225361,42.558603],[-83.225341,42.558051],[-83.225326,42.557574],[-83.225297,42.557195],[-83.225252,42.556536],[-83.225224,42.556103],[-83.225164,42.555742],[-83.225112,42.555209],[-83.224437,42.555252],[-83.223385,42.555328]],[[-83.206899,42.547432],[-83.206847,42.547433],[-83.206385,42.547447],[-83.205947,42.54746],[-83.205655,42.54743],[-83.204068,42.547466],[-83.203339,42.547484],[-83.202502,42.547503],[-83.202508,42.547959],[-83.20256,42.54877],[-83.202573,42.549035]],[[-83.239521,42.555326],[-83.238848,42.555334],[-83.237904,42.555317],[-83.237262,42.555292],[-83.236582,42.555195],[-83.235973,42.555101],[-83.235481,42.55506],[-83.235234,42.555062],[-83.234648,42.555091],[-83.234104,42.555126],[-83.233738,42.555149],[-83.233397,42.555174]],[[-83.235148,42.552436],[-83.234538,42.552471],[-83.234049,42.552503],[-83.233556,42.552542],[-83.232963,42.552582],[-83.232993,42.552794],[-83.23304,42.553145],[-83.233085,42.553468],[-83.233184,42.553852],[-83.233278,42.554245],[-83.233343,42.554539],[-83.233408,42.55482],[-83.233402,42.555165]],[[-83.22891,42.549574],[-83.229491,42.549525],[-83.229486,42.549067],[-83.229434,42.548605],[-83.22941,42.548019],[-83.229363,42.547513],[-83.229324,42.546896],[-83.229283,42.546419],[-83.229279,42.546217]],[[-83.229287,42.546204],[-83.229568,42.546203],[-83.230111,42.546185],[-83.230793,42.546171],[-83.231433,42.546155],[-83.232017,42.546131],[-83.232759,42.546111],[-83.233569,42.546085],[-83.23401,42.54607],[-83.234457,42.546056],[-83.234422,42.545821]],[[-83.215999,42.541922],[-83.216346,42.541919],[-83.216314,42.541804],[-83.216292,42.54161],[-83.216387,42.541435],[-83.216378,42.540993],[-83.216341,42.54043],[-83.216327,42.539873],[-83.216306,42.539248],[-83.21587,42.539258],[-83.215743,42.539142]],[[-83.220573,42.539702],[-83.220549,42.539188],[-83.220342,42.53919],[-83.219991,42.539194],[-83.219454,42.539223],[-83.218954,42.539258],[-83.218504,42.539262],[-83.218504,42.539157],[-83.21806,42.539166],[-83.21768,42.539175],[-83.216811,42.539222],[-83.216314,42.539235],[-83.215885,42.539247],[-83.215755,42.539126]],[[-83.205519,42.532316],[-83.20682,42.53228],[-83.207498,42.532263],[-83.20927,42.532206],[-83.209557,42.532197],[-83.210059,42.53219],[-83.210526,42.532174],[-83.210774,42.532161],[-83.211334,42.532147],[-83.21135,42.532348],[-83.211365,42.532366]],[[-83.206908,42.547428],[-83.206935,42.54743],[-83.207336,42.547417],[-83.207931,42.547396],[-83.208561,42.547376],[-83.208933,42.547361],[-83.208906,42.546971],[-83.208972,42.546716],[-83.208967,42.546601],[-83.208958,42.546391],[-83.208935,42.545976],[-83.208794,42.545738],[-83.208793,42.545729],[-83.208789,42.545588],[-83.208763,42.545103],[-83.208746,42.54482],[-83.208733,42.544528],[-83.208724,42.544309]],[[-83.205465,42.539826],[-83.205479,42.540043],[-83.20549,42.540313],[-83.20532,42.540307],[-83.205188,42.540303],[-83.204891,42.540303],[-83.203896,42.540331],[-83.203078,42.540353],[-83.202253,42.540375],[-83.201754,42.540392],[-83.201536,42.540401],[-83.201307,42.54041],[-83.200648,42.540438]],[[-83.19642,42.552821],[-83.196396,42.552552],[-83.196079,42.552558],[-83.19568,42.552567],[-83.195169,42.552579],[-83.194733,42.552588],[-83.194266,42.552601],[-83.193755,42.552617],[-83.193104,42.552635],[-83.193101,42.552355],[-83.193094,42.552083],[-83.19308,42.55165],[-83.193054,42.551372],[-83.193039,42.551115],[-83.19303,42.550695],[-83.193018,42.550417],[-83.193008,42.550148]],[[-83.193137,42.553195],[-83.193086,42.552644],[-83.193074,42.552093],[-83.193049,42.551668],[-83.193033,42.551389],[-83.193023,42.551112],[-83.193011,42.550701],[-83.193001,42.550427],[-83.192998,42.550117]],[[-83.189741,42.549796],[-83.190207,42.549777],[-83.19093,42.549758],[-83.191509,42.54975],[-83.192023,42.549735],[-83.192725,42.549722],[-83.192961,42.54972],[-83.192994,42.550119],[-83.192961,42.54972],[-83.192725,42.549722],[-83.192023,42.549735],[-83.191509,42.54975],[-83.19093,42.549758],[-83.190207,42.549777],[-83.189741,42.549796]],[[-83.192891,42.548165],[-83.192929,42.548628],[-83.192939,42.548797],[-83.192971,42.549364],[-83.192982,42.549719],[-83.194007,42.549695],[-83.19503,42.549666],[-83.196237,42.549645],[-83.196247,42.550063],[-83.19629,42.550633],[-83.196855,42.550604],[-83.197884,42.550585],[-83.196855,42.550604],[-83.19629,42.550633],[-83.196247,42.550063],[-83.196237,42.549645],[-83.19503,42.549666],[-83.194007,42.549695],[-83.192982,42.549719],[-83.192971,42.549364],[-83.192939,42.548797],[-83.192929,42.548628],[-83.192891,42.548165]],[[-83.192884,42.548162],[-83.192921,42.548736],[-83.192961,42.549403],[-83.19297,42.549728],[-83.193007,42.550146],[-83.19297,42.549728],[-83.192961,42.549403],[-83.192921,42.548736],[-83.192884,42.548162]],[[-83.198122,42.542952],[-83.198122,42.543371],[-83.198133,42.543483],[-83.198156,42.543961],[-83.198183,42.544381],[-83.198198,42.544775],[-83.198016,42.544785],[-83.197142,42.544809],[-83.196194,42.544829],[-83.195969,42.544837],[-83.195852,42.544839],[-83.195715,42.544819],[-83.195688,42.544792]],[[-83.195438,42.540072],[-83.195477,42.540289],[-83.195527,42.540562],[-83.19552,42.540862],[-83.195525,42.541126],[-83.195534,42.541516],[-83.195551,42.542045],[-83.195571,42.542478],[-83.195607,42.543367],[-83.195651,42.544289],[-83.195692,42.544792],[-83.195651,42.544289],[-83.195607,42.543367],[-83.195571,42.542478],[-83.195551,42.542045],[-83.195534,42.541516],[-83.195525,42.541126],[-83.19552,42.540862],[-83.195527,42.540562],[-83.195477,42.540289],[-83.195438,42.540072]],[[-83.204387,42.530256],[-83.204367,42.530281],[-83.204446,42.531479],[-83.204367,42.530281],[-83.204387,42.530256]],[[-83.204404,42.531982],[-83.204438,42.531792],[-83.204442,42.531478],[-83.204438,42.531792],[-83.204404,42.531982]],[[-83.204403,42.53198],[-83.204404,42.532002],[-83.206627,42.531938],[-83.209215,42.531879],[-83.211312,42.531811],[-83.211358,42.531893],[-83.211374,42.532145],[-83.211384,42.53237],[-83.211374,42.532145],[-83.211358,42.531893],[-83.211312,42.531811],[-83.209215,42.531879],[-83.206627,42.531938],[-83.204404,42.532002],[-83.204403,42.53198]],[[-83.229285,42.546218],[-83.229787,42.546207],[-83.231191,42.546172],[-83.232611,42.546128],[-83.234464,42.546064],[-83.2343,42.544936],[-83.234018,42.542751],[-83.23395,42.542291],[-83.233796,42.541071],[-83.233728,42.540613],[-83.2336,42.539664],[-83.23344,42.538375],[-83.233383,42.53799],[-83.23344,42.538375],[-83.2336,42.539664],[-83.233728,42.540613],[-83.233796,42.541071],[-83.23395,42.542291],[-83.234018,42.542751],[-83.2343,42.544936],[-83.234464,42.546064],[-83.232611,42.546128],[-83.231191,42.546172],[-83.229787,42.546207],[-83.229285,42.546218]],[[-83.222457,42.548848],[-83.22251,42.549599],[-83.222562,42.550051],[-83.22166,42.550169],[-83.220861,42.550253],[-83.220923,42.551496],[-83.220991,42.552537],[-83.22102,42.553234],[-83.221582,42.553219],[-83.22244,42.5532],[-83.222438,42.553294],[-83.222486,42.553805],[-83.222553,42.554598],[-83.223341,42.554555],[-83.223373,42.55532],[-83.223341,42.554555],[-83.222553,42.554598],[-83.222486,42.553805],[-83.222438,42.553294],[-83.22244,42.5532],[-83.221582,42.553219],[-83.22102,42.553234],[-83.220991,42.552537],[-83.220923,42.551496],[-83.220861,42.550253],[-83.22166,42.550169],[-83.222562,42.550051],[-83.22251,42.549599],[-83.222457,42.548848]],[[-83.198543,42.536098],[-83.198749,42.535735],[-83.198804,42.5356],[-83.198924,42.535253],[-83.19857,42.535139],[-83.198206,42.535009],[-83.197896,42.534838],[-83.198177,42.534598],[-83.197837,42.534389],[-83.197611,42.534233],[-83.197364,42.533976],[-83.19712,42.534126],[-83.197027,42.534187],[-83.196916,42.533971],[-83.196784,42.533739],[-83.1967,42.533544],[-83.19631,42.533561],[-83.195728,42.533616],[-83.19497,42.533619],[-83.194932,42.533191]],[[-83.204238,42.541233],[-83.20417,42.541253],[-83.204075,42.541273],[-83.204021,42.541293],[-83.206904,42.547433],[-83.208238,42.547395],[-83.20894,42.547375],[-83.208914,42.546966],[-83.208981,42.546714],[-83.208963,42.546386],[-83.208941,42.545974],[-83.208801,42.545737],[-83.208707,42.543898],[-83.208668,42.543176],[-83.208646,42.542511],[-83.208484,42.542179],[-83.207126,42.542391],[-83.205652,42.542587],[-83.205535,42.541052],[-83.205519,42.540596],[-83.205526,42.540372],[-83.2055,42.540047],[-83.20548,42.539833],[-83.205472,42.539827],[-83.20548,42.539833],[-83.2055,42.540047],[-83.205526,42.540372],[-83.205519,42.540596],[-83.205535,42.541052],[-83.205652,42.542587],[-83.207126,42.542391],[-83.208484,42.542179],[-83.208646,42.542511],[-83.208668,42.543176],[-83.208707,42.543898],[-83.208801,42.545737],[-83.208941,42.545974],[-83.208963,42.546386],[-83.208981,42.546714],[-83.208914,42.546966],[-83.20894,42.547375],[-83.208238,42.547395],[-83.206904,42.547433],[-83.204021,42.541293],[-83.204075,42.541273],[-83.20417,42.541253],[-83.204238,42.541233]],[[-83.194934,42.533191],[-83.194362,42.533212],[-83.194424,42.533756],[-83.194572,42.534166],[-83.194795,42.534662],[-83.194887,42.534936],[-83.194966,42.535266],[-83.195059,42.535443],[-83.195125,42.535568],[-83.194335,42.535942],[-83.193623,42.53635],[-83.193375,42.536517],[-83.194104,42.537131],[-83.194698,42.537522],[-83.194869,42.537628],[-83.194954,42.537862],[-83.195037,42.538986],[-83.195482,42.538985],[-83.195492,42.539568],[-83.19545,42.539747],[-83.195432,42.540091],[-83.195471,42.540297],[-83.195518,42.540569],[-83.19551,42.541003],[-83.195516,42.541313],[-83.195528,42.541766],[-83.195611,42.543951],[-83.195636,42.544308],[-83.195682,42.544793],[-83.195636,42.544308],[-83.195611,42.543951],[-83.195528,42.541766],[-83.195516,42.541313],[-83.19551,42.541003],[-83.195518,42.540569],[-83.195471,42.540297],[-83.195432,42.540091],[-83.19545,42.539747],[-83.195492,42.539568],[-83.195482,42.538985],[-83.195037,42.538986],[-83.194954,42.537862],[-83.194869,42.537628],[-83.194698,42.537522],[-83.194104,42.537131],[-83.193375,42.536517],[-83.193623,42.53635],[-83.194335,42.535942],[-83.195125,42.535568],[-83.195059,42.535443],[-83.194966,42.535266],[-83.194887,42.534936],[-83.194795,42.534662],[-83.194572,42.534166],[-83.194424,42.533756],[-83.194362,42.533212],[-83.194934,42.533191]],[[-83.21637,42.551049],[-83.216252,42.550794],[-83.216106,42.55049],[-83.215964,42.550257],[-83.21578,42.550023],[-83.21516,42.550119],[-83.214596,42.549384],[-83.213507,42.549833],[-83.2132,42.549414],[-83.213001,42.549136],[-83.21293,42.549041],[-83.212807,42.54902],[-83.212736,42.548899],[-83.212013,42.549074]],[[-83.215626,42.536833],[-83.215923,42.53683],[-83.216189,42.536828],[-83.216195,42.536811],[-83.216221,42.536811],[-83.216241,42.53681],[-83.216243,42.536823],[-83.216233,42.536828],[-83.216287,42.536824],[-83.216401,42.536827],[-83.216841,42.536818],[-83.217229,42.536806],[-83.21748,42.536803],[-83.217474,42.536617],[-83.217442,42.535948],[-83.217413,42.535354],[-83.217385,42.534812],[-83.217366,42.534326],[-83.217353,42.533911],[-83.217365,42.533906],[-83.217477,42.533905],[-83.217646,42.533902],[-83.217975,42.533897],[-83.218569,42.533891],[-83.219271,42.533873],[-83.219292,42.533863]],[[-83.221697,42.533806],[-83.220307,42.533827],[-83.21978,42.533841],[-83.219284,42.533853]],[[-83.211784,42.535923],[-83.211829,42.536389],[-83.211751,42.535548],[-83.21172,42.535262],[-83.2117,42.535001],[-83.211653,42.534526],[-83.211458,42.534048],[-83.21143,42.533726],[-83.211421,42.533405],[-83.211406,42.532937],[-83.211385,42.532591],[-83.211382,42.532376]],[[-83.210916,42.556329],[-83.210021,42.55638],[-83.209433,42.556398],[-83.208815,42.556433],[-83.208691,42.556842],[-83.207999,42.556869],[-83.207264,42.556899],[-83.207239,42.556463],[-83.20723,42.5561],[-83.207131,42.556],[-83.207104,42.555585],[-83.207085,42.555174],[-83.207071,42.55495],[-83.207046,42.554654],[-83.207006,42.554292],[-83.206825,42.554162],[-83.206812,42.553776],[-83.207206,42.553757],[-83.207614,42.553743],[-83.207914,42.553731],[-83.208921,42.553687],[-83.209378,42.553666],[-83.209677,42.553653],[-83.209644,42.553159],[-83.209622,42.552728],[-83.209598,42.552233],[-83.20958,42.551802]],[[-83.206048,42.55539],[-83.206022,42.555084],[-83.205997,42.554676],[-83.205973,42.554124],[-83.205948,42.553807],[-83.207078,42.553758],[-83.207914,42.553723],[-83.209006,42.553675],[-83.209666,42.553649],[-83.209633,42.553209],[-83.209608,42.552696],[-83.209582,42.552241],[-83.209569,42.551802]],[[-83.208963,42.547842],[-83.208936,42.54738],[-83.208875,42.54738],[-83.208562,42.54739],[-83.208126,42.5474],[-83.207601,42.547416],[-83.207557,42.547416],[-83.20727,42.547424],[-83.206924,42.547436]],[[-83.195685,42.544794],[-83.195714,42.544822],[-83.195728,42.544823],[-83.195852,42.544842],[-83.1961,42.544835],[-83.196351,42.544829],[-83.196702,42.544821],[-83.197388,42.544804],[-83.197983,42.544787],[-83.198197,42.544777],[-83.198208,42.544923],[-83.198212,42.545118],[-83.198213,42.545295],[-83.198211,42.545436],[-83.198261,42.545669],[-83.19883,42.545641],[-83.199302,42.545633],[-83.199816,42.545612],[-83.200124,42.545608],[-83.200552,42.545607],[-83.200124,42.545608],[-83.199816,42.545612],[-83.199302,42.545633],[-83.19883,42.545641],[-83.198261,42.545669],[-83.198211,42.545436],[-83.198213,42.545295],[-83.198212,42.545118],[-83.198208,42.544923],[-83.198197,42.544777],[-83.197983,42.544787],[-83.197388,42.544804],[-83.196702,42.544821],[-83.196351,42.544829],[-83.1961,42.544835],[-83.195852,42.544842],[-83.195728,42.544823],[-83.195714,42.544822],[-83.195685,42.544794]],[[-83.194325,42.535956],[-83.195133,42.535567],[-83.194975,42.535268],[-83.194913,42.53501],[-83.194888,42.534908],[-83.194853,42.534804],[-83.194793,42.534633],[-83.194757,42.534556],[-83.194729,42.5345],[-83.194624,42.534261],[-83.194488,42.533906],[-83.194438,42.533759],[-83.194373,42.533216],[-83.194932,42.533198],[-83.194373,42.533216],[-83.194438,42.533759],[-83.194488,42.533906],[-83.194624,42.534261],[-83.194729,42.5345],[-83.194757,42.534556],[-83.194793,42.534633],[-83.194853,42.534804],[-83.194888,42.534908],[-83.194913,42.53501],[-83.194975,42.535268],[-83.195133,42.535567],[-83.194325,42.535956]],[[-83.198557,42.53609],[-83.198555,42.536089],[-83.198788,42.536141],[-83.199192,42.536234],[-83.19952,42.536276],[-83.200333,42.536245],[-83.200346,42.53645],[-83.200344,42.53645],[-83.200346,42.53645],[-83.200333,42.536245],[-83.19952,42.536276],[-83.199192,42.536234],[-83.198788,42.536141],[-83.198555,42.536089],[-83.198747,42.535746]],[[-83.194932,42.533191],[-83.194895,42.533077],[-83.194855,42.53232],[-83.195061,42.532073],[-83.195055,42.531747],[-83.194358,42.531774],[-83.194244,42.530305],[-83.194208,42.529392],[-83.194136,42.528775],[-83.194038,42.528521],[-83.19362,42.528047],[-83.193191,42.527568],[-83.192632,42.527024],[-83.192237,42.526604],[-83.1921,42.526471],[-83.192237,42.526604],[-83.192632,42.527024],[-83.193191,42.527568],[-83.19362,42.528047],[-83.194038,42.528521],[-83.194136,42.528775],[-83.194208,42.529392],[-83.194244,42.530305],[-83.194358,42.531774],[-83.195055,42.531747],[-83.195061,42.532073],[-83.194855,42.53232],[-83.194895,42.533077],[-83.194932,42.533191]],[[-83.205628,42.537076],[-83.204896,42.536305],[-83.204932,42.536301],[-83.205704,42.536279],[-83.205642,42.535139],[-83.205548,42.533113],[-83.205508,42.532316],[-83.205508,42.532305],[-83.207583,42.532251],[-83.209267,42.532198],[-83.210541,42.532164],[-83.211351,42.532138],[-83.211364,42.532344],[-83.211382,42.532368],[-83.211364,42.532344],[-83.211351,42.532138],[-83.210541,42.532164],[-83.209267,42.532198],[-83.207583,42.532251],[-83.205508,42.532305],[-83.205508,42.532316],[-83.205548,42.533113],[-83.205642,42.535139],[-83.205704,42.536279],[-83.204932,42.536301],[-83.204896,42.536305],[-83.205628,42.537076]],[[-83.205625,42.537074],[-83.206375,42.53785],[-83.206842,42.538326],[-83.207127,42.538629],[-83.207486,42.538991],[-83.207489,42.539114],[-83.207677,42.539321],[-83.207797,42.539445],[-83.208103,42.539671],[-83.208376,42.539927],[-83.208473,42.540096],[-83.208679,42.540313],[-83.208898,42.540545],[-83.208679,42.540313],[-83.208473,42.540096],[-83.208376,42.539927],[-83.208103,42.539671],[-83.207797,42.539445],[-83.207677,42.539321],[-83.207489,42.539114],[-83.207486,42.538991],[-83.207127,42.538629],[-83.206842,42.538326],[-83.206375,42.53785],[-83.205625,42.537074]],[[-83.218443,42.531594],[-83.218464,42.531888],[-83.218524,42.533072],[-83.218576,42.533876],[-83.21929,42.533856],[-83.218576,42.533876],[-83.218524,42.533072],[-83.218464,42.531888],[-83.218443,42.531594]],[[-83.215744,42.539134],[-83.215185,42.539161],[-83.21461,42.539183],[-83.214467,42.539284],[-83.214421,42.538823],[-83.214983,42.53881],[-83.216304,42.538787],[-83.216235,42.537525],[-83.216203,42.536818],[-83.217472,42.536796],[-83.217457,42.536424],[-83.217369,42.534705],[-83.21734,42.533902],[-83.217859,42.533894],[-83.218393,42.533876],[-83.218565,42.533886],[-83.219261,42.533866],[-83.219286,42.533858],[-83.219261,42.533866],[-83.218565,42.533886],[-83.218393,42.533876],[-83.217859,42.533894],[-83.21734,42.533902],[-83.217369,42.534705],[-83.217457,42.536424],[-83.217472,42.536796],[-83.216203,42.536818],[-83.216235,42.537525],[-83.216304,42.538787],[-83.214983,42.53881],[-83.214421,42.538823],[-83.214467,42.539284],[-83.21461,42.539183],[-83.215185,42.539161],[-83.215744,42.539134]],[[-83.21574,42.539134],[-83.215882,42.539254],[-83.216316,42.53924],[-83.216346,42.540247],[-83.216386,42.541044],[-83.216401,42.541443],[-83.216303,42.541612],[-83.216322,42.541797],[-83.216363,42.541913],[-83.216376,42.542411],[-83.216465,42.542633],[-83.216503,42.543159],[-83.216509,42.543359],[-83.216971,42.543345],[-83.217632,42.543323],[-83.218108,42.54331],[-83.219162,42.543284],[-83.218108,42.54331],[-83.217632,42.543323],[-83.216971,42.543345],[-83.216509,42.543359],[-83.216503,42.543159],[-83.216465,42.542633],[-83.216376,42.542411],[-83.216363,42.541913],[-83.216322,42.541797],[-83.216303,42.541612],[-83.216401,42.541443],[-83.216386,42.541044],[-83.216346,42.540247],[-83.216316,42.53924],[-83.215882,42.539254],[-83.21574,42.539134]],[[-83.218444,42.53159],[-83.218469,42.531601],[-83.220889,42.531534],[-83.222653,42.531483],[-83.223324,42.53146],[-83.223633,42.531454],[-83.224277,42.531485],[-83.224776,42.531477],[-83.224791,42.531857],[-83.224805,42.532117],[-83.224813,42.532377],[-83.224887,42.533794],[-83.224933,42.534941],[-83.224971,42.535604],[-83.225243,42.535582],[-83.225781,42.53551],[-83.226322,42.535463],[-83.226989,42.535368],[-83.226322,42.535463],[-83.225781,42.53551],[-83.225243,42.535582],[-83.224971,42.535604],[-83.224933,42.534941],[-83.224887,42.533794],[-83.224813,42.532377],[-83.224805,42.532117],[-83.224791,42.531857],[-83.224776,42.531477],[-83.224277,42.531485],[-83.223633,42.531454],[-83.223324,42.53146],[-83.222653,42.531483],[-83.220889,42.531534],[-83.218469,42.531601],[-83.218444,42.53159]],[[-83.226992,42.535365],[-83.227791,42.535111],[-83.228571,42.534864],[-83.229162,42.534702],[-83.229214,42.535447],[-83.229217,42.535725],[-83.2297,42.535632],[-83.229991,42.535553],[-83.230629,42.535795],[-83.231112,42.53597],[-83.231693,42.536177],[-83.232347,42.536162],[-83.23314,42.536135],[-83.233341,42.537587],[-83.233382,42.537992],[-83.233341,42.537587],[-83.23314,42.536135],[-83.232347,42.536162],[-83.231693,42.536177],[-83.231112,42.53597],[-83.230629,42.535795],[-83.229991,42.535553],[-83.2297,42.535632],[-83.229217,42.535725],[-83.229214,42.535447],[-83.229162,42.534702],[-83.228571,42.534864],[-83.227791,42.535111],[-83.226992,42.535365]],[[-83.233386,42.537989],[-83.2334,42.537967],[-83.23337,42.537593],[-83.234597,42.537496],[-83.235889,42.537407],[-83.236498,42.537379],[-83.239145,42.537183],[-83.240062,42.537116],[-83.240508,42.537135],[-83.240062,42.537116],[-83.239145,42.537183],[-83.236498,42.537379],[-83.235889,42.537407],[-83.234597,42.537496],[-83.23337,42.537593],[-83.2334,42.537967],[-83.233386,42.537989]],[[-83.229284,42.546214],[-83.229343,42.546231],[-83.230897,42.546191],[-83.232887,42.546137],[-83.234599,42.546064],[-83.235846,42.545976],[-83.236359,42.545955],[-83.237437,42.545897],[-83.237409,42.545615],[-83.237314,42.544948],[-83.236876,42.541832],[-83.237314,42.544948],[-83.237409,42.545615],[-83.237437,42.545897],[-83.236359,42.545955],[-83.235846,42.545976],[-83.234599,42.546064],[-83.232887,42.546137],[-83.230897,42.546191],[-83.229343,42.546231],[-83.229284,42.546214]],[[-83.23687,42.541833],[-83.238079,42.541752],[-83.238838,42.541737],[-83.239596,42.541702],[-83.241313,42.541647],[-83.239596,42.541702],[-83.238838,42.541737],[-83.238079,42.541752],[-83.23687,42.541833]],[[-83.229287,42.546217],[-83.229342,42.54624],[-83.230617,42.546207],[-83.233562,42.546119],[-83.233561,42.546363],[-83.233558,42.5467],[-83.233489,42.548881],[-83.233508,42.549598],[-83.233438,42.550281],[-83.233335,42.550875],[-83.233076,42.551883],[-83.232948,42.552575],[-83.232987,42.552903],[-83.233079,42.553486],[-83.23321,42.55399],[-83.233354,42.554643],[-83.233395,42.554824],[-83.23339,42.555171],[-83.233395,42.554824],[-83.233354,42.554643],[-83.23321,42.55399],[-83.233079,42.553486],[-83.232987,42.552903],[-83.232948,42.552575],[-83.233076,42.551883],[-83.233335,42.550875],[-83.233438,42.550281],[-83.233508,42.549598],[-83.233489,42.548881],[-83.233558,42.5467],[-83.233561,42.546363],[-83.233562,42.546119],[-83.230617,42.546207],[-83.229342,42.54624],[-83.229287,42.546217]],[[-83.223373,42.555317],[-83.225126,42.555197],[-83.225178,42.555737],[-83.227191,42.555592],[-83.230038,42.555393],[-83.232671,42.55522],[-83.233392,42.555169],[-83.232671,42.55522],[-83.230038,42.555393],[-83.227191,42.555592],[-83.225178,42.555737],[-83.225126,42.555197],[-83.223373,42.555317]],[[-83.198543,42.536098],[-83.198831,42.536163],[-83.199205,42.536251],[-83.199518,42.536287],[-83.20032,42.536253],[-83.200387,42.537213],[-83.200465,42.538009],[-83.200621,42.540191],[-83.200642,42.540446],[-83.20205,42.540388],[-83.204935,42.540308],[-83.205308,42.54031],[-83.205501,42.540321],[-83.205488,42.540033],[-83.205472,42.539826],[-83.205488,42.540033],[-83.205501,42.540321],[-83.205308,42.54031],[-83.204935,42.540308],[-83.20205,42.540388],[-83.200642,42.540446],[-83.200621,42.540191],[-83.200465,42.538009],[-83.200387,42.537213],[-83.20032,42.536253],[-83.199518,42.536287],[-83.199205,42.536251],[-83.198831,42.536163],[-83.198543,42.536098]],[[-83.206906,42.547432],[-83.206941,42.547896],[-83.206987,42.548698],[-83.207096,42.551362],[-83.207147,42.5519],[-83.20901,42.551817],[-83.20955,42.551797],[-83.20901,42.551817],[-83.207147,42.5519],[-83.207096,42.551362],[-83.206987,42.548698],[-83.206941,42.547896],[-83.206906,42.547432]],[[-83.206914,42.54743],[-83.206941,42.54747],[-83.207001,42.548332],[-83.207049,42.549205],[-83.209026,42.549169],[-83.210459,42.549117],[-83.211673,42.549083],[-83.212008,42.549073],[-83.212009,42.549074],[-83.212008,42.549073],[-83.211673,42.549083],[-83.210459,42.549117],[-83.209026,42.549169],[-83.207049,42.549205],[-83.207001,42.548332],[-83.206941,42.54747],[-83.206914,42.54743]],[[-83.186916,42.557801],[-83.186948,42.557709],[-83.190763,42.557602],[-83.1937,42.557516],[-83.196633,42.557464],[-83.196575,42.556699],[-83.196429,42.555314],[-83.196413,42.555056],[-83.196549,42.554889],[-83.19649,42.5539],[-83.196432,42.553118],[-83.196394,42.552553],[-83.19435,42.552603],[-83.193095,42.552644],[-83.193083,42.552078],[-83.193041,42.551374],[-83.193004,42.550146],[-83.193041,42.551374],[-83.193083,42.552078],[-83.193095,42.552644],[-83.19435,42.552603],[-83.196394,42.552553],[-83.196432,42.553118],[-83.19649,42.5539],[-83.196549,42.554889],[-83.196413,42.555056],[-83.196429,42.555314],[-83.196575,42.556699],[-83.196633,42.557464],[-83.1937,42.557516],[-83.190763,42.557602],[-83.186948,42.557709],[-83.186916,42.557801]],[[-83.1829,42.549192],[-83.182901,42.549179],[-83.182825,42.547685],[-83.182089,42.547692],[-83.182084,42.547607]],[[-83.139215,42.555213],[-83.138915,42.555209],[-83.138906,42.5549],[-83.138942,42.554738],[-83.138924,42.554168],[-83.138882,42.553521],[-83.138876,42.553043],[-83.138811,42.55265],[-83.138801,42.551684],[-83.138704,42.549006],[-83.138229,42.549027],[-83.137866,42.549033],[-83.137816,42.548628],[-83.1371,42.548626],[-83.137087,42.548615]],[[-83.187331,42.566815],[-83.187229,42.564792],[-83.187071,42.561192],[-83.186945,42.558311],[-83.186889,42.557085],[-83.186838,42.554741],[-83.18638,42.554745],[-83.186325,42.553597],[-83.186225,42.551331],[-83.185221,42.551461],[-83.184192,42.551603],[-83.183202,42.551767],[-83.183045,42.551325],[-83.182896,42.549196]],[[-83.197098,42.570912],[-83.196871,42.570916],[-83.195323,42.570951],[-83.193922,42.570996],[-83.193854,42.570282],[-83.19381,42.569073],[-83.193783,42.568568],[-83.193763,42.568567],[-83.19236,42.568604],[-83.191675,42.568627],[-83.190998,42.568638],[-83.189843,42.568669],[-83.188748,42.568696],[-83.187448,42.568747],[-83.187407,42.567754],[-83.187373,42.567066],[-83.187375,42.566783],[-83.187329,42.566814]],[[-83.146412,42.533354],[-83.141318,42.533461],[-83.140492,42.533485],[-83.138983,42.533522],[-83.138402,42.533737],[-83.137195,42.53377],[-83.136148,42.533814],[-83.135536,42.533806],[-83.134557,42.533742],[-83.132837,42.533774],[-83.129629,42.533824],[-83.129517,42.533628],[-83.126194,42.53366],[-83.121647,42.533768],[-83.120537,42.533779],[-83.119764,42.533774],[-83.119783,42.534235],[-83.119815,42.535402]],[[-83.16845,42.591947],[-83.168405,42.590998],[-83.16817,42.58499],[-83.167682,42.57498],[-83.167174,42.563059],[-83.166964,42.559027],[-83.166766,42.557315],[-83.166872,42.55726],[-83.166796,42.555805],[-83.166565,42.551647],[-83.165534,42.5517],[-83.16554,42.551647],[-83.165974,42.551619],[-83.166025,42.551537]],[[-83.166022,42.55153],[-83.165964,42.551613],[-83.165527,42.55164],[-83.16552,42.55171],[-83.166548,42.551661],[-83.166551,42.551673]],[[-83.157085,42.556554],[-83.157503,42.556613],[-83.158595,42.556589],[-83.165067,42.556386],[-83.165974,42.556362],[-83.166055,42.556561],[-83.166758,42.556544]],[[-83.166759,42.556543],[-83.166789,42.556899],[-83.166809,42.557204],[-83.166824,42.557223]],[[-83.188562,42.605528],[-83.188441,42.605331],[-83.186509,42.605374],[-83.185087,42.60543],[-83.182608,42.605484],[-83.180799,42.60554],[-83.178944,42.605601],[-83.176562,42.605666],[-83.172734,42.605726],[-83.172016,42.605773],[-83.170354,42.606071],[-83.169182,42.606161],[-83.169001,42.6063],[-83.168999,42.60666]],[[-83.199079,42.611626],[-83.199074,42.611197],[-83.198917,42.608275],[-83.198865,42.607659],[-83.198512,42.60753],[-83.197684,42.60754],[-83.197759,42.606993],[-83.197737,42.606462],[-83.197769,42.605899],[-83.197761,42.605336],[-83.197282,42.605356],[-83.195548,42.605395],[-83.194339,42.605422],[-83.19094,42.605518],[-83.189078,42.605569],[-83.188561,42.60553]],[[-83.188465,42.605316],[-83.186423,42.605362],[-83.183632,42.605447],[-83.180618,42.605528],[-83.179004,42.60559],[-83.174672,42.605681],[-83.172726,42.605711],[-83.172012,42.605755],[-83.170345,42.606056],[-83.169179,42.606143],[-83.168978,42.606289],[-83.168998,42.606661]],[[-83.189092,42.604411],[-83.188734,42.604523],[-83.188463,42.605314]],[[-83.18776,42.59972],[-83.188001,42.599969],[-83.188305,42.600313],[-83.188525,42.60064],[-83.188655,42.600907],[-83.188737,42.601084],[-83.188876,42.601492],[-83.188923,42.601908],[-83.18894,42.602322],[-83.189089,42.604411]],[[-83.188004,42.590744],[-83.188512,42.590745],[-83.18847,42.591186],[-83.188525,42.59157],[-83.188544,42.591999],[-83.18844,42.592387],[-83.188353,42.592767],[-83.188185,42.593175],[-83.187978,42.593538],[-83.187667,42.593917],[-83.187332,42.594237],[-83.186981,42.594564],[-83.186647,42.594892],[-83.186332,42.595247],[-83.186094,42.595591],[-83.185914,42.59598],[-83.1858,42.596377],[-83.185758,42.596784],[-83.185788,42.597189],[-83.18589,42.597589],[-83.186066,42.597978],[-83.1863,42.598346],[-83.186594,42.598688],[-83.186943,42.599009],[-83.187297,42.599307],[-83.187758,42.599719]],[[-83.198204,42.590509],[-83.19791,42.590519],[-83.194018,42.590587],[-83.190582,42.590664],[-83.188982,42.590716],[-83.188037,42.590731],[-83.188009,42.590739]],[[-83.128964,42.563972],[-83.127817,42.564028],[-83.127788,42.564133],[-83.127693,42.564143],[-83.127075,42.564066],[-83.126575,42.564097],[-83.126318,42.564266],[-83.126322,42.564718],[-83.126304,42.565046],[-83.125904,42.565067],[-83.124198,42.565127],[-83.123736,42.565124],[-83.123578,42.565066],[-83.12365,42.564741],[-83.123634,42.564235],[-83.124209,42.56423],[-83.1242,42.563947],[-83.12418,42.563551],[-83.124193,42.563393],[-83.12418,42.563153],[-83.123909,42.563105]],[[-83.091762,42.563706],[-83.105423,42.563391],[-83.10702,42.563355],[-83.10784,42.563346]],[[-83.128586,42.577694],[-83.128283,42.577691],[-83.127489,42.577709],[-83.12598,42.577707],[-83.123792,42.57775],[-83.121136,42.577823],[-83.118595,42.577865],[-83.112246,42.577938],[-83.111693,42.577943],[-83.111317,42.577898],[-83.110936,42.577891],[-83.109059,42.577922],[-83.108695,42.578409],[-83.108677,42.578413],[-83.108664,42.578312],[-83.108637,42.577788],[-83.108444,42.571982],[-83.108267,42.567697],[-83.108171,42.566038],[-83.1077,42.566026],[-83.107745,42.56595],[-83.107753,42.565933],[-83.108111,42.565282],[-83.108091,42.565067],[-83.108099,42.564795],[-83.10752,42.564338],[-83.107537,42.564289],[-83.107841,42.56335],[-83.107832,42.563342]],[[-83.105803,42.577924],[-83.106065,42.577927],[-83.108347,42.577921],[-83.109051,42.577921]],[[-83.096673,42.578071],[-83.0968,42.57861],[-83.098062,42.57856],[-83.099028,42.578531],[-83.09904,42.578269],[-83.100766,42.578249],[-83.102594,42.578256],[-83.103767,42.578244],[-83.105128,42.578211],[-83.105331,42.57791],[-83.105807,42.577921]],[[-83.137194,42.577479],[-83.133034,42.577553],[-83.132288,42.577586],[-83.128583,42.57768]],[[-83.148513,42.577141],[-83.148092,42.577163],[-83.146415,42.5772],[-83.145318,42.577285],[-83.144811,42.577301],[-83.144246,42.577282],[-83.14366,42.577327],[-83.143146,42.577341],[-83.142572,42.577369],[-83.140973,42.57741],[-83.139168,42.577428],[-83.137832,42.577473],[-83.137252,42.577463],[-83.137191,42.577477]],[[-83.12939,42.592208],[-83.128889,42.591853],[-83.128886,42.591814],[-83.128847,42.590048],[-83.128708,42.587678],[-83.12862,42.585618],[-83.128558,42.584409],[-83.128645,42.583553],[-83.128609,42.582798],[-83.12853,42.581277],[-83.128456,42.579753],[-83.128412,42.57898],[-83.12843,42.57871],[-83.128424,42.578236],[-83.128587,42.577686]],[[-83.149259,42.591758],[-83.148782,42.591774],[-83.14505,42.591803],[-83.144235,42.591828],[-83.140498,42.591929],[-83.13969,42.591932],[-83.138897,42.591999],[-83.138007,42.592052],[-83.137445,42.592048],[-83.137054,42.592046],[-83.136305,42.592028],[-83.133884,42.592091],[-83.131362,42.592152],[-83.129385,42.592214]],[[-83.120235,42.592105],[-83.120758,42.592092],[-83.121233,42.592081],[-83.12183,42.592072],[-83.121784,42.591665],[-83.122487,42.591648],[-83.123277,42.591627],[-83.124442,42.591605],[-83.125647,42.591567],[-83.126362,42.591552],[-83.127494,42.591522],[-83.1275,42.591116],[-83.128187,42.591101],[-83.128235,42.59188],[-83.128314,42.592274],[-83.129377,42.59222]],[[-83.116871,42.592494],[-83.120243,42.592414],[-83.120226,42.592106]],[[-83.150023,42.609538],[-83.149767,42.609243],[-83.14974,42.608722],[-83.149706,42.607766],[-83.149681,42.607132],[-83.149664,42.606762],[-83.149644,42.606602],[-83.149287,42.606618],[-83.148004,42.606643],[-83.146865,42.606659],[-83.146124,42.606686],[-83.145556,42.60671],[-83.143644,42.606744],[-83.14295,42.606735],[-83.142278,42.606763],[-83.141091,42.606807],[-83.140771,42.606779],[-83.139854,42.606826],[-83.139206,42.606866],[-83.138021,42.606904],[-83.137613,42.606914],[-83.13639,42.606944],[-83.135621,42.60696],[-83.133814,42.607006],[-83.131955,42.607051],[-83.13148,42.607064],[-83.130004,42.607101]],[[-83.130004,42.607099],[-83.12999,42.606746],[-83.129966,42.606323],[-83.129916,42.605573],[-83.129855,42.604905],[-83.129749,42.603605],[-83.129719,42.603036],[-83.129695,42.602356],[-83.129685,42.602074],[-83.129655,42.601478],[-83.129631,42.601034],[-83.129611,42.600327],[-83.129587,42.599609],[-83.12955,42.59891],[-83.129553,42.598543],[-83.129595,42.59813],[-83.129513,42.597767],[-83.129485,42.597387],[-83.129422,42.595407],[-83.129391,42.594798],[-83.129352,42.594114],[-83.129357,42.593452],[-83.12933,42.592844],[-83.129346,42.592525],[-83.129379,42.592212]],[[-83.131317,42.617083],[-83.130455,42.617091],[-83.130417,42.616373],[-83.130349,42.613805],[-83.130293,42.613312],[-83.13024,42.61266],[-83.130149,42.610674],[-83.13006,42.608604],[-83.130035,42.607844],[-83.130008,42.607098]],[[-83.121771,42.607298],[-83.122421,42.607286],[-83.123739,42.60726],[-83.124965,42.607235],[-83.124967,42.607157],[-83.125694,42.60714],[-83.127175,42.607121],[-83.128148,42.60715],[-83.129111,42.607122],[-83.130009,42.607099]],[[-83.11054,42.620538],[-83.110383,42.61708],[-83.110327,42.615251],[-83.110308,42.614824],[-83.11058,42.614516],[-83.110936,42.61428],[-83.112083,42.613534],[-83.113105,42.612872],[-83.115715,42.611206],[-83.116562,42.61065],[-83.118581,42.609353],[-83.120431,42.608168],[-83.121772,42.607298]],[[-83.097985,42.610108],[-83.097973,42.609678],[-83.097945,42.609262],[-83.097922,42.608948],[-83.097892,42.608254],[-83.097885,42.607891],[-83.097928,42.607334],[-83.099596,42.607324],[-83.100499,42.607346],[-83.100507,42.60732],[-83.101193,42.607331],[-83.104591,42.607305],[-83.108599,42.607284],[-83.109387,42.607274],[-83.109964,42.607559],[-83.110361,42.607546],[-83.11302,42.607483],[-83.114104,42.607458],[-83.115424,42.607425],[-83.116145,42.607409],[-83.116904,42.607329],[-83.118715,42.607301],[-83.119406,42.607288],[-83.120659,42.607246],[-83.121278,42.607221],[-83.121774,42.607295]],[[-83.182086,42.547607],[-83.149459,42.548336],[-83.139434,42.548569],[-83.137086,42.548616],[-83.136961,42.547088],[-83.136632,42.547038],[-83.136499,42.546966]],[[-83.203898,42.517344],[-83.203577,42.517355],[-83.194799,42.517531],[-83.190035,42.517672],[-83.185573,42.517761],[-83.184027,42.517785],[-83.183583,42.517771],[-83.183767,42.521239],[-83.183907,42.524106],[-83.184031,42.52696],[-83.184226,42.530433],[-83.184303,42.53215],[-83.184326,42.532592],[-83.183787,42.532607],[-83.182385,42.532627],[-83.181228,42.53269],[-83.18128,42.532999],[-83.181309,42.53339],[-83.181384,42.533678],[-83.181464,42.533856],[-83.181596,42.534068],[-83.184623,42.537765],[-83.185278,42.53856],[-83.18556,42.538948],[-83.185664,42.539163],[-83.185764,42.539463],[-83.185776,42.539674],[-83.185835,42.542132],[-83.186071,42.54723],[-83.186089,42.54752],[-83.184878,42.547535],[-83.183136,42.547579],[-83.182085,42.547607]],[[-83.120462,42.536314],[-83.120639,42.541881],[-83.120665,42.542437],[-83.120691,42.542698],[-83.120724,42.542922],[-83.122838,42.542945],[-83.126429,42.54288],[-83.127508,42.542856],[-83.128368,42.542839],[-83.128433,42.54297],[-83.128926,42.542951],[-83.129358,42.542948],[-83.131572,42.542869],[-83.133456,42.542856],[-83.13374,42.54288],[-83.133001,42.545995],[-83.13639,42.546595],[-83.136457,42.546796]],[[-83.119812,42.5354],[-83.120454,42.535394],[-83.12046,42.536316]],[[-83.144311,42.493929],[-83.144325,42.494083],[-83.144581,42.498553],[-83.144621,42.499301],[-83.144866,42.499616],[-83.14548,42.516408],[-83.145717,42.521859],[-83.146024,42.527826],[-83.146208,42.532],[-83.146296,42.533221],[-83.146347,42.533335],[-83.143938,42.53339],[-83.140807,42.533461],[-83.138978,42.533505],[-83.1384,42.53372],[-83.138331,42.533725],[-83.136857,42.533769],[-83.136146,42.533796],[-83.135532,42.533793],[-83.134571,42.533726],[-83.129646,42.533807],[-83.129555,42.533652],[-83.126721,42.533681],[-83.124739,42.533709],[-83.12286,42.533725],[-83.121395,42.533759],[-83.119748,42.533763],[-83.1198,42.535384],[-83.119816,42.535399]],[[-83.146411,42.533353],[-83.146347,42.533335]],[[-83.166019,42.551527],[-83.16656,42.55141],[-83.166553,42.551043],[-83.166427,42.548685],[-83.166393,42.548114],[-83.166326,42.54805],[-83.155617,42.548261],[-83.153752,42.548308],[-83.153784,42.548108],[-83.15472,42.548092],[-83.154634,42.545985],[-83.154608,42.54553],[-83.154641,42.545207],[-83.154699,42.544917],[-83.155518,42.543533],[-83.156406,42.542054],[-83.156368,42.54192],[-83.156271,42.538234],[-83.156142,42.53448],[-83.156095,42.533152],[-83.154063,42.533189],[-83.146769,42.533342],[-83.146411,42.533354]],[[-83.166392,42.547958],[-83.166379,42.548043],[-83.16654,42.551279],[-83.166548,42.551624],[-83.166618,42.552523],[-83.166749,42.555452],[-83.166793,42.556412],[-83.166847,42.557223],[-83.166824,42.557225],[-83.166774,42.556495],[-83.166089,42.556538],[-83.165467,42.556578],[-83.163733,42.556688],[-83.162958,42.556732]],[[-83.168997,42.606661],[-83.168997,42.606645],[-83.168927,42.606047],[-83.168887,42.605082],[-83.168859,42.602779],[-83.168852,42.601641],[-83.168596,42.596353],[-83.168543,42.595255],[-83.168579,42.594971],[-83.168518,42.593478],[-83.168455,42.591949]],[[-83.169373,42.61343],[-83.169263,42.611368],[-83.168996,42.606658]],[[-83.167717,42.62219],[-83.167838,42.622222],[-83.167816,42.621947],[-83.167736,42.620573],[-83.169615,42.620535],[-83.16956,42.619686],[-83.170098,42.619682],[-83.169797,42.613377],[-83.169373,42.613428]]]},"properties":{"id":"fna-member-routes-20260918-6a0683e72cfde643f912","sourceId":"fna-member-routes-20260918","source":"Fiber Network Alliance member fiber lines","sourceUrl":"https://www.fibernetworkalliance.com/membership-map-line/","name":"WOW-Detroit published routes","carrier":"WOW-Detroit","category":"unknown","routeStatus":"Status not established","evidence":"publisher_route","dataDate":null,"metadataModified":null,"retrievedAt":"2026-09-18T19:56:04.130240+00:00","networkType":"Published fiber route; precision and network class unverified","serviceability":"Unconfirmed","routeDiversity":"Unconfirmed","states":["MI"],"publishedLineParts":100},"bbox":[-83.241313,42.484758,-83.091762,42.622222]},{"type":"Feature","geometry":{"type":"MultiLineString","coordinates":[[[-83.12045,42.536313],[-83.120707,42.542931],[-83.121313,42.542941],[-83.122808,42.542955],[-83.126644,42.542887],[-83.128354,42.542848],[-83.128425,42.542976],[-83.12939,42.542955],[-83.131194,42.542891],[-83.131603,42.542876],[-83.133448,42.542863],[-83.133727,42.542884],[-83.13299,42.545955],[-83.132978,42.546011],[-83.136366,42.546619],[-83.136451,42.5468]],[[-83.120444,42.536314],[-83.120481,42.537755],[-83.1206,42.541485],[-83.120668,42.542624],[-83.120688,42.54294],[-83.123093,42.542962],[-83.123983,42.542948],[-83.126291,42.542903],[-83.128333,42.542858],[-83.128408,42.542989],[-83.129338,42.542967],[-83.129878,42.54295],[-83.131502,42.542891],[-83.13247,42.542882],[-83.13345,42.542875],[-83.133702,42.542895],[-83.132956,42.546025],[-83.13635,42.54663],[-83.13645,42.546815]],[[-83.106111,42.549105],[-83.107248,42.5491],[-83.111683,42.549],[-83.113482,42.548949],[-83.114157,42.548928],[-83.114224,42.549154],[-83.114436,42.54915],[-83.120602,42.54904],[-83.128587,42.548827],[-83.131126,42.54878],[-83.132359,42.548753],[-83.132639,42.547471],[-83.132987,42.546042],[-83.136338,42.546639],[-83.136452,42.546836]],[[-83.107841,42.563349],[-83.110895,42.563236],[-83.112247,42.56321],[-83.113326,42.563197],[-83.113543,42.563411],[-83.114408,42.563384],[-83.11936,42.563237],[-83.123128,42.563125],[-83.125842,42.563059],[-83.125897,42.563309],[-83.126463,42.563318],[-83.127183,42.563323],[-83.128479,42.563293],[-83.128612,42.562747],[-83.12873,42.562374],[-83.128883,42.561594],[-83.128986,42.560936],[-83.129137,42.560163],[-83.129311,42.559009],[-83.129828,42.557877],[-83.130286,42.556166],[-83.13057,42.555018],[-83.13107,42.553869],[-83.131674,42.551317],[-83.131999,42.550096],[-83.132268,42.549018],[-83.132357,42.548817],[-83.133001,42.546056],[-83.136329,42.54665],[-83.136451,42.546862]],[[-83.192102,42.526479],[-83.191939,42.526102],[-83.191884,42.525848],[-83.191846,42.525384],[-83.192351,42.525381],[-83.19235,42.525022],[-83.193932,42.524961],[-83.194603,42.524935],[-83.194645,42.525727],[-83.194889,42.525676],[-83.195098,42.526099],[-83.195356,42.526403],[-83.195409,42.526488],[-83.195471,42.526568],[-83.195833,42.526254],[-83.196252,42.525903],[-83.19655,42.525624],[-83.197024,42.52523],[-83.19775,42.526006],[-83.197992,42.52625],[-83.198388,42.526527],[-83.198603,42.526646],[-83.199451,42.526965],[-83.20031,42.527042],[-83.200916,42.527025],[-83.201651,42.527034],[-83.201946,42.527047],[-83.202417,42.527129],[-83.202758,42.527186],[-83.203238,42.527277],[-83.204226,42.527326],[-83.204259,42.527324],[-83.204317,42.528508],[-83.204365,42.530225],[-83.204405,42.530245],[-83.204365,42.530225],[-83.204317,42.528508],[-83.204259,42.527324],[-83.204226,42.527326],[-83.203238,42.527277],[-83.202758,42.527186],[-83.202417,42.527129],[-83.201946,42.527047],[-83.201651,42.527034],[-83.200916,42.527025],[-83.20031,42.527042],[-83.199451,42.526965],[-83.198603,42.526646],[-83.198388,42.526527],[-83.197992,42.52625],[-83.19775,42.526006],[-83.197024,42.52523],[-83.19655,42.525624],[-83.196252,42.525903],[-83.195833,42.526254],[-83.195471,42.526568],[-83.195409,42.526488],[-83.195356,42.526403],[-83.195098,42.526099],[-83.194889,42.525676],[-83.194645,42.525727],[-83.194603,42.524935],[-83.193932,42.524961],[-83.19235,42.525022],[-83.192351,42.525381],[-83.191846,42.525384],[-83.191884,42.525848],[-83.191939,42.526102],[-83.192102,42.526479]],[[-83.213244,42.524308],[-83.218063,42.524157],[-83.223355,42.524012],[-83.223783,42.524009],[-83.223723,42.522319],[-83.223989,42.522315],[-83.224667,42.522327],[-83.225111,42.522333],[-83.226249,42.522346],[-83.226472,42.52235],[-83.226405,42.52055],[-83.226472,42.52235],[-83.226249,42.522346],[-83.225111,42.522333],[-83.224667,42.522327],[-83.223989,42.522315],[-83.223723,42.522319],[-83.223783,42.524009],[-83.223355,42.524012],[-83.218063,42.524157],[-83.213244,42.524308]],[[-83.204401,42.530255],[-83.204434,42.530969],[-83.20448,42.531484],[-83.204434,42.530969],[-83.204401,42.530255]],[[-83.204429,42.531985],[-83.204459,42.531793],[-83.204477,42.531484],[-83.204459,42.531793],[-83.204429,42.531985]],[[-83.218448,42.53159],[-83.219668,42.531552],[-83.22364,42.531443],[-83.22428,42.531472],[-83.224778,42.531466],[-83.22773,42.531444],[-83.22892,42.531376],[-83.231251,42.53134],[-83.233391,42.531302],[-83.233359,42.531061],[-83.233294,42.530668],[-83.233169,42.530297],[-83.232996,42.529329],[-83.232996,42.528976],[-83.233011,42.528829],[-83.233033,42.528459],[-83.233095,42.528117],[-83.233123,42.527912],[-83.233095,42.528117],[-83.233033,42.528459],[-83.233011,42.528829],[-83.232996,42.528976],[-83.232996,42.529329],[-83.233169,42.530297],[-83.233294,42.530668],[-83.233359,42.531061],[-83.233391,42.531302],[-83.231251,42.53134],[-83.22892,42.531376],[-83.22773,42.531444],[-83.224778,42.531466],[-83.22428,42.531472],[-83.22364,42.531443],[-83.219668,42.531552],[-83.218448,42.53159]],[[-83.216385,42.52696],[-83.216331,42.526253],[-83.216301,42.525722],[-83.214336,42.525761],[-83.213333,42.525792],[-83.213294,42.525284],[-83.213263,42.524885],[-83.213254,42.524646],[-83.213246,42.524311]],[[-83.209215,42.527352],[-83.208974,42.527237],[-83.209366,42.526819],[-83.20969,42.526807],[-83.210461,42.526781],[-83.211058,42.526769],[-83.211483,42.526772],[-83.211841,42.526795],[-83.212243,42.526797],[-83.212479,42.526815],[-83.212659,42.526806],[-83.213104,42.526791],[-83.213357,42.526779],[-83.213322,42.525788],[-83.21328,42.52529],[-83.213264,42.525034],[-83.213243,42.524652],[-83.213238,42.524316]],[[-83.213048,42.520139],[-83.213047,42.52032],[-83.213048,42.520608],[-83.213058,42.52086],[-83.213076,42.5213],[-83.213094,42.521739],[-83.21312,42.522191],[-83.213156,42.522712],[-83.2132,42.523501],[-83.213228,42.523962],[-83.213237,42.524311]],[[-83.214172,42.519034],[-83.214153,42.518691],[-83.214142,42.518282],[-83.214118,42.517777],[-83.21291,42.517798],[-83.21293,42.518331],[-83.212969,42.518977],[-83.212981,42.519193],[-83.213043,42.520136]],[[-83.209182,42.53097],[-83.209215,42.531336],[-83.20787,42.531362],[-83.206961,42.531388],[-83.20637,42.531409],[-83.205611,42.53143],[-83.204865,42.531457],[-83.204492,42.531477],[-83.20448,42.531333],[-83.204435,42.530627],[-83.204411,42.530252]],[[-83.221344,42.530066],[-83.220529,42.53008],[-83.219544,42.530111],[-83.218936,42.530127],[-83.218169,42.530152],[-83.21741,42.530174],[-83.216549,42.530201],[-83.216562,42.530588],[-83.21659,42.531077],[-83.216617,42.531637],[-83.21721,42.53162],[-83.217745,42.531612],[-83.218452,42.531588]],[[-83.224198,42.529617],[-83.224208,42.529999],[-83.22422,42.530359],[-83.224255,42.530895],[-83.22424,42.531236],[-83.224269,42.531481]],[[-83.236709,42.526285],[-83.236646,42.525671],[-83.236563,42.525396],[-83.236478,42.525148],[-83.236313,42.52479],[-83.235998,42.524376],[-83.236126,42.52438],[-83.236751,42.524395],[-83.237334,42.524395]],[[-83.237718,42.516887],[-83.237741,42.51717],[-83.237799,42.518331],[-83.237824,42.518675],[-83.237857,42.519367],[-83.237885,42.519958],[-83.237913,42.520595],[-83.237944,42.521048],[-83.237969,42.521734],[-83.237978,42.522111],[-83.238,42.522676],[-83.238017,42.523046],[-83.238034,42.523449],[-83.238052,42.523788],[-83.238061,42.524209],[-83.237829,42.524221],[-83.237358,42.524207],[-83.237336,42.524397]],[[-83.243016,42.52199],[-83.243048,42.522197],[-83.243224,42.522577]],[[-83.133038,42.545908],[-83.133022,42.545984],[-83.136406,42.546584],[-83.136467,42.546789],[-83.136406,42.546584],[-83.133022,42.545984],[-83.133038,42.545908]],[[-83.149692,42.53463],[-83.149666,42.533289],[-83.149409,42.532946],[-83.149335,42.530792],[-83.149189,42.527933],[-83.149056,42.525779],[-83.152085,42.525658],[-83.152116,42.52604],[-83.153278,42.526012],[-83.156057,42.525872],[-83.159438,42.525727],[-83.166095,42.525457],[-83.165909,42.525623],[-83.166024,42.52559],[-83.169086,42.525528],[-83.169096,42.525369],[-83.172988,42.525245],[-83.169096,42.525369],[-83.169086,42.525528],[-83.166024,42.52559],[-83.165909,42.525623],[-83.166095,42.525457],[-83.159438,42.525727],[-83.156057,42.525872],[-83.153278,42.526012],[-83.152116,42.52604],[-83.152085,42.525658],[-83.149056,42.525779],[-83.149189,42.527933],[-83.149335,42.530792],[-83.149409,42.532946],[-83.149666,42.533289],[-83.149692,42.53463]],[[-83.133039,42.545912],[-83.133779,42.542812],[-83.13398,42.541942],[-83.134206,42.541019],[-83.134339,42.54049],[-83.135194,42.537002],[-83.135565,42.53563],[-83.135761,42.53561],[-83.137632,42.535561],[-83.141332,42.535462],[-83.146207,42.535356],[-83.146535,42.535052],[-83.146517,42.534682],[-83.147661,42.534675],[-83.149138,42.534647],[-83.149691,42.534631],[-83.149138,42.534647],[-83.147661,42.534675],[-83.146517,42.534682],[-83.146535,42.535052],[-83.146207,42.535356],[-83.141332,42.535462],[-83.137632,42.535561],[-83.135761,42.53561],[-83.135565,42.53563],[-83.135194,42.537002],[-83.134339,42.54049],[-83.134206,42.541019],[-83.13398,42.541942],[-83.133779,42.542812],[-83.133039,42.545912]],[[-83.172991,42.525245],[-83.176588,42.525139],[-83.176688,42.525124],[-83.176774,42.525317],[-83.179277,42.525244],[-83.179261,42.525067],[-83.184288,42.524951],[-83.184346,42.525513],[-83.184329,42.525653],[-83.184383,42.526985],[-83.18676,42.526911],[-83.18972,42.526838],[-83.191058,42.526824],[-83.191571,42.526743],[-83.1921,42.526473],[-83.191571,42.526743],[-83.191058,42.526824],[-83.18972,42.526838],[-83.18676,42.526911],[-83.184383,42.526985],[-83.184329,42.525653],[-83.184346,42.525513],[-83.184288,42.524951],[-83.179261,42.525067],[-83.179277,42.525244],[-83.176774,42.525317],[-83.176688,42.525124],[-83.176588,42.525139],[-83.172991,42.525245]],[[-83.204401,42.530253],[-83.204362,42.528871],[-83.20431,42.527783],[-83.204208,42.525672],[-83.204164,42.524592],[-83.206186,42.524535],[-83.213247,42.524312],[-83.206186,42.524535],[-83.204164,42.524592],[-83.204208,42.525672],[-83.20431,42.527783],[-83.204362,42.528871],[-83.204401,42.530253]],[[-83.226408,42.520553],[-83.228208,42.520544],[-83.228229,42.520434],[-83.228164,42.519455],[-83.228117,42.518131],[-83.227571,42.518143],[-83.228117,42.518131],[-83.228164,42.519455],[-83.228229,42.520434],[-83.228208,42.520544],[-83.226408,42.520553]],[[-83.233126,42.527916],[-83.232638,42.527947],[-83.232598,42.527515],[-83.232324,42.527129],[-83.232031,42.526899],[-83.231469,42.526663],[-83.231474,42.525992],[-83.231372,42.525586],[-83.231289,42.525355],[-83.231176,42.52509],[-83.230935,42.524704],[-83.230587,42.524325],[-83.231459,42.524331],[-83.232716,42.524348],[-83.23444,42.524355],[-83.236128,42.524369],[-83.236387,42.524376],[-83.236739,42.524383],[-83.237282,42.524391],[-83.236739,42.524383],[-83.236387,42.524376],[-83.236128,42.524369],[-83.23444,42.524355],[-83.232716,42.524348],[-83.231459,42.524331],[-83.230587,42.524325],[-83.230935,42.524704],[-83.231176,42.52509],[-83.231289,42.525355],[-83.231372,42.525586],[-83.231474,42.525992],[-83.231469,42.526663],[-83.232031,42.526899],[-83.232324,42.527129],[-83.232598,42.527515],[-83.232638,42.527947],[-83.233126,42.527916]],[[-83.237282,42.52439],[-83.238187,42.524399],[-83.239627,42.524425],[-83.240149,42.524431],[-83.240652,42.524504],[-83.241177,42.524417],[-83.241216,42.52419],[-83.241941,42.523612],[-83.24285,42.522891],[-83.243226,42.522574],[-83.243548,42.523027],[-83.244013,42.523607],[-83.244215,42.523879],[-83.244543,42.524268],[-83.244601,42.524594],[-83.244651,42.525051],[-83.24508,42.525677],[-83.245245,42.525924],[-83.245139,42.526321],[-83.244973,42.526664],[-83.244707,42.527246],[-83.244619,42.527743],[-83.244513,42.528396],[-83.244532,42.529293],[-83.244577,42.530414],[-83.24461,42.530972],[-83.245578,42.531108],[-83.247736,42.531062],[-83.250912,42.531011],[-83.252072,42.530969],[-83.250912,42.531011],[-83.247736,42.531062],[-83.245578,42.531108],[-83.24461,42.530972],[-83.244577,42.530414],[-83.244532,42.529293],[-83.244513,42.528396],[-83.244619,42.527743],[-83.244707,42.527246],[-83.244973,42.526664],[-83.245139,42.526321],[-83.245245,42.525924],[-83.24508,42.525677],[-83.244651,42.525051],[-83.244601,42.524594],[-83.244543,42.524268],[-83.244215,42.523879],[-83.244013,42.523607],[-83.243548,42.523027],[-83.243226,42.522574],[-83.24285,42.522891],[-83.241941,42.523612],[-83.241216,42.52419],[-83.241177,42.524417],[-83.240652,42.524504],[-83.240149,42.524431],[-83.239627,42.524425],[-83.238187,42.524399],[-83.237282,42.52439]],[[-83.169263,42.612567],[-83.169303,42.613418],[-83.169361,42.61344]],[[-83.169364,42.613428],[-83.169315,42.614053]],[[-83.171356,42.616055],[-83.170834,42.61607],[-83.170863,42.616338],[-83.169977,42.616377],[-83.16995,42.615942],[-83.169914,42.615294],[-83.169885,42.614531],[-83.169877,42.614074],[-83.169291,42.614058]],[[-83.169255,42.612554],[-83.16924,42.612181],[-83.169219,42.611695],[-83.169178,42.61079],[-83.169139,42.610269],[-83.169369,42.610262],[-83.169632,42.610259]],[[-83.108226,42.567959],[-83.108265,42.569139]],[[-83.101132,42.57108],[-83.101588,42.571058],[-83.101582,42.570914],[-83.102949,42.570867],[-83.103154,42.570877],[-83.103365,42.570865],[-83.104046,42.57078],[-83.104466,42.570794],[-83.105638,42.570739],[-83.106122,42.570531],[-83.107499,42.569756],[-83.10769,42.569638],[-83.108256,42.569324],[-83.10827,42.569139]],[[-83.116771,42.587964],[-83.116822,42.588],[-83.117407,42.588304],[-83.117767,42.588483],[-83.117935,42.588503],[-83.118484,42.588551],[-83.118909,42.58858],[-83.119245,42.588611],[-83.119242,42.589028],[-83.119058,42.589035],[-83.11904,42.589224],[-83.119268,42.589249],[-83.119296,42.589711],[-83.119355,42.590531],[-83.119384,42.591308],[-83.119459,42.592102],[-83.120223,42.592106]],[[-83.178327,42.59422],[-83.178502,42.59392],[-83.178627,42.593519],[-83.178708,42.593257],[-83.178736,42.592644],[-83.178706,42.591763],[-83.178665,42.590931],[-83.180288,42.590863],[-83.183246,42.590763],[-83.184661,42.590759],[-83.187896,42.590664],[-83.187919,42.590739],[-83.187994,42.590739]],[[-83.114737,42.623463],[-83.113732,42.623499],[-83.111938,42.62358],[-83.11107,42.623603],[-83.11072,42.623551],[-83.11071,42.623177],[-83.110654,42.622798],[-83.110536,42.620549]],[[-83.144585,42.604926],[-83.14465,42.606279],[-83.144889,42.60649],[-83.144835,42.606711]],[[-83.13877,42.595879],[-83.137206,42.595925],[-83.137153,42.594937],[-83.137132,42.59437],[-83.137077,42.593571],[-83.137066,42.59296],[-83.137057,42.592459],[-83.137047,42.592047]],[[-83.15737,42.598422],[-83.157618,42.598216],[-83.157604,42.59801],[-83.15757,42.597445],[-83.15758,42.597031],[-83.157534,42.5966],[-83.15752,42.59637],[-83.157515,42.595903],[-83.156753,42.59593],[-83.155875,42.595959],[-83.154823,42.595992],[-83.154082,42.596013],[-83.153355,42.596034],[-83.152745,42.596056],[-83.151922,42.596074],[-83.151112,42.596093],[-83.150258,42.596132],[-83.149443,42.596166]],[[-83.149444,42.596167],[-83.149388,42.595445],[-83.14938,42.594432],[-83.149355,42.593399],[-83.149256,42.591759]],[[-83.155135,42.591647],[-83.153487,42.591681],[-83.152423,42.5917],[-83.150663,42.591731],[-83.149261,42.591758]],[[-83.179152,42.60153],[-83.178984,42.601367],[-83.178815,42.601517],[-83.178568,42.601738],[-83.17842,42.601901],[-83.178208,42.602203],[-83.178028,42.602488],[-83.177795,42.602871],[-83.178296,42.603031],[-83.178894,42.603153],[-83.179312,42.603197],[-83.1798,42.603233],[-83.180289,42.603196],[-83.180891,42.603132],[-83.181671,42.603043],[-83.182059,42.602997],[-83.182565,42.602934],[-83.182988,42.602872]],[[-83.18299,42.602869],[-83.183041,42.60312],[-83.183161,42.603089],[-83.183701,42.602957],[-83.184187,42.602761],[-83.184592,42.602539],[-83.184959,42.602299],[-83.185294,42.601988],[-83.185503,42.601769],[-83.185703,42.601523],[-83.18586,42.601292],[-83.186024,42.601089],[-83.186198,42.600882],[-83.186336,42.600766],[-83.186548,42.600619],[-83.186766,42.600478],[-83.18713,42.600259],[-83.187516,42.600029],[-83.187627,42.600132],[-83.187948,42.599927],[-83.187754,42.599731]],[[-83.138495,42.585486],[-83.137471,42.585486],[-83.134992,42.585569],[-83.133316,42.585598],[-83.132344,42.585621],[-83.130904,42.585647],[-83.128962,42.585668],[-83.12889,42.58447]],[[-83.128885,42.581532],[-83.128898,42.581643],[-83.128957,42.5822],[-83.128967,42.582655],[-83.128912,42.582822],[-83.128856,42.583372],[-83.128876,42.584013],[-83.128886,42.58447],[-83.128462,42.58444],[-83.128553,42.584412]],[[-83.159718,42.576477],[-83.160694,42.576679],[-83.16127,42.576643],[-83.161679,42.57659],[-83.161815,42.576772],[-83.162321,42.57677],[-83.162869,42.576751],[-83.163455,42.576741],[-83.163907,42.576776],[-83.163891,42.576295],[-83.164231,42.576283],[-83.165201,42.576267],[-83.16561,42.576252],[-83.165869,42.576248],[-83.166924,42.576237],[-83.16772,42.576229],[-83.167722,42.576632],[-83.167762,42.577117],[-83.167776,42.577144]],[[-83.168446,42.58326],[-83.16837,42.581511],[-83.168271,42.580132]],[[-83.178728,42.584464],[-83.178555,42.584462],[-83.178307,42.584414],[-83.17766,42.584227],[-83.177045,42.584048],[-83.177175,42.583859],[-83.177319,42.583414],[-83.177306,42.583221],[-83.177264,42.582035],[-83.177217,42.580946],[-83.1772,42.580667],[-83.177214,42.580582],[-83.177233,42.580492],[-83.17722,42.580441],[-83.17708,42.580336],[-83.176973,42.580317],[-83.176806,42.580342],[-83.176465,42.580356],[-83.176149,42.58038],[-83.175846,42.580455],[-83.175525,42.580638],[-83.175332,42.580799],[-83.175027,42.581028],[-83.174741,42.581175],[-83.17452,42.581241],[-83.174047,42.581295],[-83.173379,42.581321],[-83.172724,42.581333],[-83.172297,42.581342],[-83.171919,42.581344],[-83.171568,42.581311],[-83.171332,42.581229],[-83.171037,42.581046],[-83.170803,42.580854],[-83.170492,42.580642],[-83.170169,42.580526],[-83.169695,42.580488],[-83.169317,42.580498],[-83.168988,42.580503],[-83.168434,42.580514],[-83.168347,42.58013],[-83.168275,42.580134]],[[-83.168277,42.580137],[-83.168258,42.579261],[-83.168198,42.577948],[-83.168179,42.577508],[-83.168145,42.577028],[-83.167824,42.577157]],[[-83.183635,42.578661],[-83.183751,42.579337],[-83.183898,42.579646],[-83.184087,42.5796],[-83.184231,42.57956],[-83.184838,42.579411],[-83.18495,42.579399],[-83.185603,42.579387],[-83.186332,42.579366],[-83.186603,42.579363],[-83.186704,42.579362],[-83.186854,42.579386],[-83.187077,42.579393],[-83.187295,42.579389],[-83.187405,42.579382],[-83.187572,42.579386]],[[-83.187572,42.579389],[-83.187561,42.578775],[-83.187514,42.578195],[-83.187487,42.577616],[-83.187423,42.576908],[-83.187339,42.57611],[-83.186763,42.57612],[-83.185492,42.576148],[-83.184622,42.576188],[-83.183427,42.576196],[-83.182318,42.57622],[-83.180295,42.576284],[-83.179317,42.576297],[-83.178148,42.576356],[-83.177496,42.57639],[-83.176918,42.576428],[-83.176512,42.57643],[-83.17579,42.576412],[-83.175233,42.576411],[-83.174287,42.57644]],[[-83.174275,42.576432],[-83.173326,42.576466],[-83.172206,42.576494],[-83.171923,42.576568],[-83.171347,42.576579],[-83.17077,42.576595],[-83.168787,42.576634],[-83.168341,42.576655],[-83.168154,42.576619],[-83.167745,42.576628],[-83.167821,42.577159]],[[-83.187904,42.586175],[-83.187921,42.587059],[-83.187965,42.588293],[-83.187984,42.589794],[-83.188001,42.59074]],[[-83.192886,42.598714],[-83.192625,42.598717],[-83.192643,42.598387],[-83.192694,42.598098],[-83.192771,42.597919],[-83.192988,42.597652],[-83.193092,42.597549],[-83.193142,42.597357],[-83.192529,42.597373],[-83.192424,42.597362],[-83.191919,42.597231],[-83.19132,42.5971],[-83.190707,42.597099],[-83.19019,42.597142],[-83.189789,42.597409],[-83.189534,42.597742],[-83.18941,42.598196],[-83.189415,42.598497],[-83.189414,42.598774],[-83.189342,42.598971],[-83.189259,42.599023],[-83.188846,42.599048],[-83.188849,42.599227],[-83.188866,42.599476],[-83.188634,42.599556],[-83.188606,42.599349],[-83.187858,42.59976],[-83.187791,42.599691],[-83.187759,42.599721]],[[-83.160531,42.617348],[-83.159926,42.617367],[-83.159343,42.617375],[-83.15863,42.617355],[-83.158182,42.617336],[-83.158105,42.617297]],[[-83.158103,42.617302],[-83.158072,42.617108],[-83.158059,42.616818],[-83.158178,42.615821],[-83.158286,42.614926],[-83.158286,42.614496],[-83.158126,42.61333],[-83.158044,42.612382],[-83.157971,42.611421],[-83.157916,42.610436]],[[-83.159579,42.610359],[-83.158835,42.610403],[-83.157918,42.610434]],[[-83.15792,42.610437],[-83.157204,42.610473],[-83.157151,42.609902],[-83.156656,42.609904],[-83.155465,42.609957],[-83.153963,42.609988],[-83.152784,42.610028],[-83.152092,42.6101],[-83.151621,42.610068],[-83.150738,42.610004],[-83.150702,42.609517],[-83.150023,42.609553]],[[-83.184038,42.617537],[-83.184666,42.617788],[-83.184722,42.617591],[-83.184985,42.617277],[-83.185208,42.617128],[-83.185578,42.616937],[-83.185915,42.61683],[-83.186299,42.616773],[-83.186543,42.616755],[-83.187115,42.616786],[-83.187113,42.616979],[-83.187484,42.617025],[-83.188025,42.617039],[-83.188565,42.617037],[-83.18911,42.61702],[-83.189553,42.617052],[-83.189505,42.616901]],[[-83.189505,42.616904],[-83.189453,42.616183],[-83.18934,42.614124],[-83.189289,42.613295],[-83.189219,42.612256],[-83.189186,42.611243],[-83.18932,42.61123],[-83.189325,42.610816]],[[-83.189327,42.610816],[-83.18931,42.610047],[-83.189709,42.610142],[-83.190326,42.610133],[-83.190239,42.609339],[-83.190174,42.608195],[-83.190142,42.607228],[-83.190116,42.606621],[-83.190102,42.606254],[-83.190613,42.606242],[-83.191816,42.606196],[-83.192436,42.606178],[-83.193437,42.606192],[-83.194179,42.606217],[-83.194304,42.606068],[-83.194343,42.605421]],[[-83.199525,42.620702],[-83.199435,42.619145],[-83.199356,42.617758],[-83.199286,42.616313],[-83.199219,42.614767],[-83.199167,42.613686],[-83.199131,42.612513],[-83.199077,42.611629]],[[-83.202659,42.60466],[-83.202593,42.604922]],[[-83.202593,42.604921],[-83.201836,42.604753],[-83.201034,42.60459],[-83.200321,42.604442],[-83.199477,42.604306],[-83.198446,42.60423],[-83.197578,42.604196],[-83.196879,42.604208],[-83.195622,42.604252],[-83.194693,42.604263],[-83.193512,42.604287],[-83.192807,42.604314],[-83.191094,42.604358],[-83.189873,42.604391],[-83.189088,42.604411]],[[-83.207905,42.595405],[-83.207897,42.593946],[-83.207845,42.593018],[-83.207817,42.592397],[-83.207781,42.591802],[-83.207756,42.591015],[-83.207714,42.590259],[-83.20677,42.590282],[-83.205567,42.590302],[-83.20379,42.590344],[-83.203301,42.590353],[-83.202039,42.590389],[-83.201372,42.590398],[-83.200773,42.590387],[-83.200159,42.590412],[-83.199049,42.590465],[-83.198456,42.590481],[-83.198208,42.590512]],[[-83.197893,42.585148],[-83.197924,42.585695],[-83.198039,42.58724],[-83.198102,42.588495]],[[-83.198108,42.588494],[-83.198146,42.589194],[-83.198192,42.59023],[-83.198206,42.590508]],[[-83.152183,42.574198],[-83.152069,42.574207],[-83.150279,42.574249],[-83.149413,42.574253],[-83.148558,42.574283],[-83.148371,42.574165],[-83.14844,42.575933],[-83.148513,42.577148]],[[-83.148995,42.586499],[-83.148937,42.585803],[-83.148826,42.583559],[-83.148725,42.581636],[-83.148618,42.579775],[-83.148567,42.578687]],[[-83.14857,42.578681],[-83.148556,42.578353],[-83.148513,42.577145]],[[-83.149428,42.6173],[-83.149923,42.617276],[-83.150376,42.617139],[-83.150247,42.614669],[-83.150178,42.612978],[-83.150136,42.611711],[-83.15008,42.610802],[-83.150024,42.609544]],[[-83.140333,42.617843],[-83.139511,42.617873],[-83.139104,42.617875],[-83.137369,42.617947],[-83.136675,42.617854],[-83.136314,42.617872],[-83.13629,42.617497],[-83.135186,42.617567],[-83.134801,42.61758],[-83.134093,42.617588],[-83.133323,42.617612],[-83.132022,42.617636],[-83.131171,42.617601],[-83.131138,42.617088]],[[-83.124899,42.604751],[-83.12499,42.605549],[-83.125054,42.60657],[-83.124969,42.607155]],[[-83.109784,42.603745],[-83.109866,42.60414],[-83.109894,42.604978],[-83.109917,42.605796],[-83.109973,42.607063],[-83.10995,42.607551]],[[-83.097759,42.601913],[-83.09818,42.60222],[-83.097426,42.602803],[-83.097795,42.603058],[-83.098792,42.603716],[-83.099392,42.604108],[-83.100092,42.604572],[-83.100158,42.604542],[-83.10038,42.604786],[-83.100139,42.604836],[-83.100185,42.605029],[-83.100242,42.605298],[-83.100325,42.605302],[-83.100356,42.605627],[-83.100365,42.60602],[-83.100394,42.606554],[-83.1004,42.607057],[-83.100443,42.607285],[-83.100459,42.607312],[-83.100509,42.607321]],[[-83.09531,42.597237],[-83.095053,42.597251],[-83.094984,42.596771],[-83.095078,42.596766],[-83.095041,42.596468],[-83.094995,42.59598],[-83.09495,42.595275],[-83.094919,42.594584],[-83.094898,42.594066],[-83.094897,42.593744],[-83.094882,42.593524],[-83.094872,42.593268],[-83.094829,42.593038]],[[-83.094833,42.593038],[-83.096596,42.593006],[-83.09903,42.592929],[-83.100588,42.592897],[-83.101378,42.592871],[-83.103011,42.592841],[-83.104644,42.592814],[-83.107034,42.592755],[-83.109282,42.592702]],[[-83.105166,42.595824],[-83.105866,42.595813],[-83.106469,42.595819],[-83.108076,42.595767],[-83.109418,42.595731],[-83.109408,42.595288],[-83.109329,42.593816],[-83.109269,42.592699]],[[-83.109268,42.592703],[-83.110348,42.592666],[-83.112873,42.59261],[-83.115219,42.592537],[-83.116867,42.592492]],[[-83.092156,42.588018],[-83.092155,42.587925],[-83.09256,42.587931],[-83.092864,42.587996],[-83.093347,42.587964],[-83.093329,42.587306],[-83.093331,42.58713],[-83.093277,42.587001],[-83.093138,42.586742],[-83.093007,42.586459],[-83.093475,42.586426],[-83.093816,42.586416],[-83.093795,42.586119],[-83.094039,42.586108],[-83.094521,42.586083]],[[-83.094524,42.586083],[-83.094496,42.585512],[-83.095005,42.585486],[-83.096012,42.585425],[-83.097214,42.585358],[-83.097671,42.585332],[-83.098312,42.585306],[-83.099401,42.585237]],[[-83.119841,42.577817],[-83.118743,42.577838],[-83.117873,42.57786],[-83.116852,42.577875],[-83.115843,42.577889],[-83.114774,42.5779],[-83.113702,42.577908],[-83.113142,42.577919],[-83.112251,42.577927],[-83.111766,42.577936],[-83.111251,42.577884],[-83.110331,42.577892],[-83.109294,42.577908],[-83.109049,42.577912],[-83.108599,42.577915],[-83.108585,42.57792]],[[-83.123617,42.570216],[-83.123142,42.57022],[-83.123131,42.569709],[-83.123092,42.56936],[-83.123099,42.569127],[-83.12311,42.56843],[-83.124109,42.568384],[-83.125351,42.568354],[-83.126808,42.56832],[-83.127578,42.568289],[-83.128192,42.568196]],[[-83.128191,42.568195],[-83.128937,42.568185],[-83.128932,42.567827],[-83.128782,42.567744],[-83.128773,42.567392],[-83.129389,42.567343],[-83.129684,42.566786],[-83.129506,42.566657],[-83.128359,42.566724]],[[-83.128361,42.566724],[-83.128174,42.566739],[-83.128167,42.566491],[-83.128267,42.565928],[-83.128398,42.565399]],[[-83.128399,42.565401],[-83.128522,42.56504],[-83.128742,42.564426],[-83.128924,42.563992]],[[-83.101303,42.585168],[-83.100139,42.585211],[-83.099852,42.585225],[-83.099406,42.585238]],[[-83.099404,42.585239],[-83.099344,42.584751],[-83.099305,42.583902],[-83.09929,42.583521],[-83.099282,42.583409],[-83.099242,42.582313],[-83.099155,42.58085],[-83.099107,42.579871],[-83.099023,42.578533]],[[-83.128965,42.563972],[-83.128724,42.564564],[-83.128481,42.565233],[-83.128424,42.565403],[-83.128499,42.565547],[-83.129145,42.565599],[-83.130114,42.565561],[-83.130953,42.565554],[-83.131915,42.565597],[-83.131981,42.565598],[-83.132506,42.565511],[-83.133106,42.565416],[-83.133648,42.565403],[-83.134814,42.565364],[-83.136452,42.565309],[-83.137536,42.565272],[-83.137741,42.565242],[-83.138844,42.564989],[-83.13946,42.564983]],[[-83.137962,42.56993],[-83.138475,42.56991],[-83.139676,42.56986],[-83.139676,42.569699],[-83.139628,42.56888],[-83.13958,42.567994],[-83.139521,42.566838],[-83.139512,42.566178],[-83.13946,42.564977]],[[-83.139461,42.564978],[-83.140164,42.564958],[-83.143376,42.56487],[-83.145394,42.564806],[-83.147007,42.564743],[-83.14794,42.56472]],[[-83.154986,42.563461],[-83.153619,42.563623]],[[-83.153623,42.563619],[-83.153623,42.563982],[-83.153645,42.564346],[-83.153465,42.564355],[-83.152654,42.564379],[-83.152623,42.564101],[-83.151473,42.564139],[-83.150468,42.564169],[-83.148774,42.56421],[-83.1482,42.56423],[-83.147942,42.564262],[-83.147937,42.564715]],[[-83.17631,42.567882],[-83.175973,42.568052],[-83.175016,42.568053],[-83.174034,42.568056],[-83.173843,42.567818],[-83.173814,42.567488],[-83.173811,42.567393],[-83.173759,42.566095],[-83.172588,42.566105],[-83.171232,42.566121],[-83.170664,42.56613],[-83.16948,42.566141],[-83.168548,42.566167],[-83.167675,42.566179],[-83.167675,42.566676],[-83.167698,42.567148],[-83.167731,42.56762],[-83.167342,42.567712],[-83.167364,42.56809],[-83.167383,42.568542],[-83.167402,42.568955],[-83.167424,42.568952]],[[-83.187019,42.568748],[-83.18706,42.569325],[-83.187068,42.569969],[-83.187109,42.570701],[-83.18713,42.57142],[-83.187179,42.572041],[-83.187195,42.572568],[-83.187227,42.57339],[-83.187239,42.573738],[-83.18767,42.573678]],[[-83.187673,42.573679],[-83.187614,42.572895],[-83.187569,42.572042],[-83.18752,42.571064],[-83.187478,42.570081],[-83.187437,42.569169],[-83.18741,42.56875],[-83.18744,42.568749]],[[-83.187688,42.573687],[-83.187652,42.573186],[-83.187572,42.571733],[-83.187514,42.57049],[-83.187485,42.569502],[-83.187447,42.568763]],[[-83.194655,42.576208],[-83.197476,42.576137]],[[-83.20118,42.576076],[-83.199514,42.5761],[-83.198413,42.576132],[-83.19748,42.576142]],[[-83.197475,42.576145],[-83.197441,42.575901],[-83.197394,42.574924],[-83.197213,42.574472],[-83.197058,42.574081],[-83.197052,42.573554],[-83.196991,42.572692],[-83.196951,42.571767],[-83.196632,42.571775],[-83.197049,42.571274],[-83.197101,42.570911]]]},"properties":{"id":"fna-member-routes-20260918-64981db40b91f0e9d126","sourceId":"fna-member-routes-20260918","source":"Fiber Network Alliance member fiber lines","sourceUrl":"https://www.fibernetworkalliance.com/membership-map-line/","name":"WOW-Detroit published routes","carrier":"WOW-Detroit","category":"unknown","routeStatus":"Status not established","evidence":"publisher_route","dataDate":null,"metadataModified":null,"retrievedAt":"2026-09-18T19:56:04.130240+00:00","networkType":"Published fiber route; precision and network class unverified","serviceability":"Unconfirmed","routeDiversity":"Unconfirmed","states":["MI"],"publishedLineParts":100},"bbox":[-83.252072,42.516887,-83.092155,42.623603]},{"type":"Feature","geometry":{"type":"MultiLineString","coordinates":[[[-83.200391,42.570249],[-83.198389,42.570292],[-83.197118,42.570347],[-83.197101,42.570907]],[[-83.089886,42.578621],[-83.089962,42.578707],[-83.090109,42.578985],[-83.090843,42.578949],[-83.091704,42.578921],[-83.091857,42.578861],[-83.093116,42.578799],[-83.093129,42.578751],[-83.094266,42.578709],[-83.095566,42.578655],[-83.095569,42.578116],[-83.09668,42.578097]],[[-83.093748,42.567258],[-83.093718,42.566623],[-83.093684,42.565848],[-83.093683,42.565212],[-83.093678,42.564577],[-83.094595,42.564583],[-83.094945,42.564586],[-83.094936,42.56443],[-83.094931,42.563672],[-83.094,42.563696],[-83.092991,42.563715],[-83.091791,42.563739],[-83.091768,42.563711]],[[-83.088978,42.557865],[-83.088964,42.558221],[-83.089909,42.558193],[-83.090787,42.558366],[-83.091451,42.558353],[-83.092066,42.558334],[-83.093052,42.558309],[-83.094007,42.558289],[-83.094056,42.558783],[-83.094048,42.559127]],[[-83.094049,42.559125],[-83.09403,42.559469],[-83.094016,42.559627],[-83.094034,42.559986],[-83.093767,42.559994],[-83.093535,42.560297],[-83.093538,42.560805],[-83.093565,42.561352],[-83.093576,42.561907],[-83.093583,42.562425],[-83.093603,42.563095],[-83.093628,42.563658]],[[-83.09363,42.563658],[-83.092487,42.563675],[-83.091881,42.563691]],[[-83.091878,42.563695],[-83.091882,42.563676],[-83.091774,42.563685],[-83.09177,42.563706]],[[-83.103264,42.560829],[-83.103225,42.559874],[-83.104204,42.559832],[-83.105647,42.559792],[-83.107045,42.559733],[-83.10788,42.559706],[-83.107849,42.559157],[-83.107807,42.558139],[-83.107778,42.557449]],[[-83.107778,42.557448],[-83.10774,42.557041],[-83.107723,42.556236],[-83.107676,42.55562],[-83.108431,42.555601],[-83.108436,42.555454],[-83.108424,42.55475],[-83.109134,42.554718],[-83.10913,42.554355],[-83.110205,42.554333],[-83.110187,42.554026],[-83.110159,42.553235],[-83.11012,42.551952],[-83.110081,42.551128],[-83.110042,42.549917],[-83.11003,42.549021],[-83.111006,42.549001],[-83.111759,42.548988],[-83.112472,42.548968],[-83.113068,42.548953],[-83.113626,42.548935],[-83.114046,42.548924],[-83.1148,42.54891]],[[-83.114794,42.548917],[-83.11416,42.548931]],[[-83.099296,42.556249],[-83.099253,42.555319],[-83.099161,42.553649],[-83.099068,42.551801],[-83.098999,42.550538],[-83.098883,42.549407]],[[-83.096494,42.545627],[-83.096481,42.546974],[-83.096487,42.54748],[-83.096508,42.548099],[-83.096528,42.549028],[-83.096607,42.549422],[-83.09723,42.549411],[-83.09887,42.549414]],[[-83.098879,42.549408],[-83.098874,42.549158],[-83.099145,42.549171],[-83.099168,42.549143]],[[-83.101808,42.541655],[-83.102335,42.541625],[-83.104163,42.541571],[-83.105656,42.541506],[-83.107076,42.541459],[-83.107787,42.541441],[-83.109813,42.541417],[-83.111468,42.541392],[-83.113417,42.541377],[-83.113412,42.541618],[-83.113449,42.54246],[-83.113498,42.543719],[-83.113553,42.545017],[-83.113583,42.546392],[-83.113593,42.546764]],[[-83.113593,42.546761],[-83.113626,42.547552],[-83.113635,42.548172],[-83.11364,42.548909],[-83.114809,42.5489]],[[-83.114792,42.548928],[-83.114163,42.548939]],[[-83.125922,42.554403],[-83.125613,42.554041],[-83.125262,42.553646],[-83.125019,42.553356],[-83.124217,42.552457],[-83.123799,42.551986],[-83.123215,42.551307],[-83.122746,42.550764],[-83.122239,42.550199],[-83.121589,42.549443],[-83.121429,42.549263],[-83.121243,42.549051],[-83.121236,42.549021]],[[-83.124349,42.540601],[-83.124367,42.541082],[-83.124989,42.541072],[-83.125778,42.541056],[-83.126875,42.541031],[-83.126806,42.541304],[-83.126824,42.541938],[-83.126825,42.542239],[-83.126823,42.542873]],[[-83.138472,42.544391],[-83.138487,42.545538],[-83.138512,42.545934],[-83.138527,42.546299],[-83.138542,42.546679],[-83.138556,42.547031],[-83.138571,42.547283],[-83.138573,42.547602],[-83.138582,42.547892],[-83.138601,42.548252],[-83.13857,42.548393]],[[-83.138572,42.548399],[-83.137548,42.548404],[-83.137093,42.548421],[-83.137098,42.548612]],[[-83.147445,42.553634],[-83.147011,42.55372],[-83.146625,42.553776],[-83.1463,42.553781],[-83.145107,42.553809],[-83.145098,42.553268],[-83.145035,42.55212],[-83.144981,42.550803],[-83.144958,42.550372],[-83.144936,42.549654],[-83.144912,42.549293],[-83.144899,42.548837],[-83.14476,42.548838],[-83.143995,42.548864],[-83.143302,42.548862],[-83.142639,42.548882],[-83.142361,42.549215],[-83.142025,42.549228],[-83.141659,42.549228],[-83.141232,42.549248],[-83.141098,42.548949],[-83.140742,42.548961],[-83.140224,42.548959],[-83.13955,42.548991],[-83.138701,42.548997],[-83.138225,42.549015],[-83.13788,42.549016],[-83.137834,42.548655]],[[-83.137835,42.548659],[-83.13783,42.548619],[-83.137123,42.548619],[-83.137094,42.548613]],[[-83.18208,42.547606],[-83.182057,42.547448]],[[-83.182064,42.547443],[-83.182551,42.547434],[-83.182903,42.54744],[-83.183528,42.547357],[-83.183912,42.54734],[-83.184629,42.54734],[-83.185016,42.547324],[-83.185522,42.547328],[-83.185964,42.547325]],[[-83.186931,42.557797],[-83.186965,42.557722],[-83.1871,42.557723],[-83.188496,42.557684],[-83.190599,42.557622],[-83.192282,42.557576],[-83.193798,42.557534],[-83.19499,42.55751],[-83.195683,42.557499],[-83.196435,42.557487]],[[-83.201632,42.560643],[-83.201097,42.560656],[-83.200692,42.560686],[-83.199881,42.560702],[-83.199228,42.560713],[-83.198752,42.56072],[-83.198026,42.560755],[-83.197681,42.560765],[-83.197357,42.560781],[-83.196846,42.560783]],[[-83.196841,42.560781],[-83.196748,42.560771],[-83.196721,42.559693],[-83.196703,42.558893],[-83.196659,42.558501],[-83.196652,42.558139],[-83.196642,42.557832],[-83.196632,42.557468],[-83.196422,42.557472]],[[-83.022352,42.684215],[-83.024312,42.684213],[-83.025553,42.68422],[-83.027556,42.684218],[-83.028643,42.684224],[-83.029934,42.684227],[-83.031215,42.684216],[-83.032698,42.684218],[-83.034012,42.684211],[-83.035345,42.684198]],[[-83.015182,42.687919],[-83.015175,42.687387],[-83.015177,42.686884],[-83.014962,42.686385],[-83.014926,42.68569],[-83.014905,42.685074],[-83.0149,42.684484],[-83.014892,42.684247],[-83.014783,42.684249],[-83.014278,42.684255],[-83.013131,42.684275],[-83.01163,42.684328],[-83.009865,42.684398],[-83.008639,42.684433],[-83.007425,42.684477],[-83.00565,42.684533],[-83.004351,42.684578],[-83.002996,42.684628],[-83.001846,42.684662],[-83.000261,42.684723],[-82.998675,42.684768],[-82.996668,42.684832],[-82.995478,42.684864],[-82.99503,42.684923]],[[-83.019524,42.69869],[-83.019052,42.698704],[-83.018052,42.698699],[-83.017404,42.698692],[-83.015214,42.698752]],[[-83.064773,42.675344],[-83.06482,42.675734],[-83.064921,42.676343],[-83.065012,42.676675],[-83.065123,42.677093],[-83.065322,42.677736],[-83.065507,42.678365],[-83.065669,42.67888]],[[-83.073307,42.674766],[-83.072652,42.674742],[-83.072318,42.674751],[-83.07086,42.674801],[-83.069613,42.67485],[-83.068938,42.674871],[-83.068129,42.674909],[-83.066846,42.674962],[-83.066097,42.675138],[-83.066148,42.67534],[-83.066372,42.676087],[-83.06649,42.676526],[-83.066814,42.677506],[-83.06717,42.678634],[-83.065667,42.678881]],[[-83.065667,42.678877],[-83.065676,42.679634],[-83.066006,42.680286],[-83.066319,42.681405],[-83.066581,42.682277],[-83.066666,42.682545],[-83.066845,42.683073],[-83.066821,42.683305],[-83.067589,42.683276]],[[-83.091092,42.682648],[-83.089427,42.682665],[-83.08875,42.682685],[-83.087402,42.682726],[-83.08536,42.682766],[-83.084814,42.682782],[-83.083876,42.682774]],[[-83.083889,42.680932],[-83.083909,42.681379],[-83.083967,42.682604],[-83.083878,42.682773]],[[-83.083876,42.682773],[-83.083332,42.682796],[-83.082371,42.682819],[-83.081623,42.682837],[-83.081092,42.682829],[-83.080822,42.68285],[-83.080332,42.682874],[-83.07967,42.682903],[-83.077475,42.682966],[-83.076327,42.682987]],[[-83.094392,42.693161],[-83.094341,42.692365],[-83.09431,42.691843],[-83.09426,42.691382],[-83.094241,42.691225],[-83.094443,42.691237],[-83.094382,42.690495],[-83.094352,42.689973],[-83.094317,42.689361],[-83.094286,42.688695],[-83.094231,42.687858],[-83.094186,42.687028],[-83.093635,42.687018],[-83.092236,42.687045],[-83.091398,42.687056],[-83.089786,42.687081],[-83.088959,42.687101],[-83.087873,42.687119],[-83.086601,42.687139],[-83.085599,42.687156],[-83.084106,42.687183],[-83.08408,42.687294],[-83.08409,42.688015],[-83.084124,42.688838]],[[-83.060452,42.639159],[-83.060493,42.639433],[-83.060918,42.639497],[-83.061788,42.639544],[-83.062708,42.639503],[-83.064371,42.639471],[-83.064692,42.63947]],[[-83.064854,42.640199],[-83.06475,42.639772],[-83.064699,42.639467]],[[-83.0647,42.639462],[-83.066265,42.63942],[-83.067899,42.63937],[-83.068757,42.639345],[-83.069539,42.639354],[-83.0704,42.639325],[-83.071535,42.639321],[-83.072029,42.639305],[-83.072417,42.639324],[-83.072728,42.639391],[-83.07274,42.639373]],[[-83.088582,42.63507],[-83.087479,42.635105],[-83.086474,42.635132],[-83.085555,42.635131],[-83.085586,42.635842],[-83.085605,42.636356],[-83.085627,42.636957],[-83.085658,42.637673],[-83.085719,42.638421],[-83.085462,42.638201],[-83.084866,42.638209],[-83.084974,42.63889]],[[-83.085352,42.625519],[-83.084379,42.62536],[-83.083638,42.625635],[-83.083161,42.625809],[-83.082684,42.625996],[-83.082258,42.626147],[-83.081893,42.626295],[-83.081466,42.626457],[-83.081205,42.626549],[-83.080413,42.626817],[-83.079961,42.626885]],[[-83.079955,42.626888],[-83.079636,42.62695],[-83.07894,42.627072],[-83.078439,42.627167],[-83.078199,42.627218],[-83.077678,42.627266],[-83.077284,42.627386],[-83.076948,42.627449],[-83.076887,42.627079],[-83.075876,42.627224],[-83.075107,42.62735],[-83.073024,42.627726],[-83.072232,42.627871],[-83.07219,42.627641]],[[-83.073486,42.666981],[-83.073433,42.667528],[-83.073442,42.667847],[-83.072542,42.667885],[-83.071762,42.667932],[-83.07106,42.667971],[-83.070179,42.668018],[-83.069795,42.667969],[-83.069693,42.667649],[-83.069709,42.667373],[-83.06978,42.667051],[-83.06914,42.666915],[-83.068831,42.666853],[-83.06848,42.66678],[-83.068494,42.667037],[-83.068495,42.667548],[-83.068508,42.667956],[-83.067754,42.667992],[-83.066809,42.668042],[-83.066022,42.668086],[-83.065128,42.668119],[-83.064391,42.668154],[-83.063843,42.66818],[-83.063712,42.667916],[-83.063676,42.667371],[-83.063663,42.666837],[-83.063651,42.66628],[-83.06364,42.665745],[-83.063636,42.665035],[-83.063611,42.664187],[-83.063398,42.664227],[-83.063128,42.66429],[-83.062736,42.664524],[-83.062429,42.664698],[-83.061918,42.664994],[-83.06118,42.665426],[-83.060716,42.664994]],[[-83.060714,42.664995],[-83.060523,42.665111],[-83.059857,42.664506],[-83.059355,42.66403],[-83.058995,42.6637],[-83.059314,42.663699],[-83.058864,42.663277],[-83.058403,42.662841],[-83.057931,42.662382]],[[-83.05404,42.661827],[-83.054066,42.66244],[-83.055646,42.662334],[-83.056374,42.662288],[-83.057468,42.66224],[-83.057936,42.662389]],[[-83.057937,42.662386],[-83.057515,42.662031],[-83.05694,42.661515],[-83.056574,42.661158],[-83.05614,42.66076],[-83.055585,42.660259],[-83.05535,42.660006],[-83.055011,42.659687],[-83.054544,42.659253],[-83.054199,42.658924],[-83.053782,42.658514],[-83.053336,42.658115],[-83.053003,42.658079],[-83.052328,42.657367],[-83.051559,42.656531],[-83.051156,42.656087],[-83.050898,42.655792],[-83.050648,42.655518],[-83.05016,42.654994],[-83.049982,42.65492],[-83.049358,42.654935],[-83.049372,42.654759]],[[-83.049375,42.654761],[-83.048177,42.654812],[-83.047072,42.65483],[-83.045861,42.654853],[-83.044699,42.65487],[-83.044073,42.65485],[-83.043499,42.654845],[-83.042879,42.654843],[-83.042307,42.654883],[-83.041793,42.65492],[-83.041092,42.654941],[-83.039278,42.654973],[-83.038106,42.655001],[-83.03692,42.655006],[-83.034607,42.655021],[-83.033782,42.655039],[-83.033546,42.654973]],[[-83.076333,42.682987],[-83.074552,42.683017],[-83.069467,42.683199],[-83.068961,42.683227],[-83.066413,42.683344],[-83.064079,42.683429],[-83.062267,42.683495],[-83.059858,42.68359],[-83.058291,42.683657],[-83.055288,42.6838],[-83.053729,42.683831]],[[-83.115235,42.667907],[-83.115231,42.667472],[-83.116581,42.667438],[-83.11832,42.66737],[-83.118293,42.666696],[-83.119428,42.666669],[-83.123872,42.666575],[-83.12544,42.66655],[-83.128201,42.666491],[-83.130269,42.666437],[-83.130971,42.66642],[-83.131696,42.666444],[-83.132108,42.666437],[-83.132422,42.666442],[-83.132946,42.666469]],[[-83.132609,42.686284],[-83.132635,42.686294],[-83.133731,42.685736],[-83.134054,42.685521]],[[-83.128,42.686129],[-83.128545,42.686163],[-83.12877,42.686135],[-83.128688,42.686539],[-83.128577,42.686705],[-83.129959,42.686912],[-83.130407,42.686989],[-83.13083,42.687103],[-83.131421,42.686885],[-83.13223,42.686469],[-83.132608,42.686285]],[[-83.136107,42.68071],[-83.136133,42.681428],[-83.136149,42.682134],[-83.136149,42.682208],[-83.136168,42.682562],[-83.135662,42.682778],[-83.134825,42.682813],[-83.135152,42.683364],[-83.135375,42.683902],[-83.135439,42.684463],[-83.135873,42.68478],[-83.136318,42.685054],[-83.13752,42.685771],[-83.13833,42.686261],[-83.136652,42.686315],[-83.136637,42.685986],[-83.136621,42.685894],[-83.135333,42.685941],[-83.135139,42.685839],[-83.134405,42.685859],[-83.134169,42.685873],[-83.133774,42.685861],[-83.133324,42.685914],[-83.13309,42.686034],[-83.13261,42.686284]],[[-83.12328,42.695875],[-83.124394,42.695854],[-83.125239,42.695747],[-83.12563,42.696018],[-83.126397,42.696027],[-83.12725,42.696024],[-83.12796,42.695999],[-83.128626,42.695976],[-83.128746,42.695915],[-83.130068,42.695888],[-83.130964,42.695871],[-83.131883,42.695839],[-83.13332,42.695851],[-83.134154,42.695856],[-83.13408,42.695517],[-83.134597,42.69554],[-83.134924,42.695538],[-83.135864,42.695525],[-83.136814,42.695515],[-83.136841,42.695766]],[[-83.124358,42.703458],[-83.124201,42.702142],[-83.124017,42.700476],[-83.123915,42.699557],[-83.123821,42.698789],[-83.123762,42.698056],[-83.123659,42.697272],[-83.123633,42.696534],[-83.123535,42.696413],[-83.123349,42.696036],[-83.123278,42.695882]],[[-83.10266,42.685386],[-83.103084,42.685367],[-83.103652,42.685364],[-83.10442,42.685386],[-83.105955,42.685436],[-83.106751,42.685546],[-83.107496,42.685822],[-83.108039,42.686028],[-83.108414,42.686233],[-83.109687,42.686608],[-83.110675,42.687096],[-83.111687,42.68753],[-83.112289,42.687569],[-83.11439,42.68771],[-83.115864,42.687782],[-83.116478,42.687792],[-83.117036,42.687781],[-83.117577,42.687888],[-83.118144,42.687807],[-83.119716,42.687437],[-83.121429,42.687042],[-83.122393,42.686796],[-83.12331,42.686516],[-83.123277,42.687128],[-83.123263,42.687359],[-83.123301,42.687843],[-83.123259,42.688478],[-83.123225,42.689177],[-83.123241,42.689843],[-83.123385,42.690491],[-83.123349,42.692533],[-83.123282,42.694049],[-83.123276,42.694956],[-83.123278,42.695878]],[[-83.140759,42.702778],[-83.140203,42.702011],[-83.139788,42.701456],[-83.139181,42.700669],[-83.138824,42.700253],[-83.138742,42.699769],[-83.13807,42.699317],[-83.137661,42.698718],[-83.137464,42.697966],[-83.137418,42.697775],[-83.137351,42.697534],[-83.137184,42.697011],[-83.136939,42.696194],[-83.136832,42.695765]],[[-83.15053,42.699141],[-83.148696,42.696833],[-83.14769,42.695558],[-83.14651,42.695576],[-83.144153,42.695622],[-83.143772,42.695602],[-83.14276,42.695602],[-83.141263,42.695638],[-83.139585,42.695668],[-83.138265,42.695701],[-83.13687,42.695777],[-83.136842,42.695769]],[[-83.132475,42.653268],[-83.132821,42.653372]],[[-83.120021,42.649512],[-83.120471,42.649916],[-83.120925,42.650309],[-83.12148,42.650666],[-83.122088,42.650926],[-83.122761,42.651118],[-83.123474,42.651208],[-83.123785,42.65122],[-83.124202,42.651245],[-83.124621,42.651236],[-83.125134,42.651204],[-83.125642,42.651139],[-83.126275,42.650999],[-83.12695,42.650772],[-83.127539,42.6505],[-83.128001,42.650225],[-83.128524,42.64985],[-83.128941,42.649404],[-83.130005,42.64986],[-83.130139,42.652276],[-83.130372,42.652368],[-83.131666,42.652318],[-83.132252,42.65231],[-83.132365,42.652549],[-83.132399,42.65325],[-83.132476,42.653269]],[[-83.152912,42.651326],[-83.150977,42.651363],[-83.14858,42.651413],[-83.14747,42.651422],[-83.147519,42.652029],[-83.146726,42.65206],[-83.146146,42.652072],[-83.143941,42.652049],[-83.140707,42.652139],[-83.137573,42.652189],[-83.135146,42.652235],[-83.1344,42.652255],[-83.133241,42.652269],[-83.132325,42.652305],[-83.132429,42.652536],[-83.132475,42.653267],[-83.132449,42.653236],[-83.132436,42.652976],[-83.132408,42.652543],[-83.132295,42.652294],[-83.132261,42.651168],[-83.132195,42.649435],[-83.132089,42.647294],[-83.131965,42.644284],[-83.131857,42.642038],[-83.131641,42.6374],[-83.132041,42.63734],[-83.131979,42.636266]],[[-83.112102,42.638254],[-83.115099,42.638215],[-83.115023,42.636779],[-83.115451,42.63667],[-83.117689,42.636613],[-83.118653,42.636576],[-83.119776,42.636551],[-83.124885,42.636413],[-83.125474,42.636477],[-83.130275,42.63633],[-83.131461,42.636299],[-83.131977,42.636254],[-83.131981,42.636265]],[[-83.10144,42.641531],[-83.10124,42.637692],[-83.101792,42.637569],[-83.101721,42.637169],[-83.102419,42.637108],[-83.106704,42.636989],[-83.107155,42.636921],[-83.111646,42.63679],[-83.11201,42.636882],[-83.112106,42.638248]],[[-83.179301,42.634718],[-83.177045,42.634778],[-83.174491,42.634818],[-83.172651,42.634868],[-83.171636,42.634877],[-83.170694,42.634875],[-83.17006,42.634922],[-83.168678,42.634971],[-83.168433,42.634994],[-83.168094,42.635025],[-83.161338,42.635214],[-83.159123,42.635288],[-83.156077,42.63538],[-83.153021,42.635459],[-83.152355,42.635484],[-83.152227,42.635466],[-83.151874,42.635425],[-83.151886,42.634929],[-83.151844,42.633545],[-83.151757,42.631908],[-83.152084,42.631759],[-83.15206,42.631193],[-83.152044,42.630631],[-83.152035,42.630205],[-83.152018,42.629701],[-83.152021,42.629538],[-83.15201,42.629361],[-83.151971,42.628992],[-83.151805,42.628263],[-83.151531,42.627021],[-83.151243,42.625783],[-83.151079,42.625015],[-83.150989,42.624651],[-83.150847,42.624022],[-83.1507,42.623294],[-83.150649,42.622918],[-83.150622,42.622436],[-83.15037,42.622444],[-83.150321,42.622459]],[[-83.20481,42.633453],[-83.204829,42.634063],[-83.203215,42.634112],[-83.200892,42.634166],[-83.200246,42.634178],[-83.199126,42.634225],[-83.198699,42.634263],[-83.197504,42.634286],[-83.197046,42.634298],[-83.196231,42.634307],[-83.195388,42.634322],[-83.194829,42.634315],[-83.194247,42.634332],[-83.193679,42.634315],[-83.193259,42.634322],[-83.19225,42.634411],[-83.190277,42.634454],[-83.189569,42.634483],[-83.189216,42.634495],[-83.188666,42.634443],[-83.187545,42.634459],[-83.186867,42.634482],[-83.185506,42.634525],[-83.184737,42.634569],[-83.184203,42.634579],[-83.183643,42.634594],[-83.18253,42.634635],[-83.181449,42.634682],[-83.181031,42.634665],[-83.180276,42.634692],[-83.179301,42.634715]],[[-83.072174,42.62764],[-83.071813,42.62772],[-83.071161,42.627849],[-83.069865,42.628098],[-83.067568,42.62853],[-83.0646,42.629065],[-83.063238,42.629285],[-83.062685,42.629385],[-83.061934,42.629495],[-83.061387,42.629566],[-83.060112,42.629613],[-83.059417,42.629661],[-83.058268,42.629705],[-83.058042,42.629689],[-83.055554,42.629774],[-83.053373,42.629858],[-83.052791,42.629846],[-83.051262,42.629927],[-83.050816,42.629942],[-83.04995,42.629965],[-83.049616,42.629964]],[[-83.049614,42.629963],[-83.049678,42.630127],[-83.049559,42.629978],[-83.048577,42.629084],[-83.04759,42.628407],[-83.046883,42.627957],[-83.046364,42.627608],[-83.045809,42.62723],[-83.044644,42.626524]],[[-83.072752,42.639331],[-83.07273,42.638832],[-83.072613,42.636385],[-83.072554,42.634551],[-83.072525,42.634125],[-83.072567,42.632348],[-83.07251,42.631547],[-83.072554,42.630516],[-83.072463,42.629608],[-83.072357,42.628978],[-83.072193,42.627874],[-83.072178,42.62764]],[[-83.088313,42.641262],[-83.087984,42.641276],[-83.085076,42.64133],[-83.085047,42.640962],[-83.084989,42.639522],[-83.084975,42.63914],[-83.08496,42.638885],[-83.084737,42.638879],[-83.083729,42.638827],[-83.083171,42.63883],[-83.08268,42.63884],[-83.082684,42.638894],[-83.08224,42.63889],[-83.081365,42.63892],[-83.081059,42.639115],[-83.080729,42.639115],[-83.080486,42.639123],[-83.079309,42.639141],[-83.077861,42.639169],[-83.076011,42.639207],[-83.075096,42.639224],[-83.07455,42.639234],[-83.07405,42.639251],[-83.072938,42.639283],[-83.072753,42.639323]],[[-83.049637,42.629973],[-83.049698,42.630143],[-83.049676,42.630148],[-83.049552,42.629988],[-83.04856,42.629084],[-83.048384,42.628963],[-83.047712,42.628501],[-83.047386,42.62829],[-83.046185,42.627496],[-83.045746,42.627204],[-83.04465,42.626543],[-83.045515,42.625818]],[[-83.084932,42.638901],[-83.083727,42.63884],[-83.082696,42.638855],[-83.082705,42.638906],[-83.081371,42.638934],[-83.081077,42.639131],[-83.077535,42.639186],[-83.075092,42.639239],[-83.072944,42.639295],[-83.072737,42.63935],[-83.07266,42.6377],[-83.072558,42.635488],[-83.072528,42.634553],[-83.072502,42.63414],[-83.072526,42.633483],[-83.072549,42.632347],[-83.072483,42.631549],[-83.072534,42.6305],[-83.072438,42.629596],[-83.072381,42.629233],[-83.072172,42.627871],[-83.072156,42.627655],[-83.071176,42.627857],[-83.06815,42.628434],[-83.064606,42.629077],[-83.063237,42.629296],[-83.062664,42.629398],[-83.061374,42.629576],[-83.060103,42.629631],[-83.059425,42.629673],[-83.058259,42.62972],[-83.058044,42.629702],[-83.055715,42.629779],[-83.054605,42.629823],[-83.053369,42.629871],[-83.05278,42.62986],[-83.051911,42.629906],[-83.051078,42.629943],[-83.050186,42.629972],[-83.049638,42.629974]],[[-83.154156,42.694925],[-83.15422,42.695407],[-83.153258,42.695411],[-83.150407,42.695471],[-83.14818,42.695523],[-83.145896,42.695564],[-83.144234,42.695599],[-83.143729,42.695583],[-83.143008,42.695584],[-83.142431,42.695598],[-83.140087,42.695645],[-83.138872,42.69567],[-83.138271,42.695686],[-83.137503,42.695719],[-83.136839,42.695767]],[[-83.183489,42.695768],[-83.183504,42.695172],[-83.182963,42.69518],[-83.182469,42.695021],[-83.181855,42.695052],[-83.179728,42.695082],[-83.179722,42.694736],[-83.177233,42.694805],[-83.173982,42.694886],[-83.172478,42.694941],[-83.171019,42.694958],[-83.170894,42.694647],[-83.16969,42.694681],[-83.168274,42.694743],[-83.168122,42.695048],[-83.166222,42.695099],[-83.163087,42.695188],[-83.160748,42.695247],[-83.158737,42.695288],[-83.15696,42.695317],[-83.154262,42.695398],[-83.154186,42.694961],[-83.154162,42.694934]],[[-83.184239,42.703834],[-83.184215,42.703454],[-83.184181,42.702282],[-83.184056,42.699754],[-83.184037,42.698348],[-83.183594,42.698315],[-83.183455,42.697768],[-83.183407,42.69661],[-83.1835,42.69621],[-83.183489,42.695773]],[[-83.191095,42.683258],[-83.191176,42.683603],[-83.191406,42.684659],[-83.191503,42.685573],[-83.191529,42.68573],[-83.191681,42.68649],[-83.191781,42.686489],[-83.194082,42.686467],[-83.194136,42.686916],[-83.194195,42.687689],[-83.19428,42.689498],[-83.194366,42.691702],[-83.194462,42.693331],[-83.194448,42.694381],[-83.193729,42.694384],[-83.193789,42.695101],[-83.193203,42.694956],[-83.192549,42.694986],[-83.191029,42.69501],[-83.18994,42.695037],[-83.18862,42.695274],[-83.187674,42.695459],[-83.187272,42.695922],[-83.186857,42.696145],[-83.186309,42.696145],[-83.183564,42.696208],[-83.183527,42.695781],[-83.183494,42.695762]],[[-83.165279,42.665332],[-83.164445,42.665364],[-83.162606,42.665412],[-83.16121,42.665454],[-83.160335,42.665496],[-83.159571,42.665602],[-83.15807,42.665655],[-83.156923,42.665699],[-83.156379,42.665734],[-83.155934,42.665668],[-83.155194,42.665704],[-83.154097,42.665743],[-83.153173,42.66577],[-83.152794,42.66577],[-83.15331,42.666884],[-83.153231,42.667453],[-83.153157,42.668063],[-83.153085,42.668646],[-83.153096,42.670952],[-83.153141,42.673753],[-83.153138,42.674505],[-83.153143,42.676411],[-83.153134,42.677079],[-83.153156,42.679021],[-83.153179,42.681475],[-83.153219,42.682482],[-83.153292,42.685048],[-83.15334,42.686344],[-83.153375,42.687507],[-83.153821,42.688199],[-83.153908,42.689717],[-83.153962,42.692083],[-83.154158,42.694934]],[[-83.176866,42.664129],[-83.176255,42.66412],[-83.176278,42.664605],[-83.175101,42.664615],[-83.173425,42.664642],[-83.172417,42.664648],[-83.171674,42.664678],[-83.171722,42.66513],[-83.171156,42.665152],[-83.170549,42.665156],[-83.16941,42.665184],[-83.168825,42.665199],[-83.167418,42.665245],[-83.166717,42.66527],[-83.165273,42.665326]],[[-83.192399,42.664505],[-83.19174,42.664541],[-83.187863,42.664545],[-83.184347,42.664553],[-83.180617,42.664545],[-83.179522,42.664546],[-83.178972,42.664476],[-83.17807,42.664068],[-83.177315,42.664139],[-83.176867,42.664122]],[[-83.193648,42.675052],[-83.193646,42.675049],[-83.193647,42.67486],[-83.193633,42.674412],[-83.19359,42.673951],[-83.193358,42.670972],[-83.193241,42.668834],[-83.193153,42.667574],[-83.19307,42.664501],[-83.192395,42.664502]],[[-83.193085,42.652978],[-83.193126,42.653609],[-83.193397,42.659839],[-83.192895,42.659917],[-83.192907,42.660337],[-83.192916,42.660458],[-83.192983,42.661722],[-83.19228,42.661774],[-83.192407,42.664499]],[[-83.192949,42.650342],[-83.193068,42.65297]],[[-83.200322,42.648153],[-83.199978,42.648154],[-83.199834,42.648164],[-83.199581,42.648201],[-83.199445,42.648244],[-83.199275,42.648335],[-83.199184,42.648393],[-83.199096,42.648514],[-83.199043,42.648641],[-83.198904,42.648604],[-83.198858,42.648778],[-83.198886,42.648961],[-83.198866,42.649006],[-83.198673,42.649054],[-83.198066,42.649098],[-83.197735,42.649136],[-83.197235,42.64905],[-83.196888,42.648894],[-83.1966,42.648712],[-83.196288,42.64846],[-83.195958,42.648309],[-83.195482,42.64824],[-83.195052,42.648331],[-83.19492,42.648402],[-83.194745,42.64851],[-83.194605,42.648689],[-83.194565,42.648852],[-83.194534,42.649101],[-83.194368,42.649129],[-83.194022,42.649227],[-83.1938,42.649342],[-83.193608,42.649563],[-83.193472,42.649912],[-83.193472,42.650296],[-83.192957,42.650346]],[[-83.033067,42.64132],[-83.033047,42.641305],[-83.033027,42.640982],[-83.033105,42.640509],[-83.033737,42.64052],[-83.033727,42.640142],[-83.033676,42.638807],[-83.033618,42.636427],[-83.035004,42.636289],[-83.037059,42.636241],[-83.036436,42.634608],[-83.036644,42.634592],[-83.036409,42.634008],[-83.036104,42.633154],[-83.036656,42.633196],[-83.036426,42.63268],[-83.036262,42.632161],[-83.036671,42.632054],[-83.035903,42.630008],[-83.035308,42.628436],[-83.03531,42.628424]],[[-82.995294,42.655555],[-82.995905,42.655556],[-82.997469,42.65554],[-83.000792,42.655475],[-83.004836,42.655378],[-83.008017,42.655304],[-83.01074,42.65523],[-83.012088,42.655113],[-83.013717,42.654972],[-83.01489,42.654869],[-83.015517,42.654962],[-83.017152,42.65514],[-83.019609,42.655163],[-83.02049,42.655148],[-83.020851,42.655142],[-83.020829,42.655341],[-83.022347,42.655325],[-83.025208,42.655294],[-83.027576,42.655274],[-83.029191,42.655263],[-83.030632,42.655249],[-83.032111,42.655244],[-83.032588,42.655241],[-83.033224,42.655262],[-83.033546,42.655277],[-83.033519,42.654969],[-83.033447,42.65319],[-83.033202,42.646346],[-83.033116,42.643471],[-83.033053,42.641332],[-83.033067,42.641319]],[[-83.015209,42.698744],[-83.015182,42.698544],[-83.014785,42.698574],[-83.014347,42.698601],[-83.01101,42.698711],[-83.007652,42.698851],[-83.004911,42.698964],[-83.003168,42.699023],[-83.002731,42.699051],[-83.002408,42.699017],[-82.999932,42.699114],[-82.997636,42.699207],[-82.997122,42.699224],[-82.995749,42.699278]],[[-83.044648,42.62653],[-83.045415,42.625874],[-83.045511,42.625808]],[[-83.035315,42.628422],[-83.035515,42.628482],[-83.035452,42.628394],[-83.03485,42.626853],[-83.034686,42.626439],[-83.034669,42.626156],[-83.034708,42.625947],[-83.036027,42.62591],[-83.0369,42.625873],[-83.037489,42.625801],[-83.038635,42.625683],[-83.040054,42.625539],[-83.041012,42.625478],[-83.04267,42.625445],[-83.043597,42.625445],[-83.043706,42.625723],[-83.043837,42.625935],[-83.043907,42.626049],[-83.044648,42.626528]],[[-83.033065,42.641322],[-83.033053,42.640981],[-83.033099,42.640758],[-83.033128,42.640521],[-83.033758,42.640533],[-83.033726,42.63958],[-83.033695,42.638884],[-83.033692,42.63815],[-83.033635,42.636437],[-83.035009,42.636302],[-83.036418,42.63627],[-83.03708,42.636252],[-83.036625,42.635034],[-83.036461,42.634614],[-83.036663,42.634601],[-83.036498,42.634195],[-83.036262,42.633563],[-83.03613,42.633169],[-83.036681,42.633211],[-83.036444,42.632667],[-83.036283,42.632167],[-83.036689,42.632062],[-83.035314,42.628425]],[[-83.034039,42.669729],[-83.03399,42.669386],[-83.033971,42.669096],[-83.033892,42.667313],[-83.033817,42.664727],[-83.033744,42.660224],[-83.033735,42.659911],[-83.03372,42.659473],[-83.033656,42.659015],[-83.033561,42.65634],[-83.033546,42.655539],[-83.033579,42.655261],[-83.03354,42.654957],[-83.033495,42.65395],[-83.033419,42.651684],[-83.033316,42.649145],[-83.033254,42.647023],[-83.033206,42.645663],[-83.033177,42.644512],[-83.033144,42.643464],[-83.033105,42.642425],[-83.03309,42.641649],[-83.033067,42.641318]],[[-83.035344,42.684203],[-83.035324,42.683775],[-83.035407,42.683595],[-83.035377,42.683281],[-83.034584,42.683296],[-83.034561,42.682971],[-83.034505,42.681632],[-83.034436,42.679773],[-83.03438,42.678594],[-83.034307,42.676793],[-83.034266,42.675911],[-83.034237,42.675686],[-83.03422,42.675264],[-83.034219,42.674622],[-83.034197,42.673981],[-83.034155,42.672704],[-83.034112,42.671548],[-83.034059,42.67018],[-83.034038,42.66973]],[[-83.053734,42.683834],[-83.052605,42.683835],[-83.052145,42.683837],[-83.051625,42.683903],[-83.050744,42.683985],[-83.04921,42.684365],[-83.048087,42.684381],[-83.046672,42.684392],[-83.045427,42.684395],[-83.044683,42.684415],[-83.044289,42.684609],[-83.044066,42.684599],[-83.043401,42.68452],[-83.041683,42.68437],[-83.040222,42.684139],[-83.039804,42.684096],[-83.038621,42.684098],[-83.038089,42.684076],[-83.037632,42.684059],[-83.037034,42.684077],[-83.036811,42.684095],[-83.036804,42.684165],[-83.035852,42.684186],[-83.035341,42.684201]],[[-83.09455,42.696828],[-83.093825,42.696837],[-83.092395,42.696862],[-83.090063,42.696909],[-83.087081,42.696958],[-83.086345,42.69698],[-83.086127,42.697065],[-83.084894,42.697098],[-83.081875,42.69715],[-83.080706,42.697157],[-83.079189,42.697181],[-83.075351,42.69731],[-83.073595,42.697368],[-83.071607,42.697403],[-83.069445,42.697458],[-83.068642,42.697518],[-83.067444,42.697559],[-83.06673,42.697587],[-83.066121,42.697649],[-83.063235,42.697774],[-83.059199,42.697926],[-83.057373,42.697986],[-83.0568,42.698009],[-83.055602,42.697995],[-83.054721,42.697985],[-83.054726,42.698288],[-83.052086,42.698342],[-83.052074,42.69812],[-83.052014,42.696309],[-83.052009,42.695659],[-83.05412,42.695633],[-83.05409,42.695134],[-83.054035,42.693087],[-83.053929,42.690333],[-83.053874,42.68844],[-83.053791,42.685948],[-83.053751,42.68453],[-83.05373,42.68384]],[[-83.049656,42.629991],[-83.049714,42.630147],[-83.049672,42.63016],[-83.049543,42.629989],[-83.049157,42.629643],[-83.048552,42.629089],[-83.047943,42.628668],[-83.047477,42.62836],[-83.047102,42.628111],[-83.046725,42.627862],[-83.04645,42.627685],[-83.046011,42.627397],[-83.045707,42.627193],[-83.045371,42.62699],[-83.044649,42.626563],[-83.044657,42.626556],[-83.045523,42.625825]],[[-83.084931,42.638901],[-83.084926,42.638903],[-83.084905,42.638918],[-83.083719,42.638852],[-83.082718,42.638867],[-83.082726,42.638919],[-83.081381,42.638947],[-83.081095,42.639146],[-83.079898,42.639162],[-83.078036,42.639189],[-83.075745,42.63924],[-83.074055,42.639276],[-83.072936,42.639308],[-83.07272,42.639373],[-83.072634,42.637499],[-83.072527,42.634984],[-83.072478,42.634144],[-83.072504,42.633624],[-83.072529,42.632358],[-83.072459,42.63155],[-83.072469,42.631361],[-83.07251,42.630493],[-83.072494,42.630316],[-83.072411,42.629619],[-83.072336,42.629074],[-83.07221,42.628249],[-83.072164,42.627943],[-83.072145,42.627667],[-83.071811,42.627735],[-83.071455,42.627811],[-83.070156,42.62806],[-83.069432,42.628199],[-83.068752,42.628329],[-83.067286,42.628603],[-83.066015,42.628832],[-83.064101,42.629168],[-83.063268,42.629301],[-83.062693,42.6294],[-83.06208,42.629486],[-83.061381,42.629586],[-83.060738,42.629612],[-83.060112,42.62964],[-83.059408,42.629682],[-83.058265,42.629729],[-83.058035,42.629709],[-83.056733,42.629755],[-83.054165,42.629848],[-83.053375,42.62988],[-83.052793,42.629871],[-83.052431,42.629886],[-83.051914,42.629913],[-83.051291,42.629942],[-83.050831,42.629962],[-83.05023,42.629975],[-83.050008,42.629983],[-83.049657,42.629991]],[[-83.112013,42.637784],[-83.111987,42.637332],[-83.111965,42.636893],[-83.111639,42.636835],[-83.111054,42.636824],[-83.110186,42.636854],[-83.108822,42.636886],[-83.107141,42.636941],[-83.106713,42.637014],[-83.106034,42.637023],[-83.105511,42.637039],[-83.103339,42.637105],[-83.102356,42.637134],[-83.101767,42.637186],[-83.101811,42.637321],[-83.101839,42.637597],[-83.101271,42.637717],[-83.101404,42.639937],[-83.101484,42.641558],[-83.099772,42.641601],[-83.0978,42.641676],[-83.097899,42.643673],[-83.09741,42.643692],[-83.09469,42.643787],[-83.093005,42.643843],[-83.093042,42.644515],[-83.093085,42.645507],[-83.093122,42.64587],[-83.093064,42.646104],[-83.092649,42.646146],[-83.092335,42.646127],[-83.092329,42.645757],[-83.09223,42.643739],[-83.091481,42.643727],[-83.091441,42.643097],[-83.088383,42.643146],[-83.088343,42.642181],[-83.088307,42.641278],[-83.085059,42.641364],[-83.08501,42.640577],[-83.084961,42.639162],[-83.084931,42.6389]],[[-83.131611,42.637385],[-83.132009,42.637325],[-83.131976,42.636694],[-83.131949,42.636272],[-83.131464,42.636319],[-83.129962,42.636361],[-83.127736,42.636427],[-83.125472,42.636493],[-83.124875,42.63643],[-83.123393,42.636473],[-83.121651,42.636521],[-83.119786,42.636567],[-83.118682,42.636592],[-83.118149,42.636615],[-83.117695,42.636639],[-83.11701,42.636646],[-83.115936,42.636674],[-83.115457,42.636687],[-83.115048,42.636788],[-83.115137,42.63824],[-83.112046,42.638307],[-83.112009,42.637784]],[[-83.132947,42.66647],[-83.13282,42.663844],[-83.132751,42.661466],[-83.132678,42.659908],[-83.132604,42.657572],[-83.132487,42.654351],[-83.132387,42.652544],[-83.13227,42.652306],[-83.132222,42.651179],[-83.132167,42.649453],[-83.132047,42.646907],[-83.132017,42.64628],[-83.131889,42.643329],[-83.131811,42.641681],[-83.131684,42.63896],[-83.131613,42.637383]],[[-83.133358,42.66639],[-83.132942,42.666469]],[[-83.138159,42.695524],[-83.137843,42.695534],[-83.137178,42.695546],[-83.13694,42.695503],[-83.136282,42.695504],[-83.134549,42.695525],[-83.134514,42.695393],[-83.134379,42.692738],[-83.134293,42.690889],[-83.134233,42.689169],[-83.134086,42.686092],[-83.133993,42.684392],[-83.134038,42.684057],[-83.133998,42.683459],[-83.133975,42.682828],[-83.133958,42.681978],[-83.134014,42.681974],[-83.136286,42.681913],[-83.136248,42.681124],[-83.136156,42.678525],[-83.136133,42.678142],[-83.136061,42.678142],[-83.135344,42.678153],[-83.135307,42.677524],[-83.13533,42.676872],[-83.134843,42.67688],[-83.134462,42.676878],[-83.134428,42.676836],[-83.134417,42.676691],[-83.134414,42.676301],[-83.134434,42.675484],[-83.134398,42.675198],[-83.13431,42.675076],[-83.134199,42.674919],[-83.133991,42.674852],[-83.133852,42.674841],[-83.133668,42.674862],[-83.133581,42.67408],[-83.133527,42.673293],[-83.133484,42.671567],[-83.133424,42.669806],[-83.133349,42.667827],[-83.133384,42.667348],[-83.133364,42.666687],[-83.133352,42.666389]],[[-83.136831,42.695771],[-83.137185,42.695564],[-83.138119,42.695541],[-83.138158,42.695524]]]},"properties":{"id":"fna-member-routes-20260918-feabfd10680b8614c25c","sourceId":"fna-member-routes-20260918","source":"Fiber Network Alliance member fiber lines","sourceUrl":"https://www.fibernetworkalliance.com/membership-map-line/","name":"WOW-Detroit published routes","carrier":"WOW-Detroit","category":"unknown","routeStatus":"Status not established","evidence":"publisher_route","dataDate":null,"metadataModified":null,"retrievedAt":"2026-09-18T19:56:04.130240+00:00","networkType":"Published fiber route; precision and network class unverified","serviceability":"Unconfirmed","routeDiversity":"Unconfirmed","states":["MI"],"publishedLineParts":100},"bbox":[-83.204829,42.540601,-82.99503,42.703834]},{"type":"Feature","geometry":{"type":"MultiLineString","coordinates":[[[-83.1425,42.696019],[-83.142572,42.695429],[-83.14294,42.695401],[-83.144518,42.695365],[-83.147067,42.695321],[-83.147771,42.6953],[-83.149798,42.695271],[-83.151557,42.695227],[-83.153582,42.695194],[-83.154101,42.695153],[-83.154111,42.694984],[-83.154153,42.694926]],[[-83.13282,42.653372],[-83.132943,42.656286],[-83.133294,42.663918],[-83.133326,42.665151],[-83.133311,42.665895],[-83.13334,42.666371],[-83.132944,42.666464]],[[-83.131914,42.636304],[-83.132134,42.641302],[-83.132249,42.643341],[-83.132541,42.65015],[-83.132712,42.652019],[-83.132816,42.653371]],[[-83.130826,42.622852],[-83.130863,42.623277],[-83.131254,42.62625],[-83.131629,42.628823],[-83.131717,42.629962],[-83.131746,42.630478],[-83.131786,42.631205],[-83.131764,42.631932],[-83.13175,42.632541],[-83.131771,42.633505],[-83.131873,42.635276],[-83.131912,42.636304]],[[-83.150324,42.622461],[-83.149011,42.622491],[-83.145691,42.622579],[-83.142058,42.622666],[-83.139291,42.622734],[-83.135305,42.622806],[-83.133897,42.622839],[-83.132163,42.6229],[-83.131185,42.622895],[-83.130826,42.622858]],[[-83.167719,42.622189],[-83.1677,42.622188],[-83.167067,42.62218],[-83.160571,42.622331],[-83.159522,42.622355],[-83.157832,42.622388],[-83.156955,42.62242],[-83.156398,42.622463],[-83.155576,42.622497],[-83.155115,42.622485],[-83.15428,42.622493],[-83.153131,42.622528],[-83.15216,42.622575],[-83.151477,42.622595],[-83.150761,42.622626],[-83.150351,42.622638],[-83.150321,42.622462]],[[-83.168945,42.619522],[-83.169575,42.619556],[-83.169676,42.621329],[-83.16969,42.622151],[-83.169303,42.622155],[-83.167716,42.622184]],[[-83.096535,42.650263],[-83.096175,42.650273],[-83.095082,42.650302],[-83.093511,42.650336],[-83.093505,42.64979],[-83.092806,42.649807],[-83.092518,42.649712],[-83.092451,42.648393],[-83.092405,42.647691],[-83.092383,42.646975],[-83.092344,42.646136],[-83.092665,42.646154],[-83.093071,42.646117],[-83.093138,42.645866],[-83.093085,42.645222],[-83.093064,42.644618],[-83.09302,42.643855],[-83.093523,42.643837],[-83.094226,42.643811],[-83.09545,42.643769],[-83.095954,42.64375]],[[-83.097174,42.637329],[-83.098257,42.637131],[-83.100489,42.63673],[-83.101533,42.636545],[-83.101657,42.636589],[-83.10193,42.63666],[-83.101955,42.636878],[-83.102348,42.637142]],[[-83.125062,42.672394],[-83.125475,42.67242],[-83.125872,42.672537],[-83.126184,42.672664],[-83.126574,42.672858],[-83.126779,42.672938],[-83.127006,42.673012],[-83.127701,42.673078],[-83.128199,42.673076],[-83.128439,42.673079],[-83.128764,42.67304],[-83.128938,42.67297],[-83.129153,42.672871],[-83.129253,42.672739],[-83.129348,42.672582],[-83.129374,42.672425],[-83.12936,42.672259],[-83.129313,42.672109],[-83.129213,42.67196],[-83.128972,42.671701],[-83.128827,42.671553],[-83.128673,42.671355],[-83.128852,42.671258],[-83.129134,42.671115],[-83.129463,42.670922],[-83.129991,42.67068]],[[-83.129996,42.670672],[-83.130287,42.670527],[-83.130609,42.670447],[-83.130738,42.670431],[-83.131094,42.670418],[-83.132072,42.670396]],[[-83.132075,42.670396],[-83.133087,42.670375],[-83.13353,42.670434],[-83.133517,42.670028],[-83.133469,42.6688],[-83.133424,42.668021],[-83.133001,42.6679],[-83.132986,42.667585],[-83.132941,42.666472]],[[-83.124702,42.665467],[-83.123909,42.665496],[-83.12343,42.665502],[-83.123478,42.666288],[-83.123492,42.666575]],[[-83.120024,42.658757],[-83.120559,42.658726],[-83.121045,42.658726],[-83.121319,42.658731],[-83.121593,42.658744],[-83.12186,42.658764],[-83.122138,42.658776],[-83.122378,42.658767],[-83.122646,42.658758],[-83.123166,42.658685],[-83.123405,42.658646],[-83.123925,42.658571],[-83.124207,42.658551],[-83.124438,42.658546],[-83.124733,42.658539],[-83.124952,42.658573],[-83.125282,42.658656],[-83.125621,42.658845],[-83.125869,42.658993],[-83.126191,42.658721],[-83.126523,42.658528],[-83.126841,42.658398],[-83.12702,42.658355],[-83.127635,42.658276],[-83.128017,42.65827],[-83.128436,42.658349],[-83.128871,42.658447],[-83.129199,42.658508],[-83.129563,42.658533],[-83.130118,42.658517],[-83.130612,42.658493],[-83.131053,42.658505],[-83.13162,42.658495],[-83.132061,42.658448],[-83.132496,42.658436],[-83.13265,42.658407]],[[-83.146047,42.642401],[-83.146042,42.642202],[-83.146027,42.641642],[-83.146673,42.641634],[-83.14695,42.641634],[-83.147347,42.641658],[-83.147572,42.64169],[-83.147855,42.641733],[-83.148132,42.641784],[-83.148397,42.641803],[-83.148681,42.641814],[-83.149249,42.641832],[-83.149541,42.641852],[-83.14982,42.641867],[-83.150168,42.641952],[-83.150417,42.642049],[-83.150663,42.642192],[-83.15087,42.642332],[-83.15102,42.64251],[-83.151103,42.642629],[-83.151159,42.642748],[-83.151432,42.642677],[-83.151487,42.64287],[-83.151532,42.643084],[-83.15158,42.643369],[-83.152144,42.643353]],[[-83.152145,42.64335],[-83.152156,42.643736],[-83.152571,42.643925],[-83.152569,42.644289],[-83.152614,42.645597],[-83.152631,42.645894],[-83.152653,42.646303],[-83.152671,42.646701],[-83.152692,42.647542]],[[-83.138774,42.644112],[-83.138769,42.643681],[-83.138745,42.643335],[-83.138724,42.642935],[-83.138698,42.642538],[-83.138696,42.642225]],[[-83.138693,42.642223],[-83.137859,42.64225],[-83.135884,42.642315],[-83.135849,42.641327],[-83.135782,42.64008],[-83.135737,42.638856],[-83.135678,42.637586],[-83.135625,42.636503],[-83.135643,42.635975],[-83.135396,42.635979],[-83.134539,42.635997],[-83.134096,42.635953],[-83.132806,42.635989],[-83.132811,42.636228],[-83.131983,42.636273]],[[-83.102197,42.641545],[-83.101484,42.641581],[-83.101447,42.641538]],[[-83.112288,42.644416],[-83.112255,42.643554],[-83.112229,42.643001],[-83.112192,42.641901],[-83.112158,42.641226],[-83.112125,42.64029],[-83.112097,42.639728],[-83.112092,42.639156],[-83.112046,42.638642],[-83.11205,42.638309]],[[-83.116707,42.64073],[-83.116193,42.641042],[-83.115728,42.641347],[-83.115301,42.641174],[-83.11526,42.640446],[-83.115242,42.639718],[-83.115141,42.63824]],[[-83.119495,42.630583],[-83.119517,42.630464],[-83.119623,42.630058],[-83.119827,42.629478],[-83.119896,42.629305],[-83.120083,42.628887],[-83.120445,42.628305],[-83.120962,42.627467],[-83.121009,42.627089],[-83.120919,42.626711],[-83.120753,42.626485],[-83.120531,42.62616],[-83.120191,42.625643],[-83.119327,42.625511],[-83.117777,42.625389],[-83.117275,42.625518],[-83.116801,42.625631],[-83.1163,42.625714],[-83.115756,42.625803],[-83.114513,42.626152],[-83.113184,42.62622],[-83.112764,42.62626],[-83.112877,42.626779],[-83.11261,42.627021],[-83.112658,42.627724],[-83.11273,42.628724],[-83.11279,42.629696],[-83.11281,42.630246],[-83.112752,42.630909],[-83.112772,42.631086],[-83.112874,42.631504],[-83.11291,42.631912],[-83.112966,42.63299],[-83.113049,42.634058],[-83.113111,42.634826],[-83.113141,42.635485],[-83.112897,42.63549],[-83.111604,42.635525],[-83.111647,42.635988],[-83.11166,42.636787]],[[-83.111626,42.63598],[-83.111635,42.636779]],[[-83.158431,42.624819],[-83.158157,42.624828],[-83.155953,42.624884],[-83.15429,42.624927],[-83.153163,42.62495],[-83.152208,42.624986],[-83.151083,42.625031]],[[-83.169395,42.627133],[-83.169451,42.628494],[-83.169586,42.63],[-83.169618,42.630918],[-83.169653,42.631791],[-83.1697,42.632818],[-83.169755,42.634006],[-83.169369,42.634022],[-83.169374,42.634814],[-83.169561,42.634968]],[[-83.188923,42.695203],[-83.188833,42.694939],[-83.188784,42.694492]],[[-83.207602,42.705975],[-83.207658,42.705618],[-83.207446,42.705153],[-83.207234,42.704738],[-83.207212,42.704288],[-83.207191,42.703783],[-83.207166,42.703475],[-83.207126,42.702785],[-83.206899,42.702792],[-83.206861,42.702336],[-83.206759,42.702336],[-83.206289,42.702342],[-83.206291,42.702015],[-83.206267,42.701577],[-83.206193,42.701312],[-83.206107,42.701091],[-83.206061,42.700842],[-83.205638,42.700873],[-83.205659,42.701385]],[[-83.205661,42.701383],[-83.204612,42.701435],[-83.203902,42.701474]],[[-83.203897,42.701478],[-83.203344,42.701503],[-83.201738,42.70159],[-83.200011,42.70167],[-83.19985,42.701764],[-83.199879,42.702028],[-83.199953,42.702235],[-83.199958,42.70274],[-83.199982,42.703226],[-83.19998,42.703577],[-83.198911,42.703628],[-83.1974,42.703706],[-83.196452,42.703747],[-83.195716,42.703777],[-83.195372,42.703799],[-83.194942,42.703836]],[[-83.194995,42.705126],[-83.194943,42.703828]],[[-83.194942,42.703828],[-83.194926,42.703503],[-83.194893,42.70298],[-83.194876,42.702733],[-83.194875,42.702648],[-83.194804,42.701525],[-83.19476,42.700493],[-83.19475,42.699989],[-83.193989,42.699992],[-83.19396,42.699247],[-83.193907,42.698181],[-83.19386,42.697076],[-83.193847,42.696562],[-83.193823,42.696404],[-83.193785,42.6951]],[[-83.11868,42.64949],[-83.119138,42.648976],[-83.119694,42.649315],[-83.120031,42.649512]],[[-83.133671,42.652252],[-83.133661,42.652167],[-83.133632,42.651593],[-83.133587,42.651231],[-83.133513,42.650886],[-83.133512,42.650785],[-83.133454,42.650333],[-83.133468,42.649765]],[[-83.146791,42.64406],[-83.146551,42.64407],[-83.145267,42.64416],[-83.144822,42.644191],[-83.144144,42.644219],[-83.143637,42.644244],[-83.143231,42.644267],[-83.142856,42.644306],[-83.142551,42.64434],[-83.142185,42.644387],[-83.141753,42.644436],[-83.141402,42.644476],[-83.140752,42.644546],[-83.140574,42.644569],[-83.140272,42.644597],[-83.13979,42.644636],[-83.139214,42.644693],[-83.138839,42.644742],[-83.138774,42.644113]],[[-83.160147,42.647086],[-83.160061,42.646992],[-83.159968,42.64691],[-83.159856,42.646846],[-83.159729,42.646802],[-83.159578,42.646768],[-83.159263,42.646753],[-83.158963,42.646751],[-83.158716,42.64675],[-83.158537,42.646755],[-83.158188,42.646728],[-83.157984,42.646662],[-83.157805,42.646553],[-83.157635,42.646836],[-83.157614,42.6469],[-83.157612,42.647221],[-83.157632,42.647658],[-83.157136,42.647765],[-83.156569,42.648014],[-83.15623,42.648114],[-83.156088,42.648112],[-83.155722,42.648055],[-83.155234,42.648026],[-83.154796,42.64802],[-83.154403,42.647982],[-83.154013,42.647924],[-83.15392,42.648058],[-83.152851,42.647984],[-83.152816,42.647593],[-83.152712,42.647531]],[[-83.1527,42.647532],[-83.152723,42.648059],[-83.152767,42.649182],[-83.152805,42.65006],[-83.152819,42.650481],[-83.15284,42.650887],[-83.152913,42.651326]],[[-83.176872,42.664104],[-83.176264,42.664102],[-83.176099,42.662094],[-83.175991,42.660417],[-83.175951,42.659784],[-83.175939,42.659407],[-83.175904,42.659019],[-83.175791,42.658391],[-83.175615,42.657495],[-83.175501,42.656944],[-83.175435,42.656549],[-83.175273,42.655886],[-83.17521,42.655652],[-83.17504,42.655011],[-83.174879,42.654264],[-83.175441,42.654085],[-83.175841,42.653949],[-83.175462,42.653485],[-83.175313,42.65327],[-83.174985,42.652886],[-83.173396,42.651251],[-83.172476,42.651212],[-83.172021,42.651208],[-83.171932,42.651451],[-83.1713,42.651477],[-83.17067,42.651497]],[[-83.179305,42.634717],[-83.179348,42.635631],[-83.178813,42.635643],[-83.178829,42.636288],[-83.178816,42.63728],[-83.178781,42.638047],[-83.178789,42.638805],[-83.179273,42.638795],[-83.179087,42.63918],[-83.178917,42.639526],[-83.178855,42.639814],[-83.178836,42.640244],[-83.178818,42.641175]],[[-83.157176,42.639488],[-83.157164,42.639137],[-83.157133,42.638611],[-83.157104,42.63764],[-83.157061,42.636869],[-83.157036,42.636412],[-83.157028,42.635975],[-83.157463,42.635955],[-83.15742,42.635664],[-83.157448,42.635343]],[[-83.136129,42.625269],[-83.136058,42.624646],[-83.135977,42.62408],[-83.135898,42.623586],[-83.135816,42.623001],[-83.138533,42.622919],[-83.13967,42.622884],[-83.142053,42.622823],[-83.144124,42.622769],[-83.144695,42.622751],[-83.144897,42.622751],[-83.145371,42.622774],[-83.145684,42.62276],[-83.146967,42.6227],[-83.147484,42.622697],[-83.147988,42.622693],[-83.148557,42.622486],[-83.149123,42.622475],[-83.149711,42.622458],[-83.15032,42.622458]],[[-83.204243,42.621267],[-83.204275,42.621839],[-83.205061,42.621813],[-83.20606,42.621781],[-83.207269,42.621734],[-83.207265,42.621207]],[[-83.207269,42.621206],[-83.207419,42.621108],[-83.207982,42.621102],[-83.208449,42.621097],[-83.208793,42.621092],[-83.209004,42.621096],[-83.209058,42.621109],[-83.209096,42.621164],[-83.209141,42.621606],[-83.209174,42.62226],[-83.209222,42.622802],[-83.209249,42.623408],[-83.209252,42.623825],[-83.209306,42.624401],[-83.209194,42.62445]],[[-83.209194,42.624447],[-83.208405,42.624459],[-83.207039,42.624491],[-83.205971,42.624523],[-83.206027,42.624899],[-83.206051,42.625276],[-83.204742,42.625317],[-83.204788,42.625809],[-83.204788,42.625906],[-83.205788,42.62586],[-83.205747,42.62634],[-83.206914,42.626305],[-83.206922,42.626735],[-83.207651,42.626716],[-83.208756,42.626655],[-83.208801,42.627139],[-83.208835,42.627544],[-83.209262,42.627631],[-83.209293,42.627849],[-83.209305,42.628224],[-83.20934,42.628727],[-83.209381,42.629236],[-83.208661,42.629246],[-83.208674,42.629426],[-83.208471,42.629441],[-83.207758,42.629469],[-83.20612,42.629552],[-83.205345,42.629589],[-83.205358,42.630016],[-83.205393,42.630657],[-83.205421,42.631328],[-83.205441,42.631688],[-83.205479,42.632296],[-83.205503,42.63295],[-83.205503,42.633432],[-83.204812,42.633458]],[[-83.141195,42.655415],[-83.140335,42.655468],[-83.139684,42.65583],[-83.13934,42.65558],[-83.139115,42.655708],[-83.138056,42.656384],[-83.137531,42.656771],[-83.136624,42.657427],[-83.136232,42.657742],[-83.135936,42.657686],[-83.135452,42.65762],[-83.135006,42.657615],[-83.134803,42.657629],[-83.134517,42.657695],[-83.134193,42.657755],[-83.133863,42.65776],[-83.133689,42.657733],[-83.13341,42.657667],[-83.133104,42.657681],[-83.1331,42.657622]],[[-83.1331,42.657627],[-83.132628,42.657564],[-83.132649,42.658396]],[[-83.14531,42.659079],[-83.145566,42.658996],[-83.145955,42.658959],[-83.146619,42.658977],[-83.147772,42.658996],[-83.148139,42.658991],[-83.14869,42.658823],[-83.14895,42.658994],[-83.149973,42.659021],[-83.150279,42.65901],[-83.150768,42.659021],[-83.151473,42.659018],[-83.151796,42.658995],[-83.151826,42.659219],[-83.152804,42.659228],[-83.152802,42.659042]],[[-83.152807,42.659043],[-83.152793,42.658779],[-83.152772,42.658233],[-83.152745,42.657686]],[[-83.152759,42.657685],[-83.152794,42.658235],[-83.152813,42.65878],[-83.152829,42.659341],[-83.152849,42.659942],[-83.152882,42.661024],[-83.152948,42.662199],[-83.153322,42.662433],[-83.153323,42.662809],[-83.153354,42.664008],[-83.153364,42.664534],[-83.153486,42.665123],[-83.153647,42.665757]],[[-83.151218,42.672001],[-83.1531,42.671732]],[[-83.16298,42.671503],[-83.162952,42.671278],[-83.162906,42.670806],[-83.162854,42.670266],[-83.16282,42.669693],[-83.163228,42.669716],[-83.164458,42.66964],[-83.164423,42.669328],[-83.16438,42.668879],[-83.164281,42.668147],[-83.164241,42.667721],[-83.164205,42.667451],[-83.164149,42.667018],[-83.164105,42.666635],[-83.164063,42.666271],[-83.164012,42.665965],[-83.163992,42.665677],[-83.164783,42.665657],[-83.165284,42.665326]],[[-83.199253,42.659817],[-83.198688,42.659823],[-83.197946,42.659844],[-83.197019,42.659864],[-83.19649,42.659874],[-83.196107,42.659893],[-83.195164,42.659897],[-83.194286,42.659923],[-83.193416,42.659836]],[[-83.17258,42.675508],[-83.172577,42.675059],[-83.172604,42.673887],[-83.172635,42.673189],[-83.172609,42.672831],[-83.172526,42.672202],[-83.172294,42.669308],[-83.172152,42.667977],[-83.172067,42.666951],[-83.17204,42.666242],[-83.171605,42.666262],[-83.171554,42.66567],[-83.17154,42.665428]],[[-83.171727,42.66513],[-83.171537,42.665427],[-83.17196,42.665447],[-83.173101,42.665451],[-83.174213,42.665423],[-83.174914,42.665421],[-83.174934,42.665702],[-83.174958,42.666249],[-83.175473,42.666259],[-83.176297,42.666242]],[[-83.206582,42.680474],[-83.203686,42.680529],[-83.203256,42.680582],[-83.203265,42.681655],[-83.201793,42.681664],[-83.200559,42.681697],[-83.200009,42.681149],[-83.19867,42.681148],[-83.198651,42.680645],[-83.198161,42.68067]],[[-83.198153,42.680676],[-83.195742,42.680725],[-83.193864,42.680809],[-83.19382,42.679439],[-83.191079,42.679518],[-83.191116,42.680444],[-83.190728,42.680895],[-83.190959,42.682428],[-83.191095,42.683263]],[[-83.182943,42.680316],[-83.18235,42.680297],[-83.182438,42.679276],[-83.182521,42.678382],[-83.182609,42.67739],[-83.183452,42.677429],[-83.185494,42.677473],[-83.185571,42.676903],[-83.185616,42.676484],[-83.185649,42.676084],[-83.185675,42.675611],[-83.186084,42.675467],[-83.186918,42.675167],[-83.187305,42.675024],[-83.187655,42.675226],[-83.188292,42.675217]],[[-83.188168,42.67433],[-83.188247,42.674869],[-83.188293,42.675222],[-83.188442,42.675208],[-83.19033,42.675137],[-83.191102,42.67511],[-83.192111,42.675075],[-83.193019,42.675057],[-83.193647,42.675049]],[[-83.210816,42.693951],[-83.21048,42.693968],[-83.209899,42.693995],[-83.209321,42.694018],[-83.208736,42.694018],[-83.208166,42.694042],[-83.207652,42.694056],[-83.206238,42.694083],[-83.205417,42.694101],[-83.204777,42.694117],[-83.204067,42.694115],[-83.203376,42.694134]],[[-83.166914,42.681431],[-83.167682,42.681433],[-83.167523,42.681086],[-83.167472,42.680277],[-83.168719,42.680219],[-83.17027,42.680187],[-83.171274,42.68017],[-83.17219,42.680147],[-83.172195,42.680974],[-83.172251,42.681371],[-83.172307,42.681712],[-83.173334,42.6817],[-83.173925,42.681674],[-83.174678,42.681652],[-83.175042,42.681644],[-83.175615,42.68164]],[[-83.175612,42.681641],[-83.176393,42.681615],[-83.177113,42.681596],[-83.177494,42.681593],[-83.178145,42.68158],[-83.178248,42.681887],[-83.178337,42.682253],[-83.178711,42.682099],[-83.178809,42.682098],[-83.179803,42.682082],[-83.180215,42.682104],[-83.18044,42.68214],[-83.180941,42.682237],[-83.181697,42.682225],[-83.181666,42.681931],[-83.182223,42.681914],[-83.182634,42.681892],[-83.182678,42.682304],[-83.182734,42.682809],[-83.182851,42.683411]],[[-83.182994,42.684554],[-83.182853,42.683413],[-83.183865,42.683398],[-83.185313,42.683371],[-83.18646,42.68335]],[[-83.186459,42.68335],[-83.187568,42.683316],[-83.188893,42.683296],[-83.189455,42.683284],[-83.189875,42.683272],[-83.19038,42.683273],[-83.190888,42.683262],[-83.191096,42.683261]],[[-83.203377,42.694137],[-83.202298,42.694184],[-83.201377,42.694187],[-83.20017,42.694221],[-83.199334,42.694243],[-83.198434,42.694275],[-83.196345,42.694328],[-83.194453,42.694381]],[[-83.184384,42.708767],[-83.184394,42.708186],[-83.184367,42.707611],[-83.184365,42.707004],[-83.184312,42.705952],[-83.184287,42.705392],[-83.184253,42.704336],[-83.18424,42.703829]],[[-83.168515,42.708108],[-83.168853,42.708325],[-83.16904,42.708457],[-83.169225,42.708549],[-83.169469,42.708613],[-83.169742,42.708634],[-83.170262,42.708555],[-83.170218,42.708269],[-83.170184,42.708012],[-83.170035,42.707783],[-83.169723,42.707571],[-83.169384,42.707421],[-83.169128,42.707248],[-83.168924,42.707041],[-83.168772,42.706886],[-83.168584,42.706662],[-83.168372,42.706428],[-83.168296,42.70633],[-83.168205,42.706248],[-83.168157,42.706199],[-83.168053,42.706155],[-83.167923,42.706086],[-83.167898,42.706005],[-83.167985,42.70586],[-83.168122,42.7058],[-83.168195,42.705808],[-83.168271,42.705844],[-83.168388,42.705809],[-83.16905,42.705574],[-83.169219,42.705715],[-83.169786,42.705599],[-83.170263,42.705543],[-83.170714,42.705603],[-83.171229,42.705672],[-83.171496,42.705704],[-83.171774,42.705791],[-83.171921,42.705884],[-83.171997,42.705945],[-83.172128,42.706203],[-83.172202,42.706458],[-83.172323,42.706613],[-83.172399,42.706699],[-83.172599,42.706626],[-83.172304,42.70625],[-83.172611,42.706124],[-83.172888,42.705895],[-83.17301,42.705672],[-83.173051,42.70544],[-83.173048,42.705125],[-83.173573,42.705107],[-83.1739,42.705123],[-83.173977,42.704947],[-83.174088,42.704958],[-83.174321,42.704985],[-83.174778,42.705048],[-83.175075,42.705032],[-83.175488,42.704979],[-83.175775,42.704931],[-83.176165,42.704871],[-83.176361,42.704863],[-83.1767,42.70485],[-83.176689,42.704621],[-83.176925,42.704631],[-83.176882,42.704156]],[[-83.176886,42.70416],[-83.176831,42.703968],[-83.176813,42.703907],[-83.177276,42.703825],[-83.178023,42.703674],[-83.178337,42.703601],[-83.178568,42.703569],[-83.178902,42.703543],[-83.179171,42.703537],[-83.17943,42.703509],[-83.179747,42.703393],[-83.179836,42.703361],[-83.180102,42.703478],[-83.180432,42.703595],[-83.180757,42.703669],[-83.180767,42.703699],[-83.181726,42.703667],[-83.182231,42.703662],[-83.182878,42.703655],[-83.183151,42.703649],[-83.183447,42.703647],[-83.184173,42.703638],[-83.184181,42.703833],[-83.184238,42.703835]],[[-83.180431,42.698402],[-83.183591,42.698313]],[[-83.177344,42.691765],[-83.178224,42.691497],[-83.178326,42.691937],[-83.178437,42.692522],[-83.178492,42.693169],[-83.17856,42.693796],[-83.178581,42.694434],[-83.179838,42.694422]],[[-83.179841,42.694423],[-83.179724,42.694737]],[[-83.161758,42.693183],[-83.160919,42.693034],[-83.160664,42.693417],[-83.160697,42.694154],[-83.160706,42.694505],[-83.160734,42.694996],[-83.16075,42.695245]],[[-83.161622,42.680838],[-83.159838,42.680874],[-83.158822,42.680915],[-83.158878,42.681386],[-83.158799,42.681652],[-83.158784,42.682142],[-83.158825,42.682924],[-83.157716,42.682962],[-83.155987,42.682965],[-83.15595,42.682401],[-83.155915,42.681705],[-83.155458,42.681718],[-83.154326,42.681747],[-83.153833,42.681753],[-83.1532,42.681816]],[[-83.144468,42.708441],[-83.14435,42.708304],[-83.14402,42.707867],[-83.143753,42.707495],[-83.143443,42.707098],[-83.142587,42.705979],[-83.142229,42.705497],[-83.141961,42.705151],[-83.141598,42.704724],[-83.141278,42.70429],[-83.14109,42.704047],[-83.140715,42.703593],[-83.14043,42.703223],[-83.140229,42.702978],[-83.140758,42.702777]],[[-83.099518,42.69514],[-83.0999,42.694915],[-83.100108,42.695186],[-83.100362,42.695079],[-83.100469,42.695228],[-83.100669,42.695565],[-83.100731,42.695823],[-83.100765,42.695985],[-83.100818,42.696331],[-83.100937,42.696424]],[[-83.100936,42.696427],[-83.100161,42.696483],[-83.099417,42.696549],[-83.097871,42.696685]],[[-83.099388,42.700489],[-83.09936,42.699939],[-83.09935,42.699616],[-83.099056,42.699623],[-83.099051,42.699474],[-83.099033,42.699021],[-83.099029,42.698833],[-83.099011,42.698575],[-83.098993,42.698286],[-83.098906,42.698035],[-83.098791,42.697896],[-83.098547,42.697749],[-83.098308,42.697678],[-83.098268,42.697452],[-83.097885,42.697474],[-83.097802,42.696746],[-83.097878,42.696684]],[[-83.097878,42.696687],[-83.097152,42.696742],[-83.095696,42.69685],[-83.095655,42.696812]],[[-83.095658,42.696807],[-83.094555,42.69683],[-83.094499,42.695676],[-83.094446,42.694653],[-83.094401,42.693161],[-83.094368,42.6925],[-83.09433,42.69185],[-83.094258,42.691248],[-83.094466,42.691258],[-83.094394,42.690485],[-83.094333,42.689356],[-83.094306,42.688753],[-83.09425,42.687859],[-83.094225,42.68731],[-83.0942,42.68703],[-83.094495,42.686999],[-83.094466,42.686501],[-83.094404,42.685516],[-83.094364,42.685006],[-83.094682,42.685066],[-83.095377,42.685077],[-83.09683,42.685124],[-83.097509,42.685216],[-83.098397,42.685259],[-83.099905,42.68536]],[[-83.09991,42.685361],[-83.100645,42.685406],[-83.101363,42.685416],[-83.102127,42.685406],[-83.102664,42.685389]],[[-83.118841,42.676766],[-83.118391,42.676746],[-83.118389,42.676186],[-83.117571,42.676161],[-83.117557,42.675212],[-83.117546,42.674377],[-83.115517,42.674468],[-83.115476,42.67325],[-83.115413,42.671851],[-83.115335,42.670537],[-83.115281,42.668817],[-83.115237,42.667907]],[[-83.123246,42.684153],[-83.12334,42.684206]],[[-83.123341,42.684207],[-83.123342,42.684667],[-83.123344,42.685139],[-83.123459,42.68553],[-83.123458,42.685943],[-83.123594,42.685949],[-83.124128,42.685947],[-83.124092,42.686509],[-83.124091,42.686846],[-83.124065,42.686991],[-83.1241,42.687005]],[[-83.124101,42.687008],[-83.124111,42.686876],[-83.124121,42.68637],[-83.124137,42.685944],[-83.124616,42.685936],[-83.125129,42.685931],[-83.125962,42.685939],[-83.125969,42.686088],[-83.126875,42.686103],[-83.128,42.686132]],[[-83.132093,42.687253],[-83.132085,42.686546]],[[-83.136747,42.688331],[-83.13672,42.687804],[-83.13665,42.686322]],[[-83.137428,42.683427],[-83.137223,42.683439],[-83.137197,42.683146],[-83.136991,42.682985]],[[-83.136985,42.682985],[-83.136735,42.682999],[-83.13664,42.682583],[-83.13617,42.682561]],[[-83.146341,42.679189],[-83.145655,42.679192],[-83.145657,42.679074],[-83.145659,42.677259],[-83.145681,42.675875],[-83.144262,42.675904],[-83.143115,42.675938],[-83.142664,42.675983],[-83.141789,42.676052],[-83.140377,42.676187]],[[-83.140368,42.676188],[-83.13992,42.676242],[-83.13917,42.676304],[-83.138315,42.676385],[-83.137797,42.67645],[-83.13658,42.676596],[-83.135933,42.676668],[-83.135972,42.677596],[-83.136017,42.678252],[-83.136045,42.679093],[-83.136074,42.679903],[-83.136109,42.680711]],[[-83.137392,42.680681],[-83.136112,42.680712]],[[-83.145854,42.692295],[-83.146989,42.691765],[-83.146782,42.691447],[-83.146592,42.691169],[-83.14654,42.690875]],[[-83.145852,42.69229],[-83.145195,42.691407],[-83.144737,42.69084],[-83.144157,42.690115],[-83.143726,42.689567],[-83.143722,42.689268],[-83.143646,42.688464],[-83.143572,42.687612],[-83.143538,42.687262],[-83.143487,42.686491],[-83.14343,42.685755],[-83.143374,42.684998],[-83.143282,42.683886],[-83.143268,42.683548]],[[-83.143267,42.683543],[-83.143212,42.68286],[-83.143153,42.682037],[-83.143505,42.682024],[-83.144737,42.682004],[-83.146472,42.681957],[-83.148648,42.681905],[-83.148188,42.681661],[-83.148153,42.680977],[-83.148135,42.67979],[-83.147387,42.679771],[-83.147443,42.679207],[-83.146985,42.679201],[-83.146343,42.679191]],[[-83.12485,42.504495],[-83.124856,42.504197],[-83.124837,42.503981],[-83.124807,42.503586],[-83.125181,42.50352],[-83.125171,42.503203],[-83.125128,42.502489],[-83.125088,42.501502]],[[-83.125274,42.512959],[-83.125095,42.510123],[-83.124999,42.50799],[-83.123248,42.508038],[-83.122821,42.50805],[-83.122753,42.505803],[-83.122722,42.504713],[-83.122725,42.504529],[-83.123746,42.504505],[-83.124265,42.5045],[-83.124844,42.5045]],[[-83.125352,42.515292],[-83.124329,42.515318],[-83.124341,42.515634],[-83.124145,42.515634],[-83.123612,42.515651],[-83.122776,42.516085],[-83.122738,42.515593],[-83.122641,42.515496],[-83.122504,42.515355],[-83.12271,42.515235],[-83.122675,42.51469],[-83.122644,42.513822],[-83.122617,42.513506],[-83.122479,42.513384],[-83.122515,42.513059],[-83.122537,42.512834],[-83.123619,42.512895],[-83.124086,42.512921],[-83.124361,42.512934],[-83.12527,42.512956]],[[-83.125509,42.519383],[-83.125541,42.519154],[-83.125419,42.51658],[-83.12535,42.515294]],[[-83.10765,42.522551],[-83.107641,42.522352],[-83.107578,42.520697],[-83.107192,42.520703],[-83.10718,42.520605],[-83.107128,42.520201],[-83.107022,42.519754],[-83.106938,42.518051],[-83.106926,42.517577],[-83.106869,42.516186],[-83.106825,42.515222],[-83.106771,42.513875],[-83.106724,42.512982],[-83.105923,42.513027],[-83.105835,42.510636],[-83.105793,42.509836],[-83.105718,42.508302],[-83.105661,42.506978],[-83.105648,42.506522],[-83.105649,42.506048],[-83.105642,42.505491],[-83.105612,42.505083],[-83.105578,42.504931],[-83.106602,42.504877],[-83.106585,42.50381],[-83.106592,42.503804],[-83.106831,42.503802],[-83.107327,42.503781],[-83.107773,42.503781],[-83.10763,42.503685],[-83.107598,42.502975],[-83.107566,42.502291],[-83.107547,42.50188],[-83.107486,42.501776],[-83.107498,42.501604],[-83.107472,42.501213],[-83.10747,42.500809]],[[-83.111598,42.52809],[-83.11155,42.527299],[-83.109274,42.527221],[-83.109147,42.524856],[-83.107768,42.524888],[-83.107648,42.522554]],[[-83.090841,42.511616],[-83.090822,42.51119],[-83.090773,42.510113],[-83.090749,42.509668],[-83.090891,42.509318],[-83.090851,42.508188],[-83.090805,42.506943],[-83.092536,42.506903],[-83.093107,42.506891],[-83.093296,42.506894],[-83.09327,42.506677],[-83.093248,42.506239],[-83.09322,42.505808],[-83.093185,42.505182],[-83.090743,42.505232],[-83.090634,42.504991],[-83.090567,42.504427],[-83.090585,42.50419],[-83.090591,42.503938],[-83.090571,42.503278],[-83.090569,42.502829],[-83.090577,42.502698],[-83.090543,42.502106],[-83.090529,42.501696],[-83.090517,42.501277],[-83.090494,42.500531],[-83.090473,42.500223],[-83.090461,42.499784],[-83.090427,42.499399],[-83.090399,42.49899],[-83.090336,42.498067],[-83.091564,42.498072],[-83.091737,42.498062],[-83.091703,42.497913],[-83.091664,42.49753],[-83.090965,42.497525],[-83.090972,42.497293],[-83.090961,42.496868],[-83.090907,42.495874],[-83.090899,42.495472],[-83.090861,42.494792],[-83.090821,42.493618],[-83.09078,42.492354],[-83.090732,42.491298],[-83.091275,42.491297],[-83.091254,42.490905],[-83.091237,42.490304],[-83.091393,42.490316],[-83.09193,42.490324],[-83.091912,42.489661],[-83.091875,42.488698],[-83.091877,42.488564]],[[-83.086089,42.521048],[-83.086048,42.520199],[-83.08602,42.519488],[-83.085991,42.518663],[-83.085892,42.516068],[-83.085811,42.514255],[-83.085747,42.51263],[-83.085718,42.511659],[-83.086108,42.51173],[-83.086375,42.511725],[-83.087278,42.511711],[-83.087838,42.511688],[-83.089312,42.511659],[-83.090836,42.511615]]]},"properties":{"id":"fna-member-routes-20260918-e1919929859fa95296df","sourceId":"fna-member-routes-20260918","source":"Fiber Network Alliance member fiber lines","sourceUrl":"https://www.fibernetworkalliance.com/membership-map-line/","name":"WOW-Detroit published routes","carrier":"WOW-Detroit","category":"unknown","routeStatus":"Status not established","evidence":"publisher_route","dataDate":null,"metadataModified":null,"retrievedAt":"2026-09-18T19:56:04.130240+00:00","networkType":"Published fiber route; precision and network class unverified","serviceability":"Unconfirmed","routeDiversity":"Unconfirmed","states":["MI"],"publishedLineParts":100},"bbox":[-83.210816,42.488564,-83.085718,42.708767]},{"type":"Feature","geometry":{"type":"MultiLineString","coordinates":[[[-83.146096,42.518955],[-83.145804,42.518933],[-83.145754,42.518936],[-83.145688,42.518938],[-83.145635,42.518942],[-83.145562,42.518938],[-83.145413,42.51561],[-83.145292,42.512513],[-83.145154,42.508913],[-83.145065,42.505951],[-83.145015,42.504417],[-83.143733,42.504463],[-83.142954,42.504487],[-83.143869,42.500789],[-83.144034,42.500138],[-83.144306,42.49911],[-83.144452,42.498566],[-83.144561,42.49848],[-83.14454,42.498153],[-83.144511,42.497671],[-83.144422,42.495998],[-83.144358,42.494976],[-83.144325,42.494425],[-83.144315,42.494062],[-83.14431,42.493946]],[[-83.145328,42.510871],[-83.145215,42.508395],[-83.145192,42.507533],[-83.145722,42.507401],[-83.145106,42.507398]],[[-83.149094,42.525793],[-83.148764,42.51971],[-83.146416,42.519799],[-83.146398,42.519463],[-83.146098,42.519485],[-83.146076,42.51895]],[[-83.162352,42.51886],[-83.161758,42.51888],[-83.160104,42.518954],[-83.159597,42.518977],[-83.159615,42.519326],[-83.15965,42.519748],[-83.158622,42.519787],[-83.157116,42.51984],[-83.157194,42.521444],[-83.156154,42.521494],[-83.156132,42.521116],[-83.155797,42.521125],[-83.151791,42.521244],[-83.148853,42.521338]],[[-83.152938,42.537282],[-83.152922,42.536863],[-83.152898,42.536485],[-83.152852,42.534921],[-83.152801,42.534571],[-83.152434,42.534571],[-83.149715,42.534607],[-83.149696,42.534311],[-83.149686,42.534019],[-83.149703,42.533295],[-83.149446,42.532958],[-83.149406,42.531935],[-83.149355,42.530711],[-83.149312,42.529952],[-83.149254,42.528836],[-83.149215,42.527933],[-83.149152,42.5267],[-83.149089,42.525797]],[[-83.136647,42.533538],[-83.136809,42.532759],[-83.137022,42.531976],[-83.137161,42.531343],[-83.13741,42.530412],[-83.139208,42.530335],[-83.14085,42.530284],[-83.140838,42.53009],[-83.140721,42.528696],[-83.143505,42.528623],[-83.145277,42.52856],[-83.145749,42.528558],[-83.146079,42.52856],[-83.146091,42.528756],[-83.146103,42.528902],[-83.146523,42.528893],[-83.146544,42.529245],[-83.14927,42.529163]],[[-83.159158,42.539972],[-83.158375,42.539851],[-83.158025,42.539818],[-83.157676,42.539788],[-83.15721,42.539775],[-83.156503,42.539813],[-83.156462,42.538094],[-83.156412,42.537258],[-83.156071,42.537218],[-83.155226,42.53724],[-83.152927,42.537283]],[[-83.176655,42.525174],[-83.175557,42.525203],[-83.170961,42.525338],[-83.169123,42.525388],[-83.169127,42.525554],[-83.167622,42.525592],[-83.166041,42.525606],[-83.165856,42.525656],[-83.166037,42.52548],[-83.164845,42.525518],[-83.160851,42.525692],[-83.15741,42.525834],[-83.154705,42.525958],[-83.153287,42.526033],[-83.152087,42.526062],[-83.152065,42.52568],[-83.150236,42.525753],[-83.149101,42.525797]],[[-83.165972,42.528739],[-83.166207,42.528471],[-83.165902,42.527872],[-83.16577,42.527586],[-83.165935,42.527354],[-83.165919,42.527005],[-83.165883,42.526173],[-83.165858,42.525654]],[[-83.174567,42.519487],[-83.174594,42.519938],[-83.174778,42.519939],[-83.174846,42.520768],[-83.174907,42.521773],[-83.174974,42.522972],[-83.175453,42.523541],[-83.176206,42.524444],[-83.176428,42.524748],[-83.176617,42.525057],[-83.176656,42.525171]],[[-83.168063,42.513514],[-83.167789,42.513517],[-83.167994,42.513757],[-83.17,42.516223],[-83.170577,42.516932],[-83.171459,42.518001],[-83.172046,42.518296],[-83.172081,42.518459],[-83.17252,42.518547],[-83.173152,42.518671],[-83.173733,42.518748],[-83.174536,42.518843],[-83.174569,42.519489]],[[-83.193895,42.52495],[-83.193896,42.524951],[-83.192323,42.525005],[-83.192334,42.525372],[-83.191485,42.525372],[-83.18795,42.525447],[-83.185473,42.525505],[-83.184846,42.525499],[-83.18431,42.525525],[-83.184256,42.524973],[-83.181263,42.525046],[-83.179309,42.525094],[-83.179323,42.525272],[-83.177504,42.525326],[-83.176743,42.52535],[-83.176655,42.52517]],[[-83.19366,42.52194],[-83.193302,42.521961],[-83.192955,42.522252],[-83.192545,42.522549],[-83.192293,42.522713],[-83.191987,42.522882],[-83.192399,42.523234],[-83.192829,42.52354],[-83.193045,42.523604],[-83.193186,42.523737],[-83.193412,42.523958],[-83.19351,42.52409],[-83.193573,42.524249],[-83.19358,42.524385],[-83.19349,42.524435],[-83.193901,42.524946]],[[-83.196049,42.518616],[-83.196048,42.518614],[-83.196096,42.518866],[-83.195768,42.518868],[-83.194187,42.518905],[-83.19417,42.519252],[-83.194031,42.51939],[-83.194033,42.519724],[-83.194134,42.520874],[-83.194228,42.521919],[-83.193662,42.52194]],[[-83.196271,42.512667],[-83.196358,42.515097],[-83.196408,42.517066],[-83.196413,42.51732],[-83.196425,42.517732],[-83.195894,42.517755],[-83.195888,42.517944],[-83.195954,42.518206],[-83.196045,42.518613]],[[-83.193343,42.505581],[-83.193337,42.50513],[-83.193345,42.504653],[-83.193336,42.503902],[-83.193334,42.503563],[-83.193281,42.503376],[-83.193721,42.503358],[-83.193696,42.502632],[-83.193469,42.502633],[-83.192996,42.502655],[-83.192915,42.501255],[-83.18917,42.501348],[-83.18759,42.501359]],[[-83.218447,42.531592],[-83.207584,42.531899],[-83.20518,42.531961],[-83.204429,42.531984]],[[-83.029122,42.579545],[-83.029911,42.579316],[-83.03058,42.579423],[-83.030569,42.579805],[-83.030577,42.580519],[-83.029956,42.580526],[-83.029933,42.580507]],[[-83.031849,42.610799],[-83.031789,42.610799],[-83.031792,42.610959],[-83.031771,42.611003]],[[-83.034161,42.61386],[-83.032892,42.61256],[-83.032487,42.61219],[-83.03198,42.611731],[-83.031892,42.611556],[-83.03186,42.611082],[-83.031847,42.610799]],[[-83.027616,42.629094],[-83.028581,42.62907],[-83.028925,42.629066],[-83.028849,42.627563],[-83.028791,42.626078],[-83.028718,42.625686],[-83.028691,42.625321],[-83.030243,42.625279],[-83.03073,42.625271],[-83.031341,42.62523],[-83.03135,42.625436],[-83.031622,42.625417],[-83.032151,42.625411],[-83.032606,42.625325],[-83.033342,42.625122],[-83.032989,42.62458],[-83.032577,42.624687],[-83.032284,42.624535],[-83.032265,42.624933],[-83.032235,42.624949]],[[-83.02681,42.619016],[-83.030502,42.622845],[-83.031025,42.623356],[-83.031624,42.623933],[-83.032244,42.62451],[-83.032229,42.624934],[-83.032236,42.62495]],[[-83.025538,42.617969],[-83.026806,42.619269],[-83.026946,42.619206],[-83.026814,42.619042],[-83.026812,42.619018]],[[-83.017372,42.566429],[-83.018805,42.566395],[-83.02454,42.566168],[-83.025733,42.566042],[-83.027549,42.565936],[-83.029674,42.565901]],[[-83.010002,42.566223],[-83.011501,42.566171],[-83.012257,42.566146],[-83.016171,42.566014],[-83.017342,42.565971],[-83.017375,42.566426]],[[-82.999116,42.566535],[-83.003538,42.566412],[-83.007274,42.566295],[-83.008623,42.566252],[-83.009999,42.566223]],[[-83.016295,42.595665],[-83.015772,42.595169],[-83.015334,42.594734],[-83.015003,42.594465],[-83.014167,42.593872],[-83.013578,42.593481],[-83.013164,42.593284],[-83.012512,42.592912],[-83.011266,42.592182],[-83.011231,42.591433],[-83.011144,42.589289],[-83.011172,42.588147],[-83.010785,42.588155],[-83.010721,42.585994],[-83.010709,42.585556],[-83.011097,42.585462],[-83.011056,42.584561],[-83.010982,42.584243],[-83.01093,42.583778],[-83.010897,42.582875],[-83.010889,42.582389],[-83.010897,42.581895],[-83.010894,42.581447],[-83.010869,42.581104],[-83.010923,42.580789],[-83.01088,42.579451],[-83.010775,42.578876],[-83.010732,42.578452],[-83.010504,42.578477],[-83.010502,42.578153],[-83.010491,42.577829],[-83.010443,42.577466],[-83.010404,42.576403],[-83.010389,42.575928],[-83.010393,42.574769],[-83.010381,42.574068],[-83.010406,42.573525],[-83.010693,42.573512],[-83.010667,42.572762],[-83.010609,42.572733],[-83.010591,42.572728],[-83.010573,42.572715],[-83.010564,42.572708],[-83.010453,42.570059],[-83.010382,42.569139],[-83.010465,42.568593],[-83.010453,42.568271],[-83.010416,42.567567],[-83.010407,42.567145],[-83.010062,42.566814],[-83.010028,42.566464],[-83.009997,42.56622]],[[-82.991348,42.596865],[-82.991836,42.596845],[-82.992643,42.596801],[-82.995003,42.596714],[-82.996274,42.596661],[-82.997343,42.596629],[-82.999009,42.596563],[-82.999935,42.596538],[-83.001681,42.596482],[-83.004387,42.596371],[-83.005003,42.596334],[-83.009276,42.59614],[-83.01139,42.596197],[-83.015018,42.596118],[-83.015821,42.595951],[-83.016291,42.595668]],[[-83.069758,42.565218],[-83.069753,42.565591],[-83.069617,42.56563],[-83.068815,42.565649],[-83.068688,42.565594],[-83.068662,42.565244],[-83.0657,42.565332],[-83.064998,42.565258],[-83.063825,42.565292],[-83.063806,42.565003],[-83.06388,42.564461],[-83.056256,42.564672],[-83.055602,42.564689],[-83.055568,42.564276],[-83.054445,42.564331],[-83.053972,42.56433],[-83.050401,42.564445],[-83.050345,42.563803],[-83.049467,42.563797],[-83.049652,42.566388],[-83.049698,42.56654],[-83.049859,42.566516],[-83.049865,42.566446]],[[-83.088565,42.564266],[-83.087949,42.564249],[-83.086075,42.564309],[-83.086069,42.563778],[-83.084762,42.56382],[-83.082246,42.563889],[-83.079259,42.563971],[-83.076425,42.56407],[-83.075198,42.564112],[-83.075526,42.564612],[-83.074639,42.564648],[-83.074618,42.564823],[-83.074633,42.565104],[-83.074192,42.565115],[-83.073141,42.565149],[-83.071652,42.565202],[-83.071639,42.565244],[-83.07162,42.565329],[-83.071546,42.565435],[-83.071029,42.565476],[-83.070198,42.565504],[-83.070156,42.565211],[-83.069756,42.56522]],[[-83.070574,42.579316],[-83.070111,42.579329],[-83.070102,42.579061],[-83.069977,42.572493],[-83.06991,42.571747],[-83.0699,42.571107],[-83.069869,42.569663],[-83.069825,42.568093],[-83.069782,42.566448],[-83.069777,42.566094],[-83.069772,42.565721],[-83.069775,42.565251],[-83.069761,42.56522]],[[-83.071032,42.594026],[-83.070898,42.590706],[-83.07095,42.590437],[-83.070914,42.589997],[-83.070851,42.589486],[-83.070731,42.586695],[-83.070717,42.586412],[-83.070613,42.583516],[-83.070591,42.582959],[-83.0705,42.581134],[-83.0705,42.580943],[-83.070486,42.57982],[-83.070482,42.579457],[-83.070573,42.579313]],[[-83.072899,42.608277],[-83.071474,42.608333],[-83.071371,42.605312],[-83.07127,42.601724],[-83.071119,42.596471],[-83.071025,42.594024]],[[-83.080957,42.607939],[-83.080355,42.607953],[-83.074713,42.608215],[-83.072904,42.608278]],[[-83.028516,42.545667],[-83.028559,42.546465],[-83.028578,42.546977],[-83.028589,42.547574],[-83.028507,42.547583],[-83.028525,42.548132],[-83.028553,42.548595],[-83.028566,42.549044],[-83.028582,42.549372],[-83.028607,42.549844],[-83.028622,42.550206],[-83.028635,42.550643],[-83.028613,42.551066],[-83.028579,42.551379],[-83.028248,42.551378],[-83.027699,42.551393],[-83.026487,42.551412],[-83.026179,42.55143],[-83.025979,42.551425],[-83.025977,42.551411]],[[-83.017033,42.55166],[-83.016406,42.551671],[-83.016402,42.551642],[-83.016365,42.551391],[-83.016886,42.551387],[-83.018538,42.551342],[-83.018491,42.551571],[-83.018277,42.551591]],[[-83.047866,42.549486],[-83.047925,42.549611],[-83.047973,42.55039],[-83.048075,42.550425],[-83.048284,42.550482],[-83.048384,42.550479],[-83.048686,42.550443]],[[-83.048137,42.54563],[-83.048236,42.548193],[-83.048292,42.54948],[-83.047868,42.549489]],[[-83.069202,42.551575],[-83.069229,42.551417],[-83.069197,42.550832],[-83.069187,42.550495],[-83.069094,42.550284]],[[-83.069352,42.548043],[-83.069565,42.548572],[-83.069555,42.548958],[-83.069591,42.549852],[-83.069571,42.550336],[-83.069561,42.550626],[-83.069098,42.550551],[-83.069156,42.550816],[-83.069171,42.55112],[-83.069203,42.551567]],[[-83.068681,42.542521],[-83.068728,42.543618],[-83.068822,42.545242],[-83.068892,42.546671],[-83.068981,42.548028],[-83.069351,42.548043]],[[-83.075952,42.54242],[-83.073303,42.542509],[-83.070009,42.542628],[-83.06909,42.54265],[-83.068684,42.542535]],[[-83.050933,42.594109],[-83.050864,42.592983],[-83.050762,42.590836],[-83.05063,42.588674],[-83.050524,42.586275],[-83.050462,42.584598],[-83.050393,42.582939],[-83.050316,42.579972],[-83.050144,42.576978],[-83.049944,42.572995],[-83.049772,42.56956],[-83.049748,42.569122],[-83.049667,42.567583],[-83.049625,42.567173],[-83.049678,42.566585],[-83.04994,42.566552],[-83.049957,42.566467]],[[-83.05095,42.609006],[-83.050895,42.60786],[-83.050644,42.602909],[-83.050572,42.601373],[-83.050503,42.600212],[-83.050438,42.598524],[-83.050302,42.596088],[-83.050234,42.594439],[-83.050936,42.594412],[-83.050928,42.594109]],[[-83.04869,42.550442],[-83.048676,42.550472],[-83.048862,42.553641],[-83.049236,42.559832],[-83.049376,42.562526],[-83.049423,42.563718],[-83.04963,42.566395],[-83.049695,42.566556],[-83.049882,42.566523],[-83.049896,42.566451]],[[-83.048688,42.550444],[-83.048659,42.550469],[-83.048796,42.552938],[-83.048881,42.554322],[-83.049105,42.558048],[-83.049262,42.560712],[-83.049354,42.562544],[-83.049609,42.566397],[-83.049689,42.566564],[-83.049895,42.566532]],[[-83.025977,42.551412],[-83.026353,42.551402],[-83.030689,42.551255],[-83.036138,42.551117],[-83.036514,42.551104],[-83.036827,42.550852],[-83.039535,42.550756],[-83.042345,42.550681],[-83.043755,42.550643],[-83.047537,42.550524],[-83.048383,42.550496],[-83.048687,42.550443]],[[-83.028836,42.526785],[-83.028988,42.530089],[-83.029072,42.53354],[-83.029439,42.533825],[-83.029482,42.535595],[-83.029487,42.535712],[-83.029516,42.536533],[-83.029534,42.537635],[-83.029148,42.541171],[-83.028895,42.543482],[-83.028884,42.544219],[-83.028875,42.544662],[-83.028897,42.545019],[-83.028973,42.546392],[-83.029008,42.546962],[-83.02862,42.548686],[-83.029161,42.548727],[-83.029179,42.549089],[-83.029284,42.550967],[-83.029415,42.551284],[-83.027806,42.551342],[-83.026005,42.551402],[-83.025981,42.551412]],[[-82.979165,42.552564],[-82.980315,42.55253],[-82.980636,42.552715],[-82.981083,42.552693],[-82.981209,42.552687],[-82.982919,42.552612],[-82.985284,42.552539],[-82.987856,42.552388],[-82.99157,42.552255],[-82.997983,42.552078],[-83.001663,42.551984],[-83.004848,42.551907],[-83.010551,42.551756],[-83.013507,42.551697],[-83.017204,42.551624],[-83.022896,42.551471],[-83.024464,42.551437],[-83.025241,42.551421],[-83.025984,42.551409]],[[-83.106114,42.549099],[-83.102646,42.549114],[-83.099377,42.54914],[-83.093711,42.549163],[-83.090549,42.549207],[-83.08917,42.549231],[-83.086574,42.549319],[-83.084943,42.549385],[-83.084174,42.549448],[-83.083084,42.549642],[-83.082312,42.5498],[-83.081101,42.549913],[-83.079582,42.549944],[-83.078301,42.549973],[-83.077378,42.54994],[-83.076491,42.549918],[-83.075673,42.549965],[-83.075089,42.550034],[-83.074309,42.55021],[-83.073278,42.550456],[-83.072691,42.550535],[-83.071554,42.5506],[-83.070906,42.550589],[-83.070403,42.550534],[-83.068824,42.550236],[-83.068147,42.550102],[-83.067151,42.549954],[-83.06623,42.549915],[-83.063545,42.54999],[-83.06063,42.550091],[-83.057219,42.550199],[-83.052729,42.550345],[-83.05083,42.550403],[-83.048691,42.550447]],[[-83.029668,42.565908],[-83.030023,42.565898],[-83.029983,42.565213],[-83.030534,42.565205],[-83.032065,42.565211],[-83.034027,42.56523],[-83.036248,42.565203],[-83.03809,42.565138],[-83.040546,42.565054],[-83.042085,42.564992],[-83.043537,42.564907],[-83.045547,42.564852],[-83.047081,42.564885],[-83.048488,42.564894],[-83.049491,42.564842],[-83.049582,42.566399],[-83.049685,42.566573],[-83.049924,42.566542],[-83.049941,42.566462]],[[-83.031772,42.611006],[-83.031696,42.609604],[-83.03156,42.606788],[-83.031409,42.603637],[-83.031383,42.603013],[-83.031349,42.602154],[-83.031339,42.601966],[-83.031458,42.601753],[-83.031595,42.601676],[-83.031648,42.601485],[-83.031627,42.601334],[-83.031522,42.601246],[-83.031403,42.601044],[-83.031247,42.600321],[-83.031165,42.599864],[-83.031015,42.599555],[-83.030758,42.599176],[-83.030648,42.598649],[-83.030589,42.598371],[-83.030603,42.598073],[-83.030709,42.597604],[-83.030833,42.597049],[-83.03095,42.596586],[-83.03101,42.5963],[-83.031027,42.595841],[-83.030948,42.594834],[-83.030909,42.593627],[-83.030986,42.592327],[-83.030995,42.591533],[-83.030955,42.590591],[-83.030857,42.588238],[-83.030829,42.587563],[-83.030801,42.586876],[-83.030758,42.585996],[-83.030729,42.585363],[-83.030702,42.584786],[-83.03009,42.584742],[-83.030697,42.584587],[-83.030683,42.583708],[-83.030591,42.581915],[-83.030577,42.581224],[-83.0306,42.58048],[-83.029931,42.580516],[-83.030173,42.579396],[-83.030427,42.577727],[-83.03042,42.575724],[-83.030122,42.574964],[-83.030128,42.573845],[-83.030007,42.572022],[-83.029903,42.569152],[-83.029818,42.567082],[-83.029772,42.566056],[-83.02967,42.565906]],[[-83.032236,42.624955],[-83.032252,42.624734],[-83.032366,42.62261],[-83.032291,42.621307],[-83.032265,42.620601],[-83.032235,42.620254],[-83.032208,42.619513],[-83.031944,42.619464],[-83.031928,42.619317],[-83.031869,42.617575],[-83.031736,42.615834],[-83.031677,42.613972],[-83.031594,42.613],[-83.031582,42.611932],[-83.031547,42.611221],[-83.031771,42.610999]],[[-83.035311,42.628424],[-83.035107,42.627893],[-83.034763,42.627002],[-83.034497,42.62705],[-83.034045,42.627143],[-83.032588,42.627451],[-83.032198,42.627504],[-83.031735,42.627522],[-83.03177,42.628999],[-83.030312,42.629041],[-83.028941,42.629066],[-83.028866,42.62762],[-83.028836,42.626828],[-83.028804,42.626077],[-83.028735,42.625682],[-83.02871,42.625331],[-83.03073,42.625283],[-83.031325,42.625246],[-83.031326,42.625331],[-83.031333,42.625454],[-83.031619,42.625437],[-83.032159,42.625431],[-83.032611,42.625344],[-83.033373,42.625136],[-83.032995,42.624566],[-83.032584,42.624672],[-83.032274,42.624515],[-83.032252,42.624931],[-83.032238,42.624953]],[[-83.02309,42.507593],[-83.023096,42.507465],[-83.023079,42.507017],[-83.023068,42.50684],[-83.023121,42.506543],[-83.023096,42.506198],[-83.023073,42.505874],[-83.022992,42.504587],[-83.022912,42.503451],[-83.022885,42.503001],[-83.020637,42.503066],[-83.019052,42.50312],[-83.019018,42.502494],[-83.01899,42.501377],[-83.018944,42.500915],[-83.018911,42.50008],[-83.018827,42.499958],[-83.018823,42.499532]],[[-82.991643,42.507668],[-82.992777,42.507635],[-83.003619,42.507323],[-83.004014,42.507323],[-83.004422,42.507251],[-83.004967,42.507252],[-83.006088,42.507217],[-83.006715,42.507239],[-83.007052,42.507274],[-83.007287,42.50723],[-83.009623,42.50717],[-83.010841,42.507149],[-83.011027,42.506852],[-83.011006,42.506283],[-83.010902,42.504617],[-83.010877,42.50423],[-83.011378,42.504208],[-83.012065,42.50418],[-83.01204,42.503975],[-83.012004,42.503867],[-83.01183,42.503449],[-83.011665,42.502977],[-83.011646,42.502655],[-83.011555,42.500995],[-83.011535,42.500649],[-83.011442,42.500528]],[[-83.028805,42.502859],[-83.029246,42.502851],[-83.032686,42.502769],[-83.032691,42.504197],[-83.032696,42.504897],[-83.032707,42.506011],[-83.032674,42.506334],[-83.031777,42.506356],[-83.030818,42.506382],[-83.029933,42.506377],[-83.028581,42.506405],[-83.027917,42.506417],[-83.027622,42.506424]],[[-83.029862,42.50205],[-83.029466,42.502076],[-83.029118,42.502171],[-83.028791,42.502355],[-83.028555,42.502628],[-83.028805,42.502856]],[[-83.051746,42.505532],[-83.052152,42.505519],[-83.052169,42.505933],[-83.05167,42.50595],[-83.050446,42.505956],[-83.048227,42.505993],[-83.047006,42.506001],[-83.044955,42.506038],[-83.042718,42.50602],[-83.041288,42.50595],[-83.040072,42.505934],[-83.037706,42.506032],[-83.03633,42.506167],[-83.034764,42.506294],[-83.034257,42.506325],[-83.033188,42.506365],[-83.031446,42.506404],[-83.030852,42.506413],[-83.029052,42.506409],[-83.028149,42.506426],[-83.028158,42.506745],[-83.028135,42.506755]],[[-83.064936,42.505919],[-83.063731,42.505941],[-83.06305,42.505954],[-83.059052,42.506052],[-83.057006,42.506107],[-83.057132,42.505815],[-83.056743,42.505827],[-83.056676,42.504423],[-83.05653,42.502302],[-83.054815,42.50235],[-83.05357,42.502377],[-83.052871,42.502399],[-83.051649,42.502427],[-83.051604,42.502628],[-83.051608,42.503387],[-83.051698,42.504732],[-83.051736,42.505146],[-83.051737,42.505376],[-83.051751,42.505533]],[[-83.064625,42.520609],[-83.067147,42.52058],[-83.068083,42.520568],[-83.068054,42.520249],[-83.067955,42.518401],[-83.067786,42.513953],[-83.067704,42.51038],[-83.067722,42.50825],[-83.067689,42.50644],[-83.067693,42.505849],[-83.067289,42.505858],[-83.064924,42.505917]],[[-83.047601,42.526736],[-83.047563,42.526169],[-83.047413,42.523133],[-83.047344,42.521805],[-83.047303,42.52096],[-83.047843,42.520893],[-83.048084,42.520895],[-83.048696,42.520887],[-83.049332,42.520879],[-83.05081,42.520854],[-83.053846,42.520788],[-83.054978,42.52077],[-83.056774,42.520739],[-83.058274,42.520718],[-83.058934,42.520699],[-83.06019,42.520675],[-83.060836,42.520667],[-83.061536,42.520656],[-83.062182,42.520644],[-83.064621,42.520604]],[[-83.068495,42.531323],[-83.068438,42.52973],[-83.068455,42.529079],[-83.068339,42.527617],[-83.068227,42.52465],[-83.068111,42.522347],[-83.068081,42.520565]],[[-83.081809,42.512768],[-83.080254,42.512776],[-83.079614,42.512785],[-83.079148,42.512796],[-83.077504,42.512807],[-83.075094,42.512843],[-83.072296,42.512876],[-83.071682,42.512866],[-83.071271,42.512776],[-83.071199,42.513078],[-83.070077,42.512816],[-83.069471,42.512825],[-83.068546,42.512836],[-83.067763,42.512841]],[[-83.060926,42.498435],[-83.060585,42.498639],[-83.059368,42.498663],[-83.058162,42.498687],[-83.056981,42.498726],[-83.056309,42.498738],[-83.054298,42.498773],[-83.052497,42.498788],[-83.052552,42.499374],[-83.05266,42.500679],[-83.05119,42.500701],[-83.051223,42.501739],[-83.051256,42.502414],[-83.051648,42.502426]],[[-83.007766,42.521298],[-83.010423,42.521275],[-83.014415,42.521217],[-83.017557,42.521181],[-83.019197,42.521157],[-83.019919,42.521147],[-83.020821,42.522094],[-83.021712,42.522838],[-83.022424,42.523433],[-83.022632,42.523351],[-83.023366,42.523421],[-83.023413,42.523199],[-83.024232,42.523271],[-83.024622,42.523298],[-83.026444,42.523444],[-83.027042,42.523488],[-83.028764,42.523644],[-83.028774,42.525379],[-83.028813,42.526048],[-83.028843,42.526817],[-83.028861,42.526883]],[[-83.00805,42.528761],[-83.007996,42.52735],[-83.007896,42.524942],[-83.007785,42.521556],[-83.007768,42.521298]],[[-83.028136,42.506755],[-83.028147,42.506745],[-83.028042,42.503699],[-83.027921,42.500507],[-83.027873,42.499293],[-83.027826,42.499246]],[[-83.027622,42.506426],[-83.027066,42.506437],[-83.026519,42.506466],[-83.025383,42.50649],[-83.024862,42.506506],[-83.023512,42.50653],[-83.023125,42.506539]],[[-83.028862,42.526883],[-83.028779,42.52347],[-83.028567,42.517068],[-83.02842,42.512739],[-83.028159,42.508195],[-83.028125,42.507474],[-83.028153,42.507077],[-83.028153,42.506793],[-83.028137,42.506753]]]},"properties":{"id":"fna-member-routes-20260918-371ba9bb305daa5b1003","sourceId":"fna-member-routes-20260918","source":"Fiber Network Alliance member fiber lines","sourceUrl":"https://www.fibernetworkalliance.com/membership-map-line/","name":"WOW-Detroit published routes","carrier":"WOW-Detroit","category":"unknown","routeStatus":"Status not established","evidence":"publisher_route","dataDate":null,"metadataModified":null,"retrievedAt":"2026-09-18T19:56:04.130240+00:00","networkType":"Published fiber route; precision and network class unverified","serviceability":"Unconfirmed","routeDiversity":"Unconfirmed","states":["MI"],"publishedLineParts":70},"bbox":[-83.218447,42.493946,-82.979165,42.629094]},{"type":"Feature","geometry":{"type":"MultiLineString","coordinates":[[[-82.913174,42.493426],[-82.912859,42.493433],[-82.912532,42.493446],[-82.912683,42.495446],[-82.912861,42.500342],[-82.912885,42.500466],[-82.912944,42.502309],[-82.913476,42.502297],[-82.913483,42.502615],[-82.913585,42.502834],[-82.914963,42.502802],[-82.915073,42.505019],[-82.91515,42.506354],[-82.91528,42.506449]],[[-82.894928,42.473107],[-82.894532,42.474086],[-82.894519,42.474927],[-82.89453,42.475253],[-82.894501,42.475535],[-82.894437,42.475919],[-82.894099,42.476755],[-82.893745,42.477607],[-82.893452,42.477546],[-82.891102,42.476998],[-82.890732,42.476903],[-82.890333,42.47768],[-82.88998,42.477805],[-82.890007,42.478448],[-82.889404,42.478267],[-82.889357,42.482358],[-82.889304,42.486146],[-82.889397,42.489873],[-82.889426,42.491017],[-82.889444,42.49224],[-82.889992,42.49219],[-82.889974,42.492693],[-82.889858,42.493504],[-82.889614,42.495026],[-82.889537,42.49547],[-82.889451,42.495895],[-82.892634,42.495677]],[[-82.885889,42.465519],[-82.886904,42.467309],[-82.887793,42.467515],[-82.891844,42.468433],[-82.894303,42.468994],[-82.896443,42.469489],[-82.895455,42.47183],[-82.894924,42.473103]],[[-82.882952,42.461475],[-82.884277,42.463132],[-82.884953,42.463952],[-82.885193,42.464327],[-82.885516,42.464841],[-82.885888,42.465519]],[[-82.881958,42.458251],[-82.881371,42.458341],[-82.881391,42.45849],[-82.8815,42.458846],[-82.881598,42.459211],[-82.881655,42.459487],[-82.881948,42.460153],[-82.88221,42.460577],[-82.882948,42.461473]],[[-82.90399,42.49623],[-82.904688,42.49617],[-82.906188,42.49603],[-82.906546,42.495999],[-82.906733,42.495984],[-82.90671,42.49558],[-82.906932,42.495578],[-82.906914,42.495026],[-82.906895,42.494525],[-82.906955,42.49409],[-82.906954,42.494075],[-82.906946,42.493589],[-82.906927,42.493164],[-82.90145,42.493448],[-82.898105,42.493626],[-82.898072,42.493209]],[[-82.909567,42.480702],[-82.909268,42.48071],[-82.90736,42.48075],[-82.906631,42.480765],[-82.906563,42.48044],[-82.90655,42.480177],[-82.906199,42.4802],[-82.905109,42.480224],[-82.904069,42.480255],[-82.903498,42.48028],[-82.903463,42.480591],[-82.903423,42.480821],[-82.902818,42.480792],[-82.902455,42.480744],[-82.90212,42.480672]],[[-82.915729,42.464324],[-82.915246,42.465412],[-82.915035,42.465944],[-82.914891,42.466271],[-82.915344,42.466249],[-82.915092,42.46679],[-82.914599,42.467879],[-82.914149,42.468969],[-82.913802,42.46971],[-82.913648,42.470055],[-82.913591,42.470239],[-82.913081,42.470121],[-82.912814,42.470083],[-82.912864,42.470743],[-82.912932,42.471589],[-82.913007,42.472557],[-82.91273,42.47256],[-82.911049,42.472587],[-82.908217,42.472633],[-82.908215,42.472331],[-82.908165,42.472135],[-82.90732,42.472149],[-82.907007,42.472178],[-82.906994,42.471797],[-82.90697,42.471317],[-82.906957,42.47085],[-82.906538,42.470798],[-82.905966,42.470647],[-82.905408,42.471913],[-82.904414,42.47423],[-82.904002,42.475168]],[[-82.917098,42.461184],[-82.916163,42.46338],[-82.915729,42.464322],[-82.912638,42.463578],[-82.912144,42.46346],[-82.911663,42.464549],[-82.91163,42.464618]],[[-82.908474,42.463967],[-82.908856,42.464046],[-82.909903,42.464286],[-82.91015,42.464206],[-82.910984,42.4644],[-82.911449,42.464507],[-82.911627,42.464618]],[[-82.903671,42.463249],[-82.907028,42.464046],[-82.907888,42.464254],[-82.908045,42.463858],[-82.908476,42.463967]],[[-82.897703,42.456916],[-82.897576,42.457214],[-82.897104,42.458272],[-82.896813,42.459013],[-82.896706,42.459312],[-82.896474,42.459727],[-82.899018,42.46036],[-82.898922,42.460495],[-82.898833,42.460789],[-82.899422,42.460929],[-82.899907,42.461051],[-82.900394,42.46112],[-82.900899,42.461245],[-82.900749,42.461565],[-82.90046,42.462192],[-82.900336,42.462481],[-82.901191,42.462673],[-82.903672,42.463249]],[[-82.913668,42.453255],[-82.91416,42.453373],[-82.913994,42.453715],[-82.915455,42.45405],[-82.916383,42.454263],[-82.917618,42.45458],[-82.918542,42.454803],[-82.918249,42.455542],[-82.917989,42.456217],[-82.917907,42.456414],[-82.918012,42.456547],[-82.918106,42.456633],[-82.918311,42.456692],[-82.918996,42.456873],[-82.91855,42.4579],[-82.917675,42.459903],[-82.917101,42.461184]],[[-82.943641,42.487071],[-82.942775,42.487141],[-82.942698,42.487392],[-82.942115,42.488288],[-82.938791,42.493357],[-82.936793,42.496411],[-82.935785,42.497941],[-82.934407,42.500026],[-82.933646,42.501248],[-82.932904,42.502388]],[[-82.950034,42.490733],[-82.94933,42.490732],[-82.947618,42.490768],[-82.947545,42.488855],[-82.947205,42.488894],[-82.946811,42.488914],[-82.945696,42.48895],[-82.945671,42.487619],[-82.945177,42.487642],[-82.945152,42.487063],[-82.944167,42.487088],[-82.943647,42.487094],[-82.943633,42.487071]],[[-82.947234,42.484825],[-82.947245,42.484972],[-82.947918,42.48496],[-82.947993,42.486477],[-82.947497,42.486494],[-82.947274,42.486621],[-82.946088,42.486651],[-82.945141,42.486685],[-82.944435,42.486685],[-82.944169,42.487073],[-82.94367,42.487083],[-82.943636,42.48707]],[[-82.964277,42.483269],[-82.961484,42.483299],[-82.956267,42.483388],[-82.956292,42.483732],[-82.955728,42.483742],[-82.951371,42.483752],[-82.950429,42.483768],[-82.949811,42.483745],[-82.949766,42.483417],[-82.947352,42.483466],[-82.947211,42.483727],[-82.947218,42.484187],[-82.947233,42.484825]],[[-82.932016,42.490527],[-82.932939,42.490499],[-82.93374,42.490484],[-82.935587,42.490448],[-82.936156,42.490433],[-82.936069,42.487805],[-82.936054,42.487526],[-82.936044,42.487359],[-82.936383,42.487344],[-82.940548,42.487229],[-82.940874,42.487184],[-82.941871,42.487165],[-82.942675,42.487169],[-82.943613,42.48711],[-82.943626,42.487072]],[[-82.927016,42.484019],[-82.929187,42.48396],[-82.930154,42.483932],[-82.930238,42.485685],[-82.930287,42.486603],[-82.930318,42.48731],[-82.930531,42.487521],[-82.930435,42.487691],[-82.930472,42.487989],[-82.933939,42.487864],[-82.935099,42.48784],[-82.93508,42.487385],[-82.935504,42.487366],[-82.936044,42.48736]],[[-82.992117,42.499769],[-82.992799,42.499735],[-82.99384,42.499726],[-82.994539,42.499712],[-82.994533,42.500032],[-82.995746,42.500016],[-82.998625,42.499941],[-83.000522,42.499891],[-83.001716,42.499853],[-83.001694,42.496716],[-83.001682,42.496389],[-83.001694,42.496172],[-83.004519,42.496122],[-83.006397,42.49608],[-83.006671,42.496165],[-83.006899,42.496167],[-83.007217,42.496152]],[[-82.986284,42.463361],[-82.986297,42.4637],[-82.986382,42.466317],[-82.986471,42.468467],[-82.986478,42.469487],[-82.986138,42.469545],[-82.986249,42.469608],[-82.986276,42.470054],[-82.986296,42.470672],[-82.986053,42.470973],[-82.98631,42.47128],[-82.986323,42.471503],[-82.986346,42.472145],[-82.986406,42.473454],[-82.986446,42.474734],[-82.98651,42.476195],[-82.986533,42.478415]],[[-82.989012,42.453699],[-82.989035,42.454416],[-82.989089,42.456102],[-82.989249,42.456489],[-82.989462,42.456647],[-82.989494,42.45754],[-82.989542,42.458798],[-82.986679,42.458846],[-82.986682,42.45924],[-82.986759,42.461731],[-82.986809,42.463344],[-82.986284,42.463359]],[[-82.980471,42.45923],[-82.980505,42.45978],[-82.97928,42.459826],[-82.979262,42.460045],[-82.979341,42.462304],[-82.979373,42.463521],[-82.981155,42.463477],[-82.983735,42.46339],[-82.984791,42.463361],[-82.984816,42.46374],[-82.985413,42.463729],[-82.985948,42.463713],[-82.986276,42.463712],[-82.986259,42.463375],[-82.986283,42.463357]],[[-82.97495,42.471603],[-82.975943,42.47155],[-82.982645,42.471167],[-82.983418,42.47113],[-82.984964,42.47103],[-82.985567,42.470997],[-82.986055,42.470973]],[[-82.962544,42.466315],[-82.962557,42.466593],[-82.962559,42.466968],[-82.962588,42.467572],[-82.963944,42.467831],[-82.963596,42.468704],[-82.963289,42.469575],[-82.963134,42.469961],[-82.963147,42.470144],[-82.961596,42.470162],[-82.961609,42.470531],[-82.96161,42.471763],[-82.961632,42.472105],[-82.961741,42.472214],[-82.961911,42.472378],[-82.961948,42.472617]],[[-82.934808,42.477419],[-82.9354,42.477408],[-82.940058,42.477331],[-82.942066,42.477272],[-82.941961,42.475019],[-82.941933,42.474168],[-82.941951,42.473616],[-82.941908,42.472816],[-82.941344,42.472849],[-82.941323,42.472016],[-82.941895,42.47201],[-82.941855,42.471024],[-82.941794,42.468857],[-82.941736,42.467493]],[[-82.937384,42.46766],[-82.938453,42.467608],[-82.940276,42.467559],[-82.941669,42.467508],[-82.941731,42.467492]],[[-82.929604,42.467873],[-82.931339,42.467818],[-82.931348,42.468567],[-82.931417,42.47033],[-82.933831,42.470245],[-82.936179,42.470198],[-82.936144,42.469186],[-82.936099,42.467686],[-82.937374,42.467655]],[[-82.977066,42.486314],[-82.977836,42.486255],[-82.979192,42.486155],[-82.982586,42.485905],[-82.984985,42.485745],[-82.985965,42.485663],[-82.986706,42.485623],[-82.98677,42.485431],[-82.986768,42.484676],[-82.986699,42.482404],[-82.986659,42.481068],[-82.986622,42.479777],[-82.986538,42.478416]],[[-82.969607,42.483238],[-82.971007,42.483202],[-82.971092,42.485676],[-82.971123,42.486391],[-82.971125,42.486681],[-82.972768,42.486572],[-82.97447,42.486493],[-82.977063,42.486312]],[[-82.983555,42.478619],[-82.986535,42.478413]],[[-82.98155,42.478529],[-82.981558,42.478504],[-82.980803,42.478569],[-82.980812,42.47862],[-82.983689,42.478418],[-82.983559,42.478613]],[[-82.95207,42.472141],[-82.952519,42.472122],[-82.95399,42.472081],[-82.953679,42.472566],[-82.954364,42.472544],[-82.956031,42.47257],[-82.956914,42.472551],[-82.957063,42.472656],[-82.958145,42.472638],[-82.960563,42.47262],[-82.962481,42.472619],[-82.963178,42.472605],[-82.965527,42.472591],[-82.96677,42.472586],[-82.966962,42.472634],[-82.967635,42.472578],[-82.96767,42.47295],[-82.967715,42.473945],[-82.967843,42.473932],[-82.9679,42.474871],[-82.967556,42.474899],[-82.967577,42.475337],[-82.967599,42.476034],[-82.967611,42.476607],[-82.967606,42.476908],[-82.967621,42.477229],[-82.967653,42.477581],[-82.967735,42.477671],[-82.967761,42.478095],[-82.967779,42.478508],[-82.970569,42.478342],[-82.97299,42.478205],[-82.974441,42.478113],[-82.974453,42.478424],[-82.974452,42.47899],[-82.974469,42.479213],[-82.975046,42.479175],[-82.975988,42.479123],[-82.978757,42.478929],[-82.979728,42.478859],[-82.980151,42.47891],[-82.980686,42.478828],[-82.981251,42.478781],[-82.981213,42.478553],[-82.981549,42.478525]],[[-82.941738,42.467496],[-82.942476,42.467474],[-82.947756,42.467335],[-82.950109,42.467265],[-82.951599,42.467234],[-82.95188,42.467167],[-82.951886,42.467584],[-82.952067,42.472138]],[[-82.935164,42.463183],[-82.935247,42.464725],[-82.935381,42.464772],[-82.936383,42.464743],[-82.936454,42.46509],[-82.93671,42.465089],[-82.93674,42.46526],[-82.936717,42.465492],[-82.936689,42.465851],[-82.937306,42.465831],[-82.937314,42.466232],[-82.937385,42.46762],[-82.938446,42.46759],[-82.940618,42.46752],[-82.941733,42.467492]],[[-82.929148,42.4534],[-82.9298,42.453674],[-82.931761,42.454502],[-82.931306,42.455107],[-82.929985,42.456847],[-82.929369,42.457614],[-82.929041,42.458037],[-82.928799,42.45829],[-82.928238,42.458911],[-82.928075,42.459081],[-82.927117,42.460078],[-82.92978,42.461151],[-82.92868,42.462309],[-82.928011,42.463032],[-82.9284,42.4632],[-82.928789,42.462912],[-82.929528,42.462889],[-82.930058,42.462871],[-82.929607,42.463346],[-82.930096,42.463333],[-82.932481,42.463254],[-82.93294,42.46323],[-82.935161,42.463181]],[[-82.933453,42.440981],[-82.935086,42.438777],[-82.934803,42.438653],[-82.933053,42.437944],[-82.92928,42.436411],[-82.92628,42.43519],[-82.92503,42.434675],[-82.924391,42.434431],[-82.924603,42.43433],[-82.9255,42.433135],[-82.925841,42.432675],[-82.926436,42.431886]],[[-82.924731,42.431181],[-82.924836,42.431228],[-82.924881,42.43125],[-82.924911,42.431259],[-82.924934,42.431269],[-82.925321,42.431444],[-82.926439,42.431889]],[[-82.923028,42.430778],[-82.92344,42.430957],[-82.923653,42.431018],[-82.924736,42.431181]],[[-82.920111,42.430595],[-82.921318,42.431073],[-82.922489,42.431554],[-82.922781,42.431144],[-82.923032,42.430778]],[[-82.921993,42.426958],[-82.921733,42.427296],[-82.920496,42.428908],[-82.919998,42.429572],[-82.921926,42.430328],[-82.923038,42.430782]],[[-82.916631,42.43842],[-82.917339,42.436805],[-82.917556,42.436343],[-82.917744,42.436078],[-82.918225,42.435445],[-82.920243,42.436249],[-82.920443,42.435803],[-82.920694,42.435235],[-82.918367,42.434283],[-82.917642,42.433965],[-82.918623,42.43263],[-82.919303,42.431685],[-82.920116,42.430595]],[[-82.916402,42.445187],[-82.915965,42.445091],[-82.913981,42.44461],[-82.914078,42.444374],[-82.914661,42.442956],[-82.915592,42.440791],[-82.916327,42.439133],[-82.916623,42.438419]],[[-82.935599,42.432559],[-82.935192,42.432381],[-82.930279,42.430381],[-82.928211,42.429533],[-82.927997,42.429816],[-82.926448,42.431875]],[[-82.939396,42.434096],[-82.941701,42.435046],[-82.939105,42.433977],[-82.938994,42.434119],[-82.938884,42.43426],[-82.93846,42.43409],[-82.937857,42.433839],[-82.938074,42.433558],[-82.937898,42.433488],[-82.935943,42.432688],[-82.935601,42.432559]],[[-82.947398,42.440461],[-82.947069,42.440893],[-82.946462,42.44169],[-82.946668,42.441767],[-82.946446,42.442071],[-82.945412,42.44351],[-82.944891,42.443301],[-82.944607,42.443705],[-82.945125,42.443913],[-82.945007,42.44407],[-82.944707,42.444405],[-82.944386,42.444827],[-82.942589,42.444063],[-82.939331,42.442763],[-82.935968,42.441438],[-82.934239,42.440715],[-82.933806,42.44054],[-82.933504,42.440946],[-82.933452,42.440977]],[[-82.927692,42.44046],[-82.927967,42.440053],[-82.927961,42.439905],[-82.928271,42.439496],[-82.928681,42.439664],[-82.929867,42.44014],[-82.93219,42.441096],[-82.933113,42.441464],[-82.933458,42.440979]],[[-82.925567,42.445291],[-82.925662,42.445067],[-82.925836,42.444685],[-82.925994,42.444314],[-82.927294,42.44133],[-82.927518,42.440831],[-82.92769,42.440461]],[[-82.924392,42.448014],[-82.92474,42.447219],[-82.925256,42.446012],[-82.925567,42.445292]],[[-82.904004,42.475165],[-82.903862,42.47551],[-82.903702,42.475851],[-82.902478,42.478665],[-82.901882,42.480041],[-82.901644,42.480577],[-82.90212,42.480673],[-82.901784,42.48143],[-82.901791,42.481561],[-82.902659,42.481732],[-82.90236,42.482619],[-82.901211,42.482672],[-82.900533,42.484304],[-82.900094,42.485273],[-82.899735,42.486159],[-82.898959,42.487888],[-82.898773,42.488317],[-82.89862,42.488664],[-82.898357,42.489177],[-82.898122,42.489713],[-82.897951,42.490125],[-82.8979,42.490493],[-82.898011,42.492482],[-82.898072,42.493213],[-82.897648,42.49323],[-82.896775,42.493285],[-82.896824,42.493678],[-82.896897,42.495423],[-82.893991,42.495589],[-82.892637,42.495678],[-82.892613,42.495697],[-82.890349,42.495845],[-82.889433,42.495913],[-82.889608,42.495035],[-82.889715,42.494304],[-82.8899,42.493123],[-82.889949,42.492586],[-82.889972,42.492207],[-82.889435,42.49225],[-82.889421,42.49164],[-82.889416,42.49102],[-82.889399,42.490632],[-82.889361,42.489164],[-82.889292,42.486542],[-82.889309,42.484285],[-82.88933,42.482365],[-82.889364,42.480192],[-82.889367,42.479969],[-82.889367,42.479246],[-82.889377,42.479083],[-82.889375,42.478243],[-82.889984,42.47842],[-82.889958,42.477792],[-82.890316,42.47766],[-82.890721,42.47688],[-82.892229,42.477251],[-82.89373,42.477591],[-82.894081,42.476765],[-82.894186,42.476491],[-82.894288,42.476246],[-82.894411,42.475914],[-82.894488,42.475557],[-82.89451,42.475262],[-82.894508,42.474386],[-82.894511,42.474071],[-82.894912,42.473079],[-82.895916,42.470689],[-82.896415,42.469503],[-82.895901,42.469377],[-82.894256,42.469],[-82.890703,42.468189],[-82.888661,42.467731],[-82.88711,42.467387],[-82.886875,42.467321],[-82.886574,42.466779],[-82.885415,42.464709],[-82.885163,42.464334],[-82.884952,42.463969],[-82.884406,42.463325],[-82.883403,42.462067],[-82.882798,42.461324],[-82.883033,42.461223],[-82.885021,42.461696],[-82.886335,42.462009],[-82.886901,42.46214],[-82.888312,42.462485],[-82.889096,42.462676],[-82.891337,42.463201],[-82.892204,42.463419],[-82.893803,42.463809],[-82.895231,42.464162],[-82.895563,42.4634],[-82.896016,42.462423],[-82.896461,42.46143],[-82.897161,42.461587],[-82.898359,42.461879],[-82.898621,42.461236],[-82.899024,42.460354],[-82.896469,42.459732],[-82.896554,42.45951],[-82.896676,42.459295],[-82.896765,42.459023],[-82.897108,42.458281],[-82.897402,42.457618],[-82.897569,42.457208],[-82.897698,42.456922],[-82.898028,42.456185],[-82.897701,42.456113],[-82.893535,42.455094],[-82.893885,42.454357],[-82.894268,42.453517],[-82.895884,42.453903],[-82.897725,42.454341],[-82.898739,42.454596],[-82.89917,42.453619],[-82.899281,42.453355],[-82.899377,42.452938],[-82.899335,42.452927],[-82.897925,42.45257],[-82.896614,42.452264],[-82.895447,42.451977],[-82.894896,42.451885],[-82.894595,42.451861],[-82.894034,42.451888],[-82.893411,42.452052],[-82.893116,42.45204],[-82.892502,42.451979],[-82.892127,42.451917],[-82.891489,42.451778],[-82.891674,42.451414],[-82.892478,42.449894],[-82.892845,42.449258],[-82.892473,42.449173],[-82.892459,42.449164]],[[-82.909175,42.448497],[-82.909172,42.448498],[-82.908599,42.449807],[-82.907098,42.449434],[-82.906135,42.449203],[-82.906034,42.449554],[-82.905716,42.449474],[-82.904762,42.449253],[-82.904788,42.448895],[-82.901078,42.44801],[-82.900738,42.448815],[-82.897391,42.448001],[-82.897299,42.448219],[-82.897074,42.44875],[-82.893618,42.447927],[-82.893238,42.448584],[-82.893116,42.448798],[-82.892853,42.449249],[-82.892458,42.449163]],[[-82.884847,42.447311],[-82.885424,42.447459],[-82.886542,42.447727],[-82.888584,42.448216],[-82.890068,42.448584],[-82.890926,42.448796],[-82.892455,42.449161]],[[-82.886341,42.445325],[-82.885846,42.446489],[-82.885586,42.447071],[-82.885431,42.447439],[-82.884868,42.447301],[-82.884849,42.447308]],[[-82.890777,42.43223],[-82.890667,42.432493],[-82.890559,42.432714],[-82.889601,42.434938],[-82.889481,42.435212],[-82.889278,42.435667],[-82.889186,42.435873],[-82.889652,42.43598],[-82.892065,42.436563],[-82.892966,42.436808],[-82.892391,42.438087],[-82.892006,42.43895],[-82.890411,42.43856],[-82.890662,42.438008],[-82.88949,42.437751],[-82.889231,42.43837],[-82.888916,42.439091],[-82.888942,42.439342],[-82.888429,42.440633],[-82.888197,42.441114],[-82.887689,42.442249],[-82.886677,42.44456],[-82.886342,42.445323]],[[-82.895079,42.433811],[-82.894867,42.433758],[-82.893156,42.433335],[-82.891361,42.432916],[-82.890582,42.432718],[-82.890787,42.432247],[-82.89078,42.432232]],[[-82.902403,42.43111],[-82.903506,42.431557],[-82.903327,42.431864],[-82.903109,42.432318],[-82.903032,42.432493],[-82.902559,42.433574],[-82.90199,42.434889],[-82.901785,42.43541],[-82.901049,42.435238],[-82.89964,42.434879],[-82.898098,42.434517],[-82.895075,42.433809]],[[-82.90451,42.426108],[-82.904119,42.425956],[-82.903891,42.425858],[-82.903369,42.425644],[-82.902727,42.427014],[-82.902351,42.427726],[-82.902198,42.428093],[-82.902024,42.428326],[-82.901885,42.428672],[-82.901803,42.428909],[-82.90156,42.429376],[-82.901498,42.42948],[-82.9014,42.429656],[-82.901445,42.429901],[-82.901297,42.430106],[-82.901003,42.430562],[-82.902401,42.431109]],[[-82.891066,42.422048],[-82.890935,42.422249],[-82.890574,42.422783],[-82.890327,42.423097],[-82.890145,42.423514],[-82.890299,42.423764],[-82.890217,42.424304],[-82.890141,42.424988],[-82.889996,42.426182],[-82.889955,42.42663],[-82.889826,42.427106],[-82.889662,42.427484],[-82.889332,42.428242],[-82.889145,42.428654],[-82.892034,42.429341],[-82.891965,42.42949],[-82.890962,42.431815],[-82.890779,42.432232]],[[-82.910442,42.445604],[-82.910423,42.445612],[-82.909166,42.448446],[-82.909165,42.448476]],[[-82.910441,42.445606],[-82.910281,42.445969],[-82.909786,42.447113],[-82.909167,42.44848]],[[-82.901086,42.447986],[-82.904816,42.448878],[-82.904802,42.449235],[-82.90601,42.449522],[-82.906112,42.449177],[-82.908589,42.449789],[-82.909149,42.448509],[-82.909166,42.448491]],[[-82.908858,42.437361],[-82.908798,42.437603],[-82.908772,42.437862],[-82.908752,42.438137],[-82.90874,42.438364],[-82.90864,42.439125],[-82.908525,42.43978],[-82.908082,42.44192],[-82.908012,42.442175],[-82.907918,42.442556],[-82.907803,42.442976],[-82.90778,42.443132],[-82.908821,42.443374],[-82.911262,42.443951],[-82.911113,42.444296],[-82.910834,42.444467],[-82.910732,42.444869],[-82.910566,42.44531],[-82.910441,42.445605]],[[-82.913665,42.438119],[-82.911027,42.437488],[-82.908915,42.436988],[-82.908877,42.43734],[-82.908859,42.437362]],[[-82.91023,42.42702],[-82.910075,42.42817],[-82.909807,42.430067],[-82.909751,42.430574],[-82.909755,42.430699],[-82.911024,42.431224],[-82.913734,42.432364],[-82.914718,42.432755],[-82.914751,42.433045],[-82.914609,42.434207],[-82.914474,42.435094],[-82.912479,42.434283],[-82.910126,42.433315],[-82.909434,42.43302],[-82.909377,42.433283],[-82.909295,42.433909],[-82.909073,42.43562],[-82.90897,42.436366],[-82.908922,42.436989]],[[-82.917216,42.429402],[-82.916737,42.429224],[-82.913933,42.428053],[-82.913057,42.427676],[-82.911873,42.427213],[-82.911281,42.426971],[-82.910282,42.426596],[-82.910231,42.427017]],[[-82.919631,42.430397],[-82.917224,42.429396]],[[-82.910897,42.422006],[-82.910879,42.422115],[-82.910372,42.425904],[-82.910267,42.426517],[-82.910219,42.426969],[-82.910229,42.427016]],[[-82.920117,42.430594],[-82.92012,42.430575],[-82.919658,42.430394],[-82.919635,42.430392]]]},"properties":{"id":"fna-member-routes-20260918-b2e9741d346541a479e3","sourceId":"fna-member-routes-20260918","source":"Fiber Network Alliance member fiber lines","sourceUrl":"https://www.fibernetworkalliance.com/membership-map-line/","name":"WOW-Detroit published routes","carrier":"WOW-Detroit","category":"unknown","routeStatus":"Status not established","evidence":"publisher_route","dataDate":null,"metadataModified":null,"retrievedAt":"2026-09-18T19:56:04.130240+00:00","networkType":"Published fiber route; precision and network class unverified","serviceability":"Unconfirmed","routeDiversity":"Unconfirmed","states":["MI"],"publishedLineParts":68},"bbox":[-83.007217,42.422006,-82.881371,42.506449]},{"type":"Feature","geometry":{"type":"MultiLineString","coordinates":[[[-82.993676,42.641076],[-82.993713,42.641537],[-82.993735,42.642103],[-82.993738,42.642435],[-82.993727,42.642975],[-82.99376,42.643806],[-82.993798,42.644282],[-82.993864,42.646175],[-82.993874,42.646434],[-82.993937,42.64785],[-82.993999,42.649308],[-82.994074,42.651527],[-82.994139,42.652811],[-82.994195,42.654268],[-82.994255,42.655205],[-82.994296,42.655507],[-82.994368,42.655561],[-82.995258,42.65554],[-82.995293,42.655553]],[[-82.989002,42.641236],[-82.989006,42.641234],[-82.98943,42.641229],[-82.98948,42.641293],[-82.989767,42.641279],[-82.990452,42.641242],[-82.991245,42.641199],[-82.991948,42.641138],[-82.992332,42.641126],[-82.992561,42.641118],[-82.993318,42.641083],[-82.993673,42.641078]],[[-82.994432,42.669506],[-82.994422,42.668974],[-82.994384,42.668136],[-82.994319,42.666285],[-82.994279,42.665734],[-82.994266,42.665216],[-82.994232,42.664125],[-82.994219,42.663532],[-82.994198,42.663016],[-82.994166,42.662275],[-82.994085,42.660839],[-82.994072,42.660405],[-82.994085,42.659944],[-82.994056,42.659561],[-82.994047,42.659152],[-82.994012,42.658289],[-82.993996,42.657467],[-82.993957,42.656597],[-82.993935,42.656059],[-82.993866,42.655603],[-82.994369,42.655579],[-82.994755,42.655568],[-82.995296,42.65555]],[[-82.995745,42.69928],[-82.995721,42.698622],[-82.995706,42.697976],[-82.995701,42.696456],[-82.995621,42.694893],[-82.995237,42.694859],[-82.9952,42.694277],[-82.995155,42.693975],[-82.99513,42.693065],[-82.995127,42.692883],[-82.995125,42.692181],[-82.995059,42.689699],[-82.995027,42.688611],[-82.995001,42.687191],[-82.994991,42.686489],[-82.994979,42.685946],[-82.995019,42.684935],[-82.995016,42.684666],[-82.994972,42.683328],[-82.994893,42.681187],[-82.994885,42.679831],[-82.994865,42.679352],[-82.994833,42.678853],[-82.994784,42.677945],[-82.994779,42.677885],[-82.994818,42.677595],[-82.994717,42.67517],[-82.994695,42.674822],[-82.99468,42.674248],[-82.994648,42.67319],[-82.994619,42.672535],[-82.994581,42.671915],[-82.994574,42.671509],[-82.994498,42.671102],[-82.994434,42.669509]],[[-82.979965,42.686042],[-82.980613,42.686],[-82.982322,42.685875],[-82.98465,42.685715],[-82.985174,42.685671],[-82.986005,42.68557],[-82.986609,42.685544],[-82.986932,42.685578],[-82.987522,42.685526],[-82.987722,42.68552],[-82.98789,42.685426],[-82.989538,42.685295],[-82.990282,42.685225],[-82.990512,42.685235],[-82.990707,42.685279],[-82.991802,42.685178],[-82.992287,42.68515],[-82.993434,42.685069],[-82.994138,42.685011],[-82.994862,42.684961],[-82.995015,42.684928]],[[-82.978856,42.700788],[-82.980348,42.700655],[-82.981245,42.700567],[-82.985536,42.700186],[-82.988257,42.699906],[-82.990987,42.699682],[-82.991707,42.699618],[-82.991418,42.699861],[-82.992977,42.699716],[-82.995091,42.699536],[-82.995713,42.699495],[-82.995739,42.699278]],[[-82.934435,42.53536],[-82.934824,42.535342],[-82.935295,42.535342],[-82.935937,42.535312],[-82.935885,42.534374],[-82.9359,42.533726],[-82.936252,42.533698],[-82.937908,42.533675],[-82.939036,42.533646],[-82.939557,42.532984],[-82.94005,42.532331],[-82.940312,42.53199],[-82.940686,42.531485],[-82.940944,42.531121],[-82.941283,42.530674],[-82.94181,42.529977],[-82.942476,42.529098],[-82.94283,42.528637],[-82.94315,42.528203],[-82.943511,42.527748]],[[-82.942571,42.538569],[-82.942413,42.538776],[-82.942278,42.538959],[-82.942817,42.538952],[-82.944723,42.538904],[-82.945567,42.538889],[-82.946279,42.53888],[-82.946791,42.538864],[-82.947597,42.538843],[-82.948396,42.538833],[-82.948897,42.538825],[-82.949492,42.538805]],[[-82.948759,42.538467],[-82.948544,42.538444],[-82.948396,42.538826],[-82.9489,42.538816],[-82.949485,42.538799]],[[-82.949484,42.5388],[-82.949874,42.538794],[-82.949853,42.537829],[-82.950373,42.537804],[-82.950366,42.537411],[-82.950353,42.536945],[-82.950316,42.536294],[-82.950286,42.535927],[-82.950223,42.535273],[-82.950592,42.535273],[-82.950442,42.53498],[-82.9503,42.534728],[-82.950528,42.534689],[-82.951184,42.534703],[-82.950934,42.534271],[-82.950644,42.533759]],[[-82.950643,42.533757],[-82.950502,42.533472],[-82.95012,42.532779],[-82.949774,42.532239],[-82.949622,42.531965],[-82.949331,42.531587],[-82.949669,42.53157],[-82.949991,42.531571],[-82.950434,42.531569]],[[-82.969752,42.538562],[-82.969727,42.537851],[-82.969673,42.53706],[-82.969639,42.53622],[-82.969618,42.535585],[-82.969585,42.534957],[-82.969557,42.534306],[-82.969544,42.533817],[-82.96954,42.533502],[-82.969509,42.532978],[-82.969486,42.53236],[-82.96947,42.532006],[-82.969459,42.531836],[-82.969426,42.531472],[-82.969387,42.531152],[-82.969132,42.531156],[-82.968271,42.531155],[-82.967724,42.531169],[-82.966711,42.531185]],[[-82.966709,42.531188],[-82.966143,42.531212],[-82.965529,42.531221],[-82.964901,42.531241],[-82.964245,42.531255]],[[-82.96424,42.531255],[-82.963704,42.531267],[-82.963236,42.531284],[-82.962684,42.531295],[-82.962296,42.531302],[-82.961462,42.531312],[-82.961407,42.531463],[-82.961242,42.531704]],[[-82.957665,42.536265],[-82.95795,42.535992],[-82.958241,42.535741],[-82.958517,42.535507],[-82.958763,42.535311],[-82.958536,42.534989],[-82.958099,42.535017],[-82.957534,42.535031],[-82.957509,42.534569],[-82.95749,42.534098],[-82.958324,42.534074],[-82.958999,42.53405],[-82.959287,42.534043],[-82.959641,42.534022],[-82.959896,42.533663],[-82.960259,42.533149],[-82.960483,42.532807],[-82.960736,42.532433],[-82.960995,42.532071],[-82.961243,42.531707]],[[-82.961239,42.531705],[-82.960638,42.531702],[-82.960176,42.531743],[-82.959829,42.531799],[-82.959324,42.531855],[-82.958872,42.531906],[-82.95837,42.531933],[-82.957558,42.531952],[-82.957075,42.531969],[-82.95666,42.531979],[-82.95624,42.531983],[-82.955453,42.532014],[-82.954349,42.532043],[-82.954252,42.531871],[-82.954253,42.531668],[-82.954202,42.531334],[-82.953685,42.531474],[-82.953218,42.53149],[-82.952663,42.531506],[-82.951723,42.531525],[-82.951114,42.531542],[-82.950436,42.53156]],[[-82.937885,42.525217],[-82.937926,42.526049],[-82.937932,42.526286],[-82.937958,42.526751],[-82.938183,42.526747],[-82.938406,42.526738],[-82.9384,42.526852]],[[-82.935117,42.529418],[-82.935105,42.528948],[-82.936128,42.528916],[-82.936671,42.528895],[-82.937128,42.528737],[-82.937251,42.528682],[-82.937655,42.528524],[-82.937876,42.528435],[-82.937914,42.528244],[-82.937992,42.527881],[-82.937973,42.527434],[-82.937965,42.527135],[-82.938161,42.527129],[-82.938434,42.527123],[-82.938401,42.526855]],[[-82.938399,42.526854],[-82.938724,42.526846],[-82.939055,42.526855],[-82.939079,42.527222],[-82.939941,42.527216],[-82.940654,42.527198],[-82.941279,42.527335],[-82.941522,42.527338],[-82.942445,42.527329],[-82.943029,42.527311],[-82.942682,42.527751],[-82.942944,42.527763],[-82.94325,42.527745],[-82.943508,42.527742]],[[-82.943515,42.527739],[-82.943746,42.527424],[-82.943985,42.52711],[-82.944279,42.526725],[-82.944515,42.52641],[-82.944763,42.526083],[-82.94508,42.525669],[-82.945326,42.526095],[-82.945864,42.527025],[-82.946295,42.527742],[-82.946776,42.528564],[-82.946957,42.528898],[-82.947092,42.529116],[-82.947452,42.52976],[-82.947834,42.530423],[-82.948029,42.530761],[-82.948166,42.531007],[-82.948322,42.531335],[-82.948453,42.531609],[-82.948782,42.531597],[-82.949667,42.53156],[-82.950434,42.531558]],[[-82.950441,42.531553],[-82.950596,42.531363],[-82.950593,42.53125],[-82.950585,42.531035],[-82.951852,42.530999],[-82.95232,42.530994]],[[-82.964244,42.53125],[-82.964227,42.531073],[-82.96421,42.530637],[-82.964181,42.530145],[-82.96416,42.529438],[-82.964107,42.528692],[-82.964073,42.527807],[-82.964038,42.527196],[-82.964026,42.526768],[-82.963999,42.526423],[-82.963993,42.526063]],[[-82.966085,42.550606],[-82.967366,42.550567],[-82.968087,42.55055],[-82.968608,42.550536],[-82.96946,42.550519],[-82.970201,42.550485]],[[-82.940534,42.544138],[-82.940553,42.54459],[-82.940591,42.54545],[-82.940744,42.54545],[-82.941106,42.54545],[-82.941619,42.545443],[-82.942297,42.545411],[-82.942762,42.545393],[-82.943139,42.545332],[-82.944754,42.545683],[-82.944885,42.545206],[-82.945338,42.545297],[-82.945963,42.545419],[-82.946328,42.545497],[-82.946472,42.5452],[-82.947286,42.545498]],[[-82.947292,42.545488],[-82.947524,42.545153],[-82.94777,42.544823],[-82.948045,42.544439],[-82.948424,42.543974],[-82.948777,42.543644],[-82.949139,42.543321],[-82.949386,42.543102],[-82.949655,42.542844]],[[-82.949554,42.543734],[-82.949706,42.543633],[-82.949679,42.543161],[-82.949662,42.542845]],[[-82.94966,42.54284],[-82.950037,42.542532],[-82.950075,42.543261],[-82.950111,42.54418],[-82.950149,42.545011],[-82.950173,42.545857],[-82.950205,42.546208],[-82.950223,42.546646],[-82.950249,42.546966],[-82.950251,42.547307],[-82.950276,42.547751]],[[-82.958006,42.544033],[-82.959074,42.54372],[-82.959499,42.543584],[-82.959893,42.543473],[-82.959899,42.543301],[-82.960463,42.543168],[-82.961072,42.543017],[-82.961796,42.542846],[-82.962311,42.542737],[-82.962856,42.542564],[-82.963523,42.542356],[-82.964074,42.541869],[-82.964357,42.541631],[-82.964769,42.541307]],[[-82.964773,42.541309],[-82.965153,42.540911],[-82.965536,42.540504],[-82.965957,42.540087],[-82.966174,42.54013],[-82.966518,42.539822],[-82.96695,42.539384],[-82.967398,42.538965],[-82.967836,42.538594],[-82.968375,42.538574],[-82.968688,42.538587],[-82.969029,42.538587],[-82.969438,42.538569],[-82.969741,42.538568]],[[-82.988045,42.57067],[-82.988013,42.569761],[-82.988008,42.569482],[-82.988007,42.568714],[-82.987851,42.568326],[-82.987717,42.567917],[-82.987655,42.567579],[-82.987607,42.567243],[-82.987581,42.56697],[-82.988758,42.566899],[-82.989548,42.566861],[-82.991589,42.566764],[-82.995044,42.56667],[-82.999106,42.566521]],[[-82.981867,42.597184],[-82.986039,42.597061],[-82.986695,42.59702],[-82.988701,42.596956],[-82.98932,42.596934],[-82.991356,42.596863]],[[-82.981437,42.589456],[-82.981687,42.593565],[-82.981871,42.597176]],[[-82.991915,42.610611],[-82.991868,42.609612],[-82.991744,42.606315],[-82.991596,42.602914],[-82.99147,42.60014],[-82.991417,42.598347],[-82.991349,42.596865]],[[-82.972999,42.616477],[-82.97298,42.615969],[-82.972912,42.613106],[-82.972807,42.612231],[-82.972797,42.612041],[-82.972772,42.611209],[-82.97276,42.610265],[-82.973441,42.610419],[-82.97392,42.610547],[-82.974272,42.610597],[-82.976041,42.611044],[-82.976835,42.611219],[-82.976932,42.611293],[-82.977459,42.611466],[-82.978053,42.611614],[-82.979309,42.611914],[-82.980755,42.612274],[-82.982421,42.612706],[-82.982407,42.612453],[-82.982405,42.612268],[-82.982388,42.611852],[-82.982337,42.610964],[-82.985757,42.610804],[-82.989704,42.610671],[-82.990951,42.610617],[-82.991917,42.610607]],[[-82.992059,42.615059],[-82.992064,42.614698],[-82.992009,42.612557],[-82.991884,42.610595]],[[-83.002629,42.617597],[-82.99907,42.616757],[-82.996316,42.616082],[-82.992059,42.615062]],[[-82.977125,42.554218],[-82.977449,42.554044],[-82.978691,42.553342],[-82.979679,42.552802],[-82.980314,42.552766],[-82.981328,42.552721],[-82.982928,42.552652],[-82.983469,42.552632],[-82.984494,42.552599],[-82.984493,42.552576],[-82.983511,42.552605],[-82.983449,42.552595]],[[-82.986455,42.552622],[-82.985457,42.552683],[-82.985325,42.552557],[-82.984818,42.55257],[-82.98451,42.552583],[-82.984506,42.552568],[-82.98351,42.5526],[-82.983456,42.552595]],[[-82.988767,42.551617],[-82.988807,42.552052],[-82.988819,42.552374],[-82.987551,42.552438],[-82.986842,42.552489],[-82.98686,42.552603],[-82.986455,42.552624]],[[-82.98845,42.547673],[-82.988395,42.547992],[-82.988686,42.548539],[-82.988697,42.548835],[-82.988723,42.549688],[-82.988743,42.550666],[-82.988759,42.551164],[-82.988778,42.551614]],[[-82.969752,42.538564],[-82.969728,42.538771],[-82.969747,42.539316],[-82.969824,42.541141],[-82.969882,42.542401],[-82.970001,42.545326],[-82.97007,42.547684],[-82.970161,42.549557],[-82.97032,42.552923]],[[-82.950278,42.54775],[-82.950289,42.548117],[-82.950368,42.549712],[-82.950438,42.551248],[-82.950447,42.551454],[-82.950506,42.55271],[-82.951077,42.552712],[-82.95204,42.552727],[-82.954508,42.552677],[-82.95586,42.552649],[-82.955884,42.552705],[-82.956497,42.552701],[-82.956487,42.552652],[-82.959005,42.552576],[-82.959017,42.55322]],[[-82.959017,42.553228],[-82.959021,42.553228],[-82.960233,42.553204],[-82.961206,42.553173],[-82.963366,42.553118],[-82.965491,42.553063],[-82.967008,42.553015],[-82.970155,42.552916],[-82.970314,42.55293]],[[-82.97031,42.552933],[-82.97154,42.552904],[-82.974709,42.552768],[-82.97754,42.552634],[-82.979172,42.552563]],[[-82.90368,42.547122],[-82.901549,42.547173],[-82.9017,42.547462],[-82.901735,42.54822]],[[-82.836423,42.570905],[-82.836885,42.57057],[-82.837255,42.570338],[-82.837468,42.570463],[-82.838264,42.56992],[-82.839057,42.569402],[-82.839431,42.569133],[-82.840062,42.568577],[-82.841959,42.56692],[-82.84427,42.564815],[-82.847155,42.562227],[-82.848105,42.561369],[-82.848549,42.560948],[-82.849663,42.559647],[-82.852164,42.55672],[-82.853266,42.555426]],[[-82.814322,42.577367],[-82.815309,42.576727],[-82.816404,42.575977],[-82.817426,42.575291],[-82.817571,42.575525],[-82.817766,42.575811],[-82.818264,42.575479],[-82.820779,42.573774],[-82.821541,42.573224],[-82.821415,42.573085],[-82.822238,42.572675],[-82.822574,42.572508],[-82.823276,42.572436],[-82.823839,42.572372],[-82.824433,42.572612],[-82.824976,42.572669],[-82.825281,42.572507],[-82.82667,42.571752],[-82.828035,42.571022],[-82.828551,42.570711],[-82.829204,42.570182],[-82.829585,42.570377],[-82.830176,42.570181],[-82.831265,42.570801],[-82.83331,42.571934],[-82.833668,42.571584],[-82.834264,42.570998],[-82.834687,42.57125],[-82.835536,42.571673],[-82.835917,42.571211],[-82.836425,42.570906]],[[-82.893336,42.554722],[-82.893367,42.554733],[-82.893412,42.554733],[-82.893591,42.554717],[-82.895481,42.554673],[-82.896982,42.554637],[-82.896963,42.554011],[-82.896915,42.55252],[-82.896871,42.551401],[-82.896942,42.55097],[-82.89497,42.551011],[-82.89256,42.551052],[-82.892484,42.549533],[-82.892447,42.548552],[-82.892404,42.547356],[-82.892711,42.547355],[-82.894337,42.547317],[-82.895835,42.547287],[-82.899677,42.547221],[-82.900124,42.54721],[-82.90056,42.547189],[-82.901117,42.547173],[-82.901505,42.547158],[-82.90166,42.547477],[-82.9017,42.548212]],[[-82.895147,42.554923],[-82.89332,42.554928],[-82.89332,42.554739],[-82.893335,42.554724]],[[-82.930371,42.560717],[-82.930695,42.560631],[-82.931224,42.560639],[-82.931222,42.560365],[-82.931172,42.559261],[-82.931168,42.558966],[-82.931141,42.558247],[-82.931099,42.557252],[-82.931066,42.55651],[-82.931036,42.555678],[-82.930526,42.555688],[-82.930508,42.555268],[-82.930492,42.554602],[-82.930446,42.554168],[-82.930416,42.55387],[-82.930179,42.553865],[-82.930168,42.55389],[-82.92988,42.553918],[-82.9281,42.553969],[-82.91909,42.554167],[-82.916869,42.554218],[-82.916157,42.55422],[-82.914346,42.554276],[-82.913006,42.554302],[-82.911801,42.554334],[-82.910526,42.554364],[-82.908962,42.554633],[-82.908464,42.554651],[-82.906594,42.554678],[-82.902996,42.554738],[-82.901589,42.554754],[-82.90005,42.554761],[-82.899983,42.554783],[-82.899762,42.555213]],[[-82.950227,42.553431],[-82.949852,42.553466],[-82.944459,42.553572],[-82.939814,42.55366],[-82.935642,42.553779],[-82.933888,42.553826],[-82.931102,42.553854],[-82.930466,42.553881],[-82.930166,42.553889]],[[-82.950477,42.606605],[-82.950337,42.60661],[-82.950357,42.606692],[-82.950735,42.606701],[-82.952263,42.606687],[-82.952834,42.60654],[-82.952822,42.606177],[-82.952778,42.604996],[-82.952741,42.604208],[-82.952627,42.600925],[-82.952569,42.598839],[-82.952485,42.59654],[-82.952372,42.592506],[-82.952335,42.591572],[-82.952292,42.590352],[-82.952114,42.58532],[-82.952049,42.583567],[-82.951981,42.582325],[-82.951958,42.581515],[-82.951928,42.581098],[-82.952001,42.58021],[-82.952076,42.579843],[-82.95228,42.578936],[-82.952981,42.578949],[-82.952968,42.578236],[-82.952343,42.577747],[-82.95225,42.577234],[-82.952085,42.576786],[-82.951916,42.576348],[-82.951752,42.575905],[-82.951449,42.574993],[-82.95137,42.574586],[-82.951332,42.574189],[-82.951293,42.573709],[-82.951221,42.571628],[-82.951205,42.570308],[-82.951075,42.567252],[-82.950982,42.56497],[-82.950906,42.562984],[-82.950681,42.557743],[-82.950638,42.556187],[-82.950597,42.555204],[-82.950588,42.554726],[-82.950561,42.554094],[-82.950539,42.553414],[-82.950526,42.553058],[-82.950269,42.553076],[-82.95022,42.553427]],[[-82.967064,42.553255],[-82.964883,42.553314],[-82.962816,42.553364],[-82.961582,42.553397],[-82.960727,42.553217],[-82.95688,42.553315],[-82.95114,42.553404],[-82.950223,42.55343]],[[-82.970309,42.55293],[-82.969412,42.552963],[-82.968853,42.552972],[-82.967621,42.553006],[-82.967585,42.553245],[-82.967063,42.553254]],[[-82.893333,42.554723],[-82.8936,42.554703],[-82.894027,42.554691],[-82.895494,42.554661],[-82.89696,42.554623],[-82.89687,42.551834],[-82.896855,42.551406],[-82.896904,42.550991],[-82.892547,42.551066],[-82.89245,42.549246],[-82.892412,42.547981],[-82.892387,42.547345],[-82.894284,42.547303],[-82.896813,42.547267],[-82.897564,42.547254],[-82.898007,42.547246],[-82.899707,42.547208],[-82.900083,42.547198],[-82.900546,42.547164],[-82.901515,42.547146],[-82.901531,42.547172],[-82.901683,42.54747],[-82.901719,42.548214]],[[-82.904111,42.547949],[-82.904041,42.547831],[-82.903272,42.547795],[-82.903567,42.547334],[-82.903685,42.547091],[-82.901573,42.547154],[-82.901531,42.547133],[-82.900549,42.547153],[-82.900073,42.547189],[-82.897976,42.547239],[-82.897959,42.547245]],[[-82.919625,42.551457],[-82.919532,42.549665],[-82.919508,42.549205],[-82.919462,42.54851],[-82.919187,42.548526],[-82.919185,42.54838],[-82.91917,42.548028],[-82.919153,42.547657],[-82.916017,42.547714],[-82.912435,42.547778],[-82.911222,42.547804],[-82.909679,42.547834],[-82.90678,42.547893],[-82.906036,42.547909],[-82.904108,42.547947]],[[-82.910505,42.555906],[-82.910483,42.555392],[-82.910441,42.554684],[-82.910054,42.554373],[-82.910048,42.553846],[-82.910053,42.553426],[-82.910079,42.553003],[-82.910071,42.552699],[-82.91005,42.55195],[-82.910038,42.551503],[-82.910033,42.551218],[-82.911666,42.551188],[-82.914846,42.551124],[-82.916922,42.551089],[-82.91886,42.551059],[-82.919577,42.551049],[-82.919609,42.551449],[-82.919623,42.551459]],[[-82.952329,42.578973],[-82.953017,42.578976],[-82.953028,42.578233],[-82.95238,42.577721],[-82.9523,42.577224],[-82.951953,42.57635],[-82.951762,42.575802],[-82.951574,42.575288],[-82.951478,42.574972],[-82.951394,42.574401],[-82.951301,42.572925],[-82.95119,42.569023],[-82.951128,42.567698],[-82.951019,42.564937],[-82.950948,42.562967],[-82.950862,42.561136],[-82.95073,42.55812],[-82.950679,42.556362],[-82.950551,42.553035],[-82.950249,42.553056],[-82.950199,42.553431]],[[-82.971541,42.579859],[-82.970988,42.579532],[-82.970746,42.579378],[-82.970353,42.579156],[-82.970008,42.579009],[-82.966329,42.577968],[-82.964666,42.57751],[-82.963822,42.577281],[-82.963332,42.577153],[-82.962819,42.577031],[-82.961923,42.576903],[-82.961634,42.576913],[-82.960963,42.576977],[-82.959914,42.577093],[-82.959272,42.577358],[-82.958607,42.577649],[-82.957297,42.578185],[-82.956547,42.578503],[-82.955822,42.578884],[-82.954724,42.57892],[-82.954152,42.578932],[-82.953107,42.578967],[-82.952922,42.579],[-82.952345,42.578987],[-82.952335,42.578973]],[[-82.971906,42.590225],[-82.971881,42.589803],[-82.971764,42.585909],[-82.971687,42.583744],[-82.97161,42.58176],[-82.971573,42.580737],[-82.971536,42.579857]],[[-82.952827,42.605574],[-82.952763,42.603156],[-82.952613,42.598667],[-82.952527,42.596569],[-82.952211,42.587399],[-82.952148,42.585573],[-82.952125,42.58504],[-82.952097,42.584163],[-82.952069,42.583557],[-82.951982,42.581508],[-82.951954,42.581095],[-82.95197,42.580884],[-82.952031,42.580228],[-82.952098,42.5799],[-82.952218,42.579341],[-82.952332,42.578973]],[[-82.965017,42.60843],[-82.962816,42.607906],[-82.959093,42.60697],[-82.954229,42.605763],[-82.95348,42.605579],[-82.95285,42.605447],[-82.952851,42.605548],[-82.952822,42.605571]],[[-82.932113,42.600297],[-82.935367,42.601077],[-82.935969,42.601227],[-82.936715,42.601417],[-82.93734,42.601527],[-82.937701,42.601615],[-82.938283,42.601802],[-82.93993,42.60222],[-82.940571,42.602382],[-82.940949,42.602427],[-82.941836,42.602636],[-82.943724,42.603082],[-82.945157,42.603449],[-82.945715,42.603619],[-82.949472,42.604571],[-82.951021,42.604961],[-82.952114,42.605234],[-82.952806,42.60544],[-82.952818,42.605548],[-82.952827,42.60557]],[[-82.85412,42.554482],[-82.853337,42.555375],[-82.853272,42.555419]],[[-82.868896,42.557426],[-82.868727,42.557419],[-82.867023,42.55737],[-82.865969,42.557308],[-82.864628,42.55709],[-82.862074,42.556644],[-82.860887,42.556429],[-82.860934,42.556023],[-82.857224,42.555159],[-82.856849,42.555702],[-82.856545,42.555606],[-82.85594,42.555384],[-82.855457,42.555139],[-82.854952,42.554833],[-82.854585,42.554558],[-82.854286,42.554313],[-82.854119,42.554481]],[[-82.870749,42.563451],[-82.870678,42.563164],[-82.870545,42.562672],[-82.870492,42.562203],[-82.870423,42.561169],[-82.8704,42.56072],[-82.87031,42.559338],[-82.870265,42.558039],[-82.87026,42.557686],[-82.870317,42.557268],[-82.870248,42.556892],[-82.870245,42.556619],[-82.870258,42.555777],[-82.870258,42.55542],[-82.870371,42.555153],[-82.870788,42.555155],[-82.874304,42.555106],[-82.881853,42.554953],[-82.885215,42.554879],[-82.887222,42.554843],[-82.890734,42.554774],[-82.892058,42.554749],[-82.893336,42.55472]],[[-82.872982,42.565746],[-82.87366,42.565736],[-82.873711,42.566806],[-82.873517,42.566804],[-82.872421,42.566834],[-82.872278,42.566667],[-82.872092,42.566876],[-82.871764,42.567204],[-82.871639,42.566868],[-82.871587,42.566748],[-82.871497,42.566441],[-82.871313,42.565685],[-82.871011,42.564527],[-82.870746,42.563451]],[[-82.895153,42.554911],[-82.893493,42.554914],[-82.893335,42.554919],[-82.893338,42.554723]],[[-82.895146,42.554922],[-82.895176,42.554908],[-82.895092,42.554883],[-82.895536,42.554867],[-82.89638,42.554837],[-82.89797,42.554793],[-82.899129,42.554792],[-82.899736,42.555207],[-82.899762,42.555215],[-82.899144,42.554782],[-82.897864,42.554779],[-82.89665,42.55482],[-82.895686,42.554854],[-82.895039,42.55488],[-82.895146,42.554908]],[[-82.868895,42.557427],[-82.868892,42.557424],[-82.868887,42.557211],[-82.869076,42.556844],[-82.869687,42.555746],[-82.869819,42.555509],[-82.86993,42.555427],[-82.870366,42.555395],[-82.870943,42.555367],[-82.880201,42.555176],[-82.887997,42.555004],[-82.890518,42.554938],[-82.89277,42.554891],[-82.894043,42.554873],[-82.895266,42.554859],[-82.897843,42.554768],[-82.899152,42.55477],[-82.899748,42.555189],[-82.899762,42.555214]],[[-82.863248,42.574476],[-82.863282,42.573967],[-82.863316,42.573325],[-82.863147,42.5732],[-82.862237,42.572675],[-82.862309,42.572626],[-82.862384,42.572567],[-82.862281,42.571868],[-82.862763,42.571419],[-82.86359,42.57066],[-82.863512,42.570407],[-82.863519,42.569954],[-82.863604,42.568259],[-82.863684,42.567097],[-82.863789,42.565098],[-82.863836,42.56442],[-82.863872,42.563546],[-82.863905,42.563092],[-82.863976,42.562284],[-82.864088,42.560386],[-82.864102,42.560272],[-82.864136,42.559678],[-82.865827,42.559729],[-82.866907,42.55978],[-82.86699,42.558602],[-82.867043,42.557917],[-82.867079,42.557221],[-82.867543,42.557234],[-82.867947,42.557253],[-82.868393,42.557268],[-82.86886,42.557281],[-82.868878,42.557408],[-82.868892,42.557424]],[[-82.885141,42.581934],[-82.884978,42.581845],[-82.884577,42.581731],[-82.883995,42.581551],[-82.884113,42.581297],[-82.884291,42.580927],[-82.88439,42.580705],[-82.884443,42.580003],[-82.88448,42.579529],[-82.884509,42.578634],[-82.88456,42.578377],[-82.88476,42.578016],[-82.885016,42.577785],[-82.885463,42.577577],[-82.886185,42.577289],[-82.887018,42.576991],[-82.88732,42.576829],[-82.887531,42.576668],[-82.887778,42.576164],[-82.888565,42.574627],[-82.889602,42.572697],[-82.890838,42.570367],[-82.891688,42.568735],[-82.891888,42.568389],[-82.892082,42.568027],[-82.892755,42.568202],[-82.892822,42.568067],[-82.895571,42.562869],[-82.896867,42.560444],[-82.898779,42.556895],[-82.899359,42.555869],[-82.899646,42.555347],[-82.89976,42.555213]],[[-82.905423,42.588112],[-82.905075,42.588081],[-82.903584,42.587929],[-82.901702,42.587666],[-82.8995,42.587256],[-82.897356,42.586885],[-82.895321,42.586579],[-82.894328,42.586424],[-82.893962,42.586342],[-82.893659,42.586242],[-82.892564,42.585693],[-82.892274,42.585554],[-82.891149,42.584996],[-82.891089,42.584976],[-82.890795,42.58483],[-82.888187,42.583497],[-82.886284,42.582512],[-82.885607,42.582172],[-82.885136,42.581933]],[[-82.891439,42.581865],[-82.891168,42.582167],[-82.892534,42.582838],[-82.893681,42.583408],[-82.894064,42.583613],[-82.892752,42.585072],[-82.892441,42.585433],[-82.892129,42.585467],[-82.892074,42.58544],[-82.891132,42.58497],[-82.891089,42.584968]],[[-82.916314,42.585634],[-82.916126,42.585854],[-82.915485,42.586559],[-82.914403,42.587755],[-82.913927,42.588296],[-82.913782,42.588514],[-82.913729,42.589092],[-82.913705,42.589648],[-82.912878,42.589646],[-82.912882,42.589063],[-82.911793,42.589074],[-82.909146,42.589031],[-82.908499,42.589033],[-82.908037,42.588993],[-82.907454,42.588933],[-82.905467,42.588665],[-82.905419,42.58811]],[[-82.933872,42.578036],[-82.933346,42.578057],[-82.932859,42.57818],[-82.93238,42.578205],[-82.932332,42.577665],[-82.931863,42.577649],[-82.931166,42.577647],[-82.931161,42.577859],[-82.930699,42.577851],[-82.930509,42.57789],[-82.930099,42.577888],[-82.928367,42.577835],[-82.927885,42.57814],[-82.928029,42.578242],[-82.92737,42.578682],[-82.926899,42.578127],[-82.926179,42.578661],[-82.925561,42.579123],[-82.925084,42.579417],[-82.924738,42.579798],[-82.924215,42.580176],[-82.923815,42.580308],[-82.923388,42.580625],[-82.922443,42.581279],[-82.921112,42.58227],[-82.920876,42.58244],[-82.920786,42.582638],[-82.919807,42.583366],[-82.920388,42.583831],[-82.920141,42.583829],[-82.920165,42.584078],[-82.920152,42.584864],[-82.918446,42.584763],[-82.918395,42.585053],[-82.918449,42.585324],[-82.918393,42.585714],[-82.917671,42.585678],[-82.916716,42.585617],[-82.916309,42.58563]],[[-82.917634,42.584146],[-82.917325,42.584493],[-82.916703,42.585163],[-82.916309,42.585629]],[[-82.905716,42.582049],[-82.905,42.582996],[-82.90368,42.584746],[-82.901548,42.587633]],[[-82.88247,42.590217],[-82.882433,42.590093],[-82.882377,42.589738],[-82.882217,42.589308],[-82.882151,42.588929],[-82.882129,42.588647],[-82.882159,42.588422],[-82.8824,42.587832],[-82.882827,42.586858],[-82.88306,42.586305],[-82.88299,42.586019],[-82.883291,42.585336],[-82.883912,42.584259],[-82.884874,42.582438],[-82.885136,42.581934]],[[-82.884911,42.590877],[-82.885125,42.590811],[-82.885139,42.590768],[-82.884943,42.590754],[-82.884729,42.590745],[-82.883948,42.590576],[-82.883422,42.59045],[-82.883053,42.590358],[-82.882471,42.590216]],[[-82.88491,42.590874],[-82.884917,42.590861],[-82.885102,42.590806],[-82.88512,42.590776],[-82.884725,42.590758],[-82.883014,42.590362],[-82.882488,42.590231],[-82.882467,42.590216]],[[-82.880054,42.605927],[-82.880081,42.605508],[-82.880154,42.604424],[-82.880511,42.604296],[-82.880982,42.604325],[-82.881051,42.60388],[-82.882386,42.60393],[-82.883978,42.603983],[-82.884005,42.603586],[-82.884046,42.602688],[-82.884074,42.602306],[-82.884513,42.602256],[-82.88486,42.60225],[-82.885408,42.60227],[-82.885891,42.602295],[-82.886173,42.602307],[-82.886752,42.602348],[-82.886915,42.602441],[-82.886947,42.601775],[-82.887036,42.600324],[-82.886853,42.600219],[-82.890822,42.60036],[-82.892346,42.598351],[-82.892643,42.598108],[-82.892951,42.595419],[-82.892944,42.595132],[-82.891076,42.595082],[-82.89134,42.591084],[-82.891304,42.591087],[-82.887562,42.590947],[-82.884912,42.590872]],[[-82.878567,42.599569],[-82.878859,42.5994],[-82.879116,42.599596],[-82.879548,42.600004],[-82.880361,42.600861],[-82.880476,42.600969],[-82.880215,42.603713],[-82.880166,42.604113],[-82.880116,42.604387],[-82.880042,42.605865],[-82.880054,42.605923]],[[-82.877261,42.596684],[-82.877551,42.59679],[-82.878396,42.596893],[-82.879344,42.59703],[-82.879322,42.597061],[-82.87887,42.597575],[-82.878447,42.598041],[-82.877381,42.598665],[-82.877905,42.599207],[-82.878485,42.599796],[-82.878571,42.599565]],[[-82.866172,42.592266],[-82.867182,42.59261],[-82.868532,42.593058],[-82.869815,42.593481],[-82.870561,42.593737],[-82.870899,42.593745],[-82.871542,42.59338],[-82.872534,42.59283],[-82.872727,42.592726],[-82.873394,42.593407],[-82.874497,42.594462],[-82.874883,42.59484],[-82.875942,42.595862],[-82.876391,42.596202],[-82.877259,42.59669]],[[-82.872321,42.601919],[-82.872027,42.601638],[-82.871424,42.60105],[-82.87099,42.600626],[-82.870797,42.600322],[-82.871003,42.600102],[-82.871023,42.599251],[-82.870783,42.599252],[-82.868921,42.599215],[-82.868966,42.59821],[-82.868435,42.598214],[-82.865711,42.59829],[-82.86513,42.598301],[-82.864635,42.598264],[-82.864153,42.598165],[-82.863687,42.598082],[-82.863179,42.597962],[-82.862722,42.597776],[-82.862433,42.597605],[-82.862197,42.59739],[-82.862056,42.597189],[-82.86184,42.596855],[-82.862056,42.59689],[-82.862081,42.596895],[-82.863193,42.597097],[-82.863398,42.596566],[-82.864171,42.59572],[-82.865824,42.595796],[-82.865999,42.593082],[-82.866031,42.59268],[-82.866152,42.592265],[-82.866172,42.592265]],[[-82.846447,42.585361],[-82.846518,42.585445],[-82.848104,42.585514],[-82.850877,42.5856],[-82.852261,42.58565],[-82.854466,42.585746],[-82.854997,42.585786],[-82.854883,42.587688],[-82.854792,42.589149],[-82.854744,42.589942],[-82.854767,42.590217],[-82.854813,42.59022],[-82.854882,42.590221],[-82.855614,42.590158],[-82.8568,42.589966],[-82.858003,42.589893],[-82.859056,42.589952],[-82.859844,42.590078],[-82.861001,42.59044],[-82.863092,42.591191],[-82.864666,42.591768],[-82.866172,42.592262]],[[-82.879697,42.611327],[-82.879973,42.606867],[-82.880004,42.606621],[-82.880055,42.60592]],[[-82.868521,42.615329],[-82.869196,42.614003],[-82.869759,42.612886],[-82.86946,42.612818],[-82.86986,42.612042],[-82.870165,42.612082],[-82.870301,42.611822],[-82.870457,42.611843],[-82.870894,42.611878],[-82.870656,42.612104],[-82.871232,42.612316],[-82.871564,42.612426],[-82.871813,42.612474],[-82.872917,42.612536],[-82.879583,42.612793],[-82.879689,42.611321]],[[-82.89006,42.547436],[-82.890092,42.547436],[-82.892495,42.547377],[-82.895471,42.547302],[-82.898215,42.547272],[-82.900407,42.547211],[-82.902033,42.547173],[-82.903641,42.547134],[-82.903681,42.547124]],[[-82.876793,42.547762],[-82.878239,42.547736],[-82.879824,42.547694],[-82.883611,42.547603],[-82.886124,42.547535],[-82.886956,42.547515],[-82.888396,42.547475],[-82.889217,42.54746],[-82.889733,42.547445],[-82.890059,42.547436]],[[-82.865064,42.546552],[-82.871534,42.549385],[-82.873867,42.550444],[-82.874884,42.549199],[-82.875826,42.548],[-82.876118,42.547641],[-82.876163,42.54776],[-82.876378,42.547747],[-82.87672,42.547743],[-82.876794,42.547762]],[[-82.853266,42.55542],[-82.854114,42.554462],[-82.853052,42.554029],[-82.850673,42.553081],[-82.852306,42.551169],[-82.852967,42.550431],[-82.853384,42.550566],[-82.853485,42.550277],[-82.853651,42.549893],[-82.853917,42.549479],[-82.854793,42.548407],[-82.857207,42.545589],[-82.858815,42.543755],[-82.86212,42.545222],[-82.865053,42.546552]],[[-82.89054,42.532575],[-82.890558,42.534924],[-82.89072,42.537751],[-82.890773,42.539019],[-82.89081,42.539986],[-82.889943,42.540039],[-82.889529,42.54008],[-82.889563,42.540297],[-82.889697,42.543475],[-82.889805,42.546391],[-82.889845,42.547212],[-82.89006,42.547434]],[[-82.876085,42.524232],[-82.880151,42.526029],[-82.881838,42.526786],[-82.883073,42.52733],[-82.882708,42.527682],[-82.882013,42.528459],[-82.881386,42.529229],[-82.88414,42.530459],[-82.886929,42.531689],[-82.887649,42.531669],[-82.888353,42.532006],[-82.888081,42.532355],[-82.888506,42.532362],[-82.8904,42.532367],[-82.89054,42.532573]],[[-82.903057,42.531757],[-82.902551,42.531741],[-82.901577,42.53194],[-82.901452,42.531937],[-82.900394,42.531956],[-82.899388,42.531957],[-82.898206,42.531969],[-82.896708,42.53197],[-82.896506,42.53184],[-82.896359,42.531973],[-82.896314,42.532126],[-82.89631,42.53233],[-82.895667,42.532333],[-82.895273,42.532336],[-82.891025,42.532355],[-82.890698,42.532351],[-82.890431,42.532341],[-82.8894,42.532347],[-82.888631,42.532351],[-82.888102,42.532347],[-82.888083,42.532354]],[[-82.889836,42.524931],[-82.8894,42.524928],[-82.888778,42.524931],[-82.888828,42.526001],[-82.888862,42.526907],[-82.888886,42.527393],[-82.88895,42.527723],[-82.889653,42.528045],[-82.891076,42.52866],[-82.891158,42.52871],[-82.88981,42.530333],[-82.888406,42.531958],[-82.888108,42.532339],[-82.888084,42.532353]],[[-82.877286,42.531714],[-82.881414,42.53355],[-82.881917,42.532897],[-82.88375,42.533713],[-82.885531,42.534495],[-82.885317,42.534761],[-82.885651,42.534913],[-82.886005,42.535085],[-82.886061,42.535013],[-82.886953,42.533868],[-82.887202,42.533538],[-82.887468,42.533214],[-82.887885,42.532579],[-82.888082,42.532352]],[[-82.877728,42.519585],[-82.877626,42.519949],[-82.877348,42.520886],[-82.877098,42.52174],[-82.876899,42.522491],[-82.876764,42.522756],[-82.876088,42.524227]]]},"properties":{"id":"fna-member-routes-20260918-fe13509dcfc197bd94dc","sourceId":"fna-member-routes-20260918","source":"Fiber Network Alliance member fiber lines","sourceUrl":"https://www.fibernetworkalliance.com/membership-map-line/","name":"WOW-Detroit published routes","carrier":"WOW-Detroit","category":"unknown","routeStatus":"Status not established","evidence":"publisher_route","dataDate":null,"metadataModified":null,"retrievedAt":"2026-09-18T19:56:04.130240+00:00","networkType":"Published fiber route; precision and network class unverified","serviceability":"Unconfirmed","routeDiversity":"Unconfirmed","states":["MI"],"publishedLineParts":100},"bbox":[-83.002629,42.519585,-82.814322,42.700788]},{"type":"Feature","geometry":{"type":"MultiLineString","coordinates":[[[-82.892638,42.495684],[-82.892663,42.496026],[-82.891301,42.496144],[-82.891328,42.49685],[-82.890371,42.496901],[-82.888995,42.497001],[-82.888671,42.496963],[-82.888325,42.496982],[-82.88817,42.497108],[-82.887888,42.497377],[-82.887347,42.497841],[-82.886756,42.49841],[-82.885998,42.499321],[-82.88479,42.500731],[-82.88387,42.501973],[-82.883686,42.502226],[-82.883193,42.502873],[-82.88292,42.50324],[-82.88271,42.503635],[-82.882565,42.504042],[-82.882154,42.505316],[-82.881257,42.508151],[-82.880382,42.511004],[-82.879084,42.515145],[-82.878479,42.517112],[-82.878353,42.51753],[-82.877726,42.519583]],[[-82.893488,42.514197],[-82.88985,42.514283],[-82.888577,42.514309],[-82.887817,42.514322],[-82.887801,42.513958],[-82.887416,42.513964],[-82.883742,42.514032],[-82.881496,42.514087],[-82.880012,42.514104],[-82.87987,42.514472],[-82.879584,42.51448],[-82.879299,42.514454]],[[-82.898865,42.508571],[-82.898939,42.509596],[-82.898468,42.509604],[-82.897628,42.509609],[-82.897643,42.509934],[-82.896916,42.509922],[-82.89529,42.509915],[-82.893673,42.509913],[-82.892314,42.509904],[-82.891196,42.509909],[-82.890357,42.51],[-82.889529,42.51002],[-82.889188,42.510033],[-82.889331,42.509487],[-82.888837,42.509488],[-82.888494,42.509253],[-82.88793,42.50921],[-82.887797,42.509529],[-82.885862,42.509476],[-82.883315,42.509436],[-82.881476,42.509397],[-82.881351,42.509755],[-82.880802,42.509717],[-82.88059,42.510376],[-82.880574,42.510385]],[[-82.91528,42.506452],[-82.912545,42.506494],[-82.910765,42.506531],[-82.910728,42.506533],[-82.910084,42.506537],[-82.909622,42.506548],[-82.909493,42.506871],[-82.909541,42.508232],[-82.909582,42.509748],[-82.909444,42.509755],[-82.908489,42.509783],[-82.908465,42.508944],[-82.908452,42.508538],[-82.908051,42.508368],[-82.907593,42.508261],[-82.907603,42.508485],[-82.907616,42.508927],[-82.906765,42.50871],[-82.905691,42.508448],[-82.902178,42.507613],[-82.900768,42.507278],[-82.898827,42.506815],[-82.898867,42.508567]],[[-82.913233,42.532674],[-82.9131,42.532874],[-82.911708,42.535022],[-82.91058,42.536741],[-82.909782,42.537941],[-82.908528,42.539875],[-82.907694,42.541151],[-82.907084,42.542091],[-82.90496,42.545278],[-82.904208,42.546412],[-82.90377,42.547048],[-82.90368,42.54712]],[[-82.909463,42.530263],[-82.909599,42.531519],[-82.909687,42.53243],[-82.910152,42.532416],[-82.911607,42.532398],[-82.912179,42.532388],[-82.912693,42.532407],[-82.913327,42.532432],[-82.913216,42.532662],[-82.913231,42.532677]],[[-82.919067,42.530672],[-82.917757,42.530705],[-82.916499,42.53073],[-82.915327,42.530745],[-82.914928,42.530733],[-82.914572,42.530629],[-82.914719,42.530379],[-82.9147,42.530203],[-82.911719,42.530227],[-82.909463,42.530261]],[[-82.929319,42.509893],[-82.928721,42.509923],[-82.92791,42.510032],[-82.927408,42.510824],[-82.923977,42.51615],[-82.920099,42.522092],[-82.918254,42.524953],[-82.917016,42.526911],[-82.916082,42.52827],[-82.91368,42.531942],[-82.913231,42.532676]],[[-82.941026,42.516957],[-82.93858,42.516981],[-82.938425,42.516831],[-82.938398,42.516464],[-82.93793,42.516487],[-82.935793,42.516538],[-82.934421,42.516559],[-82.934024,42.516556],[-82.933507,42.516518],[-82.932413,42.516546],[-82.932025,42.516546],[-82.931735,42.516528],[-82.931339,42.516547],[-82.930447,42.516558],[-82.930377,42.515231],[-82.930281,42.513494],[-82.930358,42.513392],[-82.93034,42.513029],[-82.930216,42.51039],[-82.92939,42.51043],[-82.92938,42.510154],[-82.929314,42.509895]],[[-82.942313,42.520423],[-82.941829,42.519546],[-82.940634,42.517401],[-82.940395,42.516971],[-82.940991,42.516966],[-82.941022,42.516956]],[[-82.96345,42.51641],[-82.963461,42.516703],[-82.962537,42.516723],[-82.959524,42.516799],[-82.958756,42.51682],[-82.958749,42.516847],[-82.956907,42.516903],[-82.956929,42.516616],[-82.956632,42.516624],[-82.955571,42.516656],[-82.954279,42.516685],[-82.952662,42.516731],[-82.951344,42.516785],[-82.950355,42.516816],[-82.9498,42.516867],[-82.949232,42.51688],[-82.948455,42.516902],[-82.947522,42.516917],[-82.946788,42.516909],[-82.946314,42.51687],[-82.943988,42.516909],[-82.941026,42.516956]],[[-82.93277,42.502568],[-82.931164,42.505061],[-82.930167,42.506583],[-82.929067,42.50827],[-82.92791,42.510031]],[[-82.926846,42.499765],[-82.927337,42.499764],[-82.927361,42.500502],[-82.92686,42.500508],[-82.92691,42.502047],[-82.927408,42.50204],[-82.927416,42.502364],[-82.927468,42.502785],[-82.927481,42.503008],[-82.927948,42.502998],[-82.928049,42.503182],[-82.928065,42.503498],[-82.928498,42.503587],[-82.930012,42.503558],[-82.930496,42.503536],[-82.93094,42.503669],[-82.931519,42.503956],[-82.931619,42.504004],[-82.931837,42.504015]],[[-82.948014,42.501931],[-82.947028,42.501954],[-82.94472,42.502021],[-82.938344,42.502219],[-82.936886,42.502262],[-82.935267,42.502303],[-82.93399,42.502344],[-82.932903,42.502387],[-82.932769,42.502571]],[[-82.948361,42.49813],[-82.948406,42.499396],[-82.948443,42.500881],[-82.948458,42.501226],[-82.947929,42.501221],[-82.947937,42.50171],[-82.948013,42.501931]],[[-82.977551,42.500441],[-82.977552,42.50084],[-82.981436,42.500558],[-82.983433,42.500424],[-82.985339,42.500301],[-82.986961,42.500192],[-82.987072,42.500399],[-82.987085,42.500835],[-82.987349,42.50073],[-82.987345,42.500269],[-82.988193,42.500238],[-82.98951,42.500218],[-82.991043,42.500189],[-82.991583,42.500097],[-82.992111,42.500093],[-82.992118,42.499766]],[[-82.977975,42.511808],[-82.9816,42.511558],[-82.982141,42.511518],[-82.984032,42.511391],[-82.984602,42.511343],[-82.985217,42.511293],[-82.985177,42.51082],[-82.98503,42.509323],[-82.984902,42.507965],[-82.985343,42.507935],[-82.986421,42.507868],[-82.989729,42.507732],[-82.991639,42.50767]],[[-82.988082,42.521697],[-82.988421,42.52166],[-82.989421,42.521647],[-82.99674,42.521506],[-82.999235,42.521471],[-83.003486,42.521383],[-83.005124,42.521363],[-83.007769,42.521297]],[[-82.992723,42.529058],[-82.989388,42.529081],[-82.988662,42.529099],[-82.988359,42.529166],[-82.988245,42.525801],[-82.988121,42.523036],[-82.988079,42.521697]],[[-82.974543,42.52295],[-82.974952,42.522908],[-82.977642,42.522624],[-82.981516,42.522272],[-82.984415,42.522029],[-82.986981,42.521801],[-82.988071,42.521696]]]},"properties":{"id":"fna-member-routes-20260918-8c7286ba43ab717864bf","sourceId":"fna-member-routes-20260918","source":"Fiber Network Alliance member fiber lines","sourceUrl":"https://www.fibernetworkalliance.com/membership-map-line/","name":"WOW-Detroit published routes","carrier":"WOW-Detroit","category":"unknown","routeStatus":"Status not established","evidence":"publisher_route","dataDate":null,"metadataModified":null,"retrievedAt":"2026-09-18T19:56:04.130240+00:00","networkType":"Published fiber route; precision and network class unverified","serviceability":"Unconfirmed","routeDiversity":"Unconfirmed","states":["MI"],"publishedLineParts":20},"bbox":[-83.007769,42.495684,-82.877726,42.54712]},{"type":"Feature","geometry":{"type":"MultiLineString","coordinates":[[[-85.244051,42.03048],[-85.244173,42.030447],[-85.244161,42.02905],[-85.246569,42.028412],[-85.247857,42.028526],[-85.248893,42.028284],[-85.249278,42.028366],[-85.249948,42.028096],[-85.250041,42.027802],[-85.251172,42.027238],[-85.254651,42.0264],[-85.255112,42.025394],[-85.257303,42.024415],[-85.257829,42.025278],[-85.260703,42.024988],[-85.264482,42.024584],[-85.264501,42.027493],[-85.26498,42.028183],[-85.265655,42.028853],[-85.265745,42.02908],[-85.266028,42.029212],[-85.266095,42.029379],[-85.265912,42.02947]],[[-85.265596,42.028552],[-85.265405,42.0286]],[[-85.26476,42.027639],[-85.264611,42.027641]],[[-85.25888,42.025291],[-85.258856,42.025179]],[[-85.252787,42.026968],[-85.252763,42.026856]],[[-85.265815,42.029519],[-85.265801,42.029526],[-85.265758,42.029478]]]},"properties":{"id":"fna-member-routes-20260918-6fc6a09a44b98b716bf2","sourceId":"fna-member-routes-20260918","source":"Fiber Network Alliance member fiber lines","sourceUrl":"https://www.fibernetworkalliance.com/membership-map-line/","name":"WOW-Lansing published routes","carrier":"WOW-Lansing","category":"unknown","routeStatus":"Status not established","evidence":"publisher_route","dataDate":null,"metadataModified":null,"retrievedAt":"2026-09-18T19:56:04.130240+00:00","networkType":"Published fiber route; precision and network class unverified","serviceability":"Unconfirmed","routeDiversity":"Unconfirmed","states":["MI"],"publishedLineParts":6},"bbox":[-85.266095,42.024415,-85.244051,42.03048]},{"type":"Feature","geometry":{"type":"MultiLineString","coordinates":[[[-85.300591,42.695627],[-85.300773,42.695616]],[[-85.300632,42.69035],[-85.300814,42.690338]],[[-85.300665,42.684775],[-85.300847,42.684764]],[[-85.30205,42.681386],[-85.301886,42.681387]],[[-85.30074,42.679092],[-85.300876,42.679079]],[[-85.300607,42.673887],[-85.300743,42.673875]],[[-85.300649,42.670056],[-85.300785,42.670044]],[[-85.296877,42.659817],[-85.29643,42.659851]],[[-85.296878,42.658891],[-85.296437,42.658997]],[[-85.29611,42.653223],[-85.296162,42.653135]],[[-85.306468,42.644049],[-85.306382,42.644012]],[[-85.302166,42.641738],[-85.302123,42.641864]],[[-85.281629,42.631546],[-85.281696,42.631411]],[[-85.286815,42.6316],[-85.286882,42.631464]],[[-85.291163,42.633791],[-85.29123,42.633656]],[[-85.294631,42.635288],[-85.294578,42.635378]],[[-85.297383,42.637342],[-85.29733,42.637432]],[[-85.297519,42.640242],[-85.297373,42.640318]],[[-85.297572,42.643691],[-85.297426,42.643767]],[[-85.297545,42.643906],[-85.297428,42.643971]],[[-85.301325,42.745988],[-85.301447,42.745994]],[[-85.301302,42.740354],[-85.301424,42.74036]],[[-85.271567,42.724954],[-85.271785,42.724961]],[[-85.280429,42.72708],[-85.280404,42.727183]],[[-85.293157,42.726937],[-85.293133,42.72704]],[[-85.30137,42.729297],[-85.301493,42.729303]],[[-85.30132,42.733902],[-85.301443,42.733909]],[[-85.301316,42.73729],[-85.301438,42.737296]],[[-85.280625,42.635204],[-85.280456,42.635221]],[[-85.280887,42.636919],[-85.280743,42.63692],[-85.280615,42.636776],[-85.280616,42.636764]],[[-85.280621,42.636677],[-85.280648,42.636246],[-85.280619,42.634796],[-85.280694,42.634762],[-85.280688,42.634382],[-85.280601,42.63426],[-85.280581,42.633607],[-85.280671,42.633483],[-85.280646,42.631417],[-85.281318,42.631394],[-85.281322,42.63165],[-85.282161,42.631368],[-85.283061,42.63136],[-85.283141,42.631429],[-85.28377,42.631424],[-85.283906,42.631382],[-85.284091,42.631421],[-85.284749,42.631416],[-85.284845,42.631285],[-85.28582,42.631312],[-85.286853,42.631615],[-85.288692,42.631974],[-85.288964,42.632151],[-85.288986,42.632357],[-85.289683,42.632766],[-85.289865,42.633123],[-85.29024,42.633356],[-85.290209,42.633659],[-85.290374,42.633741],[-85.290907,42.6338],[-85.291846,42.633778],[-85.292322,42.633714],[-85.29329,42.633242],[-85.293647,42.633232],[-85.293797,42.633194],[-85.29411,42.633199],[-85.294186,42.633284],[-85.294187,42.633338],[-85.294175,42.633362],[-85.294148,42.633362]],[[-85.297631,42.644773],[-85.29763,42.644713],[-85.297551,42.64462],[-85.297543,42.643211],[-85.297525,42.642274],[-85.297533,42.642236],[-85.297525,42.641467],[-85.297667,42.641465],[-85.297665,42.641159],[-85.297536,42.641156],[-85.297536,42.640784],[-85.29747,42.64076],[-85.297467,42.64058],[-85.297535,42.640536],[-85.297533,42.640358],[-85.297528,42.639927],[-85.297529,42.63972],[-85.297568,42.639527],[-85.297537,42.639272],[-85.297538,42.638912],[-85.297539,42.638835],[-85.297369,42.638836],[-85.297369,42.638622],[-85.297452,42.638555],[-85.29751,42.638353],[-85.2975,42.637622],[-85.297469,42.637399],[-85.297065,42.637102],[-85.296639,42.636786],[-85.295639,42.636051],[-85.295059,42.635602],[-85.294527,42.635207],[-85.294165,42.634891],[-85.294082,42.634858],[-85.29401,42.634758],[-85.29399,42.634525],[-85.293985,42.634024],[-85.29412,42.634018],[-85.294131,42.633406]],[[-85.294132,42.633319],[-85.294133,42.633297],[-85.294003,42.633293],[-85.294002,42.633313]],[[-85.297661,42.644773],[-85.29766,42.644706],[-85.297581,42.644614],[-85.297573,42.643211],[-85.297555,42.64229],[-85.298156,42.642275],[-85.298228,42.642199],[-85.298773,42.642186],[-85.299711,42.642178],[-85.299716,42.641755],[-85.301029,42.641741],[-85.303857,42.64173],[-85.303985,42.641632],[-85.304248,42.64163],[-85.304325,42.641735],[-85.305238,42.641709],[-85.306719,42.641704],[-85.306722,42.641932],[-85.306746,42.642286],[-85.306833,42.642446],[-85.306737,42.642619],[-85.306779,42.643637],[-85.306729,42.643914],[-85.306443,42.644064],[-85.306658,42.644591],[-85.306689,42.644583]],[[-85.306799,42.644551],[-85.306857,42.644535],[-85.306907,42.644466],[-85.306938,42.644416],[-85.306932,42.6444]],[[-85.296827,42.657814],[-85.296826,42.657133],[-85.296812,42.65589],[-85.296789,42.655722],[-85.296796,42.65503],[-85.296874,42.654888],[-85.29678,42.654775],[-85.296792,42.654252],[-85.296794,42.653873],[-85.296788,42.653213],[-85.295881,42.65323],[-85.29538,42.65323]],[[-85.300808,42.697043],[-85.300807,42.69699],[-85.300664,42.696922]],[[-85.300564,42.696874],[-85.300545,42.696865],[-85.300492,42.696248],[-85.300814,42.695529],[-85.300824,42.694317],[-85.300692,42.693407],[-85.300804,42.69285],[-85.300811,42.689899],[-85.300813,42.688693],[-85.300844,42.685555],[-85.300866,42.683447],[-85.300888,42.683057],[-85.300549,42.683073],[-85.30054,42.682692],[-85.301871,42.682545],[-85.301887,42.680882],[-85.300863,42.680887],[-85.300619,42.680836],[-85.30065,42.680694]],[[-85.300576,42.680561],[-85.30055,42.680655],[-85.300599,42.680664]],[[-85.300714,42.680684],[-85.300918,42.68072],[-85.300922,42.680271],[-85.300837,42.677901],[-85.300788,42.677762],[-85.300705,42.677119],[-85.300774,42.671459],[-85.300796,42.668703]],[[-85.295262,42.65323],[-85.295221,42.65323],[-85.295219,42.65299],[-85.295261,42.65299]],[[-85.296582,42.660179],[-85.296582,42.66014],[-85.29664,42.660069],[-85.296679,42.660069]],[[-85.296797,42.660068],[-85.296814,42.660068],[-85.296809,42.659875],[-85.296881,42.65984],[-85.296877,42.658581],[-85.296856,42.658571],[-85.296854,42.657901]],[[-85.301292,42.736931],[-85.301317,42.735474],[-85.301302,42.735071],[-85.301332,42.733058],[-85.301374,42.72921],[-85.301423,42.726846],[-85.298859,42.726864],[-85.290202,42.726971],[-85.287466,42.727007],[-85.280944,42.727077],[-85.275193,42.727115],[-85.271786,42.72708],[-85.271354,42.726105],[-85.271557,42.725263],[-85.271588,42.724229],[-85.271508,42.723743],[-85.27154,42.723637],[-85.271527,42.723476],[-85.271515,42.723476]],[[-85.271397,42.723477],[-85.271318,42.723477],[-85.271317,42.723348],[-85.271245,42.723319],[-85.271243,42.723371]],[[-85.301323,42.737018],[-85.301303,42.737581],[-85.301282,42.738567],[-85.301301,42.740978],[-85.301346,42.749251],[-85.301396,42.75279],[-85.301397,42.752825]],[[-85.258555,42.682955],[-85.263551,42.682888],[-85.265476,42.682879],[-85.268119,42.682865],[-85.26984,42.682862],[-85.269904,42.682935],[-85.271459,42.682942],[-85.271564,42.683001],[-85.27162,42.682998],[-85.27154,42.683042],[-85.271539,42.683109],[-85.271518,42.683137],[-85.271297,42.68314]],[[-85.271619,42.682955],[-85.271617,42.682902],[-85.27151,42.682875],[-85.271687,42.682335],[-85.271788,42.681443],[-85.272077,42.680664],[-85.273351,42.680664],[-85.273351,42.680237],[-85.273325,42.67967],[-85.273247,42.678929],[-85.273225,42.677906],[-85.27286,42.676846],[-85.272841,42.6757],[-85.272827,42.672772],[-85.272947,42.671305],[-85.271494,42.671307],[-85.271142,42.67011],[-85.271064,42.665891]],[[-85.300643,42.666954],[-85.300779,42.666942]],[[-85.300665,42.662322],[-85.300801,42.662309]],[[-85.297314,42.645414],[-85.29735,42.645528]],[[-85.296122,42.646891],[-85.296054,42.646903]],[[-85.296708,42.651571],[-85.296744,42.651589]],[[-85.29685,42.657222],[-85.296451,42.657249]],[[-85.296912,42.659409],[-85.296452,42.659428]],[[-85.296847,42.659046],[-85.296448,42.659073]],[[-85.297089,42.659939],[-85.297092,42.660021]],[[-85.296844,42.659764],[-85.296445,42.659792]],[[-85.291456,42.659996],[-85.29147,42.659894]],[[-85.28311,42.659982],[-85.283113,42.660051]],[[-85.279583,42.660264],[-85.27958,42.660351]],[[-85.271668,42.663176],[-85.271824,42.663184]],[[-85.271103,42.668243],[-85.270937,42.668242]],[[-85.272832,42.67413],[-85.273016,42.674147]],[[-85.273359,42.68024],[-85.273543,42.680258]],[[-85.271612,42.68257],[-85.271796,42.682588]],[[-85.301338,42.734837],[-85.301461,42.734844]],[[-85.301407,42.729575],[-85.30153,42.729582]],[[-85.293674,42.726904],[-85.293675,42.726846]],[[-85.280527,42.727052],[-85.280527,42.726995]],[[-85.273447,42.727071],[-85.273447,42.727013]],[[-85.271595,42.725264],[-85.271788,42.725284]],[[-85.271594,42.72269],[-85.271788,42.72271]],[[-85.271682,42.718816],[-85.271875,42.718836]],[[-85.271738,42.712833],[-85.271932,42.712854]],[[-85.271687,42.707606],[-85.27188,42.707626]],[[-85.271705,42.701772],[-85.271898,42.701792]],[[-85.271643,42.696227],[-85.271836,42.696247]],[[-85.271581,42.691422],[-85.271774,42.691442]],[[-85.271571,42.685491],[-85.271764,42.685511]],[[-85.268096,42.682868],[-85.268069,42.682699]],[[-85.262022,42.682904],[-85.261996,42.682735]],[[-85.296857,42.657814],[-85.296856,42.657133],[-85.296842,42.655889],[-85.296819,42.655721],[-85.296826,42.655034],[-85.296907,42.654886],[-85.29681,42.654769],[-85.296822,42.654252],[-85.296824,42.653873],[-85.296818,42.65322],[-85.296848,42.653129],[-85.296862,42.653017],[-85.2968,42.652482],[-85.296782,42.651908],[-85.296706,42.651863],[-85.296703,42.651553],[-85.296777,42.651286],[-85.29676,42.651064],[-85.29675,42.650665],[-85.296493,42.650511],[-85.296183,42.650383],[-85.296176,42.650063],[-85.296034,42.650042],[-85.296035,42.649831],[-85.29614,42.649692],[-85.296128,42.649149],[-85.296168,42.648972],[-85.296155,42.648843],[-85.296128,42.647678],[-85.296138,42.647185],[-85.2961,42.646256],[-85.296208,42.646123],[-85.29668,42.645874],[-85.296684,42.645417],[-85.297588,42.645406],[-85.29757,42.644783],[-85.297591,42.644783]],[[-85.297709,42.64478],[-85.297747,42.64478],[-85.297928,42.644727],[-85.297928,42.644777]],[[-85.300793,42.668616],[-85.300779,42.667516],[-85.300772,42.665312],[-85.300818,42.662994],[-85.300813,42.662685],[-85.300775,42.661094],[-85.301343,42.661085],[-85.301338,42.660016],[-85.2993,42.660016],[-85.296843,42.660024],[-85.296841,42.659887],[-85.296911,42.659848],[-85.296907,42.65857],[-85.29689,42.658561],[-85.296889,42.657901]],[[-85.271062,42.665804],[-85.271045,42.664879],[-85.271698,42.664721],[-85.271681,42.664178],[-85.271684,42.663755],[-85.271667,42.663194],[-85.271661,42.662688],[-85.271872,42.662116],[-85.272361,42.661461],[-85.273055,42.661004],[-85.274406,42.660553],[-85.274583,42.660301],[-85.279483,42.66026],[-85.280741,42.660249],[-85.281225,42.659991],[-85.281647,42.659988]],[[-85.301322,42.736931],[-85.301347,42.735474],[-85.301332,42.735071],[-85.301362,42.733059],[-85.301409,42.72921],[-85.301454,42.726823],[-85.298858,42.726842],[-85.290201,42.726949],[-85.287466,42.726985],[-85.280944,42.727054],[-85.275193,42.727093],[-85.271808,42.727058],[-85.271385,42.726103],[-85.271587,42.725265],[-85.271618,42.724228],[-85.271539,42.723744],[-85.27157,42.723638],[-85.271558,42.723476],[-85.271576,42.723221],[-85.271658,42.720043],[-85.271715,42.715603],[-85.271682,42.714984],[-85.271743,42.712243],[-85.271704,42.708895],[-85.271669,42.706746],[-85.27173,42.70461],[-85.271609,42.693074],[-85.271564,42.690749],[-85.271575,42.689712],[-85.27159,42.687873],[-85.271591,42.686983],[-85.271577,42.686058],[-85.271563,42.685102],[-85.271556,42.684274],[-85.271561,42.683446],[-85.271578,42.683162],[-85.271621,42.683114],[-85.27162,42.683042]],[[-85.281765,42.659987],[-85.282887,42.65998],[-85.285698,42.659991],[-85.28897,42.659988],[-85.291019,42.660003],[-85.294252,42.659984],[-85.296209,42.659996],[-85.296227,42.660028],[-85.296769,42.660026],[-85.296783,42.659862],[-85.296851,42.659831],[-85.296847,42.658593],[-85.296826,42.658581],[-85.296827,42.657901]]]},"properties":{"id":"fna-member-routes-20260918-bd670ce6d88366ba9f3f","sourceId":"fna-member-routes-20260918","source":"Fiber Network Alliance member fiber lines","sourceUrl":"https://www.fibernetworkalliance.com/membership-map-line/","name":"WOW-Lansing published routes","carrier":"WOW-Lansing","category":"unknown","routeStatus":"Status not established","evidence":"publisher_route","dataDate":null,"metadataModified":null,"retrievedAt":"2026-09-18T19:56:04.130240+00:00","networkType":"Published fiber route; precision and network class unverified","serviceability":"Unconfirmed","routeDiversity":"Unconfirmed","states":["MI"],"publishedLineParts":88},"bbox":[-85.306938,42.631285,-85.258555,42.752825]},{"type":"Feature","geometry":{"type":"MultiLineString","coordinates":[[[-85.250594,42.94628],[-85.250577,42.946166]],[[-85.244371,42.946183],[-85.244507,42.946182],[-85.244562,42.946211],[-85.248627,42.94618],[-85.252206,42.946147],[-85.253123,42.946138],[-85.253259,42.946363],[-85.253542,42.946362],[-85.253665,42.946137],[-85.255469,42.945977],[-85.255843,42.945979],[-85.257876,42.946249],[-85.258377,42.946315],[-85.258669,42.946441],[-85.259,42.946449],[-85.259846,42.946383],[-85.262255,42.946364],[-85.263402,42.946325],[-85.264352,42.94634],[-85.265325,42.946323],[-85.266143,42.946294],[-85.266595,42.946272],[-85.266742,42.946323],[-85.26812,42.946332],[-85.269478,42.946309],[-85.271157,42.946341],[-85.272708,42.946347]],[[-85.305207,42.917458],[-85.305217,42.917597]],[[-85.295356,42.916935],[-85.295385,42.916839]],[[-85.292427,42.912863],[-85.292281,42.912887]],[[-85.292425,42.906495],[-85.292278,42.906519]],[[-85.292441,42.902719],[-85.292294,42.902743]],[[-85.289385,42.902125],[-85.289357,42.902034]],[[-85.282011,42.902082],[-85.281984,42.901992]],[[-85.277476,42.912412],[-85.277318,42.912422]],[[-85.277275,42.906038],[-85.277116,42.906048]],[[-85.290392,42.939442],[-85.290441,42.939805]],[[-85.285071,42.939004],[-85.28505,42.939169]],[[-85.274757,42.937279],[-85.274764,42.937218]],[[-85.278419,42.937479],[-85.27841,42.937572]],[[-85.272849,42.939918],[-85.272998,42.939926]],[[-85.273247,42.944203],[-85.273396,42.944211]],[[-85.270737,42.946291],[-85.270721,42.946329]],[[-85.258505,42.946569],[-85.258648,42.946428]],[[-85.274619,42.901977],[-85.274602,42.901922]],[[-85.274932,42.902011],[-85.274941,42.902187]],[[-85.273244,42.901671],[-85.273172,42.901755],[-85.273472,42.90192],[-85.273528,42.902019],[-85.273676,42.90202],[-85.273747,42.901978],[-85.27408,42.901966],[-85.274249,42.901992],[-85.27557,42.902023],[-85.277126,42.902102],[-85.277127,42.902289],[-85.277222,42.902841],[-85.277284,42.906287],[-85.277305,42.907044],[-85.277358,42.907486],[-85.277413,42.908384],[-85.277436,42.909543],[-85.277445,42.909954],[-85.277539,42.910029],[-85.277475,42.911578],[-85.277478,42.913408],[-85.278294,42.913482],[-85.278297,42.913798]],[[-85.278298,42.913885],[-85.278298,42.913906],[-85.278211,42.913925],[-85.278095,42.913927]],[[-85.272826,42.946367],[-85.273253,42.946363],[-85.273228,42.942542],[-85.272896,42.942454],[-85.27283,42.939215],[-85.273284,42.939206],[-85.273692,42.938802],[-85.27374,42.938498],[-85.273841,42.938155],[-85.274061,42.937259],[-85.276746,42.937355],[-85.277862,42.93739],[-85.279083,42.93758],[-85.281378,42.937929],[-85.281782,42.937903],[-85.281951,42.937934],[-85.282054,42.938071],[-85.28277,42.938184],[-85.284862,42.938936],[-85.286946,42.939564],[-85.287161,42.93958],[-85.288355,42.93993],[-85.288782,42.940132],[-85.289316,42.940151],[-85.289492,42.939749],[-85.289828,42.939744],[-85.290414,42.939424],[-85.290447,42.939403]],[[-85.290544,42.939354],[-85.290561,42.939344],[-85.290564,42.939317],[-85.290665,42.93926],[-85.290715,42.939313]],[[-85.28862,42.902152],[-85.288686,42.902152],[-85.288911,42.902129],[-85.292454,42.902117],[-85.29243,42.904628],[-85.292431,42.908432],[-85.292445,42.910268],[-85.29246,42.911815],[-85.292132,42.912229],[-85.292138,42.912351],[-85.292428,42.912774],[-85.292513,42.916708],[-85.293355,42.916926],[-85.293493,42.91697],[-85.297084,42.916912],[-85.297321,42.916982],[-85.298047,42.91698],[-85.298052,42.916699],[-85.299278,42.916821],[-85.3014,42.9168],[-85.3015,42.917505],[-85.30167,42.917504],[-85.301811,42.917468],[-85.306346,42.91745],[-85.309131,42.917472],[-85.311332,42.917469],[-85.311568,42.917006],[-85.311943,42.917003]],[[-85.312002,42.917009],[-85.312003,42.917059]],[[-85.273362,42.901675],[-85.273306,42.901649]],[[-85.273269,42.901683],[-85.273212,42.901749],[-85.273497,42.901905],[-85.273548,42.901997],[-85.273668,42.901998],[-85.273736,42.901956],[-85.274083,42.901946],[-85.27425,42.901971],[-85.275571,42.902001],[-85.277125,42.90208],[-85.277123,42.901787],[-85.277552,42.901676],[-85.277847,42.901714],[-85.277981,42.901883],[-85.279239,42.902123],[-85.279626,42.902119],[-85.283288,42.902065],[-85.283389,42.902178],[-85.285942,42.902184],[-85.286108,42.902089],[-85.286436,42.902096],[-85.286481,42.902162],[-85.288293,42.902136],[-85.288325,42.9021],[-85.288558,42.902096],[-85.28856,42.902149]],[[-85.323239,42.767281],[-85.323246,42.767178]],[[-85.319937,42.766797],[-85.319789,42.766817]],[[-85.315638,42.762366],[-85.315651,42.762199]],[[-85.304074,42.76286],[-85.304088,42.762693]],[[-85.301566,42.757006],[-85.301689,42.757012]],[[-85.301422,42.753773],[-85.301545,42.753779]],[[-85.301389,42.752094],[-85.301512,42.7521]],[[-85.301399,42.752912],[-85.30145,42.755649],[-85.301593,42.757362],[-85.301817,42.759373],[-85.301919,42.762895],[-85.307949,42.762806],[-85.314058,42.762694],[-85.314521,42.762384],[-85.315651,42.762366],[-85.31567,42.763173],[-85.317738,42.763157],[-85.318211,42.763306],[-85.319945,42.763292],[-85.319964,42.765107],[-85.319939,42.766985],[-85.32,42.76761],[-85.3207,42.767794],[-85.322675,42.767794],[-85.322852,42.767286],[-85.324061,42.767272],[-85.324187,42.767519],[-85.324199,42.767519]],[[-85.301032,42.752957],[-85.301053,42.752874],[-85.30139,42.752868]],[[-85.324318,42.767518],[-85.324471,42.767518]],[[-85.282362,42.902191],[-85.282353,42.902105]],[[-85.277052,42.902543],[-85.277197,42.902542]],[[-85.277162,42.906239],[-85.277308,42.906238]],[[-85.273718,42.910276],[-85.273671,42.910156]],[[-85.261745,42.912676],[-85.261698,42.912556]],[[-85.250852,42.913589],[-85.250805,42.913469]],[[-85.263426,42.946343],[-85.263446,42.946484]],[[-85.270818,42.946359],[-85.270828,42.946455]],[[-85.251114,42.946279],[-85.251108,42.946184]],[[-85.222956,42.932206],[-85.222975,42.932214],[-85.22317,42.93215],[-85.223396,42.932021],[-85.223378,42.931601],[-85.22328,42.931063],[-85.223275,42.930586],[-85.223544,42.930553],[-85.224321,42.930178],[-85.225263,42.930052],[-85.225609,42.929947],[-85.227204,42.929824],[-85.228323,42.929661],[-85.228309,42.928829],[-85.228284,42.927296],[-85.228307,42.926741],[-85.228309,42.92653],[-85.228292,42.925952],[-85.229108,42.924363],[-85.229382,42.92416],[-85.229906,42.923877],[-85.230911,42.9233],[-85.232477,42.92243],[-85.233325,42.922188],[-85.234838,42.921597],[-85.235824,42.921091],[-85.237027,42.920644],[-85.238254,42.920053],[-85.240909,42.918686],[-85.242617,42.917917],[-85.243,42.917654],[-85.242998,42.917481],[-85.242952,42.917278],[-85.24297,42.916519],[-85.243143,42.916236],[-85.243147,42.915886],[-85.243188,42.915563],[-85.24323,42.913571],[-85.246339,42.913549],[-85.246972,42.913504],[-85.247224,42.913531],[-85.249897,42.913475],[-85.254496,42.913434],[-85.256465,42.913422],[-85.256563,42.913711],[-85.256919,42.913704],[-85.257159,42.913401],[-85.258113,42.913366],[-85.259062,42.912911],[-85.259901,42.912782],[-85.260278,42.91283],[-85.260574,42.912786],[-85.260653,42.912703],[-85.262549,42.912429],[-85.262524,42.913532],[-85.263423,42.913384],[-85.263534,42.913157],[-85.264039,42.913025],[-85.264601,42.912881],[-85.264753,42.912729],[-85.266131,42.912371],[-85.267001,42.912132],[-85.269097,42.911624],[-85.270806,42.911034],[-85.272164,42.910529],[-85.273009,42.910188],[-85.273355,42.910149],[-85.276008,42.910173],[-85.276269,42.910049],[-85.277477,42.910014],[-85.277467,42.909543],[-85.277443,42.908383],[-85.277388,42.907485],[-85.277336,42.907043],[-85.277314,42.906287],[-85.277252,42.902839],[-85.277157,42.902287],[-85.277153,42.901803],[-85.277555,42.901699],[-85.277828,42.901734],[-85.277961,42.901902],[-85.279236,42.902146],[-85.279626,42.902141],[-85.283272,42.902087],[-85.283372,42.9022],[-85.285952,42.902206],[-85.286118,42.902112],[-85.286417,42.902118],[-85.286463,42.902185],[-85.288501,42.902155]]]},"properties":{"id":"fna-member-routes-20260918-dfe3206fbf6cbba736e0","sourceId":"fna-member-routes-20260918","source":"Fiber Network Alliance member fiber lines","sourceUrl":"https://www.fibernetworkalliance.com/membership-map-line/","name":"WOW-Lansing published routes","carrier":"WOW-Lansing","category":"unknown","routeStatus":"Status not established","evidence":"publisher_route","dataDate":null,"metadataModified":null,"retrievedAt":"2026-09-18T19:56:04.130240+00:00","networkType":"Published fiber route; precision and network class unverified","serviceability":"Unconfirmed","routeDiversity":"Unconfirmed","states":["MI"],"publishedLineParts":49},"bbox":[-85.324471,42.752094,-85.222956,42.946569]},{"type":"Feature","geometry":{"type":"MultiLineString","coordinates":[[[-85.002107,42.245376],[-85.002125,42.245489]],[[-85.004289,42.245302],[-85.004286,42.245129]],[[-85.147822,42.061198],[-85.147824,42.061347]],[[-85.182283,42.041401],[-85.182137,42.041306]],[[-85.208382,42.040774],[-85.208236,42.040679]],[[-85.210969,42.039971],[-85.210823,42.039875]],[[-85.212387,42.038466],[-85.212241,42.038371]],[[-85.247458,42.028603],[-85.247434,42.028491]],[[-85.243941,42.04671],[-85.244116,42.046708]],[[-85.243849,42.041764],[-85.244024,42.041761]],[[-85.243714,42.035557],[-85.243889,42.035555]],[[-85.244018,42.031903],[-85.244193,42.0319]],[[-85.244638,42.049516],[-85.24471,42.049516],[-85.244708,42.04937],[-85.244668,42.049356]],[[-85.244561,42.04932],[-85.244171,42.049188],[-85.244022,42.041564],[-85.244162,42.041384],[-85.244158,42.041149],[-85.243972,42.041042],[-85.243875,42.034343],[-85.244136,42.034315],[-85.24423,42.034174],[-85.244173,42.03055],[-85.244011,42.030552],[-85.243997,42.030502]],[[-85.206445,42.042119],[-85.206657,42.04222]],[[-85.206755,42.042268],[-85.206837,42.042307],[-85.206855,42.042277],[-85.206945,42.041805],[-85.207182,42.041619],[-85.207288,42.041494],[-85.207287,42.041456],[-85.207793,42.040988],[-85.208439,42.040539],[-85.209177,42.040312],[-85.210004,42.040127],[-85.210817,42.039879],[-85.211263,42.039559],[-85.211519,42.039297],[-85.211731,42.038754],[-85.212306,42.038323],[-85.212646,42.037538],[-85.212948,42.038265],[-85.213,42.038308]],[[-85.245088,42.078552],[-85.245088,42.078522],[-85.244949,42.078348],[-85.244892,42.078349]],[[-85.245089,42.078639],[-85.245089,42.078657],[-85.244448,42.07866],[-85.243933,42.078645],[-85.242929,42.078667],[-85.242098,42.078679],[-85.241532,42.078656],[-85.241474,42.078541],[-85.240267,42.078538],[-85.240209,42.078405]],[[-85.18063,42.041687],[-85.180639,42.0417],[-85.180784,42.041739]],[[-85.180896,42.041764],[-85.180933,42.041773],[-85.181251,42.041646],[-85.181658,42.041473],[-85.181732,42.041466],[-85.182627,42.04111]],[[-85.142232,42.057302],[-85.142088,42.057286]],[[-85.145495,42.056235],[-85.145601,42.056344]],[[-85.145831,42.055538],[-85.145751,42.055457]],[[-85.147088,42.056105],[-85.146917,42.056105]],[[-85.141822,42.057846],[-85.14177,42.057764],[-85.141819,42.05772]],[[-85.141894,42.057653],[-85.141928,42.057623],[-85.141872,42.057484],[-85.142142,42.057408],[-85.142344,42.057193],[-85.142225,42.057043],[-85.142338,42.056965],[-85.142564,42.0568],[-85.143121,42.056632],[-85.143676,42.056393],[-85.143959,42.056314],[-85.14413,42.05634],[-85.144252,42.056296],[-85.144264,42.05621],[-85.144667,42.056056],[-85.144805,42.056059],[-85.145066,42.056217],[-85.145244,42.056224],[-85.145457,42.056243],[-85.145569,42.056196],[-85.145337,42.055746],[-85.146584,42.055231],[-85.146944,42.055485],[-85.147079,42.055515],[-85.147097,42.056361]],[[-85.239624,42.102666],[-85.239646,42.102631],[-85.239658,42.102632]],[[-85.239775,42.102635],[-85.239878,42.102638],[-85.24016,42.102858],[-85.240622,42.102842],[-85.243192,42.102716],[-85.244988,42.102589],[-85.245032,42.101898],[-85.245498,42.101498],[-85.245495,42.101414]],[[-85.147117,42.061338],[-85.147439,42.061337],[-85.147499,42.061352],[-85.149412,42.06134],[-85.150131,42.06123]],[[-85.150248,42.061222],[-85.150391,42.06122],[-85.150392,42.061264]],[[-85.135578,42.07455],[-85.135622,42.074519],[-85.135737,42.074631],[-85.135697,42.074781],[-85.135631,42.074821]],[[-85.243551,42.030687],[-85.243533,42.030583]],[[-85.237443,42.031571],[-85.237424,42.031467]],[[-85.231608,42.032994],[-85.231771,42.033152]],[[-85.226525,42.035506],[-85.226433,42.035358]],[[-85.215806,42.037309],[-85.215858,42.037448]],[[-85.21119,42.036046],[-85.211316,42.035938]],[[-85.20468,42.03326],[-85.204677,42.033376]],[[-85.205564,42.033782],[-85.205534,42.033693]],[[-85.201144,42.034078],[-85.201114,42.033988]],[[-85.198334,42.035],[-85.198359,42.034728]],[[-85.196865,42.03551],[-85.196713,42.035382]],[[-85.191604,42.037673],[-85.191452,42.037546]],[[-85.187672,42.039376],[-85.18752,42.039249]],[[-85.184663,42.040493],[-85.184511,42.040366]],[[-85.18011,42.04232],[-85.179958,42.042192]],[[-85.175251,42.044311],[-85.175099,42.044183]],[[-85.16998,42.046452],[-85.169829,42.046325]],[[-85.162781,42.04937],[-85.16263,42.049242]],[[-85.15645,42.051962],[-85.156298,42.051834]],[[-85.149673,42.053854],[-85.149739,42.053927]],[[-85.148486,42.056187],[-85.148589,42.056324]],[[-85.125619,42.080546],[-85.125711,42.080655]],[[-85.131294,42.077952],[-85.131387,42.078061]],[[-85.133535,42.076671],[-85.133627,42.07678]],[[-85.136447,42.074369],[-85.13654,42.074478]],[[-85.140913,42.071771],[-85.141013,42.071908]],[[-85.143292,42.070326],[-85.143393,42.070463]],[[-85.144092,42.068927],[-85.144229,42.06893]],[[-85.147078,42.06487],[-85.14697,42.064871]],[[-85.165448,42.061408],[-85.165464,42.061248]],[[-85.164937,42.061407],[-85.164953,42.061247]],[[-85.160015,42.061745],[-85.160024,42.061837]],[[-85.153443,42.061812],[-85.153452,42.061905]],[[-85.14899,42.061318],[-85.148984,42.061264]],[[-85.147085,42.061422],[-85.146733,42.061436]],[[-85.147082,42.06087],[-85.146974,42.060871]],[[-85.14708,42.058316],[-85.146972,42.058317]],[[-85.245492,42.101327],[-85.245454,42.099833],[-85.245261,42.099626],[-85.245256,42.099048],[-85.245368,42.098728],[-85.24548,42.098325],[-85.24542,42.095052],[-85.244769,42.094529],[-85.244731,42.093483],[-85.244502,42.092628],[-85.244655,42.091935],[-85.244708,42.090793],[-85.244677,42.087118],[-85.24464,42.085643],[-85.244668,42.084451],[-85.245271,42.084399],[-85.24527,42.08416]],[[-85.245268,42.084073],[-85.245257,42.083305]],[[-85.245244,42.083263],[-85.245181,42.083264],[-85.24515,42.083214],[-85.24488,42.083216],[-85.24484,42.083246],[-85.244649,42.083257],[-85.244569,42.083295],[-85.244143,42.083296],[-85.243784,42.083268],[-85.243555,42.083253],[-85.242899,42.083283],[-85.242859,42.083302],[-85.24219,42.08331],[-85.242244,42.082984],[-85.242272,42.08227],[-85.242211,42.082089],[-85.24221,42.081841],[-85.24227,42.081737],[-85.242266,42.081325]],[[-85.242267,42.081235],[-85.242249,42.079832],[-85.243308,42.079823],[-85.243531,42.079763],[-85.244689,42.079797],[-85.244825,42.079661],[-85.24482,42.079364],[-85.245177,42.079347],[-85.24517,42.07885],[-85.245115,42.078676],[-85.244448,42.07868],[-85.243933,42.078664],[-85.242929,42.078687],[-85.242097,42.078698],[-85.241513,42.078674],[-85.241456,42.07856],[-85.240248,42.078557],[-85.240185,42.078411]],[[-85.240152,42.078327],[-85.240024,42.07794],[-85.240007,42.076787],[-85.239841,42.076358],[-85.2399,42.075747],[-85.2399,42.075141],[-85.239984,42.074627],[-85.239777,42.074297],[-85.239723,42.072573],[-85.238561,42.072582]],[[-85.231102,42.072758],[-85.233763,42.073049],[-85.236785,42.073032],[-85.238444,42.072582]],[[-85.213116,42.038337],[-85.213144,42.038349],[-85.213536,42.038153],[-85.214201,42.037977],[-85.214887,42.03768],[-85.215411,42.037564],[-85.21758,42.037027],[-85.219539,42.036515],[-85.220741,42.036228],[-85.220996,42.036559],[-85.221536,42.036596],[-85.222939,42.036399],[-85.225548,42.035617],[-85.22691,42.035211],[-85.228086,42.034775],[-85.231758,42.033365],[-85.231673,42.033194],[-85.231886,42.033109],[-85.232081,42.033152],[-85.232275,42.03314],[-85.233237,42.032784],[-85.235635,42.031876],[-85.236911,42.031489],[-85.238133,42.031431],[-85.238671,42.03137],[-85.239385,42.031346],[-85.243939,42.030503]],[[-85.208693,42.034114],[-85.208797,42.034169],[-85.209941,42.034869],[-85.210209,42.035115],[-85.210413,42.035182],[-85.211928,42.036451],[-85.212433,42.036824],[-85.21271,42.037595],[-85.212978,42.038256],[-85.213018,42.038287]],[[-85.198323,42.03474],[-85.199273,42.03433],[-85.199743,42.034203],[-85.200486,42.034084],[-85.201775,42.033874],[-85.202383,42.03372],[-85.203051,42.033704],[-85.203745,42.033621],[-85.204284,42.033489],[-85.204548,42.03338],[-85.204982,42.033371],[-85.205076,42.033638],[-85.206028,42.033753],[-85.206155,42.033687],[-85.208048,42.033999],[-85.208597,42.034066]],[[-85.194198,42.036392],[-85.196144,42.035604],[-85.196324,42.035495],[-85.1964,42.035506],[-85.198221,42.034783]],[[-85.18274,42.041083],[-85.183818,42.040643],[-85.187057,42.039345],[-85.187147,42.03938],[-85.187561,42.039229],[-85.187547,42.039135],[-85.187882,42.038991],[-85.191767,42.037414],[-85.194098,42.036437]],[[-85.168376,42.046892],[-85.173243,42.044976],[-85.173723,42.044904],[-85.173957,42.044638],[-85.176411,42.04366],[-85.178331,42.042886],[-85.178475,42.042746],[-85.178723,42.042691],[-85.180754,42.041867],[-85.181264,42.041663],[-85.181666,42.041492],[-85.18174,42.041485],[-85.18264,42.041127]],[[-85.165934,42.04789],[-85.166551,42.047649],[-85.166616,42.047563],[-85.166932,42.047442],[-85.167058,42.047433],[-85.168275,42.046937]],[[-85.149076,42.05627],[-85.148675,42.0563],[-85.148068,42.056498],[-85.147894,42.056497],[-85.147564,42.056191],[-85.147555,42.055202],[-85.147468,42.054952],[-85.14762,42.054794],[-85.149215,42.054143],[-85.151496,42.053225],[-85.151788,42.05307],[-85.15352,42.052414],[-85.154213,42.052721],[-85.157448,42.051345],[-85.15992,42.050339],[-85.165833,42.047935]],[[-85.147117,42.061319],[-85.147443,42.061318],[-85.147503,42.061333],[-85.14941,42.061321],[-85.150175,42.06118],[-85.150546,42.061197],[-85.150672,42.061322],[-85.150888,42.061487],[-85.150869,42.061675],[-85.150894,42.061823],[-85.152702,42.061814],[-85.157174,42.061807],[-85.157399,42.061877],[-85.158076,42.061875],[-85.158213,42.061759],[-85.163064,42.061721],[-85.163301,42.061424],[-85.165608,42.061401]],[[-85.120938,42.08246],[-85.122593,42.08205],[-85.12509,42.080943],[-85.125588,42.080562],[-85.126219,42.079956],[-85.128555,42.078881],[-85.129763,42.078829],[-85.130383,42.078481],[-85.132238,42.077417],[-85.134524,42.076089],[-85.135109,42.075336],[-85.13555,42.074887]],[[-85.135645,42.074834],[-85.135707,42.0748],[-85.135904,42.074689],[-85.137362,42.073822]],[[-85.137457,42.07377],[-85.139333,42.072672],[-85.140121,42.072175],[-85.141212,42.071621],[-85.143019,42.070528],[-85.143438,42.070213],[-85.143765,42.070022],[-85.143773,42.070387]],[[-85.143803,42.070387],[-85.143798,42.069959],[-85.14385,42.06986],[-85.143846,42.06957],[-85.143938,42.069509],[-85.143952,42.069455],[-85.144088,42.069329],[-85.144101,42.067741],[-85.144098,42.06712],[-85.143553,42.067089],[-85.143443,42.067023],[-85.143391,42.066944],[-85.143388,42.066691],[-85.143415,42.066641],[-85.143401,42.065316],[-85.143493,42.065272],[-85.143893,42.065279],[-85.147079,42.065211],[-85.147099,42.06396],[-85.147125,42.063597],[-85.147099,42.06348],[-85.147078,42.061885],[-85.147094,42.061384]],[[-85.147093,42.061296],[-85.147081,42.060567],[-85.147085,42.060368]],[[-85.147086,42.060281],[-85.147092,42.059942],[-85.147146,42.059782],[-85.14723,42.059606],[-85.147231,42.059247],[-85.14713,42.0591],[-85.147133,42.058765],[-85.14705,42.058705],[-85.147044,42.058415],[-85.147079,42.058341],[-85.147071,42.057717],[-85.146961,42.057523],[-85.14696,42.057417],[-85.147093,42.057357],[-85.147096,42.056448]],[[-85.147109,42.056405],[-85.147288,42.056403],[-85.147371,42.056506],[-85.147658,42.056557],[-85.148052,42.05655],[-85.1487,42.056345],[-85.149054,42.056319]],[[-85.148685,42.056355],[-85.148748,42.056418]]]},"properties":{"id":"fna-member-routes-20260918-4188c1fe889401de8b07","sourceId":"fna-member-routes-20260918","source":"Fiber Network Alliance member fiber lines","sourceUrl":"https://www.fibernetworkalliance.com/membership-map-line/","name":"WOW-Lansing published routes","carrier":"WOW-Lansing","category":"unknown","routeStatus":"Status not established","evidence":"publisher_route","dataDate":null,"metadataModified":null,"retrievedAt":"2026-09-18T19:56:04.130240+00:00","networkType":"Published fiber route; precision and network class unverified","serviceability":"Unconfirmed","routeDiversity":"Unconfirmed","states":["MI"],"publishedLineParts":91},"bbox":[-85.247458,42.028491,-85.002107,42.245489]},{"type":"Feature","geometry":{"type":"MultiLineString","coordinates":[[[-85.018498,42.428531],[-85.018238,42.428628]],[[-85.021853,42.431058],[-85.022125,42.431002]],[[-85.024706,42.433138],[-85.024978,42.433082]],[[-85.024831,42.435684],[-85.024653,42.435685]],[[-85.020167,42.437828],[-85.020284,42.437638]],[[-85.025631,42.43813],[-85.02563,42.438441]],[[-85.026282,42.440625],[-85.026255,42.440307]],[[-85.024177,42.440895],[-85.023955,42.440233]],[[-85.024191,42.440922],[-85.024085,42.441155]],[[-85.025781,42.440661],[-85.025792,42.440827]],[[-85.032162,42.441211],[-85.032175,42.441372]],[[-85.037256,42.441401],[-85.037268,42.441562]],[[-85.052225,42.440331],[-85.052216,42.440206]],[[-85.042139,42.44043],[-85.04213,42.440305]],[[-85.018417,42.428264],[-85.018384,42.428286]],[[-85.018296,42.428345],[-85.018284,42.428353],[-85.018301,42.428474],[-85.018736,42.428589],[-85.019486,42.429243],[-85.019844,42.429237],[-85.020083,42.429437],[-85.02035,42.429952],[-85.020985,42.430535],[-85.021279,42.430819],[-85.021917,42.431089],[-85.022934,42.431619],[-85.023558,42.432103],[-85.024225,42.432607],[-85.025096,42.433584],[-85.025425,42.434206],[-85.025497,42.434702],[-85.024823,42.434842],[-85.024832,42.435687],[-85.024881,42.436564],[-85.024902,42.436769],[-85.024905,42.43732],[-85.024963,42.437681],[-85.025028,42.437762],[-85.025031,42.438033],[-85.024962,42.438106],[-85.024963,42.438203]],[[-85.018573,42.437054],[-85.018589,42.437018]],[[-85.024147,42.440898],[-85.024177,42.440898],[-85.024365,42.440675],[-85.02492,42.440672],[-85.025093,42.440651],[-85.025139,42.440677],[-85.025962,42.44063],[-85.026382,42.440626],[-85.026443,42.440647],[-85.026862,42.440646],[-85.027003,42.440493],[-85.026801,42.440496],[-85.02675,42.439756],[-85.026719,42.43954],[-85.02675,42.439214],[-85.026747,42.438236],[-85.025367,42.438102],[-85.025085,42.438179],[-85.025079,42.438179],[-85.02504,42.438214],[-85.02502,42.438214]],[[-85.024903,42.438215],[-85.024878,42.438215],[-85.024848,42.438187],[-85.023997,42.438215],[-85.022814,42.438227],[-85.021848,42.438095],[-85.020738,42.437931],[-85.019734,42.437749],[-85.019042,42.437239],[-85.018855,42.437003],[-85.018781,42.436993],[-85.018686,42.43704],[-85.018646,42.437029]],[[-85.023968,42.440906],[-85.024003,42.440906],[-85.024017,42.440918],[-85.02403,42.440918]],[[-85.024147,42.440918],[-85.024191,42.440918],[-85.02438,42.440694],[-85.024922,42.440692],[-85.025086,42.440671],[-85.025131,42.440697],[-85.025963,42.440649],[-85.026376,42.440646],[-85.026437,42.440667],[-85.026876,42.440665],[-85.027035,42.440493],[-85.027437,42.440487],[-85.028013,42.44052],[-85.028085,42.440622],[-85.029947,42.440623],[-85.030367,42.440977],[-85.030944,42.441216],[-85.034455,42.441187],[-85.034989,42.44118],[-85.035256,42.441423],[-85.036495,42.441377],[-85.03686,42.441389],[-85.036889,42.441344],[-85.036937,42.441343],[-85.037043,42.441397],[-85.037557,42.441394],[-85.038422,42.44129],[-85.038687,42.440914],[-85.038684,42.440587],[-85.038668,42.440491],[-85.038675,42.440491]],[[-85.038793,42.440473],[-85.039719,42.440456],[-85.040962,42.440427],[-85.042744,42.440434],[-85.042889,42.440495],[-85.04509,42.440415],[-85.045185,42.440502],[-85.045803,42.440497],[-85.045885,42.440466],[-85.046504,42.440461],[-85.046557,42.440427],[-85.048712,42.440387],[-85.048763,42.440442],[-85.049398,42.440438],[-85.049489,42.440358],[-85.053723,42.440319],[-85.053789,42.440413],[-85.05441,42.440409],[-85.054508,42.44031],[-85.057088,42.440311],[-85.057549,42.440396],[-85.057426,42.44068]],[[-85.057334,42.440858],[-85.057369,42.440866],[-85.057363,42.440806],[-85.057386,42.440763]],[[-85.037719,42.441361],[-85.03773,42.441497]],[[-85.031657,42.441189],[-85.031668,42.441326]],[[-85.025926,42.438135],[-85.025939,42.438066]],[[-85.017375,42.436799],[-85.017438,42.436616]],[[-85.01293,42.434172],[-85.013046,42.433639]],[[-85.004908,42.432067],[-85.004928,42.431893]]]},"properties":{"id":"fna-member-routes-20260918-4d544be953b4344f2263","sourceId":"fna-member-routes-20260918","source":"Fiber Network Alliance member fiber lines","sourceUrl":"https://www.fibernetworkalliance.com/membership-map-line/","name":"WOW-Lansing published routes","carrier":"WOW-Lansing","category":"unknown","routeStatus":"Status not established","evidence":"publisher_route","dataDate":null,"metadataModified":null,"retrievedAt":"2026-09-18T19:56:04.130240+00:00","networkType":"Published fiber route; precision and network class unverified","serviceability":"Unconfirmed","routeDiversity":"Unconfirmed","states":["MI"],"publishedLineParts":29},"bbox":[-85.057549,42.428264,-85.004908,42.441562]},{"type":"Feature","geometry":{"type":"MultiLineString","coordinates":[[[-85.102761,42.749824],[-85.102496,42.749807]]]},"properties":{"id":"fna-member-routes-20260918-b8f591ba10028719a701","sourceId":"fna-member-routes-20260918","source":"Fiber Network Alliance member fiber lines","sourceUrl":"https://www.fibernetworkalliance.com/membership-map-line/","name":"WOW-Lansing published routes","carrier":"WOW-Lansing","category":"unknown","routeStatus":"Status not established","evidence":"publisher_route","dataDate":null,"metadataModified":null,"retrievedAt":"2026-09-18T19:56:04.130240+00:00","networkType":"Published fiber route; precision and network class unverified","serviceability":"Unconfirmed","routeDiversity":"Unconfirmed","states":["MI"],"publishedLineParts":1},"bbox":[-85.102761,42.749807,-85.102496,42.749824]},{"type":"Feature","geometry":{"type":"MultiLineString","coordinates":[[[-85.244085,42.94618],[-85.244085,42.946198],[-85.244189,42.946197],[-85.24421,42.946185],[-85.244252,42.946184]],[[-85.244549,42.946359],[-85.244531,42.946198]],[[-85.223371,42.912589],[-85.223522,42.912608]],[[-85.223661,42.917214],[-85.223811,42.917232]],[[-85.223605,42.923454],[-85.223756,42.923473]],[[-85.240008,42.919124],[-85.24022,42.919226]],[[-85.234266,42.921796],[-85.234478,42.921898]],[[-85.228833,42.92484],[-85.229045,42.924942]],[[-85.226693,42.929836],[-85.226702,42.92974]],[[-85.223238,42.929369],[-85.223389,42.929388]],[[-85.222977,42.932167],[-85.222979,42.932167],[-85.223139,42.932111],[-85.223235,42.932034],[-85.223317,42.931604],[-85.22322,42.931066],[-85.223214,42.930516],[-85.223234,42.929486],[-85.223236,42.928759],[-85.223162,42.927471],[-85.223098,42.92622],[-85.223267,42.92512],[-85.223303,42.924708],[-85.2236,42.923879],[-85.2236,42.92111],[-85.223507,42.920247],[-85.222876,42.920056],[-85.222745,42.919918],[-85.222751,42.918041],[-85.222739,42.917222],[-85.22365,42.917215],[-85.223663,42.916489],[-85.223628,42.915882],[-85.22362,42.914454],[-85.223633,42.914078],[-85.223352,42.914016],[-85.223345,42.913045],[-85.223385,42.91214],[-85.222763,42.911894],[-85.222794,42.911794]],[[-85.22282,42.911709],[-85.22283,42.911677],[-85.222974,42.911703]],[[-85.243012,42.916046],[-85.243085,42.916046]],[[-85.222967,42.932188],[-85.22298,42.932191],[-85.223155,42.93213],[-85.223365,42.93201],[-85.223347,42.931602],[-85.22325,42.931065],[-85.223244,42.930567],[-85.223533,42.930531],[-85.224309,42.930157],[-85.225254,42.93003],[-85.225601,42.929926],[-85.227199,42.929802],[-85.228293,42.929643],[-85.228278,42.928829],[-85.228254,42.927296],[-85.228277,42.92674],[-85.228279,42.92653],[-85.228261,42.925948],[-85.229082,42.92435],[-85.229362,42.924143],[-85.229888,42.923859],[-85.230893,42.923282],[-85.232462,42.92241],[-85.233313,42.922168],[-85.234822,42.921578],[-85.235809,42.921072],[-85.237012,42.920625],[-85.238237,42.920034],[-85.240892,42.918667],[-85.242599,42.9179],[-85.242969,42.917644],[-85.242968,42.917482],[-85.242922,42.917279],[-85.24294,42.916514],[-85.243113,42.916231],[-85.243114,42.91614],[-85.243096,42.916119],[-85.243096,42.91609]],[[-85.140321,42.785528],[-85.140316,42.785423]],[[-85.141722,42.784529],[-85.141641,42.784531]],[[-85.14172,42.780306],[-85.141586,42.780307]],[[-85.144643,42.778128],[-85.144653,42.778437]],[[-85.152377,42.77812],[-85.152381,42.777998]],[[-85.150237,42.778074],[-85.150231,42.777987]],[[-85.101273,42.75745],[-85.101273,42.75755]],[[-85.142103,42.757606],[-85.142104,42.757707]],[[-85.135224,42.756885],[-85.135224,42.756986]],[[-85.139208,42.785541],[-85.139209,42.785395],[-85.139261,42.785395]],[[-85.139379,42.785395],[-85.139467,42.785396],[-85.13985,42.785526],[-85.141209,42.785535],[-85.14173,42.785532],[-85.141723,42.783742],[-85.141607,42.783249],[-85.14167,42.783129],[-85.141676,42.782571],[-85.141773,42.782049],[-85.141816,42.781269],[-85.141895,42.781196],[-85.141897,42.780774],[-85.141843,42.780701],[-85.141838,42.780603],[-85.141729,42.780569],[-85.141704,42.779545],[-85.1417,42.779222],[-85.141697,42.778642],[-85.141911,42.778637],[-85.141914,42.778476],[-85.141949,42.778422],[-85.142042,42.778253]],[[-85.146948,42.778141],[-85.14704,42.778124],[-85.147506,42.778122],[-85.147601,42.778095],[-85.149001,42.778088],[-85.151004,42.778075],[-85.151187,42.778161],[-85.151492,42.778161],[-85.151581,42.778082],[-85.15187,42.778084],[-85.15192,42.778126],[-85.152469,42.778123]],[[-85.152587,42.778122],[-85.152617,42.778122],[-85.152618,42.778204],[-85.152667,42.778232],[-85.152667,42.778262]],[[-85.146906,42.778163],[-85.146676,42.778164],[-85.146511,42.778112],[-85.145885,42.778116],[-85.145819,42.778135],[-85.145498,42.778139],[-85.145455,42.77812],[-85.144524,42.778124],[-85.144414,42.778188],[-85.144039,42.778189],[-85.143762,42.778132],[-85.143707,42.77802],[-85.143256,42.778022],[-85.143042,42.778065],[-85.142108,42.778073],[-85.142059,42.778164]],[[-85.142016,42.778245],[-85.141935,42.778396],[-85.141841,42.778397]],[[-85.127787,42.757037],[-85.12763,42.756821],[-85.131299,42.756859],[-85.135561,42.756883],[-85.137422,42.757464],[-85.141358,42.757592],[-85.142882,42.757626],[-85.142941,42.756777]],[[-85.142946,42.75669],[-85.14295,42.75663],[-85.142904,42.756633]],[[-85.099293,42.7573],[-85.09935,42.757299],[-85.099631,42.757402]],[[-85.099737,42.757441],[-85.099802,42.757465],[-85.09987,42.757371],[-85.100175,42.757369],[-85.100244,42.757449],[-85.102294,42.757453],[-85.102513,42.757269]],[[-85.034759,42.756825],[-85.034746,42.756772]],[[-85.02049,42.756886],[-85.020476,42.756832]],[[-85.016045,42.756824],[-85.015881,42.756847]],[[-85.036718,42.756658],[-85.036718,42.756638],[-85.036693,42.756525],[-85.036631,42.756525]],[[-85.015918,42.756493],[-85.015975,42.756494],[-85.016061,42.756878],[-85.020846,42.75689],[-85.025172,42.756901],[-85.028391,42.756881],[-85.031784,42.756871],[-85.032106,42.756845],[-85.036719,42.756819],[-85.036719,42.756745]],[[-85.221786,42.873251],[-85.221878,42.873378]],[[-85.216399,42.873274],[-85.216491,42.873401]],[[-85.243411,42.914244],[-85.243222,42.914158]],[[-85.239472,42.919623],[-85.239282,42.919537]],[[-85.234819,42.921776],[-85.23463,42.92169]],[[-85.228939,42.92516],[-85.228749,42.925074]],[[-85.226085,42.929778],[-85.22612,42.929909]],[[-85.240111,42.946003],[-85.240123,42.946125]],[[-85.226341,42.946214],[-85.226353,42.946337]],[[-85.224096,42.94149],[-85.224336,42.941412]],[[-85.223974,42.934689],[-85.223793,42.934805]],[[-85.223603,42.931648],[-85.223386,42.931628]],[[-85.22391,42.931983],[-85.223765,42.932225]],[[-85.2226,42.931468],[-85.2226,42.932066]],[[-85.217485,42.929286],[-85.217634,42.92928]],[[-85.217289,42.926796],[-85.217439,42.92679]],[[-85.214074,42.924841],[-85.214223,42.924835]],[[-85.209291,42.922557],[-85.209441,42.922552]],[[-85.202838,42.868055],[-85.202988,42.868049]],[[-85.205244,42.864826],[-85.205336,42.864953]],[[-85.213623,42.860679],[-85.213791,42.860681]],[[-85.218936,42.859077],[-85.219104,42.859079]],[[-85.223283,42.856643],[-85.223206,42.856643]],[[-85.223939,42.851393],[-85.223922,42.851283]],[[-85.234759,42.851138],[-85.234742,42.851028]],[[-85.20639,42.921291],[-85.208317,42.921966],[-85.208372,42.922083],[-85.209434,42.922447],[-85.209449,42.922658],[-85.212374,42.923712],[-85.21279,42.92392],[-85.213894,42.924636],[-85.21483,42.925196],[-85.21658,42.926228],[-85.217507,42.926825],[-85.217436,42.926871]],[[-85.22291,42.932175],[-85.222884,42.932222],[-85.223031,42.932238],[-85.223933,42.932231],[-85.223919,42.933518],[-85.223701,42.933754],[-85.22372,42.934726],[-85.22385,42.93488],[-85.223627,42.93513],[-85.223631,42.935807],[-85.223675,42.939144],[-85.223886,42.94008],[-85.223958,42.940334],[-85.224045,42.940612],[-85.224423,42.941094],[-85.224214,42.941255],[-85.224349,42.941428],[-85.224492,42.941876],[-85.224496,42.942031],[-85.224643,42.942826],[-85.224952,42.943631],[-85.224874,42.94411],[-85.2246,42.944773],[-85.223648,42.94636],[-85.225594,42.94634],[-85.232528,42.946338],[-85.233443,42.946388],[-85.233958,42.946377],[-85.234491,42.94629],[-85.235261,42.946168],[-85.237158,42.946128],[-85.237961,42.946094],[-85.23929,42.946076],[-85.23973,42.946096],[-85.240405,42.946153],[-85.241658,42.946083],[-85.242776,42.946127],[-85.243321,42.946003],[-85.243958,42.946235],[-85.248627,42.9462],[-85.252206,42.946167],[-85.253106,42.946158],[-85.253241,42.946382],[-85.25356,42.946381],[-85.253684,42.946155],[-85.25547,42.945996],[-85.25584,42.945999],[-85.257872,42.946269],[-85.258368,42.946333],[-85.258662,42.946461],[-85.259001,42.946469],[-85.259848,42.946403],[-85.262255,42.946383],[-85.263403,42.946344],[-85.264352,42.946359],[-85.265326,42.946342],[-85.266144,42.946313],[-85.26659,42.946292],[-85.266736,42.946342],[-85.26812,42.946351],[-85.269478,42.946329],[-85.271156,42.94636],[-85.272708,42.946366]],[[-85.217457,42.926907],[-85.217546,42.926853],[-85.217603,42.927221],[-85.21766,42.930355],[-85.217569,42.931178],[-85.217609,42.931995],[-85.21795,42.932172],[-85.219872,42.932137],[-85.22046,42.932136],[-85.220504,42.932109],[-85.221429,42.932086],[-85.222245,42.932076],[-85.222625,42.932069],[-85.22286,42.93215]],[[-85.222917,42.932164],[-85.222933,42.93214]],[[-85.202996,42.871376],[-85.202991,42.865929],[-85.203869,42.865505],[-85.20405,42.865312],[-85.20565,42.864871],[-85.206284,42.864956],[-85.206547,42.864837],[-85.206677,42.864101],[-85.208609,42.863519],[-85.208967,42.86341],[-85.209661,42.863291],[-85.209905,42.862825],[-85.210157,42.862787],[-85.210866,42.862801],[-85.211673,42.862435],[-85.212813,42.861836],[-85.213804,42.860676],[-85.214733,42.860205],[-85.217372,42.860179],[-85.218247,42.860813],[-85.218723,42.860587],[-85.219155,42.860133],[-85.219481,42.859885],[-85.219567,42.85962],[-85.219108,42.859078],[-85.219217,42.858546],[-85.219825,42.858304],[-85.220901,42.858298],[-85.221313,42.858209],[-85.221571,42.858191],[-85.221613,42.858082],[-85.222,42.857784],[-85.222219,42.857751],[-85.222225,42.857578],[-85.222647,42.857174],[-85.223179,42.85701],[-85.223197,42.856744],[-85.223225,42.853759],[-85.223251,42.851295],[-85.225662,42.851234],[-85.226435,42.851223],[-85.228747,42.851195],[-85.22897,42.851052],[-85.236592,42.851015],[-85.236596,42.851438],[-85.236758,42.851436]],[[-85.236818,42.851433],[-85.236818,42.851369]],[[-85.210116,42.873433],[-85.221994,42.873381],[-85.222093,42.873543],[-85.222431,42.873543]],[[-85.22255,42.873543],[-85.222605,42.873543]],[[-85.146919,42.778144],[-85.146681,42.778145],[-85.146517,42.778093],[-85.14588,42.778097],[-85.145814,42.778116],[-85.145506,42.778119],[-85.145463,42.7781],[-85.144514,42.778104],[-85.144405,42.778169],[-85.144043,42.77817],[-85.143782,42.778116],[-85.143726,42.778],[-85.143252,42.778003],[-85.143038,42.778045],[-85.142109,42.778053],[-85.141761,42.778114],[-85.140829,42.778105],[-85.140695,42.778093],[-85.140061,42.778103],[-85.139952,42.778143],[-85.138511,42.778155],[-85.138387,42.778108],[-85.138188,42.778108],[-85.138148,42.778149],[-85.136543,42.77815],[-85.135562,42.778055],[-85.13511,42.778097],[-85.13473,42.778021],[-85.134338,42.777842],[-85.134073,42.777724],[-85.133841,42.777733],[-85.133528,42.777599],[-85.133468,42.777374],[-85.131552,42.776437],[-85.129674,42.775508],[-85.129507,42.77572],[-85.127746,42.774864],[-85.126388,42.774092],[-85.125555,42.773498],[-85.122532,42.77217],[-85.122404,42.771185],[-85.120258,42.7712]],[[-85.102356,42.765549],[-85.102142,42.765567]],[[-85.120139,42.771201],[-85.102259,42.771328],[-85.102379,42.764565],[-85.102379,42.764564]],[[-85.113902,42.756962],[-85.116342,42.756948],[-85.118507,42.757321],[-85.118967,42.757343],[-85.118709,42.756717],[-85.122144,42.756715],[-85.122255,42.756729],[-85.122322,42.756709],[-85.125835,42.756699],[-85.125973,42.756826],[-85.126188,42.756824],[-85.126324,42.756801],[-85.126745,42.756799],[-85.127588,42.756804],[-85.127763,42.757046]],[[-85.092557,42.756903],[-85.095182,42.757403],[-85.097318,42.757426],[-85.097318,42.757436]],[[-85.082946,42.756922],[-85.083523,42.756791],[-85.092439,42.756893]],[[-85.060282,42.756779],[-85.060282,42.75688]],[[-85.060758,42.756797],[-85.060758,42.756898]],[[-85.066265,42.756846],[-85.066265,42.756947]],[[-85.078993,42.756821],[-85.078993,42.756922]],[[-85.060115,42.756796],[-85.061383,42.756789],[-85.064502,42.756864],[-85.069016,42.756806],[-85.076911,42.756817],[-85.081798,42.756818],[-85.082802,42.757021],[-85.082854,42.757009]],[[-85.004743,42.756336],[-85.004772,42.756565]],[[-85.005218,42.756353],[-85.005294,42.756511]],[[-85.003826,42.756654],[-85.003832,42.756713]],[[-85.002705,42.756633],[-85.003241,42.756656],[-85.003858,42.75665],[-85.00403,42.75638],[-85.004556,42.756381],[-85.004656,42.756334],[-85.005264,42.756346]],[[-84.997599,42.756267],[-84.999594,42.756276],[-84.999759,42.756586],[-85.00091,42.756605],[-85.002105,42.756608],[-85.002587,42.756628]],[[-85.058979,42.756786],[-85.058983,42.75692]],[[-85.082713,42.767004],[-85.082866,42.767015]],[[-85.082714,42.76568],[-85.082867,42.76569]],[[-85.082792,42.763079],[-85.082945,42.763089]],[[-85.082836,42.759066],[-85.082989,42.759076]],[[-85.083654,42.756794],[-85.083655,42.756895]],[[-85.144672,42.778098],[-85.144676,42.777938]],[[-85.136896,42.778146],[-85.1369,42.778019]],[[-85.132155,42.776726],[-85.132356,42.776541]],[[-85.125795,42.773665],[-85.125997,42.77348]],[[-85.121494,42.771189],[-85.121482,42.771029]],[[-85.113276,42.771242],[-85.113264,42.771082]],[[-85.1023,42.768742],[-85.102159,42.768749]]]},"properties":{"id":"fna-member-routes-20260918-8025a7c7c98a7ac1eec3","sourceId":"fna-member-routes-20260918","source":"Fiber Network Alliance member fiber lines","sourceUrl":"https://www.fibernetworkalliance.com/membership-map-line/","name":"WOW-Lansing published routes","carrier":"WOW-Lansing","category":"unknown","routeStatus":"Status not established","evidence":"publisher_route","dataDate":null,"metadataModified":null,"retrievedAt":"2026-09-18T19:56:04.130240+00:00","networkType":"Published fiber route; precision and network class unverified","serviceability":"Unconfirmed","routeDiversity":"Unconfirmed","states":["MI"],"publishedLineParts":100},"bbox":[-85.272708,42.756267,-84.997599,42.946469]},{"type":"Feature","geometry":{"type":"MultiLineString","coordinates":[[[-85.102392,42.763662],[-85.102252,42.76367]],[[-85.102482,42.75933],[-85.102342,42.759338]],[[-85.102569,42.753521],[-85.102405,42.753513]],[[-85.123571,42.756707],[-85.123572,42.756807]],[[-85.115868,42.756955],[-85.115868,42.757056]],[[-85.111102,42.756956],[-85.111102,42.757057]],[[-85.105279,42.756952],[-85.105279,42.757053]],[[-85.082705,42.767379],[-85.082725,42.764464]],[[-85.102381,42.764477],[-85.102396,42.763623],[-85.102535,42.757335]],[[-85.082726,42.764377],[-85.082726,42.764289],[-85.082699,42.76403],[-85.082792,42.762996],[-85.082761,42.761543],[-85.082911,42.757013]],[[-85.060115,42.756776],[-85.061384,42.756769],[-85.064502,42.756845],[-85.069016,42.756786],[-85.076911,42.756797],[-85.081801,42.756799],[-85.082693,42.75698],[-85.082833,42.756948]],[[-85.015917,42.756513],[-85.015952,42.756513],[-85.016038,42.756898],[-85.020846,42.756909],[-85.025172,42.75692],[-85.028391,42.756901],[-85.031786,42.756891],[-85.032108,42.756864],[-85.036741,42.756838],[-85.040663,42.756772],[-85.045214,42.756782],[-85.054393,42.756759],[-85.055337,42.756811],[-85.059997,42.756774]],[[-85.098778,42.758357],[-85.098778,42.758458]],[[-85.089801,42.75687],[-85.089801,42.756971]],[[-85.078414,42.7568],[-85.078414,42.756901]],[[-85.066808,42.756817],[-85.066808,42.756918]],[[-85.044757,42.756783],[-85.044758,42.756884]],[[-85.032971,42.756862],[-85.032976,42.756921]],[[-85.021432,42.756911],[-85.021437,42.75697]],[[-85.016107,42.756903],[-85.016112,42.756962]],[[-85.012042,42.756475],[-85.012047,42.756534]],[[-85.001282,42.756608],[-85.001289,42.756732]],[[-85.005382,42.756348],[-85.007128,42.756382],[-85.007205,42.756416],[-85.007341,42.756418],[-85.00743,42.756388],[-85.008617,42.75641],[-85.010933,42.756443],[-85.011103,42.756483],[-85.011239,42.756487],[-85.011366,42.75646],[-85.011967,42.756472],[-85.015799,42.756511]],[[-85.09732,42.757523],[-85.097334,42.758326],[-85.099453,42.758367],[-85.099446,42.757799],[-85.09982,42.757481],[-85.099886,42.757391],[-85.100161,42.757388],[-85.100229,42.757468],[-85.102306,42.757473],[-85.102519,42.757293]],[[-85.102549,42.757287],[-85.103673,42.756992],[-85.10469,42.756956],[-85.10785,42.756953],[-85.113784,42.756962]],[[-85.102887,42.749406],[-85.102613,42.750332],[-85.102533,42.757247]],[[-85.056398,42.756803],[-85.056402,42.756937]]]},"properties":{"id":"fna-member-routes-20260918-03c9be0978cdbb491f1f","sourceId":"fna-member-routes-20260918","source":"Fiber Network Alliance member fiber lines","sourceUrl":"https://www.fibernetworkalliance.com/membership-map-line/","name":"WOW-Lansing published routes","carrier":"WOW-Lansing","category":"unknown","routeStatus":"Status not established","evidence":"publisher_route","dataDate":null,"metadataModified":null,"retrievedAt":"2026-09-18T19:56:04.130240+00:00","networkType":"Published fiber route; precision and network class unverified","serviceability":"Unconfirmed","routeDiversity":"Unconfirmed","states":["MI"],"publishedLineParts":27},"bbox":[-85.123572,42.749406,-85.001282,42.767379]},{"type":"Feature","geometry":{"type":"MultiLineString","coordinates":[[[-84.765979,42.237693],[-84.765956,42.237584]],[[-84.763967,42.237714],[-84.763988,42.237587]],[[-84.756671,42.249201],[-84.756657,42.249423]],[[-84.752057,42.239834],[-84.752057,42.239896]],[[-84.753373,42.2402],[-84.753379,42.240118]],[[-84.752745,42.238147],[-84.752563,42.238129]],[[-84.753895,42.238945],[-84.753708,42.238957]],[[-84.770554,42.232439],[-84.770606,42.232582]],[[-84.760803,42.232501],[-84.76075,42.232336]],[[-84.762054,42.246893],[-84.761897,42.247368]],[[-84.760814,42.246749],[-84.760031,42.246819]],[[-84.75973,42.235061],[-84.759729,42.234986],[-84.759764,42.234907],[-84.759736,42.234674],[-84.759684,42.234567],[-84.759514,42.233088],[-84.759824,42.233039],[-84.759788,42.232642],[-84.761603,42.232391],[-84.762165,42.232326],[-84.762216,42.232337],[-84.764585,42.232191],[-84.76485,42.232296],[-84.765048,42.232201],[-84.767004,42.232123],[-84.767216,42.23258],[-84.767476,42.232625],[-84.767689,42.232554],[-84.768916,42.232514],[-84.770515,42.232443],[-84.773547,42.232322],[-84.773538,42.232235]],[[-84.773528,42.232148],[-84.773524,42.232106],[-84.773584,42.232079],[-84.77358,42.232035]],[[-84.759864,42.238148],[-84.75997,42.238135],[-84.759981,42.237895],[-84.760046,42.237856],[-84.760193,42.237853],[-84.760313,42.237902],[-84.761715,42.237885],[-84.761832,42.237706],[-84.762032,42.237705],[-84.762107,42.237727],[-84.76251,42.237723],[-84.762681,42.23759],[-84.76313,42.237587],[-84.763459,42.237716],[-84.76477,42.23772],[-84.764881,42.237643],[-84.765228,42.237642],[-84.765322,42.237694],[-84.766458,42.237692],[-84.766458,42.237714]],[[-84.766475,42.237928],[-84.766475,42.237873],[-84.766459,42.237857],[-84.766459,42.237801]],[[-84.74627,42.236399],[-84.746272,42.236634],[-84.746155,42.236682],[-84.746154,42.236763],[-84.746266,42.236824],[-84.746278,42.237633],[-84.746671,42.237769],[-84.747832,42.237973],[-84.748307,42.23772],[-84.749185,42.237717],[-84.749244,42.237783],[-84.749696,42.237782],[-84.749757,42.237706],[-84.749969,42.237708],[-84.750552,42.237717],[-84.750745,42.237781],[-84.750788,42.237802],[-84.750906,42.2378],[-84.751093,42.237702],[-84.752762,42.237742],[-84.752873,42.237797],[-84.752813,42.237877],[-84.752804,42.238115],[-84.752706,42.238168],[-84.752711,42.238576],[-84.752806,42.238576],[-84.752876,42.238661],[-84.752808,42.238736],[-84.752806,42.238854],[-84.753862,42.238869],[-84.753939,42.239029],[-84.753873,42.239135]],[[-84.751239,42.240192],[-84.751283,42.240192],[-84.751295,42.240177],[-84.751306,42.240177]],[[-84.751315,42.240134],[-84.751316,42.240116],[-84.751615,42.240115],[-84.751668,42.239831],[-84.752904,42.239837],[-84.753047,42.240202],[-84.753839,42.240203],[-84.753821,42.239541],[-84.75387,42.239292],[-84.753922,42.239198],[-84.753887,42.239188]],[[-84.759968,42.246764],[-84.759983,42.246769],[-84.759999,42.246804],[-84.760075,42.246847],[-84.760132,42.247007],[-84.760166,42.24702],[-84.760297,42.247006],[-84.760555,42.247008],[-84.76082,42.247047],[-84.76086,42.247093],[-84.761226,42.247207],[-84.761429,42.247379],[-84.761648,42.247441],[-84.761778,42.247339],[-84.762108,42.247418],[-84.76213,42.247442],[-84.762198,42.247462]],[[-84.762307,42.247495],[-84.762364,42.247515],[-84.762414,42.247426],[-84.762415,42.247247],[-84.762369,42.247231]],[[-84.756802,42.249089],[-84.756803,42.249199],[-84.75648,42.249199],[-84.756454,42.249108],[-84.756354,42.249084],[-84.756351,42.249028]],[[-84.969185,42.23314],[-84.969013,42.233152]],[[-84.969478,42.237974],[-84.969306,42.237986]],[[-84.969713,42.24352],[-84.969541,42.243532]],[[-84.969877,42.248318],[-84.969705,42.24833]],[[-84.997347,42.245428],[-84.997366,42.245541]],[[-84.995916,42.247844],[-84.996126,42.247862]],[[-84.942501,42.241597],[-84.942727,42.241574]],[[-84.945065,42.243854],[-84.945292,42.243831]],[[-84.950303,42.249359],[-84.950182,42.249366]],[[-84.813828,42.138151],[-84.813815,42.137997]],[[-84.810311,42.141476],[-84.810209,42.141454]],[[-84.811982,42.139486],[-84.811814,42.139477]],[[-84.807901,42.138383],[-84.807892,42.138474]],[[-84.809553,42.138541],[-84.809544,42.138631]],[[-84.811906,42.138917],[-84.812029,42.138252],[-84.812363,42.138237],[-84.812466,42.137844],[-84.813943,42.138006],[-84.815119,42.138101],[-84.815333,42.138146],[-84.816184,42.138232]],[[-84.816191,42.13802],[-84.816237,42.138024],[-84.816283,42.13806],[-84.816264,42.138199],[-84.816243,42.138228]],[[-84.810082,42.141448],[-84.810119,42.141452]],[[-84.810143,42.141454],[-84.810207,42.14146],[-84.810213,42.141404],[-84.810128,42.141324],[-84.810156,42.141143],[-84.810039,42.141095],[-84.810043,42.140916],[-84.810045,42.140783],[-84.810101,42.140733],[-84.810362,42.140671],[-84.811249,42.140745],[-84.81142,42.14042],[-84.811471,42.140351],[-84.811535,42.139865],[-84.811735,42.139886],[-84.81185,42.139236],[-84.811903,42.1392],[-84.811923,42.139082],[-84.811888,42.139002],[-84.811901,42.138942]],[[-84.806636,42.137699],[-84.806667,42.137703],[-84.806682,42.137619],[-84.806669,42.137618]],[[-84.806577,42.137702],[-84.806546,42.137855],[-84.806508,42.138074],[-84.806959,42.138127],[-84.806921,42.138389],[-84.807173,42.138415],[-84.80801,42.138488],[-84.808134,42.138521],[-84.808255,42.138531],[-84.808462,42.138519],[-84.809832,42.138668],[-84.809916,42.138692],[-84.81011,42.138712],[-84.810303,42.138674],[-84.811278,42.138789],[-84.811678,42.138789],[-84.811792,42.138843],[-84.811831,42.1389],[-84.81185,42.138902]],[[-84.973125,42.256487],[-84.971468,42.25649],[-84.971213,42.256111],[-84.970553,42.256079],[-84.970089,42.256079],[-84.970076,42.255522],[-84.969934,42.255205],[-84.969858,42.255158],[-84.969855,42.254866],[-84.970091,42.254815],[-84.970084,42.253963],[-84.970023,42.253131],[-84.970031,42.251023],[-84.969905,42.250209],[-84.969979,42.25019],[-84.969933,42.249713],[-84.969752,42.249367],[-84.96975,42.24916],[-84.969948,42.249084],[-84.969946,42.248831],[-84.969811,42.2478],[-84.969707,42.243047],[-84.969739,42.241736],[-84.969711,42.241368],[-84.969446,42.237448],[-84.969485,42.236781],[-84.969134,42.232454],[-84.969418,42.232198],[-84.969445,42.232053]],[[-84.969448,42.232023],[-84.969454,42.231836],[-84.969368,42.231836]],[[-84.941719,42.241665],[-84.941726,42.241654],[-84.941816,42.241678],[-84.941926,42.241565],[-84.941937,42.241565]],[[-84.753515,42.249016],[-84.753499,42.248916]],[[-84.756698,42.2487],[-84.756605,42.248702]],[[-84.756757,42.246654],[-84.756664,42.246657]],[[-84.750059,42.240256],[-84.750173,42.240265]],[[-84.752844,42.239795],[-84.752839,42.239693]],[[-84.753809,42.239982],[-84.753692,42.239993]],[[-84.753773,42.239898],[-84.753595,42.23991]],[[-84.753894,42.23888],[-84.753743,42.238908]],[[-84.752732,42.238241],[-84.752494,42.238305]],[[-84.754479,42.237635],[-84.754476,42.237503]],[[-84.755193,42.160836],[-84.75492,42.160816]],[[-84.755584,42.166644],[-84.755311,42.166625]],[[-84.755913,42.171673],[-84.75564,42.171653]],[[-84.756299,42.177264],[-84.756027,42.177245]],[[-84.756674,42.182974],[-84.756401,42.182954]],[[-84.757023,42.188546],[-84.756751,42.188526]],[[-84.757214,42.194206],[-84.756941,42.194186]],[[-84.757753,42.200169],[-84.75748,42.200149]],[[-84.758136,42.205786],[-84.757863,42.205767]],[[-84.758449,42.210999],[-84.758177,42.210979]],[[-84.758789,42.216579],[-84.758516,42.216559]],[[-84.759132,42.222319],[-84.758859,42.222299]],[[-84.758831,42.227667],[-84.758558,42.227647]],[[-84.75751,42.232763],[-84.757622,42.232765]],[[-84.759708,42.235178],[-84.759515,42.235185]],[[-84.759609,42.236671],[-84.759516,42.236699]],[[-84.759653,42.236725],[-84.75954,42.23676]],[[-84.758879,42.237703],[-84.758891,42.237552]],[[-84.755792,42.237123],[-84.756046,42.237132]],[[-84.755303,42.237045],[-84.755187,42.237061]],[[-84.756388,42.238562],[-84.756272,42.238579]],[[-84.756414,42.238664],[-84.756299,42.23868]],[[-84.758676,42.241317],[-84.758628,42.241323]],[[-84.758537,42.241232],[-84.758457,42.241244]],[[-84.759556,42.240072],[-84.759557,42.239976]],[[-84.759858,42.238526],[-84.759485,42.2386]],[[-84.760108,42.23978],[-84.76039,42.239692]],[[-84.760355,42.240576],[-84.760627,42.240571]],[[-84.760339,42.241605],[-84.76017,42.24161]],[[-84.760015,42.245136],[-84.759846,42.245141]],[[-84.759927,42.246783],[-84.759509,42.246783]],[[-84.759913,42.246808],[-84.759489,42.246796]],[[-84.762123,42.247465],[-84.762066,42.24756]],[[-84.762176,42.24757],[-84.762086,42.247703]],[[-84.765667,42.248518],[-84.765582,42.248636]],[[-84.765855,42.248609],[-84.765769,42.248727]],[[-84.756413,42.238771],[-84.756421,42.238144],[-84.75681,42.238123]],[[-84.756387,42.238771],[-84.756395,42.238126],[-84.756808,42.238104]],[[-84.756348,42.248941],[-84.756347,42.248877],[-84.756702,42.248783],[-84.7567,42.248502],[-84.756774,42.24841],[-84.756772,42.248226],[-84.756717,42.2482],[-84.756746,42.247337],[-84.756682,42.247257],[-84.756685,42.247055],[-84.75676,42.247026],[-84.756762,42.246914],[-84.756756,42.246479],[-84.756623,42.2464],[-84.75662,42.246189],[-84.756699,42.246073],[-84.757262,42.246088],[-84.757314,42.24612],[-84.758081,42.246333],[-84.758148,42.246401],[-84.758487,42.246433],[-84.758794,42.246574],[-84.758974,42.246572],[-84.759061,42.24653],[-84.759275,42.246543],[-84.759343,42.246655],[-84.759686,42.246746],[-84.759805,42.246719],[-84.759858,42.246734]],[[-84.751135,42.239855],[-84.751136,42.240077],[-84.751569,42.240077],[-84.751622,42.239791],[-84.752943,42.239799],[-84.753086,42.240163],[-84.753786,42.240164],[-84.753768,42.239539],[-84.753819,42.239282],[-84.753851,42.239224]],[[-84.753897,42.239143],[-84.753967,42.23903],[-84.75388,42.23885],[-84.752832,42.238835],[-84.752834,42.238743],[-84.752907,42.238662],[-84.752821,42.238557],[-84.752737,42.238556],[-84.752732,42.238178],[-84.75283,42.238125],[-84.752838,42.237898],[-84.754025,42.237898],[-84.754024,42.237731],[-84.754343,42.237724],[-84.754428,42.237637],[-84.754615,42.237638],[-84.754704,42.237737],[-84.755152,42.237737],[-84.755238,42.237816],[-84.755735,42.237814],[-84.7558,42.237651],[-84.756715,42.237645],[-84.756766,42.237631],[-84.756881,42.237627]],[[-84.756609,42.236956],[-84.756185,42.236961],[-84.756129,42.237069],[-84.755791,42.237064],[-84.755785,42.237583],[-84.756009,42.23758],[-84.756142,42.237542],[-84.756937,42.23753],[-84.75694,42.237614]],[[-84.756611,42.236918],[-84.756582,42.236851],[-84.756086,42.23685],[-84.756062,42.236851],[-84.755982,42.236805],[-84.755749,42.23681],[-84.755719,42.236834],[-84.755301,42.236843],[-84.755319,42.23741],[-84.755325,42.237732],[-84.755365,42.237798],[-84.755389,42.238088],[-84.755841,42.238089],[-84.755867,42.238058],[-84.756066,42.238057],[-84.756126,42.238035],[-84.756254,42.238034],[-84.756276,42.238082],[-84.756634,42.238083],[-84.756634,42.238023],[-84.756861,42.238019],[-84.758076,42.23803],[-84.758093,42.238014],[-84.758319,42.238013],[-84.758357,42.238065],[-84.75846,42.238068],[-84.758552,42.238094],[-84.758864,42.238016],[-84.759531,42.23803],[-84.759786,42.238044],[-84.759786,42.238076],[-84.759816,42.238094],[-84.759818,42.238106]],[[-84.756927,42.237659],[-84.757324,42.23766],[-84.757328,42.237744],[-84.7574,42.237779],[-84.757788,42.237778],[-84.75786,42.237808],[-84.75799,42.237809],[-84.758101,42.237713],[-84.758519,42.237724],[-84.758858,42.2377],[-84.759662,42.237733],[-84.759818,42.238037],[-84.75982,42.238052],[-84.759815,42.238071],[-84.759846,42.238086],[-84.759846,42.238105]],[[-84.755355,42.154969],[-84.75549,42.156111],[-84.755664,42.158575],[-84.755958,42.159351],[-84.755661,42.159867],[-84.755193,42.160797],[-84.755749,42.169123],[-84.756129,42.1747],[-84.756463,42.179702],[-84.756896,42.18643],[-84.757101,42.189905],[-84.75712,42.190454],[-84.757122,42.192909],[-84.757173,42.193766],[-84.757607,42.197857],[-84.757709,42.198977],[-84.757743,42.199945],[-84.757847,42.201319],[-84.758028,42.203996],[-84.758298,42.208471],[-84.758645,42.214379],[-84.758905,42.218502],[-84.759048,42.220493],[-84.759121,42.221834],[-84.759201,42.223503],[-84.759915,42.224753],[-84.759919,42.225341],[-84.759776,42.226037],[-84.759376,42.226923],[-84.75907,42.227258],[-84.758819,42.227699],[-84.758131,42.228574],[-84.757897,42.228931],[-84.757755,42.229156],[-84.757465,42.229788],[-84.757196,42.23072],[-84.757118,42.231664],[-84.757496,42.231642],[-84.757465,42.231832],[-84.757471,42.232625],[-84.757547,42.232905],[-84.757558,42.233227],[-84.757469,42.233323],[-84.75747,42.233864],[-84.757419,42.233936],[-84.757421,42.234211],[-84.757484,42.234253],[-84.757487,42.234664],[-84.757632,42.234664],[-84.757634,42.234707],[-84.757559,42.234805],[-84.757561,42.234965],[-84.757712,42.235069],[-84.75864,42.235067],[-84.758743,42.234965],[-84.758927,42.234964],[-84.758986,42.235004],[-84.759703,42.234982],[-84.759707,42.235062]],[[-84.759735,42.235967],[-84.759749,42.236262],[-84.759821,42.236269],[-84.759823,42.236397],[-84.759707,42.236397],[-84.759699,42.236562],[-84.759635,42.236595],[-84.759638,42.236724],[-84.759807,42.236737],[-84.759808,42.23693],[-84.759763,42.236978],[-84.759764,42.237031],[-84.759862,42.237114],[-84.759834,42.237333],[-84.759779,42.237464],[-84.759747,42.237526],[-84.759748,42.237688],[-84.759914,42.237764],[-84.759919,42.237822],[-84.759917,42.237859],[-84.759875,42.238044],[-84.759898,42.238066],[-84.759897,42.238161],[-84.759928,42.2382],[-84.759953,42.238249],[-84.75996,42.238533]]]},"properties":{"id":"fna-member-routes-20260918-22bdb0c07e2792d18894","sourceId":"fna-member-routes-20260918","source":"Fiber Network Alliance member fiber lines","sourceUrl":"https://www.fibernetworkalliance.com/membership-map-line/","name":"WOW-Lansing published routes","carrier":"WOW-Lansing","category":"unknown","routeStatus":"Status not established","evidence":"publisher_route","dataDate":null,"metadataModified":null,"retrievedAt":"2026-09-18T19:56:04.130240+00:00","networkType":"Published fiber route; precision and network class unverified","serviceability":"Unconfirmed","routeDiversity":"Unconfirmed","states":["MI"],"publishedLineParts":100},"bbox":[-84.997366,42.137618,-84.746154,42.25649]},{"type":"Feature","geometry":{"type":"MultiLineString","coordinates":[[[-84.759712,42.235149],[-84.759713,42.235191],[-84.759676,42.23524],[-84.759693,42.235644],[-84.759724,42.236279],[-84.759795,42.236286],[-84.759796,42.236378],[-84.759682,42.236378],[-84.759673,42.236552],[-84.759608,42.236585],[-84.759613,42.236742],[-84.759781,42.236754],[-84.759782,42.236924],[-84.759737,42.236972],[-84.759738,42.237039],[-84.759835,42.23712],[-84.759808,42.237329],[-84.759755,42.237458],[-84.759721,42.237523],[-84.759722,42.237699],[-84.759889,42.237775],[-84.759893,42.237822],[-84.759891,42.237857],[-84.759843,42.238065],[-84.759866,42.238077],[-84.759867,42.238105]],[[-84.759063,42.241403],[-84.759063,42.241334],[-84.758702,42.241331],[-84.758244,42.241051],[-84.758294,42.241027]],[[-84.758393,42.240979],[-84.758401,42.240976],[-84.758589,42.240789],[-84.758892,42.240786],[-84.758892,42.240577],[-84.758933,42.240445],[-84.758944,42.240324],[-84.758979,42.240206],[-84.759009,42.239908],[-84.759052,42.239908],[-84.759069,42.240016],[-84.759107,42.240094],[-84.759294,42.240091],[-84.759353,42.240043],[-84.759428,42.240042],[-84.75948,42.240073],[-84.759625,42.240074],[-84.759701,42.240045],[-84.759774,42.240047],[-84.75981,42.240078],[-84.760124,42.240073],[-84.760125,42.239816],[-84.760013,42.23976],[-84.759969,42.239718],[-84.759989,42.239644],[-84.759913,42.23941],[-84.759939,42.239182],[-84.759983,42.239128],[-84.759959,42.238925],[-84.759875,42.238735],[-84.759767,42.238734],[-84.75975,42.238205],[-84.759795,42.238129],[-84.759832,42.238129]],[[-84.759858,42.23856],[-84.759853,42.238192]],[[-84.760185,42.239877],[-84.760184,42.239821],[-84.760031,42.239745],[-84.759997,42.239713],[-84.760016,42.239643],[-84.759939,42.239409],[-84.759964,42.239188],[-84.76001,42.239132],[-84.759985,42.238921],[-84.759894,42.238716],[-84.759793,42.238715],[-84.759776,42.238209],[-84.759812,42.238148],[-84.759832,42.238148]],[[-84.759875,42.238604],[-84.760246,42.23859],[-84.760245,42.238568]],[[-84.760332,42.242101],[-84.760358,42.241244],[-84.760117,42.241136],[-84.760112,42.241029],[-84.76017,42.24094],[-84.760186,42.24086],[-84.760356,42.240775],[-84.760342,42.240365],[-84.760241,42.240296],[-84.760235,42.240129],[-84.760192,42.240093],[-84.760182,42.239965]],[[-84.759965,42.246729],[-84.759993,42.246677],[-84.759965,42.246636],[-84.760032,42.246458],[-84.76016,42.246379],[-84.760139,42.245447],[-84.760027,42.245319],[-84.760016,42.245055],[-84.760098,42.244904],[-84.760152,42.244755],[-84.760154,42.244423],[-84.760204,42.244335],[-84.760202,42.244063],[-84.760145,42.244],[-84.760143,42.243836],[-84.759928,42.243624],[-84.75992,42.243403],[-84.760263,42.243402],[-84.760312,42.243334],[-84.760301,42.242942],[-84.760328,42.242189]],[[-84.759934,42.246766],[-84.759926,42.246785],[-84.760052,42.246859],[-84.76011,42.247021],[-84.760162,42.24704],[-84.760299,42.247026],[-84.760552,42.247027],[-84.760804,42.247065],[-84.760843,42.247109],[-84.76121,42.247223],[-84.761413,42.247395],[-84.761655,42.247464],[-84.761786,42.247361],[-84.762092,42.247435],[-84.762277,42.247638],[-84.762589,42.24767],[-84.762905,42.247709],[-84.763093,42.247728],[-84.763303,42.247786],[-84.763359,42.247839],[-84.764207,42.248084],[-84.764784,42.248216],[-84.764821,42.24825],[-84.765351,42.248408],[-84.765386,42.248432],[-84.766012,42.248631],[-84.766712,42.248851],[-84.76673,42.248899],[-84.766878,42.248949],[-84.76693,42.248884],[-84.767381,42.249032],[-84.767464,42.249094],[-84.76767,42.249162]],[[-84.75991,42.24676],[-84.759895,42.246792],[-84.760029,42.24687],[-84.760087,42.247034],[-84.760157,42.24706],[-84.760301,42.247045],[-84.76055,42.247047],[-84.760788,42.247082],[-84.760826,42.247124],[-84.761194,42.247239],[-84.761398,42.247411],[-84.761662,42.247487],[-84.761793,42.247383],[-84.762075,42.247451],[-84.762262,42.247656],[-84.762585,42.247689],[-84.762901,42.247729],[-84.763087,42.247747],[-84.763287,42.247802],[-84.763343,42.247855],[-84.764198,42.248102],[-84.764769,42.248233],[-84.764806,42.248266],[-84.765337,42.248425],[-84.765372,42.248449],[-84.766002,42.248649],[-84.76669,42.248865],[-84.766709,42.248913],[-84.766889,42.248974],[-84.766941,42.248909],[-84.767366,42.249048],[-84.767449,42.24911],[-84.767659,42.249179]],[[-84.811257,42.138804],[-84.811268,42.138696]],[[-84.806723,42.140115],[-84.806869,42.140132]],[[-84.803723,42.142836],[-84.803814,42.142966]],[[-84.799412,42.144133],[-84.79954,42.144322]],[[-84.797332,42.144918],[-84.797461,42.145106]],[[-84.79578,42.145498],[-84.795711,42.145406]],[[-84.789597,42.147672],[-84.78969,42.147709]],[[-84.78452,42.148984],[-84.784613,42.149022]],[[-84.779942,42.150858],[-84.780036,42.150896]],[[-84.775643,42.152519],[-84.775736,42.152557]],[[-84.771702,42.153022],[-84.771714,42.153121]],[[-84.758052,42.153279],[-84.758064,42.153378]],[[-84.755511,42.156377],[-84.755607,42.156395]],[[-84.754914,42.154973],[-84.754906,42.154883]],[[-84.800678,42.143999],[-84.802688,42.143269],[-84.804435,42.142531],[-84.806068,42.142543],[-84.806373,42.141734],[-84.806802,42.139741],[-84.806743,42.139562],[-84.806869,42.139331],[-84.806927,42.138931],[-84.806864,42.138755],[-84.806899,42.13851],[-84.806884,42.138468],[-84.806892,42.138405],[-84.80717,42.138435],[-84.808004,42.138507],[-84.808128,42.13854],[-84.808255,42.138551],[-84.808461,42.138539],[-84.809826,42.138687],[-84.809909,42.138711],[-84.810111,42.138732],[-84.810304,42.138693],[-84.811276,42.138808],[-84.81167,42.138808],[-84.811772,42.138856],[-84.811813,42.138918],[-84.811846,42.138922]],[[-84.797528,42.144838],[-84.798422,42.144501],[-84.800088,42.143873],[-84.800356,42.144123],[-84.800573,42.144039]],[[-84.797423,42.144877],[-84.791122,42.147277],[-84.790867,42.147422],[-84.790265,42.147592],[-84.787418,42.147903],[-84.78557,42.148617],[-84.784257,42.149065],[-84.782991,42.14955]],[[-84.782887,42.149591],[-84.781621,42.150068],[-84.781183,42.150356],[-84.776488,42.152226],[-84.776081,42.152288],[-84.775837,42.152457],[-84.774436,42.152903],[-84.764993,42.153306],[-84.756594,42.153275],[-84.755303,42.153273],[-84.755188,42.153743],[-84.755351,42.154945]],[[-84.752555,42.155082],[-84.755295,42.15496]]]},"properties":{"id":"fna-member-routes-20260918-885b72d1e1119b13530b","sourceId":"fna-member-routes-20260918","source":"Fiber Network Alliance member fiber lines","sourceUrl":"https://www.fibernetworkalliance.com/membership-map-line/","name":"WOW-Lansing published routes","carrier":"WOW-Lansing","category":"unknown","routeStatus":"Status not established","evidence":"publisher_route","dataDate":null,"metadataModified":null,"retrievedAt":"2026-09-18T19:56:04.130240+00:00","networkType":"Published fiber route; precision and network class unverified","serviceability":"Unconfirmed","routeDiversity":"Unconfirmed","states":["MI"],"publishedLineParts":29},"bbox":[-84.811846,42.138405,-84.752555,42.249179]},{"type":"Feature","geometry":{"type":"MultiLineString","coordinates":[[[-84.75529,42.250601],[-84.75515,42.250602]],[[-84.768961,42.253007],[-84.768827,42.252854]],[[-84.76889,42.25135],[-84.768747,42.251352]],[[-84.786216,42.255106],[-84.786034,42.25512]],[[-84.789899,42.25635],[-84.789816,42.256501]],[[-84.795347,42.258946],[-84.795264,42.259097]],[[-84.799606,42.260965],[-84.799612,42.261062]],[[-84.768187,42.253947],[-84.768211,42.253968],[-84.768243,42.253949]],[[-84.767773,42.249204],[-84.767788,42.249206],[-84.768137,42.249203],[-84.76833,42.249316],[-84.768796,42.24941],[-84.768896,42.251511],[-84.76895,42.251559],[-84.76901,42.252261],[-84.769737,42.25226],[-84.769703,42.252432],[-84.76959,42.252635],[-84.768066,42.253549],[-84.768114,42.253667],[-84.768351,42.253886],[-84.768336,42.253895]],[[-84.755694,42.252098],[-84.755776,42.252099]],[[-84.75579,42.252054],[-84.755793,42.251886],[-84.755199,42.251822],[-84.755199,42.251756],[-84.755248,42.251727],[-84.755286,42.251033],[-84.755298,42.250433],[-84.755275,42.249949],[-84.755352,42.24981],[-84.755289,42.249759],[-84.755283,42.249489],[-84.755529,42.249446],[-84.75553,42.24937],[-84.755564,42.249251],[-84.755548,42.249072],[-84.756285,42.249003],[-84.756322,42.249003]],[[-84.785941,42.254472],[-84.785965,42.254429]],[[-84.78602,42.25444],[-84.786194,42.254503],[-84.786251,42.254601],[-84.786216,42.255109],[-84.789726,42.25629],[-84.791872,42.257021],[-84.793264,42.257667],[-84.795056,42.25878],[-84.798105,42.26049],[-84.798753,42.260579],[-84.79895,42.260759],[-84.8012,42.26146],[-84.801212,42.261494],[-84.801252,42.261507]],[[-84.941951,42.490873],[-84.942163,42.490871]],[[-84.941641,42.487647],[-84.941854,42.487644]],[[-84.941487,42.482338],[-84.9417,42.482336]],[[-84.94171,42.478113],[-84.941923,42.47811]],[[-84.940044,42.433424],[-84.940063,42.43325]],[[-84.952614,42.433438],[-84.952633,42.433263]],[[-84.958911,42.433162],[-84.958931,42.432988]],[[-84.93091,42.438469],[-84.931159,42.438498]],[[-84.93063,42.442378],[-84.930879,42.442406]],[[-84.92653,42.446207],[-84.926313,42.446123]],[[-84.930158,42.448944],[-84.930314,42.448928]],[[-84.932542,42.454532],[-84.93234,42.454548]],[[-84.93454,42.460161],[-84.935101,42.460369]],[[-84.933818,42.458926],[-84.933615,42.458942]],[[-84.934693,42.460139],[-84.934335,42.460193],[-84.933999,42.459294],[-84.933441,42.458176],[-84.932558,42.455037],[-84.932525,42.454149],[-84.931908,42.451842],[-84.931926,42.451242],[-84.932093,42.450813],[-84.931078,42.449785],[-84.929917,42.44872],[-84.929145,42.44887],[-84.92897,42.44888],[-84.92815,42.447839],[-84.927851,42.447376],[-84.92753,42.447083],[-84.927479,42.447022],[-84.927391,42.446784],[-84.927239,42.44676],[-84.927157,42.446651],[-84.926849,42.446799],[-84.926758,42.446802],[-84.926747,42.446789]],[[-84.926595,42.446728],[-84.926667,42.446813],[-84.926688,42.446803]],[[-84.962281,42.433259],[-84.96233,42.433259]],[[-84.934787,42.433407],[-84.934856,42.433406],[-84.93527,42.433465],[-84.939967,42.433423],[-84.943856,42.433475],[-84.94855,42.43346],[-84.948883,42.433341],[-84.949757,42.433338],[-84.951327,42.433356],[-84.951383,42.433439],[-84.95236,42.433454],[-84.953294,42.433398],[-84.955106,42.433399],[-84.955098,42.433214],[-84.957198,42.432957],[-84.9572,42.433156],[-84.961742,42.433178],[-84.96174,42.433057],[-84.961968,42.432943],[-84.96226,42.432945],[-84.962272,42.433076],[-84.96239,42.433117],[-84.962388,42.433248]],[[-84.930735,42.437167],[-84.931037,42.437226]],[[-84.934699,42.460041],[-84.934747,42.46012]],[[-84.926664,42.446814],[-84.92665,42.446954]],[[-84.926788,42.446756],[-84.926797,42.446752],[-84.926791,42.446611],[-84.926524,42.446204],[-84.92685,42.446158],[-84.927338,42.445906],[-84.927734,42.445536],[-84.928485,42.444838],[-84.928999,42.444315],[-84.929576,42.443942],[-84.92979,42.443807],[-84.929921,42.443838],[-84.930112,42.443756],[-84.930356,42.44371],[-84.93053,42.443552],[-84.930719,42.441379],[-84.930683,42.440863],[-84.930773,42.440595],[-84.930873,42.43881],[-84.930895,42.43848],[-84.931147,42.438282],[-84.931149,42.438054],[-84.930936,42.437945],[-84.931091,42.437365],[-84.931081,42.437266]],[[-84.941721,42.492055],[-84.941763,42.492055],[-84.941789,42.491988],[-84.941949,42.491917],[-84.941949,42.491901]],[[-84.941947,42.491814],[-84.941942,42.491623],[-84.94202,42.491515],[-84.942009,42.491345],[-84.941932,42.491277],[-84.941929,42.49101],[-84.941988,42.490689],[-84.941532,42.486775],[-84.941566,42.486282],[-84.941548,42.485913],[-84.941442,42.480492],[-84.941414,42.480098],[-84.94191,42.479772],[-84.941844,42.479185],[-84.941783,42.478487],[-84.941451,42.476801],[-84.94141,42.476561],[-84.941386,42.476466]],[[-84.862079,42.491333],[-84.861933,42.491276]],[[-84.861131,42.492167],[-84.862503,42.490957],[-84.866574,42.488017],[-84.867643,42.4872],[-84.868115,42.487092],[-84.868137,42.487073]],[[-84.867803,42.487158],[-84.867665,42.487001]],[[-84.865073,42.489097],[-84.864927,42.48904]],[[-84.868237,42.487403],[-84.868279,42.487373],[-84.868242,42.487095],[-84.868185,42.487048]],[[-84.973583,42.278405],[-84.973598,42.278521]],[[-84.971275,42.280389],[-84.971405,42.280405]],[[-84.966653,42.277917],[-84.966679,42.278081]],[[-84.965197,42.278025],[-84.965226,42.278144]],[[-84.951474,42.292883],[-84.95148,42.292766]],[[-84.96029,42.292955],[-84.960297,42.292831]],[[-84.960771,42.286358],[-84.960702,42.286503]],[[-84.960459,42.282396],[-84.96034,42.282361]],[[-84.960512,42.278766],[-84.960393,42.278732]],[[-84.970134,42.269163],[-84.97014,42.269038]],[[-84.988471,42.265325],[-84.988452,42.265501]],[[-84.990787,42.266243],[-84.990932,42.266241]],[[-84.990837,42.268231],[-84.990983,42.268229]],[[-84.990488,42.270191],[-84.990375,42.270198]],[[-84.986793,42.270702],[-84.986803,42.270618]],[[-84.979857,42.269559],[-84.979982,42.269446]],[[-84.974921,42.268185],[-84.974941,42.268348]],[[-84.97006,42.253668],[-84.969888,42.25368]],[[-84.991521,42.252226],[-84.991513,42.252085]],[[-84.983079,42.254677],[-84.983104,42.25481]],[[-84.976621,42.25608],[-84.976646,42.256213]],[[-84.968113,42.26607],[-84.968168,42.266561]],[[-84.952707,42.274199],[-84.952588,42.274165]],[[-84.953424,42.273554],[-84.953305,42.27352]],[[-84.954472,42.273834],[-84.954353,42.273912]],[[-84.955568,42.273999],[-84.955623,42.274159]],[[-84.959838,42.271966],[-84.959429,42.271955]],[[-84.959787,42.268587],[-84.959336,42.268671]],[[-84.958816,42.26663],[-84.95882,42.266755]],[[-84.953715,42.252296],[-84.953595,42.252304]],[[-84.956139,42.254407],[-84.956019,42.254415]],[[-84.960326,42.257398],[-84.960205,42.257406]],[[-84.960259,42.261276],[-84.960138,42.261283]],[[-84.960201,42.263603],[-84.96008,42.26361]],[[-84.944067,42.270858],[-84.944113,42.270932]],[[-84.928817,42.271295],[-84.928829,42.271406]],[[-84.940091,42.271889],[-84.940208,42.272001]],[[-84.926829,42.271055],[-84.92683,42.271077],[-84.926882,42.271099],[-84.926923,42.271144]],[[-84.926993,42.271214],[-84.92709,42.271311],[-84.93151,42.271258],[-84.9318,42.271254],[-84.931846,42.271575],[-84.932606,42.271571],[-84.932628,42.271244],[-84.934188,42.271223],[-84.93464,42.2713],[-84.93554,42.271385],[-84.936946,42.271859],[-84.937178,42.271938],[-84.937755,42.272344],[-84.938505,42.272572],[-84.938954,42.272589],[-84.940277,42.271772],[-84.942435,42.271256],[-84.944331,42.270788],[-84.944369,42.270803],[-84.944416,42.270792]],[[-84.854339,42.269294],[-84.854324,42.269781]],[[-84.84644,42.269487],[-84.846431,42.269382]],[[-84.971224,42.28163],[-84.971298,42.281228],[-84.971253,42.279716],[-84.971096,42.27955],[-84.971094,42.279266],[-84.971206,42.279213],[-84.971203,42.27883],[-84.971172,42.278418],[-84.973038,42.278409],[-84.973249,42.278457],[-84.973393,42.278401],[-84.975447,42.278407]],[[-84.975564,42.278409],[-84.975672,42.278408],[-84.97567,42.27815],[-84.975588,42.278148]],[[-84.971009,42.268204],[-84.972545,42.268198],[-84.97257,42.268189],[-84.973326,42.268192],[-84.975529,42.26818],[-84.97648,42.268195],[-84.976574,42.268047],[-84.977385,42.268054],[-84.977544,42.268003],[-84.978086,42.267999],[-84.978095,42.268356],[-84.97824,42.268526],[-84.978419,42.268467],[-84.978684,42.268657],[-84.978633,42.268817],[-84.978747,42.268871],[-84.981608,42.270647],[-84.981474,42.270881],[-84.981586,42.270943],[-84.98162,42.270946]],[[-84.981737,42.270955],[-84.98178,42.270959],[-84.981892,42.270884],[-84.98216,42.270883],[-84.982146,42.270637],[-84.982486,42.270638],[-84.982543,42.270713],[-84.983207,42.27066],[-84.983445,42.270685],[-84.984655,42.270691],[-84.984766,42.270758],[-84.984875,42.270703],[-84.985212,42.270706],[-84.986377,42.270706],[-84.98839,42.270705],[-84.988472,42.270839],[-84.988654,42.270841],[-84.988722,42.270733],[-84.989234,42.270755],[-84.989282,42.270737],[-84.990392,42.270725],[-84.990516,42.270613],[-84.990481,42.269998],[-84.990461,42.269183],[-84.990482,42.26917],[-84.990482,42.269113]],[[-84.98168,42.270938],[-84.981782,42.27078]],[[-84.988163,42.265126],[-84.988163,42.265136],[-84.988255,42.265147],[-84.988285,42.265311]],[[-84.988343,42.265322],[-84.989974,42.265304],[-84.989989,42.265642],[-84.990157,42.265996],[-84.990778,42.266005],[-84.990802,42.267217],[-84.990972,42.267719],[-84.990853,42.267845],[-84.990824,42.268088],[-84.990873,42.268791],[-84.990947,42.268872],[-84.990946,42.269073],[-84.990503,42.26907]],[[-84.990341,42.269],[-84.990341,42.268989],[-84.990481,42.268988],[-84.990482,42.269026]],[[-84.942054,42.241563],[-84.942452,42.241555],[-84.942863,42.241905],[-84.943425,42.242439],[-84.949168,42.247407],[-84.950021,42.248131],[-84.950086,42.248271],[-84.949825,42.248694],[-84.950569,42.249717],[-84.950798,42.249793],[-84.952541,42.251295],[-84.955578,42.253918],[-84.956309,42.25455],[-84.956939,42.254837],[-84.956982,42.255242],[-84.957556,42.255445],[-84.957841,42.255431],[-84.958073,42.255458],[-84.958872,42.256],[-84.959245,42.256213],[-84.959676,42.256317],[-84.960319,42.256438],[-84.960329,42.257412],[-84.960056,42.2576],[-84.96014,42.257965],[-84.960323,42.258366],[-84.960309,42.258702],[-84.960078,42.258888],[-84.960145,42.259295],[-84.960242,42.259321],[-84.96024,42.259667],[-84.960291,42.259707],[-84.960298,42.260314],[-84.960256,42.260407],[-84.960259,42.260559],[-84.960293,42.260654],[-84.960293,42.260688]],[[-84.957648,42.266601],[-84.957688,42.266601],[-84.957836,42.266211],[-84.958062,42.26621],[-84.958239,42.266236],[-84.959147,42.266231],[-84.959299,42.266168],[-84.95961,42.26615],[-84.95968,42.26619],[-84.960332,42.266192],[-84.960337,42.265379],[-84.960315,42.264957],[-84.96027,42.264874],[-84.960267,42.264232],[-84.960209,42.264118],[-84.960198,42.263453],[-84.960072,42.263411],[-84.960084,42.262994],[-84.960263,42.262579],[-84.960395,42.262486],[-84.960353,42.262143],[-84.960257,42.261951],[-84.960256,42.261665],[-84.960329,42.261642],[-84.960332,42.261616],[-84.960257,42.261542],[-84.960259,42.261253],[-84.960304,42.261179],[-84.960319,42.260941],[-84.96036,42.260833],[-84.96029,42.260819],[-84.960291,42.260714]],[[-84.960349,42.260701],[-84.960372,42.2607],[-84.960426,42.260671],[-84.960617,42.260667],[-84.960617,42.260647]],[[-84.968708,42.269453],[-84.96873,42.269453],[-84.968792,42.269305],[-84.968801,42.269261]],[[-84.968825,42.269176],[-84.968828,42.269162],[-84.968956,42.269161],[-84.969043,42.26913],[-84.969388,42.269129],[-84.969403,42.269162],[-84.970283,42.269161],[-84.970529,42.269075],[-84.970958,42.269062],[-84.970941,42.269011],[-84.970941,42.268577],[-84.97066,42.268413],[-84.970655,42.268195],[-84.970892,42.268195]],[[-84.967874,42.266273],[-84.967953,42.266272],[-84.967973,42.266147]],[[-84.967973,42.26613],[-84.967989,42.266088],[-84.968137,42.26606],[-84.968909,42.26606],[-84.969404,42.266079],[-84.969711,42.266076],[-84.969972,42.266086],[-84.970014,42.266033],[-84.9701,42.266033]],[[-84.963983,42.277998],[-84.964057,42.277998],[-84.964131,42.278004],[-84.965131,42.278023],[-84.965784,42.278025],[-84.96588,42.277969],[-84.965911,42.277914],[-84.966007,42.277913],[-84.966045,42.277956],[-84.966265,42.277955],[-84.966379,42.277917],[-84.966649,42.277919],[-84.966719,42.277813],[-84.966719,42.277796]],[[-84.966597,42.277725],[-84.966649,42.277726],[-84.96672,42.277758],[-84.96672,42.277776]]]},"properties":{"id":"fna-member-routes-20260918-e5f5fc93337cd3d2bd43","sourceId":"fna-member-routes-20260918","source":"Fiber Network Alliance member fiber lines","sourceUrl":"https://www.fibernetworkalliance.com/membership-map-line/","name":"WOW-Lansing published routes","carrier":"WOW-Lansing","category":"unknown","routeStatus":"Status not established","evidence":"publisher_route","dataDate":null,"metadataModified":null,"retrievedAt":"2026-09-18T19:56:04.130240+00:00","networkType":"Published fiber route; precision and network class unverified","serviceability":"Unconfirmed","routeDiversity":"Unconfirmed","states":["MI"],"publishedLineParts":100},"bbox":[-84.991521,42.241555,-84.75515,42.492167]},{"type":"Feature","geometry":{"type":"MultiLineString","coordinates":[[[-84.948985,42.293],[-84.949026,42.293]],[[-84.949064,42.292999],[-84.95011,42.292991],[-84.950293,42.29288],[-84.953743,42.29289],[-84.961461,42.29297],[-84.96157,42.292722],[-84.961536,42.290603],[-84.961505,42.286612],[-84.960382,42.286217],[-84.960396,42.284699],[-84.960428,42.283831],[-84.960473,42.282818],[-84.960453,42.282109],[-84.960483,42.282017],[-84.960471,42.281337],[-84.960565,42.28072],[-84.960541,42.279884],[-84.96049,42.27987],[-84.960489,42.279719],[-84.96052,42.279694],[-84.960505,42.278151],[-84.961021,42.278126],[-84.961126,42.278109]],[[-84.952338,42.27478],[-84.952402,42.274738],[-84.952286,42.274631],[-84.952281,42.274608]],[[-84.952264,42.274522],[-84.952259,42.274496],[-84.952912,42.274062],[-84.953237,42.273769],[-84.953464,42.273511],[-84.954007,42.273535],[-84.954093,42.273459],[-84.954412,42.27357],[-84.95434,42.273774],[-84.954474,42.273836],[-84.954563,42.274009],[-84.955548,42.274001],[-84.956568,42.273966],[-84.956691,42.273767],[-84.957049,42.273684],[-84.9575,42.273637],[-84.957593,42.273392],[-84.958142,42.273403],[-84.958577,42.273398],[-84.958623,42.273352],[-84.959271,42.273343],[-84.959342,42.273295],[-84.959864,42.27329],[-84.959859,42.273175],[-84.959881,42.272568],[-84.959842,42.272182],[-84.959824,42.26956],[-84.959849,42.2695],[-84.959849,42.269468],[-84.959756,42.269435],[-84.959728,42.269364],[-84.959568,42.269322]],[[-84.959536,42.26942],[-84.959537,42.269402],[-84.959553,42.269385],[-84.959553,42.269363]],[[-84.959552,42.269276],[-84.959552,42.269251],[-84.959624,42.269224],[-84.959774,42.269226],[-84.959794,42.269071],[-84.95979,42.268526],[-84.959768,42.268452],[-84.959733,42.268122],[-84.959659,42.268078],[-84.959667,42.267458],[-84.959752,42.267298],[-84.95974,42.267083],[-84.959708,42.266629],[-84.959342,42.266629],[-84.958048,42.266621],[-84.958002,42.266715],[-84.957593,42.266719],[-84.957593,42.266689]],[[-84.975487,42.256301],[-84.976342,42.256118],[-84.977891,42.255894],[-84.979076,42.25565],[-84.981072,42.255191],[-84.984459,42.254333],[-84.986539,42.253765],[-84.986875,42.253207],[-84.987826,42.25295],[-84.989107,42.252565],[-84.989948,42.252358],[-84.991205,42.25222],[-84.992382,42.252248],[-84.994669,42.252216],[-84.995217,42.252168],[-84.99598,42.252137],[-84.996086,42.251411],[-84.996002,42.251322],[-84.996005,42.250632],[-84.995899,42.248257],[-84.995979,42.248214],[-84.995916,42.248051],[-84.995897,42.246505],[-84.995791,42.246274],[-84.99578,42.245991],[-84.995742,42.24572],[-84.99554,42.245653],[-84.995425,42.245431],[-84.995791,42.245519],[-84.996365,42.245512],[-84.996446,42.24542],[-84.99851,42.245422],[-84.999379,42.245408],[-85.002596,42.245368],[-85.002713,42.245315],[-85.003368,42.245302],[-85.003508,42.24536],[-85.003992,42.245353],[-85.004138,42.245119],[-85.004226,42.245119]],[[-84.833818,42.269618],[-84.83396,42.269456],[-84.834799,42.269489],[-84.835462,42.269496],[-84.836955,42.2695],[-84.837674,42.269498],[-84.838855,42.269491],[-84.840646,42.269465],[-84.84297,42.269438],[-84.842974,42.269436],[-84.845649,42.26939],[-84.845689,42.269418],[-84.845824,42.269416],[-84.845858,42.269387],[-84.848037,42.26935],[-84.848737,42.269345],[-84.849393,42.269376],[-84.850035,42.269418],[-84.850605,42.269563],[-84.852028,42.269946],[-84.852793,42.270135],[-84.852993,42.270165],[-84.853538,42.270208],[-84.854157,42.270224],[-84.854151,42.269785],[-84.85435,42.269787]],[[-84.85441,42.269877],[-84.854409,42.269794]],[[-84.750182,42.250382],[-84.750039,42.250388]],[[-84.773505,42.250866],[-84.773419,42.250985]],[[-84.78205,42.253685],[-84.781964,42.253804]],[[-84.78949,42.25619],[-84.789343,42.256404]],[[-84.794968,42.2587],[-84.794821,42.258914]],[[-84.799709,42.260974],[-84.799941,42.260571]],[[-84.804659,42.262313],[-84.804665,42.262411]],[[-84.804926,42.262323],[-84.804936,42.262247]],[[-84.810054,42.263229],[-84.810082,42.262946]],[[-84.810513,42.263085],[-84.810463,42.262738]],[[-84.81114,42.263155],[-84.811685,42.262987]],[[-84.816042,42.264598],[-84.816054,42.264696]],[[-84.823054,42.267534],[-84.823067,42.267633]],[[-84.829331,42.269205],[-84.829343,42.269303]],[[-84.83204,42.269562],[-84.832053,42.269661]],[[-84.750722,42.251576],[-84.750771,42.251575]],[[-84.750778,42.251531],[-84.750777,42.251428],[-84.750201,42.251332],[-84.750192,42.250666],[-84.750168,42.249669],[-84.75017,42.249444],[-84.750163,42.249339],[-84.750153,42.24896],[-84.750292,42.248959],[-84.750716,42.249011],[-84.752554,42.249011],[-84.752674,42.248903],[-84.75286,42.248901],[-84.753154,42.24901],[-84.753894,42.249028],[-84.7541,42.248955],[-84.75446,42.248953],[-84.754476,42.248852],[-84.754582,42.248854],[-84.754927,42.248987],[-84.754989,42.24902],[-84.755334,42.248995],[-84.755549,42.249049],[-84.756278,42.248984],[-84.756337,42.248984]],[[-84.767778,42.249185],[-84.767791,42.249186],[-84.768146,42.249183],[-84.768342,42.249298],[-84.768941,42.249419],[-84.769198,42.249493],[-84.769668,42.249689],[-84.7698,42.249858],[-84.770316,42.249956],[-84.770349,42.250032],[-84.770763,42.250149],[-84.77093,42.250103],[-84.77237,42.250533],[-84.774933,42.25129],[-84.776331,42.251757],[-84.777442,42.252109],[-84.777768,42.252346],[-84.778162,42.252381],[-84.779147,42.252707],[-84.779685,42.252892],[-84.77996,42.253023],[-84.780418,42.253077],[-84.780512,42.253156],[-84.782227,42.25374],[-84.782779,42.254054],[-84.783301,42.254093],[-84.785056,42.2547],[-84.785665,42.254959],[-84.786108,42.255052],[-84.789737,42.256273],[-84.791885,42.257004],[-84.793279,42.257651],[-84.795073,42.258765],[-84.798116,42.260472],[-84.798767,42.260561],[-84.798966,42.260743],[-84.801325,42.261478],[-84.802019,42.261772],[-84.802788,42.261979],[-84.804137,42.262221],[-84.805203,42.262363],[-84.805314,42.262421],[-84.809612,42.263167],[-84.810264,42.263232],[-84.810629,42.263025],[-84.810955,42.263094]],[[-84.801356,42.261547],[-84.802009,42.26179],[-84.80278,42.261997],[-84.804132,42.26224],[-84.805192,42.262381],[-84.805303,42.262439],[-84.809608,42.263186],[-84.810271,42.263252],[-84.810635,42.263047],[-84.810948,42.263112]],[[-84.811067,42.263116],[-84.811139,42.26313],[-84.811155,42.263432],[-84.811632,42.263529],[-84.812,42.26368],[-84.812242,42.263646],[-84.813342,42.263886],[-84.813898,42.26407],[-84.815789,42.264513],[-84.816384,42.264698],[-84.819749,42.266206],[-84.820095,42.266489],[-84.820402,42.266493],[-84.821542,42.266975],[-84.826526,42.268793],[-84.826951,42.268826],[-84.827504,42.268951],[-84.831733,42.269546],[-84.832682,42.269592],[-84.833344,42.269706],[-84.833588,42.269716]],[[-84.996444,42.433467],[-84.996463,42.433293]],[[-84.985145,42.433571],[-84.985165,42.433397]],[[-84.973504,42.433514],[-84.973524,42.43334]],[[-84.963845,42.433502],[-84.963864,42.433328]],[[-84.951693,42.433465],[-84.951712,42.433291]],[[-84.939394,42.433452],[-84.939414,42.433278]],[[-84.934497,42.433431],[-84.934517,42.433256]],[[-84.932729,42.434185],[-84.932994,42.434205]],[[-84.931458,42.436316],[-84.931723,42.436336]],[[-84.931121,42.438213],[-84.931385,42.438233]],[[-84.930617,42.442229],[-84.930881,42.442249]],[[-84.925392,42.446584],[-84.925121,42.446546]],[[-84.919536,42.449576],[-84.919265,42.449538]],[[-84.914006,42.453245],[-84.913735,42.453207]],[[-84.910401,42.455867],[-84.91013,42.455829]],[[-84.905196,42.459564],[-84.904925,42.459526]],[[-84.90066,42.462836],[-84.900389,42.462798]],[[-84.900824,42.462709],[-84.901388,42.462942]],[[-84.896474,42.466086],[-84.89634,42.466085]],[[-84.891651,42.469701],[-84.891517,42.469701]],[[-84.887759,42.472491],[-84.887625,42.47249]],[[-84.928164,42.447899],[-84.927955,42.447972]],[[-84.930649,42.44251],[-84.930882,42.442566]],[[-84.931121,42.438333],[-84.931354,42.438388]],[[-84.882988,42.475912],[-84.882854,42.475911]],[[-84.85604,42.495867],[-84.855882,42.495799]],[[-84.942266,42.420364],[-84.941719,42.421177],[-84.940675,42.421561],[-84.940528,42.421829],[-84.940829,42.422464],[-84.940055,42.423676],[-84.939512,42.42444],[-84.939194,42.424799],[-84.938831,42.425394],[-84.938126,42.426443],[-84.936723,42.428453],[-84.933578,42.432916],[-84.933199,42.433399],[-84.933364,42.433397],[-84.933494,42.433423],[-84.934669,42.433407]],[[-84.941384,42.476379],[-84.941406,42.471598],[-84.941396,42.469979],[-84.941155,42.469505],[-84.939546,42.467366],[-84.938884,42.466374],[-84.938586,42.466061],[-84.938585,42.465667],[-84.938003,42.464091],[-84.938257,42.463583],[-84.93692,42.463843],[-84.936342,42.463002],[-84.935468,42.462218],[-84.934824,42.461492],[-84.934566,42.460883],[-84.933974,42.4593],[-84.933416,42.458181],[-84.932532,42.455039],[-84.932499,42.454151],[-84.931882,42.451844],[-84.9319,42.451239],[-84.932064,42.450816],[-84.931057,42.449797],[-84.929908,42.448742],[-84.92915,42.448889],[-84.928955,42.4489],[-84.928127,42.447848],[-84.927828,42.447386],[-84.927509,42.447094],[-84.927455,42.44703],[-84.92737,42.446801],[-84.927222,42.446777],[-84.927003,42.446483],[-84.926984,42.446112],[-84.927356,42.44592],[-84.927755,42.445548],[-84.928506,42.44485],[-84.929019,42.444328],[-84.929594,42.443957],[-84.929796,42.443828],[-84.929924,42.443859],[-84.930122,42.443774],[-84.930371,42.443727],[-84.930556,42.443559],[-84.930745,42.441379],[-84.93071,42.440865],[-84.930799,42.440598],[-84.930897,42.438813],[-84.930917,42.438486],[-84.931173,42.438289],[-84.931176,42.438044],[-84.930965,42.437936],[-84.931118,42.437366],[-84.931103,42.43722],[-84.931062,42.437223]],[[-84.934787,42.433426],[-84.934853,42.433425],[-84.935268,42.433484],[-84.939967,42.433443],[-84.943856,42.433495],[-84.948556,42.433479],[-84.948889,42.43336],[-84.949757,42.433357],[-84.951311,42.433376],[-84.951367,42.433458],[-84.95236,42.433473],[-84.953295,42.433417],[-84.955133,42.433419],[-84.955125,42.433231],[-84.957172,42.43298],[-84.957174,42.433175],[-84.961768,42.433198],[-84.961767,42.433067],[-84.961976,42.432963],[-84.962425,42.432965],[-84.962534,42.433283],[-84.963424,42.433276],[-84.963436,42.433501],[-84.964303,42.433507],[-84.971987,42.433481],[-84.978271,42.433599],[-84.981223,42.433582],[-84.981863,42.433455],[-84.982168,42.433456],[-84.982359,42.433551],[-84.986038,42.43358],[-84.986386,42.433399],[-84.986811,42.433403],[-84.986938,42.433542],[-84.996744,42.433461],[-84.998373,42.433375],[-84.999576,42.433229],[-85.000707,42.433],[-85.00491,42.432063],[-85.005327,42.432403],[-85.006219,42.432554],[-85.008823,42.43292],[-85.009726,42.433091],[-85.010303,42.43304],[-85.010958,42.433112],[-85.012095,42.433913],[-85.012383,42.434131],[-85.012793,42.434076],[-85.013109,42.434317],[-85.013099,42.434674],[-85.015825,42.436743],[-85.016617,42.436563],[-85.017192,42.43673],[-85.017728,42.436932],[-85.018322,42.436914],[-85.018872,42.436985],[-85.019063,42.437227],[-85.019748,42.437732],[-85.020744,42.437912],[-85.021853,42.438075],[-85.022816,42.438208],[-85.023997,42.438195],[-85.02508,42.43816],[-85.025364,42.438082],[-85.026773,42.438219],[-85.026776,42.439214],[-85.026746,42.43954],[-85.026777,42.439754],[-85.026826,42.440476],[-85.027438,42.440468],[-85.02803,42.440502],[-85.028101,42.440603],[-85.029959,42.440604],[-85.030384,42.440961],[-85.03095,42.441196],[-85.034455,42.441168],[-85.035001,42.441161],[-85.035268,42.441403],[-85.036495,42.441358],[-85.036843,42.441369],[-85.036872,42.441324],[-85.036945,42.441323],[-85.037052,42.441378],[-85.037555,42.441375],[-85.038405,42.441273],[-85.03866,42.440909],[-85.038657,42.440588],[-85.038638,42.440471],[-85.038675,42.440472]],[[-84.942897,42.419334],[-84.94319,42.419336]],[[-84.944121,42.417551],[-84.943881,42.417562]],[[-84.947203,42.415126],[-84.946962,42.415137]],[[-84.949924,42.409775],[-84.949684,42.409786]],[[-84.95008,42.406322],[-84.94984,42.406332]],[[-84.942329,42.42029],[-84.942975,42.419416],[-84.94275,42.419171],[-84.942912,42.418943],[-84.943485,42.418194],[-84.943952,42.417696],[-84.944545,42.417189],[-84.945139,42.416709],[-84.946378,42.415821],[-84.946836,42.41546],[-84.947257,42.415079],[-84.947791,42.414505],[-84.949141,42.412391],[-84.949375,42.411964],[-84.949625,42.411391],[-84.949819,42.410767],[-84.949927,42.410098],[-84.949996,42.406457],[-84.950154,42.406216],[-84.95032,42.405109]],[[-84.931047,42.437181],[-84.931038,42.437094],[-84.931082,42.437003],[-84.931865,42.435556],[-84.932461,42.435297],[-84.932479,42.434669],[-84.932854,42.433938],[-84.932925,42.433834],[-84.933029,42.433777],[-84.933133,42.433392],[-84.933181,42.433418],[-84.93336,42.433416],[-84.933491,42.433443],[-84.934669,42.433426]],[[-84.900505,42.462973],[-84.900797,42.462721],[-84.903067,42.461072],[-84.908099,42.457524],[-84.914543,42.452869],[-84.917448,42.45081],[-84.918468,42.45011],[-84.919299,42.449693],[-84.925005,42.44694],[-84.925129,42.446714],[-84.926067,42.44625],[-84.926839,42.446139],[-84.92732,42.445891],[-84.927714,42.445524],[-84.928465,42.444827],[-84.92898,42.444302],[-84.929559,42.443928],[-84.929784,42.443785],[-84.929918,42.443817],[-84.930102,42.443738],[-84.930341,42.443693],[-84.930504,42.443544],[-84.930692,42.441378],[-84.930657,42.440862],[-84.930747,42.440592],[-84.930848,42.438809],[-84.930872,42.438473],[-84.93112,42.438275],[-84.931123,42.438064],[-84.930907,42.437953],[-84.931065,42.437364],[-84.931055,42.437268]],[[-84.941397,42.475087],[-84.94161,42.475084]],[[-84.941414,42.471245],[-84.941627,42.471243]],[[-84.938501,42.465442],[-84.938714,42.465439]],[[-84.935348,42.462084],[-84.935146,42.4621]],[[-84.933858,42.459065],[-84.933655,42.459081]],[[-84.93252,42.454736],[-84.932318,42.454752]],[[-84.930428,42.449214],[-84.93062,42.449163]],[[-84.880613,42.477789],[-84.881492,42.477037],[-84.88534,42.474153],[-84.88591,42.473762],[-84.890396,42.470678],[-84.892096,42.469359],[-84.895503,42.466832],[-84.898504,42.464512],[-84.898908,42.4642],[-84.899226,42.463945],[-84.900426,42.463037]],[[-84.862637,42.490832],[-84.862503,42.490831]],[[-84.841135,42.50757],[-84.841193,42.507412],[-84.841586,42.506726],[-84.842291,42.506091],[-84.842873,42.505635],[-84.844294,42.504471],[-84.844528,42.503993],[-84.844862,42.503986],[-84.845313,42.503652],[-84.845481,42.503671],[-84.845563,42.503608],[-84.845588,42.503402],[-84.848122,42.501606],[-84.850112,42.500157],[-84.852035,42.498818],[-84.855473,42.496294],[-84.856286,42.495685],[-84.859341,42.493421],[-84.858556,42.492948],[-84.858963,42.492636],[-84.860308,42.492603],[-84.86069,42.492245],[-84.861016,42.492238],[-84.861035,42.492221]],[[-84.879898,42.478325],[-84.879765,42.478325]],[[-84.873937,42.483012],[-84.873803,42.483012]],[[-84.869234,42.486197],[-84.8691,42.486197]],[[-84.864851,42.489233],[-84.864718,42.489232]],[[-84.858558,42.494001],[-84.858424,42.494001]],[[-84.85145,42.499228],[-84.851317,42.499228]],[[-84.861111,42.492154],[-84.862483,42.490944],[-84.866556,42.488003],[-84.867629,42.487183],[-84.867985,42.487101],[-84.869241,42.486193],[-84.8699,42.486031],[-84.869941,42.48579],[-84.872076,42.484331],[-84.8725,42.484017],[-84.873037,42.483891],[-84.873107,42.483594],[-84.874758,42.482439],[-84.876207,42.481427],[-84.878053,42.479915],[-84.878766,42.479189],[-84.879609,42.478671],[-84.879889,42.478329],[-84.880021,42.478292],[-84.880533,42.477853]],[[-84.966045,42.280374],[-84.965621,42.280384]],[[-84.964963,42.27851],[-84.964996,42.27865]],[[-84.962449,42.278071],[-84.962482,42.278211]],[[-84.961189,42.276293],[-84.961313,42.276286]],[[-84.959854,42.269898],[-84.959979,42.26989]],[[-84.959695,42.267716],[-84.95982,42.267708]],[[-84.969879,42.304582],[-84.969639,42.304593]],[[-84.971179,42.298732],[-84.970939,42.298742]],[[-84.971181,42.295196],[-84.970941,42.295206]],[[-84.971087,42.292534],[-84.971263,42.292583]],[[-84.971256,42.28806],[-84.971432,42.288108]],[[-84.971223,42.283308],[-84.971399,42.283357]],[[-84.971247,42.280576],[-84.971423,42.280625]],[[-84.971085,42.277578],[-84.971262,42.277627]],[[-84.970726,42.271305],[-84.970557,42.27132]],[[-84.971986,42.268184],[-84.971987,42.268378]],[[-84.971756,42.266068],[-84.971742,42.265985]]]},"properties":{"id":"fna-member-routes-20260918-74fc9f1e7b630fe45873","sourceId":"fna-member-routes-20260918","source":"Fiber Network Alliance member fiber lines","sourceUrl":"https://www.fibernetworkalliance.com/membership-map-line/","name":"WOW-Lansing published routes","carrier":"WOW-Lansing","category":"unknown","routeStatus":"Status not established","evidence":"publisher_route","dataDate":null,"metadataModified":null,"retrievedAt":"2026-09-18T19:56:04.130240+00:00","networkType":"Published fiber route; precision and network class unverified","serviceability":"Unconfirmed","routeDiversity":"Unconfirmed","states":["MI"],"publishedLineParts":100},"bbox":[-85.038675,42.245119,-84.750039,42.50757]},{"type":"Feature","geometry":{"type":"MultiLineString","coordinates":[[[-84.969613,42.266055],[-84.969617,42.265945]],[[-84.974369,42.256433],[-84.974395,42.256585]],[[-84.972114,42.256511],[-84.97214,42.256663]],[[-84.970211,42.260193],[-84.97001,42.260197]],[[-84.970255,42.2618],[-84.970055,42.261804]],[[-84.97048,42.265774],[-84.970218,42.265687]],[[-84.964735,42.265974],[-84.964729,42.26587]],[[-84.963106,42.266037],[-84.9631,42.265933]],[[-84.957361,42.26668],[-84.957347,42.266579]],[[-84.95689,42.266622],[-84.956876,42.266576]],[[-84.951916,42.266774],[-84.951835,42.266648]],[[-84.951148,42.266929],[-84.951067,42.266804]],[[-84.945953,42.268925],[-84.945699,42.268935]],[[-84.945923,42.269019],[-84.945669,42.269029]],[[-84.945032,42.27021],[-84.945019,42.270036]],[[-84.944069,42.270809],[-84.944059,42.270339]],[[-84.94427,42.270784],[-84.94434,42.270851]],[[-84.939829,42.272],[-84.939946,42.272112]],[[-84.939597,42.272169],[-84.939713,42.272281]],[[-84.926777,42.271299],[-84.92679,42.271398]],[[-84.92634,42.271349],[-84.926353,42.271447]],[[-84.917169,42.271655],[-84.917182,42.271753]],[[-84.916152,42.27149],[-84.916165,42.271588]],[[-84.908573,42.271427],[-84.908585,42.271525]],[[-84.908125,42.271481],[-84.908138,42.271579]],[[-84.904642,42.271447],[-84.904655,42.271545]],[[-84.904077,42.271503],[-84.90409,42.271601]],[[-84.893496,42.271314],[-84.893509,42.271413]],[[-84.893008,42.271286],[-84.893021,42.271385]],[[-84.883442,42.270532],[-84.883455,42.27063]],[[-84.882541,42.27055],[-84.882554,42.270648]],[[-84.87286,42.270513],[-84.872873,42.270611]],[[-84.872363,42.270534],[-84.872376,42.270633]],[[-84.860134,42.270496],[-84.860146,42.270594]],[[-84.859616,42.27052],[-84.859629,42.270618]],[[-84.847927,42.269565],[-84.84794,42.269663]],[[-84.847356,42.269597],[-84.847369,42.269695]],[[-84.906315,42.271501],[-84.910133,42.271456],[-84.910293,42.271729],[-84.911014,42.271728],[-84.911036,42.27144],[-84.911979,42.271433],[-84.915367,42.271434],[-84.915906,42.271467],[-84.916503,42.271523],[-84.917101,42.271661],[-84.921071,42.272403],[-84.921866,42.272448],[-84.922509,42.272439],[-84.923102,42.272283],[-84.923791,42.272029],[-84.924976,42.271531],[-84.925565,42.27135],[-84.926201,42.271305],[-84.926335,42.271346],[-84.926724,42.271341],[-84.926852,42.271294],[-84.93151,42.271239],[-84.931824,42.271235],[-84.931869,42.271556],[-84.932581,42.271552],[-84.932603,42.271224],[-84.93419,42.271204],[-84.934645,42.271281],[-84.935547,42.271366],[-84.936957,42.271842],[-84.937193,42.271921],[-84.937769,42.272328],[-84.938511,42.272553],[-84.938945,42.272569],[-84.940265,42.271755],[-84.942427,42.271237],[-84.944333,42.270767],[-84.944372,42.270782],[-84.944408,42.270774]],[[-84.833871,42.269681],[-84.836221,42.269736],[-84.840677,42.269726],[-84.840848,42.269673],[-84.842958,42.269627],[-84.842969,42.26962],[-84.847355,42.269575],[-84.848757,42.269558],[-84.84939,42.269577],[-84.849962,42.26961],[-84.85204,42.270152],[-84.852755,42.270316],[-84.853148,42.270361],[-84.853607,42.270406],[-84.853602,42.270801],[-84.854586,42.270831],[-84.85491,42.270429],[-84.858005,42.270485],[-84.860841,42.270503],[-84.865696,42.270525],[-84.867732,42.270542],[-84.867986,42.270869],[-84.868382,42.270867],[-84.868765,42.270529],[-84.870996,42.270513],[-84.877449,42.270518],[-84.88223,42.27053],[-84.885459,42.270534],[-84.887739,42.27055],[-84.889034,42.27057],[-84.889646,42.270647],[-84.892892,42.271258],[-84.893548,42.271318],[-84.894274,42.271378],[-84.896967,42.271423],[-84.902457,42.271452],[-84.902745,42.271451],[-84.902862,42.271752],[-84.903222,42.27175],[-84.90332,42.27145],[-84.906195,42.271444]],[[-84.83387,42.2697],[-84.836221,42.269755],[-84.840682,42.269745],[-84.840854,42.269693],[-84.842968,42.269646],[-84.842979,42.269639],[-84.847355,42.269595],[-84.848757,42.269577],[-84.849388,42.269596],[-84.849957,42.269629],[-84.852032,42.27017],[-84.852749,42.270335],[-84.853144,42.27038],[-84.853581,42.270423],[-84.853576,42.270819],[-84.8546,42.270851],[-84.854924,42.270449],[-84.858004,42.270505],[-84.86084,42.270522],[-84.865696,42.270544],[-84.867717,42.270562],[-84.867971,42.270889],[-84.868395,42.270887],[-84.868777,42.270548],[-84.870996,42.270532],[-84.877449,42.270538],[-84.88223,42.270549],[-84.885459,42.270553],[-84.887738,42.27057],[-84.889032,42.27059],[-84.88964,42.270666],[-84.892887,42.271277],[-84.893545,42.271337],[-84.894272,42.271397],[-84.896967,42.271442],[-84.902457,42.271472],[-84.902725,42.271471],[-84.902843,42.271771],[-84.903243,42.271769],[-84.90333,42.271504],[-84.906197,42.271503]],[[-84.969208,42.306883],[-84.969508,42.305878],[-84.970574,42.302202],[-84.970764,42.302078],[-84.97115,42.301907],[-84.971155,42.301413],[-84.971357,42.300407],[-84.971477,42.299271],[-84.971167,42.299101],[-84.971194,42.298583],[-84.971207,42.296698],[-84.971173,42.294361],[-84.971131,42.294359],[-84.971129,42.294276]],[[-84.971129,42.294188],[-84.971121,42.293268],[-84.971081,42.292888],[-84.971104,42.288887],[-84.971098,42.288653],[-84.971251,42.288316],[-84.971258,42.287373],[-84.971455,42.287185],[-84.971466,42.286637],[-84.971392,42.285499],[-84.971307,42.285342],[-84.971249,42.284886],[-84.97122,42.283227],[-84.97117,42.281733],[-84.971173,42.281714]],[[-84.97119,42.281628],[-84.971256,42.281206],[-84.97121,42.279732],[-84.970938,42.279452],[-84.970926,42.277943],[-84.971025,42.277894],[-84.971023,42.277736],[-84.97113,42.277474],[-84.971104,42.277219],[-84.971162,42.277085],[-84.971095,42.276681],[-84.971094,42.276631],[-84.971186,42.276598],[-84.971189,42.276274],[-84.971185,42.27592],[-84.971186,42.27583],[-84.971072,42.275745],[-84.97107,42.275599],[-84.971117,42.275505],[-84.971116,42.275416],[-84.971054,42.275399],[-84.971049,42.275124],[-84.97112,42.275061],[-84.971117,42.273659],[-84.971073,42.27327],[-84.971069,42.272155],[-84.970734,42.272031],[-84.970728,42.271223],[-84.971005,42.271085],[-84.971064,42.271015],[-84.971019,42.270767],[-84.970998,42.270013],[-84.970954,42.269971],[-84.970945,42.269725],[-84.970977,42.269668],[-84.970931,42.269555],[-84.971131,42.269537],[-84.971126,42.269253],[-84.971035,42.269213],[-84.970967,42.269008],[-84.970968,42.268568],[-84.970685,42.268404],[-84.970681,42.268214],[-84.970892,42.268214]],[[-84.971008,42.268184],[-84.972485,42.268179],[-84.972485,42.267797],[-84.972486,42.267521],[-84.972432,42.267439],[-84.972384,42.267152],[-84.972415,42.267106],[-84.972416,42.266861],[-84.972467,42.266822],[-84.972462,42.266379],[-84.972358,42.266041],[-84.972247,42.26604],[-84.971892,42.266071],[-84.97045,42.266069],[-84.970274,42.266073],[-84.970253,42.266013],[-84.970217,42.266012]],[[-84.973242,42.256504],[-84.9738,42.256491],[-84.974898,42.256383],[-84.975373,42.256318]],[[-84.973276,42.256265],[-84.973295,42.256265],[-84.973312,42.256381],[-84.973181,42.256495]],[[-84.973125,42.256507],[-84.971213,42.25651],[-84.97089,42.256534],[-84.970575,42.256499],[-84.970088,42.256502],[-84.970109,42.257213],[-84.970077,42.257337],[-84.970084,42.25755],[-84.970126,42.257636],[-84.970151,42.257738],[-84.970158,42.258249],[-84.970175,42.258598],[-84.970258,42.258645],[-84.970276,42.25892],[-84.970273,42.259073],[-84.970199,42.2592],[-84.970067,42.259456],[-84.970078,42.259774],[-84.970195,42.259816],[-84.970244,42.260858],[-84.970301,42.261134],[-84.970264,42.261171],[-84.970269,42.261274]],[[-84.957649,42.26662],[-84.957919,42.266641],[-84.957991,42.266562],[-84.959703,42.266567],[-84.960236,42.266582],[-84.960367,42.266645],[-84.960864,42.266653],[-84.96088,42.266639],[-84.960877,42.266561],[-84.961353,42.266551],[-84.961647,42.266564],[-84.961769,42.266529],[-84.961916,42.266367],[-84.962665,42.266356],[-84.962927,42.266042],[-84.963234,42.266041],[-84.964436,42.266031],[-84.964656,42.265955],[-84.964881,42.265952],[-84.964955,42.265992],[-84.965423,42.266003],[-84.965497,42.266021],[-84.966472,42.266022],[-84.966501,42.266082],[-84.966804,42.266084],[-84.966876,42.266024],[-84.967233,42.266027],[-84.967489,42.266041],[-84.967525,42.266061],[-84.967936,42.266058],[-84.968131,42.266022],[-84.968911,42.266021],[-84.969405,42.26604],[-84.969713,42.266037],[-84.969943,42.266046],[-84.970016,42.26595],[-84.970179,42.265951],[-84.970265,42.265864],[-84.970412,42.265839],[-84.970508,42.265751],[-84.970498,42.264903],[-84.970416,42.264877],[-84.970278,42.264763],[-84.970257,42.263808],[-84.970241,42.263332],[-84.970187,42.263266],[-84.97019,42.263162],[-84.970255,42.263122],[-84.97024,42.262339],[-84.970269,42.261585],[-84.970269,42.261361]],[[-84.95765,42.26668],[-84.957962,42.266676],[-84.958009,42.266582],[-84.959702,42.266586],[-84.960228,42.266601],[-84.960359,42.266664],[-84.960876,42.266673],[-84.960906,42.266646],[-84.960904,42.26658],[-84.961352,42.26657],[-84.961651,42.266583],[-84.961786,42.266545],[-84.96193,42.266387],[-84.96268,42.266376],[-84.962942,42.266061],[-84.963234,42.266061],[-84.964442,42.26605],[-84.964662,42.265975],[-84.964872,42.265972],[-84.964946,42.266012],[-84.965418,42.266022],[-84.965492,42.26604],[-84.966453,42.266042],[-84.966483,42.266102],[-84.966815,42.266103],[-84.966887,42.266043],[-84.967232,42.266046],[-84.96748,42.26606],[-84.967516,42.26608],[-84.967939,42.266078],[-84.968134,42.266041],[-84.96891,42.26604],[-84.969404,42.26606],[-84.969712,42.266056],[-84.969957,42.266066],[-84.97,42.266014],[-84.9701,42.266014]],[[-84.963982,42.278019],[-84.964047,42.278019],[-84.964063,42.278506],[-84.965789,42.278512],[-84.965792,42.278798],[-84.965807,42.279259],[-84.96604,42.279338],[-84.966041,42.279409],[-84.965999,42.279508],[-84.966059,42.280442],[-84.96615,42.281011]],[[-84.961244,42.278108],[-84.962072,42.2781],[-84.962854,42.278034],[-84.963373,42.278011],[-84.963865,42.278016]],[[-84.960512,42.281968],[-84.960504,42.281338],[-84.960599,42.28072],[-84.960585,42.279865]],[[-84.960572,42.279821],[-84.960521,42.279822],[-84.96052,42.279731],[-84.960555,42.279708],[-84.960536,42.27821]],[[-84.960582,42.279778],[-84.960562,42.27821]],[[-84.961186,42.2781],[-84.961207,42.277925],[-84.961163,42.273771],[-84.960582,42.273407],[-84.959896,42.273412],[-84.959885,42.273175],[-84.959908,42.272567],[-84.959868,42.272182],[-84.95985,42.269562],[-84.959875,42.269503],[-84.959875,42.269362],[-84.95979,42.269313],[-84.95982,42.269072],[-84.959816,42.268524],[-84.959794,42.268449],[-84.959758,42.268112],[-84.959685,42.268069],[-84.959693,42.267462],[-84.959778,42.267301],[-84.959766,42.267082],[-84.959733,42.26661],[-84.959342,42.266609],[-84.95803,42.266601],[-84.957984,42.266696],[-84.957651,42.266699]],[[-84.945418,42.270123],[-84.945863,42.269997],[-84.945682,42.269406],[-84.946069,42.268792],[-84.947448,42.268234],[-84.947739,42.268231],[-84.948797,42.267832],[-84.950436,42.267111],[-84.952526,42.266643],[-84.952683,42.266356],[-84.953146,42.266255],[-84.953318,42.266424],[-84.954412,42.266165],[-84.95505,42.266117],[-84.955232,42.266692],[-84.955501,42.26669],[-84.955627,42.266686],[-84.957533,42.266682]],[[-84.945396,42.270067],[-84.945823,42.269955],[-84.945655,42.269404],[-84.946049,42.268778],[-84.947441,42.268215],[-84.947733,42.268211],[-84.948784,42.267815],[-84.950425,42.267093],[-84.952506,42.266627],[-84.952663,42.26634],[-84.953156,42.266233],[-84.953328,42.266401],[-84.954407,42.266145],[-84.95507,42.266096],[-84.955253,42.266672],[-84.955496,42.266671],[-84.955618,42.266639],[-84.957531,42.266621]],[[-84.94452,42.270749],[-84.944612,42.270727],[-84.944656,42.27031],[-84.945306,42.270148]],[[-84.906312,42.271443],[-84.910138,42.271415],[-84.91031,42.27171],[-84.910989,42.271709],[-84.911011,42.271421],[-84.911979,42.271413],[-84.915368,42.271414],[-84.915909,42.271448],[-84.916509,42.271504],[-84.917109,42.271643],[-84.921075,42.272384],[-84.921867,42.272429],[-84.922504,42.27242],[-84.923092,42.272265],[-84.923779,42.272012],[-84.924965,42.271514],[-84.925559,42.27133],[-84.926205,42.271286],[-84.92634,42.271326],[-84.926718,42.271322],[-84.926845,42.271275],[-84.93151,42.271219],[-84.931847,42.271215],[-84.931893,42.271536],[-84.932556,42.271533],[-84.932579,42.271205],[-84.934193,42.271184],[-84.934649,42.271262],[-84.935554,42.271347],[-84.936968,42.271824],[-84.937208,42.271905],[-84.937784,42.272311],[-84.938517,42.272533],[-84.938936,42.272549],[-84.940252,42.271738],[-84.942419,42.271219],[-84.944589,42.270684],[-84.944636,42.270253],[-84.945283,42.27009]]]},"properties":{"id":"fna-member-routes-20260918-e1f37d6e2793987ee1b3","sourceId":"fna-member-routes-20260918","source":"Fiber Network Alliance member fiber lines","sourceUrl":"https://www.fibernetworkalliance.com/membership-map-line/","name":"WOW-Lansing published routes","carrier":"WOW-Lansing","category":"unknown","routeStatus":"Status not established","evidence":"publisher_route","dataDate":null,"metadataModified":null,"retrievedAt":"2026-09-18T19:56:04.130240+00:00","networkType":"Published fiber route; precision and network class unverified","serviceability":"Unconfirmed","routeDiversity":"Unconfirmed","states":["MI"],"publishedLineParts":59},"bbox":[-84.975373,42.256265,-84.83387,42.306883]},{"type":"Feature","geometry":{"type":"MultiLineString","coordinates":[[[-84.837769,42.507542],[-84.837758,42.507702]],[[-84.827105,42.507502],[-84.827093,42.507662]],[[-84.748583,42.625176],[-84.749341,42.625172],[-84.749822,42.624692],[-84.750431,42.624731],[-84.75056,42.624684],[-84.751602,42.624685],[-84.752053,42.624762],[-84.752155,42.624765],[-84.752401,42.624743],[-84.752555,42.624728],[-84.75274,42.624735],[-84.753085,42.624704],[-84.753477,42.624699],[-84.753522,42.625009],[-84.753573,42.625018]],[[-84.815106,42.507566],[-84.815093,42.507743]],[[-84.807983,42.50739],[-84.807987,42.507158]],[[-84.841011,42.50757],[-84.840868,42.507545],[-84.837449,42.507538],[-84.823065,42.507479],[-84.822869,42.507651],[-84.822439,42.507641],[-84.817018,42.507613],[-84.814841,42.507553],[-84.814101,42.507755],[-84.813583,42.507759],[-84.812692,42.507662],[-84.811947,42.507676],[-84.811883,42.507528],[-84.810876,42.507531],[-84.810758,42.507418],[-84.807491,42.50739],[-84.804951,42.507377],[-84.802767,42.507359],[-84.802747,42.507383],[-84.802553,42.507382],[-84.802531,42.507357],[-84.802486,42.507357],[-84.802413,42.50738],[-84.800212,42.507379],[-84.79736,42.507375],[-84.793381,42.507353],[-84.793322,42.507385],[-84.790619,42.507388],[-84.788576,42.507384],[-84.787754,42.507385],[-84.786626,42.507388],[-84.78534,42.507386],[-84.785215,42.507534],[-84.784126,42.507532],[-84.78302,42.507496],[-84.781216,42.507504],[-84.781242,42.50976],[-84.781836,42.510904],[-84.781837,42.511914],[-84.781901,42.512181],[-84.781918,42.513114],[-84.781939,42.514408],[-84.782025,42.514541],[-84.782015,42.515035],[-84.782105,42.515141],[-84.782111,42.516557],[-84.782121,42.51697],[-84.782162,42.517067],[-84.78216,42.518149],[-84.78222,42.518186],[-84.782221,42.518328],[-84.782107,42.518387],[-84.782106,42.5194],[-84.782072,42.521759],[-84.777988,42.521751],[-84.776407,42.521522],[-84.775964,42.521643],[-84.775685,42.521726],[-84.774538,42.521276],[-84.773321,42.521298],[-84.773293,42.521267],[-84.773078,42.521268],[-84.773074,42.52212],[-84.772889,42.523779],[-84.772838,42.524735],[-84.772792,42.525685],[-84.772789,42.527254],[-84.772959,42.528139],[-84.772997,42.528801],[-84.772999,42.529955],[-84.77304,42.531846],[-84.773027,42.532866],[-84.773027,42.533968],[-84.773008,42.534866],[-84.773001,42.535397],[-84.772928,42.536073],[-84.772627,42.536723],[-84.772643,42.537042],[-84.769022,42.536968],[-84.764459,42.536971],[-84.764183,42.536492],[-84.763902,42.536465],[-84.763663,42.536466],[-84.763486,42.536904],[-84.762267,42.53702],[-84.762256,42.538807],[-84.762182,42.53916],[-84.762308,42.540126],[-84.762297,42.542856],[-84.762301,42.546334],[-84.762266,42.548361],[-84.762364,42.549092],[-84.762196,42.54937],[-84.762056,42.549892],[-84.76184,42.55057],[-84.761788,42.55235],[-84.761915,42.552882],[-84.762086,42.554378],[-84.762149,42.555108],[-84.762311,42.556968],[-84.762233,42.557181],[-84.762249,42.557851],[-84.762388,42.55798],[-84.762397,42.558485],[-84.762301,42.559212],[-84.762282,42.560348],[-84.762314,42.561096],[-84.762376,42.561625],[-84.762409,42.562457],[-84.762518,42.563449],[-84.762598,42.563542],[-84.762645,42.567585],[-84.762738,42.567594],[-84.762744,42.568098],[-84.762758,42.571149],[-84.762709,42.572889],[-84.762612,42.573664],[-84.762702,42.574634],[-84.76261,42.576134],[-84.762645,42.576811],[-84.762668,42.57952],[-84.765419,42.580625],[-84.769246,42.580622],[-84.772549,42.580601],[-84.772514,42.582195],[-84.772487,42.582955],[-84.772524,42.582976],[-84.772523,42.583114],[-84.772481,42.583125],[-84.772473,42.58337],[-84.772465,42.587575],[-84.772475,42.590951],[-84.772516,42.594122],[-84.7725,42.595063],[-84.772569,42.595582],[-84.772669,42.596089],[-84.772672,42.596345],[-84.772566,42.596838],[-84.772578,42.598535],[-84.772499,42.599424],[-84.772598,42.602591],[-84.772639,42.602603],[-84.772639,42.602708],[-84.772753,42.602708],[-84.77309,42.602829],[-84.773962,42.603403],[-84.774358,42.604139],[-84.774542,42.60504],[-84.772956,42.605765],[-84.772485,42.606138],[-84.771902,42.60675],[-84.771536,42.607023],[-84.770882,42.607417],[-84.769802,42.607813],[-84.768447,42.608296],[-84.766624,42.609312],[-84.766096,42.609363],[-84.764073,42.610587],[-84.760473,42.612731],[-84.76053,42.613134],[-84.75908,42.61401],[-84.758291,42.614442],[-84.757881,42.614579],[-84.753662,42.617129],[-84.753268,42.617446],[-84.753068,42.617488],[-84.752491,42.617821],[-84.748539,42.620193],[-84.748296,42.620237],[-84.748233,42.62027],[-84.748246,42.620364],[-84.748242,42.621194],[-84.748447,42.621248],[-84.748446,42.621708],[-84.748473,42.623443],[-84.74846,42.62405],[-84.748496,42.624648],[-84.748531,42.624886],[-84.748549,42.625046],[-84.748591,42.625069],[-84.748591,42.625113]],[[-84.801632,42.507378],[-84.80164,42.507098]],[[-84.794732,42.507365],[-84.794733,42.507427]],[[-84.783091,42.507494],[-84.783091,42.507423]],[[-84.781237,42.509477],[-84.781384,42.509479]],[[-84.782103,42.518485],[-84.781575,42.518516]],[[-84.779752,42.521748],[-84.779805,42.521574]],[[-84.776923,42.521593],[-84.776976,42.521419]],[[-84.773024,42.522546],[-84.773191,42.522554]],[[-84.772792,42.527178],[-84.772959,42.527186]],[[-84.77303,42.532594],[-84.773196,42.532602]],[[-84.770044,42.53699],[-84.770079,42.537119]],[[-84.764874,42.536972],[-84.764908,42.537101]],[[-84.762259,42.538507],[-84.76202,42.538507]],[[-84.762299,42.54371],[-84.76206,42.543709]],[[-84.761833,42.550604],[-84.761594,42.550603]],[[-84.762257,42.556362],[-84.762018,42.556362]],[[-84.762364,42.561512],[-84.762126,42.561512]],[[-84.762613,42.564822],[-84.762374,42.564822]],[[-84.762744,42.567751],[-84.762505,42.567751]],[[-84.762739,42.571578],[-84.7625,42.571577]],[[-84.762644,42.576947],[-84.762405,42.576947]],[[-84.76432,42.58018],[-84.764414,42.58008]],[[-84.768841,42.580618],[-84.768841,42.580536]],[[-84.772472,42.583818],[-84.77222,42.583825]],[[-84.772465,42.588099],[-84.772214,42.588105]],[[-84.7725,42.593064],[-84.772249,42.59307]],[[-84.772552,42.598799],[-84.7723,42.598806]],[[-84.772586,42.602082],[-84.772335,42.602088]],[[-84.77369,42.60543],[-84.773865,42.6055]],[[-84.768753,42.608188],[-84.768927,42.608258]],[[-84.757712,42.614684],[-84.757892,42.614706]],[[-84.763154,42.611137],[-84.763329,42.611207]],[[-84.753719,42.617093],[-84.753899,42.617115]],[[-84.814179,42.748802],[-84.814384,42.74882]],[[-84.814208,42.742933],[-84.814625,42.742946]],[[-84.80589,42.741705],[-84.805883,42.741893]],[[-84.803132,42.737883],[-84.802905,42.737891]],[[-84.803141,42.732574],[-84.802915,42.732582]],[[-84.803164,42.728026],[-84.802937,42.728034]],[[-84.795264,42.727072],[-84.79528,42.727286]],[[-84.784753,42.726592],[-84.784938,42.726571]],[[-84.784949,42.721611],[-84.785134,42.721591]],[[-84.784816,42.715776],[-84.785001,42.715756]],[[-84.782349,42.712612],[-84.78235,42.712794]],[[-84.775274,42.712343],[-84.775275,42.712526]],[[-84.761176,42.712763],[-84.761205,42.712443]],[[-84.824096,42.75664],[-84.823941,42.756797],[-84.823303,42.756787],[-84.823173,42.756843],[-84.822792,42.756797],[-84.820005,42.756823],[-84.81981,42.75704],[-84.81363,42.757066],[-84.81292,42.756053],[-84.812563,42.752354],[-84.812595,42.7515],[-84.814153,42.751491],[-84.814204,42.74586],[-84.814204,42.745349],[-84.814272,42.745141],[-84.814273,42.744948],[-84.81422,42.744744],[-84.814199,42.742402],[-84.814161,42.741739],[-84.804763,42.741702],[-84.803125,42.741678],[-84.803055,42.739229],[-84.803202,42.739136],[-84.80321,42.738831],[-84.803112,42.737639],[-84.803149,42.736373],[-84.803078,42.736146],[-84.803074,42.735705],[-84.803153,42.73568],[-84.803159,42.733379],[-84.803298,42.733241],[-84.803301,42.733029],[-84.803152,42.732992],[-84.803132,42.731614],[-84.803202,42.731556],[-84.803201,42.731112],[-84.803059,42.730958],[-84.803059,42.730921],[-84.803159,42.730878],[-84.803167,42.7273],[-84.803178,42.727016],[-84.802968,42.727019],[-84.802923,42.727057],[-84.801562,42.727059],[-84.794683,42.72707],[-84.786721,42.727062],[-84.785326,42.727056],[-84.784821,42.727275],[-84.784536,42.727273],[-84.78447,42.727213],[-84.784723,42.727043],[-84.78476,42.726454],[-84.784953,42.726355],[-84.784969,42.726039],[-84.784949,42.72087],[-84.784909,42.718696],[-84.784848,42.716049],[-84.784598,42.714218],[-84.784637,42.71386],[-84.784507,42.712614],[-84.778746,42.712606],[-84.777418,42.71236],[-84.777293,42.712267],[-84.777074,42.71227],[-84.776857,42.71233],[-84.774672,42.712347],[-84.772658,42.712717],[-84.769885,42.712741],[-84.769621,42.712553],[-84.769396,42.712556],[-84.769276,42.71274],[-84.766714,42.712722],[-84.760476,42.71277],[-84.75423,42.712784],[-84.754217,42.711793],[-84.748797,42.711778],[-84.74427,42.71176],[-84.744262,42.711123],[-84.74422,42.710989],[-84.744202,42.709427],[-84.743623,42.709224],[-84.743622,42.708977],[-84.743584,42.70896],[-84.743582,42.708852],[-84.744174,42.708723],[-84.74419,42.706834],[-84.744182,42.7047],[-84.744145,42.704263],[-84.744263,42.704136],[-84.744262,42.704006],[-84.744196,42.703968],[-84.744192,42.703718],[-84.744274,42.701239],[-84.744248,42.700612],[-84.744234,42.699802],[-84.744174,42.699308],[-84.744226,42.699087],[-84.744178,42.698236],[-84.744253,42.697638],[-84.744394,42.697281],[-84.744547,42.697217],[-84.744776,42.694943],[-84.745357,42.694938],[-84.745355,42.693838],[-84.745439,42.69362],[-84.745358,42.693378],[-84.745341,42.691792],[-84.745335,42.689811],[-84.745333,42.688546],[-84.745644,42.688468],[-84.745628,42.688046],[-84.745393,42.687824],[-84.74538,42.685914],[-84.745429,42.685521],[-84.745425,42.68263],[-84.745049,42.682527],[-84.74493,42.681928],[-84.744886,42.680196],[-84.744815,42.680028],[-84.744811,42.679623],[-84.744797,42.67701],[-84.744793,42.676333],[-84.744422,42.676335],[-84.744379,42.675851],[-84.744083,42.675842],[-84.744072,42.674946],[-84.743954,42.674774],[-84.743951,42.674703],[-84.744079,42.67466],[-84.744067,42.673582],[-84.743447,42.673163],[-84.743305,42.672758],[-84.743305,42.672161],[-84.743363,42.672056],[-84.74337,42.670039],[-84.743379,42.667135],[-84.74382,42.667131],[-84.743949,42.666622],[-84.74394,42.666032],[-84.743929,42.665137],[-84.743925,42.664424],[-84.743896,42.663217],[-84.743894,42.66262],[-84.743869,42.661721],[-84.743868,42.66164],[-84.743899,42.661628],[-84.743915,42.660935],[-84.744214,42.660722],[-84.744228,42.660026],[-84.743904,42.65983],[-84.743874,42.658414],[-84.743424,42.657971],[-84.743416,42.655885],[-84.743681,42.655743],[-84.744104,42.655327],[-84.743702,42.65441],[-84.743736,42.653547],[-84.743888,42.653439],[-84.743925,42.652363],[-84.743923,42.651064],[-84.743877,42.648677],[-84.743853,42.64756],[-84.743677,42.64699],[-84.743662,42.646646],[-84.743774,42.646497],[-84.743776,42.645942],[-84.743799,42.64501],[-84.743711,42.644928],[-84.743714,42.644551],[-84.743277,42.644395],[-84.743074,42.643826],[-84.742995,42.643581],[-84.742884,42.643465],[-84.742886,42.642459],[-84.743016,42.642259],[-84.74302,42.641976],[-84.743101,42.641368],[-84.743088,42.639865],[-84.742717,42.639753],[-84.742719,42.639656],[-84.742755,42.639641],[-84.742755,42.639432],[-84.743084,42.639284],[-84.74303,42.635155],[-84.742892,42.635],[-84.742894,42.634808],[-84.742957,42.634672],[-84.742947,42.631234],[-84.742941,42.629037],[-84.742992,42.628999],[-84.742987,42.628598],[-84.743137,42.628598],[-84.743131,42.627627],[-84.743553,42.627565],[-84.743549,42.62642],[-84.744598,42.626392],[-84.745131,42.626424],[-84.747096,42.626432],[-84.747934,42.62644],[-84.748676,42.626562],[-84.748693,42.626857],[-84.748722,42.626856]],[[-84.753798,42.625037],[-84.753944,42.624867],[-84.754379,42.624867],[-84.754482,42.624836],[-84.755467,42.624822],[-84.755549,42.624826],[-84.756378,42.624804],[-84.756566,42.624893],[-84.756571,42.625199]],[[-84.751708,42.624702],[-84.751713,42.624563]],[[-84.756475,42.62528],[-84.756498,42.62528],[-84.756563,42.625243]],[[-84.76907,42.653363],[-84.769078,42.653504]],[[-84.762343,42.653823],[-84.76235,42.653964]],[[-84.75131,42.653813],[-84.751318,42.653953]],[[-84.824334,42.727229],[-84.824379,42.72782]],[[-84.818204,42.726668],[-84.818204,42.726498]],[[-84.807047,42.727097],[-84.807082,42.727286]],[[-84.756466,42.675837],[-84.756439,42.675651]],[[-84.750249,42.676403],[-84.750253,42.676554]],[[-84.756569,42.624911],[-84.756705,42.624898]],[[-84.754123,42.624872],[-84.754137,42.624995]],[[-84.801131,42.624884],[-84.801119,42.624653]],[[-84.793033,42.625389],[-84.793027,42.625601]],[[-84.783967,42.625402],[-84.783961,42.625614]],[[-84.775255,42.625296],[-84.775249,42.625508]],[[-84.773236,42.621944],[-84.773477,42.621947]],[[-84.759729,42.536052],[-84.75976,42.535861]],[[-84.782048,42.515693],[-84.781591,42.515683]],[[-84.781703,42.550673],[-84.781692,42.550514]],[[-84.771837,42.55069],[-84.771826,42.55053]],[[-84.764633,42.551655],[-84.764767,42.551857]],[[-84.762373,42.556482],[-84.76299,42.55648]],[[-84.762472,42.561527],[-84.76309,42.561525]],[[-84.762717,42.564975],[-84.763264,42.564978]],[[-84.773324,42.569665],[-84.772946,42.569672]],[[-84.771246,42.565926],[-84.77124,42.565742]],[[-84.764199,42.565875],[-84.764193,42.565691]],[[-84.80313,42.727053],[-84.803852,42.727065],[-84.808398,42.727108],[-84.808496,42.727043],[-84.809306,42.727042],[-84.809414,42.727111],[-84.813017,42.727087],[-84.813427,42.726732],[-84.813829,42.726565],[-84.814104,42.727053],[-84.816904,42.727055],[-84.81691,42.726679],[-84.819326,42.726667],[-84.819494,42.726624],[-84.82047,42.726602],[-84.820469,42.72619],[-84.821457,42.726291],[-84.823642,42.726505],[-84.824013,42.726605],[-84.823937,42.727056],[-84.824116,42.727232],[-84.824327,42.727231],[-84.82454,42.727145]],[[-84.813731,42.72667],[-84.814197,42.726691]],[[-84.813648,42.726908],[-84.8142,42.72669]],[[-84.824587,42.727117],[-84.824553,42.727072]],[[-84.781852,42.514791],[-84.781837,42.514868]],[[-84.783445,42.55109],[-84.783445,42.551152]],[[-84.783386,42.551157],[-84.783233,42.551158],[-84.783151,42.550994],[-84.782786,42.550671],[-84.772902,42.550715],[-84.772188,42.550692],[-84.765199,42.550694],[-84.765055,42.551133],[-84.764585,42.551705],[-84.761903,42.551743],[-84.761886,42.552344],[-84.762012,42.552872],[-84.762183,42.554373],[-84.762247,42.555103],[-84.76241,42.556976],[-84.762331,42.55719],[-84.762346,42.557825],[-84.762485,42.557955],[-84.762495,42.558489],[-84.762398,42.559216],[-84.762379,42.560347],[-84.762411,42.561092],[-84.762473,42.561621],[-84.762506,42.562453],[-84.762614,42.563426],[-84.762695,42.563521],[-84.762741,42.567478]],[[-84.736597,42.538132],[-84.737058,42.538047],[-84.737754,42.538544],[-84.738014,42.538537],[-84.737959,42.53675],[-84.738099,42.535888],[-84.738636,42.535494],[-84.738714,42.535549],[-84.738941,42.535864],[-84.73952,42.536106],[-84.746706,42.536164],[-84.753075,42.536159],[-84.755557,42.536047],[-84.763086,42.536062],[-84.763092,42.536637],[-84.763527,42.536628],[-84.763585,42.536449],[-84.763902,42.536445],[-84.763902,42.536511]],[[-84.762711,42.567522],[-84.762801,42.567485],[-84.762792,42.565872],[-84.766198,42.56589],[-84.766518,42.56572],[-84.767049,42.565718],[-84.767165,42.565905],[-84.77269,42.565936],[-84.772695,42.567656],[-84.773363,42.567661],[-84.773295,42.571291],[-84.773119,42.571343],[-84.773116,42.571461]],[[-84.773122,42.571505],[-84.773169,42.571505]],[[-84.756634,42.675933],[-84.756633,42.675848]],[[-84.770214,42.653892],[-84.770213,42.653948]],[[-84.770154,42.653952],[-84.769873,42.653948],[-84.769784,42.653364],[-84.76856,42.653359],[-84.768366,42.653356],[-84.767233,42.653721],[-84.767234,42.653846],[-84.765854,42.653849],[-84.763346,42.653821],[-84.75961,42.653817],[-84.751428,42.653808],[-84.746837,42.653793],[-84.746174,42.654183],[-84.743692,42.654194],[-84.743676,42.654412],[-84.744076,42.655324],[-84.743665,42.655731],[-84.74337,42.655887],[-84.743389,42.657973],[-84.743852,42.65842],[-84.743882,42.659838],[-84.744205,42.660033],[-84.744189,42.660714],[-84.743887,42.660925],[-84.743869,42.661514]],[[-84.801846,42.624992],[-84.801845,42.624895]],[[-84.801786,42.624887],[-84.797903,42.624905],[-84.795253,42.624909],[-84.793921,42.624901],[-84.793887,42.625382],[-84.790296,42.625411],[-84.78317,42.625403],[-84.779198,42.625371],[-84.776872,42.625327],[-84.773072,42.62525],[-84.773248,42.624918],[-84.773227,42.621342],[-84.773232,42.619791],[-84.772605,42.619608],[-84.772602,42.619538],[-84.772602,42.619488]],[[-84.781896,42.51487],[-84.781962,42.51487],[-84.781959,42.515046],[-84.782048,42.515151],[-84.782054,42.516557],[-84.782065,42.516979],[-84.782106,42.517074],[-84.782104,42.518227]],[[-84.834517,42.56628],[-84.834545,42.566278],[-84.834549,42.566058]],[[-84.834607,42.56605],[-84.836728,42.566069]]]},"properties":{"id":"fna-member-routes-20260918-0d7287e032d6e55e4b76","sourceId":"fna-member-routes-20260918","source":"Fiber Network Alliance member fiber lines","sourceUrl":"https://www.fibernetworkalliance.com/membership-map-line/","name":"WOW-Lansing published routes","carrier":"WOW-Lansing","category":"unknown","routeStatus":"Status not established","evidence":"publisher_route","dataDate":null,"metadataModified":null,"retrievedAt":"2026-09-18T19:56:04.130240+00:00","networkType":"Published fiber route; precision and network class unverified","serviceability":"Unconfirmed","routeDiversity":"Unconfirmed","states":["MI"],"publishedLineParts":100},"bbox":[-84.841011,42.507098,-84.736597,42.757066]},{"type":"Feature","geometry":{"type":"MultiLineString","coordinates":[[[-84.852178,42.557947],[-84.852032,42.55787]],[[-84.851569,42.558874],[-84.851583,42.558864],[-84.851577,42.558832],[-84.851651,42.558778]],[[-84.851681,42.558741],[-84.851503,42.558486],[-84.852125,42.557989],[-84.852636,42.557584],[-84.852955,42.557328],[-84.853177,42.557024],[-84.853412,42.557025],[-84.853645,42.557042],[-84.853662,42.55703]],[[-84.846063,42.570359],[-84.846042,42.570222],[-84.846002,42.57019],[-84.845998,42.570176]],[[-84.846054,42.570166],[-84.847155,42.570161]],[[-84.843086,42.553185],[-84.843076,42.553068]],[[-84.844067,42.553192],[-84.844091,42.553143],[-84.843941,42.553096],[-84.843873,42.55312],[-84.843471,42.553133],[-84.843367,42.553182],[-84.843001,42.553187],[-84.842597,42.553068],[-84.841701,42.553054]],[[-84.836354,42.554506],[-84.836346,42.553816],[-84.836802,42.553813],[-84.837167,42.553808],[-84.838434,42.553826],[-84.838947,42.553756],[-84.83894,42.553311],[-84.83896,42.553243],[-84.839291,42.553214],[-84.839442,42.553231],[-84.839653,42.553215],[-84.840063,42.553212],[-84.84045,42.553205],[-84.841148,42.553193],[-84.841196,42.553058],[-84.841583,42.553055]],[[-84.846895,42.570168],[-84.846955,42.569956]],[[-84.868284,42.545636],[-84.868091,42.545899]],[[-84.867809,42.546304],[-84.86854,42.546429]],[[-84.868083,42.546094],[-84.868547,42.546396]],[[-84.865692,42.547877],[-84.865432,42.547815]],[[-84.859869,42.552332],[-84.859609,42.55227]],[[-84.861705,42.581179],[-84.861812,42.581189]],[[-84.861973,42.576712],[-84.86208,42.576722]],[[-84.861438,42.57175],[-84.861511,42.571579]],[[-84.860713,42.566252],[-84.860569,42.566246]],[[-84.8596,42.563661],[-84.859785,42.563631]],[[-84.857005,42.562707],[-84.857189,42.562677]],[[-84.854786,42.558941],[-84.854786,42.558794]],[[-84.840716,42.536526],[-84.840591,42.536517]],[[-84.845886,42.547331],[-84.845881,42.547249]],[[-84.843351,42.547512],[-84.843346,42.547427]],[[-84.839699,42.553209],[-84.839689,42.553092]],[[-84.833094,42.553668],[-84.833108,42.553782]],[[-84.828171,42.551047],[-84.828171,42.5509]],[[-84.818547,42.550329],[-84.818547,42.550182]],[[-84.810789,42.550974],[-84.810789,42.550827]],[[-84.844393,42.560656],[-84.844393,42.560509]],[[-84.84392,42.562883],[-84.843757,42.562823]],[[-84.835111,42.566051],[-84.835148,42.565885]],[[-84.803505,42.585986],[-84.803405,42.585835]],[[-84.802525,42.583886],[-84.802362,42.583894]],[[-84.800361,42.581856],[-84.800347,42.58198]],[[-84.796494,42.5819],[-84.796481,42.582024]],[[-84.787246,42.581502],[-84.787206,42.581714]],[[-84.787344,42.577475],[-84.787141,42.577448]],[[-84.787495,42.57179],[-84.787293,42.571763]],[[-84.786698,42.567573],[-84.786496,42.567546]],[[-84.791698,42.565841],[-84.791681,42.565715]],[[-84.86188,42.582568],[-84.861961,42.582567],[-84.861961,42.582549]],[[-84.861959,42.582462],[-84.861954,42.582103],[-84.861704,42.5821],[-84.861703,42.580303],[-84.861966,42.579607],[-84.861971,42.578502],[-84.861955,42.573621],[-84.861859,42.572581],[-84.861708,42.571759],[-84.860729,42.571732],[-84.860718,42.565791],[-84.860728,42.56469],[-84.860582,42.564558],[-84.860595,42.564539]],[[-84.809275,42.551259],[-84.809364,42.551259]],[[-84.809482,42.55126],[-84.809501,42.55126],[-84.809511,42.551002],[-84.810063,42.550988],[-84.810186,42.55092],[-84.810361,42.550922],[-84.810406,42.55096],[-84.812064,42.551003],[-84.812064,42.550465],[-84.8166,42.550478],[-84.817307,42.550351],[-84.817972,42.550342],[-84.820574,42.550293],[-84.822355,42.550365],[-84.822377,42.551057],[-84.82534,42.550956],[-84.827604,42.550975],[-84.829829,42.551248],[-84.830114,42.551322],[-84.83055,42.551349],[-84.830602,42.55164],[-84.830648,42.552407],[-84.830666,42.553306],[-84.830975,42.553336],[-84.830979,42.553742],[-84.831378,42.553738],[-84.831427,42.553674]],[[-84.831328,42.553281],[-84.831346,42.553281],[-84.831351,42.553657],[-84.83137,42.553657]],[[-84.831488,42.553657],[-84.832548,42.553659],[-84.833333,42.553667],[-84.833503,42.553728],[-84.83364,42.553716],[-84.833763,42.553683],[-84.834289,42.553678],[-84.834698,42.553665],[-84.834717,42.554567],[-84.835124,42.554685],[-84.835914,42.554683],[-84.835956,42.554605],[-84.836271,42.554603],[-84.836372,42.554552]],[[-84.836331,42.554808],[-84.836332,42.554833],[-84.836424,42.554832],[-84.836423,42.554577]],[[-84.846358,42.54784],[-84.846395,42.54784],[-84.846419,42.547792],[-84.846455,42.547791]],[[-84.846573,42.54779],[-84.846611,42.54779],[-84.846611,42.547717],[-84.846494,42.547662],[-84.846495,42.547413],[-84.846133,42.547336],[-84.845854,42.547332],[-84.845812,42.547556],[-84.845702,42.547597],[-84.845293,42.547603],[-84.845246,42.547498],[-84.844648,42.547492],[-84.844585,42.547545],[-84.844162,42.547547],[-84.844064,42.547462],[-84.84317,42.547531],[-84.842713,42.547533],[-84.842515,42.547419],[-84.84113,42.547419],[-84.840705,42.547275],[-84.84071,42.54701]],[[-84.840723,42.537988],[-84.840726,42.537147],[-84.840721,42.536476],[-84.84081,42.536475]],[[-84.841111,42.536552],[-84.841112,42.536475],[-84.840928,42.536476]],[[-84.843981,42.553373],[-84.843981,42.553343],[-84.844003,42.553324],[-84.844002,42.553246],[-84.844053,42.553231],[-84.844063,42.553208]],[[-84.851696,42.55875],[-84.85171,42.558763],[-84.851666,42.558828],[-84.851757,42.558941],[-84.85163,42.559145],[-84.851571,42.559182],[-84.851659,42.559225],[-84.851759,42.559224],[-84.852044,42.559374],[-84.852618,42.559371],[-84.852848,42.558993],[-84.852922,42.558947],[-84.854742,42.558943],[-84.855069,42.558957],[-84.855147,42.559227],[-84.855209,42.559273],[-84.855575,42.560053],[-84.85564,42.561827],[-84.855664,42.562143],[-84.855652,42.562336],[-84.855295,42.562481],[-84.855709,42.562593],[-84.85591,42.562447],[-84.856103,42.562395],[-84.856435,42.562529],[-84.856786,42.562712],[-84.856993,42.562707],[-84.857992,42.563085],[-84.858546,42.563161],[-84.85948,42.563593],[-84.860167,42.563997],[-84.860235,42.564092],[-84.860541,42.564143],[-84.860563,42.56419],[-84.860881,42.564319],[-84.860688,42.564565],[-84.860649,42.564549]],[[-84.860488,42.564479],[-84.860549,42.564503]],[[-84.855863,42.55538],[-84.85644,42.554961],[-84.856329,42.554778],[-84.856637,42.554556],[-84.856946,42.554401],[-84.857078,42.554185],[-84.857313,42.554209],[-84.857366,42.554174],[-84.857499,42.55414],[-84.858087,42.553698],[-84.859345,42.552726],[-84.859516,42.552583],[-84.859716,42.552457],[-84.860367,42.551948],[-84.86046,42.551763],[-84.860571,42.551635],[-84.860686,42.55152],[-84.860848,42.551408],[-84.861096,42.551408],[-84.862196,42.550588],[-84.863527,42.549554],[-84.865028,42.548391],[-84.866724,42.547101],[-84.867935,42.546197]],[[-84.868018,42.546135],[-84.868137,42.546046],[-84.868018,42.545959],[-84.868089,42.545902],[-84.868076,42.545891]],[[-84.843927,42.563319],[-84.843919,42.562691],[-84.84388,42.56237],[-84.843873,42.561511],[-84.844009,42.561442],[-84.844041,42.561132],[-84.843842,42.56098],[-84.843838,42.560676],[-84.844006,42.560675],[-84.844114,42.560581],[-84.844258,42.560597],[-84.844324,42.560661],[-84.844664,42.56067],[-84.844685,42.56064],[-84.844796,42.560641],[-84.844826,42.560692],[-84.845109,42.560808],[-84.84511,42.56091],[-84.845082,42.56091]],[[-84.844964,42.56091],[-84.844827,42.56091]],[[-84.800047,42.581458],[-84.80007,42.581465],[-84.800094,42.581535],[-84.800209,42.581609],[-84.800343,42.581853],[-84.800981,42.581838],[-84.801029,42.581628],[-84.801376,42.581628],[-84.801603,42.581895],[-84.801996,42.581903],[-84.802017,42.582445],[-84.80252,42.582511],[-84.802522,42.58309],[-84.802548,42.586577],[-84.803612,42.585922],[-84.804365,42.586457],[-84.804326,42.586669],[-84.80464,42.58682],[-84.804456,42.587028],[-84.804627,42.587113],[-84.804835,42.587133],[-84.80484,42.587128]],[[-84.804905,42.587055],[-84.804911,42.587049],[-84.804877,42.587031]],[[-84.800141,42.581348],[-84.800141,42.581372],[-84.800083,42.581373],[-84.800062,42.581413]],[[-84.800019,42.581494],[-84.800013,42.581506],[-84.799877,42.581552],[-84.797893,42.581593],[-84.797825,42.581899],[-84.796235,42.581895],[-84.795999,42.58179],[-84.795134,42.581788],[-84.794674,42.58173],[-84.794203,42.581698],[-84.793951,42.581726],[-84.793393,42.581707],[-84.790871,42.581624],[-84.790659,42.581545],[-84.790561,42.581542],[-84.790261,42.5816],[-84.789532,42.58158],[-84.787198,42.581498],[-84.787184,42.580967],[-84.787089,42.580894],[-84.78708,42.580565],[-84.787424,42.58053],[-84.787415,42.578044],[-84.787305,42.577299],[-84.787347,42.57704],[-84.787318,42.575407],[-84.787474,42.573085],[-84.787567,42.568815],[-84.787598,42.568045],[-84.78653,42.567847],[-84.786809,42.567396],[-84.787371,42.566613],[-84.787887,42.565871],[-84.788268,42.565871],[-84.790301,42.565865],[-84.792721,42.565832],[-84.792895,42.565801],[-84.793114,42.565832],[-84.794659,42.565836],[-84.794899,42.565842],[-84.795154,42.565907]],[[-84.846324,42.502876],[-84.84619,42.502875]],[[-84.843436,42.505168],[-84.843302,42.505168]],[[-84.841215,42.507367],[-84.841082,42.507367]],[[-84.838335,42.507519],[-84.838313,42.507729]],[[-84.82767,42.50748],[-84.827649,42.507689]],[[-84.773004,42.523017],[-84.773236,42.52305]],[[-84.814158,42.748492],[-84.814432,42.748532]],[[-84.814171,42.742611],[-84.814656,42.742662]],[[-84.806555,42.741731],[-84.806535,42.741927]],[[-84.80315,42.738457],[-84.802965,42.738471]],[[-84.803108,42.732453],[-84.802923,42.732467]],[[-84.803133,42.727916],[-84.802948,42.72793]],[[-84.795986,42.727089],[-84.796008,42.727337]],[[-84.7874,42.727085],[-84.787422,42.727334]],[[-84.784945,42.725338],[-84.785149,42.725316]],[[-84.784923,42.721302],[-84.785127,42.721279]],[[-84.784764,42.715595],[-84.784967,42.715573]],[[-84.782879,42.712633],[-84.782887,42.712786]],[[-84.774676,42.712364],[-84.774721,42.712576]],[[-84.76174,42.71278],[-84.761786,42.712437]],[[-84.750491,42.711799],[-84.750514,42.711577]],[[-84.773192,42.621854],[-84.772701,42.621861]],[[-84.770704,42.625208],[-84.770712,42.62544]],[[-84.75903,42.624645],[-84.759069,42.624474]],[[-84.751136,42.624662],[-84.751175,42.624492]],[[-84.81567,42.507561],[-84.815649,42.507771]],[[-84.808279,42.507383],[-84.808415,42.506811]],[[-84.795066,42.507331],[-84.795144,42.506953]],[[-84.784466,42.507517],[-84.784561,42.507107]],[[-84.781216,42.509287],[-84.781405,42.509318]],[[-84.782087,42.516496],[-84.782732,42.516564]],[[-84.780154,42.521772],[-84.780305,42.521519]],[[-84.775153,42.521536],[-84.775305,42.521284]],[[-84.772827,42.526474],[-84.77306,42.526508]],[[-84.77306,42.532342],[-84.773293,42.532376]],[[-84.770848,42.53703],[-84.770878,42.537176]],[[-84.765603,42.536992],[-84.765633,42.537138]]]},"properties":{"id":"fna-member-routes-20260918-a7657fef4965f6a9b6eb","sourceId":"fna-member-routes-20260918","source":"Fiber Network Alliance member fiber lines","sourceUrl":"https://www.fibernetworkalliance.com/membership-map-line/","name":"WOW-Lansing published routes","carrier":"WOW-Lansing","category":"unknown","routeStatus":"Status not established","evidence":"publisher_route","dataDate":null,"metadataModified":null,"retrievedAt":"2026-09-18T19:56:04.130240+00:00","networkType":"Published fiber route; precision and network class unverified","serviceability":"Unconfirmed","routeDiversity":"Unconfirmed","states":["MI"],"publishedLineParts":100},"bbox":[-84.868547,42.502875,-84.750491,42.748532]},{"type":"Feature","geometry":{"type":"MultiLineString","coordinates":[[[-84.762332,42.538045],[-84.762105,42.538029]],[[-84.762361,42.543422],[-84.762134,42.543407]],[[-84.762422,42.549044],[-84.762195,42.549029]],[[-84.762301,42.556117],[-84.762074,42.556102]],[[-84.762408,42.561378],[-84.762181,42.561362]],[[-84.762674,42.564588],[-84.762446,42.564573]],[[-84.750345,42.565927],[-84.750337,42.565763]],[[-84.759505,42.565905],[-84.759497,42.565741]],[[-84.762717,42.568165],[-84.76249,42.56815]],[[-84.762713,42.571745],[-84.762486,42.571729]],[[-84.762618,42.577167],[-84.762391,42.577151]],[[-84.764775,42.580388],[-84.764828,42.580241]],[[-84.771434,42.580625],[-84.771486,42.580478]],[[-84.772442,42.584339],[-84.772252,42.584346]],[[-84.762711,42.567566],[-84.762718,42.568099],[-84.762732,42.571149],[-84.762683,42.572887],[-84.762585,42.573664],[-84.762676,42.574634],[-84.762584,42.576134],[-84.762619,42.576812],[-84.762642,42.579531],[-84.765412,42.580644],[-84.769246,42.580642],[-84.772522,42.580621],[-84.772488,42.582194],[-84.772459,42.583006]],[[-84.772442,42.587894],[-84.772253,42.587901]],[[-84.772474,42.592958],[-84.772285,42.592964]],[[-84.772513,42.598981],[-84.772324,42.598988]],[[-84.772553,42.602194],[-84.772364,42.602201]],[[-84.780387,42.600087],[-84.78034,42.599871]],[[-84.777804,42.601638],[-84.777723,42.601051]],[[-84.774121,42.602957],[-84.774199,42.602762]],[[-84.772578,42.602662],[-84.773079,42.602698],[-84.773979,42.602928],[-84.774855,42.603117],[-84.775485,42.602885],[-84.776209,42.602598],[-84.776435,42.602554],[-84.776832,42.602182],[-84.776795,42.601974],[-84.777067,42.601825],[-84.777399,42.601843],[-84.777621,42.601717],[-84.777841,42.601623],[-84.779062,42.600861],[-84.782335,42.598957],[-84.782131,42.59876],[-84.782474,42.598558]],[[-84.773156,42.605654],[-84.773334,42.605667]],[[-84.768911,42.608115],[-84.769089,42.608128]],[[-84.763171,42.611106],[-84.763349,42.611119]],[[-84.758556,42.614276],[-84.758734,42.614289]],[[-84.753851,42.616993],[-84.754029,42.617007]],[[-84.824118,42.756659],[-84.82396,42.756817],[-84.823309,42.756807],[-84.823178,42.756863],[-84.82279,42.756816],[-84.820019,42.756842],[-84.819824,42.75706],[-84.813614,42.757086],[-84.812894,42.756059],[-84.812537,42.752355],[-84.812569,42.751481],[-84.814127,42.751472],[-84.814177,42.74586],[-84.814178,42.745346],[-84.814246,42.745139],[-84.814246,42.74495],[-84.814193,42.744746],[-84.814173,42.742403],[-84.814135,42.741758],[-84.804762,42.741721],[-84.803099,42.741697],[-84.803028,42.73922],[-84.803176,42.739127],[-84.803183,42.738832],[-84.803086,42.73764],[-84.803123,42.736375],[-84.803051,42.736148],[-84.803048,42.735692],[-84.803127,42.735667],[-84.803133,42.733373],[-84.803272,42.733235],[-84.803275,42.733043],[-84.803125,42.733006],[-84.803105,42.731606],[-84.803176,42.731548],[-84.803174,42.731118],[-84.803033,42.730964],[-84.803033,42.730909],[-84.803132,42.730867],[-84.80314,42.7273],[-84.803149,42.727075],[-84.803131,42.727075]],[[-84.803013,42.727076],[-84.801562,42.727078],[-84.794683,42.72709],[-84.786721,42.727082],[-84.785333,42.727075],[-84.784828,42.727294],[-84.784422,42.72729],[-84.784376,42.727252]],[[-84.78429,42.727182],[-84.784376,42.727251]],[[-84.784419,42.727222],[-84.784697,42.727034],[-84.784734,42.726444],[-84.784927,42.726345],[-84.784942,42.726039],[-84.784922,42.72087],[-84.784883,42.718696],[-84.784822,42.71605],[-84.784572,42.714218],[-84.78461,42.71386],[-84.784483,42.712633],[-84.778743,42.712626],[-84.777404,42.712378],[-84.777282,42.712287],[-84.777079,42.71229],[-84.776862,42.71235],[-84.774675,42.712367],[-84.772661,42.712736],[-84.769875,42.71276],[-84.769612,42.712574],[-84.76941,42.712576],[-84.769292,42.712759],[-84.766714,42.712741],[-84.760476,42.71279],[-84.754204,42.712803],[-84.754191,42.711813],[-84.748797,42.711798],[-84.744244,42.711779],[-84.744236,42.711125],[-84.744193,42.710991],[-84.744175,42.70944],[-84.743567,42.709226],[-84.743565,42.709117]],[[-84.763843,42.536515],[-84.763713,42.536516],[-84.763538,42.53695],[-84.762334,42.537064],[-84.762323,42.538811],[-84.76225,42.539161],[-84.762375,42.540123],[-84.762365,42.542856],[-84.762369,42.546334],[-84.762333,42.548359],[-84.762433,42.549101],[-84.76226,42.549385],[-84.762122,42.549903],[-84.761907,42.550576],[-84.761856,42.552346],[-84.761982,42.552875],[-84.762153,42.554375],[-84.762217,42.555105],[-84.762379,42.556973],[-84.762301,42.557187],[-84.762316,42.557833],[-84.762456,42.557963],[-84.762465,42.558488],[-84.762368,42.559214],[-84.762349,42.560347],[-84.762381,42.561093],[-84.762443,42.561622],[-84.762476,42.562454],[-84.762584,42.563433],[-84.762665,42.563527],[-84.762711,42.567478]],[[-84.841072,42.507561],[-84.840872,42.507525],[-84.837449,42.507519],[-84.823052,42.507459],[-84.822857,42.507631],[-84.822439,42.507622],[-84.817019,42.507594],[-84.814837,42.507534],[-84.814096,42.507736],[-84.813584,42.507739],[-84.812693,42.507643],[-84.811966,42.507656],[-84.811902,42.507509],[-84.810889,42.507512],[-84.810771,42.507398],[-84.807491,42.50737],[-84.804951,42.507358],[-84.802719,42.507339]],[[-84.8026,42.507337],[-84.802482,42.507336],[-84.802435,42.507351],[-84.800211,42.507357],[-84.797367,42.507349],[-84.793377,42.507325],[-84.793318,42.507358],[-84.790632,42.507361],[-84.788571,42.507357],[-84.787748,42.507359],[-84.786634,42.507362],[-84.785326,42.507363],[-84.785201,42.507518],[-84.784131,42.507513],[-84.78302,42.507477],[-84.781189,42.507484],[-84.781216,42.509763],[-84.78181,42.510908],[-84.781811,42.511916],[-84.781875,42.512182],[-84.781892,42.513114],[-84.781913,42.514413],[-84.781999,42.514546],[-84.781989,42.51504],[-84.782078,42.515146],[-84.782085,42.516558],[-84.782094,42.516973],[-84.782136,42.51707],[-84.782134,42.518227]],[[-84.782134,42.518314],[-84.782132,42.5194],[-84.782098,42.521779],[-84.777985,42.52177],[-84.77641,42.521542],[-84.775973,42.521661],[-84.775684,42.521747],[-84.774531,42.521295],[-84.773259,42.521319]],[[-84.773141,42.521321],[-84.773104,42.521321],[-84.7731,42.522121],[-84.772916,42.52378],[-84.772864,42.524735],[-84.772818,42.525685],[-84.772816,42.527252],[-84.772985,42.528137],[-84.773023,42.528801],[-84.773026,42.529955],[-84.773067,42.531846],[-84.773053,42.532866],[-84.773053,42.533968],[-84.773034,42.534866],[-84.773027,42.535398],[-84.772953,42.536077],[-84.772654,42.536726],[-84.77267,42.537062],[-84.769021,42.536987],[-84.764441,42.53699],[-84.764166,42.536512],[-84.763961,42.536515]],[[-84.763902,42.536569],[-84.763903,42.536516]],[[-84.772456,42.583094],[-84.772446,42.58337],[-84.772439,42.587575],[-84.772449,42.590952],[-84.77249,42.594122],[-84.772474,42.595064],[-84.772543,42.595584],[-84.772643,42.596091],[-84.772646,42.596343],[-84.77254,42.596836],[-84.772552,42.598534],[-84.772472,42.599423],[-84.772573,42.602618]],[[-84.748565,42.625113],[-84.748565,42.625079],[-84.748524,42.625056],[-84.748504,42.624888],[-84.74847,42.62465],[-84.748434,42.62405],[-84.748447,42.623443],[-84.74842,42.621708],[-84.74842,42.621262],[-84.748215,42.621208],[-84.74822,42.620365],[-84.748205,42.620261],[-84.748285,42.620219],[-84.748527,42.620175],[-84.752474,42.617806],[-84.753056,42.61747],[-84.753254,42.617429],[-84.753644,42.617115],[-84.757867,42.614562],[-84.758278,42.614426],[-84.759064,42.613995],[-84.760502,42.613126],[-84.760446,42.612723],[-84.764056,42.610572],[-84.766087,42.609345],[-84.766614,42.609293],[-84.768433,42.60828],[-84.76979,42.607796],[-84.770868,42.6074],[-84.771518,42.607009],[-84.771882,42.606738],[-84.772464,42.606126],[-84.772939,42.60575],[-84.774513,42.60503],[-84.774332,42.604144],[-84.773939,42.603414],[-84.773075,42.602845],[-84.772747,42.602727],[-84.772572,42.602727],[-84.772572,42.602706]],[[-84.772626,42.619444],[-84.772571,42.619445]],[[-84.748583,42.625156],[-84.749327,42.625152],[-84.74981,42.624672],[-84.750426,42.624711],[-84.750554,42.624665],[-84.751605,42.624666],[-84.752056,42.624742],[-84.752154,42.624746],[-84.752398,42.624724],[-84.752554,42.624709],[-84.752739,42.624716],[-84.753083,42.624684],[-84.753626,42.624678],[-84.754072,42.624683],[-84.754304,42.624682],[-84.754755,42.624702],[-84.754915,42.62472],[-84.7551,42.624667],[-84.756497,42.624652],[-84.757312,42.624664],[-84.758634,42.624649],[-84.760448,42.624637],[-84.760621,42.62505],[-84.760872,42.625107],[-84.763415,42.625134],[-84.763546,42.624705],[-84.764081,42.624703],[-84.76636,42.624725],[-84.766449,42.625208],[-84.766891,42.625207],[-84.769474,42.625207],[-84.769756,42.625432],[-84.770166,42.62543],[-84.770387,42.625205],[-84.772531,42.625223],[-84.772596,42.625323],[-84.773002,42.625322],[-84.773218,42.624914],[-84.773197,42.621342],[-84.773202,42.619806],[-84.772576,42.619624],[-84.772572,42.619539],[-84.772572,42.619488]],[[-84.82556,42.566349],[-84.825573,42.566428]],[[-84.837943,42.566051],[-84.837932,42.565953]],[[-84.827228,42.566266],[-84.82837,42.56627],[-84.828597,42.56613],[-84.829904,42.566138],[-84.830127,42.566462],[-84.83089,42.566477],[-84.831493,42.566549],[-84.831813,42.565927],[-84.832638,42.565926],[-84.833326,42.565998],[-84.833519,42.566062],[-84.83404,42.566059],[-84.834207,42.566005],[-84.834646,42.566004],[-84.834681,42.566031],[-84.836729,42.56605]],[[-84.845642,42.570128],[-84.845657,42.569904]],[[-84.848317,42.569253],[-84.848169,42.569256]],[[-84.848295,42.564569],[-84.848146,42.564572]],[[-84.841532,42.581256],[-84.841527,42.581228],[-84.841607,42.581183],[-84.841619,42.581088],[-84.84164,42.580616],[-84.841637,42.580194],[-84.841612,42.579342],[-84.841536,42.579292],[-84.841532,42.579076],[-84.841545,42.578963],[-84.841661,42.578688],[-84.841639,42.577543],[-84.842789,42.577553],[-84.843608,42.577525],[-84.84352,42.574798],[-84.843501,42.574212],[-84.843583,42.573924],[-84.843495,42.573595],[-84.843481,42.572936],[-84.843476,42.571669],[-84.843534,42.570125],[-84.844717,42.570135],[-84.844988,42.570113],[-84.845403,42.570113],[-84.845601,42.57013],[-84.847155,42.570141]],[[-84.844313,42.5633],[-84.844271,42.562968]],[[-84.843871,42.562894],[-84.843966,42.562916]],[[-84.84396,42.563333],[-84.84421,42.563329],[-84.84436,42.563288],[-84.844433,42.563342],[-84.844799,42.563351],[-84.845211,42.563347],[-84.845344,42.563285],[-84.846077,42.563254],[-84.846514,42.563253],[-84.848254,42.563216],[-84.848279,42.563636],[-84.84831,42.565001],[-84.848318,42.565343],[-84.84831,42.566254],[-84.848316,42.566509],[-84.848263,42.566574],[-84.848266,42.566787],[-84.848328,42.567147],[-84.848324,42.568097],[-84.848325,42.569011],[-84.84832,42.569654],[-84.84827,42.56976],[-84.848279,42.570148],[-84.847595,42.570152],[-84.847368,42.570141],[-84.847273,42.570142]],[[-84.84367,42.559662],[-84.843803,42.559674]],[[-84.843451,42.558533],[-84.843258,42.558569]],[[-84.843424,42.55865],[-84.843306,42.558638]],[[-84.844075,42.5544],[-84.844229,42.554413]],[[-84.841359,42.552532],[-84.841473,42.552539]],[[-84.843874,42.563327],[-84.843863,42.562657],[-84.843663,42.56252],[-84.843651,42.561337],[-84.843643,42.561308],[-84.843642,42.561193],[-84.843659,42.561168],[-84.843666,42.5599],[-84.843675,42.559216],[-84.843448,42.559213],[-84.843449,42.559128],[-84.843475,42.55899],[-84.843474,42.558801],[-84.843431,42.558771],[-84.843424,42.557656],[-84.843439,42.557518],[-84.843449,42.557289],[-84.843612,42.55724],[-84.843853,42.55714],[-84.844047,42.557009],[-84.844035,42.556831],[-84.844054,42.55654],[-84.844088,42.556145],[-84.844219,42.556109],[-84.844218,42.556053],[-84.844066,42.556006],[-84.844059,42.555087],[-84.84399,42.554953],[-84.843988,42.554794],[-84.844053,42.55473],[-84.844016,42.553614],[-84.844222,42.553484],[-84.84422,42.553164],[-84.84394,42.553074],[-84.843867,42.553101],[-84.843462,42.553114],[-84.843359,42.553162],[-84.843005,42.553167],[-84.842602,42.553049],[-84.841702,42.553035]],[[-84.8439,42.563327],[-84.843889,42.562649],[-84.84369,42.562512],[-84.843677,42.561335],[-84.843669,42.561306],[-84.843668,42.561197],[-84.843686,42.561173],[-84.843692,42.5599],[-84.843702,42.559197],[-84.843475,42.559194],[-84.843475,42.55913],[-84.843501,42.558991],[-84.8435,42.558793],[-84.843457,42.558762],[-84.84345,42.557657],[-84.843466,42.557519],[-84.843475,42.557302],[-84.843623,42.557257],[-84.843869,42.557156],[-84.844074,42.557017],[-84.844061,42.556831],[-84.844081,42.556541],[-84.844113,42.556159],[-84.844245,42.556122],[-84.844244,42.55604],[-84.844092,42.555993],[-84.844085,42.555084],[-84.844016,42.554949],[-84.844015,42.554801],[-84.844079,42.554737],[-84.844043,42.553623],[-84.844248,42.553493],[-84.844246,42.553151],[-84.84394,42.553053],[-84.84386,42.553082],[-84.843454,42.553094],[-84.843351,42.553143],[-84.84301,42.553148],[-84.842607,42.553029],[-84.841703,42.553015]],[[-84.841584,42.553034],[-84.841358,42.553033],[-84.841345,42.551725],[-84.841343,42.550518],[-84.841322,42.549769],[-84.841318,42.548088],[-84.841034,42.547997],[-84.841016,42.547417],[-84.840676,42.547298],[-84.840684,42.54701]],[[-84.840524,42.539822],[-84.840793,42.539824],[-84.840788,42.539893],[-84.840771,42.540669],[-84.840742,42.542371],[-84.840732,42.543516],[-84.840709,42.544186],[-84.84072,42.546294],[-84.840701,42.546922]],[[-84.795172,42.565866],[-84.795176,42.565849],[-84.797409,42.565828],[-84.797576,42.565761],[-84.79786,42.565757],[-84.797939,42.565833],[-84.800659,42.565839],[-84.804031,42.56581],[-84.804827,42.565785],[-84.805012,42.565786],[-84.805237,42.565825],[-84.806646,42.565824],[-84.809405,42.565847],[-84.811436,42.565853],[-84.812687,42.565932],[-84.815048,42.565907],[-84.817852,42.565924],[-84.81936,42.566013],[-84.8216,42.565991],[-84.822066,42.565901],[-84.822127,42.565902]],[[-84.822245,42.565903],[-84.822592,42.565906],[-84.824336,42.566043],[-84.824544,42.566336],[-84.825202,42.566377],[-84.826574,42.566263],[-84.82711,42.566265]],[[-84.836848,42.566049],[-84.83858,42.566061],[-84.839418,42.566302],[-84.840233,42.56696],[-84.840138,42.563312]],[[-84.851394,42.562883],[-84.851387,42.562391],[-84.851398,42.56162],[-84.851451,42.560898],[-84.851413,42.560344],[-84.851414,42.559255],[-84.851608,42.559133],[-84.851728,42.558942],[-84.851627,42.558818],[-84.851474,42.558482],[-84.852105,42.557976],[-84.852616,42.557571],[-84.852933,42.557317],[-84.853162,42.557004],[-84.853414,42.557006],[-84.853636,42.557022],[-84.853644,42.557016]],[[-84.853745,42.556967],[-84.853764,42.556952],[-84.853901,42.556756],[-84.854091,42.556708],[-84.855133,42.55591],[-84.855778,42.555441]],[[-84.843959,42.563313],[-84.844205,42.56331],[-84.844366,42.563265],[-84.844444,42.563323],[-84.844799,42.563331],[-84.845203,42.563327],[-84.845335,42.563265],[-84.846076,42.563235],[-84.846514,42.563234],[-84.848367,42.563194],[-84.850748,42.563163],[-84.851397,42.563159],[-84.851395,42.56297]],[[-84.840524,42.539802],[-84.840794,42.539805],[-84.840817,42.53951],[-84.840821,42.539333],[-84.8408,42.539123],[-84.840921,42.538488],[-84.840705,42.538366],[-84.840641,42.538242],[-84.840748,42.538174],[-84.840748,42.538075]],[[-84.840749,42.537988],[-84.840752,42.537147],[-84.840746,42.536325],[-84.840701,42.535866],[-84.840719,42.535805],[-84.840715,42.53329],[-84.840729,42.529864],[-84.840782,42.529571],[-84.840688,42.528743],[-84.840628,42.527913],[-84.840679,42.527837],[-84.840668,42.527294],[-84.840728,42.527006],[-84.840776,42.52526],[-84.840786,42.522486],[-84.840808,42.521118],[-84.840807,42.519652],[-84.840818,42.517943],[-84.840815,42.517935]],[[-84.841645,42.580554],[-84.841747,42.580558]],[[-84.843592,42.577169],[-84.843511,42.577183]],[[-84.843482,42.571359],[-84.843401,42.571373]],[[-84.854769,42.556185],[-84.854617,42.556159]],[[-84.852277,42.557832],[-84.852131,42.557755]],[[-84.851415,42.559911],[-84.851526,42.559952]],[[-84.851397,42.562775],[-84.851573,42.562792]],[[-84.849165,42.563179],[-84.849151,42.563038]],[[-84.796246,42.565843],[-84.796228,42.565716]],[[-84.805652,42.565822],[-84.805634,42.565696]],[[-84.817286,42.565923],[-84.817269,42.565797]],[[-84.829635,42.566132],[-84.829617,42.566006]],[[-84.841666,42.563245],[-84.841661,42.563185]],[[-84.844329,42.563272],[-84.844297,42.56297]],[[-84.843902,42.562926],[-84.843957,42.562931]],[[-84.843689,42.559835],[-84.843844,42.559848]],[[-84.844043,42.554171],[-84.844198,42.554184]],[[-84.841326,42.549251],[-84.84144,42.549258]],[[-84.840713,42.546609],[-84.84054,42.546608]],[[-84.840743,42.542297],[-84.840571,42.542296]],[[-84.840732,42.53623],[-84.84056,42.536229]],[[-84.840722,42.532945],[-84.84055,42.532944]],[[-84.840741,42.526552],[-84.840568,42.526551]],[[-84.840794,42.521557],[-84.840621,42.521557]],[[-84.840287,42.515781],[-84.840114,42.51578]],[[-84.84078,42.517851],[-84.840295,42.516702],[-84.840256,42.513714]],[[-84.841562,42.581494],[-84.841553,42.581342]],[[-84.795069,42.566118],[-84.795105,42.566118],[-84.795149,42.565951]],[[-84.840196,42.5633],[-84.840447,42.563296],[-84.840514,42.563239],[-84.840634,42.563237],[-84.840733,42.563266],[-84.841447,42.56325],[-84.842371,42.563248],[-84.842426,42.563195],[-84.842615,42.563194],[-84.842684,42.563242],[-84.84289,42.563241],[-84.842909,42.56326],[-84.843573,42.563259],[-84.84378,42.563286],[-84.843819,42.563338],[-84.843842,42.563337]],[[-84.843752,42.563432],[-84.843751,42.563407],[-84.843901,42.563407],[-84.843901,42.563345]],[[-84.840255,42.513627],[-84.84025,42.511702],[-84.840249,42.509335],[-84.84093,42.507807],[-84.841125,42.50779]]]},"properties":{"id":"fna-member-routes-20260918-4f16cbd24cdbaea68b9d","sourceId":"fna-member-routes-20260918","source":"Fiber Network Alliance member fiber lines","sourceUrl":"https://www.fibernetworkalliance.com/membership-map-line/","name":"WOW-Lansing published routes","carrier":"WOW-Lansing","category":"unknown","routeStatus":"Status not established","evidence":"publisher_route","dataDate":null,"metadataModified":null,"retrievedAt":"2026-09-18T19:56:04.130240+00:00","networkType":"Published fiber route; precision and network class unverified","serviceability":"Unconfirmed","routeDiversity":"Unconfirmed","states":["MI"],"publishedLineParts":100},"bbox":[-84.855778,42.507325,-84.743565,42.757086]},{"type":"Feature","geometry":{"type":"MultiLineString","coordinates":[[[-84.840563,42.508609],[-84.840391,42.508609]]]},"properties":{"id":"fna-member-routes-20260918-d42d87d967e92878c4e4","sourceId":"fna-member-routes-20260918","source":"Fiber Network Alliance member fiber lines","sourceUrl":"https://www.fibernetworkalliance.com/membership-map-line/","name":"WOW-Lansing published routes","carrier":"WOW-Lansing","category":"unknown","routeStatus":"Status not established","evidence":"publisher_route","dataDate":null,"metadataModified":null,"retrievedAt":"2026-09-18T19:56:04.130240+00:00","networkType":"Published fiber route; precision and network class unverified","serviceability":"Unconfirmed","routeDiversity":"Unconfirmed","states":["MI"],"publishedLineParts":1},"bbox":[-84.840563,42.508609,-84.840391,42.508609]},{"type":"Feature","geometry":{"type":"MultiLineString","coordinates":[[[-84.81633,42.757053],[-84.816316,42.756849]],[[-84.812705,42.753816],[-84.812372,42.753809]],[[-84.812589,42.751556],[-84.812256,42.751548]],[[-84.824492,42.794098],[-84.824095,42.794116]],[[-84.793881,42.811387],[-84.793979,42.811394]],[[-84.792632,42.813348],[-84.79267,42.813458]],[[-84.79075,42.815198],[-84.790416,42.815208]],[[-84.75035,42.815469],[-84.750357,42.815552]],[[-84.790522,42.815433],[-84.790573,42.815433],[-84.790652,42.815374]],[[-84.790736,42.815312],[-84.790751,42.815301],[-84.790758,42.814702],[-84.790803,42.814702],[-84.7908,42.814282],[-84.791095,42.813351],[-84.793774,42.813343],[-84.79383,42.812415],[-84.793892,42.811012],[-84.793924,42.810124],[-84.793921,42.809739],[-84.79392,42.809234]],[[-84.824289,42.798527],[-84.823893,42.798545]],[[-84.824472,42.8002],[-84.824538,42.8002]],[[-84.824545,42.800156],[-84.824543,42.799897],[-84.82433,42.799894],[-84.824285,42.797961],[-84.824373,42.797457],[-84.824311,42.796584],[-84.824374,42.796504],[-84.824419,42.795549],[-84.82454,42.793338]],[[-84.915611,42.88071],[-84.915234,42.88122]],[[-84.934385,42.889325],[-84.934143,42.88928]],[[-84.901925,42.876904],[-84.902128,42.8769]],[[-84.91042,42.877422],[-84.910148,42.877608]],[[-84.914079,42.879559],[-84.913689,42.879868]],[[-84.917794,42.873465],[-84.917793,42.873357]],[[-84.897664,42.84272],[-84.897849,42.842727]],[[-84.898848,42.867324],[-84.89897,42.867167]],[[-84.904134,42.867622],[-84.90374,42.86761]],[[-84.905855,42.8658],[-84.905985,42.865812]],[[-84.903069,42.868753],[-84.9033,42.868773]],[[-84.897184,42.865529],[-84.897024,42.86558]],[[-84.897423,42.860664],[-84.897714,42.860676]],[[-84.897695,42.840762],[-84.89769,42.840853],[-84.897645,42.84089],[-84.897666,42.843904],[-84.897584,42.843994],[-84.897645,42.844014],[-84.897648,42.844607]],[[-84.897577,42.840765],[-84.897632,42.840764]],[[-84.897612,42.858886],[-84.897488,42.859026],[-84.897492,42.860499],[-84.897413,42.860516],[-84.897414,42.861397],[-84.89741,42.862106],[-84.896894,42.862313],[-84.896897,42.862578],[-84.897015,42.862697],[-84.897022,42.863532],[-84.896888,42.86386],[-84.896964,42.864127],[-84.897153,42.864149],[-84.897147,42.865065],[-84.897144,42.8655],[-84.897384,42.865646],[-84.897382,42.865999],[-84.897732,42.866212],[-84.897733,42.866256],[-84.897729,42.866483],[-84.897591,42.866484],[-84.897584,42.866784],[-84.89761,42.866804],[-84.897705,42.866818],[-84.897785,42.866843],[-84.898115,42.867009],[-84.898258,42.867077],[-84.898707,42.867269],[-84.899146,42.867456],[-84.899337,42.867545],[-84.899729,42.867738],[-84.900058,42.8679],[-84.900389,42.868074],[-84.900771,42.86829],[-84.901158,42.868512],[-84.901234,42.868555],[-84.901414,42.868636],[-84.901714,42.868758],[-84.902202,42.868957],[-84.902342,42.869051],[-84.902668,42.869168],[-84.903867,42.867907],[-84.906126,42.8655],[-84.906531,42.865075],[-84.907011,42.865309],[-84.907544,42.865581],[-84.908018,42.865837],[-84.908791,42.866197],[-84.908764,42.866522],[-84.90856,42.866552],[-84.908541,42.866484]],[[-84.908529,42.866441],[-84.90854,42.866481]],[[-84.897618,42.866257],[-84.897673,42.866256]],[[-84.901858,42.87699],[-84.901903,42.877013]],[[-84.916644,42.873517],[-84.916924,42.873517],[-84.916962,42.873472],[-84.919163,42.873464],[-84.919747,42.873463],[-84.920688,42.873462],[-84.921325,42.873458],[-84.921545,42.873635]],[[-84.935056,42.88929],[-84.935064,42.88924],[-84.935073,42.889177],[-84.93449,42.889134],[-84.934222,42.889658],[-84.933371,42.889606],[-84.930066,42.889409]],[[-84.915702,42.88072],[-84.91566,42.880722],[-84.915516,42.880682],[-84.915398,42.880582]],[[-84.915244,42.880519],[-84.915293,42.880501],[-84.915317,42.880518]],[[-84.921623,42.873574],[-84.921585,42.873603]],[[-84.981019,42.755994],[-84.981024,42.755917]],[[-84.988431,42.75589],[-84.988431,42.755829],[-84.988355,42.75583]],[[-84.980175,42.755993],[-84.98261,42.75601],[-84.987525,42.756004],[-84.987809,42.755835],[-84.988237,42.755831]],[[-84.924433,42.756532],[-84.924432,42.7565]],[[-84.928048,42.756538],[-84.928048,42.756507]],[[-84.922188,42.756528],[-84.929252,42.756547],[-84.930622,42.756545],[-84.930621,42.756507],[-84.930658,42.756429],[-84.930657,42.756335]],[[-84.984161,42.756002],[-84.984167,42.755925]],[[-84.930515,42.756297],[-84.930555,42.756296],[-84.930575,42.756327],[-84.930598,42.756326]],[[-84.902127,42.7567],[-84.90196,42.756687]],[[-84.902139,42.758639],[-84.901972,42.758626]],[[-84.902269,42.760846],[-84.902415,42.760835]],[[-84.902151,42.760847],[-84.902116,42.760848],[-84.902147,42.758066],[-84.902132,42.757087],[-84.90213,42.756507],[-84.904828,42.756525]],[[-84.823846,42.769743],[-84.82388,42.767642],[-84.82317,42.76763],[-84.823171,42.766367],[-84.823167,42.765999],[-84.823171,42.765201],[-84.823144,42.760525],[-84.822335,42.760526],[-84.822291,42.758984],[-84.8223,42.757627],[-84.822384,42.757088],[-84.822713,42.757085],[-84.824046,42.757084],[-84.824086,42.757025],[-84.824309,42.757015],[-84.824308,42.756675]],[[-84.815903,42.939535],[-84.804258,42.939485]],[[-84.804244,42.93944],[-84.804254,42.937854],[-84.804202,42.937737],[-84.804197,42.937408],[-84.804236,42.937385],[-84.804231,42.937081],[-84.804246,42.935161],[-84.804215,42.934662],[-84.80419,42.933583],[-84.804165,42.932316],[-84.803728,42.9322],[-84.803612,42.932138],[-84.803583,42.931813],[-84.803546,42.931711],[-84.803556,42.931625],[-84.803598,42.931614],[-84.803599,42.931483],[-84.803527,42.93142],[-84.80365,42.931296],[-84.803641,42.931079],[-84.80358,42.930992],[-84.803561,42.930252],[-84.803503,42.92943],[-84.803483,42.92937],[-84.803478,42.929092]],[[-84.803478,42.929003],[-84.803478,42.928978],[-84.803458,42.928887],[-84.803489,42.928098],[-84.803398,42.927934],[-84.8034,42.927698],[-84.803546,42.927596],[-84.803517,42.926966],[-84.803492,42.926375],[-84.803394,42.91935],[-84.803424,42.917976]],[[-84.803485,42.929047],[-84.803524,42.929047],[-84.803612,42.928918],[-84.80387,42.928918],[-84.80387,42.928941]],[[-84.803979,42.927519],[-84.803542,42.927513]],[[-84.824514,42.794252],[-84.824147,42.794279]],[[-84.754592,42.816378],[-84.754427,42.816345]],[[-84.756031,42.815482],[-84.756037,42.815565]],[[-84.762875,42.815486],[-84.762887,42.815609]],[[-84.774021,42.815475],[-84.774033,42.815598]],[[-84.781024,42.815467],[-84.781036,42.815591]],[[-84.785912,42.814957],[-84.785918,42.814808]],[[-84.79209,42.813327],[-84.792118,42.813484]],[[-84.793854,42.811287],[-84.794034,42.811299]],[[-84.822962,42.81592],[-84.823635,42.815529],[-84.824028,42.814661],[-84.824035,42.813813],[-84.823738,42.813307],[-84.823748,42.810649],[-84.824028,42.809709],[-84.824059,42.806976],[-84.824077,42.805248],[-84.824113,42.804832],[-84.824181,42.803682],[-84.824234,42.802691],[-84.824315,42.801759],[-84.82436,42.801179],[-84.824468,42.800591],[-84.824594,42.800415],[-84.824586,42.799879],[-84.824356,42.799875],[-84.824312,42.797962],[-84.8244,42.797457],[-84.824337,42.796589],[-84.8244,42.796509],[-84.824446,42.79555],[-84.824566,42.793339]],[[-84.828183,42.858949],[-84.82819,42.858755]],[[-84.833372,42.854745],[-84.833605,42.854774]],[[-84.83387,42.848509],[-84.834102,42.848537]],[[-84.833871,42.845496],[-84.834103,42.845525]],[[-84.852798,42.844955],[-84.852795,42.844818]],[[-84.842952,42.844493],[-84.842949,42.844355]],[[-84.83546,42.844957],[-84.835457,42.84482]],[[-84.824652,42.858958],[-84.831587,42.858946],[-84.832982,42.858923]],[[-84.833042,42.858918],[-84.833028,42.85619],[-84.833371,42.855454],[-84.833381,42.851624],[-84.833891,42.850939],[-84.83387,42.849642],[-84.833871,42.84498]],[[-84.822981,42.815955],[-84.823304,42.81593],[-84.823364,42.821625],[-84.823396,42.822642],[-84.823391,42.823486],[-84.823446,42.829904],[-84.823446,42.832523],[-84.823461,42.835646],[-84.823494,42.844024],[-84.823221,42.844347],[-84.823223,42.844552],[-84.824304,42.845025],[-84.833812,42.844969]],[[-84.829701,42.844988],[-84.829697,42.844863]],[[-84.823489,42.842618],[-84.8233,42.842619]],[[-84.823473,42.837968],[-84.823284,42.837969]],[[-84.823442,42.832637],[-84.823253,42.832638]],[[-84.82342,42.826829],[-84.823231,42.82683]],[[-84.823359,42.821368],[-84.82317,42.821369]],[[-84.823316,42.817365],[-84.823128,42.817366]],[[-84.755002,42.815565],[-84.755039,42.815565],[-84.755087,42.815634],[-84.755507,42.815638],[-84.75567,42.815472],[-84.75839,42.815493],[-84.758679,42.815752],[-84.758898,42.815751],[-84.759,42.815484],[-84.760195,42.815483],[-84.76344,42.815482],[-84.774495,42.815472],[-84.780003,42.815456],[-84.782764,42.815478],[-84.783245,42.815673],[-84.783293,42.815673]],[[-84.754312,42.816613],[-84.754373,42.816526],[-84.754525,42.81646],[-84.754852,42.816079],[-84.754943,42.815574]],[[-84.783412,42.815673],[-84.78347,42.815672],[-84.783445,42.814969],[-84.789242,42.814954],[-84.79021,42.81495],[-84.790214,42.814685],[-84.790776,42.814683],[-84.790774,42.81428],[-84.791074,42.813332],[-84.793749,42.813323],[-84.793804,42.812414],[-84.793866,42.811012],[-84.793898,42.810124],[-84.793895,42.809739],[-84.793894,42.809234]],[[-84.823353,42.787672],[-84.82322,42.787675]],[[-84.82397,42.793051],[-84.824042,42.792887]],[[-84.824318,42.798434],[-84.82389,42.798458]],[[-84.824144,42.80434],[-84.824299,42.804348]],[[-84.823953,42.809984],[-84.824108,42.809992]],[[-84.824034,42.814087],[-84.824188,42.814095]],[[-84.797955,42.810162],[-84.797925,42.81034]],[[-84.804466,42.811835],[-84.804437,42.812013]],[[-84.810826,42.813217],[-84.810796,42.813395]],[[-84.793894,42.809147],[-84.793899,42.808675],[-84.796888,42.809305],[-84.796964,42.809624],[-84.797734,42.810082],[-84.799624,42.810707],[-84.800819,42.811001],[-84.806383,42.812274],[-84.810527,42.813152],[-84.813204,42.813717],[-84.815775,42.814246],[-84.818912,42.814887],[-84.821367,42.815411],[-84.822673,42.815686],[-84.822773,42.815912]],[[-84.817624,42.814622],[-84.817595,42.8148]],[[-84.823358,42.787306],[-84.823089,42.787339]],[[-84.822882,42.782167],[-84.822613,42.7822]],[[-84.822976,42.776891],[-84.822707,42.776924]],[[-84.822993,42.772665],[-84.822724,42.772698]]]},"properties":{"id":"fna-member-routes-20260918-eb9bdc939819a3fa6e32","sourceId":"fna-member-routes-20260918","source":"Fiber Network Alliance member fiber lines","sourceUrl":"https://www.fibernetworkalliance.com/membership-map-line/","name":"WOW-Lansing published routes","carrier":"WOW-Lansing","category":"unknown","routeStatus":"Status not established","evidence":"publisher_route","dataDate":null,"metadataModified":null,"retrievedAt":"2026-09-18T19:56:04.130240+00:00","networkType":"Published fiber route; precision and network class unverified","serviceability":"Unconfirmed","routeDiversity":"Unconfirmed","states":["MI"],"publishedLineParts":100},"bbox":[-84.988431,42.751548,-84.75035,42.939535]},{"type":"Feature","geometry":{"type":"MultiLineString","coordinates":[[[-84.82385,42.769525],[-84.823968,42.769534]],[[-84.823167,42.765484],[-84.822959,42.765494]],[[-84.82232,42.760231],[-84.822112,42.760242]],[[-84.822831,42.757078],[-84.822812,42.75695]],[[-84.847302,42.756627],[-84.847482,42.756836]],[[-84.841086,42.756563],[-84.84082,42.756683]],[[-84.831495,42.756492],[-84.831512,42.75664]],[[-84.824265,42.756352],[-84.824193,42.756036]],[[-84.817055,42.757069],[-84.817058,42.756838]],[[-84.812683,42.753901],[-84.812351,42.753968]],[[-84.812752,42.751483],[-84.812786,42.751258]],[[-84.824571,42.793252],[-84.824573,42.793215],[-84.823383,42.792903],[-84.823356,42.787096],[-84.822589,42.786605],[-84.822909,42.78485],[-84.822917,42.784806],[-84.822881,42.781715],[-84.822904,42.778945],[-84.823119,42.778894],[-84.823116,42.778529],[-84.823033,42.778477],[-84.823009,42.777195],[-84.822939,42.776541],[-84.823025,42.775604],[-84.82304,42.773892],[-84.823053,42.773012],[-84.822999,42.772269],[-84.823103,42.771329],[-84.823821,42.771327],[-84.823845,42.76983]],[[-84.847628,42.756484],[-84.846481,42.756973],[-84.841501,42.75699],[-84.840577,42.756038],[-84.836309,42.75602],[-84.835836,42.756036],[-84.835572,42.756446],[-84.835072,42.756515],[-84.830483,42.756489],[-84.83027,42.756604],[-84.830038,42.7566],[-84.82995,42.756501],[-84.824827,42.7565],[-84.824456,42.756356],[-84.824223,42.756356],[-84.824224,42.75648]],[[-84.824091,42.756966],[-84.82428,42.756964],[-84.824279,42.756686]],[[-84.942086,42.873417],[-84.942083,42.873483]],[[-84.929972,42.873154],[-84.929969,42.87322]],[[-84.917222,42.8735],[-84.917218,42.873649]],[[-84.928696,42.889329],[-84.928692,42.889477]],[[-84.923091,42.886846],[-84.923314,42.886674]],[[-84.917952,42.882657],[-84.918174,42.882485]],[[-84.915931,42.881013],[-84.915229,42.881422]],[[-84.892223,42.890665],[-84.892044,42.890668]],[[-84.892223,42.888553],[-84.892043,42.888556]],[[-84.894038,42.885802],[-84.893909,42.885688]],[[-84.896667,42.881905],[-84.896538,42.881792]],[[-84.901062,42.877208],[-84.900933,42.877094]],[[-84.909382,42.876135],[-84.90951,42.876048]],[[-84.913637,42.87916],[-84.913765,42.879073]],[[-84.915768,42.880156],[-84.915517,42.880144]],[[-84.916104,42.878871],[-84.916248,42.87887]],[[-84.916539,42.876024],[-84.91638,42.876021]],[[-84.917061,42.873342],[-84.916671,42.873313]],[[-84.919073,42.871758],[-84.918917,42.871483]],[[-84.923081,42.868893],[-84.922924,42.868618]],[[-84.924877,42.866833],[-84.924721,42.866558]],[[-84.928239,42.864158],[-84.928083,42.863883]],[[-84.933099,42.860011],[-84.932943,42.859736]],[[-84.936025,42.854082],[-84.935814,42.854086]],[[-84.939591,42.851768],[-84.939561,42.851554]],[[-84.942167,42.848695],[-84.942353,42.848694]],[[-84.94175,42.844457],[-84.941739,42.84433]],[[-84.93293,42.844429],[-84.932919,42.844303]],[[-84.923975,42.844415],[-84.923964,42.844289]],[[-84.920186,42.84611],[-84.920056,42.84605]],[[-84.921175,42.843004],[-84.921045,42.842944]],[[-84.924347,42.836441],[-84.924462,42.836243]],[[-84.917383,42.834096],[-84.917498,42.833898]],[[-84.912385,42.831564],[-84.91262,42.831556]],[[-84.912222,42.826202],[-84.912457,42.826194]],[[-84.910501,42.822496],[-84.910493,42.822284]],[[-84.901307,42.822494],[-84.9013,42.822282]],[[-84.897376,42.825068],[-84.89711,42.825082]],[[-84.897255,42.83204],[-84.896989,42.832054]],[[-84.897306,42.835966],[-84.897506,42.83597]],[[-84.897157,42.842364],[-84.896921,42.842359]],[[-84.863316,42.844429],[-84.863188,42.84465]],[[-84.865009,42.838908],[-84.864881,42.83913]],[[-84.867951,42.841437],[-84.867878,42.841612]],[[-84.871031,42.843384],[-84.870958,42.843558]],[[-84.870961,42.844425],[-84.870888,42.8446]],[[-84.875613,42.845731],[-84.875496,42.846097]],[[-84.87677,42.844172],[-84.876792,42.844028]],[[-84.888419,42.844685],[-84.888366,42.8448]],[[-84.895169,42.844678],[-84.895115,42.844794]],[[-84.897602,42.845162],[-84.897748,42.845152]],[[-84.897641,42.847816],[-84.897787,42.847806]],[[-84.897485,42.857609],[-84.897631,42.857599]],[[-84.897433,42.854194],[-84.897579,42.854184]],[[-84.863776,42.83848],[-84.863731,42.838517],[-84.863686,42.838554],[-84.863783,42.838821],[-84.864404,42.838863],[-84.864833,42.838775],[-84.867076,42.840423],[-84.86705,42.840769],[-84.868723,42.84201],[-84.869765,42.842764],[-84.869862,42.842803],[-84.870741,42.843446],[-84.870949,42.843321],[-84.872144,42.844195],[-84.872339,42.84417],[-84.872548,42.844432]],[[-84.872616,42.844504],[-84.872768,42.844622],[-84.873998,42.844537],[-84.875384,42.845485],[-84.875399,42.845534],[-84.87562,42.845733],[-84.875477,42.845536],[-84.874814,42.844008],[-84.876094,42.844178],[-84.877609,42.844176],[-84.878148,42.844177],[-84.879674,42.844209],[-84.879755,42.844166]],[[-84.833931,42.844968],[-84.837512,42.844947],[-84.841424,42.844502],[-84.851084,42.844434],[-84.852661,42.844955],[-84.856117,42.844958],[-84.859041,42.844423],[-84.863643,42.844428],[-84.870353,42.844424],[-84.871214,42.844421],[-84.871964,42.844427],[-84.872202,42.844437],[-84.872579,42.84447]],[[-84.879873,42.84416],[-84.881629,42.844067],[-84.881684,42.844008],[-84.883963,42.843997],[-84.884016,42.844007],[-84.884469,42.844183],[-84.884522,42.844192],[-84.885262,42.844171],[-84.886015,42.844154],[-84.887001,42.844211],[-84.887964,42.844367],[-84.888293,42.844682],[-84.894669,42.844675],[-84.896466,42.844674],[-84.896567,42.844569],[-84.896946,42.844567],[-84.896946,42.844621],[-84.897015,42.844635],[-84.89753,42.844633]],[[-84.892022,42.891248],[-84.891981,42.891248]],[[-84.891981,42.891205],[-84.891979,42.891002],[-84.892231,42.890926],[-84.892229,42.890676],[-84.892229,42.890245],[-84.892226,42.889334],[-84.892226,42.888798],[-84.89223,42.888363],[-84.892263,42.888255],[-84.892405,42.888209],[-84.892437,42.888136],[-84.892697,42.887699],[-84.894224,42.885543],[-84.895657,42.883498],[-84.895606,42.883429],[-84.896956,42.8815],[-84.897176,42.881498],[-84.897749,42.880685],[-84.898503,42.87962],[-84.898991,42.878922],[-84.899185,42.878646],[-84.89938,42.878371],[-84.899443,42.878295],[-84.899569,42.878157],[-84.899693,42.878043],[-84.899808,42.877952],[-84.900445,42.877571],[-84.90129,42.877085],[-84.901477,42.876745],[-84.902061,42.876418],[-84.902467,42.876181],[-84.902933,42.87591],[-84.903471,42.875594],[-84.90399,42.87529],[-84.904179,42.875178],[-84.904294,42.875076],[-84.904449,42.874901],[-84.904593,42.874717],[-84.904843,42.874382],[-84.9052,42.873906],[-84.905555,42.873929],[-84.905634,42.873827],[-84.905701,42.873727],[-84.905837,42.873543],[-84.906005,42.873553],[-84.906234,42.873408],[-84.907431,42.874291],[-84.908774,42.875281],[-84.908947,42.875447],[-84.909035,42.875715],[-84.909103,42.875835],[-84.909151,42.875895],[-84.909235,42.875986],[-84.909397,42.876159],[-84.909498,42.876262],[-84.9096,42.876365],[-84.909684,42.876488],[-84.909817,42.876604],[-84.909802,42.876779],[-84.910038,42.876969],[-84.910319,42.87728],[-84.910601,42.877591],[-84.91068,42.877674],[-84.910912,42.877903],[-84.911073,42.877914],[-84.911281,42.877779],[-84.911379,42.87777],[-84.91161,42.877893],[-84.911933,42.878058],[-84.912288,42.878227],[-84.912641,42.878395],[-84.913031,42.878662],[-84.913785,42.879288],[-84.91454,42.879913],[-84.914725,42.880065],[-84.914425,42.880469],[-84.915358,42.881218],[-84.915785,42.880932],[-84.915704,42.880867],[-84.915702,42.880746]],[[-84.91582,42.880745],[-84.915819,42.88092],[-84.915877,42.880962],[-84.916209,42.881234],[-84.917798,42.882537],[-84.919386,42.883839],[-84.919706,42.884117],[-84.919914,42.884297],[-84.920014,42.884381],[-84.920944,42.885128],[-84.921247,42.88537],[-84.921317,42.885431],[-84.921494,42.885589],[-84.921697,42.885761],[-84.921884,42.885923],[-84.923172,42.886908],[-84.924338,42.888086],[-84.924896,42.888324],[-84.925598,42.888524],[-84.926262,42.888687],[-84.927094,42.888868],[-84.927477,42.888885],[-84.927809,42.889275],[-84.929948,42.889402]],[[-84.902,42.877064],[-84.902043,42.877086],[-84.902088,42.87703],[-84.901805,42.876828],[-84.901663,42.876659],[-84.902073,42.876429],[-84.902479,42.876192],[-84.902944,42.875921],[-84.903483,42.875605],[-84.904002,42.875301],[-84.904192,42.875188],[-84.904309,42.875085],[-84.904465,42.874908],[-84.904609,42.874724],[-84.90486,42.874389],[-84.905211,42.873921],[-84.905565,42.873944],[-84.90565,42.873833],[-84.905718,42.873734],[-84.905847,42.873558],[-84.906011,42.873567],[-84.906233,42.873427],[-84.907418,42.8743],[-84.90876,42.87529],[-84.90893,42.875453],[-84.909017,42.875719],[-84.909086,42.875841],[-84.909135,42.875903],[-84.90922,42.875994],[-84.909382,42.876167],[-84.909483,42.87627],[-84.909584,42.876372],[-84.909668,42.876496],[-84.909798,42.876609],[-84.909783,42.876784],[-84.910023,42.876978],[-84.910304,42.877288],[-84.910585,42.877599],[-84.910664,42.877683],[-84.910902,42.877916],[-84.91108,42.877928],[-84.911289,42.877792],[-84.911374,42.877785],[-84.911599,42.877904],[-84.911923,42.878069],[-84.912278,42.878238],[-84.912629,42.878406],[-84.913017,42.878672],[-84.913771,42.879297],[-84.914526,42.879923],[-84.914706,42.88007],[-84.914406,42.880474],[-84.915357,42.881237],[-84.915812,42.880932],[-84.915767,42.880897],[-84.915761,42.88072],[-84.91577,42.880325],[-84.915777,42.879918],[-84.916089,42.879923],[-84.916098,42.878604],[-84.916548,42.8786],[-84.916552,42.877959],[-84.91655,42.877584],[-84.916549,42.877209],[-84.916553,42.877072],[-84.916593,42.877052],[-84.916592,42.876854],[-84.916558,42.876827],[-84.91655,42.876075],[-84.916541,42.8752],[-84.916541,42.875195],[-84.916552,42.875105],[-84.916561,42.874998],[-84.916553,42.874862],[-84.916551,42.874773],[-84.916588,42.874606],[-84.916582,42.873576],[-84.916585,42.873518]],[[-84.916645,42.873542],[-84.916945,42.873542],[-84.916984,42.873497],[-84.919163,42.873489],[-84.919705,42.873488],[-84.920689,42.873488],[-84.921235,42.873484],[-84.921555,42.873742],[-84.92332,42.87373],[-84.923551,42.873491],[-84.924352,42.873487],[-84.924438,42.873389],[-84.926016,42.873396],[-84.926376,42.873393],[-84.926606,42.873188],[-84.927031,42.873179],[-84.928158,42.873155],[-84.931207,42.873144],[-84.934801,42.873134],[-84.935806,42.87313],[-84.936091,42.873435],[-84.938471,42.873426],[-84.940604,42.87342],[-84.943256,42.87341],[-84.943498,42.873568],[-84.943563,42.873568]],[[-84.943621,42.873444],[-84.943622,42.873568]],[[-84.916644,42.873492],[-84.916894,42.87349],[-84.916969,42.873404],[-84.918612,42.872388],[-84.918595,42.872055],[-84.922283,42.869814],[-84.923261,42.868691],[-84.9242,42.867613],[-84.924519,42.867292],[-84.924901,42.866926],[-84.924876,42.866841],[-84.925951,42.865811],[-84.92707,42.865747],[-84.927374,42.86548],[-84.927993,42.864874],[-84.927884,42.864504],[-84.928178,42.864218],[-84.92889,42.863574],[-84.931504,42.860915],[-84.931811,42.860644],[-84.93217,42.860402],[-84.936195,42.858734],[-84.935955,42.851766],[-84.942186,42.85178],[-84.942159,42.84845],[-84.94214,42.844462],[-84.940179,42.844454],[-84.938235,42.844447],[-84.931061,42.844426],[-84.928343,42.844427],[-84.926444,42.844421],[-84.92377,42.844424],[-84.92304,42.84442],[-84.922707,42.844425],[-84.922272,42.844448],[-84.92214,42.844466],[-84.921834,42.844434],[-84.920875,42.84444],[-84.920474,42.844451],[-84.92039,42.844449],[-84.920287,42.844434],[-84.920196,42.844413]],[[-84.919927,42.846747],[-84.920173,42.846597],[-84.920201,42.845954],[-84.92014,42.845398],[-84.920124,42.844886],[-84.920152,42.844498],[-84.920175,42.844454]],[[-84.919753,42.846869],[-84.919842,42.846809]],[[-84.920217,42.844372],[-84.920376,42.844064],[-84.921334,42.842799],[-84.921554,42.842741],[-84.926834,42.837413],[-84.919379,42.834519],[-84.917235,42.83407],[-84.915473,42.833743],[-84.91237,42.833169],[-84.912396,42.829776],[-84.912214,42.82605],[-84.91204,42.822495],[-84.897331,42.8225],[-84.897454,42.823238],[-84.897478,42.82452],[-84.897476,42.824966],[-84.897377,42.825054],[-84.897367,42.827369],[-84.89736,42.828683],[-84.897301,42.829363],[-84.897587,42.829621],[-84.897424,42.829747],[-84.897295,42.830493],[-84.897252,42.831172],[-84.897284,42.834479],[-84.897338,42.834501],[-84.897339,42.834667],[-84.897286,42.834695],[-84.897319,42.83807],[-84.897381,42.838099],[-84.897383,42.838316],[-84.897321,42.838352],[-84.897342,42.840505],[-84.897155,42.840717],[-84.897177,42.843909],[-84.897586,42.844039],[-84.897595,42.845877],[-84.896926,42.845938],[-84.896932,42.846618],[-84.897621,42.846717],[-84.897641,42.848882],[-84.897211,42.848894],[-84.897222,42.85294],[-84.897417,42.853614],[-84.897492,42.858746],[-84.897561,42.858775]],[[-84.852432,42.997858],[-84.85253,42.997854]],[[-84.855892,43.004695],[-84.855848,43.004694],[-84.855848,43.004929],[-84.855891,43.005014],[-84.855891,43.005119],[-84.855822,43.005225],[-84.853553,43.005269],[-84.853462,43.005234],[-84.852706,43.005248],[-84.852698,43.004683],[-84.852706,43.004031],[-84.852688,43.003519],[-84.852998,43.003466],[-84.853008,43.002628],[-84.852998,43.001882],[-84.85298,42.998119],[-84.852844,42.998126],[-84.852594,42.998139],[-84.852428,42.998149],[-84.85241,42.995939],[-84.852977,42.995934],[-84.85287,42.993133],[-84.852649,42.993134],[-84.852638,42.991898]],[[-84.852924,42.994422],[-84.853071,42.994412]],[[-84.980467,42.755975],[-84.980469,42.755871]],[[-84.963205,42.755987],[-84.964314,42.755988],[-84.970138,42.755977],[-84.97917,42.755964],[-84.980057,42.755972]],[[-84.94255,42.756033],[-84.953773,42.755979],[-84.963086,42.755987]],[[-84.939349,42.756148],[-84.939343,42.756043]],[[-84.918161,42.756511],[-84.919923,42.756496],[-84.92207,42.756508]],[[-84.890921,42.756702],[-84.891165,42.756703],[-84.891506,42.756576],[-84.892097,42.756512],[-84.896924,42.756461],[-84.902193,42.756488],[-84.904828,42.756506]],[[-84.99746,42.756249],[-84.997095,42.756329]],[[-84.996841,42.755911],[-84.996838,42.75578]],[[-84.987743,42.755849],[-84.987745,42.755744]],[[-84.977035,42.755965],[-84.977037,42.75586]],[[-84.96754,42.755979],[-84.967542,42.755874]],[[-84.955824,42.755979],[-84.955826,42.755874]],[[-84.980176,42.755973],[-84.98261,42.75599],[-84.987515,42.755984],[-84.98784,42.755792],[-84.988948,42.755788],[-84.989034,42.7559],[-84.992601,42.755929],[-84.994935,42.755922],[-84.997313,42.755915],[-84.997475,42.756266],[-84.997481,42.756266]],[[-84.945007,42.756019],[-84.945,42.755914]],[[-84.929079,42.75656],[-84.929079,42.756511]]]},"properties":{"id":"fna-member-routes-20260918-60c8ff687cce8604a66d","sourceId":"fna-member-routes-20260918","source":"Fiber Network Alliance member fiber lines","sourceUrl":"https://www.fibernetworkalliance.com/membership-map-line/","name":"WOW-Lansing published routes","carrier":"WOW-Lansing","category":"unknown","routeStatus":"Status not established","evidence":"publisher_route","dataDate":null,"metadataModified":null,"retrievedAt":"2026-09-18T19:56:04.130240+00:00","networkType":"Published fiber route; precision and network class unverified","serviceability":"Unconfirmed","routeDiversity":"Unconfirmed","states":["MI"],"publishedLineParts":100},"bbox":[-84.997481,42.751258,-84.812351,43.005269]},{"type":"Feature","geometry":{"type":"MultiLineString","coordinates":[[[-84.921996,42.756532],[-84.921997,42.756577]],[[-84.933328,42.756486],[-84.933473,42.756512]],[[-84.922188,42.756547],[-84.929252,42.756567],[-84.933281,42.756559],[-84.933539,42.75613],[-84.934788,42.756132],[-84.934933,42.756224],[-84.935319,42.756226],[-84.935475,42.756133],[-84.937915,42.756142],[-84.939216,42.756147],[-84.941803,42.756142],[-84.942004,42.756036],[-84.942431,42.756034]],[[-84.891924,42.756534],[-84.891931,42.756569]],[[-84.898399,42.756471],[-84.898403,42.756578]],[[-84.908598,42.756526],[-84.908599,42.756481]],[[-84.915818,42.756536],[-84.915819,42.756494]],[[-84.904946,42.756506],[-84.911107,42.756548],[-84.917134,42.756539],[-84.918162,42.756548],[-84.919923,42.756516],[-84.922069,42.756528]]]},"properties":{"id":"fna-member-routes-20260918-b3f8b62f90e8b5b508f2","sourceId":"fna-member-routes-20260918","source":"Fiber Network Alliance member fiber lines","sourceUrl":"https://www.fibernetworkalliance.com/membership-map-line/","name":"WOW-Lansing published routes","carrier":"WOW-Lansing","category":"unknown","routeStatus":"Status not established","evidence":"publisher_route","dataDate":null,"metadataModified":null,"retrievedAt":"2026-09-18T19:56:04.130240+00:00","networkType":"Published fiber route; precision and network class unverified","serviceability":"Unconfirmed","routeDiversity":"Unconfirmed","states":["MI"],"publishedLineParts":8},"bbox":[-84.942431,42.756034,-84.891924,42.756578]},{"type":"Feature","geometry":{"type":"MultiLineString","coordinates":[[[-84.842418,43.07518],[-84.842262,43.075178]],[[-84.842499,43.070763],[-84.842344,43.070762]],[[-84.843234,43.064932],[-84.843355,43.064962]],[[-84.84323,43.061155],[-84.843351,43.061185]],[[-84.853472,43.0249],[-84.853592,43.024931]],[[-84.853574,43.01936],[-84.853694,43.019391]],[[-84.853641,43.015188],[-84.853762,43.015219]],[[-84.854198,43.009589],[-84.854318,43.00962]],[[-84.854601,43.005293],[-84.854625,43.00556]],[[-84.843351,43.060034],[-84.843435,43.060035]],[[-84.842392,43.076835],[-84.842381,43.076116],[-84.84246,43.074379],[-84.842466,43.074079],[-84.842298,43.073966],[-84.842286,43.073468],[-84.842395,43.07342],[-84.8424,43.072767],[-84.84248,43.072625],[-84.842564,43.065674],[-84.843224,43.065536],[-84.843268,43.062424],[-84.843222,43.061059],[-84.843162,43.060361],[-84.843441,43.060136],[-84.843441,43.060079]],[[-84.853563,43.026797],[-84.853562,43.026646],[-84.853427,43.026617]],[[-84.853426,43.026573],[-84.853454,43.026245],[-84.853465,43.02551],[-84.853477,43.023873],[-84.853494,43.023047],[-84.853507,43.021859],[-84.853512,43.020749],[-84.853513,43.020194],[-84.853606,43.018785],[-84.85363,43.015986],[-84.853638,43.014406],[-84.85405,43.011662],[-84.853582,43.010918],[-84.854117,43.010915],[-84.854288,43.007999],[-84.852728,43.007413],[-84.852728,43.006784],[-84.852853,43.006387],[-84.852857,43.006144],[-84.852779,43.006076],[-84.852736,43.005537],[-84.852733,43.005286],[-84.853449,43.005273],[-84.853541,43.005308],[-84.855855,43.005263],[-84.855944,43.005128],[-84.855943,43.005007],[-84.855901,43.004922],[-84.855901,43.004726]],[[-84.847315,43.095625],[-84.847347,43.095601]],[[-84.847265,43.095536],[-84.847368,43.095525],[-84.847716,43.095523]],[[-84.840937,43.09305],[-84.840791,43.093057]],[[-84.84224,43.087437],[-84.842094,43.087444]],[[-84.842235,43.082084],[-84.842088,43.08209]],[[-84.842356,43.077863],[-84.84221,43.077869]],[[-84.847308,43.095569],[-84.847275,43.095547],[-84.847201,43.095514],[-84.847064,43.095419],[-84.846701,43.095426],[-84.845952,43.094955],[-84.845832,43.095015],[-84.845682,43.095042],[-84.84548,43.094956],[-84.843757,43.094847],[-84.843461,43.094763],[-84.843182,43.094975],[-84.842498,43.09464],[-84.842356,43.094495],[-84.842246,43.094355],[-84.84198,43.094209],[-84.841573,43.093968],[-84.841061,43.093789],[-84.840974,43.093558],[-84.840937,43.093075],[-84.840927,43.091849],[-84.840959,43.091066],[-84.841183,43.090116],[-84.841447,43.089453],[-84.841904,43.088788],[-84.842605,43.088257],[-84.842489,43.087819],[-84.842245,43.087537],[-84.842217,43.086419],[-84.842236,43.081563],[-84.843051,43.08158],[-84.843048,43.08012],[-84.843021,43.077888],[-84.842358,43.07788],[-84.842365,43.076923]],[[-84.842413,43.074902],[-84.842267,43.074908]],[[-84.842472,43.070964],[-84.842326,43.07097]],[[-84.843209,43.065127],[-84.843364,43.06515]],[[-84.84319,43.059001],[-84.84334,43.059028]],[[-84.843226,43.053992],[-84.843376,43.054018]],[[-84.843176,43.048034],[-84.843326,43.048061]],[[-84.842389,43.042933],[-84.842207,43.042928]],[[-84.843454,43.036574],[-84.843629,43.036648]],[[-84.849837,43.035178],[-84.850012,43.035252]],[[-84.852248,43.032387],[-84.852423,43.032462]],[[-84.853425,43.027169],[-84.852874,43.027205]],[[-84.853526,43.019587],[-84.853621,43.019596]],[[-84.853611,43.015484],[-84.853705,43.015494]],[[-84.854194,43.009216],[-84.854288,43.009225]],[[-84.852695,43.004329],[-84.852573,43.004338]],[[-84.842365,43.076835],[-84.84235,43.076116],[-84.842433,43.074378],[-84.842439,43.074088],[-84.842272,43.073974],[-84.842259,43.073457],[-84.842369,43.073409],[-84.842374,43.072763],[-84.842453,43.072621],[-84.842538,43.06566],[-84.843197,43.065521],[-84.843242,43.062424],[-84.843196,43.06106],[-84.843135,43.060354],[-84.843388,43.060149],[-84.843392,43.059729],[-84.843173,43.059596],[-84.843231,43.057074],[-84.843218,43.053538],[-84.843197,43.051663],[-84.84318,43.050953],[-84.843171,43.047217],[-84.842426,43.047184],[-84.842392,43.043527],[-84.842392,43.042298],[-84.842409,43.041135],[-84.842383,43.039729],[-84.842404,43.037843],[-84.842472,43.037812],[-84.842519,43.037711],[-84.842511,43.036775],[-84.842642,43.036436],[-84.843311,43.036668],[-84.843358,43.036612],[-84.843565,43.036521],[-84.846185,43.036521],[-84.846855,43.036476],[-84.847709,43.036293],[-84.848609,43.03585],[-84.849037,43.035584],[-84.849614,43.035364],[-84.850349,43.034731],[-84.850413,43.034121],[-84.85254,43.032106],[-84.852737,43.032073],[-84.85296,43.031814],[-84.852938,43.031741],[-84.853249,43.031384],[-84.853316,43.031295],[-84.853447,43.030657],[-84.853446,43.029433],[-84.853436,43.028113],[-84.853432,43.026918],[-84.853431,43.026848],[-84.853348,43.026838],[-84.853347,43.026705],[-84.853428,43.026244],[-84.853439,43.02551],[-84.85345,43.023873],[-84.853468,43.023047],[-84.853481,43.021859],[-84.853486,43.020749],[-84.853487,43.020194],[-84.853579,43.018784],[-84.853604,43.015986],[-84.853611,43.014405],[-84.854022,43.011665],[-84.85354,43.010899],[-84.854092,43.010896],[-84.85426,43.008011],[-84.852701,43.007425],[-84.852702,43.006782],[-84.852826,43.006385],[-84.852831,43.006151],[-84.852753,43.006084],[-84.852709,43.005538],[-84.852706,43.005268],[-84.853456,43.005253],[-84.853547,43.005288],[-84.855838,43.005244],[-84.855918,43.005123],[-84.855917,43.00501],[-84.855874,43.004926],[-84.855874,43.004714],[-84.855891,43.004714]],[[-84.85601,43.004704],[-84.856069,43.004705],[-84.85607,43.004744]]]},"properties":{"id":"fna-member-routes-20260918-a47f61afe71b49a9a03d","sourceId":"fna-member-routes-20260918","source":"Fiber Network Alliance member fiber lines","sourceUrl":"https://www.fibernetworkalliance.com/membership-map-line/","name":"WOW-Lansing published routes","carrier":"WOW-Lansing","category":"unknown","routeStatus":"Status not established","evidence":"publisher_route","dataDate":null,"metadataModified":null,"retrievedAt":"2026-09-18T19:56:04.130240+00:00","networkType":"Published fiber route; precision and network class unverified","serviceability":"Unconfirmed","routeDiversity":"Unconfirmed","states":["MI"],"publishedLineParts":37},"bbox":[-84.85607,43.004329,-84.840791,43.095625]},{"type":"Feature","geometry":{"type":"MultiLineString","coordinates":[[[-84.601887,42.229131],[-84.60208,42.22913]],[[-84.602161,42.233291],[-84.602354,42.23329]],[[-84.602389,42.238983],[-84.602583,42.238983]],[[-84.601863,42.244942],[-84.601657,42.244956]],[[-84.570819,42.24855],[-84.57078,42.248662]],[[-84.746278,42.237549],[-84.746095,42.237531]],[[-84.711522,42.247635],[-84.711521,42.247608]],[[-84.746595,42.236312],[-84.746596,42.236298],[-84.74627,42.236299],[-84.74627,42.236312]],[[-84.601967,42.227742],[-84.601968,42.227763],[-84.601998,42.227802],[-84.601993,42.228316],[-84.60184,42.228491],[-84.602189,42.233618],[-84.602245,42.235665],[-84.602332,42.237809],[-84.602578,42.238232],[-84.602584,42.238409],[-84.602382,42.238502],[-84.602437,42.241545],[-84.602449,42.242103],[-84.601765,42.242116],[-84.601804,42.24457],[-84.601837,42.2446],[-84.601881,42.2452],[-84.60193,42.248017],[-84.601874,42.248356],[-84.601913,42.248534],[-84.601938,42.2505],[-84.601983,42.251846],[-84.602496,42.252067],[-84.602517,42.252637],[-84.602629,42.252652],[-84.60263,42.252741]],[[-84.601913,42.227698],[-84.601956,42.227698]],[[-84.567867,42.24814],[-84.5679,42.248141]],[[-84.745132,42.240305],[-84.745169,42.240305]],[[-84.647812,42.167571],[-84.647931,42.167572]],[[-84.500487,42.094856],[-84.500478,42.094733]],[[-84.511731,42.095287],[-84.511722,42.095164]],[[-84.521271,42.095293],[-84.521262,42.09517]],[[-84.536072,42.108769],[-84.536075,42.108825]],[[-84.544432,42.109027],[-84.54442,42.108896]],[[-84.553701,42.112126],[-84.553557,42.112135]],[[-84.553865,42.116932],[-84.55372,42.116941]],[[-84.553967,42.122323],[-84.55369,42.122336]],[[-84.534262,42.109091],[-84.534413,42.10909],[-84.534444,42.108807],[-84.53449,42.108762],[-84.53721,42.108769],[-84.537508,42.108735],[-84.538726,42.108799],[-84.539022,42.108966],[-84.539278,42.108967],[-84.539461,42.108998],[-84.540068,42.108999],[-84.545048,42.109036],[-84.545253,42.108794],[-84.553634,42.108737],[-84.553641,42.10887],[-84.553683,42.109319],[-84.553631,42.109482],[-84.553754,42.114182],[-84.553926,42.118399],[-84.553941,42.119812],[-84.55379,42.11995],[-84.553797,42.120264],[-84.553923,42.120297],[-84.553994,42.123518],[-84.554162,42.123516]],[[-84.54333,42.094922],[-84.543321,42.094792]],[[-84.534915,42.095186],[-84.534905,42.095056]],[[-84.527371,42.095274],[-84.527361,42.095144]],[[-84.646171,42.12744],[-84.646353,42.127453]],[[-84.604322,42.161323],[-84.60445,42.161171]],[[-84.61326,42.161292],[-84.613387,42.16114]],[[-84.62053,42.162638],[-84.620658,42.162485]],[[-84.626438,42.165247],[-84.626565,42.165095]],[[-84.632605,42.167967],[-84.632732,42.167815]],[[-84.635163,42.169657],[-84.635096,42.169617]],[[-84.496038,42.094879],[-84.497823,42.094847],[-84.501536,42.094857],[-84.506082,42.094797],[-84.508664,42.094774],[-84.509494,42.094758],[-84.509547,42.09533],[-84.514703,42.095223],[-84.516024,42.095211],[-84.518374,42.095118],[-84.519814,42.095332],[-84.521157,42.09533],[-84.521228,42.095294],[-84.522455,42.095288]],[[-84.547101,42.094746],[-84.54718,42.094746],[-84.547272,42.094783]],[[-84.52483,42.09516],[-84.524867,42.09531],[-84.528421,42.095263],[-84.534794,42.095189],[-84.538618,42.095191],[-84.539588,42.09513],[-84.540336,42.09493],[-84.541166,42.094919],[-84.543435,42.094922],[-84.54359,42.09498],[-84.544963,42.09493],[-84.546017,42.094919],[-84.547145,42.094932],[-84.547223,42.094913],[-84.547279,42.094923],[-84.547282,42.094828]],[[-84.64743,42.167091],[-84.647463,42.167091],[-84.647514,42.167117],[-84.647645,42.167114],[-84.647649,42.167199]],[[-84.647801,42.168529],[-84.6478,42.168456],[-84.647951,42.168201],[-84.647943,42.167874],[-84.647822,42.16782],[-84.647807,42.167344],[-84.647648,42.167306],[-84.647647,42.167287]],[[-84.602681,42.161225],[-84.602679,42.161148],[-84.602848,42.161148]],[[-84.602965,42.161148],[-84.603319,42.161147],[-84.603413,42.161321],[-84.609394,42.161338],[-84.609569,42.161376],[-84.610237,42.161378],[-84.610317,42.161301],[-84.613669,42.161293],[-84.613763,42.161337],[-84.616817,42.161335],[-84.617119,42.161316],[-84.617599,42.161344],[-84.619451,42.162087],[-84.621158,42.162974],[-84.621292,42.163154],[-84.621649,42.163174],[-84.62295,42.163783],[-84.624873,42.164635],[-84.624906,42.164703],[-84.62506,42.164715],[-84.625535,42.164916],[-84.62872,42.166092],[-84.628902,42.166166],[-84.629027,42.166208],[-84.629178,42.16633],[-84.630495,42.166956],[-84.633883,42.168579],[-84.634038,42.168585],[-84.634423,42.168782],[-84.63456,42.168828],[-84.634588,42.169001],[-84.634874,42.169008],[-84.634979,42.169198],[-84.635355,42.169356],[-84.635159,42.169667],[-84.63559,42.169877],[-84.635767,42.1699],[-84.635825,42.169926]],[[-84.6459,42.125457],[-84.645902,42.125509],[-84.646144,42.125723],[-84.646188,42.128364],[-84.646405,42.128494],[-84.646407,42.128726]],[[-84.646262,42.128768],[-84.646394,42.128769]],[[-84.72639,42.249141],[-84.726534,42.249282]],[[-84.727592,42.248612],[-84.727746,42.248761]],[[-84.730683,42.2469],[-84.730439,42.246617]],[[-84.7353,42.244075],[-84.735198,42.243841]],[[-84.741636,42.240958],[-84.741535,42.240724]],[[-84.743129,42.240233],[-84.743095,42.240131]],[[-84.74551,42.240455],[-84.745487,42.240503]],[[-84.726034,42.249363],[-84.726003,42.249326],[-84.726727,42.24897],[-84.726857,42.248906]],[[-84.726092,42.249348],[-84.72962,42.247604],[-84.730629,42.247078],[-84.730652,42.246919],[-84.730728,42.246875],[-84.730988,42.246886],[-84.732192,42.246305],[-84.732587,42.246247],[-84.733574,42.245795],[-84.734207,42.245545],[-84.734947,42.245121],[-84.734593,42.244647],[-84.734561,42.244513],[-84.734796,42.244431],[-84.734852,42.244297],[-84.735234,42.244074],[-84.735385,42.244069],[-84.736086,42.243725],[-84.736408,42.243632],[-84.736482,42.243548],[-84.737555,42.242993],[-84.737974,42.24281],[-84.73803,42.242617],[-84.738256,42.24252],[-84.738377,42.242591],[-84.740056,42.241757],[-84.740351,42.241718],[-84.7407,42.241556],[-84.740781,42.241413],[-84.741626,42.240973],[-84.741703,42.240888],[-84.742157,42.240655],[-84.742564,42.240642],[-84.74258,42.240483],[-84.74321,42.240198],[-84.743508,42.240417],[-84.743683,42.240347],[-84.743875,42.240217],[-84.744779,42.240198],[-84.744914,42.240147],[-84.745142,42.240147],[-84.745148,42.240262]],[[-84.746201,42.241137],[-84.746359,42.241048],[-84.746361,42.240846],[-84.746236,42.240785],[-84.746238,42.240507],[-84.745768,42.240501],[-84.745621,42.240455],[-84.745178,42.240459],[-84.745177,42.240349]],[[-84.745175,42.240262],[-84.745174,42.240192],[-84.745638,42.240197],[-84.745686,42.240167],[-84.746199,42.240202],[-84.746361,42.240235],[-84.746693,42.240241],[-84.746748,42.24028],[-84.748177,42.240301],[-84.749304,42.240274],[-84.750054,42.240273],[-84.750135,42.240071],[-84.751092,42.240097],[-84.751592,42.240096],[-84.751645,42.239811],[-84.752923,42.239818],[-84.753067,42.240183],[-84.753813,42.240184],[-84.753794,42.23954],[-84.753844,42.239287],[-84.753875,42.239231]],[[-84.659728,42.168195],[-84.659592,42.168079]],[[-84.66105,42.168153],[-84.660914,42.168038]],[[-84.662367,42.167286],[-84.662231,42.16717]],[[-84.664454,42.165755],[-84.664437,42.165632]],[[-84.669195,42.160161],[-84.669178,42.160039]],[[-84.679124,42.158944],[-84.679107,42.158821]],[[-84.689026,42.15868],[-84.689042,42.158823]],[[-84.696381,42.158239],[-84.696264,42.157978]],[[-84.702909,42.158002],[-84.702929,42.158124]],[[-84.717762,42.157371],[-84.717781,42.157493]],[[-84.71869,42.157269],[-84.718682,42.157179]],[[-84.721495,42.157145],[-84.721515,42.157267]],[[-84.721269,42.157137],[-84.721261,42.157047]],[[-84.725147,42.156382],[-84.725139,42.156292]],[[-84.735497,42.155853],[-84.735489,42.155763]],[[-84.745965,42.155317],[-84.745957,42.155227]],[[-84.639885,42.188697],[-84.640073,42.188692]],[[-84.639568,42.183656],[-84.639756,42.18365]],[[-84.640142,42.179989],[-84.640285,42.180158]],[[-84.645607,42.177411],[-84.64575,42.17758]],[[-84.651308,42.175171],[-84.651295,42.175098]],[[-84.652561,42.175078],[-84.652809,42.175077]],[[-84.655779,42.171708],[-84.655638,42.171549]],[[-84.660745,42.168664],[-84.660762,42.168617]],[[-84.522893,42.09529],[-84.522884,42.095167]],[[-84.526692,42.095302],[-84.526683,42.095179]],[[-84.534292,42.095215],[-84.534283,42.095092]],[[-84.544428,42.094969],[-84.544404,42.094899]],[[-84.553261,42.096695],[-84.553103,42.096705]],[[-84.553323,42.100059],[-84.553164,42.100068]],[[-84.553483,42.105694],[-84.553325,42.105704]],[[-84.553726,42.112011],[-84.553567,42.112021]],[[-84.553883,42.116804],[-84.553724,42.116814]],[[-84.553992,42.122403],[-84.553657,42.12242]],[[-84.537957,42.142985],[-84.53808,42.143099]],[[-84.539203,42.142431],[-84.539243,42.142246]],[[-84.542971,42.142725],[-84.543012,42.14254]],[[-84.544364,42.138856],[-84.54412,42.138858]],[[-84.544575,42.134255],[-84.544331,42.134257]],[[-84.54537,42.130888],[-84.546043,42.130881]],[[-84.545123,42.128324],[-84.5453,42.128331]],[[-84.54773,42.124169],[-84.547775,42.124255]],[[-84.553241,42.124052],[-84.553286,42.124138]],[[-84.555032,42.123431],[-84.555076,42.123517]],[[-84.558286,42.123127],[-84.55831,42.123006]],[[-84.568101,42.12302],[-84.568125,42.122899]],[[-84.579412,42.124257],[-84.579436,42.124135]],[[-84.589393,42.123293],[-84.589341,42.123441]]]},"properties":{"id":"fna-member-routes-20260918-7f640a9836a688d3badc","sourceId":"fna-member-routes-20260918","source":"Fiber Network Alliance member fiber lines","sourceUrl":"https://www.fibernetworkalliance.com/membership-map-line/","name":"WOW-Lansing published routes","carrier":"WOW-Lansing","category":"unknown","routeStatus":"Status not established","evidence":"publisher_route","dataDate":null,"metadataModified":null,"retrievedAt":"2026-09-18T19:56:04.130240+00:00","networkType":"Published fiber route; precision and network class unverified","serviceability":"Unconfirmed","routeDiversity":"Unconfirmed","states":["MI"],"publishedLineParts":100},"bbox":[-84.753875,42.094733,-84.496038,42.252741]},{"type":"Feature","geometry":{"type":"MultiLineString","coordinates":[[[-84.595392,42.123203],[-84.595388,42.123087]],[[-84.596389,42.12331],[-84.596586,42.123301]],[[-84.598758,42.123657],[-84.598753,42.123576]],[[-84.602384,42.123763],[-84.602379,42.123644]],[[-84.611078,42.124171],[-84.611073,42.124053]],[[-84.61533,42.127806],[-84.615526,42.127814]],[[-84.615355,42.130645],[-84.61555,42.130653]],[[-84.616569,42.131229],[-84.616573,42.131084]],[[-84.623492,42.131205],[-84.623496,42.131061]],[[-84.635069,42.132216],[-84.635073,42.132071]],[[-84.643003,42.132199],[-84.643007,42.132055]],[[-84.646232,42.134165],[-84.646393,42.134177]],[[-84.64644,42.139669],[-84.646586,42.139683]],[[-84.646495,42.144039],[-84.646656,42.14405]],[[-84.64698,42.150398],[-84.647142,42.15041]],[[-84.647158,42.155811],[-84.64732,42.155823]],[[-84.647386,42.161549],[-84.647547,42.161561]],[[-84.647745,42.166645],[-84.647832,42.166651]],[[-84.646994,42.169109],[-84.646887,42.169118]],[[-84.649904,42.170138],[-84.64982,42.170036]],[[-84.653893,42.170103],[-84.653809,42.170001]],[[-84.659093,42.168771],[-84.658902,42.168778]],[[-84.64622,42.12831],[-84.646403,42.128323]],[[-84.646133,42.131547],[-84.646316,42.13156]],[[-84.650643,42.171343],[-84.650488,42.171261]],[[-84.654296,42.169935],[-84.65414,42.169853]],[[-84.659047,42.168889],[-84.658856,42.168896]],[[-84.638329,42.170926],[-84.638337,42.171104]],[[-84.644084,42.172603],[-84.644092,42.172781]],[[-84.650409,42.171431],[-84.65059,42.171797]],[[-84.654062,42.170086],[-84.654119,42.170181]],[[-84.659004,42.168954],[-84.658813,42.168961]],[[-84.636027,42.169712],[-84.636073,42.169731],[-84.636052,42.16976],[-84.635969,42.169803],[-84.635934,42.169841],[-84.635938,42.169877],[-84.63588,42.169943]],[[-84.635928,42.169968],[-84.636602,42.170236],[-84.639246,42.171284],[-84.641083,42.17202],[-84.64199,42.172404],[-84.642352,42.172488],[-84.642841,42.172584],[-84.643288,42.172615],[-84.644846,42.172593],[-84.644875,42.172535],[-84.645022,42.172531],[-84.645146,42.172591],[-84.646287,42.172566],[-84.646567,42.172511],[-84.646961,42.172496],[-84.647033,42.172613],[-84.647304,42.172616],[-84.647399,42.172552],[-84.647799,42.172519],[-84.647868,42.172155],[-84.648051,42.172105],[-84.648395,42.17204],[-84.64857,42.171919],[-84.648667,42.171912],[-84.648705,42.171901]],[[-84.648814,42.171868],[-84.649395,42.17171],[-84.651535,42.171123],[-84.651621,42.171122],[-84.65212,42.170913],[-84.652383,42.170294],[-84.652762,42.170246],[-84.653045,42.170427],[-84.653713,42.170222],[-84.654226,42.170019],[-84.655158,42.169265],[-84.655456,42.169198],[-84.65654,42.168563],[-84.657347,42.168048],[-84.657687,42.168041],[-84.65777,42.168172],[-84.659119,42.168154],[-84.658948,42.169405],[-84.659663,42.169413],[-84.659915,42.169412],[-84.66005,42.169313]],[[-84.648709,42.17087],[-84.648713,42.171662],[-84.648866,42.171833],[-84.649386,42.171692],[-84.65153,42.171104],[-84.651614,42.171103],[-84.652098,42.1709],[-84.652363,42.170277],[-84.65277,42.170225],[-84.65305,42.170404],[-84.653702,42.170204],[-84.65421,42.170004],[-84.655144,42.169248],[-84.655444,42.169181],[-84.656524,42.168548],[-84.657337,42.168028],[-84.657703,42.168021],[-84.657786,42.168152],[-84.659148,42.168134],[-84.658977,42.169386],[-84.659661,42.169393],[-84.659904,42.169391],[-84.660017,42.169302]],[[-84.645926,42.125457],[-84.645928,42.125501],[-84.64617,42.125716],[-84.646214,42.128355],[-84.64646,42.128502],[-84.646473,42.129163],[-84.646064,42.129368],[-84.646165,42.132416]],[[-84.524804,42.095163],[-84.524845,42.09533],[-84.528421,42.095283],[-84.534794,42.095209],[-84.538619,42.09521],[-84.539594,42.095149],[-84.540341,42.09495],[-84.541166,42.094939],[-84.543428,42.094941],[-84.543584,42.095],[-84.544964,42.09495],[-84.546017,42.094938],[-84.547149,42.094951],[-84.547224,42.094933],[-84.547399,42.094963],[-84.548313,42.094978],[-84.549644,42.094977],[-84.549643,42.095179],[-84.549714,42.09523],[-84.549755,42.096085],[-84.550853,42.096086],[-84.551449,42.096157],[-84.551658,42.096122],[-84.552646,42.09611],[-84.552761,42.096207],[-84.552984,42.096205],[-84.553013,42.096119],[-84.553152,42.096117],[-84.553153,42.096199],[-84.553263,42.096403],[-84.553282,42.09709],[-84.553339,42.097098],[-84.553298,42.09764],[-84.553291,42.098926],[-84.5534,42.102409],[-84.553413,42.102795],[-84.553124,42.102775],[-84.553036,42.102838],[-84.552843,42.102874],[-84.553047,42.103764],[-84.553448,42.104559],[-84.553264,42.104821],[-84.553264,42.104974],[-84.553449,42.105051],[-84.553667,42.108869],[-84.553709,42.109321],[-84.553657,42.109484],[-84.55378,42.114181],[-84.553952,42.118399],[-84.553968,42.119819],[-84.553816,42.119957],[-84.553822,42.12025],[-84.553949,42.120283],[-84.554019,42.123498],[-84.554162,42.123497]],[[-84.537771,42.143023],[-84.537893,42.14303],[-84.538025,42.142926],[-84.538064,42.142929]],[[-84.538087,42.142888],[-84.538167,42.142445],[-84.538391,42.142372],[-84.54139,42.142607],[-84.541887,42.142386],[-84.542524,42.142462],[-84.542661,42.142706],[-84.544167,42.142818],[-84.54477,42.142377],[-84.544717,42.140373],[-84.544557,42.13906],[-84.544186,42.13866],[-84.544123,42.138078],[-84.544385,42.137987],[-84.544292,42.135447],[-84.54458,42.134833],[-84.544537,42.131837],[-84.544504,42.130929],[-84.545366,42.130925],[-84.545363,42.130849]],[[-84.545363,42.130762],[-84.545363,42.130635],[-84.545167,42.130567],[-84.545049,42.124905],[-84.545068,42.124627],[-84.545184,42.124414],[-84.545349,42.124251],[-84.545604,42.124146],[-84.545931,42.124097],[-84.547055,42.124091],[-84.547204,42.124178],[-84.548519,42.124148],[-84.548769,42.124077],[-84.549541,42.124057],[-84.549616,42.124098],[-84.550842,42.124075],[-84.551018,42.124146],[-84.551583,42.124144],[-84.552185,42.124058],[-84.553505,42.124048],[-84.554597,42.124027],[-84.55458,42.123514],[-84.554279,42.123515]],[[-84.514744,42.095199],[-84.516036,42.095189],[-84.518386,42.095092],[-84.51983,42.095299],[-84.521078,42.095297]],[[-84.522573,42.09529],[-84.523545,42.095296],[-84.523545,42.095073],[-84.524784,42.095065],[-84.524787,42.095077]],[[-84.554279,42.123496],[-84.556613,42.12348],[-84.556823,42.123134],[-84.558158,42.123135],[-84.571888,42.122978],[-84.572007,42.123728],[-84.575445,42.123685]],[[-84.555034,42.123239],[-84.555037,42.123294],[-84.555085,42.123318],[-84.555087,42.123349],[-84.555039,42.12339],[-84.55504,42.12343],[-84.554547,42.12344],[-84.554438,42.123477],[-84.554279,42.12348]],[[-84.575564,42.123683],[-84.576636,42.123663],[-84.576647,42.124484],[-84.579108,42.124264],[-84.580319,42.124247],[-84.581413,42.124229],[-84.582692,42.12396],[-84.582614,42.122251],[-84.583811,42.122377],[-84.58948,42.123303],[-84.591994,42.12326],[-84.592963,42.123506],[-84.594307,42.12341],[-84.595144,42.123416]],[[-84.595201,42.123404],[-84.595201,42.123209],[-84.596389,42.123183],[-84.596395,42.123598],[-84.597564,42.123576],[-84.597567,42.12367],[-84.59759,42.12367]],[[-84.597706,42.123672],[-84.599736,42.123643]],[[-84.599854,42.123642],[-84.601247,42.123613],[-84.605999,42.124241],[-84.613762,42.124138],[-84.615316,42.126904],[-84.615353,42.130513]],[[-84.615354,42.130601],[-84.615364,42.131236],[-84.631052,42.131172],[-84.633454,42.13222],[-84.64507,42.132195],[-84.646018,42.132363],[-84.646141,42.132458]],[[-84.647827,42.168529],[-84.647826,42.16846],[-84.647977,42.168205],[-84.647968,42.167863],[-84.647848,42.167809],[-84.647832,42.167295],[-84.647787,42.166928],[-84.647728,42.16672],[-84.647759,42.166559],[-84.647602,42.16642],[-84.647674,42.166207],[-84.647587,42.164114],[-84.647517,42.163973],[-84.64741,42.161988],[-84.647511,42.161918],[-84.647506,42.161816],[-84.647392,42.161717],[-84.647332,42.160248],[-84.647184,42.1565],[-84.647305,42.156373],[-84.647304,42.156243],[-84.647162,42.156183],[-84.647121,42.153765],[-84.647046,42.151069],[-84.647085,42.150722],[-84.646974,42.150385],[-84.646615,42.14991],[-84.645924,42.148762],[-84.646205,42.147391],[-84.646414,42.146333],[-84.647162,42.145976],[-84.647203,42.145243],[-84.64651,42.145214],[-84.646453,42.141232],[-84.646434,42.13902],[-84.646474,42.138791],[-84.646436,42.137692],[-84.646318,42.136885],[-84.646166,42.132503]],[[-84.647825,42.168617],[-84.647825,42.168657],[-84.646969,42.168677],[-84.647013,42.169386],[-84.647077,42.169645],[-84.647118,42.169931],[-84.647759,42.170187],[-84.648536,42.170175],[-84.648922,42.170157],[-84.650075,42.17014],[-84.650328,42.170034],[-84.650595,42.170033],[-84.650699,42.170118],[-84.651374,42.170116],[-84.651436,42.170619],[-84.651659,42.17084],[-84.651671,42.171056],[-84.652077,42.170887],[-84.652343,42.170259],[-84.652778,42.170205],[-84.653055,42.170382],[-84.653691,42.170186],[-84.654194,42.169988],[-84.655129,42.169231],[-84.655431,42.169163],[-84.656507,42.168533],[-84.657327,42.168009],[-84.657719,42.168001],[-84.657803,42.168133],[-84.659177,42.168115],[-84.659006,42.169367],[-84.65966,42.169334],[-84.659933,42.169334],[-84.659995,42.16929]],[[-84.639391,42.190851],[-84.639399,42.190967],[-84.639477,42.191048]],[[-84.639537,42.19106],[-84.639696,42.19106],[-84.639745,42.190721],[-84.639708,42.190554],[-84.639922,42.189391],[-84.639365,42.18033],[-84.640995,42.179613],[-84.643035,42.178628],[-84.64528,42.177552],[-84.645856,42.177301],[-84.646255,42.1774],[-84.646615,42.177267],[-84.646693,42.177027],[-84.647348,42.176719],[-84.648362,42.176237],[-84.648792,42.176222],[-84.649197,42.175573],[-84.649617,42.175367],[-84.649744,42.175368],[-84.650024,42.175225],[-84.650198,42.175212],[-84.650233,42.175359],[-84.650388,42.175354],[-84.650433,42.175232],[-84.650852,42.175197],[-84.650977,42.17518]],[[-84.651094,42.17518],[-84.652557,42.17514],[-84.652539,42.172848],[-84.654469,42.172241],[-84.657941,42.170824],[-84.658939,42.170113],[-84.659384,42.169958],[-84.659392,42.169839],[-84.659444,42.169721],[-84.659792,42.169625],[-84.660545,42.169061],[-84.66066,42.168951],[-84.660756,42.168667],[-84.659956,42.168661],[-84.659915,42.168986],[-84.660244,42.168992],[-84.660245,42.169027]],[[-84.717064,42.157351],[-84.717144,42.15734],[-84.717191,42.157386],[-84.717213,42.157383]],[[-84.717327,42.157364],[-84.717354,42.157361],[-84.717436,42.157396],[-84.718056,42.157302],[-84.724024,42.156992],[-84.724057,42.156423],[-84.724138,42.156419]],[[-84.659937,42.169044],[-84.659882,42.169035],[-84.659815,42.168918],[-84.659638,42.168752],[-84.659464,42.168674],[-84.659745,42.168163],[-84.659773,42.168163]],[[-84.65989,42.168163],[-84.661252,42.168156],[-84.661832,42.167677]],[[-84.66192,42.167618],[-84.664508,42.165719],[-84.665127,42.165527],[-84.665195,42.165302],[-84.667721,42.163505],[-84.667457,42.16141],[-84.668075,42.161372],[-84.66813,42.161314],[-84.668887,42.161127],[-84.669189,42.160166],[-84.671873,42.159966],[-84.672715,42.160244],[-84.677791,42.159297],[-84.678401,42.159288],[-84.67896,42.158962],[-84.679349,42.158929],[-84.681485,42.158589],[-84.683208,42.158383],[-84.685329,42.158322],[-84.686116,42.158314],[-84.686938,42.15889],[-84.687859,42.158848],[-84.687954,42.158741],[-84.68922,42.158669],[-84.689539,42.158541],[-84.690278,42.158535],[-84.690866,42.158682],[-84.69131,42.158663],[-84.691494,42.158559],[-84.696552,42.158232],[-84.696999,42.158229],[-84.701519,42.158073],[-84.701818,42.158202],[-84.702299,42.158207],[-84.702471,42.158025],[-84.703421,42.157958],[-84.708721,42.157667],[-84.70959,42.157542],[-84.709833,42.157556],[-84.710184,42.157544],[-84.710262,42.157453],[-84.711699,42.157406],[-84.712605,42.157508],[-84.714399,42.157614],[-84.715305,42.157587],[-84.715519,42.157676],[-84.716656,42.157508],[-84.717297,42.157437],[-84.71806,42.157321],[-84.724049,42.15701],[-84.724082,42.156442],[-84.72414,42.156438]],[[-84.724256,42.156428],[-84.728199,42.156237],[-84.7294,42.156204],[-84.729628,42.156178],[-84.735728,42.155837],[-84.735882,42.155536],[-84.736671,42.155525],[-84.736724,42.155793],[-84.739936,42.15563],[-84.741409,42.155567],[-84.741967,42.155624],[-84.742631,42.155618],[-84.742728,42.155536],[-84.744102,42.15549],[-84.745075,42.155417],[-84.746111,42.155295],[-84.746242,42.15535],[-84.746894,42.155347],[-84.74697,42.155309],[-84.748562,42.155252],[-84.752522,42.155086],[-84.75253,42.155082]]]},"properties":{"id":"fna-member-routes-20260918-114382d7396f1e5d2b4b","sourceId":"fna-member-routes-20260918","source":"Fiber Network Alliance member fiber lines","sourceUrl":"https://www.fibernetworkalliance.com/membership-map-line/","name":"WOW-Lansing published routes","carrier":"WOW-Lansing","category":"unknown","routeStatus":"Status not established","evidence":"publisher_route","dataDate":null,"metadataModified":null,"retrievedAt":"2026-09-18T19:56:04.130240+00:00","networkType":"Published fiber route; precision and network class unverified","serviceability":"Unconfirmed","routeDiversity":"Unconfirmed","states":["MI"],"publishedLineParts":61},"bbox":[-84.75253,42.094933,-84.514744,42.19106]},{"type":"Feature","geometry":{"type":"MultiLineString","coordinates":[[[-84.740925,42.2886],[-84.740746,42.288608]],[[-84.740834,42.283018],[-84.740655,42.283025]],[[-84.740699,42.277289],[-84.74052,42.277296]],[[-84.74062,42.272481],[-84.740441,42.272489]],[[-84.741059,42.265772],[-84.74088,42.265779]],[[-84.741278,42.26323],[-84.741099,42.263237]],[[-84.740493,42.260263],[-84.740314,42.260271]],[[-84.741145,42.254697],[-84.74151,42.254719]],[[-84.741705,42.252371],[-84.741701,42.252323]],[[-84.746368,42.251952],[-84.746357,42.251854]],[[-84.601936,42.250379],[-84.60173,42.250393]],[[-84.57919,42.251433],[-84.579129,42.251583]],[[-84.588229,42.25223],[-84.588271,42.252105]],[[-84.593692,42.252974],[-84.593817,42.253345]],[[-84.594826,42.252531],[-84.594596,42.252491]],[[-84.598693,42.25263],[-84.598711,42.252579]],[[-84.602631,42.252844],[-84.602876,42.252832]],[[-84.604095,42.253772],[-84.604131,42.253708]],[[-84.607792,42.255179],[-84.607867,42.255102]],[[-84.671016,42.262985],[-84.671049,42.262906]],[[-84.711555,42.250178],[-84.711415,42.250188]],[[-84.710755,42.253422],[-84.710615,42.253432]],[[-84.707447,42.254962],[-84.707505,42.255079]],[[-84.707018,42.255077],[-84.707516,42.254945],[-84.708556,42.254648],[-84.710057,42.254226],[-84.710906,42.254103],[-84.710635,42.252878],[-84.711262,42.252876],[-84.711256,42.252107],[-84.711507,42.251092],[-84.711505,42.250923],[-84.711567,42.250851],[-84.711522,42.247652]],[[-84.741204,42.290719],[-84.741246,42.290727],[-84.741296,42.290595]],[[-84.74182,42.262731],[-84.74182,42.262721],[-84.741714,42.262705],[-84.741718,42.262648]],[[-84.741329,42.290511],[-84.741339,42.290486],[-84.740775,42.290225],[-84.740852,42.289687],[-84.740919,42.288587],[-84.74084,42.282919],[-84.740718,42.278187],[-84.740618,42.271825],[-84.740594,42.268237],[-84.740677,42.267718],[-84.741255,42.267559],[-84.741248,42.266993],[-84.74112,42.266434],[-84.741118,42.266236],[-84.741057,42.266131],[-84.74107,42.264982],[-84.741258,42.264937],[-84.741283,42.263081],[-84.741385,42.262868],[-84.74168,42.262864],[-84.741695,42.262647]],[[-84.741702,42.26256],[-84.741721,42.262293],[-84.741872,42.2621],[-84.7413,42.261614],[-84.740449,42.261341],[-84.740418,42.261055],[-84.740497,42.260903],[-84.740483,42.258709],[-84.740452,42.258282],[-84.741181,42.258274],[-84.741177,42.257637],[-84.741203,42.257309],[-84.741161,42.257236],[-84.741147,42.255145],[-84.74113,42.252394],[-84.742324,42.252356],[-84.742462,42.252048],[-84.743216,42.252045],[-84.743521,42.251948],[-84.744177,42.251954],[-84.744627,42.2519],[-84.745286,42.251916],[-84.745382,42.25196],[-84.746811,42.251954],[-84.747373,42.251904],[-84.747472,42.251844],[-84.7481,42.251836],[-84.748143,42.251944],[-84.748699,42.251936],[-84.748798,42.251881],[-84.749067,42.251924],[-84.750211,42.251915],[-84.750776,42.251928],[-84.75078,42.251618]],[[-84.670742,42.263018],[-84.671008,42.262968],[-84.671183,42.263429],[-84.671903,42.263314]],[[-84.670689,42.263038],[-84.670716,42.263117]],[[-84.56794,42.248141],[-84.567968,42.248141],[-84.568005,42.248127],[-84.568409,42.24813],[-84.568737,42.248394],[-84.5701,42.248454],[-84.571014,42.248579],[-84.572025,42.248815],[-84.574128,42.249523],[-84.578855,42.251329],[-84.580738,42.251895],[-84.582997,42.252179],[-84.583407,42.251891],[-84.583942,42.251789],[-84.585373,42.25192],[-84.585922,42.251958],[-84.586638,42.252033],[-84.586819,42.25212],[-84.587117,42.252111],[-84.587799,42.252186],[-84.588711,42.252292],[-84.588771,42.252299],[-84.588781,42.25242],[-84.589398,42.252428],[-84.589491,42.252398],[-84.589795,42.252438],[-84.590585,42.252527],[-84.591298,42.252585],[-84.591756,42.25265],[-84.591764,42.252745],[-84.592348,42.252834],[-84.592533,42.252945],[-84.592741,42.252949],[-84.593172,42.25299],[-84.59339,42.252945],[-84.594068,42.253023],[-84.594338,42.25302],[-84.594448,42.252949],[-84.594731,42.252645],[-84.59495,42.252396],[-84.595029,42.251778],[-84.595714,42.25179],[-84.596066,42.251763],[-84.59639,42.251807],[-84.596804,42.251802],[-84.596808,42.252049],[-84.596994,42.252138],[-84.597383,42.252353],[-84.59758,42.252406],[-84.597843,42.252312],[-84.598227,42.252325],[-84.598375,42.252603],[-84.599043,42.252663],[-84.600122,42.25269],[-84.600314,42.252724],[-84.600643,42.252708],[-84.600667,42.252674],[-84.602018,42.25267],[-84.602105,42.252826],[-84.60254,42.252829],[-84.602575,42.252784],[-84.602618,42.252784]],[[-84.602629,42.252828],[-84.602629,42.253113],[-84.602609,42.25341],[-84.603581,42.253768],[-84.603771,42.253663],[-84.604213,42.253812],[-84.604487,42.253961],[-84.604702,42.253995],[-84.604887,42.253908],[-84.605379,42.254182],[-84.605881,42.254313],[-84.605944,42.254384],[-84.606464,42.254664],[-84.606492,42.25481],[-84.606978,42.254867],[-84.607805,42.25519],[-84.607893,42.255312],[-84.608099,42.255346],[-84.608613,42.255577],[-84.608627,42.255715],[-84.608728,42.255758],[-84.6087,42.255801]],[[-84.584044,42.497783],[-84.58417,42.497781]],[[-84.61109,42.257057],[-84.611019,42.257196]],[[-84.616616,42.259116],[-84.616546,42.259254]],[[-84.621478,42.261009],[-84.621417,42.261105]],[[-84.625812,42.262693],[-84.62571,42.262856]],[[-84.629186,42.263988],[-84.629084,42.264151]],[[-84.635688,42.264294],[-84.635689,42.264198]],[[-84.646535,42.264137],[-84.646536,42.26404]],[[-84.656281,42.264127],[-84.656282,42.264031]],[[-84.660002,42.265236],[-84.660064,42.265332]],[[-84.665667,42.26448],[-84.665729,42.264576]],[[-84.670946,42.263538],[-84.671009,42.263635]],[[-84.672362,42.263258],[-84.672424,42.263354]],[[-84.674415,42.262895],[-84.674478,42.262991]],[[-84.675885,42.262633],[-84.675948,42.262729]],[[-84.680811,42.261672],[-84.680873,42.261768]],[[-84.688864,42.260388],[-84.688927,42.260485]],[[-84.692276,42.259288],[-84.692386,42.259328]],[[-84.696314,42.25786],[-84.696143,42.257765]],[[-84.698165,42.257669],[-84.69814,42.25759]],[[-84.700783,42.256763],[-84.700841,42.256879]],[[-84.704543,42.256207],[-84.704601,42.256323]],[[-84.707931,42.254848],[-84.707989,42.254964]],[[-84.710478,42.254188],[-84.710536,42.254304]],[[-84.716031,42.251734],[-84.715937,42.251571]],[[-84.722638,42.250238],[-84.722714,42.250336]],[[-84.608743,42.255835],[-84.608805,42.255857],[-84.60867,42.25616],[-84.613343,42.257891],[-84.613793,42.257936],[-84.613879,42.258097],[-84.616165,42.258933],[-84.61639,42.258943],[-84.616439,42.259012],[-84.616594,42.259105],[-84.617053,42.259289],[-84.621741,42.261111],[-84.622028,42.261177],[-84.622071,42.261312],[-84.624733,42.262298]],[[-84.608551,42.255735],[-84.608586,42.25575],[-84.608594,42.255781],[-84.608638,42.255797]],[[-84.624839,42.262337],[-84.627497,42.26332],[-84.629988,42.264297],[-84.631091,42.264636],[-84.632187,42.26436],[-84.632811,42.264365],[-84.633218,42.26433],[-84.640381,42.264217],[-84.646306,42.264139],[-84.650568,42.264091],[-84.651474,42.264134],[-84.651564,42.264183],[-84.652089,42.264184],[-84.652326,42.26413],[-84.654121,42.264086],[-84.656794,42.264133],[-84.656836,42.265194],[-84.657306,42.265474],[-84.65904,42.265445]],[[-84.659155,42.265424],[-84.661667,42.264871],[-84.663362,42.264859],[-84.663784,42.265014],[-84.664191,42.265],[-84.664291,42.264841],[-84.665053,42.26467],[-84.665938,42.264392],[-84.666228,42.264368],[-84.667451,42.264155],[-84.668481,42.264064],[-84.668959,42.263909],[-84.670918,42.263548],[-84.6711,42.263467],[-84.671912,42.263338]],[[-84.672026,42.263318],[-84.673208,42.263098],[-84.673215,42.263017],[-84.673784,42.263015],[-84.673843,42.263004]],[[-84.673955,42.262981],[-84.676957,42.262433],[-84.677027,42.26235],[-84.677308,42.262337],[-84.677855,42.262238]],[[-84.677968,42.262213],[-84.678438,42.262121],[-84.678743,42.262008],[-84.679076,42.261991],[-84.681862,42.261475],[-84.682454,42.261362],[-84.682459,42.261303],[-84.68302,42.261242],[-84.684501,42.261158],[-84.686878,42.260755],[-84.68729,42.260744]],[[-84.687407,42.260742],[-84.687475,42.260741],[-84.687649,42.260606],[-84.690636,42.260065],[-84.690675,42.260068]],[[-84.690792,42.260078],[-84.691048,42.260105],[-84.692265,42.260316],[-84.692285,42.259004],[-84.692784,42.258885],[-84.693116,42.258755],[-84.693311,42.258752],[-84.693411,42.258732],[-84.695372,42.258186],[-84.69625,42.258017],[-84.696344,42.257791],[-84.696706,42.25772],[-84.697907,42.25772],[-84.698685,42.257582],[-84.700464,42.257616]],[[-84.700524,42.257606],[-84.70053,42.256837],[-84.701648,42.256513],[-84.701895,42.256475]],[[-84.702012,42.256468],[-84.705207,42.256143],[-84.705356,42.256007],[-84.705548,42.255988],[-84.70628,42.255583],[-84.706769,42.255191],[-84.706918,42.255127]],[[-84.707027,42.255095],[-84.707525,42.254963],[-84.708566,42.254666],[-84.710064,42.254245],[-84.71163,42.254018],[-84.7117,42.253515],[-84.712797,42.253176],[-84.712833,42.252846],[-84.712834,42.252513],[-84.713401,42.252522],[-84.714032,42.25236],[-84.717003,42.251438],[-84.717812,42.251091],[-84.718135,42.251067],[-84.71867,42.25087],[-84.719295,42.250741],[-84.719676,42.251022],[-84.721146,42.250584],[-84.725501,42.249572],[-84.725991,42.249394]]]},"properties":{"id":"fna-member-routes-20260918-3845064e9d624ee94fa7","sourceId":"fna-member-routes-20260918","source":"Fiber Network Alliance member fiber lines","sourceUrl":"https://www.fibernetworkalliance.com/membership-map-line/","name":"WOW-Lansing published routes","carrier":"WOW-Lansing","category":"unknown","routeStatus":"Status not established","evidence":"publisher_route","dataDate":null,"metadataModified":null,"retrievedAt":"2026-09-18T19:56:04.130240+00:00","networkType":"Published fiber route; precision and network class unverified","serviceability":"Unconfirmed","routeDiversity":"Unconfirmed","states":["MI"],"publishedLineParts":70},"bbox":[-84.75078,42.247652,-84.56794,42.497783]},{"type":"Feature","geometry":{"type":"MultiLineString","coordinates":[[[-84.644541,42.564728],[-84.644648,42.564728]],[[-84.74845,42.621608],[-84.748624,42.621616]],[[-84.748475,42.624255],[-84.748653,42.624265]],[[-84.7485,42.625711],[-84.748786,42.625718]],[[-84.748769,42.626836],[-84.748837,42.626837],[-84.748841,42.62666],[-84.748826,42.626454],[-84.748488,42.626367],[-84.74851,42.625185],[-84.748537,42.625185]],[[-84.749892,42.71178],[-84.749907,42.711575]],[[-84.744202,42.70945],[-84.74439,42.709452]],[[-84.744188,42.705175],[-84.744376,42.705177]],[[-84.744231,42.699751],[-84.74442,42.699754]],[[-84.744744,42.695247],[-84.744654,42.695223]],[[-84.745357,42.694171],[-84.745656,42.694191]],[[-84.745391,42.687471],[-84.74569,42.687491]],[[-84.745429,42.683494],[-84.745728,42.683513]],[[-84.744808,42.679883],[-84.744379,42.679904]],[[-84.744078,42.675413],[-84.744223,42.675418]],[[-84.743361,42.671017],[-84.743083,42.671029]],[[-84.743827,42.66712],[-84.744029,42.667126]],[[-84.743881,42.661914],[-84.744083,42.66192]],[[-84.74387,42.655567],[-84.744072,42.655574]],[[-84.743893,42.649472],[-84.744095,42.649478]],[[-84.743184,42.644141],[-84.742978,42.64414]],[[-84.74306,42.637519],[-84.742855,42.637517]],[[-84.742949,42.632639],[-84.742743,42.632637]],[[-84.74356,42.626966],[-84.743659,42.626979]],[[-84.745124,42.626423],[-84.745139,42.626506]],[[-84.624905,42.628036],[-84.624973,42.627959],[-84.625696,42.627929],[-84.625661,42.627086],[-84.625607,42.625279],[-84.626146,42.625275],[-84.626148,42.625181],[-84.627403,42.625173],[-84.62758,42.625256],[-84.628933,42.625296],[-84.630878,42.625278],[-84.630906,42.625079],[-84.630906,42.624784],[-84.633037,42.624754],[-84.635272,42.624745],[-84.636943,42.624735],[-84.637698,42.624741],[-84.639155,42.62474],[-84.63951,42.624811],[-84.640864,42.624767],[-84.642859,42.624762],[-84.646144,42.624764],[-84.648354,42.624769],[-84.648527,42.624769],[-84.648525,42.62436],[-84.649621,42.624366],[-84.649995,42.624264],[-84.652501,42.624251],[-84.654634,42.624249],[-84.656987,42.624248],[-84.661791,42.624246],[-84.664857,42.624219],[-84.66761,42.624246],[-84.669915,42.624253],[-84.672745,42.624274],[-84.674098,42.624275],[-84.676458,42.624268],[-84.678665,42.624273],[-84.685139,42.62424],[-84.685141,42.624644],[-84.686102,42.624642],[-84.68688,42.624686],[-84.687248,42.624644],[-84.687298,42.624712],[-84.688031,42.624701],[-84.68856,42.624665],[-84.688649,42.624682],[-84.690139,42.624663],[-84.692606,42.624549],[-84.69646,42.62463],[-84.698179,42.624624],[-84.698302,42.624746],[-84.698653,42.624753],[-84.698895,42.624669],[-84.699302,42.624665],[-84.701753,42.624653],[-84.70483,42.624641],[-84.708822,42.62463],[-84.709128,42.624644],[-84.709177,42.624697],[-84.709382,42.624697],[-84.709436,42.624649],[-84.710477,42.624613],[-84.71507,42.624591],[-84.7178,42.624585],[-84.71798,42.625142],[-84.719992,42.625139],[-84.72024,42.625059],[-84.720878,42.625053],[-84.721005,42.625124],[-84.723185,42.625124],[-84.723498,42.625447],[-84.724512,42.62544],[-84.725215,42.625143],[-84.728365,42.625178],[-84.731513,42.625225],[-84.73431,42.625251],[-84.735408,42.625236],[-84.735819,42.624725],[-84.738651,42.624718],[-84.742037,42.624718],[-84.743538,42.624662],[-84.744871,42.624693],[-84.745847,42.624726],[-84.746461,42.624676],[-84.747135,42.624684],[-84.747172,42.624722],[-84.747371,42.624722],[-84.747394,42.624687],[-84.748407,42.6247],[-84.748458,42.625057],[-84.748456,42.625155],[-84.748548,42.625155]],[[-84.746497,42.624675],[-84.746502,42.62451]],[[-84.736834,42.624718],[-84.736839,42.624554]],[[-84.727865,42.625172],[-84.727869,42.625262]],[[-84.718329,42.625146],[-84.718335,42.625226]],[[-84.706484,42.624638],[-84.706499,42.624528]],[[-84.695753,42.624615],[-84.695767,42.624505]],[[-84.686391,42.624659],[-84.686406,42.624549]],[[-84.681144,42.624258],[-84.681135,42.62432]],[[-84.6702,42.62426],[-84.670191,42.624322]],[[-84.659576,42.624249],[-84.659566,42.624312]],[[-84.652664,42.624255],[-84.652655,42.624317]],[[-84.648533,42.624702],[-84.648626,42.624709]],[[-84.638657,42.624748],[-84.638599,42.625127]],[[-84.625661,42.626792],[-84.626038,42.626833]],[[-84.670337,42.664857],[-84.670337,42.66476],[-84.670418,42.664674],[-84.670418,42.664662]],[[-84.620139,42.63944],[-84.620172,42.639821]],[[-84.62193,42.639427],[-84.621963,42.639808]],[[-84.645135,42.660236],[-84.644959,42.660229]],[[-84.645636,42.654889],[-84.645813,42.654884]],[[-84.648085,42.647256],[-84.648143,42.647468]],[[-84.650641,42.645896],[-84.650413,42.645825]],[[-84.670151,42.664083],[-84.670361,42.664055]],[[-84.66802,42.662186],[-84.668239,42.662205]],[[-84.665645,42.660978],[-84.665153,42.661064]],[[-84.642584,42.668521],[-84.642596,42.668412]],[[-84.644379,42.66859],[-84.644392,42.668481]],[[-84.646956,42.670172],[-84.647211,42.670189]],[[-84.665169,42.654021],[-84.664995,42.653657]],[[-84.721668,42.635566],[-84.721587,42.635504]],[[-84.722085,42.635453],[-84.722189,42.635844]],[[-84.727611,42.632742],[-84.727673,42.632945]],[[-84.73291,42.629497],[-84.732981,42.629705]],[[-84.739718,42.626099],[-84.739612,42.625948]],[[-84.746248,42.626364],[-84.746261,42.626051]],[[-84.743041,42.637693],[-84.742836,42.637703]],[[-84.74293,42.633035],[-84.742726,42.633044]],[[-84.743534,42.627101],[-84.743633,42.627115]],[[-84.746532,42.626418],[-84.746547,42.626501]],[[-84.743703,42.655699],[-84.743901,42.655717]],[[-84.743885,42.659707],[-84.744083,42.659726]],[[-84.744518,42.67587],[-84.744531,42.67575]],[[-84.743343,42.670857],[-84.743074,42.67086]],[[-84.74335,42.667763],[-84.743081,42.667766]],[[-84.74245,42.669132],[-84.742487,42.669303]],[[-84.743283,42.668052],[-84.743015,42.668055]],[[-84.744269,42.731104],[-84.744459,42.731089]],[[-84.744308,42.725748],[-84.744498,42.725733]],[[-84.744319,42.720893],[-84.744508,42.720878]],[[-84.744273,42.71629],[-84.744462,42.716275]],[[-84.743555,42.710423],[-84.743356,42.710438]],[[-84.739781,42.536102],[-84.739812,42.535911]],[[-84.749149,42.536163],[-84.74918,42.535972]],[[-84.647795,42.565695],[-84.647815,42.565519]],[[-84.661928,42.566153],[-84.661934,42.566299]],[[-84.664745,42.580221],[-84.664841,42.580242]],[[-84.66476,42.576978],[-84.664833,42.576992]],[[-84.664717,42.571887],[-84.664802,42.571899]],[[-84.664643,42.568213],[-84.664766,42.568227]],[[-84.709335,42.624494],[-84.709124,42.624493]],[[-84.709941,42.618587],[-84.710019,42.61869]],[[-84.709309,42.622947],[-84.709098,42.622946]],[[-84.625255,42.60915],[-84.625203,42.60915],[-84.625203,42.609198]],[[-84.625876,42.610098],[-84.626092,42.610111]],[[-84.626233,42.61568],[-84.626448,42.615692]],[[-84.625334,42.621784],[-84.625179,42.621789]],[[-84.625202,42.626799],[-84.625048,42.626804]],[[-84.647729,42.624264],[-84.647878,42.624284]],[[-84.627923,42.625212],[-84.627929,42.625157]],[[-84.637288,42.624686],[-84.637292,42.624638]],[[-84.646406,42.624716],[-84.64642,42.624622]],[[-84.709933,42.618355],[-84.709967,42.618355]],[[-84.709973,42.618399],[-84.70997,42.618582],[-84.709253,42.618681],[-84.709306,42.621235],[-84.709368,42.621334],[-84.709364,42.621697],[-84.709254,42.621752],[-84.709298,42.621946],[-84.709339,42.624517],[-84.709271,42.624588],[-84.709271,42.624622]],[[-84.641846,42.668916],[-84.641846,42.66893],[-84.641929,42.66893],[-84.641939,42.668903],[-84.642017,42.668902]],[[-84.642135,42.668904],[-84.642321,42.668904],[-84.642313,42.668521],[-84.642866,42.668524],[-84.643039,42.668582],[-84.645971,42.668602],[-84.646952,42.669516],[-84.64695,42.670658],[-84.646952,42.671001],[-84.647724,42.670713],[-84.64786,42.670722],[-84.648046,42.670642],[-84.648183,42.670621],[-84.64854,42.670415],[-84.648899,42.670117],[-84.64922,42.66976],[-84.649562,42.669488],[-84.649827,42.669312],[-84.650081,42.669693],[-84.650328,42.669607]]]},"properties":{"id":"fna-member-routes-20260918-783a2b5e7e7517be3208","sourceId":"fna-member-routes-20260918","source":"Fiber Network Alliance member fiber lines","sourceUrl":"https://www.fibernetworkalliance.com/membership-map-line/","name":"WOW-Lansing published routes","carrier":"WOW-Lansing","category":"unknown","routeStatus":"Status not established","evidence":"publisher_route","dataDate":null,"metadataModified":null,"retrievedAt":"2026-09-18T19:56:04.130240+00:00","networkType":"Published fiber route; precision and network class unverified","serviceability":"Unconfirmed","routeDiversity":"Unconfirmed","states":["MI"],"publishedLineParts":100},"bbox":[-84.749907,42.535911,-84.620139,42.731104]},{"type":"Feature","geometry":{"type":"MultiLineString","coordinates":[[[-84.748774,42.626837],[-84.748756,42.626513],[-84.747943,42.626379],[-84.747097,42.626371],[-84.745135,42.626363],[-84.7446,42.626331],[-84.743462,42.626361],[-84.74316,42.626251],[-84.743082,42.6262],[-84.74298,42.626241],[-84.742723,42.626249],[-84.742589,42.626066],[-84.741532,42.626068],[-84.741295,42.626102],[-84.7405,42.62608],[-84.73973,42.626078],[-84.739592,42.626298],[-84.73869,42.626315],[-84.738547,42.626312],[-84.738761,42.625356],[-84.738602,42.625451],[-84.738404,42.625353],[-84.737601,42.625863],[-84.737049,42.626174],[-84.736762,42.626461],[-84.736581,42.626558],[-84.736115,42.626736],[-84.736035,42.626869],[-84.735353,42.627167],[-84.734394,42.627724],[-84.734216,42.627973],[-84.733818,42.628048],[-84.733357,42.628325],[-84.733905,42.62889],[-84.731288,42.63047],[-84.72913,42.631809],[-84.729051,42.632021],[-84.728544,42.632165],[-84.727277,42.632946],[-84.724809,42.634463],[-84.724028,42.634895],[-84.723696,42.634525],[-84.721873,42.63558],[-84.721654,42.635569],[-84.721557,42.635629]],[[-84.721516,42.635662],[-84.721583,42.635725]],[[-84.743713,42.732441],[-84.743649,42.732436]],[[-84.743642,42.732393],[-84.743642,42.732292],[-84.744259,42.732174],[-84.744287,42.728834],[-84.744377,42.728198],[-84.744265,42.72739],[-84.74428,42.726624],[-84.744408,42.726503],[-84.744409,42.726183],[-84.744303,42.726125],[-84.744312,42.724278],[-84.744271,42.723006],[-84.744311,42.722942],[-84.744317,42.719007],[-84.744268,42.716232],[-84.744347,42.715774],[-84.743885,42.715478],[-84.743881,42.711287],[-84.743573,42.711282],[-84.743537,42.709286],[-84.743532,42.709117]],[[-84.736551,42.538179],[-84.736541,42.538147]],[[-84.664607,42.580261],[-84.664579,42.580227]],[[-84.664639,42.580223],[-84.664746,42.580223],[-84.664753,42.579726],[-84.66463,42.579579],[-84.664631,42.57929],[-84.664762,42.579211],[-84.664759,42.577381],[-84.664745,42.573679],[-84.664686,42.570604],[-84.66465,42.569615],[-84.664638,42.567905],[-84.664541,42.567787],[-84.66454,42.567688],[-84.664575,42.567611],[-84.664574,42.567501]],[[-84.645204,42.661272],[-84.645152,42.661272]],[[-84.645144,42.661227],[-84.645134,42.658719],[-84.645599,42.658513],[-84.645635,42.657534],[-84.645765,42.657142],[-84.645728,42.656796],[-84.645729,42.656542],[-84.64569,42.656499],[-84.645703,42.655739],[-84.645628,42.65562],[-84.645633,42.65206],[-84.645556,42.651935],[-84.645533,42.65128],[-84.645589,42.65122],[-84.645601,42.65007],[-84.6457,42.649956],[-84.645699,42.649764],[-84.64555,42.64966],[-84.645536,42.647849],[-84.645567,42.647687],[-84.645691,42.647507],[-84.646009,42.647217],[-84.647063,42.647209],[-84.647131,42.647255],[-84.648527,42.647251],[-84.648668,42.646747],[-84.648786,42.646746],[-84.649051,42.646743],[-84.649725,42.646751],[-84.649988,42.646547],[-84.650182,42.646516],[-84.650207,42.646414],[-84.650272,42.646409],[-84.650607,42.646171],[-84.650635,42.646152],[-84.650649,42.645817],[-84.650714,42.64574],[-84.650839,42.645703],[-84.651039,42.645758],[-84.651627,42.645296],[-84.651914,42.645529],[-84.652285,42.645248],[-84.652459,42.64538],[-84.652538,42.645325],[-84.65261,42.645319],[-84.652742,42.645235]],[[-84.625204,42.609285],[-84.625204,42.60933],[-84.625861,42.609403],[-84.625881,42.610741],[-84.626206,42.61152],[-84.626196,42.614041],[-84.62623,42.614185],[-84.626226,42.616507],[-84.626206,42.617516],[-84.625279,42.617522],[-84.625306,42.620898],[-84.625382,42.623291],[-84.625448,42.624681],[-84.625091,42.624808],[-84.625098,42.625003],[-84.625203,42.625099],[-84.625208,42.625475],[-84.625181,42.625866],[-84.625215,42.627115],[-84.62525,42.627869],[-84.624917,42.627882],[-84.624812,42.628009]],[[-84.756576,42.675843],[-84.756397,42.675842],[-84.756052,42.67642],[-84.754548,42.676435],[-84.754342,42.676402],[-84.748949,42.676404],[-84.744914,42.67636],[-84.74474,42.675879],[-84.744056,42.675861],[-84.744046,42.67495],[-84.743928,42.674779],[-84.743924,42.674691],[-84.744052,42.674648],[-84.744041,42.67359],[-84.743424,42.673174],[-84.743279,42.67276],[-84.743279,42.672157],[-84.743336,42.672053],[-84.743344,42.670039],[-84.743353,42.667236]],[[-84.740997,42.669227],[-84.740999,42.669292]],[[-84.619368,42.639842],[-84.619368,42.639881]],[[-84.619427,42.639885],[-84.619615,42.639883],[-84.619613,42.639441],[-84.625055,42.639409],[-84.625088,42.639401]],[[-84.670416,42.664574],[-84.670414,42.66425],[-84.670134,42.664074],[-84.669927,42.663853],[-84.669565,42.663707],[-84.669116,42.663583],[-84.668775,42.663478],[-84.66854,42.663365],[-84.668382,42.662999],[-84.668278,42.662862],[-84.668028,42.662737],[-84.668015,42.661736],[-84.667595,42.661731],[-84.666119,42.661724],[-84.665874,42.661505],[-84.665616,42.661374],[-84.665618,42.661219],[-84.665648,42.661066],[-84.665645,42.66084]],[[-84.665046,42.65408],[-84.665043,42.654024]],[[-84.665102,42.654021],[-84.665183,42.654022],[-84.665325,42.654279],[-84.665527,42.654282],[-84.665558,42.65439]],[[-84.741054,42.669298],[-84.741458,42.669292],[-84.741508,42.66913],[-84.743157,42.669134],[-84.743159,42.668795],[-84.743274,42.668759],[-84.743289,42.667237]],[[-84.748719,42.626838],[-84.748698,42.626548],[-84.747933,42.626423],[-84.747093,42.626419],[-84.74513,42.626406],[-84.744568,42.626375],[-84.743527,42.626403],[-84.74353,42.627551],[-84.743108,42.627613],[-84.743115,42.628581],[-84.742964,42.628582],[-84.742969,42.628993],[-84.742919,42.629031],[-84.742925,42.631234],[-84.742934,42.634669],[-84.742871,42.634805],[-84.742869,42.635005],[-84.743007,42.63516],[-84.743061,42.639275],[-84.742701,42.639437],[-84.742703,42.639538]],[[-84.742707,42.639582],[-84.742757,42.639581],[-84.742796,42.639559],[-84.742826,42.639559]],[[-84.644659,42.564772],[-84.644678,42.56572],[-84.650228,42.565685],[-84.650782,42.565578],[-84.652747,42.56556],[-84.6534,42.566192],[-84.654349,42.56623],[-84.658389,42.566201],[-84.658504,42.566147],[-84.660149,42.566158],[-84.664045,42.566144],[-84.664067,42.567498],[-84.664515,42.567494]],[[-84.647607,42.623694],[-84.64771,42.623695],[-84.647731,42.62472],[-84.646144,42.624717],[-84.642859,42.624715],[-84.640863,42.62472],[-84.639517,42.624764],[-84.639164,42.624693],[-84.637699,42.624694],[-84.636943,42.624687],[-84.635272,42.624698],[-84.633036,42.624707],[-84.630829,42.624738],[-84.630829,42.62508],[-84.630809,42.625221],[-84.628928,42.625238],[-84.627605,42.625205],[-84.627418,42.625126],[-84.626085,42.625134],[-84.626083,42.625228],[-84.625542,42.625233],[-84.625597,42.627087],[-84.62563,42.627884],[-84.624938,42.627913],[-84.624851,42.62801]],[[-84.647551,42.623803],[-84.647549,42.623695]],[[-84.501598,42.522588],[-84.501601,42.522699]],[[-84.589934,42.507219],[-84.589937,42.507082]],[[-84.585846,42.5072],[-84.585848,42.507062]],[[-84.584453,42.50048],[-84.584624,42.500481]],[[-84.584031,42.505447],[-84.584202,42.505448]],[[-84.534675,42.511419],[-84.53465,42.511322]],[[-84.525727,42.512856],[-84.525689,42.512675]],[[-84.523727,42.51573],[-84.52351,42.51573]],[[-84.523813,42.520852],[-84.523596,42.520852]],[[-84.523666,42.523701],[-84.523769,42.523992]],[[-84.510982,42.578793],[-84.510872,42.578806]],[[-84.517289,42.581669],[-84.517284,42.581598]],[[-84.522907,42.581203],[-84.522903,42.581132]],[[-84.524447,42.57361],[-84.52424,42.573514]],[[-84.52383,42.577672],[-84.523623,42.577576]],[[-84.52522,42.580833],[-84.525013,42.580737]],[[-84.612626,42.551327],[-84.612603,42.551185]],[[-84.605943,42.551398],[-84.605919,42.551256]],[[-84.60419,42.555732],[-84.60402,42.555737]],[[-84.604221,42.560526],[-84.604052,42.560532]],[[-84.604027,42.564452],[-84.603857,42.564457]],[[-84.596744,42.581077],[-84.596745,42.581025]],[[-84.600894,42.581091],[-84.600907,42.581229]],[[-84.603083,42.577313],[-84.602934,42.577307]],[[-84.604052,42.572493],[-84.603904,42.572487]],[[-84.604342,42.567885],[-84.604194,42.567879]],[[-84.511765,42.577402],[-84.511812,42.577402],[-84.511814,42.577232],[-84.511714,42.577206],[-84.511705,42.577206]],[[-84.511587,42.577206],[-84.511088,42.577205],[-84.511089,42.577471],[-84.510906,42.577531],[-84.510903,42.578155],[-84.510935,42.578535],[-84.511001,42.57886],[-84.511329,42.579289],[-84.51164,42.579406],[-84.511925,42.579785],[-84.512031,42.579948],[-84.512067,42.580088],[-84.512069,42.580725],[-84.512597,42.580736],[-84.512606,42.581284],[-84.514662,42.581281],[-84.516813,42.581671],[-84.51829,42.581659],[-84.519686,42.581213],[-84.52539,42.581204]],[[-84.53756,42.510374],[-84.537577,42.510065],[-84.537533,42.509982]],[[-84.523809,42.522042],[-84.5237,42.512923],[-84.52864,42.512769],[-84.528744,42.513432],[-84.528953,42.51342],[-84.530164,42.51322],[-84.531373,42.512722],[-84.53164,42.513099],[-84.533521,42.512426],[-84.533538,42.511828],[-84.535439,42.511148],[-84.536169,42.51112],[-84.536433,42.510884],[-84.537455,42.510475],[-84.537461,42.510431],[-84.537519,42.510406]],[[-84.585267,42.507179],[-84.584168,42.507181],[-84.584157,42.506585],[-84.58406,42.506409],[-84.583972,42.503824],[-84.584457,42.500818],[-84.584403,42.498692],[-84.584205,42.497949],[-84.58419,42.497822]],[[-84.594629,42.58089],[-84.594703,42.580889],[-84.594807,42.581075],[-84.594883,42.581073]],[[-84.595001,42.581071],[-84.595024,42.58107],[-84.595092,42.58111],[-84.595993,42.581096],[-84.597272,42.58107],[-84.597454,42.581169],[-84.598943,42.581161],[-84.599014,42.581097],[-84.601217,42.581083],[-84.603089,42.581161],[-84.603235,42.580611],[-84.603469,42.580621],[-84.603632,42.580302],[-84.603713,42.579925],[-84.603704,42.579437],[-84.603681,42.579129],[-84.603081,42.579136],[-84.603084,42.577118],[-84.603783,42.574865],[-84.604024,42.573871],[-84.604153,42.568616],[-84.604342,42.568081],[-84.604336,42.567472],[-84.604015,42.567475],[-84.603994,42.566604]],[[-84.604021,42.566516],[-84.604022,42.56518],[-84.604032,42.5641],[-84.604033,42.562487],[-84.604246,42.561676],[-84.604287,42.561549],[-84.604288,42.561061],[-84.60423,42.560831],[-84.604215,42.558881],[-84.604189,42.556399],[-84.60419,42.553286],[-84.604206,42.552079],[-84.60539,42.55182],[-84.605784,42.551404],[-84.607696,42.551363],[-84.610696,42.551337],[-84.613377,42.551321],[-84.615479,42.551264],[-84.615591,42.55161],[-84.615892,42.551606]],[[-84.61601,42.551602],[-84.616123,42.551597],[-84.616117,42.551484],[-84.615998,42.551488]],[[-84.585385,42.507199],[-84.588067,42.507206],[-84.591066,42.507233],[-84.591504,42.507199],[-84.591511,42.507235]],[[-84.591527,42.507321],[-84.591539,42.507392],[-84.59151,42.507475],[-84.59149,42.507475]],[[-84.523138,42.524008],[-84.523226,42.524005]],[[-84.523241,42.524004],[-84.523291,42.524004],[-84.52329,42.523706],[-84.523862,42.523698],[-84.523846,42.522497],[-84.523796,42.522315],[-84.523865,42.522065]],[[-84.52539,42.581161],[-84.525295,42.581161],[-84.525211,42.580801],[-84.525202,42.579237],[-84.52482,42.579045],[-84.523832,42.579011],[-84.523824,42.577416],[-84.524352,42.577118],[-84.52434,42.575399],[-84.52445,42.575326],[-84.524357,42.575267],[-84.524338,42.573688],[-84.524945,42.573243],[-84.525175,42.573242]],[[-84.525231,42.57325],[-84.525231,42.573374]],[[-84.748768,42.626856],[-84.748863,42.626857],[-84.748867,42.626659],[-84.748851,42.626439],[-84.748515,42.626354],[-84.748536,42.6252]],[[-84.652575,42.644955],[-84.652631,42.64491],[-84.652704,42.644896],[-84.652895,42.645048],[-84.652735,42.645163],[-84.65278,42.645199]],[[-84.584742,42.639477],[-84.584707,42.639328]],[[-84.592102,42.639457],[-84.592068,42.639308]],[[-84.603603,42.639424],[-84.603568,42.639275]],[[-84.61494,42.639384],[-84.614905,42.639235]],[[-84.622691,42.639388],[-84.622657,42.639239]],[[-84.665377,42.659414],[-84.665083,42.659401]],[[-84.665578,42.656498],[-84.665042,42.656477]],[[-84.649789,42.669114],[-84.649598,42.669067]],[[-84.650203,42.665531],[-84.650012,42.665485]],[[-84.651451,42.660784],[-84.65126,42.660737]],[[-84.652418,42.656711],[-84.652227,42.656665]],[[-84.660456,42.65447],[-84.660482,42.654623]],[[-84.665599,42.653306],[-84.665062,42.653284]],[[-84.665527,42.651054],[-84.664991,42.651032]],[[-84.666067,42.64835],[-84.666361,42.648451]],[[-84.661153,42.647165],[-84.661211,42.647382]],[[-84.656541,42.644436],[-84.65671,42.64423]],[[-84.653668,42.64378],[-84.653537,42.643584]],[[-84.650306,42.643438],[-84.650558,42.643265]],[[-84.644473,42.640854],[-84.644438,42.640705]],[[-84.638049,42.6393],[-84.638014,42.639151]],[[-84.627634,42.639364],[-84.627599,42.639215]],[[-84.625427,42.638284],[-84.625202,42.638329]],[[-84.625376,42.633153],[-84.625151,42.633198]],[[-84.625423,42.629117],[-84.625198,42.629163]],[[-84.744145,42.708274],[-84.744365,42.708278]],[[-84.744187,42.709992],[-84.744406,42.709996]],[[-84.744162,42.705049],[-84.744381,42.705053]],[[-84.744194,42.699651],[-84.744413,42.699654]],[[-84.744728,42.695143],[-84.744566,42.695035]],[[-84.745322,42.694424],[-84.745647,42.694446]],[[-84.745364,42.68732],[-84.745689,42.687343]],[[-84.7454,42.683619],[-84.745725,42.683642]],[[-84.744795,42.679939],[-84.744387,42.679966]]]},"properties":{"id":"fna-member-routes-20260918-7a76a32d32ab1dde5247","sourceId":"fna-member-routes-20260918","source":"Fiber Network Alliance member fiber lines","sourceUrl":"https://www.fibernetworkalliance.com/membership-map-line/","name":"WOW-Lansing published routes","carrier":"WOW-Lansing","category":"unknown","routeStatus":"Status not established","evidence":"publisher_route","dataDate":null,"metadataModified":null,"retrievedAt":"2026-09-18T19:56:04.130240+00:00","networkType":"Published fiber route; precision and network class unverified","serviceability":"Unconfirmed","routeDiversity":"Unconfirmed","states":["MI"],"publishedLineParts":100},"bbox":[-84.756576,42.497822,-84.501598,42.732441]},{"type":"Feature","geometry":{"type":"MultiLineString","coordinates":[[[-84.744774,42.678101],[-84.744367,42.678127]],[[-84.744022,42.675635],[-84.743468,42.675666]],[[-84.74331,42.670674],[-84.743008,42.670672]],[[-84.743317,42.66838],[-84.743015,42.668378]],[[-84.743889,42.666769],[-84.744081,42.666785]],[[-84.743869,42.662823],[-84.744061,42.662839]],[[-84.743385,42.65801],[-84.743122,42.65823]],[[-84.74336,42.655863],[-84.743095,42.655761]],[[-84.743845,42.649612],[-84.744088,42.649621]],[[-84.743037,42.643874],[-84.742879,42.643877]],[[-84.743009,42.637824],[-84.742851,42.637827]],[[-84.742898,42.632829],[-84.74274,42.632831]],[[-84.743075,42.627652],[-84.742917,42.627654]],[[-84.747454,42.626397],[-84.747449,42.626511]],[[-84.664654,42.566333],[-84.664753,42.566345]],[[-84.671118,42.565613],[-84.671111,42.565449]],[[-84.683002,42.565613],[-84.682994,42.565449]],[[-84.692829,42.565618],[-84.692821,42.565455]],[[-84.704757,42.565713],[-84.704749,42.565549]],[[-84.716097,42.565788],[-84.716089,42.565624]],[[-84.727538,42.565959],[-84.72753,42.565795]],[[-84.737989,42.565973],[-84.737982,42.56581]],[[-84.748426,42.621514],[-84.748604,42.621527]],[[-84.748455,42.624329],[-84.748633,42.624342]],[[-84.748559,42.625875],[-84.748813,42.625875]],[[-84.742843,42.616009],[-84.742589,42.615996]],[[-84.74314,42.620275],[-84.743278,42.620287]],[[-84.747243,42.623013],[-84.747381,42.623025]],[[-84.747255,42.624385],[-84.747393,42.624397]],[[-84.709395,42.626392],[-84.709186,42.626374]],[[-84.674966,42.600785],[-84.675131,42.600785]],[[-84.675395,42.601283],[-84.675671,42.601308]],[[-84.676206,42.60262],[-84.676262,42.602397]],[[-84.685512,42.604332],[-84.685673,42.604338]],[[-84.685134,42.610626],[-84.685295,42.610632]],[[-84.685163,42.615824],[-84.685324,42.615829]],[[-84.685209,42.621668],[-84.68537,42.621674]],[[-84.748524,42.625392],[-84.748029,42.625363]],[[-84.743843,42.624643],[-84.743876,42.624494]],[[-84.737473,42.624696],[-84.737507,42.624548]],[[-84.728478,42.625165],[-84.728447,42.625321]],[[-84.71581,42.624567],[-84.715836,42.624456]],[[-84.705502,42.624618],[-84.705529,42.624507]],[[-84.690324,42.624631],[-84.690351,42.62452]],[[-84.685774,42.624619],[-84.6858,42.624508]],[[-84.681986,42.624239],[-84.681976,42.624301]],[[-84.670832,42.624246],[-84.670823,42.624309]],[[-84.660701,42.62423],[-84.660691,42.624292]],[[-84.653225,42.624237],[-84.653215,42.624299]],[[-84.646414,42.62475],[-84.646405,42.624812]],[[-84.638134,42.624726],[-84.638076,42.625104]],[[-84.625636,42.626918],[-84.626013,42.626959]],[[-84.743362,42.613951],[-84.743421,42.613951]],[[-84.748744,42.626838],[-84.748727,42.626531],[-84.74794,42.626401],[-84.747097,42.626393],[-84.745133,42.626385],[-84.744599,42.626353],[-84.743496,42.626383],[-84.7435,42.627533],[-84.743078,42.627595],[-84.743084,42.628559],[-84.742934,42.628559],[-84.742939,42.628984],[-84.742889,42.629022],[-84.742895,42.631234],[-84.742904,42.634665],[-84.742841,42.634801],[-84.742839,42.635011],[-84.742977,42.635166],[-84.743031,42.639262],[-84.742645,42.639437],[-84.742644,42.639771],[-84.743036,42.639891],[-84.743048,42.641367],[-84.742985,42.641976],[-84.742983,42.642253],[-84.742848,42.642452],[-84.742851,42.643474],[-84.742962,42.643587],[-84.743023,42.643834],[-84.743232,42.644422],[-84.743661,42.644575],[-84.743659,42.644941],[-84.743746,42.645023],[-84.743724,42.645942],[-84.743721,42.646487],[-84.743609,42.646637],[-84.743624,42.646995],[-84.743801,42.647565],[-84.743824,42.648677],[-84.74387,42.651064],[-84.743872,42.652363],[-84.743836,42.653422],[-84.743684,42.653531],[-84.74365,42.654415],[-84.744046,42.65532],[-84.743643,42.655715],[-84.743339,42.655877],[-84.743363,42.657984],[-84.743822,42.658427],[-84.743852,42.659849],[-84.744175,42.660044],[-84.74416,42.660704],[-84.743857,42.660916],[-84.743839,42.661514]],[[-84.743841,42.661601],[-84.743842,42.661721],[-84.743868,42.66262],[-84.74387,42.663217],[-84.743898,42.664424],[-84.743903,42.665137],[-84.743914,42.666032],[-84.743923,42.666621],[-84.743798,42.667112],[-84.743324,42.667116],[-84.743324,42.667149]],[[-84.583434,42.639482],[-84.604627,42.639418],[-84.61424,42.639414],[-84.614505,42.639318],[-84.61469,42.639318],[-84.615038,42.639411],[-84.615195,42.639334],[-84.615754,42.639333],[-84.615811,42.639427],[-84.625088,42.639377]],[[-84.665644,42.660753],[-84.665639,42.659837],[-84.665383,42.659577],[-84.665378,42.659234],[-84.665381,42.658498],[-84.665511,42.658438],[-84.665515,42.658168],[-84.66561,42.657956],[-84.665591,42.657432],[-84.665581,42.656617],[-84.665585,42.655303],[-84.665585,42.654477]],[[-84.650322,42.669516],[-84.650367,42.669566]],[[-84.650312,42.669586],[-84.650107,42.669658],[-84.64979,42.66918],[-84.649845,42.668429],[-84.650168,42.667806],[-84.651003,42.667256],[-84.650251,42.666489],[-84.650155,42.665825],[-84.650251,42.665244],[-84.65101,42.663711],[-84.651398,42.663061],[-84.651716,42.662702],[-84.651289,42.662269],[-84.651291,42.662058],[-84.651334,42.66194],[-84.651324,42.661194],[-84.651612,42.660267],[-84.652334,42.657633],[-84.652445,42.656455],[-84.653673,42.656219],[-84.654126,42.655673],[-84.654152,42.655312],[-84.655038,42.65537],[-84.656059,42.654475],[-84.664056,42.654462],[-84.665581,42.654435]],[[-84.665586,42.65439],[-84.665603,42.653123],[-84.665604,42.652265],[-84.665507,42.651499],[-84.665609,42.651334],[-84.665507,42.650967],[-84.665562,42.650587],[-84.665673,42.649724],[-84.665676,42.64966],[-84.665643,42.649541],[-84.665789,42.648607],[-84.666062,42.648351],[-84.666052,42.647846],[-84.666085,42.647795],[-84.666082,42.647145],[-84.665185,42.64715],[-84.665113,42.647117],[-84.662083,42.647151],[-84.661112,42.647158],[-84.660398,42.647144],[-84.660099,42.64676],[-84.659743,42.646733],[-84.659512,42.646586],[-84.659405,42.646388],[-84.659025,42.646271],[-84.65828,42.645715],[-84.658211,42.645715],[-84.658114,42.645706],[-84.657787,42.645336],[-84.656606,42.644485],[-84.656137,42.644156],[-84.65471,42.643062],[-84.654437,42.64319],[-84.65431,42.643288],[-84.653977,42.643557],[-84.653697,42.643762],[-84.65284,42.644412],[-84.653032,42.644703],[-84.652867,42.644821],[-84.653198,42.645084],[-84.65315,42.645114],[-84.652838,42.64524],[-84.652788,42.645208]],[[-84.65283,42.645178],[-84.653043,42.645039],[-84.652616,42.644699],[-84.651673,42.644502],[-84.64988,42.643112],[-84.649502,42.642846],[-84.649227,42.642674],[-84.647589,42.642033],[-84.646944,42.641835],[-84.646267,42.641611],[-84.645526,42.641286],[-84.645329,42.641124],[-84.644808,42.640936],[-84.64461,42.640903],[-84.642317,42.64004],[-84.640557,42.639386],[-84.639483,42.639299],[-84.639005,42.639293],[-84.634435,42.639339],[-84.625207,42.639375]],[[-84.625149,42.639371],[-84.625298,42.638979],[-84.62538,42.638702],[-84.625439,42.638224],[-84.625464,42.637762],[-84.625483,42.637172],[-84.625365,42.637082],[-84.625361,42.636658],[-84.625493,42.636632],[-84.625458,42.635451],[-84.625435,42.634281],[-84.625365,42.633992],[-84.625409,42.633894],[-84.625392,42.633452],[-84.625285,42.631462],[-84.625645,42.631318],[-84.625634,42.630503],[-84.625606,42.629258],[-84.62531,42.629023],[-84.625282,42.628376],[-84.624874,42.628197]],[[-84.743648,42.709073],[-84.74357,42.709073]],[[-84.743559,42.70903],[-84.743556,42.708837],[-84.744148,42.708708],[-84.744164,42.706834],[-84.744155,42.704701],[-84.744118,42.704257],[-84.744236,42.70413],[-84.744235,42.704015],[-84.74417,42.703978],[-84.744166,42.703718],[-84.744248,42.701239],[-84.744221,42.700613],[-84.744208,42.699803],[-84.744148,42.699307],[-84.7442,42.699086],[-84.744152,42.698235],[-84.744227,42.697634],[-84.744372,42.697268],[-84.744522,42.697205],[-84.744751,42.694924],[-84.745331,42.694919],[-84.745329,42.693836],[-84.745412,42.69362],[-84.745332,42.693381],[-84.745315,42.691793],[-84.745308,42.689811],[-84.745306,42.688532],[-84.745618,42.688455],[-84.745602,42.688052],[-84.745366,42.687831],[-84.745354,42.685913],[-84.745403,42.68552],[-84.745398,42.682643],[-84.745026,42.682542],[-84.744903,42.68193],[-84.74486,42.680198],[-84.744782,42.680032],[-84.74478,42.679617],[-84.744767,42.677007],[-84.744766,42.676361],[-84.744397,42.676362],[-84.744352,42.675893],[-84.744027,42.675882],[-84.744016,42.674956],[-84.743898,42.674784],[-84.743893,42.674677],[-84.744022,42.674634],[-84.744011,42.6736],[-84.743397,42.673186],[-84.743249,42.672763],[-84.743249,42.672153],[-84.743306,42.672048],[-84.743314,42.670039],[-84.743323,42.667236]],[[-84.664633,42.567493],[-84.664661,42.567493],[-84.664646,42.565627],[-84.668046,42.565626],[-84.668782,42.565614],[-84.669667,42.565637],[-84.67152,42.5656],[-84.672311,42.565575],[-84.675071,42.565605],[-84.682679,42.565604],[-84.683894,42.565637],[-84.691133,42.565605],[-84.70557,42.565723],[-84.712253,42.565755],[-84.715966,42.56579],[-84.719965,42.565842],[-84.723207,42.56599],[-84.725394,42.566003],[-84.727496,42.565957],[-84.733247,42.565982],[-84.742268,42.565974],[-84.742294,42.565954],[-84.742997,42.565956],[-84.744683,42.565934],[-84.745398,42.565901],[-84.747342,42.565931],[-84.749055,42.565939],[-84.751865,42.565918],[-84.755484,42.565917],[-84.75841,42.565915],[-84.760299,42.565903],[-84.760938,42.565941],[-84.762499,42.565936],[-84.762527,42.566105],[-84.762666,42.566103],[-84.762677,42.567478]],[[-84.748754,42.626882],[-84.748891,42.626882],[-84.748898,42.626646],[-84.748881,42.626424],[-84.748547,42.626338],[-84.748565,42.6252]],[[-84.748533,42.625113],[-84.748532,42.62509],[-84.748485,42.625063],[-84.748485,42.625056],[-84.748431,42.624681],[-84.747311,42.624667]],[[-84.743426,42.613996],[-84.743427,42.614128],[-84.74287,42.614418],[-84.742821,42.61795],[-84.743135,42.618318],[-84.743136,42.619676],[-84.743138,42.620818],[-84.743131,42.62139],[-84.743292,42.621356],[-84.744008,42.621181],[-84.744547,42.621043],[-84.744637,42.621203],[-84.745292,42.621],[-84.745429,42.621132],[-84.746369,42.620578],[-84.746755,42.620953],[-84.746967,42.620998],[-84.747116,42.621162],[-84.74725,42.621215],[-84.747249,42.621314],[-84.747188,42.621323],[-84.747179,42.621695],[-84.747234,42.621696],[-84.747235,42.622824],[-84.747252,42.624662]],[[-84.748593,42.626902],[-84.748672,42.626903],[-84.748745,42.626881]],[[-84.747193,42.624665],[-84.746459,42.624656],[-84.745846,42.624706],[-84.744872,42.624673],[-84.743538,42.624643],[-84.742037,42.624699],[-84.738651,42.624699],[-84.735804,42.624705],[-84.735393,42.625217],[-84.73431,42.625232],[-84.731513,42.625205],[-84.728366,42.625159],[-84.725208,42.625123],[-84.724505,42.62542],[-84.723512,42.625427],[-84.723198,42.625105],[-84.721014,42.625105],[-84.720887,42.625034],[-84.720235,42.625039],[-84.719987,42.625119],[-84.718001,42.625122],[-84.717821,42.624565],[-84.71507,42.624572],[-84.710476,42.624593],[-84.70933,42.62463]],[[-84.708123,42.627495],[-84.708093,42.627383]],[[-84.70815,42.627373],[-84.708227,42.627362],[-84.708491,42.627377],[-84.709059,42.627263],[-84.709554,42.627146],[-84.709543,42.626638],[-84.709401,42.62654],[-84.709396,42.625699],[-84.709329,42.624728],[-84.709272,42.624673],[-84.709272,42.624639]],[[-84.685162,42.624221],[-84.678665,42.624254],[-84.676458,42.624248],[-84.674098,42.624255],[-84.672745,42.624255],[-84.669915,42.624234],[-84.66761,42.624227],[-84.664857,42.6242],[-84.661791,42.624226],[-84.656987,42.624228],[-84.654634,42.624229],[-84.652501,42.624232],[-84.64999,42.624244],[-84.649616,42.624347],[-84.648499,42.62434],[-84.648501,42.624749],[-84.648354,42.624749],[-84.646144,42.624744],[-84.642859,42.624743],[-84.640864,42.624748],[-84.639513,42.624792],[-84.639159,42.624721],[-84.637699,42.624722],[-84.636943,42.624715],[-84.635272,42.624725],[-84.633036,42.624734],[-84.63088,42.624765],[-84.630879,42.625078],[-84.630854,42.625259],[-84.628933,42.625277],[-84.627588,42.625237],[-84.627411,42.625154],[-84.626122,42.625161],[-84.62612,42.625256],[-84.62558,42.62526],[-84.625635,42.627086],[-84.625669,42.627911],[-84.624959,42.62794],[-84.624883,42.628025]],[[-84.675249,42.600785],[-84.675386,42.600786],[-84.675393,42.601595],[-84.674859,42.601808],[-84.674861,42.60193],[-84.674966,42.601985],[-84.674989,42.602627],[-84.67712,42.602616],[-84.682157,42.602622],[-84.684577,42.602634],[-84.685592,42.602876],[-84.68559,42.603403],[-84.685465,42.604781],[-84.685433,42.605517],[-84.685376,42.606328],[-84.685497,42.606519],[-84.685482,42.606875],[-84.685343,42.607366],[-84.685215,42.609354],[-84.685141,42.610032],[-84.685132,42.610373],[-84.68512,42.611048],[-84.685136,42.613201],[-84.685224,42.613753],[-84.685226,42.614035],[-84.685146,42.614279],[-84.685185,42.618625],[-84.685217,42.622867],[-84.685221,42.62422],[-84.685222,42.624624],[-84.686103,42.624623],[-84.68688,42.624666],[-84.687259,42.624626],[-84.687312,42.624692],[-84.688037,42.624682],[-84.688551,42.624644],[-84.688652,42.624662],[-84.690138,42.624644],[-84.692605,42.62453],[-84.69646,42.624611],[-84.698193,42.624605],[-84.698322,42.624727],[-84.698652,42.62473],[-84.698889,42.624649],[-84.699302,42.624645],[-84.701753,42.624634],[-84.70483,42.624621],[-84.708823,42.624611],[-84.709211,42.624629]],[[-84.506924,42.522521],[-84.506926,42.522632]],[[-84.512739,42.522498],[-84.512741,42.522609]],[[-84.52029,42.522471],[-84.520293,42.522582]],[[-84.58468,42.507201],[-84.584675,42.507074]],[[-84.579052,42.507185],[-84.579046,42.507048]],[[-84.570412,42.507191],[-84.570407,42.507053]],[[-84.564672,42.507225],[-84.564667,42.507087]],[[-84.564239,42.508264],[-84.564481,42.508268]],[[-84.562317,42.50833],[-84.562347,42.508472]],[[-84.555652,42.507767],[-84.555683,42.50791]],[[-84.541126,42.508235],[-84.540831,42.507952]],[[-84.546301,42.507774],[-84.546332,42.507916]],[[-84.535728,42.511158],[-84.535759,42.5113]],[[-84.526366,42.512856],[-84.526313,42.512652]],[[-84.523762,42.515845],[-84.523526,42.515855]],[[-84.52382,42.520978],[-84.523583,42.520988]],[[-84.522655,42.523725],[-84.522602,42.52352]],[[-84.521587,42.528241],[-84.521396,42.528236]],[[-84.523386,42.532665],[-84.523195,42.53266]],[[-84.523183,42.53938],[-84.522993,42.539375]],[[-84.523251,42.544064],[-84.523061,42.544059]],[[-84.523332,42.550707],[-84.523142,42.550702]],[[-84.546738,42.565919],[-84.54676,42.565784]],[[-84.54479,42.560961],[-84.544931,42.560967]],[[-84.544734,42.555438],[-84.544875,42.555444]],[[-84.543981,42.55129],[-84.54398,42.551156]]]},"properties":{"id":"fna-member-routes-20260918-c95181b62795d2877a3f","sourceId":"fna-member-routes-20260918","source":"Fiber Network Alliance member fiber lines","sourceUrl":"https://www.fibernetworkalliance.com/membership-map-line/","name":"WOW-Lansing published routes","carrier":"WOW-Lansing","category":"unknown","routeStatus":"Status not established","evidence":"publisher_route","dataDate":null,"metadataModified":null,"retrievedAt":"2026-09-18T19:56:04.130240+00:00","networkType":"Published fiber route; precision and network class unverified","serviceability":"Unconfirmed","routeDiversity":"Unconfirmed","states":["MI"],"publishedLineParts":100},"bbox":[-84.762677,42.507048,-84.506924,42.709073]},{"type":"Feature","geometry":{"type":"MultiLineString","coordinates":[[[-84.535306,42.550836],[-84.535305,42.550702]],[[-84.528495,42.551856],[-84.528489,42.551983]],[[-84.524837,42.552397],[-84.525012,42.552404]],[[-84.524771,42.555769],[-84.524946,42.555776]],[[-84.524031,42.560793],[-84.523848,42.560798]],[[-84.524254,42.565904],[-84.524071,42.565909]],[[-84.523591,42.57147],[-84.523408,42.571475]],[[-84.523885,42.577354],[-84.523708,42.577269]],[[-84.525177,42.580665],[-84.525001,42.58058]],[[-84.604365,42.567718],[-84.604217,42.567711]],[[-84.604089,42.572021],[-84.603941,42.572014]],[[-84.603104,42.577464],[-84.602956,42.577457]],[[-84.601668,42.581131],[-84.601662,42.581276]],[[-84.592835,42.581156],[-84.592829,42.581301]],[[-84.582799,42.581161],[-84.582793,42.581306]],[[-84.569897,42.581132],[-84.569891,42.581277]],[[-84.558889,42.581238],[-84.558883,42.581384]],[[-84.547669,42.581143],[-84.547663,42.581288]],[[-84.534891,42.58118],[-84.534885,42.581325]],[[-84.528063,42.581173],[-84.528057,42.581318]],[[-84.523529,42.58123],[-84.523523,42.581375]],[[-84.511512,42.581335],[-84.511506,42.58148]],[[-84.502964,42.581664],[-84.502958,42.581809]],[[-84.523835,42.522042],[-84.523726,42.512942],[-84.528617,42.512789],[-84.528721,42.513453],[-84.528957,42.51344],[-84.530174,42.513238],[-84.531363,42.512748],[-84.531629,42.513125],[-84.533547,42.512438],[-84.533563,42.511841],[-84.535446,42.511167],[-84.536182,42.511139],[-84.53645,42.5109],[-84.537904,42.510316],[-84.538745,42.509639],[-84.541153,42.508213],[-84.542199,42.507785],[-84.547507,42.507767],[-84.554695,42.507728],[-84.556287,42.507788],[-84.558899,42.508072],[-84.562834,42.508366],[-84.562886,42.508497],[-84.563278,42.50855],[-84.563438,42.508272],[-84.56424,42.508346],[-84.564219,42.507723],[-84.564524,42.507231],[-84.56964,42.507197],[-84.578279,42.507188],[-84.583966,42.507206],[-84.585267,42.5072]],[[-84.506367,42.522524],[-84.523349,42.522452],[-84.523717,42.522056],[-84.52378,42.522055]],[[-84.525022,42.551929],[-84.524772,42.551859],[-84.524644,42.551889],[-84.524311,42.551884],[-84.524233,42.551852],[-84.523353,42.551848],[-84.523299,42.547048],[-84.523161,42.537943],[-84.523764,42.537926],[-84.523759,42.536389],[-84.523593,42.53611],[-84.523397,42.53459],[-84.523375,42.530018],[-84.521583,42.528261],[-84.521592,42.523867],[-84.522913,42.523692],[-84.523835,42.523679],[-84.52382,42.522499],[-84.523769,42.522315],[-84.52384,42.522061]],[[-84.525391,42.581179],[-84.525277,42.581179],[-84.525185,42.580803],[-84.525176,42.579247],[-84.524812,42.579064],[-84.523806,42.579029],[-84.523797,42.577407],[-84.524326,42.577108],[-84.524313,42.575391],[-84.524411,42.575327],[-84.524331,42.575276],[-84.524312,42.57368],[-84.524973,42.573195],[-84.52359,42.573194],[-84.523582,42.569104],[-84.523581,42.566465],[-84.523592,42.56602],[-84.524261,42.566024],[-84.524191,42.562829],[-84.523866,42.5626],[-84.524061,42.560564],[-84.524174,42.55983],[-84.524666,42.559664],[-84.524796,42.559283],[-84.524705,42.559079],[-84.524769,42.558828],[-84.524757,42.558741],[-84.525402,42.556847],[-84.525395,42.556112],[-84.524766,42.556103],[-84.524771,42.554616],[-84.524771,42.553151],[-84.524858,42.552262],[-84.525076,42.551951]],[[-84.525136,42.551955],[-84.526366,42.552216],[-84.526808,42.552291],[-84.526812,42.551837],[-84.530328,42.551871],[-84.53033,42.552523],[-84.531828,42.552541],[-84.531837,42.552015],[-84.532532,42.551887],[-84.534554,42.551866],[-84.535016,42.551543],[-84.535019,42.550843],[-84.539119,42.550843],[-84.540295,42.551307],[-84.545287,42.55129],[-84.544705,42.552838],[-84.544826,42.565794],[-84.546503,42.565927],[-84.549808,42.565929],[-84.549808,42.565954]],[[-84.549808,42.566041],[-84.549807,42.566227],[-84.549695,42.566227]],[[-84.525508,42.581178],[-84.526791,42.581173],[-84.534115,42.581171],[-84.538943,42.581147],[-84.544304,42.581142],[-84.544436,42.581303],[-84.544889,42.581303],[-84.545134,42.581133],[-84.551089,42.58115],[-84.551366,42.580655],[-84.557869,42.580651],[-84.558479,42.581228],[-84.559655,42.581247],[-84.560909,42.581107],[-84.56455,42.581102],[-84.56758,42.581122],[-84.574679,42.581147],[-84.581022,42.581144],[-84.583777,42.581171],[-84.587156,42.581183],[-84.594196,42.581145],[-84.594484,42.581235],[-84.594736,42.581135],[-84.595994,42.581115],[-84.597264,42.58109],[-84.597445,42.581188],[-84.598956,42.58118],[-84.599027,42.581116],[-84.601216,42.581102],[-84.603111,42.581181],[-84.603257,42.580631],[-84.603487,42.580641],[-84.603658,42.580307],[-84.60374,42.579926],[-84.60373,42.579437],[-84.603706,42.57911],[-84.603107,42.579116],[-84.60311,42.57712],[-84.603809,42.574869],[-84.60405,42.573873],[-84.604179,42.568619],[-84.604368,42.568083],[-84.604363,42.567452],[-84.604041,42.567455],[-84.60402,42.566604]],[[-84.484054,42.581529],[-84.485898,42.582282],[-84.488268,42.582331],[-84.496554,42.582312],[-84.497731,42.581694],[-84.504965,42.581651],[-84.50977,42.581605],[-84.511672,42.581305],[-84.514659,42.5813],[-84.51681,42.581691],[-84.518295,42.581679],[-84.519692,42.581233],[-84.525449,42.581226],[-84.52545,42.581184]],[[-84.550224,42.640412],[-84.546078,42.640399]],[[-84.504826,42.640145],[-84.506831,42.640173],[-84.509795,42.640199],[-84.510712,42.64021],[-84.510886,42.640383],[-84.514114,42.640378],[-84.514115,42.640378],[-84.516421,42.640329],[-84.516582,42.640326],[-84.519581,42.640287],[-84.521168,42.640255],[-84.52162,42.640252],[-84.52206,42.640282],[-84.522065,42.640282],[-84.523267,42.640312],[-84.524183,42.640305],[-84.524207,42.640304],[-84.524662,42.640293],[-84.525154,42.640252],[-84.526819,42.640278],[-84.532666,42.640341],[-84.536298,42.640371],[-84.538371,42.640374],[-84.540553,42.640385]],[[-84.540557,42.640388],[-84.546085,42.640413],[-84.550229,42.640423],[-84.55275,42.640431],[-84.55669,42.640428],[-84.557958,42.640422],[-84.557954,42.640213],[-84.561019,42.640203],[-84.562663,42.640194],[-84.563818,42.640188],[-84.565555,42.640185],[-84.568794,42.640144],[-84.577541,42.64002],[-84.583243,42.640098],[-84.586602,42.640082],[-84.589259,42.640108],[-84.59221,42.640139],[-84.59609,42.640102],[-84.59923,42.640106],[-84.6047,42.640173],[-84.609069,42.640155],[-84.614193,42.640097],[-84.61658,42.640111],[-84.620864,42.640073],[-84.621904,42.640059],[-84.622307,42.640062],[-84.622498,42.639509],[-84.622581,42.638651],[-84.622642,42.638109],[-84.62261,42.636589],[-84.622576,42.634935],[-84.622541,42.633847],[-84.622573,42.633016],[-84.622496,42.631981],[-84.62246,42.631206],[-84.622446,42.630404],[-84.622415,42.62902],[-84.621771,42.629025]]]},"properties":{"id":"fna-member-routes-20260918-178c12253d1e8bc1a376","sourceId":"fna-member-routes-20260918","source":"Fiber Network Alliance member fiber lines","sourceUrl":"https://www.fibernetworkalliance.com/membership-map-line/","name":"WOW-Lansing published routes","carrier":"WOW-Lansing","category":"unknown","routeStatus":"Status not established","evidence":"publisher_route","dataDate":null,"metadataModified":null,"retrievedAt":"2026-09-18T19:56:04.130240+00:00","networkType":"Published fiber route; precision and network class unverified","serviceability":"Unconfirmed","routeDiversity":"Unconfirmed","states":["MI"],"publishedLineParts":34},"bbox":[-84.622642,42.507188,-84.484054,42.640431]},{"type":"Feature","geometry":{"type":"MultiLineString","coordinates":[[[-84.744224,42.815835],[-84.744355,42.815842]],[[-84.630742,42.84351],[-84.630746,42.843413]],[[-84.637914,42.843017],[-84.637918,42.842919]],[[-84.648861,42.842968],[-84.648865,42.84287]],[[-84.662285,42.843166],[-84.662289,42.843068]],[[-84.699328,42.829527],[-84.699358,42.829391]],[[-84.702135,42.829494],[-84.702137,42.829617]],[[-84.705138,42.822796],[-84.705264,42.822798]],[[-84.705121,42.82691],[-84.705248,42.826913]],[[-84.627496,42.799702],[-84.627448,42.79955]],[[-84.638728,42.799698],[-84.63868,42.799546]],[[-84.644679,42.797319],[-84.644632,42.797168]],[[-84.64561,42.796489],[-84.645753,42.796495]],[[-84.645608,42.793898],[-84.645751,42.793904]],[[-84.70462,42.822283],[-84.704619,42.822142],[-84.704568,42.822142]],[[-84.704632,42.822326],[-84.704727,42.822325],[-84.704829,42.822289],[-84.705195,42.822287],[-84.705149,42.822464],[-84.705073,42.824885],[-84.705122,42.825661],[-84.70513,42.828663],[-84.705139,42.829054],[-84.705307,42.829102],[-84.70531,42.829439],[-84.705173,42.829472],[-84.705173,42.829504]],[[-84.624293,42.799922],[-84.624328,42.799923],[-84.624354,42.800059]],[[-84.62437,42.800145],[-84.624379,42.800189],[-84.625538,42.800196],[-84.625495,42.799702],[-84.631551,42.799705],[-84.63168,42.799829],[-84.631902,42.799828],[-84.632121,42.799717],[-84.640413,42.799699],[-84.640449,42.800022],[-84.641085,42.800021],[-84.64147,42.800016],[-84.641894,42.799976],[-84.642312,42.799864],[-84.642674,42.799707],[-84.642889,42.799584],[-84.643114,42.799404],[-84.643376,42.799141],[-84.643531,42.79893],[-84.643585,42.798779],[-84.643704,42.798068],[-84.64377,42.797801],[-84.643967,42.797557],[-84.644202,42.797392],[-84.644401,42.797329],[-84.644674,42.797321],[-84.645171,42.797337],[-84.645182,42.796515],[-84.645601,42.796512],[-84.645603,42.79636]],[[-84.645549,42.793285],[-84.645516,42.793285],[-84.645196,42.793214],[-84.645196,42.793172]],[[-84.645578,42.796272],[-84.645613,42.793398],[-84.645562,42.793375],[-84.645562,42.793328]],[[-84.628775,42.843821],[-84.6289,42.843821],[-84.6289,42.843673]],[[-84.6289,42.843585],[-84.628901,42.843522],[-84.632521,42.843501],[-84.633636,42.843039],[-84.648911,42.842969],[-84.649759,42.842812],[-84.655052,42.843279],[-84.663175,42.84315],[-84.664957,42.843139],[-84.664954,42.844197],[-84.665217,42.844196]],[[-84.698774,42.829239],[-84.698959,42.829239],[-84.698959,42.829262]],[[-84.698959,42.829349],[-84.698959,42.829358],[-84.699644,42.829673],[-84.700101,42.829484],[-84.702926,42.829498],[-84.703031,42.829548],[-84.703193,42.829549],[-84.703275,42.829498],[-84.704313,42.829475],[-84.705005,42.829467],[-84.705071,42.829547],[-84.705164,42.829547]],[[-84.743738,42.816361],[-84.743739,42.816417],[-84.743933,42.816434],[-84.74397,42.81647],[-84.744008,42.816469]],[[-84.744127,42.816468],[-84.744239,42.816467],[-84.744212,42.815492],[-84.748525,42.815453],[-84.754508,42.8155],[-84.754833,42.815546],[-84.754884,42.815546]],[[-84.645641,42.793732],[-84.645784,42.793738]],[[-84.6456,42.78798],[-84.645742,42.787986]],[[-84.649987,42.781776],[-84.649981,42.781928]],[[-84.659917,42.784049],[-84.659911,42.784202]],[[-84.666995,42.784967],[-84.666989,42.785119]],[[-84.67369,42.786831],[-84.673684,42.786983]],[[-84.682321,42.788095],[-84.682315,42.788247]],[[-84.692019,42.789971],[-84.692013,42.790123]],[[-84.698165,42.791153],[-84.698159,42.791305]],[[-84.701822,42.791806],[-84.701816,42.791958]],[[-84.703698,42.793894],[-84.703557,42.793888]],[[-84.703715,42.799022],[-84.703574,42.799016]],[[-84.704502,42.804147],[-84.704361,42.804141]],[[-84.705147,42.809969],[-84.70527,42.809969]],[[-84.705184,42.816639],[-84.705307,42.816638]],[[-84.705157,42.821422],[-84.70528,42.821421]],[[-84.705152,42.826754],[-84.705275,42.826753]],[[-84.666475,42.844127],[-84.666479,42.844219]],[[-84.671535,42.84412],[-84.671538,42.844212]],[[-84.682856,42.844478],[-84.682859,42.844571]],[[-84.694532,42.843475],[-84.694561,42.843368]],[[-84.704164,42.843001],[-84.704007,42.843004]],[[-84.704178,42.838499],[-84.704022,42.838502]],[[-84.705127,42.832358],[-84.705254,42.83236]],[[-84.705184,42.82964],[-84.705311,42.829642]],[[-84.70818,42.829499],[-84.708188,42.82944]],[[-84.716356,42.829527],[-84.716367,42.829443]],[[-84.72901,42.828786],[-84.729042,42.828619]],[[-84.742255,42.829147],[-84.742287,42.828981]],[[-84.744321,42.821278],[-84.744461,42.821275]],[[-84.744275,42.816975],[-84.744414,42.816972]],[[-84.749838,42.815482],[-84.749845,42.815565]],[[-84.665277,42.844149],[-84.665277,42.844189]],[[-84.645605,42.796273],[-84.645639,42.793383],[-84.645625,42.791203],[-84.645577,42.790022],[-84.645616,42.78623],[-84.645602,42.78383],[-84.644946,42.783445],[-84.64497,42.781219],[-84.645005,42.780776],[-84.646262,42.781028],[-84.647274,42.781235],[-84.654758,42.782723],[-84.654782,42.783894],[-84.655329,42.783869],[-84.655597,42.7838],[-84.656694,42.783695],[-84.657604,42.783653],[-84.658625,42.783753],[-84.661296,42.784363],[-84.66279,42.78457],[-84.663432,42.784361],[-84.663854,42.784439],[-84.665643,42.784769],[-84.66601,42.784784],[-84.66908,42.785367],[-84.670114,42.785931],[-84.671608,42.786178],[-84.672451,42.786537],[-84.676795,42.787584],[-84.678732,42.787949],[-84.679676,42.787856],[-84.681216,42.787894],[-84.683939,42.788394],[-84.684658,42.788555],[-84.699677,42.791431],[-84.70022,42.791504],[-84.703645,42.792143],[-84.703662,42.792451]],[[-84.703697,42.792451],[-84.703696,42.792407],[-84.704263,42.79234],[-84.704262,42.792271],[-84.704231,42.792271]],[[-84.703696,42.792538],[-84.703693,42.794562],[-84.703855,42.795466],[-84.704192,42.796857],[-84.704304,42.797249],[-84.703719,42.798819],[-84.703738,42.800083],[-84.704274,42.802607],[-84.704528,42.803607],[-84.704484,42.804615],[-84.704111,42.805457],[-84.703868,42.80623],[-84.70368,42.807271],[-84.703761,42.807464],[-84.705151,42.80746],[-84.705144,42.810066],[-84.705165,42.811049],[-84.705141,42.811369],[-84.70515,42.813632],[-84.705179,42.814203],[-84.705132,42.814365],[-84.705178,42.816683],[-84.705152,42.818557],[-84.705194,42.819312],[-84.705139,42.81956],[-84.70516,42.821741],[-84.70525,42.821889],[-84.705248,42.822184],[-84.705176,42.822466],[-84.705099,42.824884],[-84.705149,42.825661],[-84.705156,42.828662],[-84.705165,42.829041],[-84.705333,42.829089],[-84.705337,42.829453],[-84.705199,42.829486],[-84.705199,42.829504]],[[-84.665336,42.844196],[-84.665565,42.844195],[-84.665694,42.844082],[-84.666412,42.844119],[-84.668411,42.844098],[-84.66909,42.844124],[-84.669503,42.844101],[-84.674369,42.844143],[-84.67581,42.844478],[-84.67824,42.844476],[-84.683524,42.844472],[-84.685771,42.84449],[-84.6858,42.843667],[-84.68915,42.843668],[-84.69006,42.843354],[-84.691037,42.843445],[-84.694549,42.843478],[-84.694676,42.844203],[-84.695969,42.84437],[-84.704167,42.844318],[-84.704155,42.840997],[-84.704167,42.838674],[-84.704286,42.837132],[-84.704247,42.835658],[-84.705395,42.835585],[-84.705115,42.833009],[-84.705179,42.829592]],[[-84.70519,42.829546],[-84.705283,42.829547],[-84.705345,42.829487],[-84.712084,42.829525],[-84.719001,42.829536],[-84.723475,42.829557],[-84.723613,42.829214],[-84.723853,42.829216],[-84.724962,42.82879],[-84.729155,42.828784],[-84.731227,42.829302],[-84.733112,42.829275],[-84.737795,42.829201],[-84.740727,42.829154],[-84.744288,42.829142],[-84.744287,42.827858],[-84.744225,42.821686],[-84.744318,42.821527],[-84.744268,42.816576],[-84.744239,42.815511],[-84.748525,42.815472],[-84.754505,42.815519],[-84.75483,42.815566],[-84.754884,42.815565]]]},"properties":{"id":"fna-member-routes-20260918-10c2749e763ec3b1d31c","sourceId":"fna-member-routes-20260918","source":"Fiber Network Alliance member fiber lines","sourceUrl":"https://www.fibernetworkalliance.com/membership-map-line/","name":"WOW-Lansing published routes","carrier":"WOW-Lansing","category":"unknown","routeStatus":"Status not established","evidence":"publisher_route","dataDate":null,"metadataModified":null,"retrievedAt":"2026-09-18T19:56:04.130240+00:00","networkType":"Published fiber route; precision and network class unverified","serviceability":"Unconfirmed","routeDiversity":"Unconfirmed","states":["MI"],"publishedLineParts":64},"bbox":[-84.754884,42.780776,-84.624293,42.844571]},{"type":"Feature","geometry":{"type":"MultiLineString","coordinates":[[[-84.472253,42.088601],[-84.472246,42.088738]],[[-84.476043,42.089991],[-84.475883,42.090035]],[[-84.481927,42.091893],[-84.481927,42.09207]],[[-84.482485,42.092138],[-84.482443,42.092151],[-84.482272,42.092135]],[[-84.483266,42.092367],[-84.48317,42.092503]],[[-84.48787,42.093639],[-84.487774,42.093775]],[[-84.495494,42.094809],[-84.495485,42.094686]],[[-84.471929,42.088624],[-84.473991,42.088458],[-84.474139,42.08832],[-84.474303,42.088323],[-84.474428,42.088458],[-84.474945,42.088458],[-84.476273,42.088664],[-84.476161,42.089099],[-84.476039,42.089999],[-84.477806,42.090644],[-84.478354,42.090684],[-84.478465,42.090856],[-84.481819,42.091815],[-84.482099,42.092021],[-84.482343,42.092093]],[[-84.482403,42.0921],[-84.482439,42.09204],[-84.482802,42.091984],[-84.482929,42.091794],[-84.482875,42.091778]],[[-84.482452,42.092124],[-84.483865,42.092538],[-84.484442,42.092619],[-84.487471,42.093498],[-84.488169,42.093737],[-84.488925,42.093608],[-84.489059,42.093375],[-84.489904,42.09371],[-84.490386,42.093865],[-84.490503,42.094109],[-84.492182,42.094857],[-84.493001,42.094796],[-84.493078,42.094829],[-84.493222,42.094835],[-84.495694,42.094807],[-84.495895,42.094882],[-84.49592,42.094881]],[[-84.495667,42.095171],[-84.495693,42.095171],[-84.495797,42.095148],[-84.495981,42.094892]],[[-84.47356,42.069522],[-84.473514,42.069381]],[[-84.472472,42.069602],[-84.472286,42.069531]],[[-84.472009,42.073572],[-84.47221,42.073598]],[[-84.468721,42.078927],[-84.468564,42.078819]],[[-84.468131,42.084952],[-84.468014,42.085105]],[[-84.471237,42.087011],[-84.471121,42.087165]],[[-84.474944,42.069713],[-84.474944,42.069703],[-84.474843,42.069681],[-84.474836,42.069659]],[[-84.474806,42.069575],[-84.474797,42.06955],[-84.474161,42.069551],[-84.474085,42.069521],[-84.472515,42.06953],[-84.472214,42.070089],[-84.472141,42.070357],[-84.471976,42.070403],[-84.471979,42.070743],[-84.472117,42.070908],[-84.472123,42.073514],[-84.471965,42.073589],[-84.47196,42.073856],[-84.471942,42.073922],[-84.471945,42.074078],[-84.472111,42.074138],[-84.47214,42.075115],[-84.471552,42.075225],[-84.471586,42.075716],[-84.471571,42.076502],[-84.471238,42.07666],[-84.471185,42.077119],[-84.469875,42.078191],[-84.469477,42.078675],[-84.469146,42.078693],[-84.467998,42.079339],[-84.468226,42.079609],[-84.46766,42.07979],[-84.467569,42.079966],[-84.467456,42.080047],[-84.466883,42.080048],[-84.466935,42.080654],[-84.467027,42.081859],[-84.467322,42.08281],[-84.467666,42.084053],[-84.467903,42.084659],[-84.468502,42.085401],[-84.468793,42.085621],[-84.469279,42.085953],[-84.469388,42.08609],[-84.470878,42.086863],[-84.471913,42.087291],[-84.471935,42.087763],[-84.47188,42.08788],[-84.471872,42.088614]]]},"properties":{"id":"fna-member-routes-20260918-b7356c26140cb816b6d1","sourceId":"fna-member-routes-20260918","source":"Fiber Network Alliance member fiber lines","sourceUrl":"https://www.fibernetworkalliance.com/membership-map-line/","name":"WOW-Lansing published routes","carrier":"WOW-Lansing","category":"unknown","routeStatus":"Status not established","evidence":"publisher_route","dataDate":null,"metadataModified":null,"retrievedAt":"2026-09-18T19:56:04.130240+00:00","networkType":"Published fiber route; precision and network class unverified","serviceability":"Unconfirmed","routeDiversity":"Unconfirmed","states":["MI"],"publishedLineParts":19},"bbox":[-84.495981,42.069381,-84.466883,42.095171]},{"type":"Feature","geometry":{"type":"MultiLineString","coordinates":[[[-84.353482,42.409859],[-84.353305,42.40983]],[[-84.310586,42.406799],[-84.310653,42.406675]],[[-84.351152,42.384305],[-84.350833,42.384326]],[[-84.353816,42.387173],[-84.353498,42.387194]],[[-84.354658,42.330824],[-84.35434,42.330845]],[[-84.352907,42.333352],[-84.352723,42.333336]],[[-84.35032,42.336624],[-84.350136,42.336609]],[[-84.349327,42.339726],[-84.349143,42.339711]],[[-84.348639,42.343398],[-84.348455,42.343383]],[[-84.434207,42.44519],[-84.434124,42.445075]],[[-84.436218,42.448222],[-84.435989,42.448283]],[[-84.435619,42.455162],[-84.43539,42.455223]],[[-84.435688,42.451866],[-84.435458,42.451926]],[[-84.490432,42.448066],[-84.49043,42.448245]],[[-84.479304,42.447948],[-84.479302,42.448127]],[[-84.468675,42.44813],[-84.468673,42.448309]],[[-84.353233,42.410554],[-84.353247,42.410576],[-84.35348,42.410491]],[[-84.353586,42.410453],[-84.353623,42.41044],[-84.352891,42.409032],[-84.353012,42.408939]],[[-84.308313,42.40634],[-84.308293,42.406434],[-84.308226,42.406439],[-84.308224,42.406455]],[[-84.30833,42.406253],[-84.308368,42.406071],[-84.308863,42.4061],[-84.309982,42.406407],[-84.313604,42.407824],[-84.314081,42.40807]],[[-84.348531,42.345264],[-84.348583,42.345002],[-84.348671,42.34486],[-84.348677,42.344151],[-84.348677,42.343922],[-84.348456,42.343827],[-84.348447,42.340808],[-84.349135,42.340801],[-84.349149,42.340099],[-84.349135,42.339011],[-84.348738,42.338169],[-84.349117,42.33756],[-84.3499,42.336829],[-84.350643,42.336136],[-84.351196,42.335523],[-84.351685,42.334906],[-84.353138,42.332717],[-84.354352,42.330942],[-84.354346,42.330824]],[[-84.354341,42.330737],[-84.354338,42.33068],[-84.354273,42.33065]],[[-84.35019,42.384115],[-84.350255,42.384067],[-84.350263,42.384069]],[[-84.350376,42.384094],[-84.350613,42.384146],[-84.352052,42.38531],[-84.351891,42.385808],[-84.351885,42.386099],[-84.352268,42.386238],[-84.354002,42.387587],[-84.354718,42.388228],[-84.354184,42.38864],[-84.354867,42.389157],[-84.355297,42.389497]],[[-84.463519,42.448359],[-84.46352,42.448289],[-84.46441,42.448284],[-84.4645,42.448318],[-84.478697,42.448297],[-84.480283,42.447843],[-84.484373,42.447834],[-84.48626,42.448257],[-84.493909,42.448234],[-84.493934,42.448278]],[[-84.493981,42.448358],[-84.494021,42.448427],[-84.49411,42.448426],[-84.49411,42.448454]],[[-84.437479,42.457948],[-84.4375,42.457972],[-84.437574,42.457967],[-84.437644,42.457924]],[[-84.435372,42.450625],[-84.435372,42.45064],[-84.435426,42.450691],[-84.435457,42.452032],[-84.43407,42.452062],[-84.433874,42.452226],[-84.432946,42.452231],[-84.432943,42.452502],[-84.433083,42.452709],[-84.43371,42.453311],[-84.435422,42.455262],[-84.435789,42.455382],[-84.435954,42.455683],[-84.435951,42.455797],[-84.437147,42.457105],[-84.437617,42.457474],[-84.43777,42.457746],[-84.437832,42.457809],[-84.437735,42.457868]],[[-84.43406,42.444711],[-84.433981,42.444709],[-84.43398,42.444739]],[[-84.434082,42.444712],[-84.434173,42.444713],[-84.434163,42.445066],[-84.433612,42.445139],[-84.433638,42.447421],[-84.433747,42.447539],[-84.43375,42.447862],[-84.433649,42.447927],[-84.433646,42.448243],[-84.434095,42.448281],[-84.434139,42.448346],[-84.435459,42.448341],[-84.435526,42.448279],[-84.43601,42.448284],[-84.436004,42.448638],[-84.435906,42.448698],[-84.435901,42.448933],[-84.435421,42.448929],[-84.435421,42.450336],[-84.435374,42.450372],[-84.435373,42.450538]],[[-84.445113,42.499664],[-84.445398,42.499674]],[[-84.254237,42.401574],[-84.254261,42.401472]],[[-84.259738,42.403077],[-84.259912,42.403036]],[[-84.266564,42.403784],[-84.266569,42.4037]],[[-84.270477,42.403984],[-84.270483,42.403868]],[[-84.276989,42.404353],[-84.276924,42.404519]],[[-84.288111,42.404767],[-84.288046,42.404933]],[[-84.299744,42.40551],[-84.299679,42.405675]],[[-84.308948,42.405917],[-84.308883,42.406083]],[[-84.31536,42.408129],[-84.315295,42.408295]],[[-84.316587,42.408314],[-84.316522,42.40848]],[[-84.320245,42.408941],[-84.32024,42.408861]],[[-84.324822,42.408877],[-84.324817,42.408797]],[[-84.333759,42.408861],[-84.333754,42.408781]],[[-84.344773,42.408835],[-84.344768,42.408755]],[[-84.35094,42.408841],[-84.350933,42.408741]],[[-84.348858,42.346036],[-84.348674,42.346021]],[[-84.347916,42.350256],[-84.34811,42.350249]],[[-84.3503,42.352752],[-84.350101,42.352736]],[[-84.35052,42.354816],[-84.350321,42.3548]],[[-84.348141,42.357271],[-84.348298,42.357256]],[[-84.349415,42.360232],[-84.349322,42.360225]],[[-84.349265,42.36714],[-84.349123,42.36713]],[[-84.349274,42.372515],[-84.349213,42.372509]],[[-84.34845,42.37832],[-84.348634,42.378317]],[[-84.348498,42.382315],[-84.348682,42.382312]],[[-84.351447,42.384553],[-84.351271,42.38464]],[[-84.354563,42.387802],[-84.354387,42.387889]],[[-84.355781,42.389801],[-84.355605,42.389772]],[[-84.355887,42.392944],[-84.35571,42.392915]],[[-84.333175,42.384618],[-84.333189,42.384482]],[[-84.339585,42.384958],[-84.339447,42.384953]],[[-84.341595,42.389752],[-84.341306,42.389748]],[[-84.344318,42.395663],[-84.344474,42.395603]],[[-84.352139,42.397207],[-84.352051,42.397047]],[[-84.354711,42.396444],[-84.354534,42.396415]],[[-84.355187,42.400554],[-84.35501,42.400525]],[[-84.353875,42.406052],[-84.353699,42.406023]],[[-84.353246,42.408716],[-84.353069,42.408687]],[[-84.356247,42.409239],[-84.356236,42.409123]],[[-84.365402,42.40922],[-84.365391,42.409104]],[[-84.370856,42.408464],[-84.370844,42.408348]],[[-84.378515,42.40888],[-84.378503,42.408763]],[[-84.383946,42.410215],[-84.383744,42.410092]],[[-84.384844,42.409643],[-84.384642,42.409521]],[[-84.390658,42.408343],[-84.390651,42.408161]],[[-84.397428,42.408424],[-84.39742,42.408242]],[[-84.400032,42.411606],[-84.399777,42.411606]],[[-84.400269,42.416812],[-84.400013,42.416812]],[[-84.400105,42.422569],[-84.399849,42.422569]],[[-84.399857,42.427491],[-84.400009,42.427477]],[[-84.401043,42.43406],[-84.401054,42.434203]],[[-84.410806,42.434063],[-84.410816,42.434207]],[[-84.413884,42.438825],[-84.41412,42.438822]],[[-84.414726,42.443829],[-84.414585,42.443827]],[[-84.462977,42.448131],[-84.462975,42.44831]],[[-84.456787,42.448119],[-84.456784,42.448297]],[[-84.445623,42.449734],[-84.445393,42.449794]],[[-84.445454,42.45584],[-84.445225,42.455901]],[[-84.445204,42.461437],[-84.444974,42.461497]],[[-84.44534,42.493908],[-84.445111,42.493969]],[[-84.445311,42.489176],[-84.445081,42.489237]],[[-84.445267,42.482967],[-84.445037,42.483027]],[[-84.445261,42.478351],[-84.445032,42.478412]],[[-84.44524,42.472532],[-84.44501,42.472593]],[[-84.445233,42.466797],[-84.445003,42.466857]],[[-84.445223,42.463768],[-84.444994,42.463829]],[[-84.441691,42.461607],[-84.441461,42.461668]],[[-84.439184,42.458912],[-84.438954,42.458972]],[[-84.435389,42.454945],[-84.435159,42.455005]]]},"properties":{"id":"fna-member-routes-20260918-9d651bd989b1fe548362","sourceId":"fna-member-routes-20260918","source":"Fiber Network Alliance member fiber lines","sourceUrl":"https://www.fibernetworkalliance.com/membership-map-line/","name":"WOW-Lansing published routes","carrier":"WOW-Lansing","category":"unknown","routeStatus":"Status not established","evidence":"publisher_route","dataDate":null,"metadataModified":null,"retrievedAt":"2026-09-18T19:56:04.130240+00:00","networkType":"Published fiber route; precision and network class unverified","serviceability":"Unconfirmed","routeDiversity":"Unconfirmed","states":["MI"],"publishedLineParts":100},"bbox":[-84.49411,42.33065,-84.254237,42.499674]},{"type":"Feature","geometry":{"type":"MultiLineString","coordinates":[[[-84.434409,42.451905],[-84.434418,42.452027]],[[-84.434932,42.448404],[-84.434929,42.44837]],[[-84.432293,42.445418],[-84.432285,42.445333]],[[-84.423199,42.4452],[-84.42319,42.445115]],[[-84.230597,42.403553],[-84.232621,42.400875],[-84.232402,42.400615],[-84.232877,42.399977],[-84.233508,42.399915],[-84.233889,42.400097],[-84.237218,42.400064],[-84.242537,42.400279],[-84.244444,42.400403],[-84.24558,42.400489],[-84.24637,42.400447],[-84.246556,42.400241],[-84.248266,42.400271],[-84.249444,42.40031],[-84.250598,42.400502],[-84.254257,42.401469],[-84.257934,42.402583],[-84.26047,42.403157],[-84.263486,42.403452],[-84.267414,42.403765],[-84.26971,42.403867]],[[-84.269827,42.403868],[-84.272995,42.403869],[-84.27422,42.403986],[-84.278991,42.404921],[-84.286431,42.404938],[-84.288508,42.404939],[-84.289417,42.404964],[-84.29575,42.405397],[-84.303515,42.405944],[-84.303784,42.405752],[-84.305687,42.405878],[-84.308083,42.406033],[-84.30887,42.406078],[-84.309994,42.406386],[-84.313619,42.407805],[-84.314098,42.408052]],[[-84.314199,42.408099],[-84.314682,42.408221],[-84.316002,42.408389],[-84.316312,42.408451],[-84.317901,42.408682],[-84.318317,42.408795],[-84.318753,42.408818],[-84.319764,42.408855],[-84.321135,42.408859],[-84.321301,42.408667],[-84.321514,42.408666],[-84.322511,42.408659],[-84.322556,42.408793],[-84.324069,42.408789]],[[-84.324186,42.408792],[-84.326578,42.408791],[-84.326728,42.408661],[-84.32698,42.408661],[-84.327116,42.408764],[-84.330725,42.408785],[-84.352126,42.408735],[-84.352779,42.408842],[-84.352842,42.408884],[-84.352958,42.40891]],[[-84.348407,42.345168],[-84.348433,42.345168],[-84.34846,42.345269],[-84.348505,42.345281]],[[-84.348615,42.345311],[-84.348662,42.345324],[-84.348671,42.346405],[-84.3485,42.347236],[-84.348079,42.347352],[-84.34809,42.347907],[-84.348088,42.348412],[-84.348096,42.348453],[-84.348104,42.349185],[-84.348121,42.351051],[-84.348978,42.351358],[-84.349709,42.352458],[-84.350371,42.352938],[-84.35038,42.354741],[-84.350279,42.354842],[-84.350275,42.355244],[-84.350704,42.35528],[-84.350691,42.355741],[-84.350328,42.355854],[-84.350321,42.356284],[-84.349279,42.356362],[-84.348401,42.356477],[-84.348246,42.356629],[-84.348311,42.356906],[-84.348286,42.357895],[-84.349307,42.35796],[-84.349314,42.358559],[-84.349295,42.358689],[-84.349346,42.361871],[-84.349359,42.362781],[-84.349359,42.364245],[-84.349111,42.365276],[-84.349126,42.368461],[-84.349122,42.369603],[-84.349216,42.36982],[-84.349207,42.37138],[-84.349245,42.37663],[-84.348718,42.376754],[-84.348617,42.377303],[-84.348627,42.377545],[-84.348664,42.380123],[-84.348687,42.382715],[-84.349253,42.382912],[-84.349284,42.383064],[-84.349721,42.383417],[-84.350395,42.383553],[-84.350481,42.383857],[-84.350693,42.38391],[-84.350683,42.38417],[-84.352085,42.385303],[-84.351921,42.38581],[-84.351916,42.386085],[-84.352286,42.38622],[-84.354024,42.387572],[-84.354758,42.388229],[-84.354225,42.38864],[-84.354888,42.389142],[-84.355315,42.389479]],[[-84.355407,42.389533],[-84.3556,42.389676],[-84.355614,42.39121],[-84.355954,42.391299],[-84.355959,42.391632],[-84.355911,42.392412],[-84.355688,42.392956],[-84.355313,42.393403],[-84.355071,42.393953],[-84.354832,42.394353],[-84.354671,42.39466],[-84.354533,42.394704],[-84.354463,42.394807],[-84.354442,42.395035],[-84.354409,42.3951],[-84.354412,42.395148]],[[-84.329525,42.383998],[-84.329589,42.383997],[-84.329621,42.384099]],[[-84.329648,42.384184],[-84.329661,42.384224],[-84.330851,42.384223],[-84.331655,42.38421],[-84.33253,42.384359],[-84.333476,42.38453],[-84.333653,42.384774],[-84.334029,42.384774],[-84.33409,42.384555],[-84.335694,42.384575],[-84.338259,42.384572],[-84.338767,42.384633],[-84.33934,42.38467],[-84.339414,42.384858],[-84.339486,42.385059],[-84.339715,42.38542],[-84.33998,42.385896],[-84.339994,42.386278],[-84.340149,42.387055],[-84.340243,42.387404],[-84.340544,42.387723],[-84.340683,42.387944],[-84.340822,42.388185],[-84.341189,42.389143],[-84.34135,42.389973],[-84.341803,42.392355],[-84.342051,42.392786],[-84.342124,42.393194],[-84.3425,42.393831],[-84.343473,42.394681],[-84.343915,42.395125],[-84.344499,42.395622],[-84.344981,42.395895],[-84.345712,42.396278],[-84.346948,42.39688],[-84.347523,42.396928],[-84.34829,42.397029],[-84.348958,42.397182],[-84.349393,42.397194],[-84.350065,42.397206],[-84.350377,42.397244],[-84.350565,42.397201],[-84.351006,42.397201],[-84.351551,42.39716],[-84.352569,42.396924],[-84.353127,42.396643],[-84.353555,42.396452],[-84.354072,42.39582],[-84.354083,42.395567],[-84.354334,42.395353],[-84.354347,42.395196],[-84.354397,42.395195]],[[-84.354419,42.395236],[-84.354442,42.395473],[-84.354758,42.399083],[-84.354764,42.399905],[-84.355021,42.400328],[-84.354943,42.401436],[-84.354819,42.402305],[-84.354539,42.403144],[-84.354377,42.403608],[-84.354355,42.403892],[-84.353617,42.406271],[-84.353444,42.406794],[-84.353407,42.407138],[-84.353119,42.408468],[-84.353018,42.408916]],[[-84.353071,42.408936],[-84.353859,42.40912],[-84.367724,42.409101],[-84.370636,42.408345],[-84.372679,42.408347],[-84.373265,42.408342],[-84.373918,42.408378],[-84.374407,42.408599],[-84.374654,42.408763],[-84.383033,42.408763],[-84.383025,42.409295],[-84.383295,42.410174],[-84.38424,42.409984]],[[-84.384353,42.409961],[-84.384426,42.409947],[-84.384752,42.409309],[-84.385679,42.408718],[-84.386774,42.408516],[-84.387631,42.408403],[-84.388669,42.40828],[-84.38944,42.408205],[-84.392113,42.408106],[-84.393599,42.408234],[-84.39977,42.40824],[-84.399779,42.415564],[-84.399953,42.416596],[-84.400218,42.417541],[-84.400206,42.419215]],[[-84.400173,42.419299],[-84.399852,42.420191],[-84.399844,42.424508],[-84.399965,42.425465],[-84.400013,42.426448],[-84.400025,42.433678],[-84.39988,42.4342],[-84.414104,42.434205],[-84.414131,42.442452],[-84.414569,42.44267],[-84.414567,42.44361],[-84.414612,42.444259],[-84.415214,42.444795],[-84.415347,42.445122],[-84.415824,42.445126],[-84.415824,42.445221]],[[-84.463865,42.448533],[-84.463866,42.448499],[-84.463751,42.448497],[-84.463744,42.448372],[-84.463576,42.448369]],[[-84.463458,42.448367],[-84.463351,42.448364],[-84.463248,42.44831],[-84.448857,42.448294],[-84.445316,42.44836],[-84.445322,42.449585],[-84.445737,42.450877],[-84.445505,42.451813],[-84.44546,42.45229],[-84.44531,42.453206],[-84.445298,42.453992],[-84.44547,42.454075],[-84.445464,42.454373],[-84.445266,42.454442],[-84.445222,42.455545],[-84.445247,42.459458],[-84.444955,42.45956],[-84.444994,42.463496]],[[-84.435342,42.450625],[-84.435342,42.450648],[-84.435396,42.450699],[-84.435426,42.45201],[-84.434056,42.45204],[-84.43386,42.452204],[-84.432916,42.452209],[-84.432913,42.452507],[-84.433058,42.452721],[-84.433685,42.453324],[-84.435402,42.45528],[-84.435766,42.455399],[-84.435924,42.455687],[-84.435921,42.455804],[-84.437123,42.457119],[-84.437591,42.457486],[-84.437744,42.457757],[-84.438696,42.458719],[-84.440747,42.460833],[-84.442431,42.462778],[-84.442974,42.4635],[-84.444986,42.463541]],[[-84.444992,42.463584],[-84.444993,42.464535],[-84.445004,42.466534]],[[-84.445105,42.497292],[-84.445113,42.495668],[-84.445084,42.489481],[-84.445069,42.485893],[-84.445028,42.481654],[-84.445035,42.477488],[-84.446193,42.476532],[-84.445015,42.475442],[-84.445004,42.466622]],[[-84.415981,42.445212],[-84.41598,42.445122],[-84.417939,42.445116],[-84.420349,42.445105],[-84.422374,42.445105],[-84.424044,42.445112],[-84.425131,42.445108],[-84.425192,42.445124],[-84.42711,42.445125],[-84.427605,42.445201],[-84.427699,42.445166],[-84.427786,42.445166],[-84.427817,42.445109],[-84.427849,42.445109],[-84.428639,42.445121],[-84.429048,42.445136],[-84.42912,42.445108],[-84.429196,42.445115],[-84.429712,42.445188],[-84.432494,42.445345],[-84.432936,42.444932],[-84.433247,42.445001],[-84.433368,42.445131],[-84.433583,42.445154],[-84.433608,42.447428],[-84.433717,42.447546],[-84.43372,42.447852],[-84.433619,42.447916],[-84.433616,42.448263],[-84.434076,42.448302],[-84.43412,42.448368],[-84.435474,42.448364],[-84.435541,42.448301],[-84.43598,42.448306],[-84.435975,42.448627],[-84.435876,42.448688],[-84.435872,42.448911],[-84.435391,42.448906],[-84.435391,42.450327],[-84.435344,42.450363],[-84.435343,42.450538]],[[-84.416647,42.44521],[-84.416638,42.445124]],[[-84.417237,42.447567],[-84.417265,42.447582],[-84.418941,42.44758],[-84.421667,42.447585],[-84.423999,42.447573],[-84.425504,42.447581],[-84.427506,42.447558],[-84.428962,42.447616],[-84.429854,42.447663],[-84.430245,42.447668],[-84.431302,42.447746],[-84.431724,42.447777],[-84.432238,42.447378],[-84.433176,42.447552],[-84.433191,42.448784],[-84.433197,42.449847],[-84.433187,42.450711],[-84.433187,42.450722],[-84.433185,42.451088],[-84.434441,42.451091],[-84.434447,42.451474],[-84.434447,42.451811],[-84.434447,42.45261],[-84.434454,42.453044]],[[-84.434452,42.453044],[-84.434488,42.454477],[-84.434177,42.454521],[-84.432878,42.454522],[-84.432285,42.454516],[-84.432096,42.454549],[-84.432019,42.454707],[-84.432029,42.455111],[-84.432206,42.455406],[-84.432772,42.456017],[-84.43299,42.45627],[-84.433284,42.456584],[-84.433858,42.457204],[-84.43596,42.459461],[-84.437289,42.460883],[-84.439437,42.463217],[-84.441402,42.465367],[-84.441785,42.465787],[-84.442568,42.465793],[-84.444216,42.465818],[-84.44421,42.465965],[-84.444227,42.467756],[-84.444221,42.469353],[-84.44423,42.470606]],[[-84.444234,42.47061],[-84.444231,42.472287],[-84.444244,42.47553],[-84.444245,42.476662],[-84.444671,42.477612],[-84.445029,42.478481],[-84.444651,42.47919],[-84.444255,42.479922],[-84.444246,42.480352],[-84.444157,42.480826],[-84.444251,42.481605],[-84.444261,42.482708],[-84.444262,42.485115],[-84.444284,42.48762],[-84.444243,42.488335],[-84.444261,42.491259],[-84.444282,42.493543],[-84.444292,42.495611],[-84.444295,42.497485],[-84.444305,42.499352],[-84.444308,42.500781],[-84.44431,42.504351],[-84.444275,42.505995],[-84.444235,42.507223],[-84.444105,42.50924],[-84.444124,42.50969]]]},"properties":{"id":"fna-member-routes-20260918-1e2bfd301ffd23517bff","sourceId":"fna-member-routes-20260918","source":"Fiber Network Alliance member fiber lines","sourceUrl":"https://www.fibernetworkalliance.com/membership-map-line/","name":"WOW-Lansing published routes","carrier":"WOW-Lansing","category":"unknown","routeStatus":"Status not established","evidence":"publisher_route","dataDate":null,"metadataModified":null,"retrievedAt":"2026-09-18T19:56:04.130240+00:00","networkType":"Published fiber route; precision and network class unverified","serviceability":"Unconfirmed","routeDiversity":"Unconfirmed","states":["MI"],"publishedLineParts":27},"bbox":[-84.463866,42.345168,-84.230597,42.50969]},{"type":"Feature","geometry":{"type":"MultiLineString","coordinates":[[[-84.346731,42.749722],[-84.346518,42.749736]],[[-84.346389,42.746019],[-84.346527,42.746019]],[[-84.363348,42.719652],[-84.363171,42.719654]],[[-84.363346,42.71654],[-84.363169,42.716542]],[[-84.364483,42.710361],[-84.36444,42.710481]],[[-84.360889,42.709265],[-84.360686,42.709266]],[[-84.361457,42.708815],[-84.361435,42.708685]],[[-84.361873,42.708718],[-84.362118,42.708929]],[[-84.362431,42.706895],[-84.362754,42.706925]],[[-84.339531,42.673574],[-84.339538,42.673716]],[[-84.332614,42.673665],[-84.332621,42.673808]],[[-84.322794,42.673794],[-84.322802,42.673937]],[[-84.287456,42.673392],[-84.287463,42.673535]],[[-84.281252,42.673435],[-84.281259,42.673578]],[[-84.280598,42.668582],[-84.2805,42.668587]],[[-84.281061,42.671598],[-84.280964,42.671604]],[[-84.281193,42.683272],[-84.281095,42.683278]],[[-84.279866,42.68732],[-84.2799,42.687231]],[[-84.312296,42.693048],[-84.312093,42.693043]],[[-84.312594,42.695977],[-84.312391,42.695971]],[[-84.312922,42.699563],[-84.312719,42.699557]],[[-84.313329,42.704628],[-84.313126,42.704622]],[[-84.3089,42.690588],[-84.308885,42.690752]],[[-84.304576,42.688359],[-84.304627,42.688082]],[[-84.292634,42.687629],[-84.292619,42.687497]],[[-84.299569,42.687814],[-84.299569,42.687939]],[[-84.317662,42.73309],[-84.317754,42.733436]],[[-84.317557,42.739337],[-84.31799,42.7393]],[[-84.317932,42.744052],[-84.318256,42.744011]],[[-84.273595,42.699206],[-84.27379,42.699224]],[[-84.27313,42.694675],[-84.273326,42.694693]],[[-84.278499,42.693391],[-84.278296,42.693398]],[[-84.293966,42.701224],[-84.294145,42.701218]],[[-84.2935,42.697476],[-84.293015,42.69753]],[[-84.287131,42.693717],[-84.28714,42.693606]],[[-84.280725,42.69252],[-84.280721,42.692708]],[[-84.256828,42.684377],[-84.25679,42.68456]],[[-84.261511,42.685325],[-84.261473,42.685508]],[[-84.266794,42.686411],[-84.266756,42.686594]],[[-84.272604,42.68706],[-84.272638,42.686936]],[[-84.254569,42.683635],[-84.254603,42.68364],[-84.254665,42.683799]],[[-84.254699,42.683883],[-84.254723,42.683943],[-84.257441,42.684509],[-84.262114,42.685449],[-84.262722,42.685474],[-84.263021,42.685542],[-84.263175,42.685581],[-84.263447,42.685621],[-84.2636,42.685656],[-84.263778,42.685745],[-84.264489,42.685895],[-84.264805,42.68603],[-84.265637,42.686219],[-84.2661,42.686257],[-84.267565,42.686581],[-84.268411,42.686723],[-84.268896,42.686836],[-84.270024,42.687083],[-84.270154,42.68675],[-84.270812,42.686698],[-84.271434,42.686823],[-84.272466,42.687033],[-84.273957,42.68735],[-84.274072,42.687418],[-84.274848,42.687561],[-84.274982,42.687426],[-84.275118,42.687012],[-84.275204,42.686799],[-84.274857,42.686707],[-84.27478,42.686613]],[[-84.277996,42.701441],[-84.27802,42.701307],[-84.27798,42.701307]],[[-84.277862,42.701307],[-84.277313,42.701308],[-84.276919,42.701768],[-84.276581,42.701738],[-84.276206,42.702012],[-84.273799,42.701998],[-84.273743,42.701228],[-84.273609,42.699399],[-84.2733,42.696258],[-84.273207,42.695636],[-84.273188,42.69525],[-84.273115,42.694847],[-84.273144,42.694571],[-84.273131,42.694397],[-84.27308,42.694263],[-84.273116,42.694131],[-84.273086,42.693765],[-84.273664,42.693755],[-84.273731,42.693805],[-84.274023,42.693801],[-84.27409,42.69373],[-84.274779,42.693728],[-84.274954,42.693627],[-84.275369,42.69362],[-84.275439,42.693681],[-84.27703,42.693662],[-84.277109,42.693705],[-84.277306,42.693706]],[[-84.278615,42.692123],[-84.278624,42.692193],[-84.278605,42.692409],[-84.27903,42.692524],[-84.281503,42.69251],[-84.281971,42.692498],[-84.282201,42.692502],[-84.282242,42.692437],[-84.282408,42.692439],[-84.282426,42.692681],[-84.282362,42.692708],[-84.282362,42.693081],[-84.28242,42.693695],[-84.285243,42.693723],[-84.289628,42.693709],[-84.289563,42.693184],[-84.289569,42.692939],[-84.289655,42.692533],[-84.289733,42.692267],[-84.29123,42.692049],[-84.291867,42.692065],[-84.292061,42.692248],[-84.292228,42.692549],[-84.29238,42.693788],[-84.292613,42.693848],[-84.292818,42.693945],[-84.29294,42.694121],[-84.293167,42.694153],[-84.293195,42.694445],[-84.293199,42.694664],[-84.293225,42.69487],[-84.293321,42.695889],[-84.293395,42.696774],[-84.293463,42.696799],[-84.293524,42.697878],[-84.293718,42.700328],[-84.293901,42.700506],[-84.294,42.701609],[-84.294397,42.701831],[-84.294408,42.702316],[-84.294379,42.702316]],[[-84.294261,42.702316],[-84.294148,42.702316]],[[-84.277254,42.693943],[-84.27734,42.693943],[-84.277364,42.693712]],[[-84.277425,42.693707],[-84.278467,42.693709],[-84.278525,42.69323],[-84.27855,42.693092],[-84.27855,42.69267],[-84.278592,42.692177],[-84.278585,42.692126]],[[-84.281171,42.682462],[-84.281124,42.682467],[-84.281142,42.682561],[-84.281213,42.683597],[-84.281267,42.684608],[-84.281425,42.684872],[-84.281355,42.684982],[-84.281354,42.685675],[-84.281319,42.685769],[-84.281365,42.686642],[-84.281468,42.686829],[-84.281486,42.687275],[-84.281523,42.687353],[-84.281478,42.687665],[-84.280315,42.687397],[-84.280108,42.687376],[-84.279871,42.687323],[-84.279165,42.68716],[-84.278973,42.687161],[-84.278106,42.686953],[-84.278061,42.6869],[-84.27815,42.686674],[-84.277767,42.686661],[-84.277473,42.686621],[-84.277394,42.686557],[-84.276942,42.686503],[-84.276902,42.68647],[-84.276335,42.686364],[-84.276005,42.686363],[-84.275998,42.686118],[-84.275328,42.686118],[-84.275155,42.686283],[-84.274791,42.686392]],[[-84.281932,42.682725],[-84.282002,42.682725],[-84.281989,42.682475],[-84.281605,42.68248],[-84.28157,42.682425],[-84.281289,42.682451]],[[-84.363587,42.720221],[-84.363587,42.720179],[-84.363497,42.720165],[-84.363498,42.719973],[-84.363451,42.719934]],[[-84.363372,42.71987],[-84.36335,42.719852],[-84.363351,42.718205],[-84.36335,42.71693],[-84.363344,42.715936],[-84.363214,42.715847],[-84.363214,42.715776],[-84.363909,42.715776],[-84.363976,42.715325],[-84.365448,42.710734],[-84.365346,42.710559],[-84.364998,42.710502],[-84.36105,42.709374],[-84.360753,42.709162],[-84.361359,42.708826],[-84.361593,42.708802],[-84.361616,42.708791]],[[-84.362573,42.705366],[-84.363038,42.70536],[-84.363037,42.705176],[-84.363007,42.705176]],[[-84.361744,42.708777],[-84.362433,42.70845],[-84.362425,42.706268],[-84.362421,42.705366],[-84.362455,42.705366]],[[-84.340429,42.673554],[-84.340442,42.673308],[-84.340424,42.673308]],[[-84.318588,42.672551],[-84.318696,42.672552],[-84.3187,42.673128],[-84.321471,42.673806],[-84.340367,42.673562]],[[-84.280996,42.673438],[-84.285036,42.673402],[-84.289433,42.673388],[-84.289434,42.673363]],[[-84.289436,42.673276],[-84.289439,42.673139]],[[-84.281104,42.667883],[-84.281104,42.667855]],[[-84.281104,42.667768],[-84.281104,42.667751],[-84.280672,42.667745],[-84.280617,42.668135],[-84.280596,42.668753],[-84.280463,42.669696],[-84.280993,42.669695],[-84.281021,42.670183],[-84.28106,42.67064],[-84.281017,42.670755],[-84.281017,42.671031],[-84.281105,42.671083],[-84.281105,42.67138],[-84.281063,42.671594],[-84.281133,42.673034],[-84.281161,42.673388],[-84.280943,42.673388],[-84.280939,42.673433]],[[-84.31778,42.732857],[-84.317869,42.732857]],[[-84.317888,42.732856],[-84.317999,42.732857],[-84.317997,42.733019],[-84.317699,42.733086],[-84.317127,42.733105],[-84.3173,42.735546],[-84.317506,42.738543],[-84.317547,42.739172],[-84.317628,42.740589],[-84.317771,42.742468],[-84.317877,42.743845],[-84.318021,42.74442],[-84.317928,42.744735],[-84.317902,42.745004],[-84.318311,42.749285],[-84.318518,42.750609],[-84.318448,42.750633],[-84.31854,42.751834],[-84.318614,42.752059],[-84.319417,42.752137],[-84.319456,42.752228]],[[-84.291456,42.687893],[-84.291537,42.687893],[-84.29166,42.687771],[-84.29166,42.687755]],[[-84.29166,42.687668],[-84.29166,42.687652],[-84.291765,42.687644],[-84.292154,42.687663],[-84.292366,42.687627],[-84.294812,42.68762],[-84.295217,42.687643],[-84.295308,42.687696],[-84.295612,42.687696],[-84.295715,42.687664],[-84.296204,42.687663],[-84.296336,42.687591],[-84.297279,42.687558],[-84.297727,42.687603],[-84.298035,42.687581],[-84.298323,42.687496],[-84.298943,42.687515],[-84.299038,42.687802],[-84.299426,42.687812],[-84.299965,42.687803],[-84.300531,42.687836],[-84.300943,42.687556],[-84.301543,42.687625],[-84.301854,42.687562],[-84.302518,42.687591],[-84.302747,42.687601],[-84.303017,42.687715],[-84.302744,42.688229],[-84.302682,42.688417],[-84.303346,42.688622],[-84.303322,42.688787],[-84.303387,42.689483],[-84.303458,42.689696],[-84.303537,42.689874]],[[-84.303635,42.690103],[-84.303665,42.690096],[-84.303607,42.689947]],[[-84.303562,42.689868],[-84.303483,42.689691],[-84.303414,42.68948],[-84.303348,42.688787],[-84.303374,42.68861],[-84.302713,42.688406],[-84.302769,42.688235],[-84.303038,42.687728],[-84.303585,42.687934],[-84.30361,42.688008],[-84.304176,42.688197],[-84.304335,42.688198],[-84.304565,42.68835],[-84.305759,42.688783],[-84.305945,42.688818],[-84.306051,42.688993],[-84.306343,42.689108],[-84.306719,42.689149],[-84.30715,42.689438],[-84.307361,42.689528],[-84.307279,42.689826],[-84.307213,42.690017],[-84.307873,42.690209],[-84.309332,42.690743],[-84.3095,42.69092],[-84.309864,42.691049],[-84.310834,42.691311],[-84.311392,42.691515],[-84.312187,42.691783],[-84.312217,42.692091],[-84.312414,42.694467],[-84.312385,42.694527],[-84.313129,42.694713],[-84.313151,42.694916]],[[-84.313031,42.694968],[-84.313149,42.69496]],[[-84.313166,42.69496],[-84.313239,42.694957],[-84.313239,42.695217],[-84.31253,42.695259],[-84.312778,42.69812],[-84.31299,42.700342],[-84.31301,42.700941],[-84.313216,42.703353],[-84.313407,42.705454],[-84.313478,42.70664]],[[-84.361836,42.542329],[-84.361834,42.54252]],[[-84.36141,42.541403],[-84.361458,42.541236]],[[-84.358404,42.540158],[-84.358451,42.539991]],[[-84.357679,42.54379],[-84.357799,42.543794]],[[-84.35699,42.55053],[-84.357109,42.550534]],[[-84.354899,42.554185],[-84.3548,42.554041]],[[-84.349014,42.55415],[-84.348916,42.554006]],[[-84.344197,42.554158],[-84.344098,42.554014]],[[-84.33263,42.554064],[-84.332531,42.55392]],[[-84.326048,42.55409],[-84.325949,42.553946]],[[-84.312906,42.530205],[-84.312807,42.530061]],[[-84.308249,42.531492],[-84.308297,42.531722]],[[-84.302298,42.532081],[-84.302448,42.532093]],[[-84.38829,42.561193],[-84.388423,42.561126]],[[-84.395352,42.563446],[-84.395485,42.563379]],[[-84.400623,42.565455],[-84.400756,42.565388]],[[-84.403672,42.561643],[-84.404155,42.561684]],[[-84.444034,42.566016],[-84.444183,42.565866]],[[-84.443396,42.561899],[-84.443154,42.56192]],[[-84.443365,42.55434],[-84.443123,42.554361]],[[-84.443852,42.529849],[-84.443953,42.530037]],[[-84.397794,42.521769],[-84.397816,42.521634]],[[-84.455082,42.573973],[-84.45509,42.574043]],[[-84.447867,42.572368],[-84.448037,42.572354]],[[-84.444226,42.567536],[-84.444397,42.567523]],[[-84.447618,42.58004],[-84.447758,42.580019]],[[-84.448384,42.580884],[-84.448533,42.580878]],[[-84.452587,42.581301],[-84.452591,42.581416]],[[-84.473034,42.581258],[-84.473035,42.581222]],[[-84.479038,42.58126],[-84.479042,42.5812]],[[-84.491589,42.522621],[-84.491591,42.522731]],[[-84.440962,42.581934],[-84.441109,42.581944]]]},"properties":{"id":"fna-member-routes-20260918-5d0fc029ce5941e849c3","sourceId":"fna-member-routes-20260918","source":"Fiber Network Alliance member fiber lines","sourceUrl":"https://www.fibernetworkalliance.com/membership-map-line/","name":"WOW-Lansing published routes","carrier":"WOW-Lansing","category":"unknown","routeStatus":"Status not established","evidence":"publisher_route","dataDate":null,"metadataModified":null,"retrievedAt":"2026-09-18T19:56:04.130240+00:00","networkType":"Published fiber route; precision and network class unverified","serviceability":"Unconfirmed","routeDiversity":"Unconfirmed","states":["MI"],"publishedLineParts":100},"bbox":[-84.491591,42.521634,-84.254569,42.752228]},{"type":"Feature","geometry":{"type":"MultiLineString","coordinates":[[[-84.440948,42.580022],[-84.441095,42.580032]],[[-84.378233,42.609717],[-84.378226,42.609596]],[[-84.366218,42.609571],[-84.366211,42.609451]],[[-84.359487,42.611341],[-84.35948,42.611221]],[[-84.386998,42.624575],[-84.387008,42.624402]],[[-84.377058,42.62525],[-84.37704,42.625394]],[[-84.363548,42.623102],[-84.363346,42.62314]],[[-84.363004,42.618626],[-84.362802,42.618664]],[[-84.35852,42.61751],[-84.358319,42.617548]],[[-84.358421,42.615111],[-84.35856,42.615115]],[[-84.358301,42.613899],[-84.357726,42.61392]],[[-84.433954,42.595501],[-84.434101,42.595333]],[[-84.411491,42.675051],[-84.411571,42.675221]],[[-84.414401,42.671934],[-84.414531,42.671941]],[[-84.418455,42.669873],[-84.41848,42.67004]],[[-84.434259,42.647165],[-84.434595,42.647163]],[[-84.434107,42.644867],[-84.434292,42.644889]],[[-84.434164,42.640705],[-84.434349,42.640727]],[[-84.462988,42.658208],[-84.463784,42.658265]],[[-84.462971,42.656284],[-84.463767,42.656341]],[[-84.463159,42.651159],[-84.463779,42.651182]],[[-84.463348,42.647236],[-84.46324,42.647234]],[[-84.462335,42.648197],[-84.462227,42.648195]],[[-84.463411,42.644219],[-84.463303,42.644217]],[[-84.463741,42.640669],[-84.46389,42.640675]],[[-84.463195,42.610953],[-84.463178,42.611089]],[[-84.458968,42.611747],[-84.459128,42.611752]],[[-84.458831,42.617101],[-84.458991,42.617106]],[[-84.458842,42.621646],[-84.459002,42.621651]],[[-84.458891,42.62827],[-84.459051,42.628275]],[[-84.460129,42.632217],[-84.460152,42.632048]],[[-84.464693,42.633986],[-84.464842,42.633992]],[[-84.464727,42.637396],[-84.464876,42.637402]],[[-84.443415,42.553746],[-84.443362,42.553746],[-84.443362,42.553813]],[[-84.443363,42.5539],[-84.443364,42.554615],[-84.443455,42.555165],[-84.443461,42.558643],[-84.443383,42.561352],[-84.443451,42.564959],[-84.443534,42.56601],[-84.444035,42.566005],[-84.444285,42.56668],[-84.444226,42.566681]],[[-84.395454,42.521792],[-84.395453,42.52176],[-84.395495,42.52176]],[[-84.395612,42.521761],[-84.397819,42.521773],[-84.39783,42.522317],[-84.402023,42.522322],[-84.402433,42.522307],[-84.403215,42.522315]],[[-84.440599,42.582718],[-84.440599,42.582686],[-84.440888,42.582637],[-84.440888,42.582617]],[[-84.440889,42.58253],[-84.440889,42.582499],[-84.440959,42.58246],[-84.44096,42.581486],[-84.440841,42.581454],[-84.440845,42.581168],[-84.440923,42.58111],[-84.44093,42.580935],[-84.440949,42.579685],[-84.440958,42.579499],[-84.440981,42.579388]],[[-84.444241,42.566726],[-84.444239,42.567257],[-84.444196,42.568153],[-84.444149,42.568821],[-84.445273,42.569874],[-84.446983,42.571555],[-84.447001,42.571638],[-84.447204,42.571742],[-84.449177,42.573643],[-84.449212,42.574002],[-84.450939,42.573997],[-84.450961,42.574065],[-84.451165,42.574067],[-84.451174,42.573994],[-84.452614,42.573985],[-84.455415,42.573966],[-84.455484,42.573879],[-84.455743,42.57388],[-84.455872,42.573932],[-84.456002,42.573931]],[[-84.45612,42.573931],[-84.456188,42.573931],[-84.456295,42.573675],[-84.456216,42.573675]],[[-84.471905,42.581077],[-84.471906,42.581134]],[[-84.471907,42.581221],[-84.471907,42.58126],[-84.482394,42.581261],[-84.48395,42.581464],[-84.483964,42.58147]],[[-84.446258,42.579644],[-84.446607,42.579773],[-84.446923,42.579946],[-84.447543,42.579967],[-84.448475,42.58099],[-84.448363,42.581267],[-84.44854,42.581351],[-84.44976,42.58135],[-84.453436,42.581282],[-84.453732,42.581263],[-84.454128,42.581279],[-84.45724,42.581275],[-84.457252,42.581244]],[[-84.457285,42.58116],[-84.457298,42.581126],[-84.457369,42.581113],[-84.457398,42.581052],[-84.45736,42.581052]],[[-84.347714,42.554138],[-84.35596,42.554195],[-84.357187,42.554191],[-84.356985,42.553698],[-84.356976,42.553229],[-84.357223,42.552951],[-84.356932,42.552302],[-84.356927,42.551454],[-84.356931,42.550789],[-84.357117,42.549909],[-84.357677,42.547083],[-84.357675,42.540839],[-84.357927,42.540506],[-84.358041,42.540128],[-84.359105,42.540235],[-84.361393,42.540789],[-84.361093,42.541286],[-84.36142,42.541386],[-84.361081,42.542053],[-84.362438,42.542543]],[[-84.362497,42.542555],[-84.362677,42.54228],[-84.362639,42.542266]],[[-84.325026,42.554442],[-84.325094,42.554441],[-84.325095,42.554263],[-84.325133,42.554212]],[[-84.325192,42.554204],[-84.325248,42.554203],[-84.325377,42.554092],[-84.335409,42.554054],[-84.342816,42.554143],[-84.347596,42.554176]],[[-84.302292,42.533061],[-84.302302,42.531684],[-84.303206,42.531685],[-84.307013,42.531725],[-84.30812,42.531488],[-84.309228,42.531483],[-84.31045,42.531348],[-84.31117,42.531197],[-84.311484,42.531086],[-84.311748,42.530887],[-84.31264,42.530573],[-84.312676,42.530294],[-84.313046,42.530145],[-84.313138,42.530273]],[[-84.313149,42.530319],[-84.313084,42.530344]],[[-84.384453,42.560303],[-84.384586,42.56033],[-84.384693,42.560198]],[[-84.384754,42.560123],[-84.384811,42.560052],[-84.386847,42.560439],[-84.388565,42.561342],[-84.39049,42.561817],[-84.392762,42.56238],[-84.394468,42.563111],[-84.401013,42.565607],[-84.403696,42.5666],[-84.403668,42.562251],[-84.403676,42.559144],[-84.404278,42.558925],[-84.404497,42.558797],[-84.404602,42.558615],[-84.404604,42.558543]],[[-84.490014,42.522073],[-84.490014,42.521955],[-84.490049,42.521955]],[[-84.490167,42.521954],[-84.490343,42.521953],[-84.490345,42.522074],[-84.490505,42.522131],[-84.490604,42.522629],[-84.497523,42.522584],[-84.498055,42.523018],[-84.500548,42.522481],[-84.501369,42.522592],[-84.504977,42.522515],[-84.506249,42.522526]],[[-84.463326,42.658546],[-84.463327,42.658482],[-84.463287,42.658447],[-84.463286,42.658324],[-84.463139,42.658284]],[[-84.463028,42.658253],[-84.462977,42.658239],[-84.462973,42.657584],[-84.462964,42.654866],[-84.463134,42.652579],[-84.463192,42.64915],[-84.462343,42.648757],[-84.462333,42.647565],[-84.462559,42.647496],[-84.462812,42.647524],[-84.463352,42.647344],[-84.463367,42.646444],[-84.463395,42.64489],[-84.46343,42.643593],[-84.463439,42.642889],[-84.46364,42.642792],[-84.463749,42.642539],[-84.463741,42.639852],[-84.464614,42.639844],[-84.464749,42.639769],[-84.46475,42.63971]],[[-84.410837,42.675131],[-84.410837,42.675181]],[[-84.410896,42.675192],[-84.411168,42.675193],[-84.411295,42.675079],[-84.412517,42.674893],[-84.412559,42.674685],[-84.413484,42.674327],[-84.413707,42.674133],[-84.41394,42.67378],[-84.414014,42.673425],[-84.41398,42.671977],[-84.414401,42.671974],[-84.414424,42.670655],[-84.414751,42.670643],[-84.41475,42.669803],[-84.41723,42.669813],[-84.417585,42.669873],[-84.419717,42.66987]],[[-84.434208,42.647342],[-84.43425,42.647341]],[[-84.434256,42.647298],[-84.434252,42.647051],[-84.434115,42.646991],[-84.434103,42.644559],[-84.434239,42.644198],[-84.434092,42.643373],[-84.434098,42.641338],[-84.434237,42.64007],[-84.434098,42.63971],[-84.434104,42.63949]],[[-84.389962,42.624413],[-84.389959,42.624319]],[[-84.358243,42.616123],[-84.35848,42.616097]],[[-84.35849,42.616139],[-84.358498,42.616344],[-84.358214,42.616491],[-84.358264,42.616883],[-84.358623,42.617741],[-84.359841,42.618104],[-84.360822,42.618127],[-84.362024,42.618228],[-84.363346,42.618765],[-84.364395,42.619756],[-84.364426,42.620974],[-84.363595,42.621046],[-84.363545,42.623504],[-84.363532,42.62446],[-84.364416,42.62445],[-84.364619,42.624208],[-84.368857,42.624273],[-84.37028,42.624324],[-84.370263,42.624809],[-84.370935,42.624825],[-84.372359,42.624855],[-84.37244,42.624931],[-84.373031,42.624941],[-84.373135,42.624873],[-84.375318,42.624926],[-84.375464,42.625105],[-84.375796,42.625227],[-84.377877,42.625263],[-84.379255,42.625271],[-84.380649,42.625271],[-84.381867,42.625233],[-84.382012,42.625363],[-84.382966,42.625329],[-84.38336,42.624645],[-84.384523,42.624659],[-84.385819,42.624596],[-84.38891,42.624564],[-84.389251,42.624316],[-84.389899,42.624315]],[[-84.358345,42.614127],[-84.358423,42.615232],[-84.358485,42.616051]],[[-84.358315,42.614041],[-84.35828,42.613422],[-84.358097,42.612535],[-84.35747,42.611773],[-84.357465,42.611377],[-84.359673,42.611342],[-84.360306,42.611075],[-84.362322,42.609983],[-84.362832,42.609953],[-84.363021,42.610143],[-84.364093,42.609763],[-84.363917,42.609292],[-84.36412,42.60924],[-84.365221,42.609562],[-84.3826,42.609772],[-84.383073,42.60979],[-84.383091,42.609783]],[[-84.383197,42.609746],[-84.38325,42.609727],[-84.383651,42.609719],[-84.383651,42.609792],[-84.383592,42.609876],[-84.383559,42.609876]],[[-84.464779,42.639623],[-84.464775,42.638982],[-84.464736,42.638736],[-84.464691,42.634291],[-84.464724,42.632824],[-84.464034,42.632321],[-84.463603,42.632253],[-84.461837,42.632209],[-84.459797,42.632221],[-84.459,42.632258],[-84.458985,42.631747],[-84.458941,42.631607],[-84.458934,42.630978],[-84.458968,42.630527],[-84.458927,42.630384],[-84.458888,42.628301],[-84.458869,42.624312],[-84.458862,42.62336],[-84.458895,42.622244],[-84.458834,42.622049],[-84.458838,42.61889],[-84.45873,42.618333],[-84.458836,42.618066],[-84.458826,42.615589],[-84.458586,42.615296],[-84.458586,42.61484],[-84.458865,42.614783],[-84.458902,42.612952],[-84.458985,42.61126],[-84.45956,42.61117],[-84.459554,42.610892],[-84.460462,42.61092],[-84.464022,42.610966],[-84.464044,42.61086]],[[-84.464062,42.610774],[-84.464089,42.610644],[-84.464055,42.610585],[-84.464003,42.610585]],[[-84.443275,42.529771],[-84.44349,42.529775],[-84.443585,42.529861],[-84.44386,42.529852],[-84.443852,42.529635]],[[-84.433743,42.59551],[-84.434007,42.595501]],[[-84.346392,42.748935],[-84.346523,42.748935]],[[-84.34644,42.746176],[-84.346572,42.746176]],[[-84.346257,42.744901],[-84.346522,42.744893]],[[-84.347354,42.74464],[-84.347364,42.744778]],[[-84.356549,42.744622],[-84.356558,42.744759]],[[-84.360131,42.740926],[-84.360325,42.740942]],[[-84.360766,42.739979],[-84.36081,42.739799]],[[-84.363892,42.73852],[-84.364133,42.738529]],[[-84.364032,42.733029],[-84.364273,42.733038]],[[-84.364129,42.728013],[-84.36437,42.728021]],[[-84.363902,42.721841],[-84.364143,42.721849]],[[-84.363923,42.716139],[-84.364164,42.716148]],[[-84.36322,42.709976],[-84.363072,42.710123]],[[-84.360848,42.709128],[-84.360622,42.709105]],[[-84.361593,42.708824],[-84.361894,42.709116]],[[-84.362399,42.708286],[-84.362174,42.708264]],[[-84.362387,42.705042],[-84.362161,42.705019]],[[-84.362414,42.700212],[-84.362189,42.70019]],[[-84.362619,42.694891],[-84.362393,42.694869]],[[-84.362687,42.688967],[-84.362461,42.688945]],[[-84.362744,42.682844],[-84.362519,42.682821]],[[-84.362755,42.677812],[-84.362529,42.67779]],[[-84.306955,42.689278],[-84.307051,42.689075]],[[-84.318347,42.749726],[-84.318161,42.749796]],[[-84.317966,42.744291],[-84.31778,42.74436]],[[-84.317531,42.738978],[-84.317275,42.739082]],[[-84.317088,42.732924],[-84.316832,42.733028]],[[-84.316082,42.730424],[-84.31557,42.730608]],[[-84.309614,42.729904],[-84.309661,42.729726]]]},"properties":{"id":"fna-member-routes-20260918-aa586583fb91b57484fa","sourceId":"fna-member-routes-20260918","source":"Fiber Network Alliance member fiber lines","sourceUrl":"https://www.fibernetworkalliance.com/membership-map-line/","name":"WOW-Lansing published routes","carrier":"WOW-Lansing","category":"unknown","routeStatus":"Status not established","evidence":"publisher_route","dataDate":null,"metadataModified":null,"retrievedAt":"2026-09-18T19:56:04.130240+00:00","networkType":"Published fiber route; precision and network class unverified","serviceability":"Unconfirmed","routeDiversity":"Unconfirmed","states":["MI"],"publishedLineParts":100},"bbox":[-84.506249,42.52176,-84.302292,42.749796]},{"type":"Feature","geometry":{"type":"MultiLineString","coordinates":[[[-84.304533,42.726877],[-84.304366,42.726884]],[[-84.304182,42.724145],[-84.304015,42.724152]],[[-84.306334,42.72209],[-84.306166,42.722097]],[[-84.307969,42.716227],[-84.307941,42.71609]],[[-84.315119,42.714493],[-84.314981,42.714427]],[[-84.314832,42.711832],[-84.314694,42.711766]],[[-84.316762,42.708531],[-84.316764,42.708439]],[[-84.316663,42.707743],[-84.316648,42.707848]],[[-84.313507,42.707605],[-84.31342,42.707612]],[[-84.313334,42.70501],[-84.313176,42.705008]],[[-84.312903,42.699743],[-84.312745,42.699742]],[[-84.312326,42.694712],[-84.312168,42.69471]],[[-84.298915,42.687488],[-84.298967,42.687355]],[[-84.287893,42.687823],[-84.287946,42.687689]],[[-84.27961,42.687285],[-84.279663,42.687152]],[[-84.256234,42.684288],[-84.256224,42.68444]],[[-84.260565,42.685163],[-84.260556,42.685316]],[[-84.270289,42.68676],[-84.270357,42.686634]],[[-84.273826,42.687346],[-84.273893,42.68722]],[[-84.277745,42.688975],[-84.277598,42.689262]],[[-84.278679,42.69167],[-84.278452,42.691638]],[[-84.362826,42.674266],[-84.362601,42.674244]],[[-84.363175,42.671353],[-84.362949,42.67133]],[[-84.362079,42.672891],[-84.3621,42.672626]],[[-84.356238,42.672481],[-84.356262,42.672604]],[[-84.34373,42.672491],[-84.343755,42.672615]],[[-84.333189,42.673693],[-84.333214,42.673817]],[[-84.323315,42.673805],[-84.32334,42.673929]],[[-84.317837,42.672714],[-84.317837,42.672599]],[[-84.309919,42.672218],[-84.309919,42.672103]],[[-84.298962,42.672251],[-84.298962,42.672136]],[[-84.288121,42.673417],[-84.28813,42.673574]],[[-84.281857,42.673456],[-84.281866,42.673613]],[[-84.280841,42.674029],[-84.281054,42.674041]],[[-84.280354,42.678716],[-84.280567,42.678729]],[[-84.281155,42.683192],[-84.280986,42.683207]],[[-84.278604,42.687051],[-84.278657,42.686918]],[[-84.275645,42.686524],[-84.276051,42.686946]],[[-84.278574,42.692039],[-84.278562,42.691954],[-84.279177,42.690488],[-84.279301,42.690134],[-84.279243,42.690063],[-84.279249,42.689923],[-84.279475,42.689406],[-84.279191,42.689299],[-84.278144,42.689052],[-84.276692,42.688757],[-84.276572,42.688901],[-84.276233,42.688823],[-84.276164,42.688647],[-84.27581,42.688583],[-84.275203,42.688438],[-84.274646,42.688352],[-84.274792,42.687928],[-84.274827,42.687912],[-84.274859,42.687813],[-84.274854,42.687721],[-84.274903,42.687571],[-84.275031,42.687442],[-84.275169,42.687022],[-84.275268,42.686775],[-84.274892,42.686675],[-84.274825,42.686593]],[[-84.280936,42.673456],[-84.28055,42.675736],[-84.280184,42.677624],[-84.280362,42.678787],[-84.279512,42.678806],[-84.279482,42.680369],[-84.279422,42.6804],[-84.279422,42.680573],[-84.27999,42.680555],[-84.280915,42.680443],[-84.281062,42.680431],[-84.281114,42.680926],[-84.281104,42.681165],[-84.281034,42.681387],[-84.281092,42.682441],[-84.281116,42.682563],[-84.281187,42.683598],[-84.281241,42.684612],[-84.281396,42.684872],[-84.281329,42.684977],[-84.281328,42.685672],[-84.281292,42.685767],[-84.281339,42.686646],[-84.281442,42.686833],[-84.28146,42.687279],[-84.281496,42.687355],[-84.281455,42.687639],[-84.280321,42.687378],[-84.280114,42.687357],[-84.279879,42.687305],[-84.279168,42.68714],[-84.278977,42.687142],[-84.278123,42.686937],[-84.27809,42.686897],[-84.278185,42.686655],[-84.27777,42.686642],[-84.277486,42.686603],[-84.277407,42.686539],[-84.276956,42.686484],[-84.276916,42.686453],[-84.276338,42.686344],[-84.276031,42.686344],[-84.276024,42.686098],[-84.275315,42.686098],[-84.275138,42.686267],[-84.274705,42.686395]],[[-84.360305,42.739896],[-84.360627,42.739942],[-84.361,42.740036],[-84.361548,42.740236],[-84.362833,42.74071],[-84.363253,42.740749],[-84.363258,42.740256],[-84.363908,42.740314],[-84.363915,42.740148],[-84.363885,42.739971],[-84.363917,42.736173],[-84.364052,42.736009],[-84.364054,42.735368],[-84.364178,42.735087],[-84.364187,42.734569],[-84.364031,42.734467],[-84.36405,42.730742],[-84.364281,42.73051],[-84.364285,42.730195],[-84.364098,42.730061],[-84.364102,42.729876],[-84.364161,42.728694],[-84.364087,42.727551],[-84.364133,42.725336],[-84.363896,42.725254],[-84.363965,42.724061],[-84.363892,42.723602],[-84.363903,42.720752],[-84.363933,42.715793],[-84.364002,42.715328],[-84.365476,42.710733],[-84.365365,42.710543],[-84.365006,42.710483],[-84.361064,42.709358],[-84.360793,42.709164],[-84.361369,42.708844],[-84.361602,42.708821],[-84.36163,42.708807]],[[-84.346231,42.74478],[-84.346204,42.744638],[-84.348438,42.744633],[-84.348546,42.744686],[-84.348806,42.744685],[-84.348896,42.744628],[-84.354723,42.744621],[-84.357627,42.744615],[-84.360106,42.744617],[-84.360173,42.743122],[-84.360173,42.742268],[-84.360129,42.742205],[-84.360129,42.740255],[-84.360279,42.740255],[-84.360294,42.739939]],[[-84.36173,42.70876],[-84.362407,42.708439],[-84.362398,42.706268],[-84.362384,42.703134],[-84.362351,42.70217],[-84.362364,42.701518],[-84.362388,42.700989],[-84.362439,42.699799],[-84.362438,42.699449],[-84.362372,42.699319],[-84.362523,42.695382],[-84.362692,42.694404],[-84.362806,42.69434],[-84.362804,42.693925],[-84.362697,42.693623],[-84.36269,42.691167],[-84.362795,42.691103],[-84.36279,42.690787],[-84.362686,42.690705],[-84.362663,42.689571],[-84.362702,42.688794],[-84.362702,42.688458],[-84.362662,42.68727],[-84.362795,42.687098],[-84.362797,42.686653],[-84.362676,42.68646],[-84.36266,42.68406],[-84.362748,42.683548],[-84.362694,42.683344],[-84.362748,42.682752],[-84.362689,42.681534],[-84.362772,42.677486],[-84.362812,42.676038],[-84.362785,42.674771],[-84.362823,42.674672],[-84.362826,42.672908]],[[-84.318587,42.67257],[-84.31867,42.672571],[-84.318674,42.673142],[-84.321467,42.673826],[-84.342034,42.673587],[-84.341993,42.672491],[-84.349869,42.672475],[-84.356941,42.672476],[-84.356945,42.672987],[-84.360692,42.672947],[-84.36129,42.672893],[-84.362767,42.672894]],[[-84.301182,42.67221],[-84.306446,42.672235],[-84.312239,42.672215],[-84.314848,42.67221],[-84.314848,42.672699],[-84.318143,42.672723],[-84.318333,42.672571],[-84.318469,42.672571]],[[-84.280996,42.673457],[-84.285036,42.673421],[-84.289482,42.673408],[-84.290466,42.672694],[-84.29066,42.672341],[-84.295053,42.672322],[-84.299398,42.672247],[-84.299558,42.672034],[-84.299966,42.672034],[-84.300049,42.672217],[-84.301064,42.67221]],[[-84.274863,42.686393],[-84.275171,42.686299],[-84.27534,42.686137],[-84.275972,42.686137],[-84.27598,42.686383],[-84.276331,42.686383],[-84.276888,42.686487],[-84.276929,42.686521],[-84.27738,42.686575],[-84.277459,42.686639],[-84.277764,42.686681],[-84.278115,42.686692],[-84.278033,42.686903],[-84.278089,42.686969],[-84.278969,42.687181],[-84.279161,42.687179],[-84.279864,42.687342],[-84.280103,42.687395],[-84.280309,42.687416],[-84.281593,42.687712],[-84.281629,42.687605],[-84.281864,42.687469],[-84.282316,42.687152],[-84.282433,42.687129],[-84.282587,42.68706],[-84.283646,42.686787],[-84.283802,42.686854],[-84.283856,42.687022],[-84.283781,42.687155],[-84.283888,42.687459],[-84.283948,42.687488],[-84.284025,42.687807],[-84.284155,42.687817],[-84.284247,42.688068],[-84.284184,42.688092],[-84.284207,42.688154],[-84.284241,42.688348],[-84.284319,42.688581],[-84.28482,42.688533],[-84.285365,42.688401],[-84.285388,42.688357],[-84.285724,42.688314],[-84.28583,42.688213],[-84.28649,42.688061],[-84.286832,42.6881],[-84.287001,42.687997],[-84.287923,42.687818],[-84.288359,42.687776],[-84.28845,42.687817],[-84.2886,42.687798],[-84.288809,42.687699],[-84.289813,42.687607],[-84.291287,42.687628],[-84.291417,42.687652],[-84.291765,42.687624],[-84.292152,42.687644],[-84.292363,42.687608],[-84.294813,42.6876],[-84.295227,42.687624],[-84.295317,42.687677],[-84.295607,42.687677],[-84.29571,42.687645],[-84.296195,42.687644],[-84.296327,42.687572],[-84.29728,42.687539],[-84.297728,42.687583],[-84.298029,42.687562],[-84.298318,42.687476],[-84.298963,42.687496],[-84.299059,42.687783],[-84.299426,42.687793],[-84.299966,42.687783],[-84.300522,42.687816],[-84.300936,42.687537],[-84.301541,42.687605],[-84.301852,42.687543],[-84.302519,42.687572],[-84.302754,42.687582],[-84.30314,42.687744],[-84.303608,42.68792],[-84.303632,42.687994],[-84.304181,42.688177],[-84.304345,42.688179],[-84.30458,42.688334],[-84.305768,42.688764],[-84.305964,42.688802],[-84.306071,42.688979],[-84.306351,42.689089],[-84.306731,42.689131],[-84.307165,42.689422],[-84.307391,42.689518],[-84.307304,42.68983],[-84.307244,42.690005],[-84.307883,42.690191],[-84.30935,42.690728],[-84.309517,42.690904],[-84.309874,42.691031],[-84.310845,42.691293],[-84.311403,42.691497],[-84.312212,42.691771],[-84.312244,42.69209],[-84.31244,42.69447],[-84.31229,42.69478],[-84.312329,42.695131],[-84.312506,42.695283],[-84.312751,42.698122],[-84.312963,42.700343],[-84.312984,42.700942],[-84.31319,42.703354],[-84.313381,42.705455],[-84.313452,42.706641]],[[-84.315743,42.71589],[-84.31582,42.715893]],[[-84.313457,42.706728],[-84.313533,42.707995],[-84.314646,42.707862],[-84.316981,42.707722],[-84.317778,42.707674],[-84.317808,42.70824],[-84.317342,42.70824],[-84.317268,42.708499],[-84.314524,42.708656],[-84.314796,42.711486],[-84.314965,42.713056],[-84.315209,42.71531],[-84.315643,42.715384],[-84.315679,42.715673],[-84.315807,42.715749],[-84.315821,42.715851]],[[-84.27488,42.686425],[-84.274951,42.686405],[-84.275274,42.686405],[-84.275643,42.686434],[-84.275643,42.686476]],[[-84.275643,42.686491],[-84.275643,42.686542],[-84.275562,42.686542]],[[-84.315833,42.715937],[-84.315837,42.715965],[-84.315656,42.71606],[-84.315669,42.716282],[-84.314783,42.716281],[-84.31427,42.716241],[-84.310285,42.716243],[-84.308566,42.716218],[-84.306045,42.716267],[-84.306325,42.719483],[-84.306331,42.720353],[-84.3063,42.721201],[-84.306238,42.721543],[-84.30664,42.723721],[-84.304152,42.723862],[-84.3043,42.72504],[-84.304336,42.725678],[-84.304865,42.728832],[-84.305019,42.729764],[-84.309742,42.729908],[-84.310971,42.729933],[-84.312414,42.729969],[-84.313432,42.729829],[-84.315329,42.730197],[-84.315472,42.730081],[-84.315798,42.730089],[-84.316089,42.730428],[-84.316183,42.730478],[-84.316917,42.730478],[-84.316932,42.730718],[-84.317273,42.735547],[-84.31748,42.738549],[-84.317521,42.739172],[-84.317602,42.74059],[-84.317744,42.742469],[-84.317851,42.743847],[-84.317994,42.74442],[-84.317902,42.744732],[-84.317875,42.745004],[-84.318285,42.749287],[-84.31849,42.750598],[-84.31827,42.750674],[-84.317878,42.751366],[-84.316353,42.751369],[-84.316357,42.752316],[-84.313719,42.75231]],[[-84.302318,42.534044],[-84.302499,42.53406]],[[-84.302439,42.538429],[-84.30262,42.538445]],[[-84.302734,42.544527],[-84.302915,42.544543]],[[-84.302628,42.55076],[-84.302809,42.550776]],[[-84.304472,42.553071],[-84.304576,42.553019]],[[-84.310547,42.554096],[-84.31055,42.553976]],[[-84.322168,42.554084],[-84.322172,42.553964]],[[-84.333173,42.554041],[-84.333176,42.553921]],[[-84.343364,42.554123],[-84.343367,42.554004]],[[-84.34863,42.554164],[-84.348632,42.554263]],[[-84.357695,42.554203],[-84.35776,42.554048]],[[-84.366283,42.554222],[-84.366348,42.554067]],[[-84.376323,42.556697],[-84.376471,42.556624]],[[-84.381646,42.559276],[-84.381793,42.559203]],[[-84.388077,42.561059],[-84.388224,42.560986]],[[-84.395819,42.563608],[-84.395967,42.563535]],[[-84.40028,42.565305],[-84.400428,42.565232]],[[-84.403642,42.561515],[-84.403487,42.561516]],[[-84.404545,42.558389],[-84.404696,42.558401]],[[-84.404362,42.556969],[-84.404512,42.55698]],[[-84.406926,42.55791],[-84.406757,42.557951]],[[-84.410113,42.561352],[-84.409944,42.561393]],[[-84.413747,42.565688],[-84.413578,42.56573]],[[-84.4236,42.566317],[-84.423614,42.566179]],[[-84.432954,42.566322],[-84.432967,42.566184]],[[-84.403381,42.523042],[-84.40343,42.523187]],[[-84.411443,42.522731],[-84.411491,42.522877]],[[-84.4231,42.522787],[-84.423149,42.522932]],[[-84.433885,42.522567],[-84.433934,42.522713]],[[-84.440762,42.52257],[-84.440811,42.522715]],[[-84.443321,42.523333],[-84.443079,42.523353]],[[-84.443311,42.526859],[-84.443069,42.52688]],[[-84.443395,42.530055],[-84.443153,42.530075]],[[-84.443414,42.530966],[-84.443172,42.530986]],[[-84.443445,42.53482],[-84.443203,42.53484]],[[-84.443457,42.538129],[-84.443214,42.538149]],[[-84.44352,42.545239],[-84.443278,42.545259]],[[-84.443481,42.549169],[-84.443239,42.549189]],[[-84.443372,42.554819],[-84.44313,42.55484]],[[-84.443364,42.561726],[-84.443122,42.561747]],[[-84.443453,42.565356],[-84.443211,42.565376]],[[-84.445104,42.503979],[-84.445389,42.503989]],[[-84.445507,42.50759],[-84.445483,42.507399]],[[-84.452182,42.507614],[-84.452159,42.507424]],[[-84.453598,42.510514],[-84.45334,42.510522]],[[-84.453637,42.516528],[-84.453378,42.516536]],[[-84.453631,42.520874],[-84.453373,42.520882]],[[-84.452768,42.522312],[-84.452764,42.522184]]]},"properties":{"id":"fna-member-routes-20260918-1580a3d971088f22e62e","sourceId":"fna-member-routes-20260918","source":"Fiber Network Alliance member fiber lines","sourceUrl":"https://www.fibernetworkalliance.com/membership-map-line/","name":"WOW-Lansing published routes","carrier":"WOW-Lansing","category":"unknown","routeStatus":"Status not established","evidence":"publisher_route","dataDate":null,"metadataModified":null,"retrievedAt":"2026-09-18T19:56:04.130240+00:00","networkType":"Published fiber route; precision and network class unverified","serviceability":"Unconfirmed","routeDiversity":"Unconfirmed","states":["MI"],"publishedLineParts":100},"bbox":[-84.453637,42.503979,-84.256224,42.752316]},{"type":"Feature","geometry":{"type":"MultiLineString","coordinates":[[[-84.44952,42.522324],[-84.449516,42.522196]],[[-84.443287,42.523204],[-84.443097,42.523219]],[[-84.443278,42.526687],[-84.443089,42.526702]],[[-84.443345,42.53025],[-84.443155,42.530266]],[[-84.443368,42.531842],[-84.443179,42.531858]],[[-84.443386,42.535039],[-84.443196,42.535054]],[[-84.443438,42.538322],[-84.443248,42.538338]],[[-84.443488,42.545131],[-84.443298,42.545147]],[[-84.443448,42.549052],[-84.443258,42.549067]],[[-84.443356,42.554931],[-84.443167,42.554946]],[[-84.443333,42.561623],[-84.443143,42.561638]],[[-84.44343,42.565437],[-84.44324,42.565453]],[[-84.436515,42.566112],[-84.436515,42.566066]],[[-84.436222,42.566136],[-84.436232,42.566183]],[[-84.442859,42.566155],[-84.442878,42.566191]],[[-84.444211,42.567429],[-84.444382,42.567416]],[[-84.449194,42.574267],[-84.449365,42.574253]],[[-84.449219,42.578789],[-84.44939,42.578775]],[[-84.448233,42.580686],[-84.448404,42.580672]],[[-84.490842,42.582325],[-84.490835,42.58247]],[[-84.48449,42.581713],[-84.484484,42.581858]],[[-84.479835,42.581281],[-84.479828,42.581426]],[[-84.46718,42.580888],[-84.467183,42.580791]],[[-84.456463,42.581297],[-84.456454,42.581397]],[[-84.450414,42.581358],[-84.450406,42.581458]],[[-84.358343,42.613969],[-84.358502,42.614048]],[[-84.357851,42.611393],[-84.357856,42.611489]],[[-84.366078,42.609595],[-84.366082,42.609691]],[[-84.378062,42.609742],[-84.378066,42.609838]],[[-84.388779,42.610552],[-84.388786,42.610421]],[[-84.399075,42.610277],[-84.399349,42.610295]],[[-84.404312,42.605974],[-84.404586,42.605992]],[[-84.404573,42.600282],[-84.404847,42.6003]],[[-84.404724,42.595599],[-84.404998,42.595617]],[[-84.41146,42.595154],[-84.41157,42.594988]],[[-84.423633,42.594129],[-84.423742,42.593962]],[[-84.430372,42.594234],[-84.430482,42.594067]],[[-84.368079,42.668267],[-84.368096,42.6681]],[[-84.378635,42.66859],[-84.378653,42.668422]],[[-84.387583,42.668735],[-84.3876,42.668568]],[[-84.393181,42.670096],[-84.393308,42.669922]],[[-84.400658,42.671201],[-84.400785,42.671027]],[[-84.408009,42.673181],[-84.408136,42.673008]],[[-84.411987,42.674954],[-84.412076,42.675121]],[[-84.414722,42.670107],[-84.414579,42.670107]],[[-84.418552,42.66985],[-84.418559,42.669698]],[[-84.423599,42.669845],[-84.423625,42.670011]],[[-84.431475,42.669832],[-84.431501,42.669999]],[[-84.434014,42.668096],[-84.434199,42.668118]],[[-84.434153,42.661724],[-84.434338,42.661746]],[[-84.434134,42.655659],[-84.434319,42.655681]],[[-84.434181,42.650102],[-84.434366,42.650124]],[[-84.434137,42.64475],[-84.434322,42.644772]],[[-84.434215,42.640554],[-84.4344,42.640576]],[[-84.463867,42.639033],[-84.463869,42.639151]],[[-84.457165,42.63891],[-84.457167,42.639027]],[[-84.447514,42.639432],[-84.447517,42.639312]],[[-84.437183,42.639461],[-84.437186,42.639341]],[[-84.434145,42.637368],[-84.43433,42.63739]],[[-84.434323,42.632982],[-84.434508,42.633004]],[[-84.434169,42.62814],[-84.434354,42.628162]],[[-84.434186,42.624918],[-84.43441,42.624874]],[[-84.434183,42.622191],[-84.434326,42.622207]],[[-84.434165,42.61624],[-84.434308,42.616256]],[[-84.434151,42.612434],[-84.434294,42.61245]],[[-84.43413,42.608927],[-84.434273,42.608942]],[[-84.434143,42.605393],[-84.434286,42.605409]],[[-84.434119,42.600427],[-84.434261,42.600443]],[[-84.434067,42.596631],[-84.43421,42.596647]],[[-84.43403,42.59446],[-84.434173,42.594476]],[[-84.436376,42.590299],[-84.436519,42.590314]],[[-84.439536,42.586006],[-84.439586,42.58601]],[[-84.440995,42.583829],[-84.441141,42.583839]],[[-84.440973,42.580076],[-84.441119,42.580085]],[[-84.444303,42.579335],[-84.444377,42.579214]],[[-84.404472,42.558492],[-84.404572,42.558498]],[[-84.347714,42.554158],[-84.35596,42.554214],[-84.362333,42.554192],[-84.369086,42.554249],[-84.370154,42.55444],[-84.371774,42.555027],[-84.374452,42.556028],[-84.375982,42.556527],[-84.376996,42.557026],[-84.37808,42.55787],[-84.378955,42.558449],[-84.381962,42.559374],[-84.3845,42.559973],[-84.386859,42.560421],[-84.388577,42.561324],[-84.390498,42.561799],[-84.392773,42.562363],[-84.39448,42.563094],[-84.401025,42.565589],[-84.403669,42.566569],[-84.403642,42.562251],[-84.40365,42.559132],[-84.404264,42.558908],[-84.404476,42.558785],[-84.404576,42.558611],[-84.404578,42.558543]],[[-84.446176,42.580086],[-84.446276,42.580087],[-84.446277,42.579987],[-84.446076,42.579748]],[[-84.362826,42.672881],[-84.362824,42.6726],[-84.363119,42.672486],[-84.363249,42.670085],[-84.36367,42.670086],[-84.363677,42.66937],[-84.363682,42.668168],[-84.368028,42.668266],[-84.374921,42.668454],[-84.382223,42.668701],[-84.389616,42.668751],[-84.390093,42.668679],[-84.39078,42.669016],[-84.390988,42.668992],[-84.391343,42.669131],[-84.39157,42.669404],[-84.394032,42.67047],[-84.395819,42.670516],[-84.401328,42.671302],[-84.40283,42.671523],[-84.404192,42.671717],[-84.405424,42.672025],[-84.406022,42.672232],[-84.406859,42.672593],[-84.409977,42.674206],[-84.411123,42.674798],[-84.411285,42.675061],[-84.412494,42.674876],[-84.412535,42.674673],[-84.413467,42.674312],[-84.413685,42.674122],[-84.413915,42.673774],[-84.413987,42.673423],[-84.413954,42.671958],[-84.414375,42.671955],[-84.414398,42.670636],[-84.414725,42.670624],[-84.414724,42.669784],[-84.417233,42.669794],[-84.417588,42.669853],[-84.419717,42.66985]],[[-84.453644,42.521784],[-84.453641,42.518621],[-84.453612,42.512324],[-84.453595,42.507619],[-84.445188,42.507596],[-84.444924,42.507581],[-84.444925,42.507564]],[[-84.444929,42.507477],[-84.445111,42.503778],[-84.445103,42.497293]],[[-84.443268,42.529815],[-84.44327,42.529895],[-84.443349,42.53011],[-84.443397,42.533565],[-84.443401,42.534336]],[[-84.453643,42.521871],[-84.453643,42.522313],[-84.44439,42.522346],[-84.443294,42.522338],[-84.443297,42.524417],[-84.443262,42.525893],[-84.44327,42.526718],[-84.443384,42.527972],[-84.443406,42.529026],[-84.443332,42.529432],[-84.443316,42.529603],[-84.443265,42.52971],[-84.443266,42.529727]],[[-84.40323,42.522359],[-84.403233,42.523113],[-84.404288,42.5226],[-84.411603,42.522726],[-84.416906,42.522749],[-84.416906,42.522456],[-84.418007,42.522464],[-84.419124,42.522762],[-84.425859,42.522781],[-84.426229,42.521976],[-84.428246,42.52197],[-84.428572,42.522417],[-84.429093,42.522422],[-84.429243,42.522508],[-84.43398,42.522572],[-84.439958,42.522547],[-84.443321,42.52264],[-84.443324,42.524417],[-84.443288,42.525893],[-84.443297,42.526717],[-84.44341,42.527971],[-84.443433,42.529028],[-84.443359,42.529431],[-84.443324,42.529908],[-84.443411,42.530089],[-84.443424,42.533565],[-84.443455,42.534331],[-84.443375,42.536939],[-84.443411,42.537244],[-84.44349,42.538718],[-84.443485,42.538906],[-84.443423,42.538977],[-84.443384,42.541965],[-84.443527,42.544562],[-84.443462,42.550691],[-84.443532,42.551211],[-84.443561,42.551933],[-84.443285,42.553443],[-84.443338,42.554616],[-84.443428,42.555166],[-84.443435,42.558643],[-84.443357,42.561352],[-84.443425,42.56496],[-84.44351,42.56603],[-84.444015,42.566025],[-84.444241,42.566634]],[[-84.435628,42.566746],[-84.435681,42.566696],[-84.435717,42.566433],[-84.435899,42.566115],[-84.43825,42.566116],[-84.438763,42.566117],[-84.441335,42.56613],[-84.443344,42.566134],[-84.443432,42.566031],[-84.443483,42.56603],[-84.443399,42.56496],[-84.44333,42.561352],[-84.443408,42.558643],[-84.443402,42.555167],[-84.443311,42.554617],[-84.443256,42.553447],[-84.443534,42.551932],[-84.443506,42.551213],[-84.443435,42.550692],[-84.4435,42.544563],[-84.443358,42.541965],[-84.443397,42.538971],[-84.443459,42.5389],[-84.443463,42.538718],[-84.443384,42.537246],[-84.443349,42.53694],[-84.443399,42.534423]],[[-84.302294,42.533148],[-84.302388,42.536075],[-84.302493,42.539773],[-84.302563,42.543463],[-84.302743,42.544275],[-84.302742,42.545131],[-84.302746,42.548566],[-84.30259,42.551459],[-84.30262,42.552361],[-84.303735,42.552374],[-84.304393,42.55241],[-84.304474,42.552939],[-84.304455,42.55334],[-84.304505,42.553431],[-84.304561,42.554114],[-84.32114,42.554073],[-84.325095,42.554131],[-84.325374,42.554073],[-84.335409,42.554034],[-84.342817,42.554124],[-84.347596,42.554157]],[[-84.40458,42.558455],[-84.404582,42.558413],[-84.40438,42.558281],[-84.404374,42.557647],[-84.404354,42.555425],[-84.405369,42.556025],[-84.406115,42.556569],[-84.40714,42.557377],[-84.406721,42.557825],[-84.407201,42.55802],[-84.407401,42.558297],[-84.408683,42.55959],[-84.410166,42.561408],[-84.411638,42.563207],[-84.413163,42.565001],[-84.413388,42.565116],[-84.413558,42.565454],[-84.414168,42.566178],[-84.414693,42.566183],[-84.414846,42.566152],[-84.415449,42.566153],[-84.417725,42.566191],[-84.419648,42.566219],[-84.421614,42.566285],[-84.422881,42.566321],[-84.424203,42.566322],[-84.432639,42.56632],[-84.433897,42.566335],[-84.43538,42.56642],[-84.435406,42.566776],[-84.435534,42.56686],[-84.435575,42.566825]],[[-84.435648,42.566758],[-84.435707,42.566703],[-84.435743,42.566438],[-84.435917,42.566135],[-84.43825,42.566136],[-84.438763,42.566137],[-84.441335,42.56615],[-84.443359,42.566154],[-84.443447,42.56605],[-84.443995,42.566044],[-84.444215,42.566639]],[[-84.446223,42.57961],[-84.44662,42.579757],[-84.446932,42.579927],[-84.447558,42.579948],[-84.448504,42.580987],[-84.448393,42.581258],[-84.448548,42.581331],[-84.449543,42.58133],[-84.449545,42.581179],[-84.449246,42.580691],[-84.448971,42.580175],[-84.448806,42.579781],[-84.448646,42.579227],[-84.448648,42.579049],[-84.449179,42.579039],[-84.449222,42.578773],[-84.449095,42.578536],[-84.449157,42.578437],[-84.449191,42.578119],[-84.449214,42.577833],[-84.449198,42.577228],[-84.44918,42.576855],[-84.449197,42.576209],[-84.449195,42.57516],[-84.449186,42.574008],[-84.449151,42.57365],[-84.447186,42.571756],[-84.446977,42.571649],[-84.446958,42.571563],[-84.445252,42.569886],[-84.444122,42.568827],[-84.44417,42.568152],[-84.444212,42.567257],[-84.444215,42.566726]],[[-84.44682,42.579858],[-84.446902,42.579741]],[[-84.419836,42.66985],[-84.432357,42.669831],[-84.433992,42.669305],[-84.434004,42.668272],[-84.43411,42.666551],[-84.434135,42.665217],[-84.4343,42.664849],[-84.434149,42.664605],[-84.434142,42.663872],[-84.434149,42.658804],[-84.434072,42.657937],[-84.434222,42.65745],[-84.434111,42.655281],[-84.43412,42.654041],[-84.434199,42.652988],[-84.434156,42.647753],[-84.434318,42.647617],[-84.434308,42.647049],[-84.434141,42.646979],[-84.434129,42.644562],[-84.434266,42.6442],[-84.434118,42.643372],[-84.434124,42.641339],[-84.434263,42.640068],[-84.434124,42.639708],[-84.43413,42.63949]],[[-84.434143,42.639442],[-84.434208,42.639442],[-84.434254,42.639416],[-84.434387,42.639415],[-84.434431,42.639467],[-84.441182,42.639466],[-84.441187,42.63908],[-84.445691,42.639449],[-84.447009,42.639426],[-84.453049,42.639527],[-84.452838,42.638909],[-84.457696,42.638908],[-84.458592,42.638989],[-84.459674,42.638984],[-84.460094,42.639037],[-84.462937,42.639009],[-84.463176,42.638895],[-84.463431,42.638896],[-84.463582,42.639037],[-84.464744,42.639005],[-84.464752,42.639622]],[[-84.434132,42.639403],[-84.434142,42.634434],[-84.434439,42.633428],[-84.434164,42.632393],[-84.434258,42.631537],[-84.434154,42.630385],[-84.434181,42.624903]],[[-84.434183,42.624816],[-84.434149,42.611192],[-84.43412,42.610105]],[[-84.434123,42.610018],[-84.434154,42.602245],[-84.434279,42.602014],[-84.434278,42.601627],[-84.434153,42.601542],[-84.434123,42.600815],[-84.434048,42.595692],[-84.434014,42.595617],[-84.434014,42.595544]],[[-84.358341,42.61404],[-84.358307,42.61342],[-84.358122,42.612528],[-84.357497,42.611768],[-84.357492,42.611396],[-84.359681,42.611361],[-84.36032,42.611091],[-84.362331,42.610002],[-84.36282,42.609973],[-84.363012,42.610168],[-84.364124,42.609773],[-84.363949,42.609305],[-84.364119,42.609261],[-84.365216,42.609581],[-84.382571,42.609791],[-84.383336,42.610507],[-84.389453,42.610556],[-84.39033,42.6103],[-84.390534,42.6103],[-84.390711,42.610246],[-84.391885,42.610299],[-84.393006,42.610312],[-84.394094,42.610444],[-84.395241,42.610443],[-84.398897,42.610444],[-84.399188,42.610144],[-84.402236,42.610118],[-84.404,42.610105],[-84.404002,42.609978],[-84.404045,42.607801],[-84.404057,42.607119],[-84.404274,42.606896],[-84.404274,42.606551],[-84.404373,42.605114],[-84.404471,42.604554],[-84.40447,42.603401],[-84.40454,42.602915],[-84.404457,42.60278],[-84.404479,42.60149],[-84.404579,42.600782],[-84.40456,42.599909],[-84.405004,42.599821],[-84.405118,42.599389],[-84.405129,42.59913],[-84.404635,42.594906],[-84.405861,42.594925],[-84.406147,42.595],[-84.407036,42.595],[-84.407404,42.594704],[-84.407637,42.594704],[-84.407791,42.594939],[-84.409781,42.594945],[-84.410764,42.595217],[-84.423748,42.594121],[-84.430037,42.59411],[-84.431886,42.594809],[-84.432819,42.595215],[-84.433985,42.595375],[-84.433986,42.595457]],[[-84.434016,42.595457],[-84.434029,42.593218],[-84.434096,42.592826],[-84.434464,42.592331],[-84.43471,42.592048],[-84.435945,42.590781],[-84.436578,42.590066],[-84.436962,42.589428],[-84.437118,42.589303],[-84.437635,42.588592],[-84.43816,42.587914],[-84.43838,42.587462],[-84.438498,42.587195],[-84.438845,42.586962],[-84.439053,42.586639],[-84.439384,42.586216],[-84.440533,42.584546],[-84.440788,42.584205],[-84.440935,42.584131],[-84.440998,42.58369],[-84.44095,42.583097],[-84.440908,42.58302],[-84.440929,42.582913],[-84.440992,42.582877],[-84.440995,42.582645],[-84.440985,42.58254],[-84.440986,42.581472],[-84.440868,42.58144],[-84.440871,42.581176],[-84.440949,42.581118],[-84.440956,42.580935],[-84.440975,42.579686],[-84.440984,42.579501],[-84.441007,42.579391]],[[-84.441067,42.579382],[-84.441111,42.579383],[-84.44134,42.579355],[-84.442969,42.579337],[-84.443086,42.579485],[-84.443589,42.579484],[-84.443725,42.579336],[-84.4454,42.579336],[-84.445944,42.579572]],[[-84.446246,42.579662],[-84.446593,42.57979],[-84.446914,42.579965],[-84.447529,42.579986],[-84.448447,42.580993],[-84.448332,42.581275],[-84.448532,42.58137],[-84.44976,42.581369],[-84.453437,42.581301],[-84.453733,42.581282],[-84.454127,42.581299],[-84.457521,42.581293],[-84.458089,42.581273],[-84.459049,42.581125],[-84.459297,42.581085],[-84.459699,42.581079],[-84.459952,42.580942],[-84.46071,42.580893],[-84.461854,42.581012],[-84.462905,42.58111],[-84.462944,42.581192],[-84.46331,42.581201],[-84.463572,42.581224],[-84.463726,42.581239],[-84.463757,42.581123],[-84.464191,42.580937],[-84.464887,42.580933],[-84.464899,42.580974],[-84.466786,42.580981],[-84.466875,42.580891],[-84.467326,42.58089],[-84.467374,42.580998],[-84.468318,42.581004],[-84.468411,42.580969],[-84.468998,42.580968],[-84.469183,42.581279],[-84.482391,42.58128],[-84.483941,42.581483],[-84.483951,42.581487]],[[-84.446599,42.579794],[-84.446673,42.579673]]]},"properties":{"id":"fna-member-routes-20260918-4202e775aced2864d1a7","sourceId":"fna-member-routes-20260918","source":"Fiber Network Alliance member fiber lines","sourceUrl":"https://www.fibernetworkalliance.com/membership-map-line/","name":"WOW-Lansing published routes","carrier":"WOW-Lansing","category":"unknown","routeStatus":"Status not established","evidence":"publisher_route","dataDate":null,"metadataModified":null,"retrievedAt":"2026-09-18T19:56:04.130240+00:00","networkType":"Published fiber route; precision and network class unverified","serviceability":"Unconfirmed","routeDiversity":"Unconfirmed","states":["MI"],"publishedLineParts":100},"bbox":[-84.490842,42.497293,-84.302294,42.675121]},{"type":"Feature","geometry":{"type":"MultiLineString","coordinates":[[[-84.442837,42.568107],[-84.442845,42.569845],[-84.443189,42.57021],[-84.443405,42.570591],[-84.443826,42.57097],[-84.444941,42.572025],[-84.445733,42.572788],[-84.446804,42.573792],[-84.447603,42.574574],[-84.447966,42.574945],[-84.447988,42.575062],[-84.447992,42.576114],[-84.447984,42.577349],[-84.447981,42.578467],[-84.447996,42.579544],[-84.44798,42.580278],[-84.447617,42.580254],[-84.447925,42.580925],[-84.448226,42.581264],[-84.44847,42.581788],[-84.448679,42.582278],[-84.44781,42.582295],[-84.4473,42.582183],[-84.447175,42.582142],[-84.446858,42.581824],[-84.446364,42.581249],[-84.446121,42.58125],[-84.446068,42.581337],[-84.445687,42.581348]],[[-84.276601,42.686835],[-84.276839,42.686589],[-84.276672,42.686508],[-84.276777,42.686504],[-84.277045,42.686507],[-84.278112,42.686521],[-84.278601,42.686747],[-84.278889,42.686831],[-84.279246,42.686939],[-84.279621,42.687005],[-84.280936,42.687296],[-84.281254,42.686533],[-84.281081,42.685072],[-84.28192,42.685115],[-84.28213,42.685084],[-84.282147,42.684885],[-84.282239,42.684324],[-84.282224,42.683964],[-84.282192,42.683234],[-84.282079,42.682161],[-84.282018,42.681192],[-84.28201,42.681043],[-84.281906,42.680502],[-84.280793,42.680524],[-84.280215,42.68052],[-84.280126,42.678993],[-84.280124,42.678288],[-84.280956,42.678239],[-84.28092,42.677403],[-84.28129,42.675153],[-84.281518,42.673657],[-84.2816,42.67362],[-84.2816,42.673336],[-84.281878,42.673529],[-84.281898,42.673621],[-84.281571,42.673723],[-84.281506,42.674084],[-84.281388,42.674816],[-84.280978,42.677363],[-84.281,42.678266],[-84.280174,42.678309],[-84.280167,42.679001],[-84.280249,42.680342],[-84.280255,42.680495],[-84.280393,42.680495],[-84.280432,42.680353],[-84.280545,42.680331],[-84.28079,42.680519]],[[-84.463967,42.640517],[-84.463807,42.640437],[-84.463702,42.640437],[-84.463367,42.640432]],[[-84.346232,42.744136],[-84.346187,42.743576],[-84.348036,42.743577],[-84.352099,42.743573],[-84.353389,42.743662],[-84.35476,42.743735],[-84.356206,42.743733],[-84.358165,42.743732],[-84.359822,42.74373],[-84.359882,42.743038],[-84.360005,42.741545],[-84.360001,42.739574]],[[-84.360002,42.739574],[-84.360344,42.739555],[-84.360803,42.739668],[-84.361783,42.740067],[-84.362106,42.740172],[-84.362471,42.740296],[-84.363192,42.740438],[-84.36366,42.74041],[-84.363624,42.739708],[-84.363649,42.73865],[-84.363626,42.736407],[-84.363639,42.734323],[-84.363633,42.732049],[-84.363638,42.729892],[-84.363645,42.728897],[-84.363602,42.727706],[-84.363592,42.726991],[-84.363609,42.726246],[-84.363607,42.724374],[-84.363633,42.723695],[-84.363637,42.723072],[-84.36364,42.721866],[-84.363627,42.721074],[-84.363617,42.720189],[-84.3637,42.719654]],[[-84.3637,42.719656],[-84.363725,42.716858],[-84.363732,42.716595],[-84.363721,42.716334],[-84.363719,42.715631],[-84.363729,42.715231],[-84.363827,42.714886],[-84.364212,42.713553],[-84.364532,42.712583],[-84.365026,42.710871],[-84.365194,42.710351],[-84.36553,42.710157],[-84.364906,42.710007],[-84.363687,42.709686],[-84.363111,42.709472],[-84.362047,42.709163],[-84.360902,42.708824]],[[-84.360908,42.708825],[-84.361274,42.708652],[-84.362351,42.708141],[-84.362372,42.707142],[-84.362382,42.705948],[-84.362388,42.705048],[-84.362435,42.703026],[-84.362411,42.70189],[-84.362445,42.701207],[-84.362491,42.700804],[-84.362677,42.699463],[-84.362664,42.698579],[-84.36276,42.696804],[-84.362787,42.695711],[-84.362781,42.695224],[-84.362803,42.693618],[-84.362812,42.6924],[-84.362808,42.691711],[-84.362826,42.691058],[-84.362829,42.690546],[-84.362837,42.689923],[-84.362829,42.688662],[-84.36283,42.687446],[-84.362853,42.686411],[-84.362866,42.685135],[-84.363011,42.6833],[-84.363025,42.681531],[-84.363005,42.680995],[-84.362841,42.680055],[-84.362855,42.678553],[-84.362835,42.677499],[-84.362853,42.67685],[-84.362831,42.67494],[-84.362834,42.673904],[-84.36281,42.672889]],[[-84.444127,42.50969],[-84.446287,42.509693],[-84.447348,42.509696],[-84.447729,42.5097],[-84.448827,42.509642],[-84.449885,42.509645],[-84.452744,42.509638],[-84.452746,42.514236],[-84.452757,42.515986],[-84.452756,42.517716],[-84.452765,42.520505],[-84.452794,42.522854]],[[-84.452787,42.522882],[-84.452873,42.52424],[-84.451779,42.5242],[-84.449607,42.5242],[-84.449206,42.524198],[-84.448309,42.524191],[-84.446763,42.524295],[-84.445718,42.52437],[-84.443703,42.524361],[-84.442754,42.524351],[-84.442761,42.52568],[-84.442769,42.526294],[-84.442661,42.527107]],[[-84.442662,42.527106],[-84.442592,42.527713],[-84.442679,42.528517],[-84.442712,42.529069],[-84.442754,42.531464],[-84.442771,42.533921]],[[-84.442774,42.533921],[-84.442772,42.536265],[-84.442783,42.53896],[-84.442818,42.544696],[-84.4428,42.548233],[-84.442796,42.552421],[-84.442845,42.555892],[-84.442823,42.559351],[-84.442853,42.559996],[-84.442743,42.563174],[-84.44284,42.56812]],[[-84.445504,42.581133],[-84.445667,42.581136],[-84.445678,42.581152],[-84.445324,42.581156],[-84.445318,42.581222],[-84.445682,42.581347],[-84.445281,42.581422],[-84.445141,42.581149],[-84.444763,42.581144],[-84.444699,42.581107],[-84.444547,42.581094],[-84.444547,42.580889],[-84.444545,42.580653],[-84.44426,42.580679],[-84.443757,42.580658],[-84.443244,42.580657],[-84.442842,42.580661],[-84.442509,42.580738],[-84.442147,42.580733]],[[-84.442149,42.580736],[-84.442011,42.580661],[-84.441527,42.58065],[-84.441227,42.580659],[-84.440485,42.580669],[-84.439815,42.580655],[-84.439819,42.582255],[-84.439819,42.583045],[-84.439815,42.583444],[-84.439821,42.583848]],[[-84.439824,42.583842],[-84.439826,42.584778],[-84.439756,42.5853],[-84.439006,42.586224],[-84.438187,42.587403],[-84.437772,42.587998],[-84.437005,42.589103],[-84.436699,42.589522],[-84.436133,42.59033],[-84.435524,42.591101],[-84.434839,42.59184],[-84.434169,42.592554],[-84.433791,42.592972],[-84.433325,42.593435],[-84.433032,42.593374],[-84.433051,42.594472],[-84.43305,42.595602],[-84.433057,42.596296]],[[-84.433058,42.596295],[-84.433059,42.596694],[-84.433059,42.597612],[-84.433078,42.599301],[-84.433095,42.600891],[-84.433155,42.60166],[-84.43311,42.602431],[-84.433283,42.603448],[-84.433463,42.604467],[-84.433573,42.605095],[-84.433457,42.605771],[-84.433337,42.606509],[-84.43321,42.607358],[-84.433195,42.608174],[-84.433187,42.608982],[-84.433185,42.609781],[-84.433183,42.610499],[-84.433188,42.610915]],[[-84.221127,42.676756],[-84.226117,42.677737],[-84.230153,42.678556],[-84.23391,42.679307],[-84.238455,42.680224],[-84.240323,42.680607],[-84.242317,42.681018],[-84.2442,42.681396],[-84.246772,42.681922],[-84.250038,42.682589],[-84.25264,42.683127],[-84.253957,42.683403],[-84.255529,42.683723],[-84.259103,42.684451],[-84.260513,42.684747],[-84.262377,42.685132],[-84.26374,42.685412],[-84.265827,42.685814],[-84.266504,42.685943],[-84.267399,42.686112],[-84.268553,42.686345],[-84.269933,42.686626],[-84.271149,42.686887],[-84.27171,42.686802],[-84.272015,42.686879],[-84.273467,42.687168],[-84.27507,42.687492],[-84.275858,42.68765],[-84.27595,42.68767],[-84.275982,42.687581],[-84.276105,42.687222],[-84.276256,42.686839],[-84.276416,42.68687],[-84.276395,42.687126],[-84.276611,42.687124],[-84.276604,42.686837],[-84.276935,42.686821],[-84.27705,42.68677],[-84.277037,42.686601],[-84.276795,42.686533],[-84.276904,42.686534],[-84.278104,42.686534],[-84.278606,42.686766],[-84.279235,42.686962],[-84.279641,42.68703],[-84.279772,42.687061],[-84.280944,42.687331],[-84.281283,42.686544],[-84.281113,42.685101],[-84.281908,42.685143],[-84.282156,42.685105],[-84.282271,42.684339],[-84.28222,42.683231],[-84.282109,42.682153],[-84.282028,42.681043],[-84.281914,42.680484],[-84.281299,42.680486]],[[-84.29944,42.672387],[-84.299889,42.672368],[-84.300901,42.672351],[-84.301599,42.672288],[-84.301965,42.672295],[-84.303299,42.672272],[-84.305554,42.672279],[-84.30858,42.672277],[-84.311576,42.672381],[-84.312168,42.67241],[-84.31418,42.672481],[-84.314862,42.672526],[-84.314894,42.673011],[-84.317693,42.67301],[-84.319065,42.67302]],[[-84.319068,42.673018],[-84.319795,42.67318],[-84.322048,42.673673],[-84.322905,42.673682],[-84.325472,42.673685],[-84.331271,42.673677],[-84.333896,42.673661],[-84.336428,42.673654],[-84.340569,42.673585],[-84.342072,42.673554],[-84.342024,42.672501],[-84.344252,42.672502],[-84.345165,42.672499],[-84.347169,42.672432],[-84.347739,42.672503],[-84.350857,42.672488],[-84.353132,42.672464],[-84.355643,42.672463],[-84.356928,42.672445],[-84.356959,42.672953],[-84.358157,42.672942],[-84.360504,42.672912],[-84.362814,42.672891]],[[-84.299439,42.672387],[-84.297303,42.67248],[-84.297296,42.67248],[-84.295135,42.672507],[-84.29422,42.67251],[-84.291237,42.67253],[-84.290576,42.673309],[-84.289412,42.673334],[-84.287214,42.673336],[-84.284989,42.673351],[-84.282004,42.673361],[-84.281969,42.673331],[-84.281608,42.673331],[-84.281801,42.673135],[-84.281939,42.673135],[-84.282199,42.67333],[-84.290443,42.67324],[-84.291181,42.672413],[-84.2973,42.672433],[-84.299428,42.672262],[-84.299577,42.67225],[-84.308552,42.672158],[-84.315007,42.6725],[-84.315008,42.672945],[-84.319063,42.672906],[-84.322115,42.673566],[-84.341948,42.673441],[-84.341991,42.672383],[-84.347267,42.672244],[-84.347854,42.672392],[-84.357005,42.672311],[-84.357042,42.672788],[-84.362552,42.672729],[-84.362808,42.672887],[-84.36281,42.672739],[-84.362816,42.672331],[-84.362795,42.671446],[-84.362799,42.671066],[-84.363007,42.670075],[-84.363293,42.670145],[-84.363355,42.669738],[-84.363482,42.669279],[-84.36353,42.668448],[-84.363751,42.668439],[-84.366599,42.668489],[-84.36798,42.668515],[-84.371816,42.668613],[-84.373611,42.668667],[-84.377768,42.6688],[-84.379107,42.668853],[-84.380054,42.668868],[-84.381878,42.668932],[-84.383215,42.668974],[-84.384304,42.669003],[-84.386575,42.669024],[-84.39012,42.669087],[-84.391282,42.669485],[-84.392321,42.669842],[-84.393522,42.670251],[-84.394914,42.670533],[-84.395337,42.670625],[-84.396302,42.670822],[-84.397587,42.671091],[-84.399084,42.671396],[-84.40067,42.67171],[-84.401988,42.671904],[-84.402544,42.671979],[-84.403291,42.672115],[-84.404578,42.672269],[-84.405378,42.672379],[-84.406042,42.672657],[-84.407063,42.673122],[-84.408173,42.673577],[-84.410362,42.67458],[-84.411138,42.674902]],[[-84.411141,42.674904],[-84.411308,42.674823],[-84.412448,42.674382],[-84.412848,42.674196],[-84.413069,42.674],[-84.413171,42.673853],[-84.413225,42.673602],[-84.413218,42.67207],[-84.413235,42.67098]],[[-84.413238,42.670979],[-84.413793,42.670898],[-84.414056,42.669986],[-84.416469,42.670004],[-84.416751,42.669434],[-84.419061,42.66944],[-84.421266,42.669481]],[[-84.421263,42.669483],[-84.422463,42.669488],[-84.423846,42.669431],[-84.428224,42.669439],[-84.431252,42.669426],[-84.432722,42.669429],[-84.433026,42.669521],[-84.433012,42.668062],[-84.433145,42.660048],[-84.433067,42.654881],[-84.433084,42.650013],[-84.433141,42.640385]],[[-84.43319,42.610912],[-84.433196,42.611116],[-84.433173,42.612025],[-84.433159,42.614003],[-84.433141,42.615179],[-84.433252,42.615531],[-84.433357,42.616035],[-84.433468,42.616544],[-84.433503,42.617096],[-84.433455,42.617572],[-84.43338,42.618112],[-84.433309,42.618816],[-84.433218,42.619544],[-84.433121,42.62032],[-84.433128,42.621018],[-84.433127,42.62399],[-84.433119,42.625498],[-84.433274,42.62614],[-84.433326,42.626596],[-84.433152,42.627954],[-84.433153,42.631533],[-84.43315,42.632477],[-84.433142,42.635332],[-84.433147,42.63736],[-84.433134,42.639863],[-84.433139,42.640386],[-84.433458,42.640298],[-84.441023,42.640262],[-84.440993,42.639778]],[[-84.440994,42.639778],[-84.441946,42.639866],[-84.442855,42.639956],[-84.444277,42.640091],[-84.44477,42.640109],[-84.446476,42.640129],[-84.448753,42.640157],[-84.45053,42.64015],[-84.451287,42.640157],[-84.452585,42.640168],[-84.452567,42.639189],[-84.453339,42.639088],[-84.454488,42.639157],[-84.455066,42.639194],[-84.456674,42.639289],[-84.457652,42.639342],[-84.458855,42.639338],[-84.460125,42.639354],[-84.461296,42.63935],[-84.462466,42.639349],[-84.46245,42.640425],[-84.463366,42.640437]],[[-84.463368,42.640437],[-84.463354,42.640226],[-84.465578,42.640176],[-84.466516,42.640161],[-84.468324,42.640154],[-84.469984,42.640154],[-84.472453,42.640151],[-84.474335,42.64015]],[[-84.47433,42.640146],[-84.475038,42.640131]],[[-84.475037,42.640135],[-84.475184,42.640134],[-84.476459,42.64009],[-84.477833,42.640053],[-84.479299,42.640017],[-84.480746,42.639971],[-84.482353,42.640065],[-84.483028,42.64005],[-84.485027,42.640069],[-84.492682,42.640038],[-84.495984,42.640037],[-84.497822,42.640028],[-84.498356,42.640102],[-84.50215,42.640123],[-84.504832,42.640146]]]},"properties":{"id":"fna-member-routes-20260918-7cf7fd4e0a8cf0417f75","sourceId":"fna-member-routes-20260918","source":"Fiber Network Alliance member fiber lines","sourceUrl":"https://www.fibernetworkalliance.com/membership-map-line/","name":"WOW-Lansing published routes","carrier":"WOW-Lansing","category":"unknown","routeStatus":"Status not established","evidence":"publisher_route","dataDate":null,"metadataModified":null,"retrievedAt":"2026-09-18T19:56:04.130240+00:00","networkType":"Published fiber route; precision and network class unverified","serviceability":"Unconfirmed","routeDiversity":"Unconfirmed","states":["MI"],"publishedLineParts":27},"bbox":[-84.504832,42.509638,-84.221127,42.744136]},{"type":"Feature","geometry":{"type":"MultiLineString","coordinates":[[[-84.347705,42.754261],[-84.347492,42.754275]],[[-84.299231,42.758725],[-84.29941,42.758761]],[[-84.299442,42.755179],[-84.29962,42.755215]],[[-84.299882,42.75236],[-84.299889,42.752489]],[[-84.309267,42.752569],[-84.309262,42.752484]],[[-84.319218,42.752114],[-84.31928,42.751927]],[[-84.317571,42.75139],[-84.31759,42.751519]],[[-84.314615,42.752335],[-84.314612,42.752219]],[[-84.3484,42.756521],[-84.348555,42.756511],[-84.34859,42.756458]],[[-84.348642,42.75638],[-84.348675,42.75633],[-84.34863,42.756262],[-84.348603,42.75597],[-84.348639,42.755886],[-84.348438,42.754218],[-84.347698,42.754261],[-84.347566,42.753183],[-84.34748,42.752408],[-84.347317,42.752371],[-84.347204,42.752207],[-84.346925,42.752145],[-84.346815,42.751018],[-84.346793,42.750457],[-84.346676,42.749189],[-84.346467,42.749202],[-84.34632,42.748847],[-84.346771,42.748777],[-84.346225,42.744867]],[[-84.299023,42.759801],[-84.299019,42.759754],[-84.299178,42.759742]],[[-84.299296,42.759733],[-84.299311,42.759732],[-84.299049,42.756498],[-84.299572,42.754724],[-84.298849,42.753963],[-84.298584,42.753926],[-84.298421,42.75239],[-84.298984,42.752351],[-84.300987,42.752366],[-84.301086,42.752496],[-84.301186,42.752538],[-84.302163,42.752544],[-84.303338,42.752506],[-84.303481,42.75254],[-84.30366,42.75254],[-84.304857,42.752528],[-84.305623,42.752528],[-84.305762,42.752582],[-84.308066,42.752571],[-84.310679,42.752571],[-84.312466,42.752524],[-84.312656,42.752311],[-84.313603,42.75231]],[[-84.319363,42.752397],[-84.319487,42.752368],[-84.319466,42.752317]],[[-84.31943,42.752234],[-84.319397,42.752154],[-84.318593,42.752076],[-84.318514,42.751836],[-84.318422,42.750642],[-84.31829,42.750688],[-84.317895,42.751385],[-84.31638,42.751388],[-84.316383,42.752336],[-84.313719,42.75233]],[[-84.293769,42.806226],[-84.293852,42.806055]],[[-84.287792,42.8066],[-84.287782,42.8067]],[[-84.282009,42.806369],[-84.281971,42.806728]],[[-84.268144,42.811984],[-84.268108,42.811784]],[[-84.272673,42.810579],[-84.27245,42.810331]],[[-84.27896,42.807664],[-84.279186,42.807896]],[[-84.283045,42.848402],[-84.282983,42.848405]],[[-84.283092,42.844773],[-84.283029,42.844776]],[[-84.282704,42.837449],[-84.282641,42.837451]],[[-84.28376,42.849988],[-84.283773,42.850057],[-84.283566,42.850081],[-84.28356,42.850045]],[[-84.283545,42.849959],[-84.28352,42.849819],[-84.282883,42.849434],[-84.282863,42.848808],[-84.283168,42.848157],[-84.283135,42.846102],[-84.283067,42.843577],[-84.282777,42.838542],[-84.282593,42.835782]],[[-84.266384,42.812634],[-84.266629,42.812552],[-84.266637,42.812477],[-84.270844,42.811108],[-84.273385,42.810371],[-84.274321,42.809965],[-84.27433,42.809838],[-84.274923,42.809569],[-84.275069,42.80961],[-84.277185,42.808552],[-84.279847,42.807221],[-84.280999,42.80663],[-84.281473,42.806812],[-84.281867,42.80661],[-84.281844,42.806336]],[[-84.266311,42.812619],[-84.266328,42.812648]],[[-84.281837,42.80634],[-84.281876,42.806367],[-84.282339,42.806359],[-84.282385,42.806621],[-84.284869,42.806627],[-84.289005,42.806591],[-84.29157,42.806543],[-84.291983,42.80653],[-84.292288,42.806536],[-84.292703,42.806599],[-84.292628,42.806791],[-84.293247,42.806597],[-84.293247,42.806363],[-84.293381,42.806223],[-84.293764,42.806223],[-84.293821,42.806321]],[[-84.293789,42.806409],[-84.293813,42.806401],[-84.293826,42.806368],[-84.29384,42.806363]],[[-84.430603,42.838735],[-84.430467,42.838696]],[[-84.429366,42.842392],[-84.429786,42.842424]],[[-84.425619,42.843792],[-84.425619,42.843668]],[[-84.412252,42.843886],[-84.412251,42.843761]],[[-84.417853,42.829605],[-84.417791,42.829706]],[[-84.418261,42.829601],[-84.418265,42.829684]],[[-84.41841,42.832944],[-84.418342,42.832946]],[[-84.418507,42.839095],[-84.418353,42.839097]],[[-84.419142,42.842848],[-84.418987,42.84285]],[[-84.41225,42.844402],[-84.412258,42.844518]],[[-84.457379,42.854552],[-84.457358,42.854443]],[[-84.445225,42.856036],[-84.445204,42.855928]],[[-84.438978,42.856915],[-84.438817,42.856848]],[[-84.434112,42.858018],[-84.434115,42.85807]],[[-84.428482,42.858026],[-84.428485,42.858078]],[[-84.420058,42.805914],[-84.420208,42.805939]],[[-84.46327,42.814306],[-84.463303,42.814104]],[[-84.456983,42.814333],[-84.456983,42.814189]],[[-84.451385,42.814814],[-84.451405,42.814963]],[[-84.449746,42.813972],[-84.449924,42.813973]],[[-84.464483,42.799726],[-84.464614,42.799691]],[[-84.458578,42.798983],[-84.458709,42.798948]],[[-84.455737,42.796565],[-84.455726,42.796429]],[[-84.450817,42.796458],[-84.450806,42.796322]],[[-84.449999,42.799966],[-84.450212,42.799978]],[[-84.44904,42.805649],[-84.448941,42.80565]],[[-84.454182,42.821684],[-84.454188,42.821596]],[[-84.450733,42.820477],[-84.450618,42.820491]],[[-84.449176,42.816847],[-84.449061,42.816862]],[[-84.449128,42.810826],[-84.449013,42.81084]],[[-84.449101,42.807836],[-84.44954,42.807852]],[[-84.433703,42.786063],[-84.433563,42.786075]],[[-84.43548,42.782901],[-84.435356,42.782769]],[[-84.439957,42.778836],[-84.439833,42.778704]],[[-84.441584,42.777451],[-84.44146,42.777318]],[[-84.383544,42.775998],[-84.38353,42.776133]],[[-84.387881,42.776305],[-84.387867,42.77644]],[[-84.417773,42.775969],[-84.417736,42.775637]],[[-84.424529,42.776381],[-84.424529,42.776606]],[[-84.429755,42.776315],[-84.429785,42.776046]],[[-84.439934,42.775803],[-84.439925,42.77585]],[[-84.442451,42.775667],[-84.442425,42.775783]],[[-84.30122,42.778818],[-84.301031,42.778819]],[[-84.302476,42.783159],[-84.302691,42.783186]],[[-84.303901,42.786508],[-84.304117,42.786535]],[[-84.305661,42.789439],[-84.305877,42.789465]],[[-84.307575,42.794745],[-84.30779,42.794771]],[[-84.312536,42.797009],[-84.312752,42.797035]],[[-84.312524,42.794465],[-84.312358,42.79442]],[[-84.316377,42.791927],[-84.316378,42.792027]],[[-84.301202,42.7775],[-84.301203,42.777545],[-84.301157,42.77762],[-84.301196,42.777966],[-84.301257,42.77992],[-84.301871,42.779898],[-84.302371,42.779901],[-84.302535,42.784705],[-84.305179,42.788197],[-84.305903,42.790032],[-84.306093,42.790831],[-84.306319,42.793295],[-84.307565,42.794569],[-84.307596,42.795406],[-84.307637,42.796727],[-84.31202,42.796613],[-84.312535,42.797013],[-84.3125,42.794491],[-84.315283,42.791939],[-84.315939,42.791925],[-84.31707,42.791922]],[[-84.301014,42.777306],[-84.301018,42.777273],[-84.301137,42.777278],[-84.301196,42.777396],[-84.301198,42.777412]],[[-84.341568,42.791357],[-84.341477,42.79136]],[[-84.351165,42.792112],[-84.351167,42.792221]],[[-84.35215,42.788686],[-84.352329,42.788697]],[[-84.352057,42.785855],[-84.351615,42.785857]],[[-84.408231,42.894683],[-84.40822,42.89452]],[[-84.399133,42.893424],[-84.399006,42.893428]],[[-84.399049,42.889151],[-84.398922,42.889155]],[[-84.400667,42.88385],[-84.400836,42.883857]],[[-84.408283,42.883548],[-84.408303,42.883675]],[[-84.40274,42.882307],[-84.40276,42.882434]],[[-84.319471,42.886788],[-84.3195,42.886676]],[[-84.37432,42.792864],[-84.374407,42.792867]],[[-84.374265,42.79054],[-84.374352,42.790543]],[[-84.338535,42.806597],[-84.338439,42.806743]],[[-84.342762,42.806778],[-84.342768,42.806892]],[[-84.426572,42.858127],[-84.426619,42.858127],[-84.426774,42.858024],[-84.437665,42.858012],[-84.440516,42.855646],[-84.440797,42.855753],[-84.440934,42.856074],[-84.442582,42.856109],[-84.443327,42.856144],[-84.443781,42.856144],[-84.445769,42.856004],[-84.445774,42.855795],[-84.448893,42.855586],[-84.450073,42.855517],[-84.450136,42.855477],[-84.453701,42.855111],[-84.454875,42.85449],[-84.455619,42.854491],[-84.455662,42.854553],[-84.457495,42.854558],[-84.45765,42.854643],[-84.457842,42.854645],[-84.458015,42.854558],[-84.458171,42.854579],[-84.459345,42.854537],[-84.460345,42.854656],[-84.461178,42.854663],[-84.461179,42.854929]],[[-84.461101,42.854973],[-84.461169,42.854973]],[[-84.420193,42.803408],[-84.420195,42.803521],[-84.42003,42.80356],[-84.420033,42.803964],[-84.420296,42.804211],[-84.420308,42.804814],[-84.420054,42.805193],[-84.420054,42.806251],[-84.420154,42.806581],[-84.42034,42.80658],[-84.420384,42.806675],[-84.421084,42.806673],[-84.421083,42.807083],[-84.428629,42.807078]],[[-84.420089,42.803361],[-84.420184,42.803363]]]},"properties":{"id":"fna-member-routes-20260918-95b40256d24c2a9e8a6c","sourceId":"fna-member-routes-20260918","source":"Fiber Network Alliance member fiber lines","sourceUrl":"https://www.fibernetworkalliance.com/membership-map-line/","name":"WOW-Lansing published routes","carrier":"WOW-Lansing","category":"unknown","routeStatus":"Status not established","evidence":"publisher_route","dataDate":null,"metadataModified":null,"retrievedAt":"2026-09-18T19:56:04.130240+00:00","networkType":"Published fiber route; precision and network class unverified","serviceability":"Unconfirmed","routeDiversity":"Unconfirmed","states":["MI"],"publishedLineParts":100},"bbox":[-84.464614,42.744867,-84.266311,42.894683]},{"type":"Feature","geometry":{"type":"MultiLineString","coordinates":[[[-84.4491,42.807186],[-84.4491,42.807141],[-84.449153,42.807106],[-84.449155,42.807038],[-84.449084,42.806942],[-84.449039,42.805581],[-84.449037,42.804518],[-84.449736,42.80398],[-84.449765,42.803497],[-84.449646,42.80341],[-84.449778,42.802851],[-84.449973,42.800607],[-84.450075,42.798512],[-84.450193,42.796469],[-84.451444,42.796456],[-84.451935,42.796462],[-84.452165,42.796551],[-84.454305,42.796572],[-84.454342,42.796484],[-84.45479,42.796354],[-84.455033,42.796354],[-84.455157,42.796488],[-84.455439,42.796559],[-84.456668,42.796571],[-84.458104,42.796533],[-84.45828,42.796717],[-84.458334,42.797723],[-84.458432,42.797932],[-84.458448,42.798344],[-84.458317,42.798362],[-84.45833,42.798737],[-84.45868,42.79908],[-84.458826,42.79955],[-84.458987,42.799759],[-84.459482,42.800051],[-84.459946,42.800253],[-84.460091,42.800271],[-84.46044,42.800201],[-84.461754,42.799514],[-84.462449,42.79898],[-84.462595,42.798921],[-84.462908,42.798563],[-84.463592,42.798879],[-84.46381,42.799014],[-84.464833,42.800098],[-84.464937,42.800194],[-84.467384,42.800671],[-84.467846,42.800634],[-84.468096,42.800683],[-84.468048,42.800835]],[[-84.467976,42.800867],[-84.468026,42.800877]],[[-84.449725,42.814877],[-84.449727,42.815655],[-84.449158,42.815748],[-84.449176,42.816917],[-84.449756,42.817029],[-84.44977,42.817981],[-84.449777,42.818393],[-84.449749,42.818684],[-84.449885,42.81884],[-84.449788,42.818992],[-84.449899,42.819395],[-84.45128,42.821182],[-84.451361,42.82147],[-84.451577,42.821739],[-84.452049,42.82169],[-84.453192,42.821687],[-84.453247,42.821725],[-84.453629,42.821713],[-84.453682,42.82168],[-84.453972,42.821661],[-84.45457,42.821729],[-84.455213,42.821708],[-84.455215,42.82185]],[[-84.455162,42.821893],[-84.455207,42.821893]],[[-84.449737,42.814834],[-84.450415,42.814833],[-84.450631,42.814773],[-84.450998,42.81477],[-84.451057,42.814811],[-84.455805,42.814834],[-84.456614,42.814336],[-84.457411,42.814332],[-84.463505,42.814306],[-84.463506,42.814323]],[[-84.463368,42.814551],[-84.463455,42.81455],[-84.463506,42.81441]],[[-84.449157,42.807196],[-84.449181,42.807197],[-84.449251,42.807209],[-84.449252,42.807467],[-84.449095,42.807477],[-84.449128,42.810928],[-84.449091,42.811202],[-84.449127,42.812072],[-84.449663,42.812099],[-84.449664,42.812337],[-84.449753,42.812429],[-84.449762,42.813015],[-84.449746,42.814254],[-84.449725,42.81479]],[[-84.433781,42.786715],[-84.433905,42.786715],[-84.433933,42.786597],[-84.43401,42.786597],[-84.434011,42.786632]],[[-84.433767,42.78667],[-84.433767,42.786636],[-84.433713,42.786618],[-84.433706,42.786027],[-84.433637,42.78525],[-84.433653,42.785041],[-84.433752,42.784845],[-84.434087,42.784777],[-84.434327,42.78439],[-84.435684,42.782634],[-84.436078,42.782098],[-84.436538,42.781676],[-84.437431,42.78095],[-84.437583,42.780744],[-84.43786,42.780464],[-84.438031,42.780396],[-84.438864,42.779719],[-84.439251,42.779796],[-84.439485,42.779595],[-84.440092,42.779065],[-84.439949,42.778842],[-84.440367,42.778468],[-84.442919,42.776331]],[[-84.439306,42.775847],[-84.439377,42.775845],[-84.439423,42.77581],[-84.4414,42.775771],[-84.44174,42.775614],[-84.442055,42.775606],[-84.442979,42.775742],[-84.442975,42.77623],[-84.442961,42.776244]],[[-84.383172,42.775733],[-84.383234,42.775742],[-84.383229,42.775971]],[[-84.383287,42.775984],[-84.38427,42.776049],[-84.385899,42.775998],[-84.386856,42.776038],[-84.387688,42.776234],[-84.388429,42.776481],[-84.389669,42.776912],[-84.390801,42.777258],[-84.391848,42.777501]],[[-84.410203,42.845092],[-84.410199,42.844918],[-84.410065,42.844918],[-84.410021,42.843902],[-84.412862,42.843883],[-84.419187,42.843863],[-84.419255,42.844242],[-84.41986,42.844254],[-84.424089,42.844225],[-84.424566,42.843794],[-84.429338,42.843789],[-84.429371,42.841867],[-84.429375,42.840954],[-84.429453,42.840549],[-84.429556,42.840232],[-84.42968,42.839997],[-84.429683,42.839917],[-84.429734,42.839847],[-84.429805,42.839837],[-84.430087,42.839459],[-84.43018,42.839351],[-84.430203,42.839184],[-84.432435,42.836676],[-84.432652,42.836631],[-84.432739,42.836554]],[[-84.432812,42.836485],[-84.432841,42.836461],[-84.432902,42.836461],[-84.433064,42.836314],[-84.433043,42.836303]],[[-84.417513,42.829384],[-84.417642,42.829383],[-84.417755,42.829595]],[[-84.410152,42.845092],[-84.41015,42.844956],[-84.409092,42.844955],[-84.409015,42.84444],[-84.418456,42.844338],[-84.41942,42.844594],[-84.418889,42.841229],[-84.418409,42.838564],[-84.418414,42.831075],[-84.419247,42.830073],[-84.419246,42.8296],[-84.417815,42.829602]],[[-84.342112,42.790594],[-84.34209,42.790593],[-84.342064,42.790575]],[[-84.342124,42.790638],[-84.342122,42.790732],[-84.341539,42.79092],[-84.341598,42.791821],[-84.34173,42.791821],[-84.34477,42.792115],[-84.352266,42.79211],[-84.352226,42.791214],[-84.352179,42.78948],[-84.352097,42.7874],[-84.352076,42.786561],[-84.352048,42.785488]],[[-84.40064,42.881753],[-84.400656,42.881879],[-84.400667,42.884395],[-84.400031,42.8844],[-84.40004,42.885844],[-84.399015,42.886314],[-84.399081,42.891393],[-84.399166,42.894871],[-84.40207,42.894873],[-84.406026,42.894855],[-84.407115,42.894707],[-84.408663,42.894674],[-84.408795,42.895311],[-84.408859,42.895362],[-84.408869,42.895397]],[[-84.408928,42.895404],[-84.40897,42.895404],[-84.409072,42.895353],[-84.409066,42.895321]],[[-84.364945,42.911285],[-84.365364,42.911289]],[[-84.365747,42.915678],[-84.365918,42.91568]],[[-84.369134,42.914517],[-84.369129,42.914409]],[[-84.376528,42.916906],[-84.376654,42.917035]],[[-84.367702,42.916468],[-84.367747,42.916406],[-84.367853,42.916063],[-84.368082,42.915234],[-84.368505,42.914807],[-84.369118,42.914521],[-84.369797,42.914392],[-84.370661,42.91422],[-84.371994,42.914109],[-84.374767,42.914135],[-84.375988,42.914163],[-84.377137,42.914268],[-84.377661,42.91441],[-84.378139,42.914802],[-84.378445,42.915224],[-84.378595,42.915882],[-84.376265,42.917036],[-84.375739,42.916932],[-84.375675,42.917089],[-84.37564,42.917454],[-84.375842,42.918259],[-84.376641,42.918653],[-84.377017,42.918432],[-84.377603,42.918365],[-84.380494,42.918407],[-84.381154,42.9185],[-84.381498,42.918682],[-84.381965,42.918308],[-84.38249,42.918527],[-84.383061,42.918514],[-84.383072,42.918411]],[[-84.382984,42.918369],[-84.383063,42.918368]],[[-84.365102,42.910704],[-84.365144,42.910703],[-84.365246,42.910683],[-84.365245,42.910654]],[[-84.367614,42.916529],[-84.36725,42.916922],[-84.367187,42.916984],[-84.366577,42.917107],[-84.365767,42.917094],[-84.365738,42.915064],[-84.365005,42.914841],[-84.364934,42.910707],[-84.364984,42.910706]],[[-84.417636,42.776078],[-84.417638,42.77598]],[[-84.417696,42.77597],[-84.417785,42.77597],[-84.417784,42.776442],[-84.418602,42.77644],[-84.425717,42.77637],[-84.428384,42.776343],[-84.428754,42.77637],[-84.428878,42.776325],[-84.430361,42.776313],[-84.430382,42.776295],[-84.430436,42.776295]],[[-84.439132,42.776021],[-84.439132,42.776011],[-84.439246,42.77588],[-84.439247,42.775855]],[[-84.337973,42.806208],[-84.337973,42.806187],[-84.338164,42.806186],[-84.338287,42.806371]],[[-84.338339,42.80645],[-84.338385,42.806519],[-84.338926,42.806782],[-84.346356,42.80677],[-84.346613,42.806692],[-84.346915,42.806691],[-84.346956,42.806741],[-84.347017,42.806742]],[[-84.4007,42.88176],[-84.405763,42.883109],[-84.406115,42.883388],[-84.40635,42.883396],[-84.406424,42.883573],[-84.406578,42.883575],[-84.406864,42.883396],[-84.407574,42.883523],[-84.409858,42.883576],[-84.411272,42.883646],[-84.411276,42.8836]],[[-84.411286,42.883513],[-84.411298,42.883399],[-84.411236,42.883395]],[[-84.318014,42.886584],[-84.318021,42.886565],[-84.320081,42.886884]],[[-84.317883,42.886785],[-84.317898,42.88674],[-84.317966,42.886723],[-84.317985,42.886669]],[[-84.374026,42.794573],[-84.374074,42.794572],[-84.374161,42.794495],[-84.374257,42.794494]],[[-84.374268,42.794451],[-84.374268,42.794415],[-84.374331,42.794376],[-84.374315,42.792316],[-84.374299,42.791809],[-84.374252,42.790175],[-84.373746,42.790258]],[[-84.350835,42.769915],[-84.350716,42.769926]],[[-84.350654,42.768558],[-84.350535,42.768569]],[[-84.349103,42.765911],[-84.348842,42.765939]],[[-84.349177,42.760835],[-84.349309,42.760835]],[[-84.348615,42.755448],[-84.348746,42.755448]],[[-84.352075,42.785471],[-84.351989,42.782614],[-84.352112,42.782559],[-84.352107,42.782308],[-84.351931,42.782139],[-84.351855,42.779786],[-84.351759,42.778528],[-84.351593,42.777662],[-84.351657,42.777627],[-84.351182,42.776756],[-84.351017,42.776475],[-84.35098,42.775796],[-84.351219,42.775788],[-84.350776,42.771422],[-84.350867,42.77082],[-84.350912,42.7705],[-84.350716,42.769002],[-84.350499,42.767398],[-84.350438,42.766624],[-84.349853,42.766456],[-84.34971,42.766542],[-84.349165,42.766427],[-84.349094,42.765831],[-84.349131,42.765628],[-84.349785,42.765389],[-84.349788,42.765306],[-84.34967,42.765163],[-84.349615,42.764778],[-84.349639,42.764538],[-84.349383,42.762965],[-84.349283,42.762743],[-84.349368,42.762482],[-84.349247,42.761531],[-84.348858,42.757694],[-84.348796,42.756793],[-84.348737,42.756379],[-84.348656,42.756257],[-84.34863,42.755973],[-84.348666,42.755888],[-84.348462,42.754197],[-84.347722,42.75424],[-84.347592,42.753182],[-84.347505,42.752394],[-84.347336,42.752355],[-84.347223,42.752191],[-84.34695,42.75213],[-84.346842,42.751023],[-84.346819,42.750453],[-84.3467,42.749168],[-84.346486,42.749181],[-84.346354,42.748862],[-84.3468,42.748793],[-84.346251,42.744865]],[[-84.315173,42.752309],[-84.315169,42.752193]],[[-84.282389,42.836819],[-84.28241,42.836917]],[[-84.277163,42.836182],[-84.277184,42.83628]],[[-84.266262,42.836108],[-84.266283,42.836207]],[[-84.254255,42.836573],[-84.254276,42.836672]],[[-84.254591,42.816411],[-84.254385,42.816264]],[[-84.26066,42.814422],[-84.260455,42.814275]],[[-84.267422,42.812183],[-84.267216,42.812036]],[[-84.273192,42.810404],[-84.272987,42.810257]],[[-84.278533,42.807849],[-84.278328,42.807702]],[[-84.282063,42.806208],[-84.281858,42.806061]],[[-84.285325,42.804512],[-84.28512,42.804365]],[[-84.290142,42.801996],[-84.289937,42.801849]],[[-84.218015,42.82937],[-84.218017,42.82941],[-84.218226,42.829487],[-84.218882,42.829456],[-84.218975,42.831561],[-84.218277,42.831573],[-84.218283,42.831904],[-84.218327,42.832],[-84.218425,42.833228],[-84.218509,42.833537],[-84.218574,42.834288],[-84.21858,42.835931],[-84.218645,42.836401],[-84.218751,42.836649],[-84.218764,42.836872],[-84.221411,42.836866],[-84.222087,42.837567],[-84.226624,42.836707],[-84.228188,42.8366],[-84.230704,42.836577],[-84.230822,42.836851],[-84.231837,42.836853],[-84.232204,42.836571],[-84.234042,42.83657],[-84.235496,42.83782],[-84.237416,42.836565],[-84.248486,42.836557],[-84.249325,42.836564],[-84.250403,42.836556],[-84.250932,42.836547],[-84.251413,42.836572],[-84.252894,42.836604],[-84.255472,42.83655],[-84.263056,42.836165],[-84.264638,42.836092],[-84.267781,42.836111],[-84.268,42.836203],[-84.26832,42.836207],[-84.268572,42.836091],[-84.270332,42.836158],[-84.276774,42.836153],[-84.279467,42.836358],[-84.280108,42.836475],[-84.280221,42.836696],[-84.280525,42.8367],[-84.280693,42.836533],[-84.28258,42.836845],[-84.282545,42.835789]],[[-84.281867,42.806313],[-84.282539,42.805968],[-84.290723,42.801693],[-84.291681,42.801192]],[[-84.29203,42.801003],[-84.291825,42.800856]],[[-84.425595,42.858063],[-84.4256,42.858127]],[[-84.421261,42.858062],[-84.421265,42.858126]],[[-84.413676,42.858108],[-84.41368,42.858172]],[[-84.409022,42.856192],[-84.408726,42.856207]],[[-84.409044,42.850595],[-84.408748,42.85061]],[[-84.408945,42.846461],[-84.408649,42.846476]],[[-84.412775,42.84442],[-84.412783,42.844536]],[[-84.41947,42.844627],[-84.419901,42.844641]],[[-84.418496,42.838858],[-84.418927,42.838872]],[[-84.418443,42.832765],[-84.418874,42.832779]],[[-84.419917,42.8263],[-84.420088,42.826318]],[[-84.42482,42.82239],[-84.424991,42.822408]],[[-84.424797,42.817282],[-84.424968,42.8173]],[[-84.424041,42.811313],[-84.423914,42.811321]],[[-84.424019,42.807152],[-84.423891,42.807161]],[[-84.44298,42.807135],[-84.442974,42.806946]],[[-84.433999,42.80711],[-84.433992,42.806922]],[[-84.428934,42.807094],[-84.428927,42.806906]],[[-84.428661,42.805328],[-84.428339,42.805344]],[[-84.428714,42.801387],[-84.428392,42.801403]],[[-84.430212,42.797771],[-84.430361,42.797842]],[[-84.433706,42.794899],[-84.433602,42.794852]],[[-84.433713,42.789228],[-84.433609,42.789181]],[[-84.435383,42.782976],[-84.435279,42.782929]],[[-84.43992,42.778854],[-84.439816,42.778807]],[[-84.441917,42.777135],[-84.441813,42.777088]],[[-84.377023,42.788135],[-84.376899,42.787956]],[[-84.383762,42.783838],[-84.383639,42.783659]],[[-84.386173,42.782309],[-84.386049,42.78213]],[[-84.391491,42.779415],[-84.391368,42.779236]],[[-84.393802,42.777811],[-84.393853,42.7779]],[[-84.396405,42.77752],[-84.396456,42.77761]],[[-84.396443,42.778016],[-84.39632,42.777837]],[[-84.401829,42.777896],[-84.401705,42.777717]],[[-84.409211,42.775551],[-84.409088,42.775372]],[[-84.411848,42.774609],[-84.411725,42.77443]],[[-84.415324,42.776468],[-84.415339,42.776628]],[[-84.423404,42.776415],[-84.423419,42.776575]],[[-84.429314,42.776342],[-84.429357,42.775986]]]},"properties":{"id":"fna-member-routes-20260918-068d9061b4ee5255c99d","sourceId":"fna-member-routes-20260918","source":"Fiber Network Alliance member fiber lines","sourceUrl":"https://www.fibernetworkalliance.com/membership-map-line/","name":"WOW-Lansing published routes","carrier":"WOW-Lansing","category":"unknown","routeStatus":"Status not established","evidence":"publisher_route","dataDate":null,"metadataModified":null,"retrievedAt":"2026-09-18T19:56:04.130240+00:00","networkType":"Published fiber route; precision and network class unverified","serviceability":"Unconfirmed","routeDiversity":"Unconfirmed","states":["MI"],"publishedLineParts":100},"bbox":[-84.468096,42.744865,-84.218015,42.918682]},{"type":"Feature","geometry":{"type":"MultiLineString","coordinates":[[[-84.446663,42.773314],[-84.446559,42.773267]],[[-84.443808,42.775651],[-84.443704,42.775604]],[[-84.449745,42.7708],[-84.446804,42.773197],[-84.444686,42.774943],[-84.444015,42.775513],[-84.443497,42.77587],[-84.443324,42.776128],[-84.44311,42.776196],[-84.442976,42.776311],[-84.442947,42.776293]],[[-84.442806,42.7757],[-84.442875,42.775537]],[[-84.43315,42.7761],[-84.433182,42.776293]],[[-84.42389,42.776428],[-84.423922,42.776622]],[[-84.414772,42.776486],[-84.414804,42.77668]],[[-84.41243,42.774372],[-84.412317,42.774261]],[[-84.408946,42.775663],[-84.408832,42.775553]],[[-84.397882,42.777786],[-84.397768,42.777675]],[[-84.391982,42.779268],[-84.391868,42.779157]],[[-84.386641,42.782033],[-84.386527,42.781923]],[[-84.38323,42.784209],[-84.383117,42.784098]],[[-84.377634,42.787779],[-84.377469,42.787607]],[[-84.350963,42.773294],[-84.350899,42.773299]],[[-84.351524,42.777363],[-84.351738,42.777375]],[[-84.352022,42.783686],[-84.352236,42.783699]],[[-84.316704,42.791943],[-84.316705,42.792092]],[[-84.321214,42.791943],[-84.321215,42.792092]],[[-84.332764,42.791905],[-84.332766,42.792054]],[[-84.344111,42.792076],[-84.344112,42.792225]],[[-84.351512,42.792131],[-84.351514,42.79228]],[[-84.352173,42.788576],[-84.352298,42.788582]],[[-84.356022,42.785456],[-84.356044,42.785322]],[[-84.366768,42.7851],[-84.36679,42.784965]],[[-84.373307,42.785103],[-84.373329,42.784969]],[[-84.374284,42.788102],[-84.374371,42.788105]],[[-84.398078,42.881159],[-84.398098,42.881287]],[[-84.38961,42.881185],[-84.38963,42.881313]],[[-84.377443,42.880781],[-84.377416,42.880634]],[[-84.371989,42.884969],[-84.371829,42.884963]],[[-84.367477,42.888869],[-84.367317,42.888863]],[[-84.364536,42.891452],[-84.364376,42.891446]],[[-84.365718,42.915837],[-84.365894,42.91583]],[[-84.364901,42.910302],[-84.364712,42.910309]],[[-84.364791,42.904792],[-84.364602,42.904799]],[[-84.364708,42.899366],[-84.364519,42.899373]],[[-84.364636,42.894735],[-84.364447,42.894741]],[[-84.362876,42.892421],[-84.3629,42.892524]],[[-84.356198,42.893539],[-84.356223,42.893642]],[[-84.350027,42.89214],[-84.349927,42.891896]],[[-84.347772,42.891561],[-84.347666,42.891743]],[[-84.344112,42.889995],[-84.344024,42.890104]],[[-84.323225,42.887215],[-84.323255,42.887102]],[[-84.33281,42.887229],[-84.33284,42.887116]],[[-84.339117,42.886675],[-84.339146,42.886562]],[[-84.340594,42.88669],[-84.340733,42.886697]],[[-84.340486,42.883023],[-84.340625,42.883031]],[[-84.340222,42.877392],[-84.34036,42.8774]],[[-84.339885,42.871568],[-84.340023,42.871575]],[[-84.343043,42.866685],[-84.342873,42.866689]],[[-84.343487,42.86101],[-84.343317,42.861014]],[[-84.343692,42.85782],[-84.343521,42.857824]],[[-84.343641,42.85464],[-84.343471,42.854644]],[[-84.343537,42.849873],[-84.343367,42.849877]],[[-84.343322,42.844342],[-84.343152,42.844346]],[[-84.343024,42.838452],[-84.342854,42.838456]],[[-84.347051,42.807443],[-84.346896,42.807445]],[[-84.342923,42.835795],[-84.342482,42.835804]],[[-84.336691,42.835763],[-84.336691,42.835672]],[[-84.340448,42.835659],[-84.340448,42.835568]],[[-84.342863,42.833306],[-84.342694,42.833306]],[[-84.342676,42.828034],[-84.342507,42.828034]],[[-84.3446,42.822243],[-84.344608,42.822331]],[[-84.347189,42.810743],[-84.347034,42.810745]],[[-84.356812,42.800383],[-84.356747,42.800258]],[[-84.350413,42.80281],[-84.350476,42.802873]],[[-84.347067,42.805897],[-84.346911,42.805899]],[[-84.347034,42.8058],[-84.346878,42.805803]],[[-84.350218,42.802852],[-84.350207,42.802737]],[[-84.356283,42.800437],[-84.356288,42.80033]],[[-84.366973,42.799876],[-84.366977,42.799768]],[[-84.374853,42.799172],[-84.37494,42.799175]],[[-84.374375,42.794849],[-84.374463,42.794852]],[[-84.374288,42.790471],[-84.374375,42.790473]],[[-84.410177,42.845179],[-84.410183,42.845493],[-84.408621,42.845494],[-84.408933,42.846163],[-84.409045,42.850311],[-84.409017,42.857295],[-84.408815,42.857395],[-84.408795,42.858111],[-84.41547,42.858102],[-84.416414,42.858057],[-84.425831,42.858063],[-84.42656,42.858061],[-84.426561,42.858084]],[[-84.426496,42.858316],[-84.426532,42.858315],[-84.426559,42.858273],[-84.42656,42.858171]],[[-84.410179,42.845092],[-84.410176,42.844937],[-84.409115,42.844936],[-84.409044,42.844459],[-84.418452,42.844358],[-84.419451,42.844623],[-84.418915,42.841227],[-84.418436,42.838562],[-84.41844,42.83108],[-84.419273,42.830078],[-84.419273,42.829578],[-84.419862,42.829581],[-84.419874,42.828089],[-84.419851,42.826743],[-84.419937,42.826138],[-84.420953,42.825948],[-84.423714,42.825949],[-84.424816,42.825878],[-84.424784,42.814979],[-84.424086,42.81479],[-84.424003,42.809115],[-84.42402,42.807101],[-84.428629,42.807097]],[[-84.428656,42.807098],[-84.432016,42.807105],[-84.437313,42.807105],[-84.43872,42.807062],[-84.44289,42.80707],[-84.443726,42.807683],[-84.444717,42.807802],[-84.446719,42.807651],[-84.44868,42.807651],[-84.448923,42.807197],[-84.449038,42.807196]],[[-84.449098,42.807251],[-84.449098,42.807203]],[[-84.428642,42.807054],[-84.428736,42.800074],[-84.430758,42.796932],[-84.431596,42.796938],[-84.432426,42.794882],[-84.434083,42.794907],[-84.43353,42.794233],[-84.433306,42.793315],[-84.433268,42.79271],[-84.433303,42.791351],[-84.433379,42.790885],[-84.43361,42.789915],[-84.433715,42.789842],[-84.433713,42.788627],[-84.433692,42.787053],[-84.433679,42.786028],[-84.433611,42.78525],[-84.433627,42.785037],[-84.433732,42.784829],[-84.434068,42.784761],[-84.434304,42.784381],[-84.435661,42.782625],[-84.436056,42.782087],[-84.436518,42.781663],[-84.43741,42.780939],[-84.43756,42.780734],[-84.437842,42.780449],[-84.438014,42.780381],[-84.438855,42.779697],[-84.439242,42.779774],[-84.439465,42.779582],[-84.440061,42.779062],[-84.439918,42.778839],[-84.440347,42.778455],[-84.442899,42.776318]],[[-84.391961,42.777526],[-84.39304,42.777756],[-84.394305,42.777838],[-84.394783,42.777783],[-84.394877,42.77766],[-84.395149,42.777602],[-84.395321,42.777688],[-84.395941,42.777599],[-84.39854,42.777153],[-84.398542,42.777597]],[[-84.373734,42.7902],[-84.374338,42.790097],[-84.374353,42.789814],[-84.374875,42.789502],[-84.380247,42.786092],[-84.380941,42.785774],[-84.381124,42.785624],[-84.381424,42.785528],[-84.381545,42.785296],[-84.381859,42.785061],[-84.384125,42.783614],[-84.386824,42.781891],[-84.388719,42.780731],[-84.389874,42.780074],[-84.391382,42.779457],[-84.392982,42.778892],[-84.394334,42.778478],[-84.395465,42.778204],[-84.397542,42.77782],[-84.398488,42.777619]],[[-84.398601,42.777595],[-84.398628,42.77759],[-84.398674,42.77853],[-84.399168,42.778267],[-84.399605,42.778093],[-84.400481,42.778069],[-84.403041,42.777742],[-84.40903,42.776713],[-84.408909,42.775652],[-84.410463,42.775155],[-84.413276,42.774007],[-84.41344,42.774648],[-84.413529,42.774926],[-84.41354,42.776046],[-84.41388,42.77647],[-84.418602,42.77646],[-84.425718,42.776389],[-84.428383,42.776362],[-84.428759,42.77639],[-84.428884,42.776344],[-84.430374,42.776332],[-84.430394,42.776315],[-84.430436,42.776315]],[[-84.37374,42.790219],[-84.374363,42.790112],[-84.374379,42.789824],[-84.374892,42.789516],[-84.380262,42.786108],[-84.380958,42.785789],[-84.38114,42.78564],[-84.381445,42.785542],[-84.381568,42.785306],[-84.381877,42.785075],[-84.384142,42.783628],[-84.386841,42.781906],[-84.388736,42.780746],[-84.389889,42.78009],[-84.391394,42.779474],[-84.392992,42.778909],[-84.394344,42.778496],[-84.395472,42.778222],[-84.397549,42.777839],[-84.398603,42.777644],[-84.398649,42.778567],[-84.399183,42.778284],[-84.399612,42.778112],[-84.400484,42.778088],[-84.403046,42.777761],[-84.409058,42.776728],[-84.408937,42.775664],[-84.410474,42.775173],[-84.413257,42.774037],[-84.413414,42.774652],[-84.413503,42.774928],[-84.413514,42.776052],[-84.413865,42.776489],[-84.418603,42.776479],[-84.425718,42.776409],[-84.428382,42.776382],[-84.428764,42.77641],[-84.428891,42.776364],[-84.430612,42.776352],[-84.430761,42.776266],[-84.431868,42.776268],[-84.43195,42.776113],[-84.432153,42.776112],[-84.433168,42.776099],[-84.433668,42.775861],[-84.4346,42.775698],[-84.434915,42.775854],[-84.43774,42.775802],[-84.438088,42.775878],[-84.438598,42.775874],[-84.439079,42.775797],[-84.441392,42.775752],[-84.441732,42.775595],[-84.442057,42.775586],[-84.443005,42.775726],[-84.443002,42.776237],[-84.442982,42.776256]],[[-84.367636,42.91654],[-84.367271,42.916934],[-84.367203,42.917001],[-84.36658,42.917126],[-84.365741,42.917113],[-84.365712,42.915077],[-84.364979,42.914854],[-84.3649,42.9103],[-84.365538,42.910294],[-84.365574,42.905018],[-84.364795,42.904817],[-84.364779,42.903732],[-84.364744,42.902054],[-84.364759,42.901229],[-84.364693,42.898707],[-84.364795,42.898544],[-84.364799,42.898159],[-84.364708,42.898011],[-84.364684,42.895871],[-84.364607,42.893846],[-84.36455,42.892064]],[[-84.364602,42.89204],[-84.364656,42.892026],[-84.364526,42.891376],[-84.365179,42.890729],[-84.367383,42.888949],[-84.371999,42.884961],[-84.375942,42.881543],[-84.376481,42.881129],[-84.377177,42.880817],[-84.377695,42.88076],[-84.383659,42.880757],[-84.384324,42.880781],[-84.384555,42.881086],[-84.384756,42.881088],[-84.384853,42.881183],[-84.385124,42.881212],[-84.38628,42.881222],[-84.395511,42.881113],[-84.398051,42.881153],[-84.398637,42.881223],[-84.399041,42.881308],[-84.40059,42.881728]],[[-84.349812,42.892192],[-84.349941,42.892249],[-84.350131,42.892026],[-84.351309,42.892515],[-84.351385,42.892582],[-84.351721,42.892689],[-84.352,42.892815],[-84.35241,42.892983],[-84.352601,42.893104],[-84.352813,42.89331],[-84.353236,42.89331],[-84.353393,42.893201],[-84.353852,42.893195],[-84.353945,42.893511],[-84.354034,42.893533],[-84.355445,42.893548],[-84.356126,42.893538],[-84.357192,42.8935],[-84.357651,42.893496],[-84.358094,42.893432],[-84.362915,42.892409],[-84.36449,42.892067]],[[-84.340607,42.888545],[-84.340608,42.888552],[-84.342534,42.889339],[-84.34301,42.889497],[-84.343426,42.889706],[-84.346581,42.891012],[-84.346701,42.891104],[-84.346848,42.891167],[-84.34696,42.89117],[-84.347253,42.891311],[-84.347953,42.891643],[-84.349347,42.892202],[-84.349639,42.892119],[-84.349711,42.892147]],[[-84.34972,42.892242],[-84.349739,42.892221],[-84.349758,42.892174]],[[-84.320197,42.886902],[-84.320211,42.886904],[-84.320632,42.887131],[-84.320857,42.887171],[-84.321059,42.887228],[-84.327904,42.887208],[-84.331249,42.887263],[-84.33408,42.887213],[-84.334899,42.887176],[-84.337594,42.886837],[-84.33918,42.886675],[-84.339131,42.887336],[-84.340567,42.887288],[-84.34058,42.888456]],[[-84.340606,42.888456],[-84.340567,42.884937],[-84.340491,42.883049],[-84.340393,42.88136],[-84.340281,42.87869],[-84.34021,42.877188],[-84.340236,42.87643],[-84.340303,42.875828],[-84.340588,42.875179],[-84.340397,42.874901],[-84.340036,42.874868],[-84.339911,42.871839],[-84.339804,42.870903],[-84.342081,42.870887],[-84.342478,42.869106],[-84.34364,42.864152],[-84.343364,42.862243],[-84.34335,42.861448],[-84.343733,42.860224],[-84.343689,42.857644],[-84.344266,42.857461],[-84.344445,42.857344],[-84.344447,42.857039],[-84.344371,42.857039]],[[-84.344217,42.857273],[-84.344359,42.857272],[-84.344359,42.857083]],[[-84.333308,42.835087],[-84.333299,42.835502],[-84.33423,42.835806],[-84.335395,42.835794],[-84.339565,42.835681],[-84.342909,42.83561]],[[-84.333306,42.834999],[-84.333303,42.83489]],[[-84.344348,42.85704],[-84.343729,42.85703],[-84.343527,42.856637],[-84.343571,42.85638],[-84.343655,42.856343],[-84.343619,42.853311],[-84.343586,42.852332],[-84.343663,42.851908],[-84.343569,42.851764],[-84.343535,42.849701],[-84.343603,42.849589],[-84.34349,42.849314],[-84.343392,42.847319],[-84.343431,42.8459],[-84.34315,42.841702],[-84.342925,42.835654]],[[-84.342922,42.835567],[-84.342921,42.835543],[-84.342779,42.835512],[-84.342774,42.835389],[-84.342837,42.83525],[-84.342907,42.834756],[-84.342823,42.831821],[-84.342633,42.826736],[-84.342271,42.826154],[-84.342466,42.825021],[-84.34353,42.824816],[-84.343463,42.822245],[-84.346357,42.822231],[-84.346371,42.820481],[-84.347921,42.820468],[-84.347869,42.819206]],[[-84.317189,42.791941],[-84.327048,42.791927],[-84.334843,42.791897],[-84.337982,42.791845],[-84.341728,42.79184],[-84.344768,42.792134],[-84.352294,42.79213],[-84.352252,42.791214],[-84.352206,42.78948],[-84.352123,42.7874],[-84.352103,42.786561],[-84.352075,42.785488]],[[-84.352135,42.785479],[-84.358638,42.785447],[-84.363148,42.785556],[-84.364333,42.785166],[-84.365486,42.785096],[-84.374283,42.785107],[-84.374277,42.789783],[-84.373759,42.789933],[-84.373764,42.790155],[-84.373717,42.790181]],[[-84.347305,42.81365],[-84.347031,42.806784]]]},"properties":{"id":"fna-member-routes-20260918-94426ee1dd6da8dfbbed","sourceId":"fna-member-routes-20260918","source":"Fiber Network Alliance member fiber lines","sourceUrl":"https://www.fibernetworkalliance.com/membership-map-line/","name":"WOW-Lansing published routes","carrier":"WOW-Lansing","category":"unknown","routeStatus":"Status not established","evidence":"publisher_route","dataDate":null,"metadataModified":null,"retrievedAt":"2026-09-18T19:56:04.130240+00:00","networkType":"Published fiber route; precision and network class unverified","serviceability":"Unconfirmed","routeDiversity":"Unconfirmed","states":["MI"],"publishedLineParts":100},"bbox":[-84.449745,42.7708,-84.316704,42.917126]},{"type":"Feature","geometry":{"type":"MultiLineString","coordinates":[[[-84.347056,42.806696],[-84.347075,42.805204],[-84.347565,42.805123],[-84.349708,42.804193],[-84.350604,42.803324],[-84.350152,42.802897],[-84.354538,42.801434],[-84.356061,42.801392],[-84.356064,42.800649],[-84.356175,42.800479],[-84.357132,42.800329],[-84.357134,42.799895],[-84.359326,42.799898],[-84.360281,42.799893]],[[-84.34703,42.806696],[-84.347048,42.805189],[-84.347556,42.805105],[-84.34969,42.804178],[-84.350571,42.803324],[-84.350111,42.802889],[-84.354532,42.801414],[-84.356034,42.801374],[-84.356038,42.800645],[-84.356157,42.800462],[-84.357105,42.800313],[-84.357105,42.799852],[-84.359358,42.799851],[-84.373315,42.799898],[-84.374755,42.799891],[-84.374759,42.799594],[-84.374848,42.799522],[-84.37485,42.797387],[-84.374418,42.797394],[-84.374421,42.796966],[-84.374413,42.796637],[-84.374359,42.794591],[-84.374341,42.792316],[-84.374325,42.791809],[-84.374278,42.790151],[-84.373741,42.790239]],[[-84.297023,42.798821],[-84.297228,42.798866]],[[-84.302756,42.795947],[-84.302961,42.795991]],[[-84.307555,42.794887],[-84.30776,42.794932]],[[-84.312558,42.797038],[-84.312763,42.797082]],[[-84.3133,42.793783],[-84.313108,42.793679]],[[-84.291777,42.801142],[-84.292733,42.800642],[-84.293117,42.80048],[-84.2935,42.800577],[-84.300906,42.796879],[-84.30469,42.794974],[-84.306248,42.794155],[-84.306767,42.793787],[-84.307539,42.794576],[-84.307569,42.795406],[-84.307611,42.796747],[-84.312009,42.796633],[-84.312562,42.797062],[-84.312527,42.794497],[-84.315296,42.791958],[-84.315939,42.791945],[-84.31707,42.791941]],[[-84.373854,42.788904],[-84.373856,42.788919],[-84.373871,42.788926],[-84.373849,42.788755],[-84.373835,42.788302],[-84.373833,42.787363],[-84.373819,42.785703],[-84.373821,42.784568],[-84.373786,42.784108],[-84.372909,42.784138],[-84.371744,42.784192],[-84.370577,42.784188],[-84.370125,42.784166],[-84.366983,42.78422],[-84.363722,42.784278],[-84.362702,42.784287],[-84.361684,42.784306],[-84.360535,42.784329],[-84.359165,42.784352],[-84.357403,42.784388],[-84.356005,42.784411],[-84.35381,42.784486],[-84.351848,42.784563],[-84.351837,42.783919]],[[-84.351836,42.783919],[-84.351753,42.781527],[-84.351735,42.779824],[-84.351701,42.778212],[-84.351642,42.777385],[-84.351483,42.77663],[-84.350946,42.775797],[-84.350772,42.775418],[-84.350747,42.774968],[-84.351422,42.77494],[-84.351377,42.774032],[-84.3511,42.771388],[-84.351115,42.770861],[-84.351091,42.769429],[-84.351074,42.769114],[-84.350758,42.767927],[-84.350668,42.767615],[-84.350318,42.766407],[-84.34947,42.765834],[-84.349333,42.764837],[-84.349746,42.764781],[-84.349619,42.763728],[-84.349427,42.762307],[-84.349083,42.759606],[-84.348975,42.758748],[-84.348499,42.755153],[-84.348428,42.7544],[-84.348316,42.753366],[-84.348029,42.753383],[-84.347829,42.751524],[-84.347251,42.751403],[-84.346966,42.749709],[-84.346602,42.747472],[-84.346392,42.745847],[-84.346233,42.744138]]]},"properties":{"id":"fna-member-routes-20260918-4d6f2a1a88d3952dfb3c","sourceId":"fna-member-routes-20260918","source":"Fiber Network Alliance member fiber lines","sourceUrl":"https://www.fibernetworkalliance.com/membership-map-line/","name":"WOW-Lansing published routes","carrier":"WOW-Lansing","category":"unknown","routeStatus":"Status not established","evidence":"publisher_route","dataDate":null,"metadataModified":null,"retrievedAt":"2026-09-18T19:56:04.130240+00:00","networkType":"Published fiber route; precision and network class unverified","serviceability":"Unconfirmed","routeDiversity":"Unconfirmed","states":["MI"],"publishedLineParts":10},"bbox":[-84.37485,42.744138,-84.291777,42.806696]},{"type":"Feature","geometry":{"type":"MultiLineString","coordinates":[[[-84.218727,42.246909],[-84.218713,42.24705]],[[-84.21212,42.24668],[-84.211925,42.246721]],[[-84.201544,42.247282],[-84.2017,42.247276]],[[-84.187233,42.235735],[-84.187139,42.235723]],[[-84.18724,42.23965],[-84.187146,42.239637]],[[-84.18872,42.243186],[-84.188694,42.243307]],[[-84.195538,42.244656],[-84.19553,42.244536]],[[-84.198741,42.246876],[-84.198735,42.246767]],[[-84.202501,42.244875],[-84.202525,42.24503]],[[-84.212076,42.244098],[-84.212101,42.244253]],[[-84.219069,42.201863],[-84.218909,42.201854]],[[-84.218572,42.206421],[-84.218412,42.206412]],[[-84.218486,42.211004],[-84.218326,42.210996]],[[-84.23709,42.208583],[-84.237299,42.208579]],[[-84.23252,42.213484],[-84.232508,42.213356]],[[-84.221919,42.212801],[-84.221928,42.212931]],[[-84.218536,42.213695],[-84.218277,42.213675]],[[-84.218376,42.217068],[-84.218117,42.217049]],[[-84.218234,42.222426],[-84.217975,42.222406]],[[-84.218482,42.227452],[-84.218223,42.227433]],[[-84.217976,42.234203],[-84.217717,42.234184]],[[-84.218055,42.239949],[-84.217796,42.239929]],[[-84.216844,42.242946],[-84.216869,42.243101]],[[-84.214592,42.242934],[-84.214617,42.24309]],[[-84.186879,42.23507],[-84.186902,42.23507],[-84.186902,42.235105],[-84.18699,42.235154],[-84.186991,42.235177]],[[-84.186991,42.235264],[-84.186992,42.23531],[-84.187138,42.235543],[-84.187152,42.236959],[-84.187128,42.237964],[-84.187143,42.238948],[-84.187141,42.239939],[-84.187081,42.240846],[-84.186993,42.240886],[-84.186993,42.240981],[-84.187088,42.241038],[-84.187064,42.241933],[-84.187547,42.243211],[-84.188502,42.243241],[-84.189118,42.243465],[-84.189547,42.24345],[-84.189944,42.243452],[-84.191073,42.243419],[-84.191867,42.243888],[-84.192434,42.244564],[-84.193607,42.244558],[-84.194457,42.244551],[-84.194815,42.244544],[-84.196727,42.244516],[-84.196784,42.246267],[-84.197293,42.246455],[-84.197287,42.246479]],[[-84.197157,42.246551],[-84.197156,42.246488],[-84.197223,42.246487]],[[-84.197337,42.246506],[-84.197521,42.246566],[-84.197635,42.246752],[-84.199021,42.246765],[-84.200421,42.246757],[-84.201626,42.246683]],[[-84.201642,42.246641],[-84.201642,42.246582],[-84.20171,42.246398],[-84.201696,42.245665],[-84.202206,42.245459],[-84.202207,42.245033],[-84.207817,42.245027],[-84.208208,42.245003],[-84.209884,42.244652],[-84.210584,42.244859],[-84.211034,42.244653],[-84.211931,42.244306],[-84.212515,42.244122],[-84.213422,42.244012],[-84.213931,42.244043],[-84.214137,42.244027],[-84.214187,42.243916],[-84.2151,42.243916]],[[-84.215019,42.244163],[-84.215144,42.244058]],[[-84.218107,42.228239],[-84.218039,42.22819]],[[-84.215109,42.243896],[-84.214132,42.243888],[-84.214087,42.243549],[-84.214099,42.243085],[-84.217714,42.243109],[-84.217878,42.242516],[-84.217868,42.241951],[-84.21776,42.238755],[-84.217709,42.236524],[-84.217691,42.234679],[-84.217744,42.232436],[-84.21778,42.230771],[-84.217835,42.229114],[-84.217858,42.228452],[-84.217951,42.228255],[-84.217995,42.228218]],[[-84.218414,42.21296],[-84.222741,42.212925],[-84.226297,42.212853],[-84.227477,42.212857],[-84.227595,42.213324],[-84.232578,42.213351],[-84.23658,42.213331],[-84.237423,42.213329],[-84.237282,42.212907],[-84.237304,42.208499],[-84.237108,42.208216],[-84.237108,42.208061],[-84.237125,42.20806]],[[-84.218071,42.22815],[-84.218103,42.228119],[-84.218215,42.227429],[-84.217936,42.227219],[-84.217925,42.226229],[-84.217938,42.225243],[-84.217947,42.224461],[-84.217972,42.223739],[-84.217942,42.223651],[-84.21799,42.222598],[-84.217942,42.222019],[-84.217943,42.22172],[-84.218086,42.221659],[-84.218082,42.22074],[-84.218126,42.219793],[-84.218081,42.219477],[-84.21809,42.218009],[-84.21805,42.217948],[-84.218052,42.217313],[-84.218168,42.217237],[-84.21817,42.217164],[-84.218115,42.217132],[-84.218115,42.216948],[-84.218225,42.214146],[-84.218354,42.212969]],[[-84.218354,42.212951],[-84.21834,42.212356],[-84.218321,42.210637],[-84.218351,42.208572],[-84.218399,42.206692],[-84.218476,42.205029],[-84.218452,42.204054],[-84.218935,42.203299],[-84.218907,42.202341],[-84.218933,42.200469],[-84.218877,42.200469]],[[-84.21876,42.200469],[-84.218664,42.200469]],[[-84.237242,42.20806],[-84.237297,42.20806]]]},"properties":{"id":"fna-member-routes-20260918-8545cd95cfca45d64a6e","sourceId":"fna-member-routes-20260918","source":"Fiber Network Alliance member fiber lines","sourceUrl":"https://www.fibernetworkalliance.com/membership-map-line/","name":"WOW-Lansing published routes","carrier":"WOW-Lansing","category":"unknown","routeStatus":"Status not established","evidence":"publisher_route","dataDate":null,"metadataModified":null,"retrievedAt":"2026-09-18T19:56:04.130240+00:00","networkType":"Published fiber route; precision and network class unverified","serviceability":"Unconfirmed","routeDiversity":"Unconfirmed","states":["MI"],"publishedLineParts":37},"bbox":[-84.237423,42.200469,-84.186879,42.247282]},{"type":"Feature","geometry":{"type":"MultiLineString","coordinates":[[[-84.22958,42.257968],[-84.229572,42.258122]],[[-84.225525,42.254949],[-84.225792,42.254927]],[[-84.222392,42.250781],[-84.222123,42.250809]],[[-84.202901,42.276974],[-84.20269,42.276967]],[[-84.203318,42.272398],[-84.203107,42.272391]],[[-84.202754,42.267323],[-84.202543,42.267316]],[[-84.202763,42.264127],[-84.202552,42.26412]],[[-84.203381,42.261111],[-84.20317,42.261104]],[[-84.202495,42.255552],[-84.202467,42.255735]],[[-84.201448,42.250877],[-84.201604,42.250871]],[[-84.202821,42.278641],[-84.202881,42.278641]],[[-84.202894,42.278598],[-84.202899,42.278148],[-84.202697,42.278099],[-84.20267,42.273793],[-84.20272,42.273405],[-84.203108,42.27255],[-84.203114,42.269716],[-84.203135,42.267709],[-84.202541,42.267689],[-84.202556,42.26513],[-84.202543,42.263648],[-84.203132,42.263637],[-84.203132,42.263491],[-84.203073,42.263468],[-84.203073,42.263446]],[[-84.20282,42.263458],[-84.20282,42.263472],[-84.202908,42.263472],[-84.202983,42.263433],[-84.203014,42.263433]],[[-84.203132,42.263433],[-84.203217,42.263433],[-84.203218,42.263032],[-84.203055,42.262852],[-84.203059,42.262521],[-84.203166,42.261943],[-84.203164,42.257899],[-84.202525,42.257197],[-84.202497,42.255739],[-84.201928,42.255736],[-84.201926,42.255035],[-84.201915,42.252806],[-84.201501,42.252423],[-84.201478,42.251125],[-84.201728,42.250626],[-84.201724,42.249522],[-84.201729,42.248121],[-84.201749,42.248051],[-84.201757,42.247564],[-84.201711,42.247488],[-84.201701,42.246956],[-84.201641,42.246835],[-84.201642,42.246728]],[[-84.21509,42.243938],[-84.214208,42.243938],[-84.214157,42.244046],[-84.213937,42.244064],[-84.213424,42.244034],[-84.212523,42.244143],[-84.211944,42.244326],[-84.211049,42.244673],[-84.210585,42.244885],[-84.211212,42.245691],[-84.211827,42.246548],[-84.212355,42.247478],[-84.213364,42.247283],[-84.216195,42.247107],[-84.217427,42.24701],[-84.219644,42.247077],[-84.220493,42.247304],[-84.221514,42.247655],[-84.221365,42.248466],[-84.220741,42.248925],[-84.221094,42.249217],[-84.221731,42.249812],[-84.221904,42.250026],[-84.222011,42.25034],[-84.22204,42.250588],[-84.222089,42.250759],[-84.222192,42.250916],[-84.222383,42.251099],[-84.222579,42.251223],[-84.222668,42.251437],[-84.222769,42.251579],[-84.22301,42.251729],[-84.225566,42.251738],[-84.225796,42.253233],[-84.225801,42.254052],[-84.225792,42.255862],[-84.226306,42.256156],[-84.226306,42.25641],[-84.226426,42.25666],[-84.227032,42.257251],[-84.228062,42.257947],[-84.229219,42.258123],[-84.232328,42.258109],[-84.232329,42.25794],[-84.23284,42.257939],[-84.23284,42.257956]],[[-84.23284,42.258043],[-84.23284,42.258058],[-84.232785,42.258058]],[[-84.249521,42.389921],[-84.2494,42.389785]],[[-84.249371,42.393382],[-84.248865,42.393356]],[[-84.246494,42.395745],[-84.246668,42.395757]],[[-84.245242,42.398483],[-84.245416,42.398495]],[[-84.24919,42.388182],[-84.249281,42.388183],[-84.249344,42.388236],[-84.249377,42.388236]],[[-84.24104,42.400309],[-84.241068,42.400197]],[[-84.232505,42.401159],[-84.232387,42.40114]],[[-84.230982,42.403173],[-84.230864,42.403155]],[[-84.230575,42.403543],[-84.23259,42.400876],[-84.232371,42.400615],[-84.232861,42.399959],[-84.233514,42.399895],[-84.233897,42.400077],[-84.237218,42.400044],[-84.242538,42.40026],[-84.244543,42.40039],[-84.244663,42.400125],[-84.244775,42.400099],[-84.244821,42.399926],[-84.244867,42.399865],[-84.245185,42.399088],[-84.246193,42.396533],[-84.246471,42.396015],[-84.246899,42.395495],[-84.247614,42.395194],[-84.248852,42.39494],[-84.248848,42.394381],[-84.248854,42.394032],[-84.248868,42.389886],[-84.249443,42.389773],[-84.249444,42.389422],[-84.249523,42.389422],[-84.249536,42.389096],[-84.249472,42.389003],[-84.24947,42.38854],[-84.249431,42.388457],[-84.249499,42.388335],[-84.249385,42.388303],[-84.249385,42.38828]],[[-84.17646,42.448236],[-84.176601,42.448241]],[[-84.178405,42.444304],[-84.178294,42.444306]],[[-84.178338,42.438331],[-84.178227,42.438333]],[[-84.148584,42.436222],[-84.1486,42.436301]],[[-84.153376,42.435657],[-84.153395,42.435818]],[[-84.158424,42.436453],[-84.158425,42.436323]],[[-84.164975,42.436658],[-84.164975,42.436528]],[[-84.170362,42.436793],[-84.170368,42.43658]],[[-84.170376,42.43609],[-84.170564,42.435977]],[[-84.170326,42.436085],[-84.170519,42.435963]],[[-84.170222,42.434631],[-84.170207,42.434604],[-84.170106,42.434633],[-84.170106,42.434749],[-84.170157,42.43489],[-84.170108,42.43523],[-84.170317,42.435722],[-84.170715,42.43619],[-84.170764,42.436208],[-84.170519,42.43658],[-84.168684,42.436577],[-84.168452,42.436541],[-84.16618,42.436522],[-84.164766,42.436525],[-84.164516,42.436667],[-84.164147,42.436671],[-84.163875,42.436548],[-84.161825,42.436515],[-84.161689,42.436441],[-84.161409,42.436441],[-84.161111,42.436533],[-84.159981,42.436521],[-84.159477,42.436471],[-84.158435,42.436333],[-84.158112,42.435956],[-84.1576,42.43592],[-84.157442,42.435852],[-84.156213,42.435726],[-84.154375,42.435742],[-84.152693,42.435876],[-84.150289,42.436178],[-84.149455,42.436194],[-84.149292,42.436275],[-84.149031,42.436239],[-84.148766,42.436307],[-84.148338,42.436304],[-84.148167,42.436427]],[[-84.170162,42.43464],[-84.170136,42.434648],[-84.170136,42.434746],[-84.170187,42.434888],[-84.170139,42.435228],[-84.170345,42.435713],[-84.170736,42.436173],[-84.171115,42.436315],[-84.17131,42.436519],[-84.171873,42.436991],[-84.173382,42.436993],[-84.173803,42.436488],[-84.174948,42.436494],[-84.175062,42.436459],[-84.175573,42.436459],[-84.175585,42.436585],[-84.176633,42.436622],[-84.176695,42.436258],[-84.176806,42.436256],[-84.178253,42.436648],[-84.178255,42.436743],[-84.178214,42.436925],[-84.178231,42.438786],[-84.178338,42.439067],[-84.178265,42.439135],[-84.178262,42.440291],[-84.17831,42.440498],[-84.178297,42.440561],[-84.178277,42.440613],[-84.178271,42.440904],[-84.178294,42.441872],[-84.178323,42.441893],[-84.178299,42.443415],[-84.17828,42.443455],[-84.178299,42.44454],[-84.178296,42.445755],[-84.178321,42.446096],[-84.178316,42.447202],[-84.178313,42.447412],[-84.17751,42.447443],[-84.176775,42.447452],[-84.176773,42.448014],[-84.1766,42.448168],[-84.176609,42.448556]],[[-84.176611,42.448643],[-84.176612,42.448714]],[[-84.148082,42.436488],[-84.148062,42.436502],[-84.147963,42.436504]],[[-84.170951,42.435804],[-84.170617,42.435981]],[[-84.178443,42.43914],[-84.178325,42.439121]],[[-84.17848,42.441848],[-84.178362,42.441829]],[[-84.179412,42.441184],[-84.179294,42.441165]],[[-84.183966,42.437888],[-84.183848,42.437869]],[[-84.188398,42.434652],[-84.18828,42.434633]],[[-84.192964,42.431391],[-84.192846,42.431372]],[[-84.197507,42.428019],[-84.197389,42.428]],[[-84.202584,42.424279],[-84.202465,42.42426]],[[-84.206056,42.421725],[-84.205938,42.421706]],[[-84.21141,42.417782],[-84.211291,42.417763]],[[-84.215653,42.414667],[-84.215535,42.414649]],[[-84.220092,42.411411],[-84.219974,42.411392]],[[-84.225057,42.40776],[-84.224939,42.407742]],[[-84.22821,42.405447],[-84.228091,42.405428]],[[-84.211212,42.401305],[-84.211263,42.401474]],[[-84.220241,42.39999],[-84.220292,42.400158]],[[-84.227799,42.40139],[-84.227612,42.401414]],[[-84.230086,42.403069],[-84.2299,42.403093]],[[-84.230904,42.40335],[-84.230786,42.403332]],[[-84.232656,42.401004],[-84.232538,42.400986]],[[-84.242785,42.400398],[-84.242808,42.400295]],[[-84.170451,42.434612],[-84.170451,42.43459],[-84.170423,42.43459],[-84.170283,42.43463]],[[-84.170173,42.434661],[-84.170166,42.434663],[-84.170166,42.434743],[-84.170218,42.434886],[-84.170169,42.435226],[-84.170372,42.435704],[-84.170757,42.436156],[-84.171136,42.436298],[-84.171338,42.436506],[-84.171886,42.436968],[-84.173366,42.43697],[-84.173786,42.436465],[-84.174942,42.436472],[-84.175056,42.436437],[-84.175603,42.436437],[-84.175609,42.436565],[-84.176606,42.4366],[-84.176669,42.436236],[-84.176811,42.436234],[-84.178282,42.436633],[-84.178285,42.436745],[-84.178244,42.436927],[-84.178261,42.438783],[-84.178371,42.439072],[-84.178295,42.439142],[-84.178292,42.440289],[-84.17834,42.440498],[-84.178326,42.440565],[-84.178307,42.440616],[-84.178301,42.440904],[-84.178324,42.441857],[-84.182689,42.438708],[-84.192094,42.43185],[-84.192204,42.431684],[-84.192778,42.431429],[-84.193216,42.431062],[-84.211338,42.417726],[-84.230538,42.403627]],[[-84.208739,42.402559],[-84.208745,42.40258],[-84.208822,42.402571],[-84.208831,42.402445]],[[-84.208836,42.402358],[-84.208845,42.40223],[-84.209051,42.402159],[-84.209665,42.401706],[-84.212989,42.401239],[-84.21351,42.401236],[-84.213588,42.401198],[-84.21606,42.400813],[-84.223628,42.399643],[-84.225256,42.400053],[-84.225254,42.400935],[-84.226971,42.400937],[-84.230564,42.403587]]]},"properties":{"id":"fna-member-routes-20260918-186e629a8e87dc1635d9","sourceId":"fna-member-routes-20260918","source":"Fiber Network Alliance member fiber lines","sourceUrl":"https://www.fibernetworkalliance.com/membership-map-line/","name":"WOW-Lansing published routes","carrier":"WOW-Lansing","category":"unknown","routeStatus":"Status not established","evidence":"publisher_route","dataDate":null,"metadataModified":null,"retrievedAt":"2026-09-18T19:56:04.130240+00:00","networkType":"Published fiber route; precision and network class unverified","serviceability":"Unconfirmed","routeDiversity":"Unconfirmed","states":["MI"],"publishedLineParts":65},"bbox":[-84.249536,42.243938,-84.147963,42.448714]},{"type":"Feature","geometry":{"type":"MultiLineString","coordinates":[[[-84.220944,42.717378],[-84.221005,42.717375],[-84.221032,42.717752],[-84.220904,42.717752],[-84.220883,42.717747]],[[-84.049701,42.670601],[-84.049468,42.670608]],[[-84.050595,42.666281],[-84.050361,42.666289]],[[-84.050427,42.662489],[-84.050632,42.662512]],[[-84.041406,42.659795],[-84.041611,42.659818]],[[-84.050135,42.660354],[-84.04993,42.660195]],[[-84.052291,42.660335],[-84.052284,42.660184]],[[-84.06005,42.660339],[-84.060043,42.660188]],[[-84.064614,42.657608],[-84.064607,42.657457]],[[-84.069835,42.657618],[-84.069828,42.657466]],[[-84.079745,42.642037],[-84.079806,42.641937]],[[-84.075018,42.641946],[-84.075039,42.641788]],[[-84.06893,42.622399],[-84.069121,42.622406]],[[-84.069074,42.62685],[-84.069266,42.626857]],[[-84.069281,42.632229],[-84.069473,42.632236]],[[-84.069519,42.63859],[-84.069697,42.638596]],[[-84.069727,42.644061],[-84.069906,42.644067]],[[-84.069812,42.649734],[-84.069991,42.64974]],[[-84.069976,42.653636],[-84.070155,42.653642]],[[-84.07007,42.656286],[-84.070249,42.656292]],[[-84.07245,42.659743],[-84.072358,42.659754]],[[-84.071572,42.661229],[-84.071578,42.661131]],[[-84.070957,42.662581],[-84.07116,42.662608]],[[-84.071114,42.666433],[-84.071317,42.666459]],[[-84.070199,42.67178],[-84.070009,42.671803]],[[-84.07057,42.6777],[-84.07038,42.677724]],[[-84.070853,42.683826],[-84.070663,42.683849]],[[-84.083812,42.684995],[-84.08381,42.684837]],[[-84.111553,42.664288],[-84.111548,42.664215]],[[-84.113678,42.664552],[-84.113678,42.664136]],[[-84.130618,42.677013],[-84.130407,42.677018]],[[-84.130271,42.670222],[-84.130061,42.670227]],[[-84.130174,42.668778],[-84.129964,42.668783]],[[-84.195794,42.669288],[-84.196265,42.669035]],[[-84.199028,42.669955],[-84.198983,42.670177]],[[-84.208276,42.672644],[-84.20823,42.672866]],[[-84.212918,42.675333],[-84.212873,42.675555]],[[-84.215883,42.676169],[-84.215838,42.676391]],[[-84.22007,42.716051],[-84.219972,42.716057]],[[-84.219628,42.710756],[-84.21953,42.710763]],[[-84.219203,42.70573],[-84.219105,42.705737]],[[-84.218769,42.700033],[-84.218596,42.70005]],[[-84.218387,42.695018],[-84.218214,42.695034]],[[-84.21823,42.68933],[-84.218057,42.689346]],[[-84.217793,42.683532],[-84.21762,42.683548]],[[-84.217423,42.678537],[-84.21725,42.678554]],[[-84.049466,42.672237],[-84.049498,42.672125],[-84.049521,42.672115]],[[-84.049624,42.672072],[-84.049659,42.672057],[-84.049664,42.671694],[-84.049706,42.671626],[-84.049696,42.67039],[-84.049699,42.669026],[-84.049736,42.667057],[-84.050629,42.667031],[-84.050572,42.665457],[-84.050504,42.663873],[-84.050387,42.661909],[-84.050354,42.661744],[-84.050307,42.660869],[-84.05167,42.66083],[-84.051673,42.660552],[-84.05163,42.66049],[-84.051629,42.660312]],[[-84.069991,42.655463],[-84.070063,42.656599],[-84.070002,42.656994],[-84.07049,42.656996],[-84.070622,42.657624],[-84.070518,42.657696],[-84.070149,42.657699],[-84.069972,42.657616],[-84.069053,42.65764],[-84.068942,42.657692],[-84.067617,42.657708],[-84.067228,42.657584],[-84.066482,42.657585],[-84.065968,42.6576],[-84.062165,42.657644],[-84.061706,42.657716],[-84.061698,42.660042],[-84.061651,42.660075],[-84.061644,42.660337],[-84.061209,42.660342],[-84.051775,42.660344],[-84.051734,42.660303],[-84.051688,42.660304]],[[-84.040765,42.658127],[-84.040844,42.658578],[-84.041399,42.659427],[-84.041409,42.659989],[-84.041322,42.660117],[-84.041319,42.660807],[-84.042666,42.660818],[-84.042873,42.661054],[-84.043145,42.661055],[-84.043424,42.660838],[-84.047038,42.660809],[-84.050051,42.660828],[-84.050134,42.660344],[-84.051491,42.660344],[-84.051522,42.660304],[-84.05157,42.660304]],[[-84.04075,42.65804],[-84.040747,42.658023],[-84.040621,42.658024]],[[-84.069017,42.661661],[-84.069054,42.661615],[-84.069841,42.66161],[-84.070052,42.661442],[-84.07005,42.661246],[-84.070829,42.66125],[-84.070859,42.661896],[-84.070913,42.662003],[-84.071008,42.66359],[-84.070778,42.663734],[-84.070802,42.664124],[-84.070999,42.664195],[-84.071175,42.666208],[-84.071026,42.666725],[-84.071063,42.66777],[-84.070518,42.667839],[-84.07056,42.668453],[-84.070169,42.66847],[-84.070024,42.668697],[-84.070101,42.669499],[-84.069943,42.669604],[-84.07012,42.67035],[-84.070244,42.672542],[-84.070134,42.672899],[-84.070347,42.674587],[-84.070538,42.676453],[-84.070554,42.67667],[-84.07053,42.676925],[-84.070838,42.683727],[-84.070981,42.684685],[-84.071223,42.685206],[-84.071613,42.685187],[-84.071686,42.685108],[-84.073033,42.684995],[-84.087121,42.684998],[-84.087145,42.685053]],[[-84.087181,42.685136],[-84.087276,42.685352],[-84.087558,42.685353],[-84.087558,42.685347]],[[-84.068835,42.621342],[-84.068834,42.62144],[-84.06884,42.621486]],[[-84.068849,42.621573],[-84.068916,42.622159],[-84.068976,42.623813],[-84.068998,42.625318],[-84.068977,42.625853],[-84.06903,42.625916],[-84.069193,42.629941],[-84.069291,42.632576],[-84.069453,42.635111],[-84.069405,42.635815],[-84.069424,42.636144],[-84.069642,42.642285]],[[-84.070033,42.655418],[-84.070104,42.655357],[-84.07029,42.655357],[-84.070288,42.654894],[-84.070017,42.654728],[-84.069972,42.653725],[-84.069949,42.652865],[-84.069945,42.652536],[-84.069897,42.651898],[-84.06985,42.650923],[-84.06988,42.650094],[-84.069817,42.649907],[-84.069768,42.648575],[-84.069774,42.647969],[-84.069858,42.647213],[-84.069871,42.646532],[-84.069772,42.644584],[-84.069714,42.643955],[-84.069648,42.642372]],[[-84.069657,42.642328],[-84.070766,42.642273],[-84.073518,42.642019],[-84.074841,42.641946],[-84.078269,42.641978],[-84.079281,42.64201],[-84.079742,42.642011],[-84.079746,42.642383]],[[-84.079746,42.64247],[-84.079747,42.642546],[-84.079689,42.642546],[-84.079689,42.642577]],[[-84.069919,42.655183],[-84.069819,42.655183],[-84.069824,42.655348],[-84.07001,42.655353],[-84.070012,42.655375]],[[-84.070017,42.655462],[-84.07009,42.6566],[-84.070032,42.656974],[-84.070513,42.656977],[-84.070647,42.657615],[-84.072024,42.657623],[-84.072336,42.657712],[-84.072516,42.660732],[-84.073685,42.660746]],[[-84.126261,42.67945],[-84.12636,42.679449],[-84.126413,42.679522],[-84.126427,42.679522]],[[-84.126545,42.67952],[-84.127022,42.679512],[-84.12718,42.67942],[-84.129822,42.679398],[-84.130035,42.679378],[-84.130698,42.679348],[-84.130649,42.677868],[-84.130446,42.672972],[-84.13056,42.672843],[-84.130442,42.670923],[-84.130305,42.670775],[-84.13015,42.668288],[-84.130306,42.668171],[-84.130303,42.668006]],[[-84.068776,42.661859],[-84.068831,42.661859],[-84.068935,42.661727]],[[-84.068995,42.661651],[-84.069038,42.661596],[-84.06983,42.661591],[-84.070026,42.661435],[-84.070023,42.661226],[-84.073284,42.661242],[-84.073314,42.660901],[-84.073741,42.660881],[-84.073745,42.660778]],[[-84.108654,42.663957],[-84.110373,42.664159],[-84.113175,42.664479],[-84.113782,42.664573],[-84.113891,42.664461]],[[-84.113959,42.66439],[-84.114225,42.664115],[-84.114435,42.664136],[-84.11442,42.664205]],[[-84.22077,42.717722],[-84.220184,42.717591],[-84.219813,42.712847],[-84.219306,42.707009],[-84.218316,42.694159],[-84.218156,42.694088],[-84.218143,42.693915],[-84.218439,42.693709],[-84.21836,42.692619],[-84.218706,42.692574],[-84.218495,42.68975],[-84.218241,42.689628],[-84.218051,42.686461],[-84.21801,42.686411],[-84.217615,42.681231],[-84.217278,42.676505],[-84.21684,42.676425],[-84.216853,42.676386],[-84.21902,42.676787]],[[-84.195714,42.669017],[-84.19575,42.669024],[-84.195772,42.669179]],[[-84.195785,42.669266],[-84.195795,42.66934],[-84.203416,42.670799],[-84.204321,42.671001],[-84.205136,42.671222],[-84.206237,42.671612],[-84.207175,42.671977],[-84.207863,42.672369],[-84.209287,42.67331],[-84.210874,42.674333],[-84.211896,42.674922],[-84.21274,42.675277],[-84.21377,42.675602],[-84.214333,42.675776],[-84.215446,42.676085],[-84.219034,42.676746]],[[-84.040025,42.66083],[-84.040031,42.660923]],[[-84.051063,42.660368],[-84.051067,42.660235]],[[-84.059386,42.660365],[-84.05939,42.660232]],[[-84.065251,42.657631],[-84.065255,42.657497]],[[-84.070899,42.657641],[-84.070901,42.657669]],[[-84.07245,42.66016],[-84.072334,42.660165]],[[-84.076376,42.660815],[-84.076344,42.660977]],[[-84.084646,42.661],[-84.084613,42.661162]],[[-84.095761,42.662413],[-84.095728,42.662575]],[[-84.102985,42.663296],[-84.102952,42.663459]],[[-84.106549,42.663729],[-84.106517,42.663892]],[[-84.10949,42.664076],[-84.109457,42.664239]],[[-84.118635,42.665675],[-84.118602,42.665838]],[[-84.1269,42.667583],[-84.126867,42.667745]],[[-84.131509,42.668161],[-84.131477,42.668323]],[[-84.141519,42.667048],[-84.141487,42.66721]],[[-84.152048,42.667037],[-84.152016,42.667199]],[[-84.160176,42.667067],[-84.160144,42.66723]],[[-84.180133,42.667161],[-84.180131,42.6672]],[[-84.178219,42.667169],[-84.178209,42.667237]],[[-84.175016,42.667178],[-84.174983,42.66734]],[[-84.163432,42.667099],[-84.1634,42.667261]],[[-84.185743,42.667396],[-84.185711,42.667558]],[[-84.193158,42.668856],[-84.193126,42.669018]],[[-84.198497,42.669884],[-84.198464,42.670046]],[[-84.207923,42.67244],[-84.207891,42.672602]],[[-84.213367,42.6755],[-84.213335,42.675663]],[[-84.21665,42.676328],[-84.216618,42.67649]],[[-84.221206,42.677188],[-84.221174,42.677351]],[[-84.231252,42.679187],[-84.23122,42.679349]],[[-84.237271,42.6804],[-84.237501,42.679792]]]},"properties":{"id":"fna-member-routes-20260918-2731ce91839a027733c7","sourceId":"fna-member-routes-20260918","source":"Fiber Network Alliance member fiber lines","sourceUrl":"https://www.fibernetworkalliance.com/membership-map-line/","name":"WOW-Lansing published routes","carrier":"WOW-Lansing","category":"unknown","routeStatus":"Status not established","evidence":"publisher_route","dataDate":null,"metadataModified":null,"retrievedAt":"2026-09-18T19:56:04.130240+00:00","networkType":"Published fiber route; precision and network class unverified","serviceability":"Unconfirmed","routeDiversity":"Unconfirmed","states":["MI"],"publishedLineParts":100},"bbox":[-84.237501,42.621342,-84.040025,42.717752]},{"type":"Feature","geometry":{"type":"MultiLineString","coordinates":[[[-84.242696,42.681517],[-84.242686,42.68167]],[[-84.034195,42.66056],[-84.037799,42.660574],[-84.038027,42.660823],[-84.041052,42.660825],[-84.042651,42.660837],[-84.042859,42.661073],[-84.043156,42.661074],[-84.043435,42.660857],[-84.047038,42.660829],[-84.050074,42.660847],[-84.050157,42.660363],[-84.061209,42.660361],[-84.06167,42.660357],[-84.061677,42.660083],[-84.061724,42.66005],[-84.061732,42.657732],[-84.062168,42.657664],[-84.065969,42.65762],[-84.066482,42.657604],[-84.067223,42.657603],[-84.067611,42.657728],[-84.06895,42.657711],[-84.069061,42.657659],[-84.069965,42.657636],[-84.070141,42.657718],[-84.070528,42.657715],[-84.070645,42.657635],[-84.072019,42.657642],[-84.07231,42.657726],[-84.072491,42.660751],[-84.073685,42.660766]],[[-84.108649,42.663976],[-84.110369,42.664178],[-84.113171,42.664498],[-84.114892,42.664765],[-84.116128,42.664999],[-84.117418,42.665293],[-84.118988,42.66577],[-84.121207,42.66651],[-84.122469,42.666827],[-84.123897,42.66715],[-84.125338,42.667386],[-84.12736,42.667646],[-84.130244,42.667991]],[[-84.073804,42.660767],[-84.075466,42.660812],[-84.082357,42.660831],[-84.083325,42.660858],[-84.085527,42.661092],[-84.088986,42.661561],[-84.092379,42.662004],[-84.096918,42.66256],[-84.107618,42.663855],[-84.108533,42.663962]],[[-84.161948,42.666811],[-84.161957,42.666811],[-84.162014,42.666841],[-84.162011,42.667063]],[[-84.130361,42.668005],[-84.131509,42.668158],[-84.132637,42.668228],[-84.133413,42.668232],[-84.134299,42.668191],[-84.135015,42.668131],[-84.136228,42.667985],[-84.137197,42.667807],[-84.138474,42.667499],[-84.139838,42.667282],[-84.140921,42.667085],[-84.141429,42.667046],[-84.142264,42.667021],[-84.146006,42.667038],[-84.147161,42.667019],[-84.151243,42.667036],[-84.161953,42.66707]],[[-84.162072,42.66707],[-84.162173,42.66707],[-84.163746,42.667101],[-84.164372,42.667095],[-84.166406,42.667099],[-84.168579,42.667109],[-84.168741,42.667133],[-84.171049,42.667161],[-84.171333,42.667114],[-84.171608,42.667119],[-84.173166,42.667121],[-84.173279,42.667146],[-84.175674,42.667172],[-84.17831,42.667164]],[[-84.178428,42.667164],[-84.181116,42.667157],[-84.181343,42.667129],[-84.181638,42.66716],[-84.182492,42.667188],[-84.184384,42.667275],[-84.185418,42.667344],[-84.187256,42.667663],[-84.188028,42.667822],[-84.193652,42.66895],[-84.203409,42.670817],[-84.204313,42.671019],[-84.205126,42.67124],[-84.206225,42.671629],[-84.207161,42.671994],[-84.207846,42.672384],[-84.209269,42.673325],[-84.210858,42.674348],[-84.211881,42.674938],[-84.212728,42.675294],[-84.21376,42.67562],[-84.214324,42.675794],[-84.215438,42.676103],[-84.219028,42.676764]],[[-84.219143,42.676785],[-84.224483,42.677815],[-84.225788,42.67809],[-84.22927,42.678784],[-84.232535,42.679445],[-84.235882,42.680118],[-84.237235,42.680385],[-84.237362,42.680456],[-84.238039,42.680539],[-84.238983,42.680752],[-84.243534,42.681687],[-84.244125,42.681812],[-84.246085,42.682213],[-84.247281,42.682503],[-84.247408,42.682467],[-84.253891,42.683774],[-84.254176,42.683815],[-84.254592,42.683936],[-84.257434,42.684528],[-84.26211,42.685468],[-84.262717,42.685493],[-84.263013,42.685561],[-84.263168,42.6856],[-84.263441,42.68564],[-84.263588,42.685674],[-84.263767,42.685763],[-84.264479,42.685913],[-84.264794,42.686048],[-84.265632,42.686238],[-84.266095,42.686276],[-84.267558,42.6866],[-84.268404,42.686742],[-84.268888,42.686854],[-84.270041,42.687104],[-84.270172,42.686767],[-84.27081,42.686718],[-84.271427,42.686842],[-84.272459,42.687052],[-84.273945,42.687368],[-84.27406,42.687436],[-84.274859,42.687583],[-84.275007,42.687434],[-84.275143,42.687017],[-84.275236,42.686787],[-84.274875,42.686691],[-84.274802,42.686603]],[[-84.076589,42.660713],[-84.076823,42.660717],[-84.078546,42.660722],[-84.07903,42.66075],[-84.079552,42.660764],[-84.080467,42.660772],[-84.081496,42.660793],[-84.083448,42.660785],[-84.083167,42.660563],[-84.082961,42.660737],[-84.081505,42.660772],[-84.080351,42.660756],[-84.079011,42.660732],[-84.078568,42.660705],[-84.077056,42.6607],[-84.076922,42.660492],[-84.076884,42.660486],[-84.076589,42.660713]],[[-84.132765,42.667968],[-84.133023,42.667793],[-84.133127,42.667786],[-84.133187,42.667858]],[[-84.133187,42.667858],[-84.133251,42.667989],[-84.135704,42.668253],[-84.136288,42.668052],[-84.137233,42.668022],[-84.138231,42.66789],[-84.138772,42.667794],[-84.140861,42.667374],[-84.141663,42.667208],[-84.142679,42.667035],[-84.143784,42.666911],[-84.144583,42.666879],[-84.147472,42.666927],[-84.156001,42.666966],[-84.163396,42.667005],[-84.163576,42.666819]],[[-84.163893,42.667052],[-84.163576,42.666819]],[[-84.132765,42.667968],[-84.132508,42.667737],[-84.132306,42.667867],[-84.132071,42.667826],[-84.131758,42.667758],[-84.129053,42.66739],[-84.127299,42.667165],[-84.126069,42.66693],[-84.124331,42.666494],[-84.123209,42.666153],[-84.121289,42.665535],[-84.12045,42.665268],[-84.118987,42.664907],[-84.117591,42.664633],[-84.116847,42.664528],[-84.115391,42.664332],[-84.111762,42.663947],[-84.10819,42.663526],[-84.101129,42.66267],[-84.096001,42.662031],[-84.092062,42.661525],[-84.089588,42.6612],[-84.087725,42.660951],[-84.086521,42.660788],[-84.086186,42.660773],[-84.083888,42.660761],[-84.083787,42.66055],[-84.083451,42.660785],[-84.084755,42.660788],[-84.085867,42.660792],[-84.086509,42.660804],[-84.08711,42.660893],[-84.089736,42.661247],[-84.092944,42.661655],[-84.097832,42.662271],[-84.100236,42.662572],[-84.103474,42.662971],[-84.106658,42.663351],[-84.108585,42.663585],[-84.109871,42.66373],[-84.111173,42.663902],[-84.112597,42.664062],[-84.113209,42.664128],[-84.113873,42.664192],[-84.115172,42.66434],[-84.115732,42.664414],[-84.116876,42.664538],[-84.117519,42.664643],[-84.118169,42.664748],[-84.118781,42.664875],[-84.119409,42.665019],[-84.119984,42.665161],[-84.120585,42.665329],[-84.121196,42.665512],[-84.122284,42.665869],[-84.122875,42.666068],[-84.123471,42.666267],[-84.124076,42.666453],[-84.124668,42.666623],[-84.125299,42.666778],[-84.125896,42.666916],[-84.126859,42.667105],[-84.12736,42.667199],[-84.127942,42.667275],[-84.129076,42.667428],[-84.130226,42.667575],[-84.130789,42.667646],[-84.131726,42.667794],[-84.132071,42.667839],[-84.132765,42.667968]],[[-84.132765,42.667968],[-84.13337,42.668022],[-84.133924,42.668101],[-84.134126,42.668122],[-84.134266,42.668137],[-84.134672,42.668176],[-84.135186,42.668223],[-84.135706,42.668288],[-84.136289,42.668142],[-84.137518,42.668039],[-84.138131,42.667939],[-84.138708,42.667874],[-84.139854,42.667625],[-84.141008,42.66737],[-84.142227,42.667119],[-84.143517,42.66697],[-84.144202,42.666936],[-84.145491,42.666933],[-84.146095,42.666938],[-84.147379,42.666947],[-84.151989,42.666973],[-84.155931,42.667],[-84.158469,42.667015],[-84.159087,42.667021],[-84.159732,42.667042],[-84.162358,42.667043],[-84.163455,42.667045],[-84.163902,42.667053]],[[-84.163902,42.667054],[-84.165315,42.667055],[-84.16659,42.667063],[-84.167246,42.667068],[-84.167849,42.667068],[-84.169179,42.667047],[-84.172704,42.667065],[-84.174164,42.667076],[-84.176736,42.667073],[-84.178359,42.667077],[-84.178765,42.667094],[-84.178958,42.667132],[-84.179918,42.667157],[-84.180421,42.667154],[-84.181166,42.667153],[-84.182546,42.66716],[-84.184318,42.667134],[-84.185861,42.667142],[-84.186864,42.667218],[-84.187366,42.667276],[-84.188516,42.667469],[-84.191038,42.66796],[-84.19532,42.668817],[-84.197181,42.669183],[-84.200275,42.669787],[-84.203969,42.670512],[-84.2046,42.670632],[-84.205112,42.670743],[-84.205768,42.670876],[-84.206305,42.671003],[-84.206758,42.67114],[-84.207353,42.671317],[-84.207911,42.671526],[-84.208468,42.671761],[-84.208927,42.671973],[-84.209521,42.67229],[-84.210042,42.672578],[-84.210527,42.672892],[-84.211947,42.673826],[-84.213445,42.67472],[-84.213988,42.674997],[-84.214318,42.675159],[-84.214658,42.675348],[-84.215649,42.675611],[-84.216243,42.675748],[-84.218688,42.676268],[-84.219321,42.676396],[-84.221125,42.676754]]]},"properties":{"id":"fna-member-routes-20260918-abe7fbc3f0cc5b286dff","sourceId":"fna-member-routes-20260918","source":"Fiber Network Alliance member fiber lines","sourceUrl":"https://www.fibernetworkalliance.com/membership-map-line/","name":"WOW-Lansing published routes","carrier":"WOW-Lansing","category":"unknown","routeStatus":"Status not established","evidence":"publisher_route","dataDate":null,"metadataModified":null,"retrievedAt":"2026-09-18T19:56:04.130240+00:00","networkType":"Published fiber route; precision and network class unverified","serviceability":"Unconfirmed","routeDiversity":"Unconfirmed","states":["MI"],"publishedLineParts":16},"bbox":[-84.275236,42.657603,-84.034195,42.687583]},{"type":"Feature","geometry":{"type":"MultiLineString","coordinates":[[[-84.228947,42.836568],[-84.228946,42.836511]],[[-84.221885,42.837321],[-84.221799,42.837329]],[[-84.218594,42.834192],[-84.218509,42.834201]],[[-84.21761,42.822508],[-84.217772,42.822495]],[[-84.217981,42.827908],[-84.218143,42.827895]],[[-84.218495,42.829453],[-84.218512,42.829531]],[[-84.189138,42.835851],[-84.189154,42.835928]],[[-84.192237,42.835817],[-84.192252,42.835865]],[[-84.195158,42.835444],[-84.195086,42.835257]],[[-84.198325,42.836304],[-84.198346,42.836412]],[[-84.205167,42.835792],[-84.205199,42.836033]],[[-84.216986,42.821171],[-84.217032,42.821172]],[[-84.217049,42.821172],[-84.217076,42.821172],[-84.217166,42.821272],[-84.217334,42.821336],[-84.217643,42.821493],[-84.217569,42.821641],[-84.217617,42.822722],[-84.217692,42.823164],[-84.217677,42.824219],[-84.217722,42.825549],[-84.217635,42.82561],[-84.217742,42.825783],[-84.217746,42.826692],[-84.21779,42.827079],[-84.217722,42.827223],[-84.217742,42.827619],[-84.217979,42.827844],[-84.218011,42.8288],[-84.218018,42.829038],[-84.218021,42.829354]],[[-84.218041,42.829369],[-84.218043,42.829398],[-84.218231,42.829468],[-84.218907,42.829435],[-84.219002,42.83158],[-84.218303,42.831592],[-84.21831,42.831901],[-84.218353,42.831996],[-84.218451,42.833226],[-84.218535,42.833535],[-84.218601,42.834287],[-84.218606,42.83593],[-84.218671,42.836397],[-84.218778,42.836646],[-84.218789,42.836852],[-84.221425,42.836847],[-84.222098,42.837545],[-84.22662,42.836688],[-84.228187,42.83658],[-84.230838,42.836557],[-84.231044,42.83623],[-84.23133,42.83623],[-84.231478,42.836068],[-84.231576,42.836068]],[[-84.231635,42.836155],[-84.231637,42.836074]],[[-84.1869,42.836081],[-84.1869,42.83607],[-84.186936,42.836052],[-84.18697,42.835991]],[[-84.187015,42.83591],[-84.187036,42.835872],[-84.191966,42.83582],[-84.193898,42.835793],[-84.195488,42.835357],[-84.196418,42.835957],[-84.196553,42.836329],[-84.198833,42.836297],[-84.199145,42.836124],[-84.199228,42.835786],[-84.20204,42.835783],[-84.205681,42.83579],[-84.209223,42.835798],[-84.209245,42.835819],[-84.209292,42.835819]],[[-84.226666,42.805238],[-84.226817,42.805246]],[[-84.220948,42.806484],[-84.220929,42.806308]],[[-84.216912,42.810673],[-84.216723,42.810679]],[[-84.216771,42.816795],[-84.216582,42.816802]],[[-84.218015,42.827976],[-84.218177,42.827964]],[[-84.217643,42.822602],[-84.217805,42.822589]],[[-84.243105,42.836572],[-84.243126,42.83667]],[[-84.23161,42.836852],[-84.231631,42.836951]],[[-84.221748,42.837217],[-84.221688,42.837221]],[[-84.218547,42.83403],[-84.218487,42.834034]],[[-84.218893,42.829834],[-84.218833,42.829839]],[[-84.211545,42.835798],[-84.211577,42.836039]],[[-84.214887,42.835897],[-84.214919,42.836074]],[[-84.215219,42.83238],[-84.215374,42.83239]],[[-84.215954,42.82984],[-84.215712,42.829844]],[[-84.222197,42.828186],[-84.221992,42.828039]],[[-84.226322,42.825871],[-84.226117,42.825724]],[[-84.231412,42.823958],[-84.231207,42.823811]],[[-84.241319,42.820711],[-84.241113,42.820564]],[[-84.24751,42.818705],[-84.247305,42.818558]],[[-84.20941,42.835815],[-84.209437,42.835814],[-84.209492,42.835797],[-84.213485,42.835798],[-84.213671,42.835835],[-84.214254,42.835829],[-84.214281,42.835907],[-84.215425,42.835885],[-84.21537,42.835423],[-84.215294,42.835243],[-84.215285,42.834933],[-84.215326,42.834909],[-84.215324,42.834874],[-84.215203,42.831902],[-84.215263,42.831738],[-84.215263,42.831642],[-84.215176,42.831536],[-84.21514,42.830573],[-84.216013,42.830557],[-84.21596,42.830198],[-84.215955,42.829381],[-84.216129,42.829384],[-84.216221,42.829428],[-84.217472,42.829422],[-84.21763,42.829372],[-84.217955,42.829365]],[[-84.226095,42.803021],[-84.22615,42.803815],[-84.226617,42.804013],[-84.226667,42.805348],[-84.226712,42.806503],[-84.216745,42.806477],[-84.21703,42.813282],[-84.217409,42.813416],[-84.217414,42.814136],[-84.21669,42.814504],[-84.21678,42.81689],[-84.216901,42.817432],[-84.217091,42.817668],[-84.2169,42.818357],[-84.216817,42.819209],[-84.216911,42.820529],[-84.217501,42.820842],[-84.217502,42.821023],[-84.217667,42.821118],[-84.217669,42.821496],[-84.217596,42.821644],[-84.217643,42.82272],[-84.217718,42.823162],[-84.217703,42.824219],[-84.217749,42.825557],[-84.217667,42.825615],[-84.217768,42.825779],[-84.217772,42.826691],[-84.217817,42.827082],[-84.217748,42.827226],[-84.217768,42.827612],[-84.218005,42.827837],[-84.218038,42.828799],[-84.218045,42.829037],[-84.218048,42.829344]],[[-84.218074,42.829362],[-84.218195,42.82936],[-84.218509,42.829032],[-84.219798,42.829019],[-84.219885,42.829117],[-84.221175,42.829112],[-84.221626,42.82851],[-84.226286,42.825888],[-84.227415,42.825258],[-84.228937,42.824763],[-84.238281,42.821722],[-84.239728,42.82135],[-84.241054,42.820802],[-84.255999,42.815957],[-84.26567,42.812774],[-84.265742,42.812545],[-84.266344,42.812322],[-84.266616,42.812463],[-84.270833,42.811091],[-84.273374,42.810354],[-84.274296,42.809953],[-84.274304,42.809826],[-84.27492,42.809548],[-84.275065,42.809588],[-84.277171,42.808536],[-84.279832,42.807205],[-84.280997,42.806608],[-84.281471,42.806789],[-84.28184,42.8066],[-84.281818,42.806338]]]},"properties":{"id":"fna-member-routes-20260918-b44f836ab58c81d1cb0b","sourceId":"fna-member-routes-20260918","source":"Fiber Network Alliance member fiber lines","sourceUrl":"https://www.fibernetworkalliance.com/membership-map-line/","name":"WOW-Lansing published routes","carrier":"WOW-Lansing","category":"unknown","routeStatus":"Status not established","evidence":"publisher_route","dataDate":null,"metadataModified":null,"retrievedAt":"2026-09-18T19:56:04.130240+00:00","networkType":"Published fiber route; precision and network class unverified","serviceability":"Unconfirmed","routeDiversity":"Unconfirmed","states":["MI"],"publishedLineParts":40},"bbox":[-84.28184,42.803021,-84.1869,42.837545]}]}