{"type":"FeatureCollection","features":[{"type":"Feature","geometry":{"type":"MultiLineString","coordinates":[[[-90.197171274,38.6292552940001],[-90.1966680189999,38.631711646],[-90.192848795,38.630917395],[-90.189643987,38.6402303130001],[-90.193895463,38.641117879],[-90.19271189,38.644375965],[-90.196769874,38.652584683],[-90.1957190319999,38.6556933220001],[-90.1972146159999,38.661021884],[-90.200168078,38.6663323660001],[-90.1984856289999,38.6672800170001],[-90.196772235,38.664801713],[-90.188176552,38.667431257],[-90.1749661169999,38.6687604620001],[-90.176356297,38.6713688770001],[-90.176287471,38.6726313020001],[-90.174290668,38.67626661]],[[-90.196291,38.6294080000001],[-90.197509,38.626866],[-90.193806,38.625995],[-90.187405,38.6437550000001],[-90.190482,38.6493780000001],[-90.195814,38.66497],[-90.188118,38.667291],[-90.1760099999999,38.66887],[-90.173936,38.668389],[-90.174459,38.671699],[-90.169318,38.671181],[-90.169394,38.6637900000001],[-90.167871,38.6616560000001],[-90.169324,38.659632],[-90.169372,38.6579750000001],[-90.16522,38.6514030000001],[-90.164832,38.649458],[-90.154265,38.6405720000001],[-90.160266,38.636309]],[[-90.182890754,38.631280292],[-90.183203363,38.630804786],[-90.186397612,38.6313815020001],[-90.188104805,38.626773572]],[[-90.197171274,38.6292552940001],[-90.198448781,38.626620355],[-90.193728789,38.625458296],[-90.187404718,38.643754581],[-90.190481943,38.6493776620001],[-90.195814082,38.6649704660001],[-90.188117586,38.6672911110001],[-90.176009994,38.6688700060001],[-90.173936623,38.6683890990001],[-90.174459299,38.6716992240001],[-90.169318296,38.6711807180001],[-90.169394128,38.66378969],[-90.167870984,38.6616560150001],[-90.169323914,38.659632076],[-90.169372416,38.657974575],[-90.1652199219999,38.6514033760001],[-90.164831737,38.649457751],[-90.1550393369999,38.640796859],[-90.155802517,38.640181936]]]},"properties":{"id":"uniti-national-20260919-78f4a25574338887396f","sourceId":"uniti-national-20260919","source":"Uniti Wholesale national core network","sourceUrl":"https://www.unitiwholesale.com/network-map/","name":"Uniti Wholesale national core network","carrier":"Uniti Wholesale","category":"unknown","routeStatus":"Publisher network map; current operating status unverified","evidence":"publisher_route","geometryQuality":"publisher_geometry_unverified","dataDate":null,"metadataModified":"2025-07-31T17:08:54+00:00","retrievedAt":"2026-09-19T13:31:22.089263+00:00","networkType":"Carrier-published national core geometry; generalized paths, not a survey","serviceability":"Unconfirmed","routeDiversity":"Unconfirmed","states":["IL","MO"],"publishedLineParts":4,"importBatch":"20260919","sourceRecordIds":["10104","10693","18275","7724"]},"bbox":[-90.200168078,38.625458296,-90.154265,38.67626661]},{"type":"Feature","geometry":{"type":"MultiLineString","coordinates":[[[-94.5765832919999,39.170290467],[-94.5765832919999,39.1955280380001],[-94.5828060169999,39.1968417620001],[-94.586990263,39.195661075],[-94.60756817,39.1957109640001],[-94.6088127149999,39.2031938490001],[-94.615636255,39.217309389],[-94.619434263,39.2170932710001],[-94.624476816,39.220517826],[-94.627073194,39.223327167],[-94.62775984,39.225305274],[-94.6524790779999,39.225288651],[-94.658294107,39.2323196240001],[-94.659023668,39.2353445540001],[-94.659088041,39.244052964],[-94.6634439489999,39.244485033],[-94.6637014409999,39.247310031],[-94.668443586,39.2474762040001],[-94.668357756,39.2706036170001],[-94.671061422,39.2720820490001],[-94.671769526,39.27311195],[-94.671533491,39.2757198580001],[-94.6857599269999,39.2950518910001],[-94.686918642,39.295516857],[-94.6865538609999,39.3039355280001],[-94.68766966,39.308733884],[-94.6894077319999,39.3101118970001],[-94.690308954,39.3137809340001],[-94.694965269,39.318744619],[-94.6959523209999,39.319076625],[-94.695802118,39.332504965],[-94.712131406,39.332787115],[-94.715392973,39.331957258],[-94.71633711,39.3302477230001],[-94.728610899,39.3367536920001],[-94.7326020249999,39.337483917],[-94.738116647,39.339691139],[-94.749639417,39.33902732],[-94.761054899,39.339409016],[-94.7613338479999,39.347556911],[-94.764037515,39.349614477],[-94.76463833,39.3530989280001],[-94.767942811,39.354442883],[-94.77017441,39.3589889130001],[-94.771097089,39.363186262],[-94.774766351,39.366056239],[-94.776761915,39.366835924],[-94.7856239339999,39.367930786],[-94.796545889,39.3783311170001],[-94.8024682069999,39.3804872910001],[-94.806094553,39.3825604730001],[-94.816608812,39.3826765690001],[-94.822316553,39.384865779],[-94.826050188,39.385330148],[-94.8376373309999,39.3885143090001],[-94.86345091,39.399491916],[-94.865146066,39.404383195],[-94.8684290899999,39.407616224],[-94.872742083,39.409904123],[-94.8875264179999,39.4146288950001],[-94.894822027,39.420646299],[-94.9027399079999,39.423265283],[-94.9048856759999,39.424558162],[-94.915700342,39.4347843250001],[-94.941664125,39.4384468160001],[-94.945633795,39.4398388430001],[-94.9498394989999,39.444478734],[-94.968250181,39.45874446],[-94.9807385459999,39.470373586],[-94.9957160009999,39.487482427],[-95.00052252,39.4945367350001],[-95.036957647,39.5320979740001],[-95.0469140069999,39.550399439],[-95.0473860759999,39.5528315490001],[-95.046356107,39.5561900370001],[-95.046720888,39.556520913],[-95.099463846,39.557199206],[-95.101652529,39.557480447],[-95.104656603,39.559349845],[-95.1176384939999,39.5598957660001],[-95.1176384939999,39.5719049360001],[-95.12025633,39.572119958],[-95.1202992449999,39.578669518],[-95.122874166,39.578140284],[-95.1262430209999,39.578504132],[-95.128689196,39.580323349],[-95.12981137,39.58038724]]]},"properties":{"id":"uniti-national-20260919-58750b8ca0dc7c9d50c7","sourceId":"uniti-national-20260919","source":"Uniti Wholesale national core network","sourceUrl":"https://www.unitiwholesale.com/network-map/","name":"Uniti Wholesale national core network","carrier":"Uniti Wholesale","category":"unknown","routeStatus":"Publisher network map; current operating status unverified","evidence":"publisher_route","geometryQuality":"publisher_geometry_unverified","dataDate":null,"metadataModified":"2025-07-31T17:08:54+00:00","retrievedAt":"2026-09-19T13:31:22.089263+00:00","networkType":"Carrier-published national core geometry; generalized paths, not a survey","serviceability":"Unconfirmed","routeDiversity":"Unconfirmed","states":["KS","MO"],"publishedLineParts":1,"importBatch":"20260919","sourceRecordIds":["48"]},"bbox":[-95.12981137,39.170290467,-94.5765832919999,39.58038724]},{"type":"Feature","geometry":{"type":"MultiLineString","coordinates":[[[-94.6492276449999,38.927297374],[-94.623771844,38.9274450090001],[-94.620828181,38.9287785180001],[-94.6125435379999,38.9305352370001],[-94.599867313,38.926973516],[-94.583499952,38.9259708550001],[-94.581377661,38.9724473360001],[-94.5790435979999,39.0133724980001],[-94.5786059819999,39.013349921]]]},"properties":{"id":"uniti-national-20260919-7b3a29b58615109e6d78","sourceId":"uniti-national-20260919","source":"Uniti Wholesale national core network","sourceUrl":"https://www.unitiwholesale.com/network-map/","name":"Uniti Wholesale national core network","carrier":"Uniti Wholesale","category":"unknown","routeStatus":"Publisher network map; current operating status unverified","evidence":"publisher_route","geometryQuality":"publisher_geometry_unverified","dataDate":null,"metadataModified":"2025-07-31T17:08:54+00:00","retrievedAt":"2026-09-19T13:31:22.089263+00:00","networkType":"Carrier-published national core geometry; generalized paths, not a survey","serviceability":"Unconfirmed","routeDiversity":"Unconfirmed","states":["KS","MO"],"publishedLineParts":1,"importBatch":"20260919","sourceRecordIds":["16931"]},"bbox":[-94.6492276449999,38.9259708550001,-94.5786059819999,39.0133724980001]},{"type":"Feature","geometry":{"type":"MultiLineString","coordinates":[[[-94.633991,39.0281360000001],[-94.631984,39.0295770000001],[-94.625094,39.029658],[-94.61695,39.033265],[-94.610734,39.033419],[-94.6077539999999,39.034364],[-94.605719,39.0335190000001],[-94.604122,39.033692],[-94.6026419999999,39.034652],[-94.6006359999999,39.037949],[-94.598644,39.0391250000001],[-94.598276,39.044881]]]},"properties":{"id":"uniti-national-20260919-5544e71c0e1cb9985b98","sourceId":"uniti-national-20260919","source":"Uniti Wholesale national core network","sourceUrl":"https://www.unitiwholesale.com/network-map/","name":"Uniti Wholesale national core network","carrier":"Uniti Wholesale","category":"unknown","routeStatus":"Publisher network map; current operating status unverified","evidence":"publisher_route","geometryQuality":"publisher_geometry_unverified","dataDate":null,"metadataModified":"2025-07-31T17:08:54+00:00","retrievedAt":"2026-09-19T13:31:22.089263+00:00","networkType":"Carrier-published national core geometry; generalized paths, not a survey","serviceability":"Unconfirmed","routeDiversity":"Unconfirmed","states":["KS","MO"],"publishedLineParts":1,"importBatch":"20260919","sourceRecordIds":["16962"]},"bbox":[-94.633991,39.0281360000001,-94.598276,39.044881]},{"type":"Feature","geometry":{"type":"MultiLineString","coordinates":[[[-94.5694574779999,39.0991117070001],[-94.569579781,39.0991120260001]],[[-94.5801952799999,39.10417368],[-94.578796387,39.105285644],[-94.5786132809999,39.1079101560001],[-94.579711914,39.110473633],[-94.57789221,39.111015733],[-94.577849295,39.111764958],[-94.579480077,39.119889383],[-94.580595877,39.1194731950001],[-94.580638792,39.123118914],[-94.5798877729999,39.1238014250001],[-94.5798877729999,39.127080714],[-94.580810454,39.127080714],[-94.580510046,39.149548893],[-94.576840784,39.154524209],[-94.5765832919999,39.170290467]],[[-94.578477053,39.101066938],[-94.568497628,39.1007408230001],[-94.56870263,39.099109739],[-94.5694574779999,39.0991117070001]],[[-94.5784770499999,39.1010669350001],[-94.57852141,39.100901139]],[[-94.57852141,39.100901139],[-94.578295703,39.102272804],[-94.5795348839999,39.1023144330001],[-94.5794216629999,39.104291748],[-94.580012891,39.104169518]],[[-94.569579781,39.0991120260001],[-94.569436856,39.0990234880001]],[[-94.548002227,39.094605775],[-94.551620075,39.094752209],[-94.5521367439999,39.085766069]],[[-94.577219289,39.0372490940001],[-94.5787795419999,39.0383598870001],[-94.578292814,39.0411737700001],[-94.579617173,39.0445485860001],[-94.578950542,39.047109676],[-94.579980695,39.0492410000001],[-94.579459745,39.0523085930001],[-94.579816275,39.056393643]],[[-94.579264789,39.0134963410001],[-94.579251397,39.013624914]],[[-94.5376746109999,39.0984147030001],[-94.537584061,39.098292508]],[[-94.552474635,39.0555200910001],[-94.5596552659999,39.0557426550001]],[[-94.569436856,39.0990234880001],[-94.537674615,39.098414695]],[[-94.5522300389999,39.0555789690001],[-94.552474635,39.0555200910001]],[[-94.575733803,39.0344244290001],[-94.5756885819999,39.0362045900001],[-94.577219289,39.0372490940001]],[[-94.5521367439999,39.085766069],[-94.553011601,39.0666826400001],[-94.5530704929999,39.066155145],[-94.5541566699999,39.0661824980001],[-94.5545971189999,39.059547271],[-94.551228565,39.059031985],[-94.551423132,39.055552155],[-94.5522300389999,39.0555789690001]],[[-94.579251397,39.013624914],[-94.57848265,39.027259606],[-94.5761658709999,39.027221255],[-94.575733806,39.034424427]],[[-94.537584061,39.098292508],[-94.542299171,39.0981092260001],[-94.542473009,39.094467776],[-94.548002227,39.094605775]],[[-94.5596552659999,39.0557426550001],[-94.559591133,39.05768148],[-94.562756135,39.057757563],[-94.5628859729999,39.0557325080001],[-94.579816275,39.056393643]],[[-94.57926479,39.013496344],[-94.57860598,39.0133499180001]],[[-94.578572,39.09716],[-94.578517,39.097199]],[[-94.578572,39.09716],[-94.576444,39.096925]],[[-94.575663,39.089774],[-94.575576,39.090115]],[[-94.575578,39.0900330000001],[-94.575576,39.090115]],[[-94.575576,39.090115],[-94.575113,39.097222],[-94.5764389999999,39.0969230000001]],[[-94.574812,39.0891130000001],[-94.57463,39.0900270000001]],[[-94.574535,39.09004],[-94.575576,39.090115]],[[-94.578572,39.09716],[-94.578655,39.099719],[-94.569393,39.099209]],[[-94.5785969999999,39.0972110000001],[-94.578572,39.09716]],[[-94.5982739999999,39.044881],[-94.598133,39.047823]],[[-94.598132,39.0478130000001],[-94.598044,39.0497300000001],[-94.596063,39.053348],[-94.595302,39.056877],[-94.5948509999999,39.056859]],[[-94.5948509999999,39.056859],[-94.594848,39.056859]],[[-94.5938329999999,39.082386],[-94.593712,39.085105]],[[-94.5948509999999,39.056859],[-94.5908479999999,39.0567100000001]],[[-94.590857,39.0567110000001],[-94.5900779999999,39.0713030000001],[-94.594633,39.0715650000001],[-94.594459,39.074913],[-94.597703,39.075075],[-94.597447,39.080434],[-94.594376,39.080344],[-94.59383,39.082382]],[[-94.593724,39.085106],[-94.593498,39.0893380000001],[-94.583803,39.089178],[-94.5835509999999,39.0935400000001]],[[-94.58356,39.0935440000001],[-94.583017,39.099997]],[[-94.583015,39.099999],[-94.5827209999999,39.101182],[-94.580157,39.101096]],[[-94.580155,39.101071],[-94.5793169999999,39.1010360000001]],[[-94.5792949999999,39.100514],[-94.578477,39.101067],[-94.568497,39.100741],[-94.569154,39.099207]],[[-94.569839644,39.099031919],[-94.569682921,39.09910891]],[[-94.574680964,39.088689399],[-94.574535052,39.0900395460001]],[[-94.564802086,39.088551753],[-94.5650027519999,39.088558274]],[[-94.578516888,39.097199894],[-94.575038733,39.097158683],[-94.5756360949999,39.0897892990001]],[[-94.5016890199999,39.0581767670001],[-94.501672597,39.058316016]],[[-94.574585118,39.088710013],[-94.574680963,39.0886893970001]],[[-94.513632273,39.1048521720001],[-94.5191695,39.1012138310001],[-94.5250519209999,39.0993513870001]],[[-94.5787650939999,39.097088756],[-94.5786551639999,39.0997190470001],[-94.569839644,39.099031919]],[[-94.546288703,39.09136032],[-94.550834841,39.0897691450001],[-94.556346191,39.0888647100001],[-94.564802086,39.088551753]],[[-94.5650027519999,39.088558274],[-94.5689061579999,39.088685051]],[[-94.575635671,39.0897892830001],[-94.574535058,39.0900395510001]],[[-94.578765085,39.0970887650001],[-94.57851693,39.097199453]],[[-94.5689061579999,39.088685051],[-94.574585118,39.088710013]],[[-94.500779302,39.0657481540001],[-94.4993948969999,39.0686374000001]],[[-94.501672597,39.058316016],[-94.500779302,39.0657481540001]],[[-94.5016445209999,39.0580483220001],[-94.5016890199999,39.0581767670001]],[[-94.499204906,39.0549526190001],[-94.5016445209999,39.0580483220001]],[[-94.5250519209999,39.0993513870001],[-94.530355635,39.09799021]],[[-94.530355635,39.09799021],[-94.546288703,39.09136032]],[[-94.5006445229999,39.104394617],[-94.501727934,39.108166054],[-94.503222149,39.108874073],[-94.506921432,39.1079237380001],[-94.513632273,39.1048521720001]],[[-94.5788160449999,39.042597583],[-94.579617173,39.0445485860001],[-94.578950542,39.047109676],[-94.579980695,39.0492410000001],[-94.579459745,39.0523085930001],[-94.579816275,39.056393643]],[[-94.577219289,39.0372490940001],[-94.5787795419999,39.0383598870001],[-94.578311963,39.040861315]],[[-94.578311963,39.040861315],[-94.5788160449999,39.042597583]]]},"properties":{"id":"uniti-national-20260919-15e3dcdf10daa76337a9","sourceId":"uniti-national-20260919","source":"Uniti Wholesale national core network","sourceUrl":"https://www.unitiwholesale.com/network-map/","name":"Uniti Wholesale national core network","carrier":"Uniti Wholesale","category":"unknown","routeStatus":"Publisher network map; current operating status unverified","evidence":"publisher_route","geometryQuality":"publisher_geometry_unverified","dataDate":null,"metadataModified":"2025-07-31T17:08:54+00:00","retrievedAt":"2026-09-19T13:31:22.089263+00:00","networkType":"Carrier-published national core geometry; generalized paths, not a survey","serviceability":"Unconfirmed","routeDiversity":"Unconfirmed","states":["MO"],"publishedLineParts":62,"importBatch":"20260919","sourceRecordIds":["16898","16899","16901","16902","16903","16905","16910","16911","16913","16914","16917","16925","16929","16932","16938","16939","16940","16941","16942","16943","16944","16945","16960","16979","16980","16981","16982","16983","16984","16985","16986","16987","16988","16989","25951","25976","25989","26002","26003","26004","26005","26017","26025","26066","26071","26089","26099","26109","26112","26222","26251","26254","26278","26324","26464","26474","26515","44","47","51","55","56"]},"bbox":[-94.5982739999999,39.0133499180001,-94.499204906,39.170290467]},{"type":"Feature","geometry":{"type":"MultiLineString","coordinates":[[[-94.574774,39.0889510000001],[-94.560718,39.088424],[-94.549245,39.090227],[-94.5334329999999,39.0971460000001],[-94.520821,39.1004610000001],[-94.513028,39.1051790000001],[-94.505982,39.108368],[-94.504034,39.1090060000001],[-94.501764,39.108432],[-94.4972059999999,39.0928910000001],[-94.494718,39.082809],[-94.494544,39.079838],[-94.495658,39.0769080000001],[-94.494997,39.0759770000001],[-94.5006329999999,39.066768],[-94.50166,39.05818],[-94.4954049999999,39.051065],[-94.4860209999999,39.0461280000001],[-94.475723,39.0396160000001],[-94.466954,39.032583],[-94.465998,39.0302320000001],[-94.466485,39.013224],[-94.464781,39.0073180000001],[-94.457961,38.9986460000001],[-94.440774,38.9877960000001],[-94.436077,38.9832260000001],[-94.428753,38.9776350000001],[-94.427605,38.975687],[-94.427049,38.9728470000001],[-94.427988,38.969115],[-94.4322329999999,38.962705],[-94.4353639999999,38.948015],[-94.4386,38.940278],[-94.437452,38.932351],[-94.437452,38.926737],[-94.436634,38.9241670000001],[-94.427815,38.9174000000001],[-94.418142,38.911681],[-94.415377,38.909028],[-94.406017,38.904054],[-94.398224,38.898246],[-94.385803,38.8922840000001],[-94.350674,38.8691650000001],[-94.342019,38.853843],[-94.334956,38.848917],[-94.324614,38.836108],[-94.310014,38.8261580000001],[-94.288605,38.80197],[-94.282708,38.793952],[-94.268652,38.7658420000001],[-94.266912,38.7634550000001],[-94.2623549999999,38.759348],[-94.254544,38.754712],[-94.1072279999999,38.684191],[-94.0833259999999,38.679222],[-93.990485,38.645624],[-93.9653489999999,38.6264390000001],[-93.956964,38.6230150000001],[-93.947615,38.6163500000001],[-93.9320719999999,38.61248]],[[-94.316377382,38.830344225],[-94.324501439,38.835899977],[-94.32816564,38.839991942]],[[-94.27664779,38.7800368050001],[-94.2787776979999,38.7844205480001]],[[-94.281719488,38.7904742850001],[-94.283439889,38.794379802],[-94.287969149,38.800567485]],[[-94.278894094,38.78466009],[-94.281719488,38.7904742850001]],[[-94.32816564,38.839991942],[-94.334966559,38.84878216],[-94.338028965,38.8510677950001]],[[-94.438043423,38.9429608520001],[-94.434784802,38.951920079]],[[-94.4522400019999,38.9948665520001],[-94.4594916629999,38.999788456],[-94.463344078,39.0048979640001]],[[-94.4343166469999,38.9542222710001],[-94.431994843,38.9632881520001],[-94.429748882,38.9666721610001]],[[-94.4178439359999,38.9110510840001],[-94.429973449,38.918841286]],[[-94.247569819,38.750834787],[-94.261805087,38.757591732],[-94.262887704,38.758623453]],[[-94.392822033,38.895562322],[-94.398896296,38.898536049],[-94.405130477,38.9032107410001]],[[-94.355105817,38.8721118470001],[-94.35690719,38.8732895320001]],[[-94.434784802,38.951920079],[-94.434755264,38.952133626]],[[-94.429973449,38.918841286],[-94.4370081059999,38.9245524610001],[-94.437562809,38.929490689]],[[-94.270618325,38.767623843],[-94.271472834,38.769383309]],[[-94.437562809,38.929490689],[-94.437637991,38.9340147950001],[-94.4387966359999,38.9390882480001],[-94.438821893,38.9411562060001],[-94.438043423,38.9429608520001]],[[-94.2787776979999,38.7844205480001],[-94.278894094,38.78466009]],[[-94.429987695,38.9783404670001],[-94.435326225,38.9822597470001],[-94.4396050349999,38.986439787]],[[-94.4396050349999,38.986439787],[-94.4522400019999,38.9948665520001]],[[-94.2725547759999,38.771610965],[-94.27664779,38.7800368050001]],[[-94.271472834,38.769383309],[-94.2725547759999,38.771610965]],[[-94.357160101,38.873455156],[-94.384830159,38.8915671770001],[-94.392822033,38.895562322]],[[-94.346685929,38.861660616],[-94.350657982,38.8690706470001],[-94.355105817,38.8721118470001]],[[-94.43475527,38.9521336280001],[-94.4347148689999,38.952326015]],[[-94.35690719,38.8732895320001],[-94.357160101,38.873455156]],[[-94.295702383,38.8097681],[-94.305231458,38.8204691190001]],[[-94.287969149,38.800567485],[-94.295702383,38.8097681]],[[-94.338028965,38.8510677950001],[-94.3424828349999,38.8541129640001],[-94.346685929,38.861660616]],[[-94.405130477,38.9032107410001],[-94.414279633,38.9081118330001],[-94.4178439359999,38.9110510840001]],[[-94.305231458,38.8204691190001],[-94.310154473,38.826013286],[-94.316377382,38.830344225]],[[-94.4347148689999,38.952326015],[-94.4343166469999,38.9542222710001]],[[-94.262887704,38.758623453],[-94.2691412039999,38.7645821570001],[-94.270618325,38.767623843]],[[-94.429748882,38.9666721610001],[-94.428477933,38.968314545],[-94.427283957,38.9717258530001],[-94.427785028,38.975963531],[-94.429987695,38.9783404670001]]]},"properties":{"id":"uniti-national-20260919-fe09370070a85e1c1bb0","sourceId":"uniti-national-20260919","source":"Uniti Wholesale national core network","sourceUrl":"https://www.unitiwholesale.com/network-map/","name":"Uniti Wholesale national core network","carrier":"Uniti Wholesale","category":"unknown","routeStatus":"Publisher network map; current operating status unverified","evidence":"publisher_route","geometryQuality":"publisher_geometry_unverified","dataDate":null,"metadataModified":"2025-07-31T17:08:54+00:00","retrievedAt":"2026-09-19T13:31:22.089263+00:00","networkType":"Carrier-published national core geometry; generalized paths, not a survey","serviceability":"Unconfirmed","routeDiversity":"Unconfirmed","states":["MO"],"publishedLineParts":34,"importBatch":"20260919","sourceRecordIds":["16947","25985","25987","25990","26006","26007","26041","26046","26073","26095","26126","26128","26140","26156","26157","26159","26164","26171","26190","26206","26208","26211","26215","26221","26260","26266","26267","26271","26276","26285","26296","26315","26317","26318"]},"bbox":[-94.574774,38.61248,-93.9320719999999,39.1090060000001]},{"type":"Feature","geometry":{"type":"MultiLineString","coordinates":[[[-94.463344078,39.0048979640001],[-94.46610414,39.009959866],[-94.4668461809999,39.0153292680001],[-94.466447645,39.0234080660001]],[[-94.4662707799999,39.030498563],[-94.467159819,39.0325943010001],[-94.4753453499999,39.039254042]],[[-94.4753453499999,39.039254042],[-94.485719823,39.045798947]],[[-94.4971353029999,39.091277893],[-94.5006445229999,39.104394617]],[[-94.4662089999999,39.0275896],[-94.4662,39.0277060000001]],[[-94.4955595929999,39.0758468280001],[-94.496172212,39.0764707220001],[-94.494759815,39.0815256010001],[-94.496451437,39.088328797]],[[-94.485719823,39.045798947],[-94.494511818,39.0501696170001],[-94.499204906,39.0549526190001]],[[-94.4993948969999,39.0686374000001],[-94.4997832079999,39.0688641690001],[-94.4972066619999,39.0719042220001],[-94.4955595929999,39.0758468280001]],[[-94.4661903909999,39.027852715],[-94.4662707799999,39.030498563]],[[-94.466447645,39.0234080660001],[-94.46620853,39.027589585]],[[-94.466200227,39.0277060120001],[-94.4661903909999,39.027852715]],[[-94.496451437,39.088328797],[-94.4971353029999,39.091277893]]]},"properties":{"id":"uniti-national-20260919-bc0aae9b8c3260f16220","sourceId":"uniti-national-20260919","source":"Uniti Wholesale national core network","sourceUrl":"https://www.unitiwholesale.com/network-map/","name":"Uniti Wholesale national core network","carrier":"Uniti Wholesale","category":"unknown","routeStatus":"Publisher network map; current operating status unverified","evidence":"publisher_route","geometryQuality":"publisher_geometry_unverified","dataDate":null,"metadataModified":"2025-07-31T17:08:54+00:00","retrievedAt":"2026-09-19T13:31:22.089263+00:00","networkType":"Carrier-published national core geometry; generalized paths, not a survey","serviceability":"Unconfirmed","routeDiversity":"Unconfirmed","states":["MO"],"publishedLineParts":12,"importBatch":"20260919","sourceRecordIds":["26016","26050","26062","26120","26124","26139","26143","26147","26187","26199","26235","26261"]},"bbox":[-94.5006445229999,39.0048979640001,-94.463344078,39.104394617]},{"type":"Feature","geometry":{"type":"MultiLineString","coordinates":[[[-94.1755690409999,38.716017519],[-94.179242712,38.717785464]],[[-94.192359077,38.724078352],[-94.2069388739999,38.731048079]],[[-94.078408888,38.677056317],[-94.086806145,38.6796626490001],[-94.0939174549999,38.6808679740001]],[[-94.151238416,38.704309666],[-94.165691634,38.711263]],[[-94.0518030709999,38.667479347],[-94.052163572,38.667617818]],[[-94.137108445,38.697557569],[-94.151238416,38.704309666]],[[-94.0939174549999,38.6808679740001],[-94.10698755,38.683154072],[-94.1100973919999,38.6846417880001]],[[-94.2069388739999,38.731048079],[-94.219525719,38.7370625240001]],[[-94.179242712,38.717785464],[-94.192359077,38.724078352]],[[-93.99322245,38.6465201620001],[-94.008295531,38.6519330910001]],[[-94.219525719,38.7370625240001],[-94.233728639,38.7440361020001]],[[-94.165691634,38.711263],[-94.175406939,38.715939496]],[[-94.233728639,38.7440361020001],[-94.247569819,38.750834787]],[[-94.023592293,38.657436418],[-94.038159295,38.662521514]],[[-94.038159295,38.662521514],[-94.0518030709999,38.667479347]],[[-94.008295531,38.6519330910001],[-94.023592293,38.657436418]],[[-94.1100973919999,38.6846417880001],[-94.12311879,38.690869558]],[[-94.067326738,38.673051361],[-94.078408888,38.677056317]],[[-94.12311879,38.690869558],[-94.137108445,38.697557569]],[[-94.175406939,38.715939496],[-94.1755690409999,38.716017519]],[[-94.052163572,38.667617818],[-94.052894483,38.667898553]],[[-94.052894483,38.667898553],[-94.067326738,38.673051361]]]},"properties":{"id":"uniti-national-20260919-ddfbba8479808794752c","sourceId":"uniti-national-20260919","source":"Uniti Wholesale national core network","sourceUrl":"https://www.unitiwholesale.com/network-map/","name":"Uniti Wholesale national core network","carrier":"Uniti Wholesale","category":"unknown","routeStatus":"Publisher network map; current operating status unverified","evidence":"publisher_route","geometryQuality":"publisher_geometry_unverified","dataDate":null,"metadataModified":"2025-07-31T17:08:54+00:00","retrievedAt":"2026-09-19T13:31:22.089263+00:00","networkType":"Carrier-published national core geometry; generalized paths, not a survey","serviceability":"Unconfirmed","routeDiversity":"Unconfirmed","states":["MO"],"publishedLineParts":22,"importBatch":"20260919","sourceRecordIds":["25948","25955","25962","25973","25982","25999","26028","26029","26084","26090","26165","26192","26195","26201","26229","26244","26246","26273","26275","26277","26293","26310"]},"bbox":[-94.247569819,38.6465201620001,-93.99322245,38.750834787]},{"type":"Feature","geometry":{"type":"MultiLineString","coordinates":[[[-93.932505,38.612512],[-93.9320719999999,38.61248]],[[-93.9320719999999,38.61248],[-93.932044,38.6124780000001]],[[-93.917216127,38.6092174560001],[-93.932787962,38.612665623]],[[-93.957140808,38.622752421],[-93.964721949,38.6257526310001],[-93.970304276,38.6298676050001]],[[-93.8422335289999,38.5792610180001],[-93.8501891829999,38.581390522],[-93.8583391019999,38.5852080500001]],[[-93.826541965,38.5769836040001],[-93.8422335289999,38.5792610180001]],[[-93.8583391019999,38.5852080500001],[-93.873565108,38.5920037000001]],[[-93.9458594129999,38.6152973860001],[-93.957140808,38.622752421]],[[-93.8023350559999,38.5750475480001],[-93.8104308379999,38.5754526790001]],[[-93.873565108,38.5920037000001],[-93.8789745559999,38.5944500960001],[-93.887622159,38.5966286760001]],[[-93.932787962,38.612665623],[-93.9458594129999,38.6152973860001]],[[-93.887622159,38.5966286760001],[-93.89648092,38.5988691200001],[-93.9030092359999,38.602488335]],[[-93.9030092359999,38.602488335],[-93.912054255,38.607512882],[-93.917216127,38.6092174560001]],[[-93.746347701,38.5698265300001],[-93.7626703459999,38.5718157470001]],[[-93.8104308379999,38.5754526790001],[-93.826541965,38.5769836040001]],[[-93.793811526,38.57462202],[-93.801929253,38.5750273]],[[-93.970304276,38.6298676050001],[-93.9805642269999,38.6378870950001]],[[-93.801929253,38.5750273],[-93.8023350559999,38.5750475480001]],[[-93.778417777,38.573673066],[-93.793811526,38.57462202]],[[-93.9805642269999,38.6378870950001],[-93.989028974,38.6445621410001],[-93.99322245,38.6465201620001]],[[-93.7626703459999,38.5718157470001],[-93.778417777,38.573673066]]]},"properties":{"id":"uniti-national-20260919-0897a1015e2db5354b12","sourceId":"uniti-national-20260919","source":"Uniti Wholesale national core network","sourceUrl":"https://www.unitiwholesale.com/network-map/","name":"Uniti Wholesale national core network","carrier":"Uniti Wholesale","category":"unknown","routeStatus":"Publisher network map; current operating status unverified","evidence":"publisher_route","geometryQuality":"publisher_geometry_unverified","dataDate":null,"metadataModified":"2025-07-31T17:08:54+00:00","retrievedAt":"2026-09-19T13:31:22.089263+00:00","networkType":"Carrier-published national core geometry; generalized paths, not a survey","serviceability":"Unconfirmed","routeDiversity":"Unconfirmed","states":["MO"],"publishedLineParts":21,"importBatch":"20260919","sourceRecordIds":["16946","16948","25956","25959","25979","26013","26038","26074","26098","26101","26131","26161","26210","26224","26253","26264","26298","26303","26305","26311","26325"]},"bbox":[-93.99322245,38.5698265300001,-93.746347701,38.6465201620001]},{"type":"Feature","geometry":{"type":"MultiLineString","coordinates":[[[-93.9320719999999,38.61248],[-93.914901,38.608846],[-93.894756,38.598419],[-93.8797269999999,38.594818],[-93.848249,38.580926],[-93.843405,38.5796610000001],[-93.819528,38.576258],[-93.77967,38.574097],[-93.7438049999999,38.5697220000001],[-93.736012,38.570335],[-93.7147889999999,38.577932],[-93.708874,38.579278],[-93.700193,38.5802160000001],[-93.675979,38.580026],[-93.6419529999999,38.5720870000001],[-93.571296,38.553301],[-93.561131,38.5493700000001],[-93.522458,38.542401],[-93.519443,38.540222],[-93.517033,38.5357280000001],[-93.5036249999999,38.5251180000001],[-93.502132,38.524585],[-93.404392,38.5053350000001],[-93.351801,38.503378],[-93.25809,38.4947910000001],[-93.247913,38.490414],[-93.205293,38.4843210000001]],[[-93.530784,38.5438553000001],[-93.547148728,38.546675113]],[[-93.6070960759999,38.5625141960001],[-93.6237908319999,38.5669542310001]],[[-93.528575087,38.5434562390001],[-93.530784,38.5438553000001]],[[-93.639248256,38.57097501],[-93.6551068919999,38.575111453]],[[-93.563399379,38.54997789],[-93.57717337,38.5546072510001]],[[-93.592053898,38.558643929],[-93.6070960759999,38.5625141960001]],[[-93.666508515,38.5778796380001],[-93.669678187,38.5785724770001]],[[-93.496221457,38.5230472150001],[-93.503731207,38.5247487230001],[-93.509804093,38.5297111780001]],[[-93.714228946,38.577805975],[-93.7290931049999,38.57250315]],[[-93.6237908319999,38.5669542310001],[-93.639248256,38.57097501]],[[-93.66606704,38.5777826950001],[-93.666508515,38.5778796380001]],[[-93.7290931049999,38.57250315],[-93.737868707,38.5698597620001],[-93.746347701,38.5698265300001]],[[-93.683303424,38.5798360420001],[-93.6996135589999,38.579975334]],[[-93.6996135589999,38.579975334],[-93.706954028,38.579333496],[-93.714228946,38.577805975]],[[-93.509804093,38.5297111780001],[-93.517362643,38.535461169],[-93.518307502,38.537342627]],[[-93.6551068919999,38.575111453],[-93.66606704,38.5777826950001]],[[-93.669678187,38.5785724770001],[-93.674310942,38.579539266],[-93.683303424,38.5798360420001]],[[-93.57717337,38.5546072510001],[-93.592053898,38.558643929]],[[-93.547148728,38.546675113],[-93.559158527,38.548649036],[-93.563399379,38.54997789]],[[-93.518307502,38.537342627],[-93.519648161,38.540012038],[-93.5213185819999,38.541593284],[-93.528575087,38.5434562390001]]]},"properties":{"id":"uniti-national-20260919-04994d7956ceb3b7a3fd","sourceId":"uniti-national-20260919","source":"Uniti Wholesale national core network","sourceUrl":"https://www.unitiwholesale.com/network-map/","name":"Uniti Wholesale national core network","carrier":"Uniti Wholesale","category":"unknown","routeStatus":"Publisher network map; current operating status unverified","evidence":"publisher_route","geometryQuality":"publisher_geometry_unverified","dataDate":null,"metadataModified":"2025-07-31T17:08:54+00:00","retrievedAt":"2026-09-19T13:31:22.089263+00:00","networkType":"Carrier-published national core geometry; generalized paths, not a survey","serviceability":"Unconfirmed","routeDiversity":"Unconfirmed","states":["MO"],"publishedLineParts":21,"importBatch":"20260919","sourceRecordIds":["16949","25950","25968","25975","25988","25993","25997","26009","26020","26060","26061","26093","26117","26136","26142","26173","26179","26191","26198","26226","26304"]},"bbox":[-93.9320719999999,38.4843210000001,-93.205293,38.61248]},{"type":"Feature","geometry":{"type":"MultiLineString","coordinates":[[[-93.2532954929999,38.4923963470001],[-93.257851876,38.494413197],[-93.270169563,38.4955318840001]],[[-93.300635427,38.4983690540001],[-93.300761202,38.498380765]],[[-93.286663795,38.4970236870001],[-93.300635427,38.4983690550001]],[[-93.300761202,38.498380765],[-93.303267465,38.498614096]],[[-93.303267465,38.498614096],[-93.318320882,38.500048892]],[[-93.270169563,38.4955318840001],[-93.286663795,38.4970236870001]]]},"properties":{"id":"uniti-national-20260919-941e21b3824b8d4c30e6","sourceId":"uniti-national-20260919","source":"Uniti Wholesale national core network","sourceUrl":"https://www.unitiwholesale.com/network-map/","name":"Uniti Wholesale national core network","carrier":"Uniti Wholesale","category":"unknown","routeStatus":"Publisher network map; current operating status unverified","evidence":"publisher_route","geometryQuality":"publisher_geometry_unverified","dataDate":null,"metadataModified":"2025-07-31T17:08:54+00:00","retrievedAt":"2026-09-19T13:31:22.089263+00:00","networkType":"Carrier-published national core geometry; generalized paths, not a survey","serviceability":"Unconfirmed","routeDiversity":"Unconfirmed","states":["MO"],"publishedLineParts":6,"importBatch":"20260919","sourceRecordIds":["26047","26053","26113","26172","26258","26269"]},"bbox":[-93.318320882,38.4923963470001,-93.2532954929999,38.500048892]},{"type":"Feature","geometry":{"type":"MultiLineString","coordinates":[[[-93.464345214,38.5168197080001],[-93.479727523,38.5197471290001]],[[-93.41449636,38.50681266],[-93.431371359,38.5101269990001]],[[-93.365124268,38.503523347],[-93.382220601,38.504021795]],[[-93.318320882,38.500048892],[-93.333651894,38.501381499]],[[-93.439389754,38.5118349620001],[-93.448123601,38.513426135]],[[-93.382220601,38.504021795],[-93.396633099,38.5044511240001]],[[-93.349944717,38.5028637340001],[-93.365124268,38.503523347]],[[-93.396633099,38.5044511240001],[-93.402891491,38.504687022],[-93.41449636,38.50681266]],[[-93.479727523,38.5197471290001],[-93.496221457,38.5230472150001]],[[-93.431371359,38.5101269990001],[-93.43916818,38.511791214]],[[-93.448123601,38.513426135],[-93.464345214,38.5168197080001]],[[-93.43916818,38.511791214],[-93.439389754,38.5118349620001]],[[-93.333651894,38.501381499],[-93.349944717,38.5028637340001]]]},"properties":{"id":"uniti-national-20260919-ac905dd9a70f57edf2a2","sourceId":"uniti-national-20260919","source":"Uniti Wholesale national core network","sourceUrl":"https://www.unitiwholesale.com/network-map/","name":"Uniti Wholesale national core network","carrier":"Uniti Wholesale","category":"unknown","routeStatus":"Publisher network map; current operating status unverified","evidence":"publisher_route","geometryQuality":"publisher_geometry_unverified","dataDate":null,"metadataModified":"2025-07-31T17:08:54+00:00","retrievedAt":"2026-09-19T13:31:22.089263+00:00","networkType":"Carrier-published national core geometry; generalized paths, not a survey","serviceability":"Unconfirmed","routeDiversity":"Unconfirmed","states":["MO"],"publishedLineParts":13,"importBatch":"20260919","sourceRecordIds":["25964","26008","26026","26035","26036","26042","26070","26079","26129","26255","26274","26308","26323"]},"bbox":[-93.496221457,38.500048892,-93.318320882,38.5230472150001]},{"type":"Feature","geometry":{"type":"MultiLineString","coordinates":[[[-93.2053069999999,38.484205],[-93.205293,38.4843210000001]],[[-93.205293,38.4843210000001],[-93.198414,38.4832180000001],[-93.142887,38.4601860000001],[-93.140877,38.4586560000001],[-93.131883,38.4462120000001],[-93.096222,38.4280830000001],[-93.092099,38.4273470000001],[-93.087907,38.427695],[-93.0546639999999,38.4368380000001],[-93.016555,38.4372920000001],[-92.994726,38.439622],[-92.990421,38.4386270000001]],[[-93.1110118889999,38.435181395],[-93.124937645,38.4422303630001]],[[-93.220268984,38.4860947970001],[-93.2378447519999,38.488563318]],[[-93.016600234,38.4370708910001],[-93.033205441,38.4369016420001]],[[-93.146555506,38.461484231],[-93.1600071679999,38.46706527]],[[-93.1600071679999,38.46706527],[-93.167402549,38.4701319700001]],[[-93.124937645,38.4422303630001],[-93.132886835,38.4466491520001],[-93.136461515,38.451720277]],[[-93.050309711,38.4367142500001],[-93.056290704,38.4364015300001],[-93.061389499,38.434928346]],[[-93.167402549,38.4701319700001],[-93.167525025,38.4701835170001]],[[-93.0644432019999,38.434144315],[-93.066308222,38.4336268760001]],[[-93.0968004809999,38.428084402],[-93.1110118889999,38.435181395]],[[-93.066308222,38.4336268760001],[-93.081911511,38.4290727470001]],[[-93.061389499,38.434928346],[-93.0644432019999,38.434144315]],[[-93.033205441,38.4369016420001],[-93.04990083,38.4367219810001]],[[-92.999059887,38.438920056],[-93.002671044,38.438538776]],[[-93.04990083,38.4367219810001],[-93.050309711,38.4367142500001]],[[-93.2378447519999,38.488563318],[-93.2476467229999,38.489944592],[-93.2532954929999,38.4923963470001]],[[-93.167525027,38.470183521],[-93.167749338,38.470275194]],[[-93.20575253,38.484164186],[-93.220268984,38.4860947970001]],[[-93.176015825,38.473708274],[-93.190883943,38.479868928]],[[-93.136461515,38.451720277],[-93.141067918,38.4585259130001],[-93.146555506,38.461484231]],[[-93.167749338,38.470275194],[-93.176015825,38.473708274]],[[-93.081911511,38.4290727470001],[-93.090134941,38.4271490680001],[-93.0968004809999,38.428084402]],[[-93.190883943,38.479868928],[-93.199148419,38.483171731],[-93.20575253,38.484164186]],[[-93.002671044,38.438538776],[-93.016600234,38.4370708910001]]]},"properties":{"id":"uniti-national-20260919-50001194f6da1670dab5","sourceId":"uniti-national-20260919","source":"Uniti Wholesale national core network","sourceUrl":"https://www.unitiwholesale.com/network-map/","name":"Uniti Wholesale national core network","carrier":"Uniti Wholesale","category":"unknown","routeStatus":"Publisher network map; current operating status unverified","evidence":"publisher_route","geometryQuality":"publisher_geometry_unverified","dataDate":null,"metadataModified":"2025-07-31T17:08:54+00:00","retrievedAt":"2026-09-19T13:31:22.089263+00:00","networkType":"Carrier-published national core geometry; generalized paths, not a survey","serviceability":"Unconfirmed","routeDiversity":"Unconfirmed","states":["MO"],"publishedLineParts":26,"importBatch":"20260919","sourceRecordIds":["16950","16951","25965","25969","25971","26023","26030","26043","26054","26072","26077","26087","26102","26125","26146","26176","26178","26184","26202","26216","26270","26282","26284","26288","26300","26301"]},"bbox":[-93.2532954929999,38.4271490680001,-92.990421,38.4923963470001]},{"type":"Feature","geometry":{"type":"MultiLineString","coordinates":[[[-92.990421,38.4386270000001],[-92.99021,38.4390260000001]],[[-92.874520551,38.425629164],[-92.89192461,38.4262968670001]],[[-92.805236855,38.4468962760001],[-92.805437211,38.4468699610001]],[[-92.827634807,38.4431576900001],[-92.8373943399999,38.4388974060001],[-92.839218917,38.437817126],[-92.843328994,38.433486127],[-92.858438524,38.4258287700001]],[[-92.966309294,38.4342151010001],[-92.971218015,38.434216674]],[[-92.958804016,38.434224101],[-92.962507939,38.4342138220001]],[[-92.777867144,38.426900518],[-92.778129989,38.4283467320001],[-92.785506701,38.437698739]],[[-92.858438524,38.4258287700001],[-92.861624225,38.425195697],[-92.874520551,38.425629164]],[[-92.907716132,38.4269005090001],[-92.916112195,38.4272622440001]],[[-92.89192461,38.4262968670001],[-92.907716132,38.4269005090001]],[[-92.80497,38.4469451000001],[-92.805237,38.4468963]],[[-92.962507939,38.4342138220001],[-92.966309294,38.4342151010001]],[[-92.916112195,38.4272622440001],[-92.916513454,38.4272827720001]],[[-92.762182851,38.4056859030001],[-92.7639336829999,38.40685655],[-92.7700676699999,38.4149381500001]],[[-92.93898254,38.431114242],[-92.945320366,38.43361381],[-92.9488044939999,38.4342512650001]],[[-92.989600567,38.4382266040001],[-92.9942310879999,38.439471514],[-92.999059883,38.438920055]],[[-92.990371701,38.4390228450001],[-92.989600567,38.4382266040001]],[[-92.785506701,38.437698739],[-92.78829661,38.441200445],[-92.795954468,38.446720865]],[[-92.9488044939999,38.4342512650001],[-92.958804016,38.434224101]],[[-92.7700676699999,38.4149381500001],[-92.777492583,38.4242982920001],[-92.777867144,38.426900518]],[[-92.795954468,38.446720865],[-92.798849364,38.447896416],[-92.8049695329999,38.4469450870001]],[[-92.916513454,38.4272827720001],[-92.924813107,38.4276502160001]],[[-92.805437211,38.4468699610001],[-92.827634807,38.4431576900001]],[[-92.746584295,38.40112129],[-92.762182851,38.4056859030001]],[[-92.924813107,38.4276502160001],[-92.931836667,38.4282991490001],[-92.93898254,38.431114242]],[[-92.971218015,38.434216674],[-92.978121658,38.434426042],[-92.9866950429999,38.4372180610001]],[[-92.986695038,38.4372180570001],[-92.989451919,38.438115673]],[[-92.989451919,38.438115673],[-92.989468804,38.4392093000001],[-92.990371701,38.4390228450001]]]},"properties":{"id":"uniti-national-20260919-6697a33eaadfbb5bc676","sourceId":"uniti-national-20260919","source":"Uniti Wholesale national core network","sourceUrl":"https://www.unitiwholesale.com/network-map/","name":"Uniti Wholesale national core network","carrier":"Uniti Wholesale","category":"unknown","routeStatus":"Publisher network map; current operating status unverified","evidence":"publisher_route","geometryQuality":"publisher_geometry_unverified","dataDate":null,"metadataModified":"2025-07-31T17:08:54+00:00","retrievedAt":"2026-09-19T13:31:22.089263+00:00","networkType":"Carrier-published national core geometry; generalized paths, not a survey","serviceability":"Unconfirmed","routeDiversity":"Unconfirmed","states":["MO"],"publishedLineParts":28,"importBatch":"20260919","sourceRecordIds":["16952","25967","25981","25991","26032","26033","26044","26056","26057","26064","26068","26080","26088","26100","26110","26133","26155","26166","26219","26237","26245","26248","26252","26257","26268","26272","26279","26302"]},"bbox":[-92.999059883,38.40112129,-92.746584295,38.447896416]},{"type":"Feature","geometry":{"type":"MultiLineString","coordinates":[[[-92.990421,38.4386270000001],[-92.978148,38.434736],[-92.9463919999999,38.43422],[-92.929466,38.428048],[-92.861726,38.425445],[-92.8576869999999,38.4263290000001],[-92.847857,38.43127],[-92.844012,38.433386],[-92.838854,38.438379],[-92.827729,38.4432550000001],[-92.800371,38.44795],[-92.797587,38.447889],[-92.788214,38.4415090000001],[-92.777994,38.428612],[-92.777177,38.424648],[-92.7636679999999,38.407021],[-92.761877,38.4058620000001],[-92.756972,38.404032],[-92.714888,38.3934330000001],[-92.703675,38.3890690000001],[-92.691412,38.3858950000001],[-92.6769879999999,38.379417],[-92.6751389999999,38.3782580000001],[-92.6722769999999,38.374351],[-92.668053,38.372238],[-92.657717,38.3713070000001],[-92.6514779999999,38.371585],[-92.638183,38.3681090000001],[-92.6227959999999,38.3711480000001],[-92.620805,38.370908],[-92.6144109999999,38.365083],[-92.6069419999999,38.3610150000001],[-92.5991539999999,38.3554],[-92.593811,38.349314],[-92.591845,38.3481380000001],[-92.581567,38.345018],[-92.575202,38.345125],[-92.562627,38.3479300000001],[-92.536884,38.3592580000001],[-92.532348,38.360556],[-92.519696,38.361701],[-92.512084,38.3653],[-92.4967749999999,38.367104],[-92.490754,38.3649060000001],[-92.4834019999999,38.366676],[-92.4730079999999,38.367447],[-92.4694939999999,38.3673220000001],[-92.457474,38.364739],[-92.453522,38.3653640000001],[-92.443342,38.3694160000001],[-92.4281589999999,38.364738],[-92.425784,38.363411],[-92.421891,38.362922],[-92.4169869999999,38.358392],[-92.410893,38.357192],[-92.4071949999999,38.3525700000001],[-92.4038879999999,38.3510840000001],[-92.391135,38.3520550000001],[-92.383887,38.355663],[-92.3782599999999,38.3551900000001],[-92.3538589999999,38.3427070000001],[-92.344904,38.3429780000001],[-92.3316349999999,38.341815],[-92.325273,38.3439060000001],[-92.320431,38.3439070000001],[-92.3131109999999,38.3363830000001],[-92.307623,38.335091],[-92.299423,38.3310880000001],[-92.289593,38.3323750000001],[-92.284396,38.3317980000001],[-92.276122,38.3295190000001],[-92.2626529999999,38.324163],[-92.253368,38.3218580000001],[-92.2452699999999,38.3224080000001],[-92.234359,38.3262050000001],[-92.226738,38.330119],[-92.224402,38.3302800000001],[-92.21976,38.3269770000001],[-92.217677,38.3240680000001],[-92.21723,38.32172],[-92.215166,38.318456],[-92.2053519999999,38.308634],[-92.190902,38.306657],[-92.179357,38.310571],[-92.177545,38.3124730000001],[-92.175579,38.3132230000001],[-92.163466,38.3107430000001],[-92.1575979999999,38.311385],[-92.155027,38.310705],[-92.152643,38.308933],[-92.151377,38.307261],[-92.1505309999999,38.301613],[-92.1495189999999,38.2998410000001],[-92.144759,38.297586],[-92.137595,38.2976170000001],[-92.133206,38.299432],[-92.1291379999999,38.298216],[-92.11706,38.2992150000001],[-92.106163,38.3077660000001],[-92.099058,38.308877],[-92.096996,38.310949],[-92.093112,38.3116870000001],[-92.0892479999999,38.314127],[-92.0823569999999,38.314532],[-92.076868,38.310839],[-92.07533,38.3104500000001],[-92.072235,38.3114220000001],[-92.0669109999999,38.3110130000001],[-92.062395,38.311949],[-92.0594169999999,38.3113760000001],[-92.053838,38.304623],[-92.049207,38.301906],[-92.045081,38.300279],[-92.037898,38.2995690000001],[-92.0262769999999,38.294581],[-92.0206439999999,38.29315]],[[-92.59986851,38.3554082370001],[-92.6071400449999,38.3607790500001],[-92.612659101,38.3636799880001]],[[-92.699434605,38.3877769960001],[-92.7036800179999,38.388761672],[-92.71391399,38.3927628370001]],[[-92.54400013,38.3557889840001],[-92.558001374,38.3495710660001]],[[-92.618338852,38.3685469280001],[-92.620432649,38.3704693870001]],[[-92.672716207,38.3745959290001],[-92.676323715,38.378366923],[-92.679404764,38.379834734]],[[-92.514806719,38.363761192],[-92.519178119,38.3615020080001],[-92.529857482,38.3605205210001]],[[-92.5002588079999,38.3664450110001],[-92.511601605,38.365146446],[-92.514806719,38.363761192]],[[-92.7303223659999,38.397025194],[-92.746584295,38.40112129]],[[-92.71391399,38.3927628370001],[-92.7303223659999,38.397025194]],[[-92.558212627,38.3494672620001],[-92.5630082379999,38.3473303590001],[-92.57457168,38.3448729190001]],[[-92.6253171,38.3703317920001],[-92.637985993,38.367636073],[-92.641552253,38.3684584220001]],[[-92.529857482,38.3605205210001],[-92.536383227,38.359132996],[-92.54400013,38.3557889840001]],[[-92.656638273,38.3710481740001],[-92.667107836,38.37161991],[-92.672716207,38.3745959290001]],[[-92.679723149,38.379986246],[-92.685752118,38.3828520690001]],[[-92.620432649,38.3704693870001],[-92.622751508,38.370854632],[-92.6253171,38.3703317920001]],[[-92.57457168,38.3448729190001],[-92.582431088,38.344867773],[-92.5910184419999,38.3475784070001]],[[-92.67956361,38.379910403],[-92.679723149,38.379986246]],[[-92.558001374,38.3495710660001],[-92.558212627,38.3494672620001]],[[-92.5910184419999,38.3475784070001],[-92.594176878,38.349154603],[-92.59986851,38.3554082370001]],[[-92.679405,38.3798347000001],[-92.679564,38.3799104]],[[-92.641552253,38.3684584220001],[-92.651158593,38.371216184],[-92.656638273,38.3710481740001]],[[-92.612659101,38.3636799880001],[-92.614604146,38.3647867350001],[-92.618338852,38.3685469280001]],[[-92.685752118,38.3828520690001],[-92.691328778,38.38563997],[-92.699434605,38.3877769960001]]]},"properties":{"id":"uniti-national-20260919-fb6df8ae9eef6580a94c","sourceId":"uniti-national-20260919","source":"Uniti Wholesale national core network","sourceUrl":"https://www.unitiwholesale.com/network-map/","name":"Uniti Wholesale national core network","carrier":"Uniti Wholesale","category":"unknown","routeStatus":"Publisher network map; current operating status unverified","evidence":"publisher_route","geometryQuality":"publisher_geometry_unverified","dataDate":null,"metadataModified":"2025-07-31T17:08:54+00:00","retrievedAt":"2026-09-19T13:31:22.089263+00:00","networkType":"Carrier-published national core geometry; generalized paths, not a survey","serviceability":"Unconfirmed","routeDiversity":"Unconfirmed","states":["MO"],"publishedLineParts":24,"importBatch":"20260919","sourceRecordIds":["16953","25978","25983","26022","26048","26055","26094","26103","26160","26174","26183","26185","26209","26218","26223","26230","26231","26241","26247","26265","26280","26289","26306","26314"]},"bbox":[-92.990421,38.29315,-92.0206439999999,38.44795]},{"type":"Feature","geometry":{"type":"MultiLineString","coordinates":[[[-92.450837963,38.3661633570001],[-92.456746213,38.3644368700001],[-92.4670467559999,38.366370385]],[[-92.3361459609999,38.341920523],[-92.3448005069999,38.342744295],[-92.351558531,38.3421867260001]],[[-92.351558531,38.3421867260001],[-92.3540087269999,38.3424141340001],[-92.3639371519999,38.347326778]],[[-92.264566579,38.3245081110001],[-92.278981855,38.330098826]],[[-92.389180949,38.352712059],[-92.39204542,38.3516285900001],[-92.4038041479999,38.3508072760001]],[[-92.4670467559999,38.366370385],[-92.4722497389999,38.367134005],[-92.4835881119999,38.3663355460001]],[[-92.3639371519999,38.347326778],[-92.376142138,38.35406383]],[[-92.3203622679999,38.3437530460001],[-92.325295683,38.343745579],[-92.331400518,38.3414832980001],[-92.3361459609999,38.341920523]],[[-92.4110915269999,38.3569657360001],[-92.417323344,38.3581453580001],[-92.421990826,38.3626002610001]],[[-92.3041151959999,38.333139782],[-92.307731941,38.3349910150001],[-92.3128544469999,38.336063897]],[[-92.436707611,38.3672572410001],[-92.442949079,38.369134252],[-92.450837963,38.3661633570001]],[[-92.3128544469999,38.336063897],[-92.3203622679999,38.3437530460001]],[[-92.4279357559999,38.3642578660001],[-92.42801532,38.364310558]],[[-92.4835881119999,38.3663355460001],[-92.4908020889999,38.3645812180001],[-92.496748441,38.366818588],[-92.5002588079999,38.3664450110001]],[[-92.278981855,38.330098826],[-92.286859141,38.3321501300001],[-92.2904992589999,38.332016087]],[[-92.247784662,38.3216510170001],[-92.25257006,38.3214912120001],[-92.264566579,38.3245081110001]],[[-92.376142138,38.35406383],[-92.378335443,38.354899077],[-92.383762357,38.355403569],[-92.389180949,38.352712059]],[[-92.427807,38.3641822000001],[-92.427936,38.3642579]],[[-92.4038041479999,38.3508072760001],[-92.407438632,38.3522778330001],[-92.4110915269999,38.3569657360001]],[[-92.42801532,38.364310558],[-92.436707611,38.3672572410001]],[[-92.2904992589999,38.332016087],[-92.299297071,38.3309041580001],[-92.3041151959999,38.333139782]],[[-92.421990826,38.3626002610001],[-92.425898751,38.3630653220001],[-92.4278065769999,38.364182241]]]},"properties":{"id":"uniti-national-20260919-64efca1581c919429162","sourceId":"uniti-national-20260919","source":"Uniti Wholesale national core network","sourceUrl":"https://www.unitiwholesale.com/network-map/","name":"Uniti Wholesale national core network","carrier":"Uniti Wholesale","category":"unknown","routeStatus":"Publisher network map; current operating status unverified","evidence":"publisher_route","geometryQuality":"publisher_geometry_unverified","dataDate":null,"metadataModified":"2025-07-31T17:08:54+00:00","retrievedAt":"2026-09-19T13:31:22.089263+00:00","networkType":"Carrier-published national core geometry; generalized paths, not a survey","serviceability":"Unconfirmed","routeDiversity":"Unconfirmed","states":["MO"],"publishedLineParts":22,"importBatch":"20260919","sourceRecordIds":["25957","25980","26015","26024","26031","26040","26051","26063","26096","26111","26116","26134","26138","26144","26169","26197","26212","26217","26294","26307","26316","26321"]},"bbox":[-92.5002588079999,38.3214912120001,-92.247784662,38.369134252]},{"type":"Feature","geometry":{"type":"MultiLineString","coordinates":[[[-92.0206439999999,38.29315],[-92.020567,38.2931300000001]],[[-92.0206439999999,38.29315],[-92.020526,38.293216]],[[-92.021303076,38.293502452],[-92.02489329,38.293814653],[-92.0298972029999,38.295757935]],[[-92.217800228,38.323289167],[-92.219927862,38.326893995],[-92.223348675,38.329620065],[-92.224417562,38.330114259],[-92.227009202,38.329755533]],[[-92.230717452,38.327517199],[-92.238557866,38.324380988],[-92.247784662,38.3216510170001]],[[-92.0879075449999,38.314273988],[-92.092983287,38.311386838],[-92.096070246,38.311120976],[-92.098876848,38.308636999],[-92.1011948509999,38.3080916750001]],[[-92.0451897999999,38.300049995],[-92.05403689,38.3045022750001],[-92.0577979619999,38.3092505720001]],[[-92.1813985909999,38.309606725],[-92.192177128,38.3062910960001]],[[-91.99601017,38.293844913],[-92.012801569,38.292313517]],[[-92.0213956109999,38.293265625],[-92.021303076,38.293502452]],[[-92.114839519,38.300660125],[-92.1161241089999,38.299378919],[-92.118023915,38.2988419320001],[-92.1281779989999,38.297922837],[-92.13069862,38.2984097570001]],[[-92.1978320649999,38.307205014],[-92.205380582,38.3083410750001],[-92.210772339,38.313312538]],[[-92.0298972029999,38.295757935],[-92.036970002,38.2991744380001],[-92.0451897999999,38.300049995]],[[-92.147139878,38.2981624550001],[-92.15036401,38.300562144],[-92.151585826,38.3071649410001],[-92.1523509309999,38.3083086680001]],[[-92.192177128,38.3062910960001],[-92.192391124,38.306274181]],[[-92.0577979619999,38.3092505720001],[-92.0588569179999,38.31072017],[-92.060672167,38.3116025460001],[-92.073101123,38.3107852740001]],[[-92.192391124,38.306274181],[-92.1978320649999,38.307205014]],[[-92.0768000749999,38.310584541],[-92.0824169379999,38.314272905],[-92.0879075449999,38.314273988]],[[-92.073101123,38.3107852740001],[-92.075230544,38.3102400600001],[-92.0768000749999,38.310584541]],[[-92.13069862,38.2984097570001],[-92.133879244,38.299202693],[-92.138986113,38.297277401],[-92.144761011,38.297406814],[-92.147139878,38.2981624550001]],[[-92.1011948509999,38.3080916750001],[-92.106050913,38.3075602390001],[-92.10806723,38.305237816],[-92.1121614629999,38.3029787130001],[-92.114839519,38.300660125]],[[-92.012801569,38.292313517],[-92.015984351,38.2921987240001],[-92.0213956109999,38.293265625]],[[-92.210772339,38.313312538],[-92.215104723,38.3179047320001],[-92.2174885159999,38.321693135],[-92.217800228,38.323289167]],[[-92.1523509309999,38.3083086680001],[-92.156157875,38.310922421],[-92.163498891,38.310529859],[-92.1671667,38.311401199]],[[-92.227009202,38.329755533],[-92.230717452,38.327517199]],[[-92.1671667,38.311401199],[-92.175541763,38.312992912],[-92.177258767,38.3123689290001],[-92.1791924729999,38.310390414],[-92.1813985909999,38.309606725]]]},"properties":{"id":"uniti-national-20260919-31dc4d4829e6bf6d714d","sourceId":"uniti-national-20260919","source":"Uniti Wholesale national core network","sourceUrl":"https://www.unitiwholesale.com/network-map/","name":"Uniti Wholesale national core network","carrier":"Uniti Wholesale","category":"unknown","routeStatus":"Publisher network map; current operating status unverified","evidence":"publisher_route","geometryQuality":"publisher_geometry_unverified","dataDate":null,"metadataModified":"2025-07-31T17:08:54+00:00","retrievedAt":"2026-09-19T13:31:22.089263+00:00","networkType":"Carrier-published national core geometry; generalized paths, not a survey","serviceability":"Unconfirmed","routeDiversity":"Unconfirmed","states":["MO"],"publishedLineParts":26,"importBatch":"20260919","sourceRecordIds":["16954","16955","25952","25970","25992","26010","26012","26018","26021","26037","26078","26086","26114","26118","26127","26158","26162","26193","26203","26214","26249","26250","26263","26295","26299","26309"]},"bbox":[-92.247784662,38.2921987240001,-91.99601017,38.330114259]},{"type":"Feature","geometry":{"type":"MultiLineString","coordinates":[[[-91.867622387,38.2993531280001],[-91.871163801,38.3014655210001],[-91.874399919,38.307674945],[-91.8771753889999,38.3092973440001]],[[-91.967469926,38.3186133470001],[-91.967597929,38.3186073950001]],[[-91.9512126129999,38.3159669560001],[-91.957271533,38.318011122],[-91.967469926,38.3186133470001]],[[-91.9779430339999,38.316444682],[-91.981716513,38.315194036]],[[-91.817736569,38.285673435],[-91.823032001,38.2883531910001],[-91.8325236159999,38.2882496340001]],[[-91.9051487679999,38.3175536620001],[-91.9078768859999,38.317732402],[-91.910853061,38.3151287150001],[-91.918442849,38.3158434810001]],[[-91.890766906,38.3162397990001],[-91.8928151579999,38.317040708],[-91.9051487679999,38.3175536620001]],[[-91.858933382,38.2987588990001],[-91.862437956,38.298979499]],[[-91.918442849,38.3158434810001],[-91.928324698,38.316987617],[-91.935220658,38.315382221]],[[-91.935220658,38.315382221],[-91.945312668,38.3148364480001],[-91.9512126129999,38.3159669560001]],[[-91.845290097,38.294340822],[-91.845412088,38.2943402170001]],[[-91.981716513,38.315194036],[-91.9898464139999,38.3115559170001],[-91.991058794,38.3067709320001]],[[-91.991058794,38.3067709320001],[-91.992412198,38.30033811],[-91.9943758209999,38.295007345],[-91.99601017,38.293844913]],[[-91.967597929,38.3186073950001],[-91.974226178,38.319334344],[-91.9752392679999,38.319081253],[-91.9779430339999,38.316444682]],[[-91.8771753889999,38.3092973440001],[-91.8818196509999,38.313169009],[-91.88577171,38.314568702],[-91.8888655809999,38.3147652280001],[-91.890766906,38.3162397990001]],[[-91.862437956,38.298979499],[-91.867622387,38.2993531280001]],[[-91.845412088,38.2943402170001],[-91.8541502689999,38.2956673300001],[-91.858933382,38.2987588990001]],[[-91.8325236159999,38.2882496340001],[-91.835230821,38.2888791020001],[-91.837735137,38.2920838920001],[-91.8423064689999,38.294134811],[-91.845290097,38.294340822]]]},"properties":{"id":"uniti-national-20260919-7758a8c4adbbbd8e8a3f","sourceId":"uniti-national-20260919","source":"Uniti Wholesale national core network","sourceUrl":"https://www.unitiwholesale.com/network-map/","name":"Uniti Wholesale national core network","carrier":"Uniti Wholesale","category":"unknown","routeStatus":"Publisher network map; current operating status unverified","evidence":"publisher_route","geometryQuality":"publisher_geometry_unverified","dataDate":null,"metadataModified":"2025-07-31T17:08:54+00:00","retrievedAt":"2026-09-19T13:31:22.089263+00:00","networkType":"Carrier-published national core geometry; generalized paths, not a survey","serviceability":"Unconfirmed","routeDiversity":"Unconfirmed","states":["MO"],"publishedLineParts":18,"importBatch":"20260919","sourceRecordIds":["25998","26014","26059","26067","26083","26085","26092","26107","26108","26115","26122","26145","26194","26220","26227","26228","26238","26291"]},"bbox":[-91.99601017,38.285673435,-91.817736569,38.319334344]},{"type":"Feature","geometry":{"type":"MultiLineString","coordinates":[[[-92.0206439999999,38.29315],[-92.012592,38.2925510000001],[-91.99522,38.294471],[-91.992689,38.3003600000001],[-91.9901189999999,38.311631],[-91.9841039999999,38.314825],[-91.978844,38.3161630000001],[-91.9757049999999,38.319004],[-91.9743089999999,38.319503],[-91.9703959999999,38.318786],[-91.963641,38.318943],[-91.9571979999999,38.3182400000001],[-91.953675,38.3167470000001],[-91.9451579999999,38.3150840000001],[-91.9377229999999,38.315098],[-91.928389,38.317228],[-91.913219,38.3153140000001],[-91.911118,38.3153750000001],[-91.907416,38.3180320000001],[-91.89284,38.317341],[-91.8887519999999,38.315009],[-91.885735,38.3148340000001],[-91.880577,38.3127220000001],[-91.878322,38.3103170000001],[-91.8745969999999,38.3083950000001],[-91.871807,38.3025920000001],[-91.867618,38.299633],[-91.857926,38.2989460000001],[-91.854928,38.296233],[-91.841055,38.29398],[-91.837548,38.292291],[-91.834479,38.2887620000001],[-91.823036,38.2885630000001],[-91.81821,38.2859780000001],[-91.81196,38.28653],[-91.808713,38.2856390000001],[-91.8054509999999,38.285891],[-91.8011299999999,38.284704],[-91.795287,38.28443],[-91.792999,38.285056],[-91.79049,38.2873750000001],[-91.78867,38.287971],[-91.7849419999999,38.2858140000001],[-91.783735,38.282781],[-91.776982,38.2778040000001],[-91.767117,38.276013],[-91.76244,38.273689],[-91.760457,38.271806],[-91.75754,38.270833],[-91.75535,38.26854],[-91.7538019999999,38.268066],[-91.7450039999999,38.268582],[-91.742649,38.2695600000001],[-91.738415,38.2766780000001],[-91.736712,38.278145],[-91.7236109999999,38.2846490000001],[-91.688456,38.2974870000001],[-91.648727,38.3050020000001],[-91.6422249999999,38.303505],[-91.6292759999999,38.3018740000001],[-91.626882,38.3007400000001],[-91.6229489999999,38.2963090000001],[-91.620516,38.295347],[-91.6131579999999,38.296798],[-91.605839,38.2955150000001],[-91.582656,38.303544],[-91.576904,38.308649],[-91.543033,38.3159200000001],[-91.541437,38.316515],[-91.5390619999999,38.3187600000001],[-91.531082,38.329932],[-91.50526,38.345285],[-91.502652,38.347403],[-91.501543,38.3489520000001],[-91.49983,38.354113],[-91.498321,38.3559480000001],[-91.4715849999999,38.3693660000001],[-91.46923,38.370206],[-91.461424,38.370908],[-91.453404,38.3760130000001],[-91.441471,38.3796370000001],[-91.432058,38.385678],[-91.428838,38.3867100000001],[-91.427758,38.389571],[-91.42661,38.390425],[-91.424542,38.390676],[-91.418103,38.3895210000001],[-91.4047399999999,38.390269],[-91.396711,38.3873540000001],[-91.3824319999999,38.3875380000001],[-91.3765339999999,38.3889570000001],[-91.3633169999999,38.395356],[-91.356679,38.394914],[-91.352027,38.3960240000001],[-91.341895,38.3948080000001],[-91.316249,38.4104960000001],[-91.312375,38.411709],[-91.3110619999999,38.4136040000001],[-91.310196,38.416974],[-91.307393,38.419697],[-91.299383,38.421814],[-91.291693,38.4262340000001],[-91.285591,38.4272330000001],[-91.281669,38.42992],[-91.27835,38.4312400000001],[-91.271187,38.4303590000001],[-91.269853,38.4293900000001],[-91.266272,38.423367],[-91.262261,38.4217540000001],[-91.2586019999999,38.418239],[-91.256422,38.4175450000001],[-91.248033,38.4180900000001],[-91.239497,38.417261],[-91.21968,38.4201130000001],[-91.21606,38.419655],[-91.213335,38.4200520000001],[-91.2026289999999,38.417429],[-91.1940439999999,38.421566],[-91.1873869999999,38.4194120000001],[-91.174277,38.419747],[-91.1690409999999,38.4190300000001],[-91.159658,38.4205670000001],[-91.152111,38.418368],[-91.14844,38.4157470000001],[-91.141111,38.415539],[-91.136004,38.411617],[-91.1282149999999,38.411056],[-91.121902,38.412198],[-91.120313,38.4132490000001],[-91.1180899999999,38.416542],[-91.104395,38.4208620000001],[-91.0955529999999,38.4314170000001],[-91.089072,38.436336],[-91.086877,38.4405860000001]]]},"properties":{"id":"uniti-national-20260919-5ae530125dbde8bb2f92","sourceId":"uniti-national-20260919","source":"Uniti Wholesale national core network","sourceUrl":"https://www.unitiwholesale.com/network-map/","name":"Uniti Wholesale national core network","carrier":"Uniti Wholesale","category":"unknown","routeStatus":"Publisher network map; current operating status unverified","evidence":"publisher_route","geometryQuality":"publisher_geometry_unverified","dataDate":null,"metadataModified":"2025-07-31T17:08:54+00:00","retrievedAt":"2026-09-19T13:31:22.089263+00:00","networkType":"Carrier-published national core geometry; generalized paths, not a survey","serviceability":"Unconfirmed","routeDiversity":"Unconfirmed","states":["MO"],"publishedLineParts":1,"importBatch":"20260919","sourceRecordIds":["16957"]},"bbox":[-92.0206439999999,38.268066,-91.086877,38.4405860000001]},{"type":"Feature","geometry":{"type":"MultiLineString","coordinates":[[[-91.087157261,38.4407572220001],[-91.088647199,38.436964258],[-91.095658788,38.431433112],[-91.1026054449999,38.422360857],[-91.104575197,38.4208012660001],[-91.118084029,38.416555401],[-91.120371629,38.41327002],[-91.1217982209999,38.4122689290001],[-91.1279792609999,38.411118382],[-91.135964514,38.4116376420001],[-91.141015823,38.4155275200001],[-91.1483824649999,38.4157477090001],[-91.152245013,38.418444368],[-91.1596292889999,38.4203815190001],[-91.168853128,38.4188436480001],[-91.1733725729999,38.419496296],[-91.187386627,38.419246216],[-91.194272278,38.4214838990001],[-91.2024355359999,38.417540993],[-91.213920017,38.4199931370001],[-91.2209436109999,38.420079867],[-91.2403569269999,38.417113],[-91.247958517,38.4178451770001],[-91.256407661,38.4172898750001],[-91.2587112749999,38.418012369],[-91.2622600619999,38.421505444],[-91.2664760909999,38.4233346930001],[-91.270061276,38.429297325],[-91.271263747,38.43025557],[-91.277595259,38.431177109],[-91.281105931,38.430083075],[-91.285415916,38.427115256],[-91.2922293129999,38.425798657],[-91.299238873,38.421670168],[-91.307274744,38.419592611],[-91.309991338,38.416965136],[-91.311289535,38.412639918],[-91.3122249459999,38.4116181270001],[-91.316263611,38.4104142940001],[-91.341881331,38.3947699670001],[-91.351596581,38.3960153250001],[-91.3561606499999,38.394968185],[-91.363251844,38.39532928],[-91.376373467,38.389023084],[-91.380902914,38.3876135900001],[-91.383996623,38.3874461730001],[-91.396763618,38.387300598],[-91.404886386,38.390237653],[-91.41699321,38.3893678680001],[-91.4257910759999,38.3905107410001],[-91.427609658,38.389516604],[-91.428637688,38.3865983200001],[-91.431977256,38.38558521],[-91.4415253879999,38.3796611980001],[-91.452607933,38.376408912],[-91.462171025,38.3705537220001],[-91.469325884,38.370256397],[-91.471298535,38.369532673],[-91.498242234,38.3558991190001],[-91.499806386,38.3541055200001],[-91.502555107,38.3473374650001],[-91.5297246059999,38.3309715720001],[-91.5328461719999,38.327670824],[-91.5382721459999,38.3197120030001],[-91.5414402759999,38.3165575200001],[-91.5768644789999,38.3085070060001],[-91.582604171,38.3035035670001],[-91.605786866,38.295447515],[-91.613078727,38.2966702300001],[-91.619278681,38.295175316],[-91.621318059,38.2953685470001],[-91.622847131,38.2960927600001],[-91.627186594,38.300705884],[-91.628751784,38.3015411900001],[-91.641399016,38.303131115],[-91.647917152,38.3047102470001],[-91.6634356499999,38.302360885],[-91.688020603,38.297475789],[-91.723486642,38.2845132240001],[-91.737392358,38.2775293070001],[-91.743184214,38.268913599],[-91.7525706599999,38.2678348900001],[-91.755524415,38.2684296140001],[-91.7575545349999,38.270649426],[-91.7605330819999,38.2716555060001],[-91.762619016,38.273578258],[-91.7671741299999,38.2758461660001],[-91.7771839929999,38.277671513],[-91.7838896539999,38.282611585],[-91.785313165,38.285875988],[-91.7887065789999,38.287747107],[-91.791201858,38.286532837],[-91.792551717,38.284929338],[-91.795256481,38.284148491],[-91.801120848,38.2844488900001],[-91.8054510439999,38.2856814960001],[-91.808730128,38.2854208570001],[-91.8120392609999,38.2862975260001],[-91.817736569,38.285673435]]]},"properties":{"id":"uniti-national-20260919-12d832e5accfa9831571","sourceId":"uniti-national-20260919","source":"Uniti Wholesale national core network","sourceUrl":"https://www.unitiwholesale.com/network-map/","name":"Uniti Wholesale national core network","carrier":"Uniti Wholesale","category":"unknown","routeStatus":"Publisher network map; current operating status unverified","evidence":"publisher_route","geometryQuality":"publisher_geometry_unverified","dataDate":null,"metadataModified":"2025-07-31T17:08:54+00:00","retrievedAt":"2026-09-19T13:31:22.089263+00:00","networkType":"Carrier-published national core geometry; generalized paths, not a survey","serviceability":"Unconfirmed","routeDiversity":"Unconfirmed","states":["MO"],"publishedLineParts":1,"importBatch":"20260919","sourceRecordIds":["26234"]},"bbox":[-91.817736569,38.2678348900001,-91.087157261,38.4407572220001]},{"type":"Feature","geometry":{"type":"MultiLineString","coordinates":[[[-91.087026,38.440634],[-91.086877,38.4405860000001]]]},"properties":{"id":"uniti-national-20260919-ccfbca53fefefd323bbc","sourceId":"uniti-national-20260919","source":"Uniti Wholesale national core network","sourceUrl":"https://www.unitiwholesale.com/network-map/","name":"Uniti Wholesale national core network","carrier":"Uniti Wholesale","category":"unknown","routeStatus":"Publisher network map; current operating status unverified","evidence":"publisher_route","geometryQuality":"publisher_geometry_unverified","dataDate":null,"metadataModified":"2025-07-31T17:08:54+00:00","retrievedAt":"2026-09-19T13:31:22.089263+00:00","networkType":"Carrier-published national core geometry; generalized paths, not a survey","serviceability":"Unconfirmed","routeDiversity":"Unconfirmed","states":["MO"],"publishedLineParts":1,"importBatch":"20260919","sourceRecordIds":["16956"]},"bbox":[-91.087026,38.4405860000001,-91.086877,38.440634]},{"type":"Feature","geometry":{"type":"MultiLineString","coordinates":[[[-90.4266549069999,38.7125357780001],[-90.437586973,38.7190337320001],[-90.446458903,38.727059803],[-90.454323701,38.7294398490001],[-90.4597006559999,38.7335047020001],[-90.463342604,38.735123812],[-90.465630477,38.735211764],[-90.487839494,38.72742881],[-90.4909877709999,38.725553758],[-90.492698339,38.721539819],[-90.499858468,38.6920403400001],[-90.510598424,38.6885357090001],[-90.5499965939999,38.671713652],[-90.5744495069999,38.6641965680001],[-90.5799577,38.6647822530001],[-90.5917798839999,38.6639485000001],[-90.619285194,38.660341745],[-90.627787094,38.6598348310001],[-90.6447606079999,38.656374795],[-90.650540672,38.653803893],[-90.6630076169999,38.6506566530001],[-90.6910167249999,38.6471140030001],[-90.718013868,38.640591698],[-90.729572084,38.6385567020001],[-90.732329271,38.637039358],[-90.743142597,38.62704367],[-90.7461972199999,38.6230406980001],[-90.74752406,38.619447375],[-90.751528036,38.614459228],[-90.754338955,38.6079686210001],[-90.761641506,38.596794124],[-90.7643234019999,38.5891641430001],[-90.7703060159999,38.581642318],[-90.7762555319999,38.578479336],[-90.7800626059999,38.5749197370001],[-90.782485935,38.570611703],[-90.78613742,38.5659971310001],[-90.7864942319999,38.562578843],[-90.789936165,38.558911239],[-90.7933576359999,38.5571858920001],[-90.797793751,38.5572621280001],[-90.8083773399999,38.5534155190001],[-90.814723659,38.552709576],[-90.81937103,38.5512452500001],[-90.823988323,38.5512087060001],[-90.8274557939999,38.549305318],[-90.837103882,38.545961527],[-90.844675334,38.540387716],[-90.8454294209999,38.538604413],[-90.8446931839999,38.5324700350001],[-90.849937587,38.5291476730001],[-90.851520076,38.526785128],[-90.8516746,38.525023946],[-90.850082765,38.5208313530001],[-90.8508274869999,38.517763626],[-90.852892948,38.5159631760001],[-90.865686607,38.51111202],[-90.870081661,38.508189756],[-90.87194271,38.503219797],[-90.8759000489999,38.502186142],[-90.87757831,38.5000494650001],[-90.876639328,38.49692041],[-90.8710475409999,38.4912979380001],[-90.8706820419999,38.489160412],[-90.8721693369999,38.48508085],[-90.878774915,38.4814225860001],[-90.881776025,38.478088206],[-90.883575762,38.4737424730001],[-90.88721938,38.470887807],[-90.889084279,38.4664312140001],[-90.8921880669999,38.4631906540001],[-90.8953703509999,38.457286589],[-90.905634806,38.451198076],[-90.90674405,38.4495397790001],[-90.906746427,38.446276793],[-90.908486425,38.444497326],[-90.9118107629999,38.4440492850001],[-90.924112766,38.447777075],[-90.929631639,38.44670542],[-90.9328174299999,38.4475350810001],[-90.9341270629999,38.4473193630001],[-90.940181389,38.443549655],[-90.950865166,38.4409740410001],[-90.9524814,38.4412159890001],[-90.9590883769999,38.444514707],[-90.9611341679999,38.4447933700001],[-90.9802539999999,38.4443381],[-90.9838769999999,38.4453998000001],[-90.9902865459999,38.449732581],[-91.0193201609999,38.4532180360001],[-91.0215955359999,38.454579591],[-91.023589138,38.4577113990001],[-91.025069362,38.4587596870001],[-91.028009728,38.4589074940001],[-91.0300134619999,38.4579787380001],[-91.03227478,38.454598515],[-91.032956565,38.4484731590001],[-91.037312965,38.445490803],[-91.040853925,38.445310496],[-91.0448758789999,38.446895112],[-91.051916546,38.448023447],[-91.0548443769999,38.4494236620001],[-91.060122065,38.4501117120001],[-91.065868813,38.449483463],[-91.068813437,38.448344698],[-91.07495871,38.448090704],[-91.080369919,38.44654537],[-91.087157261,38.4407572220001]]]},"properties":{"id":"uniti-national-20260919-b00a78a9d94cbfa457e2","sourceId":"uniti-national-20260919","source":"Uniti Wholesale national core network","sourceUrl":"https://www.unitiwholesale.com/network-map/","name":"Uniti Wholesale national core network","carrier":"Uniti Wholesale","category":"unknown","routeStatus":"Publisher network map; current operating status unverified","evidence":"publisher_route","geometryQuality":"publisher_geometry_unverified","dataDate":null,"metadataModified":"2025-07-31T17:08:54+00:00","retrievedAt":"2026-09-19T13:31:22.089263+00:00","networkType":"Carrier-published national core geometry; generalized paths, not a survey","serviceability":"Unconfirmed","routeDiversity":"Unconfirmed","states":["MO"],"publishedLineParts":1,"importBatch":"20260919","sourceRecordIds":["26135"]},"bbox":[-91.087157261,38.4407572220001,-90.4266549069999,38.735211764]},{"type":"Feature","geometry":{"type":"MultiLineString","coordinates":[[[-90.1946579999999,38.6722120000001],[-90.194561,38.6727500000001],[-90.201982,38.6743450000001],[-90.2083959999999,38.6816630000001],[-90.2105579999999,38.682535],[-90.2153919999999,38.6874770000001],[-90.2185239999999,38.68839],[-90.219531,38.68839],[-90.229568,38.6834030000001],[-90.241247,38.684534],[-90.249648,38.6843430000001],[-90.258661,38.686494],[-90.274262,38.682444],[-90.28228,38.6835330000001],[-90.287469,38.683091],[-90.297094,38.678301],[-90.300218,38.6778850000001],[-90.319238,38.679678],[-90.324513,38.681343],[-90.33726,38.6815950000001],[-90.357232,38.6845880000001],[-90.363021,38.684531],[-90.37254,38.6832590000001],[-90.4013639999999,38.687286],[-90.4040889999999,38.6887070000001],[-90.406658,38.6921820000001],[-90.4158849999999,38.6992010000001],[-90.419612,38.705023],[-90.4268049999999,38.712655],[-90.4336979999999,38.716324],[-90.4391589999999,38.7201670000001],[-90.445483,38.72668],[-90.4543649999999,38.7296230000001],[-90.462367,38.7350210000001],[-90.4657339999999,38.735325],[-90.4867609999999,38.7278820000001],[-90.491159,38.7256150000001],[-90.492246,38.7234240000001],[-90.5005389999999,38.691735],[-90.5107379999999,38.6886910000001],[-90.550195,38.67192],[-90.574537,38.664266],[-90.579958,38.66486],[-90.628031,38.659792],[-90.644819,38.6563790000001],[-90.652281,38.653417],[-90.6627779999999,38.650744],[-90.6929949999999,38.6468560000001],[-90.71806,38.64077],[-90.7297119999999,38.6386140000001],[-90.7329089999999,38.6367900000001],[-90.7452269999999,38.6249300000001],[-90.748591,38.6182230000001],[-90.75183,38.6144580000001],[-90.7543919999999,38.608441],[-90.762075,38.59687],[-90.7629709999999,38.5927130000001],[-90.764459,38.589417],[-90.769862,38.582301],[-90.7763849999999,38.5786170000001],[-90.780241,38.5750090000001],[-90.7863189999999,38.565952],[-90.78657,38.5629410000001],[-90.790079,38.5590500000001],[-90.79284,38.557434],[-90.797962,38.5573590000001],[-90.808037,38.55367],[-90.814767,38.5528590000001],[-90.81943,38.5513710000001],[-90.8239159999999,38.551342],[-90.827284,38.549518],[-90.837211,38.546095],[-90.840431,38.5430900000001],[-90.844828,38.540443],[-90.8456199999999,38.5386310000001],[-90.844821,38.532509],[-90.849788,38.529475],[-90.8516049999999,38.526801],[-90.851722,38.5251410000001],[-90.8502519999999,38.52077],[-90.8511569999999,38.517815],[-90.853084,38.51614],[-90.865942,38.5112930000001],[-90.8709049999999,38.5075130000001],[-90.871081,38.5047240000001],[-90.8720929999999,38.5033230000001],[-90.8760159999999,38.502303],[-90.8775919999999,38.5008250000001],[-90.8767549999999,38.496833],[-90.871168,38.491227],[-90.870886,38.4892],[-90.8724139999999,38.4851580000001],[-90.878876,38.4814700000001],[-90.881952,38.478213],[-90.883792,38.473802],[-90.888065,38.4700340000001],[-90.8893199999999,38.4665430000001],[-90.8924049999999,38.463304],[-90.894469,38.4587500000001],[-90.8967069999999,38.456395],[-90.901759,38.4540700000001],[-90.906667,38.4504200000001],[-90.906819,38.446875],[-90.908552,38.444573],[-90.911783,38.444195],[-90.915014,38.4455750000001],[-90.924854,38.448022],[-90.928524,38.446963],[-90.934188,38.4474540000001],[-90.939318,38.4440730000001],[-90.9445249999999,38.443029],[-90.94902,38.441287],[-90.9524269999999,38.4413640000001],[-90.959036,38.4447190000001],[-90.96106,38.4449710000001],[-90.978832,38.4443580000001],[-90.983816,38.445547],[-90.990278,38.4498150000001],[-91.019019,38.45313],[-91.021579,38.4546060000001],[-91.0245409999999,38.458495],[-91.027077,38.4590410000001],[-91.02922,38.4585230000001],[-91.030854,38.457143],[-91.032577,38.4537290000001],[-91.032879,38.448492],[-91.037325,38.445502],[-91.0413799999999,38.445404],[-91.0449179999999,38.4468410000001],[-91.0511729999999,38.447728],[-91.0549329999999,38.4493860000001],[-91.0607429999999,38.4501260000001],[-91.066095,38.449423],[-91.068524,38.4483770000001],[-91.0749979999999,38.4479870000001],[-91.080385,38.4465430000001],[-91.086877,38.4405860000001]]]},"properties":{"id":"uniti-national-20260919-92b3b4ab0a9952a19a90","sourceId":"uniti-national-20260919","source":"Uniti Wholesale national core network","sourceUrl":"https://www.unitiwholesale.com/network-map/","name":"Uniti Wholesale national core network","carrier":"Uniti Wholesale","category":"unknown","routeStatus":"Publisher network map; current operating status unverified","evidence":"publisher_route","geometryQuality":"publisher_geometry_unverified","dataDate":null,"metadataModified":"2025-07-31T17:08:54+00:00","retrievedAt":"2026-09-19T13:31:22.089263+00:00","networkType":"Carrier-published national core geometry; generalized paths, not a survey","serviceability":"Unconfirmed","routeDiversity":"Unconfirmed","states":["MO"],"publishedLineParts":1,"importBatch":"20260919","sourceRecordIds":["16937"]},"bbox":[-91.086877,38.4405860000001,-90.194561,38.735325]},{"type":"Feature","geometry":{"type":"MultiLineString","coordinates":[[[-90.406513795,38.6002665880001],[-90.406804881,38.6002006790001]],[[-90.394991942,38.658692858],[-90.395111597,38.6547157890001]],[[-90.4201832259999,38.599226061],[-90.4202364609999,38.5992300550001]],[[-90.393148547,38.6855791730001],[-90.393482856,38.685612065]],[[-90.394964392,38.6604132350001],[-90.3949671889999,38.660236479]],[[-90.275519029,38.576688462],[-90.2708362989999,38.5783080730001],[-90.257876225,38.588433815],[-90.251246293,38.591314497],[-90.243997152,38.592279424],[-90.242475114,38.6027104140001]],[[-90.388744757,38.6848056260001],[-90.388599996,38.684857498]],[[-90.3945183819999,38.671884194],[-90.394625557,38.669762877]],[[-90.388600136,38.684857503],[-90.389248412,38.685036698]],[[-90.42194514,38.7140013580001],[-90.420398329,38.7133595940001]],[[-90.395630355,38.6369585240001],[-90.395991978,38.6354000090001]],[[-90.3948540869999,38.6639203600001],[-90.394855994,38.66384482]],[[-90.3866379999999,38.5368273],[-90.3801809999999,38.5369210000001],[-90.379895,38.5357482000001],[-90.3781749999999,38.5370615],[-90.370738,38.5402882000001],[-90.3629729999999,38.5419049000001],[-90.352445,38.5453415000001]],[[-90.4062653189999,38.614651597],[-90.406289824,38.614077739]],[[-90.318618357,38.5537465210001],[-90.3038014319999,38.5578568970001],[-90.286340975,38.5688210380001],[-90.281780329,38.5727270020001],[-90.275519029,38.576688462]],[[-90.388947065,38.684785834],[-90.388744757,38.6848056260001]],[[-90.4226942609999,38.7143141340001],[-90.42194514,38.7140013580001]],[[-90.394761847,38.6829338790001],[-90.394577844,38.679093611]],[[-90.395435995,38.644179898],[-90.395502999,38.6422091000001]],[[-90.395335594,38.647406263],[-90.395368745,38.646034463]],[[-90.351284404,38.5457220850001],[-90.3445299319999,38.547970391]],[[-90.415252664,38.7084687330001],[-90.41297869,38.705058803]],[[-90.406176616,38.618533088],[-90.406208304,38.616430107]],[[-90.426146473,38.714220561],[-90.4255519979999,38.7147051690001]],[[-90.3944989999999,38.6732472],[-90.3945179999999,38.6718842000001]],[[-90.4040221079999,38.6866422900001],[-90.4037843519999,38.6849300860001]],[[-90.4050288599999,38.6256047910001],[-90.406019977,38.625576375],[-90.406176616,38.618533088]],[[-90.41297869,38.705058803],[-90.412824459,38.7049325050001]],[[-90.408264452,38.700501235],[-90.40840159,38.69322857]],[[-90.394115695,38.684326615],[-90.394761852,38.6829338800001]],[[-90.3947481119999,38.6681144400001],[-90.39479655,38.6661975760001]],[[-90.3949671889999,38.660236479],[-90.394982071,38.659296654]],[[-90.395111597,38.6547157890001],[-90.395335594,38.647406263]],[[-90.415906478,38.709771134],[-90.415880273,38.709748382]],[[-90.426833062,38.7131701390001],[-90.426146471,38.714220561]],[[-90.4037843519999,38.6849300860001],[-90.403671883,38.6842694650001]],[[-90.417507728,38.711181238],[-90.416763859,38.710503483]],[[-90.40122006,38.6853625050001],[-90.4036718839999,38.6842694590001]],[[-90.40694165,38.5510300490001],[-90.4067491979999,38.5497563590001],[-90.396550667,38.5394061480001],[-90.390314314,38.5368028510001],[-90.386637503,38.5368272700001]],[[-90.4065200109999,38.568019092],[-90.4068778659999,38.557928846]],[[-90.40840159,38.69322857],[-90.408396758,38.69214501],[-90.405363557,38.6893648160001]],[[-90.406878182,38.557927293],[-90.40694165,38.5510300490001]],[[-90.420398329,38.7133595940001],[-90.417507738,38.711181238]],[[-90.4204932659999,38.599304841],[-90.416129525,38.5989490370001],[-90.4088361669999,38.599814205],[-90.408811781,38.5990813990001],[-90.4062127889999,38.599060471],[-90.4065200159999,38.568019092]],[[-90.4068048779999,38.6002006750001],[-90.41504596,38.5989632810001],[-90.4201832259999,38.599226061]],[[-90.4255519979999,38.7147051690001],[-90.4226942609999,38.7143141340001]],[[-90.416763859,38.710503483],[-90.415906478,38.709771134]],[[-90.394885341,38.6624974100001],[-90.394964392,38.6604132350001]],[[-90.389732423,38.685102014],[-90.393148547,38.6855791730001]],[[-90.394870015,38.663216962],[-90.394885344,38.662497412]],[[-90.408491951,38.701091498],[-90.4082644579999,38.700501231]],[[-90.405363557,38.6893648160001],[-90.4040452959999,38.6871687720001]],[[-90.4202364609999,38.5992300550001],[-90.420493268,38.5993048390001]],[[-90.395532471,38.6403149880001],[-90.395630355,38.636958529]],[[-90.404045292,38.6871687730001],[-90.4040221079999,38.6866422900001]],[[-90.394982071,38.659296654],[-90.394991942,38.658692858]],[[-90.394577848,38.6790936100001],[-90.3944992739999,38.673247249]],[[-90.415310532,38.7086321950001],[-90.415252668,38.70846873]],[[-90.4050288599999,38.6256047910001],[-90.3962404279999,38.625678529],[-90.395991978,38.6354000090001]],[[-90.389248412,38.685036698],[-90.389732423,38.685102014]],[[-90.395368745,38.646034463],[-90.395398337,38.6452152260001]],[[-90.415880264,38.709748382],[-90.415310532,38.7086321950001]],[[-90.393482856,38.685612065],[-90.394115695,38.684326615]],[[-90.4266548959999,38.7125357790001],[-90.42681608,38.7131096740001]],[[-90.401220059,38.685362501],[-90.394997518,38.685046244],[-90.390840302,38.683836785],[-90.390477103,38.6847257140001],[-90.388947065,38.684785834]],[[-90.3946259999999,38.6697629000001],[-90.3947479999999,38.6681144]],[[-90.412824449,38.7049325050001],[-90.409926527,38.703285759],[-90.409870982,38.702728533]],[[-90.3955034479999,38.642209076],[-90.395532471,38.6403149880001]],[[-90.40629,38.6140777],[-90.406514,38.6002666000001]],[[-90.3524452889999,38.5453419240001],[-90.351284404,38.5457220850001]],[[-90.409870982,38.702728533],[-90.409822794,38.7021685350001],[-90.408730406,38.7020128130001],[-90.408491951,38.701091498]],[[-90.394855994,38.66384482],[-90.394870015,38.663216962]],[[-90.3445299319999,38.547970391],[-90.342151517,38.5486931740001]],[[-90.39479655,38.6661975760001],[-90.3948540869999,38.6639203600001]],[[-90.42681608,38.7131096740001],[-90.426833062,38.7131701390001]],[[-90.406208304,38.616430107],[-90.4062653189999,38.614651597]],[[-90.342151517,38.5486931740001],[-90.3370240789999,38.550278948],[-90.3292137289999,38.550824226],[-90.318618357,38.5537465210001]],[[-90.395398337,38.6452152260001],[-90.395435725,38.6441799460001]]]},"properties":{"id":"uniti-national-20260919-b2a8926152e3ba35c676","sourceId":"uniti-national-20260919","source":"Uniti Wholesale national core network","sourceUrl":"https://www.unitiwholesale.com/network-map/","name":"Uniti Wholesale national core network","carrier":"Uniti Wholesale","category":"unknown","routeStatus":"Publisher network map; current operating status unverified","evidence":"publisher_route","geometryQuality":"publisher_geometry_unverified","dataDate":null,"metadataModified":"2025-07-31T17:08:54+00:00","retrievedAt":"2026-09-19T13:31:22.089263+00:00","networkType":"Carrier-published national core geometry; generalized paths, not a survey","serviceability":"Unconfirmed","routeDiversity":"Unconfirmed","states":["MO"],"publishedLineParts":78,"importBatch":"20260919","sourceRecordIds":["25949","25953","25954","25960","25961","25963","25966","25972","25974","25977","25984","25994","25995","25996","26001","26011","26019","26034","26039","26045","26049","26052","26058","26065","26069","26075","26076","26081","26082","26091","26097","26106","26119","26121","26123","26130","26141","26150","26151","26152","26153","26154","26163","26167","26170","26175","26177","26180","26181","26182","26186","26188","26189","26196","26204","26205","26207","26213","26225","26233","26236","26239","26240","26243","26256","26259","26262","26281","26283","26287","26290","26292","26297","26312","26313","26319","26320","26322"]},"bbox":[-90.426833062,38.5357482000001,-90.242475114,38.7147051690001]},{"type":"Feature","geometry":{"type":"MultiLineString","coordinates":[[[-90.197171274,38.6292552940001],[-90.197126358,38.6292552940001]],[[-90.194189896,38.6241309690001],[-90.196315682,38.6246287220001],[-90.19582468,38.6258462810001]],[[-90.23496247,38.6409977980001],[-90.230450671,38.638620213],[-90.215870539,38.635528944],[-90.216351966,38.634164684]],[[-90.195224519,38.6254704240001],[-90.195227126,38.625488706]],[[-90.217165401,38.599087663],[-90.224489352,38.6012324960001],[-90.2249233159999,38.5991725850001],[-90.234709703,38.6017910000001],[-90.2424751189999,38.6027104130001]],[[-90.235486592,38.638976911],[-90.23957533,38.640924899]],[[-90.195737368,38.628939405],[-90.19713759,38.6291270830001]],[[-90.193729435,38.628223043],[-90.195224519,38.6254704240001]],[[-90.21935873,38.632290771],[-90.219323065,38.6324006190001]],[[-90.1958248939999,38.625846326],[-90.195227126,38.625488706]],[[-90.193729,38.628223],[-90.195737,38.6289468000001]],[[-90.194538489,38.62044309],[-90.194191899,38.624126211]],[[-90.2334011239999,38.627577553],[-90.230428305,38.636997439],[-90.232777433,38.637472922],[-90.2325098379999,38.6378277420001],[-90.235486594,38.6389769100001]],[[-90.241342929,38.607975293],[-90.24072159,38.610920293]],[[-90.217165401,38.599087663],[-90.2135802459999,38.5980839010001],[-90.212061051,38.6003824490001]],[[-90.2395753329999,38.640924899],[-90.238438668,38.642498694],[-90.235674315,38.6412769230001]],[[-90.242475114,38.6027104140001],[-90.241342929,38.607975293]],[[-90.235674315,38.6412769230001],[-90.2349624779999,38.6409977980001]],[[-90.212061056,38.60038245],[-90.209559552,38.6055469080001]],[[-90.209559547,38.60554691],[-90.2086946109999,38.6074708960001],[-90.205426135,38.6065544300001],[-90.204198633,38.609077176],[-90.200112646,38.6135634080001],[-90.199595043,38.6133905820001],[-90.1986313689999,38.61592905],[-90.196553201,38.615435162],[-90.194538489,38.62044309]],[[-90.2400531759999,38.6143049340001],[-90.238739468,38.6206573870001],[-90.235698869,38.6203365550001],[-90.2334011239999,38.627577553]],[[-90.2163519649999,38.6341646860001],[-90.216621911,38.6335728880001],[-90.219332961,38.634128457],[-90.21997162,38.6322881730001],[-90.219358732,38.632290766]],[[-90.197171274,38.6292552940001],[-90.19713759,38.6291270830001]],[[-90.24072159,38.610920293],[-90.240053184,38.614304937]],[[-90.196947213,38.629600328],[-90.197233777,38.629269336]],[[-90.216705842,38.632869645],[-90.212693082,38.6320356860001]],[[-90.208488923,38.631155203],[-90.207320387,38.630895337]],[[-90.212693082,38.6320356860001],[-90.212238498,38.632878086],[-90.20838169,38.6320707470001],[-90.208488923,38.631155203]],[[-90.216705837,38.6328696420001],[-90.217158635,38.6318511900001],[-90.219358732,38.632290766]],[[-90.207320379,38.630895337],[-90.2046594719999,38.6303698620001],[-90.204259264,38.6311522660001],[-90.1969483779999,38.629600587]],[[-90.19704289,38.6289389940001],[-90.195844197,38.628960879],[-90.197171874,38.6261908120001],[-90.195224519,38.6254704240001]],[[-90.18810481,38.6267735700001],[-90.193733268,38.62805906],[-90.195200541,38.625469165]],[[-90.197210469,38.629268841],[-90.19704289,38.6289389940001]],[[-90.195224519,38.6254704240001],[-90.195200541,38.625469165]],[[-90.195257,38.671857],[-90.1946579999999,38.6722120000001]],[[-90.195186,38.671761],[-90.1946579999999,38.6722120000001]],[[-90.1946579999999,38.6722120000001],[-90.1941399999999,38.6720490000001],[-90.194702,38.669949],[-90.192962,38.665584],[-90.1965739999999,38.664657],[-90.192909,38.6572390000001],[-90.194273,38.6568370000001],[-90.19352,38.655288],[-90.194173,38.6542],[-90.188527,38.643537],[-90.188812,38.642655],[-90.18971,38.642818],[-90.194648,38.629099],[-90.196897,38.6296110000001],[-90.197105,38.6292040000001]],[[-90.1969483779999,38.629600587],[-90.197171274,38.6292552940001]],[[-90.2163519649999,38.6341646860001],[-90.216705837,38.6328696420001]],[[-90.194191911,38.624126211],[-90.196315682,38.6246287220001],[-90.19582468,38.6258462810001]],[[-90.242523461,38.602723026],[-90.2424751189999,38.60271041]]]},"properties":{"id":"uniti-national-20260919-3e5f7645c65d7781da03","sourceId":"uniti-national-20260919","source":"Uniti Wholesale national core network","sourceUrl":"https://www.unitiwholesale.com/network-map/","name":"Uniti Wholesale national core network","carrier":"Uniti Wholesale","category":"unknown","routeStatus":"Publisher network map; current operating status unverified","evidence":"publisher_route","geometryQuality":"publisher_geometry_unverified","dataDate":null,"metadataModified":"2025-07-31T17:08:54+00:00","retrievedAt":"2026-09-19T13:31:22.089263+00:00","networkType":"Carrier-published national core geometry; generalized paths, not a survey","serviceability":"Unconfirmed","routeDiversity":"Unconfirmed","states":["MO"],"publishedLineParts":41,"importBatch":"20260919","sourceRecordIds":["10073","10074","10075","10076","10077","10078","10079","10080","10081","10082","10083","10084","10085","10086","10087","10088","10089","10090","10091","10092","10093","10094","10095","10096","10097","10099","10100","10101","10102","10402","10552","10635","10665","16958","16959","16961","24721","26137","26914","26925","7913"]},"bbox":[-90.242523461,38.5980839010001,-90.18810481,38.6722120000001]},{"type":"Feature","geometry":{"type":"MultiLineString","coordinates":[[[-94.386505222,40.5959857170001],[-94.3865064659999,40.5959209810001],[-94.386646454,40.5887609800001],[-94.386646882,40.5887319650001],[-94.386746445,40.581970966],[-94.386826447,40.5786207730001],[-94.386846436,40.575752353],[-94.3868860169999,40.575297144],[-94.386975021,40.574852121],[-94.387163185,40.574208398],[-94.387340374,40.5738343290001],[-94.387576409,40.573421265],[-94.3885512309999,40.57227734],[-94.389229846,40.5715687910001],[-94.389321076,40.571467473],[-94.38941627,40.5713627590001]]]},"properties":{"id":"uniti-regional-20260919-d5da8037a906bf807555","sourceId":"uniti-regional-20260919","source":"Uniti Wholesale regional transport network","sourceUrl":"https://www.unitiwholesale.com/network-map/","name":"Uniti Wholesale regional transport network","carrier":"Uniti Wholesale","category":"unknown","routeStatus":"Publisher network map; current operating status unverified","evidence":"publisher_route","geometryQuality":"publisher_geometry_unverified","dataDate":null,"metadataModified":"2025-06-13T12:55:45+00:00","retrievedAt":"2026-09-19T13:31:26.703698+00:00","networkType":"Carrier-published regional transport geometry; not a surveyed cable alignment","serviceability":"Unconfirmed","routeDiversity":"Unconfirmed","states":["IA","MO"],"publishedLineParts":1,"importBatch":"20260919","sourceRecordIds":["45186"]},"bbox":[-94.38941627,40.5713627590001,-94.386505222,40.5959857170001]},{"type":"Feature","geometry":{"type":"MultiLineString","coordinates":[[[-90.196574115,38.6646572220001],[-90.196492273,38.664817268],[-90.188153355,38.667368947],[-90.183494809,38.6679145040001]],[[-90.197171274,38.6292552940001],[-90.197286053,38.6291878860001],[-90.1975449719999,38.6292508700001],[-90.197645778,38.628978733],[-90.1978778979999,38.62818953],[-90.198093604,38.627503468],[-90.198448781,38.626620355],[-90.1958633689999,38.6259775460001],[-90.193728789,38.625458296],[-90.1916713159999,38.6306069120001],[-90.187404718,38.643754581],[-90.187746414,38.644501371],[-90.189729332,38.6479410520001],[-90.189705339,38.6475579800001],[-90.190481943,38.6493776620001],[-90.195814082,38.6649704660001],[-90.188117586,38.6672911110001],[-90.1819231489999,38.668040577],[-90.178074655,38.66847134],[-90.176009994,38.6688700060001],[-90.173936623,38.6683890990001],[-90.173861271,38.668889611],[-90.173745352,38.6696295510001],[-90.174195079,38.6706195410001],[-90.1745595039999,38.6709878460001],[-90.1746351149999,38.671198033],[-90.174689971,38.6713974830001],[-90.174671718,38.67153227],[-90.1746000319999,38.6716274550001],[-90.174459299,38.6716992240001],[-90.174219808,38.6717400320001],[-90.172832258,38.6716148900001],[-90.172513905,38.6716197750001],[-90.172301523,38.6715868680001],[-90.1719554479999,38.671519695],[-90.171623234,38.6714571960001],[-90.171206774,38.6714248540001],[-90.171019133,38.671442514],[-90.170736366,38.671529004],[-90.170376,38.6716620660001],[-90.169318296,38.6711807180001],[-90.169394128,38.66378969],[-90.169206082,38.6632361370001],[-90.1686041039999,38.6626744390001],[-90.1679588979999,38.662058513],[-90.167870984,38.6616560150001],[-90.1680822499999,38.661300689],[-90.169323914,38.659632076],[-90.169372416,38.657974575],[-90.168850538,38.6570019580001],[-90.167425661,38.6545140910001],[-90.166680777,38.6531449080001],[-90.1652199219999,38.6514033760001],[-90.165026271,38.6509415880001],[-90.1650259639999,38.6509358870001],[-90.165002069,38.6502971670001],[-90.1649950409999,38.649900562],[-90.164831737,38.649457751],[-90.164613687,38.6492194790001],[-90.16401659,38.6486775870001],[-90.1550393369999,38.640796859],[-90.155872254,38.6402416440001],[-90.155802517,38.640181936]],[[-90.182890754,38.631280292],[-90.182898505,38.6311602370001],[-90.1831272919999,38.63118116],[-90.183203363,38.630804786],[-90.185621468,38.6311163550001],[-90.186397612,38.6313815020001],[-90.187079629,38.629784627],[-90.187317541,38.6290580840001],[-90.187595028,38.6280787690001],[-90.188104805,38.626773572]]]},"properties":{"id":"uniti-regional-20260919-7963df2d60a08fd8e7ba","sourceId":"uniti-regional-20260919","source":"Uniti Wholesale regional transport network","sourceUrl":"https://www.unitiwholesale.com/network-map/","name":"Uniti Wholesale regional transport network","carrier":"Uniti Wholesale","category":"unknown","routeStatus":"Publisher network map; current operating status unverified","evidence":"publisher_route","geometryQuality":"publisher_geometry_unverified","dataDate":null,"metadataModified":"2025-06-13T12:55:45+00:00","retrievedAt":"2026-09-19T13:31:26.703698+00:00","networkType":"Carrier-published regional transport geometry; not a surveyed cable alignment","serviceability":"Unconfirmed","routeDiversity":"Unconfirmed","states":["IL","MO"],"publishedLineParts":3,"importBatch":"20260919","sourceRecordIds":["16391","16606","75219"]},"bbox":[-90.198448781,38.625458296,-90.1550393369999,38.6717400320001]},{"type":"Feature","geometry":{"type":"MultiLineString","coordinates":[[[-94.516709135,37.0833860050001],[-94.5164123979999,37.083381101],[-94.516404005,37.083466297]],[[-94.5164042869999,37.0834684070001],[-94.516367315,37.084127894],[-94.516317046,37.0855953060001],[-94.5162764469999,37.0867116310001],[-94.5155625089999,37.086694358],[-94.514461892,37.0866743330001],[-94.5133929029999,37.08664437],[-94.513309685,37.086641236]],[[-94.516743505,37.0828234780001],[-94.5167091389999,37.0833860000001]],[[-94.50789083,37.069544437],[-94.508628071,37.0695485090001],[-94.50972531,37.0695484400001],[-94.510829283,37.06956824],[-94.511924485,37.069598415],[-94.513028177,37.0696184990001],[-94.516397207,37.069705164]],[[-94.50692945,37.06933616],[-94.5078918299999,37.0693399460001],[-94.507890835,37.0695444400001]],[[-94.5163985239999,37.0697055140001],[-94.516437971,37.0697063220001],[-94.516378245,37.07069263],[-94.516322531,37.0719320700001],[-94.5162724959999,37.0731427740001],[-94.516222522,37.0741220790001],[-94.516182546,37.075091397],[-94.516132523,37.076042079],[-94.516102543,37.076841411],[-94.516071681,37.077429639],[-94.516022553,37.078388933],[-94.515932505,37.0804327480001],[-94.515872497,37.0816026850001],[-94.515815703,37.082776569],[-94.516743505,37.0828234780001]],[[-94.500930655,37.0692417970001],[-94.501094805,37.069244332],[-94.5020739669999,37.069261539],[-94.503221498,37.069282983],[-94.5043741329999,37.069301609],[-94.504795929,37.0693023040001],[-94.5053883639999,37.0693119840001],[-94.506623283,37.06933381],[-94.506884209,37.069335513],[-94.5069271309999,37.069335105]]]},"properties":{"id":"uniti-regional-20260919-694f9a52e6b66ac6c883","sourceId":"uniti-regional-20260919","source":"Uniti Wholesale regional transport network","sourceUrl":"https://www.unitiwholesale.com/network-map/","name":"Uniti Wholesale regional transport network","carrier":"Uniti Wholesale","category":"unknown","routeStatus":"Publisher network map; current operating status unverified","evidence":"publisher_route","geometryQuality":"publisher_geometry_unverified","dataDate":null,"metadataModified":"2025-06-13T12:55:45+00:00","retrievedAt":"2026-09-19T13:31:26.703698+00:00","networkType":"Carrier-published regional transport geometry; not a surveyed cable alignment","serviceability":"Unconfirmed","routeDiversity":"Unconfirmed","states":["MO"],"publishedLineParts":7,"importBatch":"20260919","sourceRecordIds":["27376","27377","27378","27379","27387","5552","5566"]},"bbox":[-94.516743505,37.0692417970001,-94.500930655,37.0867116310001]},{"type":"Feature","geometry":{"type":"MultiLineString","coordinates":[[[-94.577337999,39.0983381350001],[-94.5773329799999,39.098435507],[-94.5773129,39.0987770620001],[-94.577302934,39.099036359],[-94.577282934,39.099456364],[-94.577274811,39.099683589],[-94.577192953,39.09971943]],[[-94.569682921,39.09910891],[-94.569777555,39.099111927]],[[-94.569777555,39.099111927],[-94.569817407,39.0991131980001],[-94.569789241,39.0996048540001],[-94.57038174,39.0995997470001],[-94.5704891509999,39.0996019570001],[-94.571188818,39.0996164700001],[-94.571225322,39.099617213],[-94.572086278,39.0996892690001],[-94.5722185659999,39.099690794],[-94.573131706,39.0997184460001],[-94.573892555,39.099748167],[-94.5742821279999,39.099741201],[-94.574903935,39.099731138],[-94.575323246,39.0997359410001],[-94.5756714889999,39.099740658],[-94.576044068,39.0997690340001],[-94.5766414289999,39.0996995890001],[-94.577192955,39.0997194280001]],[[-94.578289185,39.0964392500001],[-94.5782034819999,39.096440096],[-94.577472277,39.096428814],[-94.577382953,39.09746606],[-94.577337999,39.0983381350001]],[[-94.5694574779999,39.0991117070001],[-94.569579781,39.0991120260001]],[[-94.5825628849999,39.099983482],[-94.580264019,39.099892933]],[[-94.5802677739999,39.1011435770001],[-94.581391261,39.101198158]],[[-94.578477053,39.101066938],[-94.577831842,39.1010477290001],[-94.575240956,39.100934168],[-94.574405784,39.1009058110001],[-94.572997489,39.10085832],[-94.5722441299999,39.1008371570001],[-94.570627015,39.1007841110001],[-94.570045481,39.100774287],[-94.5684990519999,39.1007408620001],[-94.568497628,39.1007408230001],[-94.568661165,39.1005485370001],[-94.568705872,39.099528091],[-94.56870263,39.099109739],[-94.5694574779999,39.0991117070001]],[[-94.5785354289999,39.099847154],[-94.5787261619999,39.099849335],[-94.578935944,39.0998522560001],[-94.579166587,39.0998772740001],[-94.580215,39.099924593],[-94.580264018,39.099892937]],[[-94.5802677739999,39.1011435770001],[-94.579740162,39.1011123750001],[-94.579179655,39.1010803090001]],[[-94.581391261,39.101198158],[-94.583203813,39.1012539480001]],[[-94.579179655,39.1010803090001],[-94.5784770499999,39.1010669350001]],[[-94.5785354289999,39.099847154],[-94.578588668,39.099754659],[-94.578609254,39.099342574],[-94.578616032,39.0988419500001],[-94.578657058,39.0979742420001],[-94.5786754,39.097650623],[-94.578706041,39.0971594530001],[-94.57872943,39.096569092],[-94.578442391,39.0965599350001],[-94.5784369739999,39.0964440540001]],[[-94.58320381,39.101253946],[-94.5832098079999,39.1009468080001],[-94.584285017,39.100969568],[-94.584341565,39.100061065],[-94.582602015,39.100002359],[-94.582562889,39.099983479]],[[-94.5811631019999,39.1009530750001],[-94.581166617,39.1009053270001],[-94.581096472,39.1009048970001]],[[-94.581391265,39.101198157],[-94.581375929,39.101148607],[-94.5813855329999,39.10112459],[-94.581419957,39.1011240810001],[-94.581442908,39.101055505],[-94.581461861,39.100829725],[-94.581280071,39.100821712],[-94.581274948,39.1009568810001],[-94.5811631019999,39.1009530750001]],[[-94.577519466,39.0776602760001],[-94.576953034,39.0776552],[-94.576942975,39.0777478570001]],[[-94.578930531,39.068502423],[-94.57892536,39.0685868790001],[-94.5789164559999,39.068942984],[-94.578990117,39.070568199],[-94.578849957,39.072534756],[-94.5787264259999,39.074439036],[-94.578692869,39.07504262],[-94.578444507,39.076695032],[-94.578444313,39.076698955]],[[-94.580637756,39.0654541590001],[-94.580683913,39.065381078],[-94.580917807,39.0651429480001],[-94.580968861,39.064439511],[-94.5810571759999,39.062444251],[-94.5811663309999,39.061681525],[-94.5812885819999,39.0596479340001],[-94.58135857,39.058614799],[-94.5814036079999,39.057608757],[-94.581469928,39.056987554],[-94.5804062599999,39.0567695980001],[-94.5801466079999,39.056818606]],[[-94.5775189999999,39.0776603],[-94.577554,39.0768101],[-94.578392,39.0768390000001],[-94.578401,39.0767165],[-94.578444,39.0766990000001]],[[-94.569579781,39.0991120260001],[-94.5695812909999,39.099024209],[-94.569436856,39.0990234880001]],[[-94.548002227,39.094605775],[-94.551620075,39.094752209],[-94.551651916,39.094601099],[-94.551774719,39.091727162],[-94.551819091,39.090815982],[-94.551972902,39.087701957],[-94.552019237,39.0866906040001],[-94.552094662,39.0866369560001],[-94.5521367439999,39.085766069]],[[-94.578930531,39.068502423],[-94.57895541,39.0680960770001],[-94.579037052,39.067218423],[-94.579660312,39.066472557],[-94.579861851,39.066260943],[-94.5802337439999,39.0658990210001],[-94.580472373,39.0656703390001],[-94.5805668739999,39.065566388],[-94.580637756,39.0654541590001]],[[-94.5376746109999,39.0984147030001],[-94.537584061,39.098292508]],[[-94.552474635,39.0555200910001],[-94.55256051,39.0554828410001],[-94.553153895,39.055459226],[-94.553471391,39.055464751],[-94.5541010219999,39.055497909],[-94.5545454859999,39.0555137210001],[-94.555161598,39.055535901],[-94.55633971,39.0556094770001],[-94.559063189,39.0557261280001],[-94.5596552659999,39.0557426550001]],[[-94.569436856,39.0990234880001],[-94.5686368409999,39.099019501],[-94.5686365349999,39.099367912],[-94.568547565,39.099386446],[-94.568495062,39.0993973940001],[-94.568018705,39.099365559],[-94.5668217479999,39.0993285960001],[-94.565835293,39.0992976950001],[-94.565236397,39.099295942],[-94.564126126,39.0992623810001],[-94.56360456,39.0991957850001],[-94.563202329,39.0991827400001],[-94.561222556,39.0991235650001],[-94.560718891,39.099108663],[-94.559759486,39.099111674],[-94.558504329,39.099100029],[-94.557265576,39.099062029],[-94.556258873,39.09899506],[-94.554977317,39.098971324],[-94.553949742,39.098948464],[-94.552702664,39.09892409],[-94.551642403,39.0988872130001],[-94.5503932619999,39.098864905],[-94.5495738929999,39.0988380250001],[-94.5494047079999,39.098831859],[-94.549389016,39.0988551670001],[-94.5493726729999,39.0988307450001],[-94.5468988009999,39.0987462040001],[-94.546233638,39.0987391250001],[-94.545729642,39.0987174090001],[-94.544384274,39.0986696790001],[-94.542162505,39.098594248],[-94.539910112,39.0985244870001],[-94.537674615,39.098414695]],[[-94.5522300389999,39.0555789690001],[-94.552474635,39.0555200910001]],[[-94.5521367439999,39.085766069],[-94.552154795,39.0855870770001],[-94.5521971269999,39.084547958],[-94.5522598479999,39.083170908],[-94.552317557,39.0820724800001],[-94.552370004,39.0809738830001],[-94.552431239,39.0792426570001],[-94.552484137,39.07802124],[-94.552552519,39.076790821],[-94.5526200099999,39.0750907840001],[-94.5526808399999,39.0734893650001],[-94.5527159059999,39.072765766],[-94.552743437,39.0723376660001],[-94.552776447,39.0716500980001],[-94.5528823179999,39.0699166090001],[-94.552898006,39.069628821],[-94.552860843,39.0695720570001],[-94.552879686,39.069198687],[-94.5529227769999,39.0691748840001],[-94.552927202,39.0690941040001],[-94.552890281,39.068989517],[-94.5529066509999,39.068664552],[-94.552918967,39.068413214],[-94.552929164,39.068078277],[-94.552941068,39.06798194],[-94.553011601,39.0666826400001],[-94.5530704929999,39.066155145],[-94.5541566699999,39.0661824980001],[-94.5541568989999,39.066180999],[-94.55424838,39.065555013],[-94.5542857609999,39.064645409],[-94.5543475009999,39.0628757690001],[-94.554356479,39.06279626],[-94.5543737779999,39.0626430660001],[-94.5544213759999,39.061062253],[-94.5545971189999,39.059547271],[-94.5533784579999,39.059499862],[-94.553388512,39.0593119660001],[-94.553402046,39.0590592930001],[-94.5528720469999,39.059065262],[-94.5522543449999,39.059037155],[-94.5522124889999,39.0590464150001],[-94.5521196889999,39.059066961],[-94.551228565,39.059031985],[-94.551423132,39.055552155],[-94.5522300389999,39.0555789690001]],[[-94.537584061,39.098292508],[-94.537632931,39.098009571],[-94.537633382,39.0980069870001],[-94.5381994379999,39.098001286],[-94.539403409,39.098033978],[-94.541698316,39.098091821],[-94.542299171,39.0981092260001],[-94.542361573,39.097260205],[-94.542360102,39.0972356440001],[-94.542353911,39.09713285],[-94.5423557999999,39.0969450970001],[-94.542389446,39.096227007],[-94.542404139,39.0960592480001],[-94.542422732,39.095966623],[-94.5424266369999,39.095859922],[-94.5424585709999,39.094990265],[-94.542461347,39.0947199490001],[-94.542473009,39.094467776],[-94.543183242,39.0944619810001],[-94.5438895839999,39.094450088],[-94.544695647,39.0944907960001],[-94.54513056,39.094505113],[-94.545938642,39.0945316930001],[-94.548002227,39.094605775]],[[-94.5596552659999,39.0557426550001],[-94.559591133,39.05768148],[-94.562756135,39.057757563],[-94.5628859729999,39.0557325080001],[-94.564148197,39.0557517170001],[-94.5646911419999,39.055790346],[-94.565797437,39.0558671790001],[-94.5670299129999,39.055910775],[-94.568656361,39.055933203],[-94.56979738,39.055990384],[-94.570314778,39.056036722],[-94.5720575189999,39.0561077900001],[-94.572069797,39.0561083010001],[-94.5731850449999,39.0562034700001],[-94.573250698,39.0562090760001],[-94.57441129,39.056250533],[-94.57516033,39.056264087],[-94.575584307,39.0562676000001],[-94.576776563,39.056303024],[-94.57790419,39.0563445270001],[-94.5796654759999,39.056388655],[-94.579816275,39.056393643]],[[-94.579816275,39.056393643],[-94.580090641,39.056771193],[-94.5801466029999,39.056818612]],[[-94.577192953,39.0997194290001],[-94.577229605,39.0997329000001],[-94.578471581,39.099846426],[-94.5785354289999,39.099847154]],[[-94.569839644,39.099031919],[-94.569691429,39.099031822],[-94.569682921,39.09910891]],[[-94.5787650939999,39.097088756],[-94.578687469,39.098479911],[-94.5786551639999,39.0997190470001],[-94.5786534219999,39.0997190470001],[-94.577839038,39.099722172],[-94.577132238,39.099697435],[-94.576420232,39.0996601780001],[-94.5751643249999,39.09961667],[-94.574071257,39.099591676],[-94.573543773,39.099577278],[-94.572842436,39.0995526080001],[-94.572081023,39.099539706],[-94.571233229,39.0994952930001],[-94.5712009489999,39.099494416],[-94.5704787029999,39.0994751490001],[-94.56983472,39.099430945],[-94.5698512229999,39.0990319270001],[-94.569839644,39.099031919]],[[-94.576926692,39.078014338],[-94.576929229,39.0778306230001]],[[-94.578377455,39.0781121630001],[-94.578312837,39.079120991],[-94.57826102,39.080031671],[-94.57813141,39.081493483]],[[-94.5787650839999,39.0970887610001],[-94.577526846,39.097069527],[-94.5775419409999,39.0965718480001],[-94.577222231,39.096543711],[-94.5769293339999,39.096521298],[-94.576547881,39.0963646000001],[-94.575946554,39.0959986130001],[-94.575780524,39.0957559340001],[-94.5757296259999,39.095628848],[-94.575720635,39.0955430610001],[-94.577534423,39.0955924],[-94.577593601,39.095568578],[-94.578839348,39.095588245]],[[-94.579346032,39.0869364700001],[-94.579346522,39.087815204],[-94.579239273,39.088995233],[-94.579184606,39.0900896140001],[-94.579153101,39.090294935],[-94.579121433,39.0911270220001],[-94.579115733,39.091278829],[-94.579170698,39.091278174],[-94.579116309,39.0923654440001],[-94.579073431,39.093076536],[-94.579059472,39.094014375],[-94.578888234,39.094447953],[-94.578839348,39.095588245]],[[-94.57813141,39.081493483],[-94.5779140819999,39.0839445340001],[-94.578092327,39.0841176210001],[-94.578226207,39.0850755590001]],[[-94.5783774499999,39.0781121630001],[-94.578335679,39.07805246],[-94.57794871,39.0780457870001],[-94.577383257,39.0780259090001],[-94.576926692,39.078014338]],[[-94.578226207,39.0850755590001],[-94.5782329569999,39.085254606],[-94.578844499,39.0856002090001],[-94.578812313,39.086199805],[-94.578975383,39.0866497860001],[-94.579370212,39.0867202840001],[-94.5793460309999,39.0869364700001]],[[-94.578477047,39.101066932],[-94.5784297719999,39.101022781],[-94.578468473,39.1008661700001],[-94.579085623,39.1007994980001],[-94.579100238,39.1005474910001],[-94.579387348,39.100564147]],[[-94.5784770499999,39.1010669350001],[-94.578460288,39.1010035730001],[-94.578482885,39.1009152670001],[-94.5791312489999,39.1009392060001],[-94.5791497559999,39.1009302030001],[-94.579151231,39.100903976],[-94.57915404,39.1008651870001]]]},"properties":{"id":"uniti-regional-20260919-09b43cc8f9693e6b0559","sourceId":"uniti-regional-20260919","source":"Uniti Wholesale regional transport network","sourceUrl":"https://www.unitiwholesale.com/network-map/","name":"Uniti Wholesale regional transport network","carrier":"Uniti Wholesale","category":"unknown","routeStatus":"Publisher network map; current operating status unverified","evidence":"publisher_route","geometryQuality":"publisher_geometry_unverified","dataDate":null,"metadataModified":"2025-06-13T12:55:45+00:00","retrievedAt":"2026-09-19T13:31:26.703698+00:00","networkType":"Carrier-published regional transport geometry; not a surveyed cable alignment","serviceability":"Unconfirmed","routeDiversity":"Unconfirmed","states":["MO"],"publishedLineParts":43,"importBatch":"20260919","sourceRecordIds":["14460","14461","14462","14463","14634","14635","14636","14637","14638","14639","14640","14641","14642","14643","73378","73383","73482","73483","73484","73485","73486","73487","73488","73489","73490","73491","73492","73493","73494","73495","73496","73718","74573","74574","74575","74576","74577","74578","74579","74580","74581","76529","87095"]},"bbox":[-94.584341565,39.055459226,-94.537584061,39.1012539480001]},{"type":"Feature","geometry":{"type":"MultiLineString","coordinates":[[[-94.189686837,36.859092414],[-94.192253374,36.859132361],[-94.192173001,36.860484996],[-94.192137001,36.861540004],[-94.192126,36.8621740030001],[-94.192062005,36.863976001],[-94.1919660029999,36.8670450010001],[-94.1918290039999,36.870934004],[-94.191772004,36.873024996],[-94.191693995,36.8760270000001],[-94.191677004,36.8766089960001],[-94.1917000019999,36.8769080010001],[-94.192270002,36.8765859960001],[-94.192351004,36.8765869980001],[-94.1937080009999,36.8765979990001],[-94.2002730029999,36.876689003],[-94.206317002,36.8767660020001],[-94.207912995,36.876791004],[-94.210087995,36.876839998],[-94.212392004,36.876869003],[-94.214989998,36.876918002],[-94.2177899969999,36.8769770000001],[-94.22095,36.877027996],[-94.222660995,36.8770509990001],[-94.226299999,36.877133998],[-94.2282159969999,36.877182003],[-94.230260994,36.877279999],[-94.2337980029999,36.8773730010001],[-94.2355400009999,36.877408001],[-94.236676996,36.8774290000001],[-94.2397860029999,36.8775000040001],[-94.240524001,36.8775029990001],[-94.246307002,36.8776099990001],[-94.250003996,36.8776699960001],[-94.2556329989999,36.8777550020001],[-94.257212999,36.8777740030001],[-94.259568002,36.877818],[-94.262528002,36.8778710020001],[-94.263412996,36.877887001],[-94.2642929959999,36.8786309980001],[-94.264226999,36.880856002],[-94.264182997,36.881973996],[-94.264122002,36.883708997],[-94.2640580029999,36.885599995],[-94.2640140029999,36.8876420010001],[-94.2639649979999,36.889238],[-94.263879006,36.8921820000001],[-94.263862999,36.892580004],[-94.263791006,36.894516003],[-94.263726005,36.8963270030001],[-94.263637003,36.899649003],[-94.263397997,36.9161959960001],[-94.263285001,36.9162120030001],[-94.262747002,36.9163229970001],[-94.262519996,36.916384002],[-94.2619879979999,36.9165470030001],[-94.260957001,36.916899002],[-94.260641001,36.9170019960001],[-94.2603640029999,36.9171159970001],[-94.259788998,36.917403004],[-94.2595620019999,36.917540997],[-94.2594390039999,36.9176180000001],[-94.258459997,36.9183270030001],[-94.258199,36.918491997],[-94.257809996,36.918691998],[-94.257714005,36.918732],[-94.257250002,36.918906002],[-94.256734995,36.9190680020001],[-94.256253997,36.9191549990001],[-94.255917997,36.919195002],[-94.255905002,36.920474003],[-94.2559039939999,36.9213919960001],[-94.255401002,36.921386998],[-94.2553760059999,36.921931003],[-94.255347998,36.922435997],[-94.255301004,36.9234439960001],[-94.2552609969999,36.9244909970001],[-94.255411002,36.925023002],[-94.255394004,36.9256960010001],[-94.255662005,36.925786003],[-94.255764002,36.925835998],[-94.2560329999999,36.926082003],[-94.256224006,36.926297],[-94.256745005,36.926833001],[-94.257391996,36.9275390020001],[-94.2575760029999,36.927700004],[-94.2579019999999,36.9279559980001],[-94.258128001,36.9281179990001],[-94.258383994,36.9282879990001],[-94.259213,36.928773],[-94.259431003,36.9289090010001],[-94.2597149979999,36.9290980000001],[-94.260458996,36.929649],[-94.2619470019999,36.9307029980001],[-94.2621579999999,36.930861996],[-94.262152004,36.931272001],[-94.2621829989999,36.931295004],[-94.262253997,36.931350997],[-94.262522003,36.9316459990001],[-94.262596006,36.931750997],[-94.2627130019999,36.9320670000001],[-94.262716997,36.932222998],[-94.262604,36.9325459980001],[-94.262645996,36.932835997],[-94.2628529949999,36.9332089980001],[-94.263923996,36.935144],[-94.264428003,36.9360919980001],[-94.264795003,36.936841998],[-94.264854999,36.937027001],[-94.265080004,36.9378409990001],[-94.265248002,36.9381809980001],[-94.2654690049999,36.9384949970001],[-94.2658980049999,36.9389989970001],[-94.266167996,36.939341003],[-94.266561001,36.939882003],[-94.267134996,36.9405010020001],[-94.266735002,36.940949996],[-94.266441994,36.9418239980001],[-94.2661589959999,36.942600999],[-94.265502005,36.9445370030001],[-94.2652570019999,36.945198997],[-94.265056,36.945781001],[-94.264950002,36.945976998],[-94.264606998,36.9463990030001],[-94.2643860059999,36.946707001],[-94.264262004,36.946905004],[-94.264105996,36.947412001],[-94.264057997,36.9476980050001],[-94.263989002,36.948399996],[-94.263927005,36.948778003],[-94.263801004,36.9493089970001],[-94.263689996,36.9496669970001],[-94.263477,36.950235999],[-94.2632720029999,36.950665001],[-94.263062998,36.950995999],[-94.262612998,36.951526],[-94.262429003,36.9516519960001],[-94.262061004,36.951852999],[-94.261998002,36.9545469990001],[-94.2623179989999,36.9549920000001],[-94.2622960039999,36.9559649980001],[-94.262339001,36.9562519990001],[-94.262400003,36.956863997],[-94.262402996,36.957197997],[-94.262382004,36.9579270020001],[-94.262354004,36.959085001],[-94.2620229999999,36.9590890040001],[-94.261914996,36.963497998],[-94.261849003,36.965627001],[-94.261765004,36.9681680030001],[-94.261674,36.972913003],[-94.2616020039999,36.975755996],[-94.261467997,36.9802100040001],[-94.261424001,36.981491998],[-94.2613799979999,36.983565999],[-94.261335001,36.985294996],[-94.261272999,36.9872100040001],[-94.261221996,36.989144002],[-94.261031997,36.994916002],[-94.262639002,36.9949820030001],[-94.264676002,36.9949859980001],[-94.267403997,36.994973999],[-94.270234,36.994953998],[-94.2756049979999,36.9949510010001],[-94.2793749959999,36.994938002],[-94.2870900029999,36.9949010010001],[-94.291701,36.9948679980001],[-94.297310006,36.994847001],[-94.297640999,36.994848001],[-94.2974720019999,37.000006999],[-94.297323005,37.0054470010001],[-94.297281995,37.006405004],[-94.297193002,37.009513998],[-94.297132,37.009759004],[-94.297098003,37.0098589960001],[-94.297042,37.011194996],[-94.296916004,37.0150479970001],[-94.2967610039999,37.019754004],[-94.296683001,37.021628999],[-94.296593996,37.023495003],[-94.296575004,37.0240739980001],[-94.2970129939999,37.0240739970001],[-94.302637003,37.0241230010001],[-94.306034002,37.024123003],[-94.3089780019999,37.024151003],[-94.311513995,37.0241550040001],[-94.314558005,37.0241859980001],[-94.323659999,37.024272],[-94.329317002,37.0243319960001],[-94.332597,37.02437],[-94.335795003,37.0244050000001],[-94.340502003,37.024423002],[-94.340750998,37.0247550020001],[-94.3436730019999,37.0247839990001],[-94.345208999,37.0248090040001],[-94.3467470039999,37.0248110000001],[-94.350686996,37.024858],[-94.3547029979999,37.0249329970001],[-94.3634060049999,37.025094999],[-94.370098997,37.0252399980001],[-94.370713994,37.025241996],[-94.370662002,37.0264259970001],[-94.370605006,37.028182002],[-94.370507005,37.0302980000001],[-94.370445001,37.032250999],[-94.3703300019999,37.0350950000001],[-94.370260001,37.0369719970001],[-94.370211995,37.037911998],[-94.3701760019999,37.0390760010001],[-94.370445003,37.039061003],[-94.373442,37.039112],[-94.378773995,37.0392040020001],[-94.382230996,37.039261002],[-94.385651004,37.0392970030001],[-94.387327998,37.039305002],[-94.387912998,37.0393160030001],[-94.3910490009999,37.0393500010001],[-94.393267,37.0394000020001],[-94.398797001,37.039464003],[-94.400460003,37.0395009970001],[-94.401641999,37.0395150030001],[-94.403029003,37.0395319950001],[-94.403320999,37.039865997],[-94.403827,37.0398720000001],[-94.4060339959999,37.0399189990001],[-94.406364002,37.0399330000001],[-94.4062410019999,37.042550003],[-94.4061189939999,37.045408998],[-94.4060860009999,37.0463710010001],[-94.406024002,37.0475740040001],[-94.405927004,37.049296999],[-94.4058629949999,37.0506709960001],[-94.405718997,37.0531270010001],[-94.405676995,37.053964996],[-94.4053460059999,37.0539650000001],[-94.405333002,37.0542289960001],[-94.405194001,37.0578500020001],[-94.4050380049999,37.0620309990001],[-94.404910004,37.065011003],[-94.4048569999999,37.066327003],[-94.404821998,37.0675430000001],[-94.404803995,37.0682100000001],[-94.404791996,37.068480003],[-94.404771002,37.0689409990001],[-94.404762002,37.069140002],[-94.404734,37.069754996],[-94.407192005,37.068931999],[-94.407515001,37.0688640010001],[-94.407864005,37.0688529970001],[-94.409224001,37.068876002],[-94.409245996,37.0685460030001],[-94.4363363739999,37.0690210120001]]]},"properties":{"id":"uniti-regional-20260919-ecb1835f750206af6e32","sourceId":"uniti-regional-20260919","source":"Uniti Wholesale regional transport network","sourceUrl":"https://www.unitiwholesale.com/network-map/","name":"Uniti Wholesale regional transport network","carrier":"Uniti Wholesale","category":"unknown","routeStatus":"Publisher network map; current operating status unverified","evidence":"publisher_route","geometryQuality":"publisher_geometry_unverified","dataDate":null,"metadataModified":"2025-06-13T12:55:45+00:00","retrievedAt":"2026-09-19T13:31:26.703698+00:00","networkType":"Carrier-published regional transport geometry; not a surveyed cable alignment","serviceability":"Unconfirmed","routeDiversity":"Unconfirmed","states":["MO"],"publishedLineParts":1,"importBatch":"20260919","sourceRecordIds":["27383"]},"bbox":[-94.4363363739999,36.859092414,-94.189686837,37.069754996]},{"type":"Feature","geometry":{"type":"MultiLineString","coordinates":[[[-94.513309686,37.0866412400001],[-94.513257649,37.0866589670001],[-94.505899277,37.0864198520001],[-94.5048709929999,37.085185359],[-94.504268669,37.084827227],[-94.5028295709999,37.0845166400001],[-94.502543096,37.0843063020001],[-94.502404726,37.084024124],[-94.483673063,37.0838830480001],[-94.482406016,37.0839752950001],[-94.479749833,37.0843063],[-94.478990138,37.0843768350001],[-94.47815006,37.0843765050001],[-94.4770529569999,37.084479942],[-94.477070213,37.0837310040001],[-94.477139774,37.083495063],[-94.477649841,37.0712939750001],[-94.4776750249999,37.0685971340001],[-94.477736678,37.0682335320001],[-94.4779645729999,37.0621560540001],[-94.478083948,37.0580754580001],[-94.478154523,37.055275325],[-94.4782033289999,37.053338275],[-94.478382401,37.0495181470001],[-94.47870255,37.049485593],[-94.478878913,37.0487340500001],[-94.479752549,37.0477844480001],[-94.482210669,37.0466340570001],[-94.482302916,37.0461077150001],[-94.481423863,37.045727866],[-94.4797525389999,37.0451336850001],[-94.47908511,37.044504234],[-94.478954879,37.044094547],[-94.478998277,37.03845117],[-94.4791393689999,37.0343163100001],[-94.479785103,37.0186478150001],[-94.479247899,37.0186369590001],[-94.4794649519999,37.0117265330001],[-94.4795626329999,37.0101746],[-94.479562625,37.008872292],[-94.4793998259999,37.0078195850001],[-94.479307585,37.0073447820001],[-94.4786704319999,37.0061866880001],[-94.476813528,37.004302785],[-94.4726879359999,37.0010722800001],[-94.4711120649999,36.999152882],[-94.4694270369999,36.9974145410001],[-94.465590261,36.9930889880001],[-94.464827546,36.9922979090001],[-94.464197208,36.991301961],[-94.463812698,36.990432094],[-94.4635096,36.989587209],[-94.4625613219999,36.989522413]],[[-94.459686899,37.0692654640001],[-94.46501212,37.06937435],[-94.466101901,37.069394346],[-94.467461998,37.069424344],[-94.4692113,37.069457984],[-94.469208296,37.069626838],[-94.469338013,37.0696285020001],[-94.47168662,37.069658471],[-94.473066565,37.0696884700001],[-94.47533658,37.0697384740001],[-94.477391326,37.069805225]],[[-94.494930003,37.069171102],[-94.4960528299999,37.0691915190001],[-94.49678492,37.0692015610001],[-94.497323959,37.0692121220001],[-94.497699425,37.069201492],[-94.498223535,37.0692115250001],[-94.498774007,37.069221537],[-94.499916669,37.0692523880001],[-94.50091109,37.069241494],[-94.500930651,37.069241796]],[[-94.436336367,37.06902101],[-94.436900614,37.0690243280001],[-94.438691475,37.0690443440001],[-94.441491477,37.0690843350001],[-94.444321801,37.0691243370001],[-94.445471798,37.0691443430001],[-94.446591718,37.0691543450001],[-94.447799993,37.069174332],[-94.448919998,37.069174322],[-94.4490435719999,37.069174391],[-94.449406256,37.069186899],[-94.450039771,37.069171053],[-94.451572864,37.0691658750001],[-94.451830803,37.0691978410001],[-94.452869826,37.069194328],[-94.459632117,37.069264348],[-94.459686899,37.069265468]],[[-94.477391326,37.069805225],[-94.47805864,37.069826904],[-94.478082413,37.069053808],[-94.478248096,37.069081419],[-94.479211422,37.06907627],[-94.48004574,37.069145028],[-94.481164764,37.0691550700001],[-94.482348666,37.069146506],[-94.484439541,37.069142924],[-94.485715748,37.069141856],[-94.486121316,37.0693485100001],[-94.4868399979999,37.0693485100001],[-94.488905334,37.069348442],[-94.48996673,37.0693584740001],[-94.490459684,37.0693582110001],[-94.491124884,37.0693584360001],[-94.491438943,37.069358514],[-94.492157748,37.069358024],[-94.493043182,37.0693584740001],[-94.49334127,37.0693577010001],[-94.493888209,37.069405454],[-94.494110564,37.0694327220001],[-94.4942646439999,37.0695202520001],[-94.4942901219999,37.0689788060001],[-94.494624935,37.0690738430001],[-94.494929992,37.069171102]]]},"properties":{"id":"uniti-regional-20260919-335c48731f817b5f4510","sourceId":"uniti-regional-20260919","source":"Uniti Wholesale regional transport network","sourceUrl":"https://www.unitiwholesale.com/network-map/","name":"Uniti Wholesale regional transport network","carrier":"Uniti Wholesale","category":"unknown","routeStatus":"Publisher network map; current operating status unverified","evidence":"publisher_route","geometryQuality":"publisher_geometry_unverified","dataDate":null,"metadataModified":"2025-06-13T12:55:45+00:00","retrievedAt":"2026-09-19T13:31:26.703698+00:00","networkType":"Carrier-published regional transport geometry; not a surveyed cable alignment","serviceability":"Unconfirmed","routeDiversity":"Unconfirmed","states":["MO"],"publishedLineParts":5,"importBatch":"20260919","sourceRecordIds":["27380","27381","27382","27384","5577"]},"bbox":[-94.513309686,36.989522413,-94.436336367,37.0866589670001]},{"type":"Feature","geometry":{"type":"MultiLineString","coordinates":[[[-94.335216451,40.2480763670001],[-94.335096096,40.2481214700001],[-94.334714188,40.248138799],[-94.334733532,40.248231468],[-94.334720615,40.2485853110001],[-94.334719224,40.2486685160001],[-94.3346743819999,40.248690823]],[[-94.291202472,40.153820572],[-94.290799211,40.153810412],[-94.290158778,40.153794272],[-94.289106042,40.153767745],[-94.288609814,40.1537552290001],[-94.2883559909999,40.153747966],[-94.288357037,40.153682974],[-94.2883593829999,40.15353614],[-94.288368035,40.1529977480001],[-94.288375,40.1523759240001],[-94.2883799209999,40.151806634],[-94.2883933369999,40.150252058],[-94.2884030559999,40.1491255120001],[-94.288419458,40.1472253530001],[-94.2884323709999,40.1464951840001],[-94.2879436489999,40.1464724250001],[-94.28689246,40.1464258820001],[-94.2858632409999,40.1463802960001],[-94.2847190099999,40.1463296250001],[-94.2845615529999,40.1463226380001],[-94.284227766,40.146307855],[-94.283897025,40.146293203],[-94.28376373,40.146287296],[-94.28369494,40.146280786],[-94.283637872,40.146260226],[-94.2836007349999,40.146228883],[-94.283578133,40.146176977],[-94.2835762079999,40.146118802],[-94.2835767239999,40.1460005170001],[-94.2835785719999,40.1455798700001],[-94.283581243,40.1449714440001],[-94.283586756,40.143714284],[-94.283590214,40.1429249180001],[-94.2835961979999,40.1415591630001],[-94.283600473,40.140583021],[-94.283605865,40.139356435],[-94.283608171,40.1388305510001],[-94.283609354,40.138560413],[-94.283612899,40.1377523840001],[-94.283614782,40.1373244920001],[-94.283618641,40.1364419980001],[-94.283620081,40.1361150710001],[-94.283363848,40.135809731],[-94.283367497,40.134977377],[-94.2833693869999,40.1345474330001],[-94.283541799,40.134387823],[-94.283544866,40.1336887520001],[-94.283546426,40.1333318740001],[-94.283546645,40.133006982],[-94.2835496979999,40.132586281],[-94.283366775,40.13233539],[-94.283360791,40.1321163800001],[-94.283358541,40.132033816],[-94.283290875,40.131985268],[-94.283296288,40.1316450630001],[-94.2832992579999,40.130970545],[-94.283305521,40.129542921],[-94.283307085,40.1291861870001],[-94.2833100299999,40.1285180720001],[-94.283315896,40.1271804790001],[-94.283318292,40.1266362640001],[-94.283320434,40.1261467510001],[-94.2832973,40.12591288],[-94.2832900829999,40.125792333],[-94.28330224,40.125485536],[-94.2833146739999,40.125223829],[-94.283155972,40.124906606],[-94.28315137,40.124231185],[-94.28313201,40.124003486],[-94.283115086,40.1238044940001],[-94.283106057,40.123740802],[-94.283180391,40.1235836910001],[-94.2824359749999,40.1226992960001],[-94.281934071,40.1221029710001],[-94.281576086,40.121677671],[-94.281276774,40.1213283760001],[-94.281251807,40.121299234],[-94.281132643,40.12111937],[-94.28108338,40.12100791],[-94.281089615,40.1208840800001],[-94.2815949129999,40.119454062]],[[-94.331642765,40.2344989810001],[-94.331815342,40.234442218],[-94.3318166719999,40.2343203720001],[-94.331817191,40.2342727320001],[-94.3318221699999,40.233816622],[-94.331823253,40.2337177700001],[-94.331828351,40.233250905],[-94.3318309329999,40.232796756],[-94.332346963,40.2327934940001],[-94.3323415039999,40.232706745],[-94.332338076,40.2326734220001],[-94.332322037,40.232559967],[-94.332294009,40.232393174],[-94.332270733,40.2322546340001],[-94.332242833,40.232088671],[-94.3322001079999,40.2318344540001],[-94.332090726,40.2311844170001],[-94.3320490249999,40.230935597],[-94.331990898,40.2305897190001],[-94.331809221,40.2305403060001],[-94.331765726,40.23028148],[-94.331745925,40.230163691],[-94.331899714,40.230047141],[-94.331865974,40.2298464240001],[-94.331806016,40.229489669],[-94.331747068,40.229138935],[-94.3317016399999,40.228868623],[-94.331540183,40.22790788],[-94.3314966619999,40.2276489050001],[-94.331444345,40.227299712],[-94.3314420999999,40.2269124100001],[-94.3315459519999,40.226214869],[-94.331589041,40.2259445810001],[-94.330905972,40.225883254],[-94.3309476859999,40.2256216440001],[-94.3310706939999,40.224850255],[-94.3312345159999,40.2238230450001],[-94.331261883,40.2236512800001],[-94.331291128,40.2234678950001],[-94.331302044,40.2233994210001],[-94.331416895,40.222706975],[-94.33152418,40.222006249],[-94.331595127,40.2215614250001],[-94.331781561,40.221478378],[-94.331814952,40.221286573],[-94.331874439,40.2209397610001],[-94.3318908269999,40.220792734],[-94.331911814,40.220656279],[-94.331926358,40.2205381160001],[-94.331935858,40.220425495],[-94.331941332,40.220267264],[-94.331941291,40.219933729],[-94.3319410079999,40.219770571],[-94.331940488,40.2196392700001],[-94.331768718,40.2195824820001],[-94.331768491,40.2194636410001],[-94.3317748809999,40.219086491],[-94.33177338,40.2190261920001],[-94.331767072,40.2187017430001],[-94.3317659589999,40.2181102320001],[-94.3317658509999,40.218056975],[-94.331760091,40.2149862630001],[-94.331758517,40.2141425680001],[-94.331757377,40.213527792],[-94.3317557279999,40.2126516380001],[-94.331754876,40.212196099],[-94.331754103,40.2117855180001],[-94.331667034,40.2117754030001],[-94.33166748,40.211430949],[-94.33166714,40.211244687],[-94.331665027,40.2111253630001],[-94.3319246619999,40.2110689570001],[-94.331923929,40.210674628],[-94.331918339,40.210008192],[-94.331735454,40.2098808900001],[-94.33174108,40.207246346],[-94.331744557,40.206686964],[-94.331744444,40.20662321],[-94.3317449479999,40.206443151],[-94.331739845,40.206364379],[-94.33174343,40.206079332],[-94.331743035,40.2055403680001],[-94.331741759,40.205185933],[-94.331740947,40.2047543990001],[-94.331740371,40.204442408],[-94.33173759,40.2029491650001],[-94.331737456,40.2028772720001],[-94.3319092949999,40.202848217],[-94.3319089949999,40.202694213],[-94.3318988889999,40.202360512],[-94.331726475,40.202350516],[-94.331703639,40.202223986],[-94.331536007,40.201843238],[-94.331469496,40.201692138],[-94.331311302,40.2014966720001],[-94.331076169,40.201235033],[-94.330545596,40.200644228],[-94.330124166,40.200174942],[-94.32986542,40.1998868150001],[-94.329665505,40.199658786],[-94.329583375,40.199522631],[-94.329543712,40.1994195770001],[-94.329519996,40.19931053],[-94.329506207,40.199175724],[-94.3294846749999,40.1989398170001],[-94.329434535,40.198459475],[-94.3292930059999,40.198077611],[-94.329170521,40.197801102],[-94.329111182,40.1976737420001],[-94.32918687,40.1974278910001],[-94.3290664639999,40.1971557800001],[-94.328735872,40.1970239460001],[-94.328641088,40.196813842],[-94.32823123,40.196829768],[-94.32805517,40.1964778020001],[-94.3277970409999,40.1959981040001],[-94.3277922349999,40.1959894290001],[-94.32756879,40.1955855260001],[-94.3269873849999,40.1947825730001],[-94.327464834,40.1943228120001],[-94.32727055,40.1940418300001],[-94.32657324,40.193013647],[-94.326000623,40.192169301],[-94.3254856619999,40.1914091670001],[-94.325415516,40.191277487],[-94.325390563,40.1912104370001],[-94.325359678,40.1910746690001],[-94.325354348,40.190936858],[-94.325358277,40.1907714860001],[-94.325367827,40.1903567],[-94.325376061,40.189998448],[-94.325382035,40.1897389160001],[-94.325399344,40.18898685],[-94.325742609,40.1890062680001],[-94.3257481589999,40.1887650350001],[-94.325772016,40.1877280680001],[-94.325779719,40.1873933270001],[-94.326040173,40.18727791],[-94.3260514309999,40.1867882760001],[-94.326070157,40.1859742710001],[-94.3260767039999,40.185689557],[-94.326082817,40.1854239730001],[-94.326090392,40.185094178],[-94.326099588,40.1846947790001],[-94.325286577,40.184333892],[-94.32528698,40.184108947],[-94.325039143,40.1840967630001],[-94.324681056,40.1840867020001],[-94.324529732,40.1844202180001],[-94.324331495,40.1843428940001],[-94.324090199,40.18428033],[-94.32390557,40.1842538170001],[-94.323723522,40.184243968],[-94.323392299,40.184235142],[-94.3230843489999,40.1842269470001],[-94.321619916,40.18418803],[-94.320694693,40.1841634310001],[-94.317257978,40.1840719620001],[-94.317118415,40.184068251],[-94.317091774,40.184265343],[-94.316914089,40.1842606100001],[-94.316767551,40.1842567030001],[-94.316316704,40.1842446960001],[-94.315850659,40.1842322850001],[-94.315860739,40.1848827160001],[-94.314519025,40.1848616560001],[-94.3144936309999,40.183998322],[-94.3142174979999,40.183990959],[-94.314188885,40.184188008],[-94.313958455,40.1841818720001],[-94.3132619789999,40.1841632960001],[-94.312082644,40.184131844],[-94.311521253,40.184116873],[-94.3104504079999,40.1840883080001],[-94.309682992,40.1840678180001],[-94.308553552,40.1840342],[-94.308412759,40.184024767],[-94.3081877929999,40.1839933790001],[-94.307956675,40.1839433960001],[-94.307743144,40.1838795210001],[-94.307532006,40.183798344],[-94.307314138,40.1836932630001],[-94.30713818,40.183587721],[-94.306945383,40.1834471870001],[-94.30675094,40.183270038],[-94.306558912,40.183071909],[-94.306461771,40.182945078],[-94.306392908,40.18283074],[-94.306357181,40.182771415],[-94.306296655,40.1826344790001],[-94.306249857,40.182483054],[-94.3062190809999,40.1822822620001],[-94.3062165599999,40.18199013],[-94.306220867,40.181697919],[-94.306225238,40.181401991],[-94.30624791,40.1798663280001],[-94.306259058,40.179111188],[-94.3062720839999,40.178229742],[-94.30628623,40.1772715330001],[-94.306290814,40.176960428],[-94.306292141,40.176871351],[-94.306301116,40.176236809],[-94.306316219,40.1752406410001],[-94.306319898,40.175103489],[-94.3063295759999,40.174743478],[-94.3063366599999,40.1740797670001],[-94.306222868,40.173969454],[-94.306164009,40.1739123860001],[-94.30616751,40.1736751340001],[-94.306216391,40.1736315700001],[-94.306349659,40.1735127750001],[-94.306365381,40.171910901],[-94.3063748719999,40.171267377],[-94.306392187,40.1700949820001],[-94.306406759,40.1692566450001],[-94.3064127059999,40.1687588350001],[-94.306670595,40.168693278],[-94.3066775409999,40.168222305],[-94.30668671,40.167601199],[-94.306718885,40.16542251],[-94.306724875,40.1650158310001],[-94.306735622,40.1642877740001],[-94.306741479,40.1638912340001],[-94.306752422,40.1631510010001],[-94.306767609,40.1621225390001],[-94.3067687769999,40.1620423190001],[-94.306774317,40.161664741],[-94.3062414999999,40.1616480320001],[-94.3059864099999,40.1616397330001],[-94.305567491,40.1616261080001],[-94.304697805,40.161597805],[-94.301902754,40.1615067860001],[-94.301105315,40.1614808420001],[-94.299644694,40.161433253],[-94.298364769,40.161391536],[-94.295363804,40.161293663],[-94.2939843839999,40.1612486540001],[-94.293499087,40.1612314970001],[-94.29335708,40.161207145],[-94.293244435,40.1611659590001],[-94.293093535,40.161067468],[-94.293020888,40.161009757],[-94.292971431,40.1609605],[-94.292934583,40.160886056],[-94.292931075,40.1607298540001],[-94.292937884,40.1605050140001],[-94.292938737,40.160477191],[-94.293116267,40.160288832],[-94.293126227,40.159960224],[-94.293138057,40.1595702020001],[-94.293142646,40.159418981],[-94.292974707,40.159291038],[-94.292985351,40.1589402230001],[-94.2930274569999,40.1575520800001],[-94.293052438,40.1567284600001],[-94.2930824759999,40.155738103],[-94.293105321,40.1549849730001],[-94.2931139619999,40.1547002770001],[-94.293103227,40.154547564],[-94.293071499,40.1544100670001],[-94.293022784,40.1542856180001],[-94.292962098,40.154172864],[-94.2929306139999,40.154121091],[-94.292843127,40.154035713],[-94.292778246,40.1539758380001],[-94.292723756,40.1539334060001],[-94.292642453,40.1538947170001],[-94.292537097,40.1538683470001],[-94.292357292,40.153858315],[-94.292044307,40.1538438650001],[-94.291587183,40.1538302640001],[-94.291202472,40.153820572]],[[-94.335216451,40.2480763670001],[-94.335098865,40.247999344],[-94.334693616,40.2480095970001],[-94.334696953,40.247891161],[-94.3347023859999,40.2477530360001],[-94.3346973449999,40.2475636510001],[-94.334693457,40.2474582290001],[-94.334680442,40.246899311],[-94.334683116,40.246708987],[-94.334693837,40.2459579210001],[-94.3346961669999,40.2457932950001],[-94.334426502,40.245571289],[-94.333946242,40.245576508],[-94.333572295,40.2455805710001],[-94.333583695,40.245006018],[-94.3335908079999,40.2444073280001],[-94.333594476,40.244146137],[-94.333630343,40.243791091],[-94.33355607,40.2437755770001],[-94.333610632,40.2435506850001],[-94.3336601019999,40.243339529],[-94.333736154,40.243004038],[-94.3337444099999,40.24294432],[-94.333744839,40.2428866330001],[-94.333734535,40.2427438170001],[-94.3337116709999,40.2424347740001],[-94.333684218,40.242063839],[-94.333668946,40.2418303370001],[-94.3336717669999,40.241534156],[-94.3336742449999,40.2412747340001],[-94.333677778,40.240903904],[-94.333682341,40.2404260760001],[-94.333685236,40.240121995],[-94.333688474,40.23978294],[-94.3336896759999,40.239656578],[-94.333693725,40.23923188],[-94.333697576,40.2388297740001],[-94.333698398,40.238742822],[-94.333699845,40.2385907170001],[-94.3337013669999,40.2384318790001],[-94.333514474,40.2384346420001],[-94.3330692979999,40.2384412150001],[-94.332696678,40.2384467310001],[-94.3323434639999,40.2384519460001],[-94.332096712,40.2384555790001],[-94.331728471,40.238461019],[-94.33173193,40.23814472],[-94.3317351809999,40.2378464430001],[-94.33173783,40.237603853],[-94.3317472269999,40.2367440530001],[-94.3317525259999,40.236258564],[-94.3317563159999,40.2359120630001],[-94.331757727,40.2357823510001],[-94.331631332,40.2355811250001],[-94.3316327429999,40.235416979],[-94.3316367049999,40.2350538530001],[-94.3316404829999,40.234708357],[-94.331642765,40.2344989810001]],[[-94.281595,40.1194541],[-94.281737,40.1190470000001],[-94.281752,40.1189612],[-94.28174,40.1187538],[-94.2815649999999,40.1173054000001]]]},"properties":{"id":"uniti-regional-20260919-62027646f7daf8d7ce87","sourceId":"uniti-regional-20260919","source":"Uniti Wholesale regional transport network","sourceUrl":"https://www.unitiwholesale.com/network-map/","name":"Uniti Wholesale regional transport network","carrier":"Uniti Wholesale","category":"unknown","routeStatus":"Publisher network map; current operating status unverified","evidence":"publisher_route","geometryQuality":"publisher_geometry_unverified","dataDate":null,"metadataModified":"2025-06-13T12:55:45+00:00","retrievedAt":"2026-09-19T13:31:26.703698+00:00","networkType":"Carrier-published regional transport geometry; not a surveyed cable alignment","serviceability":"Unconfirmed","routeDiversity":"Unconfirmed","states":["MO"],"publishedLineParts":5,"importBatch":"20260919","sourceRecordIds":["13049","88416","88418","88420","88421"]},"bbox":[-94.335216451,40.1173054000001,-94.28108338,40.248690823]},{"type":"Feature","geometry":{"type":"MultiLineString","coordinates":[[[-94.332823,40.2566548],[-94.332728,40.2566565000001],[-94.3324709999999,40.2566612],[-94.332171,40.2566668000001],[-94.332032,40.2566693],[-94.331945,40.2566695],[-94.331945,40.2567027000001],[-94.331946,40.256899],[-94.331949,40.2571914000001],[-94.332121,40.2572827000001],[-94.332124,40.2576515000001],[-94.332127,40.2580360000001],[-94.332129,40.2583504],[-94.3321319999999,40.2586509000001],[-94.331962,40.2586779000001],[-94.331963,40.2591201000001],[-94.331965,40.2593347000001],[-94.331969,40.2598034000001],[-94.332141,40.2598387],[-94.332144,40.2601953000001],[-94.332149,40.2609002],[-94.332152,40.2612628000001],[-94.332152,40.2612948],[-94.332152,40.2612960000001],[-94.332153,40.2614454000001],[-94.3321539999999,40.2615821],[-94.3321569999999,40.2619148],[-94.332161,40.2624089],[-94.3321569999999,40.2632093],[-94.332148,40.2636462],[-94.332127,40.2646363],[-94.332115,40.2651776000001],[-94.332098,40.2660062],[-94.3320849999999,40.2666047000001],[-94.331898,40.2667437000001],[-94.3318839999999,40.2679667],[-94.331876,40.2683604000001],[-94.3318649999999,40.2688465000001],[-94.331858,40.2691895],[-94.331853,40.2694385],[-94.331761,40.2696977000001],[-94.33175,40.2702103],[-94.331745,40.2704669],[-94.3319999999999,40.2706144000001],[-94.3319929999999,40.2709386000001],[-94.331987,40.2711966000001],[-94.3319759999999,40.2717382000001]],[[-94.289927,40.4819053000001],[-94.289925,40.4812607000001],[-94.289736,40.4810343],[-94.289643,40.4810135000001],[-94.289667,40.4800824000001],[-94.289259,40.4800816000001],[-94.289261,40.4800216],[-94.289272,40.4797310000001]],[[-94.3319759999999,40.2717382000001],[-94.331968,40.2721090000001],[-94.331943,40.2732967]],[[-94.321971,40.3102988000001],[-94.32179,40.3102929],[-94.32154,40.3102987],[-94.3213469999999,40.3103221000001],[-94.321135,40.3103725],[-94.320972,40.3104282],[-94.3208099999999,40.3105016000001],[-94.320593,40.3106375],[-94.320456,40.3107546000001],[-94.320236,40.3109923000001],[-94.320136,40.3111083000001],[-94.320296,40.3112875],[-94.3201979999999,40.3114556],[-94.3201559999999,40.3115556000001],[-94.320105,40.3117722000001],[-94.3200859999999,40.3121199],[-94.320073,40.3124058000001],[-94.320034,40.3132817000001],[-94.320007,40.3138858],[-94.3199689999999,40.3147158],[-94.319935,40.3154902000001],[-94.3199049999999,40.3161548],[-94.31987,40.3168903000001],[-94.319812,40.3170781000001],[-94.319694,40.3172405],[-94.3195229999999,40.3173738],[-94.3192089999999,40.3175433000001],[-94.318966,40.3176133000001],[-94.318792,40.3176358],[-94.318461,40.3176341000001],[-94.3179719999999,40.3176240000001],[-94.317152,40.3176069],[-94.3149989999999,40.3175622],[-94.313877,40.3175388000001],[-94.312684,40.3175140000001],[-94.3126099999999,40.3175169],[-94.31242,40.3175085],[-94.312219,40.3175105],[-94.311987,40.3175376],[-94.311749,40.3175964000001],[-94.311613,40.3176456],[-94.311455,40.3177196],[-94.311272,40.3178354],[-94.3111239999999,40.317958],[-94.310716,40.3183162],[-94.3101839999999,40.3187827],[-94.309824,40.3190982],[-94.309668,40.3192342],[-94.30985,40.3193752],[-94.3095299999999,40.3196559],[-94.309267,40.3198842],[-94.3090579999999,40.3200289000001],[-94.309035,40.3200400000001],[-94.308886,40.3201125000001],[-94.30855,40.3202149],[-94.308233,40.3202533],[-94.307541,40.3202622000001],[-94.305098,40.3202907],[-94.3038519999999,40.3203053],[-94.302925,40.3203194000001],[-94.301978,40.3205275],[-94.300965,40.3207712]],[[-94.290495,40.418771],[-94.290587,40.4186512],[-94.290557117,40.4131521360001],[-94.290599,40.4131164]],[[-94.332181,40.2565563],[-94.332186,40.2566336000001],[-94.332328,40.2566309000001],[-94.332677,40.2566245],[-94.332789,40.2566225],[-94.332823,40.2566548]],[[-94.3346743819999,40.248690823],[-94.334718129,40.248716463],[-94.334712494,40.2489626240001],[-94.334711808,40.249119208],[-94.3347116849999,40.2491458910001],[-94.334295262,40.249146771],[-94.334121875,40.2491473980001],[-94.333903199,40.249148176],[-94.333634306,40.2491491490001],[-94.333434975,40.249143775],[-94.3333426449999,40.249139459],[-94.333102748,40.2491308460001],[-94.332970798,40.249126118],[-94.3329074659999,40.2491238430001],[-94.332601613,40.2491173920001],[-94.332264517,40.2491146020001],[-94.33197401,40.249112177],[-94.331876442,40.24911331],[-94.33187638,40.2492068020001],[-94.331876295,40.2493420970001],[-94.331879067,40.2494472070001],[-94.331889113,40.2497186],[-94.3318897999999,40.2498463100001],[-94.3318143119999,40.249847134],[-94.3318057129999,40.2514614510001],[-94.331862041,40.251460674],[-94.331858594,40.2518315580001],[-94.331857,40.25200305],[-94.3318504489999,40.252702522],[-94.3318490999999,40.2528394380001],[-94.331845788,40.2531914220001],[-94.331841151,40.253681742],[-94.331840182,40.25378664],[-94.331833362,40.2545123620001],[-94.331831804,40.254678923],[-94.331824812,40.255423611],[-94.3318238429999,40.2555260820001],[-94.331820384,40.2558944150001],[-94.331818777,40.256067339],[-94.331817955,40.256155972],[-94.33189516,40.2561952890001],[-94.331995255,40.2562485180001],[-94.332066058,40.256286048],[-94.3321744689999,40.256421684],[-94.3321808469999,40.2565563270001]],[[-94.331182069,40.2984226770001],[-94.3312058109999,40.2985998150001],[-94.3312367789999,40.298857871],[-94.3312815099999,40.299229644],[-94.331309037,40.2994946960001],[-94.331328535,40.299635531],[-94.331362944,40.299893583],[-94.331390471,40.3001262660001],[-94.331431762,40.300485786],[-94.331468464,40.3008216870001],[-94.331506314,40.301200447],[-94.331532694,40.301528472],[-94.331554486,40.3017882660001],[-94.331565956,40.301958836],[-94.33158316,40.3022142550001],[-94.331581544,40.302233657],[-94.331573985,40.3025720150001],[-94.331563662,40.302911404],[-94.331553339,40.3031239580001],[-94.331533841,40.3035097040001],[-94.33150402,40.3037939820001],[-94.331482987,40.3040160640001],[-94.331478505,40.3040663560001],[-94.331465024,40.304204214],[-94.331429467,40.304546219],[-94.331399647,40.304841863],[-94.331370973,40.305127885],[-94.331336564,40.3054777570001],[-94.331290686,40.3058783590001],[-94.331250542,40.3062054860001],[-94.331200076,40.3065789680001],[-94.3311415809999,40.3069428270001],[-94.331135847,40.3069874340001]],[[-94.331006507,40.290333242],[-94.330991892,40.2910157160001],[-94.330978902,40.2918165080001],[-94.330713896,40.291916509],[-94.330681893,40.293325306],[-94.330935895,40.2936387],[-94.330926891,40.2940662940001],[-94.3309159,40.2945976990001],[-94.33088889,40.2958781900001],[-94.330876893,40.2965941890001],[-94.330620891,40.2966950810001],[-94.33064789,40.2970880870001],[-94.330742465,40.297283012],[-94.3310570999999,40.2973174030001],[-94.3310822709999,40.2975749730001],[-94.331122125,40.2979005290001],[-94.331182072,40.298422679]],[[-94.291433938,40.336801826],[-94.2914053059999,40.3368138910001],[-94.2914092029999,40.3373057530001],[-94.2914334559999,40.337321515]],[[-94.290798194,40.48459538],[-94.2907981829999,40.4845149650001],[-94.2907986499999,40.484501929],[-94.290784575,40.4835207340001],[-94.290781226,40.4833843220001],[-94.290771894,40.482922213],[-94.2907711079999,40.48288711],[-94.290715013,40.4828865260001],[-94.2906011599999,40.482887691],[-94.289920136,40.4828946270001],[-94.289923377,40.4825856630001],[-94.289924699,40.482469753],[-94.289926862,40.4821641390001],[-94.2899278799999,40.48202006],[-94.2899274,40.4819052720001]],[[-94.3237809999999,40.3103584],[-94.322523,40.3103114],[-94.3225209999999,40.3103149],[-94.321971,40.3102988000001]],[[-94.2914334559999,40.337321515],[-94.29143,40.3374339000001],[-94.2914269999999,40.3378665000001],[-94.291401,40.3426011],[-94.291376,40.3465779],[-94.291365,40.3482454000001],[-94.2913609999999,40.3488219000001],[-94.291331,40.353849],[-94.2913169999999,40.3569610000001],[-94.291306,40.3590567000001],[-94.291301,40.3599251000001],[-94.2912709999999,40.3659496000001],[-94.29125,40.3693835],[-94.2912479999999,40.3698681000001],[-94.291237,40.3722551000001],[-94.291207,40.3757516000001],[-94.291188,40.3795362000001],[-94.2911819999999,40.3806795],[-94.291171,40.3829218000001],[-94.291152,40.3857145000001],[-94.291104,40.3859741000001],[-94.290969,40.3867790000001],[-94.2908649999999,40.3873884000001],[-94.290858,40.3878031],[-94.290854,40.3883251],[-94.2908419999999,40.3900214000001],[-94.290823,40.3914941],[-94.2908189999999,40.3918176],[-94.290725,40.4013501000001],[-94.290715,40.4023060000001],[-94.290692,40.4044296000001],[-94.290677,40.4056788],[-94.290599,40.4131164]],[[-94.331055013,40.288039862],[-94.331118078,40.2880827560001],[-94.331084297,40.289629152],[-94.331068885,40.290309462],[-94.331006507,40.290333242]],[[-94.300965,40.3207712],[-94.300602,40.320932],[-94.300189,40.3210255000001],[-94.3000249999999,40.3210459000001],[-94.299536,40.3210329],[-94.298082,40.3209751000001],[-94.295106,40.3208679000001],[-94.2924199999999,40.3207685],[-94.2922809999999,40.3207886000001],[-94.2921269999999,40.3208459],[-94.291912,40.3209704000001],[-94.291678,40.3211507],[-94.2916039999999,40.3212811000001],[-94.291579,40.3214924000001],[-94.291558,40.3227235],[-94.291507,40.3266223000001],[-94.291489,40.3279650000001],[-94.291433938,40.336801826]],[[-94.331940571,40.273297126],[-94.331909611,40.2733427320001],[-94.3318609,40.274382991],[-94.331854902,40.2746713920001],[-94.331826897,40.275960786],[-94.331821893,40.2762210860001],[-94.331782898,40.278035472],[-94.331778898,40.27825557],[-94.331750894,40.2795673640001],[-94.33174389,40.279883565],[-94.331706894,40.2816096560001],[-94.331675897,40.2831136460001],[-94.331672891,40.283246955],[-94.331643893,40.2846194470001],[-94.331631896,40.2852164380001],[-94.330855893,40.285229837],[-94.330849895,40.2855437370001],[-94.3308299,40.286256833],[-94.3308318999999,40.286789834],[-94.331078898,40.2868886360001],[-94.331055898,40.287997929],[-94.331055013,40.288039862]],[[-94.3303519999999,40.3089926000001],[-94.330293,40.3091918000001],[-94.3301059999999,40.3098173000001],[-94.330026,40.3100854],[-94.330025,40.3100904],[-94.3299679999999,40.3102659000001],[-94.329935,40.31032],[-94.329912,40.3103499000001],[-94.329878,40.3103855],[-94.329775,40.3104607000001],[-94.329604,40.3105251000001],[-94.329485,40.3105380000001],[-94.329177,40.3105296],[-94.328427,40.3105055],[-94.327524,40.3104766000001],[-94.326534,40.3104450000001],[-94.325862,40.3104234],[-94.325562,40.3104138],[-94.324722,40.3103898],[-94.323944,40.310362],[-94.3237809999999,40.3103584]],[[-94.331135847,40.3069874340001],[-94.331124377,40.307060031],[-94.33108538,40.307250706],[-94.3310257379999,40.3075655810001],[-94.330997064,40.307684533],[-94.3307332639999,40.307700277],[-94.330351997,40.308992596]],[[-94.289272,40.4797310000001],[-94.289274,40.4796873000001],[-94.289305,40.4788756],[-94.2893299999999,40.4782224],[-94.289338,40.4779981],[-94.289338,40.4779952000001],[-94.289349,40.4774983],[-94.289369,40.4771177000001],[-94.289386,40.4767478],[-94.2893989999999,40.4764108000001],[-94.289516,40.4733205],[-94.2894689999999,40.4728611],[-94.289476,40.4724399],[-94.2895329999999,40.4720209000001],[-94.28964,40.4716077],[-94.28979,40.4712190000001],[-94.290008,40.4708826],[-94.29041,40.4702610000001],[-94.290607,40.4699164],[-94.290766,40.4695511],[-94.29088,40.4691765000001],[-94.290949,40.4687951000001],[-94.290972,40.4684195],[-94.29097,40.4671665000001],[-94.290962,40.4583185000001],[-94.290962,40.4579157000001],[-94.290961,40.4569695000001],[-94.29096,40.456357],[-94.29096,40.4557308],[-94.290958,40.4541371],[-94.2909559999999,40.4512675],[-94.2909549999999,40.4506804000001],[-94.2909539999999,40.4498047000001],[-94.2909519999999,40.4474557],[-94.2909519999999,40.4470352000001],[-94.2909509999999,40.4463931000001],[-94.2909509999999,40.4457235],[-94.2909509999999,40.4456908000001],[-94.29095,40.4455466000001],[-94.29095,40.4451692000001],[-94.29095,40.4446018],[-94.290949,40.4443262],[-94.290949,40.4437098000001],[-94.290948,40.4431369000001],[-94.290948,40.4430243],[-94.290942,40.4424002000001],[-94.290941,40.4347382],[-94.290941,40.4347371000001],[-94.290941,40.4347352],[-94.29094,40.4342815],[-94.2905949999999,40.4342833000001],[-94.2905939999999,40.4333412],[-94.2905909999999,40.4299992000001],[-94.2905909999999,40.4294198000001],[-94.2905909999999,40.4291396],[-94.29059,40.4289153],[-94.2905,40.4239296000001],[-94.2905,40.4239277],[-94.290495,40.418771]],[[-94.2958179999999,40.481882],[-94.296217,40.4818819000001],[-94.2971699999999,40.4818815],[-94.297444,40.4818814000001],[-94.301551,40.4818799000001],[-94.301554,40.4818799000001],[-94.301555,40.4818799000001],[-94.307809,40.4818773000001],[-94.308613,40.4818770000001],[-94.310211,40.4818763000001],[-94.312172,40.4818754],[-94.312173,40.4818754],[-94.312578,40.4818751],[-94.312578,40.4818675000001],[-94.31258,40.4818595],[-94.312586,40.4818501],[-94.3125929999999,40.4818425],[-94.312601,40.4818369000001],[-94.3126099999999,40.4818335],[-94.312619,40.4818298000001],[-94.3126359999999,40.4818274],[-94.312649,40.4818284],[-94.312661,40.4818311000001],[-94.312672,40.4818356000001],[-94.3126799999999,40.4818411],[-94.312688,40.4818483],[-94.312693,40.4818551000001],[-94.312697,40.4818644000001],[-94.312698,40.4818741],[-94.31499,40.4818740000001],[-94.322791,40.4818638],[-94.330249,40.4818536000001]],[[-94.414901259,40.4866273150001],[-94.414881919,40.486637166],[-94.414873367,40.486725049],[-94.4148670389999,40.486771514],[-94.414864071,40.486780729],[-94.4148365409999,40.486866181],[-94.414740675,40.486866692],[-94.4146145829999,40.4868652500001],[-94.413980705,40.486980816],[-94.4136234329999,40.487062273],[-94.413284681,40.4870911400001],[-94.413209179,40.4870920650001],[-94.413200311,40.486669314],[-94.413145038,40.4866698110001],[-94.412369736,40.4866767350001],[-94.4113450139999,40.486686524],[-94.4103454579999,40.486695996],[-94.410172825,40.4866953600001],[-94.410021764,40.486694459],[-94.409730257,40.4866842910001],[-94.4094460539999,40.4866795240001],[-94.408935059,40.4866637960001],[-94.4081685099999,40.486637455],[-94.407834786,40.4866292890001],[-94.40742011,40.4866191240001],[-94.406354979,40.4865881740001],[-94.403663791,40.486530321],[-94.4030665669999,40.486518362],[-94.402509121,40.486516899],[-94.4024105619999,40.486446705],[-94.4023770589999,40.4863807500001]],[[-94.402377003,40.486380798],[-94.402247002,40.486379995],[-94.401721002,40.486685701],[-94.401554006,40.486572396],[-94.401327001,40.486393999],[-94.401344996,40.486207],[-94.400764006,40.4857582990001],[-94.4002590059999,40.4853745010001],[-94.4000879989999,40.485275001],[-94.399655997,40.485076999],[-94.3993850049999,40.484992398],[-94.3992469949999,40.484958401],[-94.399204001,40.4849588960001],[-94.398932997,40.485039102],[-94.398651002,40.485006803],[-94.398175994,40.484990598],[-94.397182002,40.484989301],[-94.3969540049999,40.484988899],[-94.393108995,40.484963999],[-94.392972003,40.484770698],[-94.390914002,40.4847434000001],[-94.3894830039999,40.4847331],[-94.387896994,40.4847303010001],[-94.386557995,40.484721802],[-94.386547997,40.484721802],[-94.384177998,40.484714497],[-94.3820129969999,40.484699299],[-94.380139006,40.484694205],[-94.378523998,40.484683298],[-94.376924004,40.4846777010001],[-94.376680016,40.484996439],[-94.374698659,40.4849877]],[[-94.290804447,40.484623958],[-94.2908419679999,40.484595734],[-94.290841318,40.484515506],[-94.2908418,40.484502203],[-94.29082771,40.4835202370001],[-94.290824361,40.4833838390001],[-94.290815025,40.482921623],[-94.290813575,40.482856762],[-94.29081243,40.4828196300001],[-94.290749842,40.4828210150001],[-94.290544835,40.4828223700001],[-94.290007126,40.4828278480001],[-94.290009651,40.482587907],[-94.290010997,40.482469445],[-94.29001304,40.4821806960001],[-94.2900141699999,40.4820203130001],[-94.290014125,40.482011067],[-94.289963757,40.482005367],[-94.289961889,40.481907762]],[[-94.372470417,40.484980046],[-94.3723765409999,40.484980018],[-94.371016664,40.484980018],[-94.370731848,40.484982658],[-94.370245874,40.4846798560001],[-94.36960025,40.484680602],[-94.369124004,40.4846853970001],[-94.365320001,40.4847038980001],[-94.362831004,40.4847158960001],[-94.362617003,40.4849381000001],[-94.360167995,40.4849478030001],[-94.360167995,40.485337696],[-94.356816994,40.485355198],[-94.356678052,40.485154239],[-94.355655074,40.485160023],[-94.354906682,40.485166479],[-94.3547150059999,40.4853663000001],[-94.353415995,40.4853731010001],[-94.351707995,40.485387702],[-94.349435,40.485392301],[-94.3472920039999,40.4854036],[-94.347007998,40.485404197],[-94.345917996,40.485375704],[-94.344984,40.4852904970001],[-94.3446879959999,40.4852335030001],[-94.344098003,40.485428799],[-94.3438879999999,40.485498201],[-94.343597995,40.4855619960001],[-94.3432109989999,40.485607702],[-94.342736003,40.4856159030001],[-94.342495003,40.485420999],[-94.341145994,40.4854229950001],[-94.341181997,40.485029903],[-94.340896996,40.484846502],[-94.340730994,40.4840796020001],[-94.3389499959999,40.483468697],[-94.337229999,40.4828555010001],[-94.337048,40.4827906020001],[-94.336026998,40.482440001],[-94.335227001,40.482163601],[-94.334955997,40.4820761980001],[-94.334695002,40.4820050000001],[-94.334301996,40.481924501],[-94.333792998,40.4818397000001],[-94.3334069949999,40.481799403],[-94.3332490019999,40.481782899],[-94.332983003,40.481763996],[-94.331918001,40.481765302],[-94.330363703,40.4817769490001],[-94.330250103,40.4818547130001]],[[-94.2899619999999,40.4819078000001],[-94.290116,40.4818844000001],[-94.290464,40.4818837],[-94.290937,40.4818835],[-94.291525,40.4818834000001],[-94.292631,40.481883],[-94.294819,40.4818823000001],[-94.295675,40.481882],[-94.2958179999999,40.481882]],[[-94.374698659,40.4849877],[-94.374324743,40.4849860510001],[-94.3741696389999,40.4849853060001],[-94.373102747,40.4849801770001],[-94.372470419,40.484980041]],[[-94.405407484,40.4863450010001],[-94.405406344,40.4864105520001],[-94.405396345,40.48732055],[-94.405395628,40.487385825],[-94.405309999,40.4873858240001],[-94.405039287,40.487385825],[-94.4049716709999,40.4873853980001],[-94.403457177,40.4873758110001],[-94.402995082,40.4873557170001],[-94.402894649,40.4873405860001]],[[-94.412100724,40.4863520960001],[-94.411989997,40.48635417],[-94.410082973,40.4863700170001],[-94.409792366,40.486349977],[-94.409409854,40.4863554400001],[-94.40844579,40.4863685820001]],[[-94.412100018,40.486354172],[-94.4122160059999,40.486009258],[-94.4122359199999,40.485531258],[-94.412239386,40.485240645],[-94.412246349,40.4844972070001],[-94.412246347,40.4837535230001],[-94.412257026,40.483174524],[-94.4122663429999,40.4827180180001],[-94.412266345,40.48228572],[-94.412266345,40.482193474],[-94.412323048,40.4818075740001],[-94.4124062179999,40.481453494],[-94.4124578979999,40.4807127870001],[-94.412574765,40.479037689],[-94.4126461399999,40.4780146050001],[-94.412906511,40.4769236750001],[-94.412926104,40.476130036],[-94.413055505,40.4751894820001],[-94.413192705,40.474626948],[-94.41329931,40.474576599],[-94.4133726759999,40.474227746]],[[-94.402894649,40.4873405860001],[-94.402894018,40.4873702190001],[-94.4028863359999,40.487731298],[-94.4028363259999,40.489371565],[-94.4027963359999,40.490621396],[-94.4027563559999,40.492310595],[-94.402756352,40.4923400060001],[-94.4027547589999,40.492382051],[-94.402706317,40.4936319440001],[-94.4027047289999,40.493687357],[-94.402546009,40.499214883],[-94.402931213,40.4993374330001],[-94.402924996,40.499553975],[-94.402924991,40.4996199510001],[-94.4029249989999,40.4996659760001],[-94.4029154149999,40.4998863910001]],[[-94.40844579,40.4863685820001],[-94.4084188259999,40.486368908],[-94.408149338,40.486372158],[-94.407455313,40.486379711],[-94.405482367,40.486345709],[-94.40540748,40.486344999]],[[-94.414901259,40.4866273150001],[-94.4148940329999,40.48662848],[-94.4148791489999,40.4866362490001],[-94.4148760419999,40.4866608390001],[-94.4148733699999,40.486688348],[-94.41487204,40.486705403],[-94.414861431,40.486768904],[-94.414841597,40.486826154],[-94.414829445,40.486859709],[-94.4147296739999,40.486859603],[-94.414611083,40.4868576210001],[-94.413595,40.4870719],[-94.413173,40.4870779],[-94.413136,40.4863442000001],[-94.412101,40.4863521]]]},"properties":{"id":"uniti-regional-20260919-866d752dd3944afb3beb","sourceId":"uniti-regional-20260919","source":"Uniti Wholesale regional transport network","sourceUrl":"https://www.unitiwholesale.com/network-map/","name":"Uniti Wholesale regional transport network","carrier":"Uniti Wholesale","category":"unknown","routeStatus":"Publisher network map; current operating status unverified","evidence":"publisher_route","geometryQuality":"publisher_geometry_unverified","dataDate":null,"metadataModified":"2025-06-13T12:55:45+00:00","retrievedAt":"2026-09-19T13:31:26.703698+00:00","networkType":"Carrier-published regional transport geometry; not a surveyed cable alignment","serviceability":"Unconfirmed","routeDiversity":"Unconfirmed","states":["MO"],"publishedLineParts":32,"importBatch":"20260919","sourceRecordIds":["13042","13043","13044","13045","13046","13047","13048","13050","13051","13052","13053","13054","13055","13056","13057","13058","13059","13060","13061","33214","33215","33216","33217","33218","33219","33220","45182","45185","45190","45192","45195","45196"]},"bbox":[-94.414901259,40.248690823,-94.289259,40.4998863910001]},{"type":"Feature","geometry":{"type":"MultiLineString","coordinates":[[[-94.399666167,40.524094656],[-94.399664139,40.524105378],[-94.3996050759999,40.5244175770001]],[[-94.4029154149999,40.4998863910001],[-94.402913681,40.499926273],[-94.402908901,40.5000362100001],[-94.402516896,40.500108826],[-94.402506328,40.500351863],[-94.4024463439999,40.502301521],[-94.4023663509999,40.5049713700001],[-94.4023363469999,40.5061815020001],[-94.4022763359999,40.5078919060001],[-94.402206307,40.50960259],[-94.402136147,40.5107252190001],[-94.4020758409999,40.5111372960001],[-94.402069139,40.511186459],[-94.4020157849999,40.5115777610001],[-94.401845597,40.512548844],[-94.4017155129999,40.5132693030001],[-94.401585319,40.513940313],[-94.40154517,40.51412099],[-94.4015463819999,40.5141347690001],[-94.401538798,40.5141744370001]],[[-94.401538798,40.5141744370001],[-94.4015361259999,40.51418842],[-94.401155503,40.5161793510001],[-94.400975514,40.517149304],[-94.400215609,40.5211688430001],[-94.4001856959999,40.5213482940001],[-94.400179732,40.521379886],[-94.399666167,40.524094656]],[[-94.3996050759999,40.5244175770001],[-94.399603487,40.52442598],[-94.398645502,40.529489466],[-94.398155488,40.532039534],[-94.398146599,40.532086598],[-94.3978901939999,40.5334440460001]],[[-94.3932569999999,40.5579213],[-94.3932359999999,40.55802],[-94.3932359999999,40.5580449],[-94.393155,40.5584597000001],[-94.392986,40.5593293000001],[-94.3927859999999,40.5604395],[-94.392685,40.5609297],[-94.392506,40.5618994000001],[-94.392366,40.5626194000001],[-94.392186,40.5635891],[-94.392096,40.5640893],[-94.3917259999999,40.5659995],[-94.391586,40.5667392],[-94.391476,40.5673494000001],[-94.391385,40.567801],[-94.391274,40.5682543],[-94.3911229999999,40.5686977],[-94.390992,40.5690301000001],[-94.390861,40.5693224],[-94.39071,40.5696243],[-94.3905789999999,40.5698675],[-94.390436,40.5700821],[-94.390394,40.5701343000001],[-94.3903749999999,40.5701637000001],[-94.3902869999999,40.5703004000001],[-94.3899739999999,40.5707343],[-94.3895219999999,40.5712467000001],[-94.389416,40.5713628]],[[-94.3978901939999,40.5334440460001],[-94.3978846539999,40.5334733780001],[-94.397815496,40.533839497],[-94.3974455109999,40.535749437],[-94.396695544,40.5397692930001],[-94.3963555289999,40.54157938],[-94.396125508,40.5427895090001],[-94.395845553,40.544239276],[-94.395715679,40.544958576],[-94.395595569,40.5456892500001],[-94.3954454719999,40.5464097220001],[-94.395355536,40.5468993820001],[-94.395075504,40.5483395620001],[-94.394775513,40.549909513],[-94.3947255099999,40.5501695410001],[-94.394719645,40.5502038130001],[-94.39466562,40.550518932],[-94.39434554,40.552219403],[-94.393975504,40.554159596],[-94.393875389,40.554670167],[-94.3938452959999,40.554810607],[-94.3938378659999,40.554853278],[-94.393705601,40.5556090750001],[-94.393665533,40.555819452],[-94.393660118,40.5558472810001],[-94.3932665459999,40.5578700720001],[-94.393256588,40.5579212530001]]]},"properties":{"id":"uniti-regional-20260919-73f4f6f2adbe0328239b","sourceId":"uniti-regional-20260919","source":"Uniti Wholesale regional transport network","sourceUrl":"https://www.unitiwholesale.com/network-map/","name":"Uniti Wholesale regional transport network","carrier":"Uniti Wholesale","category":"unknown","routeStatus":"Publisher network map; current operating status unverified","evidence":"publisher_route","geometryQuality":"publisher_geometry_unverified","dataDate":null,"metadataModified":"2025-06-13T12:55:45+00:00","retrievedAt":"2026-09-19T13:31:26.703698+00:00","networkType":"Carrier-published regional transport geometry; not a surveyed cable alignment","serviceability":"Unconfirmed","routeDiversity":"Unconfirmed","states":["MO"],"publishedLineParts":6,"importBatch":"20260919","sourceRecordIds":["45184","45187","45188","45189","45193","45194"]},"bbox":[-94.4029154149999,40.4998863910001,-94.389416,40.5713628]},{"type":"Feature","geometry":{"type":"MultiLineString","coordinates":[[[-94.065557644,36.820377691],[-94.065371388,36.820371008],[-94.065367502,36.8203708690001],[-94.05948162,36.8201562890001],[-94.059350724,36.8202835230001],[-94.058864974,36.820265798],[-94.0584067679999,36.8202490730001],[-94.058209099,36.8202345380001],[-94.058006479,36.820204378],[-94.057808211,36.820159431],[-94.05761581,36.820100016],[-94.0574310809999,36.820026709],[-94.057255464,36.819940073],[-94.057204951,36.819909699],[-94.057119127,36.819858099],[-94.057090446,36.8198408590001],[-94.056951853,36.8197403360001],[-94.0567571189999,36.8198613120001],[-94.0566711979999,36.819914689],[-94.05658316,36.819969375],[-94.056481197,36.819866075],[-94.056384985,36.8199258380001],[-94.0563241249999,36.8198651530001],[-94.05617905,36.8197204740001],[-94.056488886,36.8195280030001],[-94.056769914,36.819353408],[-94.05670581,36.8192714210001],[-94.056619305,36.8191343930001],[-94.056548895,36.818991764],[-94.0564950139999,36.8188444370001],[-94.056458165,36.818693771],[-94.056438654,36.818541085],[-94.0564366829999,36.8183906360001],[-94.0564406249999,36.818301057],[-94.056443671,36.818231811]],[[-94.057391511,36.7928091960001],[-94.057218741,36.797031691],[-94.057383101,36.797049487],[-94.0573352869999,36.797954389],[-94.057323512,36.7982220660001],[-94.057235599,36.8002218510001],[-94.057071446,36.8002417330001],[-94.056927612,36.8035064420001],[-94.0569214709999,36.8036290470001]],[[-94.0872361789999,36.8206973000001],[-94.087121652,36.820733794],[-94.086729428,36.82072019],[-94.086714129,36.821247632],[-94.086355008,36.821235137],[-94.085650172,36.8212106130001],[-94.0855613529999,36.821218851],[-94.0851328359999,36.821258604],[-94.084359886,36.821231701],[-94.083924385,36.82121406]],[[-94.058910369,36.764885265],[-94.058910054,36.764887806],[-94.0589099539999,36.7648955020001],[-94.058907111,36.7650529450001],[-94.058771871,36.765267015],[-94.0587503039999,36.7657579250001],[-94.058750167,36.7657609830001],[-94.0585125599999,36.7711686270001],[-94.058512422,36.771171686],[-94.058295051,36.776032914],[-94.058137313,36.776083251],[-94.058120015,36.776444316],[-94.05811364,36.776508144],[-94.058110535,36.7765840500001]],[[-94.056921,36.8036409000001],[-94.0568519999999,36.8052507],[-94.056833,36.8056470000001],[-94.0568239999999,36.8059201],[-94.056989,36.8059684],[-94.0568479999999,36.8090434000001],[-94.0568479999999,36.8090465000001],[-94.056845,36.8090751]],[[-94.178706078,36.8616497740001],[-94.178623986,36.8616478390001],[-94.178594693,36.8615217450001],[-94.1783068029999,36.861513598],[-94.17699798,36.8614925410001],[-94.176874282,36.8614905480001],[-94.175490516,36.861471952],[-94.174054607,36.861451381],[-94.172698865,36.861432477],[-94.171305913,36.8614164040001],[-94.169972253,36.861394778],[-94.169326898,36.8615180580001],[-94.169036352,36.8615134550001],[-94.167290029,36.8614660260001],[-94.166901192,36.8614564690001],[-94.165918931,36.8614323030001],[-94.164772748,36.861401319],[-94.164525289,36.8613937960001],[-94.16318553,36.8613622450001],[-94.161887951,36.8613277430001],[-94.160760696,36.861299037],[-94.160636622,36.8612952560001],[-94.159383556,36.861267785],[-94.15811651,36.860774077],[-94.156786857,36.8602576430001],[-94.1565020479999,36.8601470200001],[-94.155168631,36.8596134850001],[-94.154914713,36.8595144710001],[-94.153696732,36.859032095],[-94.1535843569999,36.858981984],[-94.152174915,36.85842627],[-94.15089468,36.8579121600001],[-94.149385763,36.857316262],[-94.148326422,36.856894438],[-94.148273627,36.856873385],[-94.146916327,36.856332089],[-94.14663034,36.856218051],[-94.1455000709999,36.85576731],[-94.143974959,36.8551563550001],[-94.142636742,36.8546256650001],[-94.141304454,36.854097268],[-94.139900373,36.85353467],[-94.136474707,36.8521663430001],[-94.135036611,36.8515918740001],[-94.1337563019999,36.851088675]],[[-94.093625865,36.821454875],[-94.0935756659999,36.821531099],[-94.093491767,36.821851392],[-94.093659066,36.822103058],[-94.0937445279999,36.8222316220001],[-94.093780763,36.822286122],[-94.093955002,36.8225317370001],[-94.094140199,36.8227905380001],[-94.094090106,36.822852745],[-94.094323475,36.823178856],[-94.09475675,36.823784279],[-94.0955688939999,36.824919112],[-94.0957079789999,36.8251134400001],[-94.0967074019999,36.8265098950001],[-94.0976894629999,36.8278820200001],[-94.097829417,36.8279453480001],[-94.098356281,36.828681458],[-94.098910055,36.8294551270001],[-94.099245175,36.8299233230001],[-94.099508584,36.8302913150001],[-94.099607729,36.830363729],[-94.099879179,36.830459375],[-94.099968476,36.830508152],[-94.1000327689999,36.8305626280001],[-94.100107834,36.830633955],[-94.1003316379999,36.830896909],[-94.1005122449999,36.83113081],[-94.100613405,36.831365455],[-94.100629646,36.8316450560001],[-94.1006616289999,36.831836014],[-94.1008490769999,36.832097874],[-94.10112979,36.8324753800001],[-94.101326909,36.8327048290001],[-94.1015045249999,36.832891542],[-94.1017072239999,36.833100883],[-94.101942755,36.833344131],[-94.102260985,36.83367279],[-94.1026765679999,36.8340989270001],[-94.1033643279999,36.834711274],[-94.103802563,36.835084302],[-94.104075531,36.835302159],[-94.104508848,36.8356042460001],[-94.104578593,36.835652899],[-94.105339793,36.8361838970001],[-94.10587167,36.836554919],[-94.1059653249999,36.836620246],[-94.106470147,36.836972394],[-94.1119331209999,36.8407827820001],[-94.112230476,36.8409901640001],[-94.11564162,36.843369054],[-94.115706291,36.843413442],[-94.1157704189999,36.843456048],[-94.115836262,36.8434984000001],[-94.115902026,36.8435393390001],[-94.115971012,36.8435808840001],[-94.116161275,36.843693597],[-94.1162111359999,36.843723138],[-94.116770351,36.844054398],[-94.116983799,36.844178602],[-94.117198674,36.844299247],[-94.117415716,36.8444167810001],[-94.117634912,36.844531197],[-94.117858198,36.844643497],[-94.119196385,36.8453038910001],[-94.1192268569999,36.845318579],[-94.119255658,36.845331801],[-94.119284551,36.845344412],[-94.119314892,36.845356989],[-94.119345292,36.8453689560001],[-94.120518943,36.8458183330001],[-94.121854624,36.8463083500001],[-94.121914147,36.8464751390001],[-94.123690328,36.8471267350001],[-94.124905589,36.8475725370001],[-94.125238877,36.8476947930001],[-94.125405046,36.8476107920001],[-94.126318091,36.847974634],[-94.127015349,36.8482433130001],[-94.127402455,36.8481896000001],[-94.127834704,36.8483801240001],[-94.1279140729999,36.8485962400001],[-94.1291718369999,36.8491086820001],[-94.129206655,36.849273103],[-94.130876265,36.849938469],[-94.133754694,36.8510883710001]],[[-94.056443671,36.818231811],[-94.056459226,36.8178779400001],[-94.0564908649999,36.817158631],[-94.0565076839999,36.816776147],[-94.0563474099999,36.8166882830001],[-94.056371489,36.816140953],[-94.056401406,36.815460687],[-94.0564248599999,36.814927287],[-94.0564330139999,36.814741806],[-94.056601913,36.814633465],[-94.056609712,36.814454074],[-94.056616106,36.814307152],[-94.0566450379999,36.81384963],[-94.056663665,36.8132291110001],[-94.056700822,36.812384061],[-94.056735166,36.8116030000001],[-94.056758072,36.8110824290001],[-94.0566014139999,36.810912681],[-94.0566223979999,36.81043544],[-94.056668009,36.8093982010001],[-94.056835226,36.809327629],[-94.0568454789999,36.809075148]],[[-94.058110535,36.7765840500001],[-94.0581020609999,36.776797591],[-94.057944462,36.7804262380001],[-94.058100408,36.780503609],[-94.0580370159999,36.7819900170001],[-94.058036879,36.781993076],[-94.0579668079999,36.7836398530001],[-94.057797727,36.7836925120001],[-94.0576351,36.787389895]],[[-94.1864872309999,36.858829126],[-94.186488158,36.858875254],[-94.186495327,36.8588865150001],[-94.186496117,36.858896617],[-94.186501602,36.858912441],[-94.186454264,36.858883948],[-94.185717348,36.8588734150001],[-94.185312219,36.8588668800001],[-94.1846370959999,36.8588575310001],[-94.183828288,36.858845165],[-94.18382768,36.8589385810001],[-94.1838208449999,36.859177802],[-94.184090881,36.859366025],[-94.184086571,36.859626425],[-94.184059603,36.8608808640001],[-94.184043775,36.861655444],[-94.1838034849999,36.8617247550001],[-94.183043894,36.861710111],[-94.1823868499999,36.8617017600001],[-94.181167074,36.861686569],[-94.179390037,36.8616567330001]],[[-94.0872361789999,36.8206973000001],[-94.0871207549999,36.82067006],[-94.0870462249999,36.820666093],[-94.087053469,36.820537259],[-94.08721406,36.820384785],[-94.0877502719999,36.820403094],[-94.087918814,36.8203648100001],[-94.088136177,36.820467002],[-94.0884102109999,36.820597111],[-94.088535771,36.820602148],[-94.089136106,36.8206268640001],[-94.089203437,36.820563322],[-94.0894325259999,36.8205744960001],[-94.090577653,36.820618989],[-94.090598359,36.8206198330001],[-94.091180036,36.82064338],[-94.0914611109999,36.8206547610001],[-94.0922921429999,36.820688413],[-94.092424695,36.8206937740001],[-94.0925038499999,36.8206979280001],[-94.092813346,36.8205644020001],[-94.0930017969999,36.8209382210001],[-94.093265477,36.820947383],[-94.093624371,36.820959853],[-94.0936258679999,36.8214548810001]],[[-94.17939,36.8616567],[-94.1787439999999,36.8616494],[-94.178706,36.8616498000001]],[[-94.083924,36.8212141000001],[-94.083792,36.8211459],[-94.0834809999999,36.8211351],[-94.083299,36.8211288000001],[-94.075465,36.8208557],[-94.075461,36.8208556000001],[-94.075109,36.8208434000001],[-94.0746809999999,36.8208284],[-94.0741829999999,36.820679],[-94.073505,36.8206553],[-94.072119,36.8206070000001],[-94.068058,36.8204651],[-94.0658519999999,36.820388],[-94.065558,36.8203777]],[[-94.056110966,36.7637325800001],[-94.0561898979999,36.7634283790001],[-94.056394,36.7634293]],[[-94.056394,36.7634293],[-94.056585,36.7634325000001],[-94.056612,36.7634339],[-94.05659,36.7637948],[-94.056587,36.7638486000001],[-94.056538,36.7646852],[-94.0565349999999,36.7647256000001],[-94.0565319999999,36.7647754000001],[-94.0566179999999,36.7647788],[-94.057665,36.7648255],[-94.05891,36.7648853000001]],[[-94.0576351,36.787389895],[-94.057614631,36.7878328730001],[-94.0575252899999,36.789918238],[-94.0574953409999,36.790582741],[-94.057666817,36.7905896280001],[-94.057619463,36.7915874610001],[-94.0574563659999,36.791603836],[-94.057392114,36.7927363480001],[-94.057391511,36.7928091960001]],[[-94.0047257579999,36.7714954320001],[-94.004724336,36.771550722],[-94.004678343,36.773068551],[-94.004629332,36.774195756],[-94.004628854,36.774213504],[-94.0046088559999,36.774333502],[-94.00460486,36.774387393],[-93.997232874,36.774172961]],[[-94.056178168,36.7634017770001],[-94.056209861,36.763394603],[-94.056213143,36.763313241]],[[-94.01098403,36.7601212970001],[-94.01092498,36.760118748]],[[-94.0408397789999,36.761021296],[-94.040807894,36.76103593],[-94.040794734,36.7612483290001],[-94.040674848,36.7612441570001]],[[-94.0481449329999,36.7613091320001],[-94.048120368,36.7613081640001],[-94.046994371,36.7612651420001],[-94.046274297,36.761236748],[-94.0444498099999,36.76116359],[-94.044380535,36.7611608460001],[-94.0443794729999,36.7611608010001],[-94.044066215,36.7611484770001],[-94.043441032,36.76112384],[-94.0427801609999,36.7610977890001],[-94.042049393,36.7610689850001],[-94.0415347379999,36.7610486940001],[-94.041434614,36.7610447490001],[-94.0408397789999,36.761021296]],[[-94.009647198,36.7637561500001],[-94.00963325,36.764021169]],[[-94.010923443,36.760118681],[-94.010882026,36.7601304290001],[-94.010882668,36.7601333650001],[-94.009850522,36.760088814],[-94.009837846,36.7600890040001],[-94.0097316279999,36.761971945],[-94.0096916319999,36.762911869],[-94.0096595319999,36.7635217960001],[-94.009654908,36.763609649],[-94.009647198,36.7637561500001]],[[-94.0560984699999,36.7637321490001],[-94.056178168,36.7634017770001]],[[-94.0257494419999,36.760699985],[-94.024173633,36.760515925],[-94.023251428,36.760408198],[-94.022390732,36.7603076510001],[-94.0216575219999,36.7602219980001],[-94.020637315,36.7601027970001],[-94.020550121,36.7600926150001],[-94.020374598,36.760072103],[-94.020146097,36.7600454060001],[-94.0198382299999,36.760009438],[-94.019467027,36.7599660610001],[-94.018893824,36.75989908],[-94.018871885,36.7598992550001],[-94.017969995,36.7598992580001],[-94.0178830469999,36.7599017410001],[-94.011950167,36.76006928],[-94.011526512,36.760059192],[-94.011432084,36.7600528940001],[-94.0113990849999,36.7600485660001],[-94.011306684,36.760094768],[-94.011178617,36.760129695],[-94.01098403,36.7601212970001]],[[-94.0406753349999,36.7612441740001],[-94.039403192,36.761199898],[-94.038456755,36.761166949],[-94.037827309,36.761142643],[-94.037541177,36.761126951],[-94.037228075,36.7611097770001],[-94.036502345,36.7610699690001],[-94.035576884,36.7610192000001],[-94.034946491,36.7610027860001],[-94.034323074,36.7609865520001],[-94.033772485,36.7609722110001],[-94.0327062219999,36.760937036],[-94.032104616,36.760916681],[-94.031215104,36.76088658],[-94.0306531859999,36.760860952],[-94.030332758,36.760843939],[-94.029764535,36.760813768],[-94.0292690269999,36.7607874560001],[-94.0288193379999,36.7607635750001],[-94.028522478,36.7607523880001],[-94.0278892439999,36.7607322900001],[-94.027259279,36.7607122910001],[-94.0266758989999,36.7606937700001],[-94.026207142,36.7606796530001],[-94.025899459,36.7606884460001],[-94.025749505,36.760700527]],[[-94.00963325,36.764021169],[-94.009628575,36.764109998],[-94.009621614,36.7642422640001],[-94.0095316429999,36.7656818180001],[-94.0094816229999,36.767352551],[-94.009460336,36.7675654170001],[-94.009414199,36.767626933],[-94.009362233,36.767677534],[-94.007326801,36.76878957],[-94.0051232809999,36.770205408],[-94.00495002,36.7703690490001],[-94.0048906869999,36.770445328],[-94.004881629,36.770572158],[-94.004861658,36.7710913510001],[-94.004854549,36.771325974],[-94.0047310849999,36.771327984],[-94.0047257579999,36.7714954320001]],[[-94.056213138,36.7633132380001],[-94.0562225209999,36.76331098],[-94.0563865729999,36.763314472],[-94.056538963,36.763284604],[-94.056592138,36.7623707970001],[-94.0566237149999,36.761779507],[-94.056587026,36.76177808],[-94.05555111,36.761736399],[-94.055489729,36.7617320160001],[-94.0554798699999,36.761727798],[-94.0553973419999,36.761690528],[-94.0553825849999,36.7616891800001],[-94.054470042,36.76165988],[-94.052000702,36.761560462],[-94.051901487,36.761556477],[-94.051307262,36.761532634],[-94.0512222569999,36.7615292620001],[-94.0504006049999,36.761496929],[-94.04990795,36.7613774650001],[-94.0498603509999,36.761352827],[-94.04982395,36.761343308],[-94.0494254829999,36.761354435],[-94.049349513,36.761356554],[-94.0489335029999,36.7613401830001],[-94.0481449329999,36.7613091320001]],[[-94.189196266,36.859085539],[-94.189686837,36.859092414]],[[-94.186501602,36.858912441],[-94.186517733,36.8589267470001],[-94.186519112,36.859047284],[-94.1868198509999,36.859050074],[-94.187041385,36.8590536780001],[-94.1878364609999,36.8590664770001],[-94.1887523669999,36.859079319],[-94.189195184,36.8590855250001]],[[-94.186504112,36.858829562],[-94.186505053,36.858854958]],[[-94.186505053,36.858854958],[-94.1865074309999,36.858886408],[-94.186507575,36.858898543],[-94.186501602,36.858912441]],[[-94.011606217,36.8179298530001],[-94.011745,36.817936],[-94.012096001,36.8179468000001],[-94.012805,36.8179954],[-94.014231999,36.8180700990001],[-94.016102,36.8181648],[-94.017228,36.8182243000001],[-94.020395,36.8183654010001],[-94.020523,36.8183753000001],[-94.022027,36.8184350000001],[-94.026741,36.8186230000001],[-94.029791,36.8187606000001],[-94.033355,36.8189274000001],[-94.034867,36.8189912990001],[-94.036893,36.8190661],[-94.037562,36.819091299],[-94.0376439999999,36.8190502],[-94.0386099999999,36.8190874000001],[-94.03864,36.81913],[-94.038944,36.8191383000001],[-94.040059,36.8191909],[-94.042391,36.8192765000001],[-94.044561,36.8193597],[-94.04675,36.8194387],[-94.047584,36.8194654],[-94.0481609989999,36.8194952000001],[-94.048691,36.8194859000001],[-94.049261,36.8194358000001],[-94.049975,36.8193458000001],[-94.050852,36.8192456],[-94.051258001,36.8192144000001],[-94.0518759999999,36.8191753990001],[-94.052328,36.8191557000001],[-94.052526001,36.8191087000001],[-94.0527079999999,36.8190415],[-94.0529099999999,36.8189439000001],[-94.05305,36.8188616],[-94.0532469999999,36.818767],[-94.0534499999999,36.8186974000001],[-94.0536529999999,36.8186653000001],[-94.0538549999999,36.8186653000001],[-94.054039,36.8186869],[-94.054221,36.818751201],[-94.05438,36.8188253000001],[-94.05452,36.8189219000001],[-94.0547349999999,36.8191371],[-94.055033,36.8194750000001],[-94.055243,36.8196471000001],[-94.055472,36.8197612010001],[-94.0556119999999,36.8198079000001],[-94.055751,36.8198358000001],[-94.05589,36.8198451000001],[-94.056049,36.8198358000001],[-94.056187,36.8198083],[-94.0563070009999,36.819761999],[-94.056544,36.8196436010001],[-94.0568059999999,36.8194651000001],[-94.0566699999999,36.8193041000001],[-94.05661,36.8192069000001],[-94.0565129999999,36.8190320000001],[-94.0564459999999,36.8188455000001],[-94.056404001,36.8186287],[-94.056393,36.8184252],[-94.056389,36.8182689000001],[-94.056443671,36.818231811]]]},"properties":{"id":"uniti-regional-20260919-fa3396bed628d8a6bc62","sourceId":"uniti-regional-20260919","source":"Uniti Wholesale regional transport network","sourceUrl":"https://www.unitiwholesale.com/network-map/","name":"Uniti Wholesale regional transport network","carrier":"Uniti Wholesale","category":"unknown","routeStatus":"Publisher network map; current operating status unverified","evidence":"publisher_route","geometryQuality":"publisher_geometry_unverified","dataDate":null,"metadataModified":"2025-06-13T12:55:45+00:00","retrievedAt":"2026-09-19T13:31:26.703698+00:00","networkType":"Carrier-published regional transport geometry; not a surveyed cable alignment","serviceability":"Unconfirmed","routeDiversity":"Unconfirmed","states":["MO"],"publishedLineParts":33,"importBatch":"20260919","sourceRecordIds":["10007","10009","10011","10013","10014","10017","10021","10028","10040","10042","10043","10044","27375","27385","27386","27388","64644","8882","8883","8884","8885","8886","8887","8888","8889","8890","8891","8892","8893","8894","8895","8896","8897"]},"bbox":[-94.189686837,36.75989908,-93.997232874,36.8617247550001]},{"type":"Feature","geometry":{"type":"MultiLineString","coordinates":[[[-94.0114609999999,40.0320042000001],[-94.0133509999999,40.0320008],[-94.0150839999999,40.0319977],[-94.0166809999999,40.0319949],[-94.017216,40.0318621000001],[-94.018387,40.0318600000001],[-94.0187089999999,40.0318594],[-94.020232,40.0318566],[-94.021019,40.0318552],[-94.021807,40.0318537],[-94.022676,40.0318553000001],[-94.022924,40.0319175000001],[-94.023064,40.0320054000001],[-94.023081,40.0320161000001],[-94.023164,40.0321063000001],[-94.023222,40.0322125000001],[-94.023248,40.0323429000001],[-94.0232499999999,40.0325158000001],[-94.023265,40.0332754],[-94.0232829999999,40.0341823],[-94.023293,40.0347092000001],[-94.023309,40.0349886000001],[-94.023399,40.0351957],[-94.023571,40.0353654],[-94.023742,40.0354594],[-94.0240019999999,40.0355264],[-94.024208,40.0355359000001],[-94.024436,40.0355329000001],[-94.025051,40.0355235000001],[-94.025521,40.035518],[-94.027636,40.0354889000001],[-94.0277399999999,40.0356193000001],[-94.02855,40.0356192],[-94.028868,40.0356227],[-94.0292209999999,40.0356696000001],[-94.029592,40.0358207000001],[-94.029817,40.0359719],[-94.0304419999999,40.0364171],[-94.0319019999999,40.0374562000001],[-94.033303,40.0384534],[-94.033543,40.0386248]],[[-94.0506719999999,40.0438268],[-94.050597,40.0436106000001]],[[-93.993583652,40.03217248],[-93.9936059999999,40.0321722],[-93.994562002,40.032160403],[-93.9951919969999,40.032152598],[-93.996362001,40.032138003],[-93.997251004,40.0321270040001],[-93.997509005,40.0321238010001],[-93.9975749989999,40.032057098],[-93.9976160049999,40.0320566],[-93.998047995,40.0320511990001],[-93.999443003,40.032033805],[-94.000916996,40.032022195],[-94.00237,40.0320196970001],[-94.005688998,40.0320141],[-94.007207996,40.032011498],[-94.007226003,40.032011498]],[[-94.051617,40.0439500000001],[-94.0506719999999,40.0438268]],[[-94.1281489999999,40.0464953000001],[-94.1276139999999,40.0467498],[-94.127397,40.0466836],[-94.127285,40.0466494],[-94.127135,40.0466109000001],[-94.126886,40.0465638000001],[-94.12665,40.0465376000001],[-94.1262589999999,40.0465300000001],[-94.124592,40.0465502000001],[-94.1244309999999,40.0465512000001],[-94.124355,40.0465516],[-94.1241419999999,40.0464870000001],[-94.120872,40.0465063],[-94.120457,40.0465087000001],[-94.119425,40.0465147],[-94.119074,40.0465168000001],[-94.11839,40.0465436000001],[-94.1178159999999,40.046569],[-94.117495,40.046586]],[[-94.0505970039999,40.043610599],[-94.0462809969999,40.0430343],[-94.040081996,40.0422061040001],[-94.0399620049999,40.0421901020001],[-94.0398510049999,40.042175302],[-94.039658004,40.042142002],[-94.039434999,40.042078802],[-94.0390370009999,40.041935299],[-94.038339,40.0416759030001],[-94.037610994,40.0413615030001],[-94.0370809949999,40.041081096],[-94.0365679979999,40.040766101],[-94.036070003,40.0404232980001],[-94.0346779989999,40.039432096],[-94.033567657,40.038622708],[-94.0335414689999,40.0386238780001]],[[-94.117495,40.046586],[-94.1172339999999,40.0465997000001],[-94.117162,40.0467981],[-94.114737,40.0470852],[-94.114613,40.0471918000001]],[[-94.0072259999999,40.0320115000001],[-94.0114609999999,40.0320042000001]],[[-94.134429097,40.0457332460001],[-94.134304388,40.0456786710001],[-94.134298654,40.0455246160001],[-94.1331481559999,40.0455197860001],[-94.133141753,40.045683454],[-94.133135572,40.0458611450001],[-94.132373908,40.0458671210001],[-94.13083175,40.0458492590001],[-94.130433061,40.0458541580001],[-94.130435663,40.046111919],[-94.130463533,40.0468555750001],[-94.1302339279999,40.046840198],[-94.1290831969999,40.04676755],[-94.128352514,40.046547788],[-94.128148529,40.0464953310001]],[[-94.052423,40.0438544],[-94.0519639999999,40.0439962],[-94.051617,40.0439500000001]],[[-94.1146130819999,40.047191764],[-94.114357545,40.0473787770001],[-94.114273065,40.047442607],[-94.114153629,40.047501007],[-94.114063621,40.0475248590001],[-94.1139866249999,40.047532823],[-94.113906969,40.047531284],[-94.113896913,40.047530559],[-94.1137959879999,40.0475232710001],[-94.1133288789999,40.047487097],[-94.112816886,40.047452564],[-94.11250204,40.047441539],[-94.111989705,40.04743727],[-94.111409007,40.0474511200001],[-94.110544724,40.0474524680001],[-94.110061823,40.0475860700001],[-94.1089848829999,40.0475900750001],[-94.107676162,40.047595872],[-94.1075840139999,40.04755663],[-94.107384971,40.0474762260001],[-94.107312887,40.04744645],[-94.106364158,40.047054566],[-94.1061150369999,40.0469629340001],[-94.10592324,40.0469070290001],[-94.1057495749999,40.0468628990001],[-94.105504262,40.0468142080001],[-94.105273792,40.0467844390001],[-94.104991474,40.0467653480001],[-94.104695335,40.0467655680001],[-94.104277526,40.046799521],[-94.103718058,40.046864779],[-94.103336389,40.0469090720001],[-94.102474623,40.047009087],[-94.100106596,40.0472838840001],[-94.098666953,40.047450919],[-94.097934669,40.047535875],[-94.096724391,40.0476762750001],[-94.096029227,40.04775283],[-94.095955181,40.04775834],[-94.0957625459999,40.047732849],[-94.0956136359999,40.0476619240001],[-94.0955296179999,40.04758064],[-94.095518839,40.0475587880001],[-94.095473893,40.0474676850001],[-94.0955183939999,40.0462496650001],[-94.093740364,40.0462778990001],[-94.093727191,40.0466902530001],[-94.093480626,40.0469837800001],[-94.093127636,40.04700337],[-94.092787792,40.04702223],[-94.091861825,40.0470736020001],[-94.090583549,40.047144508],[-94.089561641,40.0472011860001],[-94.089208446,40.047088629],[-94.088502762,40.0471277660001],[-94.086419829,40.0472432380001],[-94.0846534619999,40.047341137],[-94.084272093,40.0473628120001],[-94.08411045,40.0474035440001],[-94.0840255319999,40.0474598670001],[-94.083962221,40.047533351],[-94.0839331289999,40.047578238],[-94.0838619849999,40.04764386],[-94.0838173499999,40.0476690580001],[-94.083790403,40.047684266],[-94.083708647,40.0477104610001],[-94.0835786379999,40.0477218500001],[-94.083483869,40.0477181890001],[-94.083355691,40.047711894],[-94.082960183,40.0476924770001],[-94.0826969839999,40.0476795540001],[-94.0825548399999,40.047672575],[-94.082295426,40.047662959],[-94.0822475209999,40.047664049],[-94.082204331,40.0476650370001],[-94.081966716,40.047679982],[-94.0818569209999,40.0476874170001],[-94.08167661,40.047699627],[-94.0808776119999,40.0477537240001],[-94.0804335189999,40.047786042],[-94.0803437069999,40.0477298910001],[-94.079805707,40.0477615120001],[-94.079703119,40.047834654],[-94.078967865,40.047883004],[-94.0757739319999,40.0480922180001],[-94.075693404,40.0480877050001],[-94.0756137,40.048077736],[-94.075535469,40.0480623990001],[-94.075459294,40.0480418010001],[-94.075385795,40.0480161130001],[-94.07531553,40.0479855360001],[-94.075249065,40.047950303],[-94.075186902,40.0479106980001],[-94.0751295429999,40.0478670200001],[-94.07509048,40.0478323190001],[-94.075019336,40.0477511880001],[-94.075005461,40.047735367],[-94.074920896,40.0475814060001],[-94.074853946,40.0474209750001],[-94.074825545,40.047354526],[-94.074790459,40.0472899970001],[-94.074748883,40.047227779],[-94.074701094,40.0471682560001],[-94.0746473789999,40.047111801],[-94.074588063,40.0470587570001],[-94.0745235269999,40.0470094510001],[-94.074454149,40.04696419],[-94.074380365,40.046923252],[-94.07430263,40.0468868770001],[-94.074221426,40.046855313],[-94.074137252,40.046828727],[-94.074050627,40.0468073110001],[-94.073962079,40.0467911740001],[-94.073872152,40.046780427],[-94.07378141,40.046775128],[-94.0737164879999,40.0467747000001],[-94.07302042,40.0467582640001],[-94.071662154,40.046725827],[-94.071528756,40.0467226380001],[-94.071384924,40.0471787120001],[-94.0708296509999,40.0471648860001],[-94.070638273,40.046899162],[-94.069882242,40.0468810990001],[-94.068068431,40.046837742],[-94.067749185,40.046764174],[-94.064423762,40.046684595],[-94.061715168,40.0466197120001],[-94.061130019,40.0466056810001],[-94.06033139,40.046586534],[-94.058532178,40.046543375],[-94.058233683,40.0465361760001],[-94.057872117,40.0464863280001],[-94.057698121,40.046415729],[-94.057589241,40.0463569020001],[-94.057465581,40.0462616820001],[-94.0573505999999,40.0461072800001],[-94.057285961,40.04591888],[-94.057279781,40.045768471],[-94.057289149,40.045519788],[-94.057304643,40.045241498],[-94.057303888,40.045131444],[-94.057306904,40.044986803],[-94.0572999549999,40.0449292490001],[-94.05728593,40.044872459],[-94.057264956,40.044816951],[-94.057237229,40.0447632190001],[-94.057202992,40.0447117530001],[-94.057162561,40.0446630100001],[-94.057116298,40.0446174420001],[-94.057064624,40.0445754470001],[-94.0570079949999,40.0445374110001],[-94.05694693,40.0445036680001],[-94.056881979,40.044474537],[-94.0568137179999,40.0444502660001],[-94.0567427779999,40.044431086],[-94.056669782,40.044417158],[-94.056595396,40.0444086200001],[-94.0565470119999,40.0444059980001],[-94.055188793,40.0442235580001],[-94.0534953759999,40.043997523],[-94.052423274,40.043854406]]]},"properties":{"id":"uniti-regional-20260919-514e11b1b3d2565e48ee","sourceId":"uniti-regional-20260919","source":"Uniti Wholesale regional transport network","sourceUrl":"https://www.unitiwholesale.com/network-map/","name":"Uniti Wholesale regional transport network","carrier":"Uniti Wholesale","category":"unknown","routeStatus":"Publisher network map; current operating status unverified","evidence":"publisher_route","geometryQuality":"publisher_geometry_unverified","dataDate":null,"metadataModified":"2025-06-13T12:55:45+00:00","retrievedAt":"2026-09-19T13:31:26.703698+00:00","networkType":"Carrier-published regional transport geometry; not a surveyed cable alignment","serviceability":"Unconfirmed","routeDiversity":"Unconfirmed","states":["MO"],"publishedLineParts":11,"importBatch":"20260919","sourceRecordIds":["88408","88409","88410","88411","88412","88414","88415","88417","88419","88423","88424"]},"bbox":[-94.134429097,40.0318537,-93.993583652,40.0480922180001]},{"type":"Feature","geometry":{"type":"MultiLineString","coordinates":[[[-93.922877764,36.8162185140001],[-93.923314184,36.816221181],[-93.92377711,36.816225277],[-93.924505406,36.816230143],[-93.925259682,36.81623618],[-93.9255681989999,36.816238647],[-93.926219157,36.8162457090001],[-93.926746438,36.8162612960001],[-93.9278956969999,36.8163025920001],[-93.928231968,36.816309752],[-93.929008676,36.8163242470001]],[[-93.961746034,36.8168124520001],[-93.961831874,36.8168138340001],[-93.965217934,36.816868389],[-93.966558795,36.8168984070001],[-93.966956661,36.816898409]],[[-93.9955194349999,36.7889919630001],[-93.995438255,36.7889596],[-93.99544855,36.788631335],[-93.995412495,36.788630415],[-93.991307034,36.788525631],[-93.989203894,36.7884582450001]],[[-93.9669566649999,36.816898409],[-93.967299547,36.8168984110001]],[[-93.922847841,36.8165596210001],[-93.922880699,36.8164589090001],[-93.922877769,36.8162185140001]],[[-93.9854616869999,36.817179207],[-93.985441066,36.817165017],[-93.985430003,36.817164731],[-93.985359297,36.817164145],[-93.985541471,36.812468159],[-93.985701531,36.8089467720001],[-93.9857815029999,36.808167043],[-93.98583145,36.806648739],[-93.985877997,36.804786764],[-93.985997964,36.8047886680001],[-93.986011402,36.804251363],[-93.986043425,36.804231885],[-93.986063198,36.8038937060001]],[[-93.9680879759999,36.816907281],[-93.968137663,36.8169083860001],[-93.969547975,36.816938388],[-93.9707681579999,36.816958394],[-93.972438511,36.816988399],[-93.9744783999999,36.8170084000001],[-93.975478128,36.8170283920001],[-93.9768180629999,36.8170483910001],[-93.978238474,36.817078399],[-93.97960876,36.817088402],[-93.9815083189999,36.8171183960001],[-93.985389171,36.817178407],[-93.98543,36.817178412],[-93.985461689,36.8171792050001]],[[-93.929198194,36.816286034],[-93.9320291939999,36.8163284120001],[-93.932170003,36.816328409]],[[-93.9863115809999,36.798955581],[-93.986332251,36.798421741],[-93.986412244,36.795541455],[-93.986414881,36.795514354],[-93.986486932,36.7947398110001],[-93.9864922409999,36.7946818830001],[-93.9865522649999,36.7930109380001],[-93.9865522709999,36.792841659],[-93.986387727,36.792840149],[-93.9863877339999,36.7923389600001],[-93.986544005,36.788402982],[-93.986545328,36.788374081],[-93.986665831,36.788376875],[-93.986976703,36.788386845],[-93.988949653,36.7884500960001],[-93.989203893,36.7884582460001]],[[-93.9972328699999,36.774172965],[-93.997169926,36.774171129],[-93.996418879,36.7741492600001],[-93.9964020629999,36.7741492580001],[-93.99634995,36.7741492580001],[-93.9963045859999,36.7741492530001],[-93.996231892,36.774178331],[-93.996189658,36.7742276070001],[-93.9960664819999,36.774216488],[-93.9960284159999,36.7744259130001],[-93.995918326,36.77844872],[-93.995890784,36.779177352],[-93.9958889549999,36.7792257360001],[-93.995922143,36.7792549960001],[-93.995621225,36.7877435610001],[-93.9956142359999,36.788090143],[-93.9955535559999,36.788112891],[-93.995523066,36.7889080040001],[-93.9955194349999,36.7889919630001]],[[-93.9228222089999,36.816652145],[-93.922845712,36.8166228260001],[-93.922847841,36.8165596210001]],[[-93.932170006,36.816328411],[-93.935149098,36.816378415],[-93.935189075,36.816378415],[-93.938075367,36.8164120480001],[-93.938855926,36.816425419],[-93.940015842,36.816445289],[-93.9422654259999,36.8164838270001],[-93.943152337,36.81649902],[-93.944528572,36.816538403],[-93.949758236,36.816588397],[-93.950015784,36.816594378]],[[-93.967299547,36.8168984110001],[-93.9676899999999,36.8168984070001],[-93.9680879759999,36.816907281]],[[-93.986063198,36.8038937060001],[-93.986065019,36.803862388],[-93.986131221,36.8027296290001],[-93.9861322099999,36.802712677],[-93.9862722239999,36.799972354],[-93.986294242,36.7994035240001]],[[-93.986294242,36.7994035240001],[-93.986311582,36.7989555830001]],[[-93.929008676,36.81632425],[-93.929038485,36.816315633],[-93.929166713,36.8163182430001],[-93.9291981959999,36.8162860300001]],[[-93.950015777,36.816594374],[-93.950119147,36.816596776],[-93.9540678879999,36.81668839],[-93.961746034,36.8168124520001]],[[-93.795561201,36.9638025940001],[-93.795544679,36.964319671],[-93.795503573,36.9652110230001],[-93.7956978869999,36.9653999650001],[-93.795668411,36.96627977],[-93.795547549,36.966782599],[-93.795519005,36.967021854],[-93.7955324489999,36.967091243],[-93.7955324489999,36.9672300010001],[-93.7955324489999,36.967254601],[-93.7955324489999,36.967670472],[-93.795500213,36.9683038260001],[-93.795494766,36.9686710610001],[-93.795488743,36.9692613620001],[-93.7954825589999,36.9695041790001],[-93.7954732009999,36.9696913660001],[-93.795460481,36.969886901],[-93.7954457,36.970017511],[-93.795401381,36.9701393870001],[-93.7953672689999,36.970192986],[-93.795261986,36.9701772720001],[-93.79477027,36.97016498],[-93.794766737,36.9707531980001],[-93.7947667609999,36.9707815400001]],[[-93.8261954819999,36.9708200640001],[-93.826288324,36.970822082],[-93.830918326,36.970882084],[-93.8310000279999,36.970883035]],[[-93.794677168,36.974097466],[-93.7947298869999,36.974080406],[-93.794917744,36.974019625],[-93.795142035,36.9739915910001],[-93.795453148,36.973972151],[-93.797626141,36.9740020450001],[-93.798497245,36.974042103],[-93.801516659,36.9740320700001],[-93.801738128,36.9740099250001],[-93.8019021219999,36.9739513540001],[-93.802040375,36.973870699],[-93.802300046,36.973631012],[-93.802509384,36.9735113890001],[-93.802545542,36.97349072],[-93.802474452,36.9733292770001],[-93.802565411,36.973325485],[-93.802997315,36.9733074850001],[-93.803776332,36.9734289030001],[-93.803958397,36.973447106],[-93.8040897989999,36.9734306820001],[-93.804255398,36.9733696650001],[-93.8044608289999,36.973238945],[-93.805583997,36.9723287840001],[-93.805620451,36.972299252],[-93.8057493969999,36.972406162],[-93.8059402649999,36.972283125],[-93.8061088909999,36.972212121],[-93.806485835,36.972143999]],[[-93.8308923869999,36.976740346],[-93.83089217,36.9767637150001],[-93.830872455,36.9788812560001],[-93.830626675,36.9852323420001],[-93.8306250319999,36.985274803],[-93.83054058,36.985274329],[-93.830307094,36.9852743280001]],[[-93.830307094,36.9852743280001],[-93.8302616509999,36.9852743280001],[-93.8291408849999,36.985274324],[-93.826207653,36.9852242740001],[-93.826023327,36.9852357930001],[-93.825896596,36.985299158],[-93.825809008,36.9853757990001],[-93.825757546,36.985508768],[-93.825627544,36.991018532],[-93.8254575449999,36.996248299],[-93.825456354,36.9962943030001],[-93.825428051,36.9973886270001]],[[-93.806485835,36.972143999],[-93.806526203,36.972136705],[-93.8069352269999,36.972062781],[-93.807276122,36.971949151],[-93.808631878,36.971346591],[-93.809656431,36.970858723],[-93.8100712899999,36.9706315400001],[-93.810318834,36.970539855],[-93.810495508,36.9705221840001],[-93.816667653,36.970612074],[-93.826145565,36.970818975],[-93.8261954829999,36.970820062]],[[-93.8310000279999,36.970883035],[-93.830998892,36.9709215030001],[-93.8309224499999,36.9735110180001],[-93.8308923869999,36.976740346]],[[-93.795635375,36.963586703],[-93.795548722,36.9635862320001],[-93.795548356,36.9637334810001],[-93.7955612,36.9638025940001]],[[-93.795844511,36.9635806950001],[-93.795822863,36.9635877200001],[-93.795635375,36.963586703]],[[-93.794766759,36.9707815360001],[-93.7947599939999,36.9707868310001],[-93.7947392519999,36.970803064],[-93.794619478,36.9709412720001],[-93.794565184,36.9710317540001],[-93.794467506,36.971246651],[-93.794358453,36.971514331],[-93.794199237,36.971942197],[-93.7941108149999,36.972207478],[-93.7940825699999,36.972339263],[-93.794073257,36.9724698100001],[-93.7940826609999,36.9725920770001],[-93.794101229,36.972703562],[-93.794178814,36.972926569],[-93.794218218,36.973025083],[-93.7942333079999,36.9730595080001],[-93.794287465,36.9731832900001],[-93.7945774669999,36.973863292],[-93.794647337,36.9740229880001],[-93.7946771649999,36.974097465]],[[-93.795510741,36.9637021090001],[-93.795510733,36.963702116],[-93.795190043,36.9636962640001],[-93.795192189,36.9636215570001],[-93.795214464,36.9628878400001],[-93.795255164,36.9628673360001],[-93.7952660079999,36.962510138],[-93.795272693,36.962315072],[-93.795273305,36.9622175960001],[-93.795248664,36.9621787300001],[-93.795270833,36.961575097]],[[-93.839016457,36.824011211],[-93.838921208,36.824071404],[-93.8386986789999,36.824213021],[-93.838135554,36.8245146900001],[-93.837730477,36.8247273590001],[-93.8371412059999,36.824950876],[-93.8368404569999,36.825033837],[-93.8364590529999,36.8250853780001],[-93.8362127949999,36.82509565],[-93.835410651,36.82510567],[-93.834955324,36.8251056720001],[-93.834724437,36.825084675],[-93.8344801,36.8250315670001],[-93.83424931,36.8249371470001],[-93.8339093179999,36.824767157],[-93.833996887,36.8246553600001],[-93.833191665,36.8242533270001],[-93.832864021,36.824109982],[-93.832471364,36.823996322],[-93.8316823929999,36.823885058],[-93.831194968,36.823835316],[-93.830882934,36.82377492],[-93.8303911799999,36.8237448130001],[-93.8300198329999,36.8236861780001],[-93.828681376,36.8233665490001],[-93.827835476,36.823205428],[-93.827563638,36.823174066],[-93.82710043,36.823194646],[-93.826807746,36.82323646],[-93.8265346269999,36.823320497],[-93.8263020099999,36.8234262290001],[-93.8260878199999,36.823576162],[-93.8255136939999,36.824251013],[-93.825278709,36.8244859970001],[-93.824958626,36.8247381890001],[-93.82459498,36.824920008],[-93.8239500939999,36.82508612],[-93.823031877,36.825215862],[-93.822612184,36.8253079880001],[-93.8221598869999,36.8254688060001],[-93.821949949,36.825526069],[-93.821408246,36.8255962810001],[-93.820817176,36.8257797210001],[-93.8201612129999,36.826032011],[-93.81934427,36.8264152720001],[-93.8191548729999,36.8265289010001]],[[-93.9228222089999,36.816652145],[-93.922823157,36.8166222670001]],[[-93.795634588,36.9635733850001],[-93.7956088769999,36.963558966],[-93.795514334,36.9635583520001],[-93.795510737,36.963702117]],[[-93.791441757,36.8966935780001],[-93.791445169,36.8965219180001],[-93.791824756,36.8965323400001],[-93.7919553,36.896449278],[-93.7919825229999,36.8962949840001],[-93.791932832,36.895300948],[-93.7920028839999,36.8917384430001],[-93.7920128119999,36.8910928560001],[-93.791893391,36.889848903],[-93.791732655,36.888733802],[-93.791743273,36.8884579410001],[-93.7919358619999,36.887758553],[-93.792295272,36.886540546],[-93.792384194,36.8861354850001],[-93.792644482,36.884503604],[-93.7927742259999,36.8840245700001],[-93.792795192,36.8838674140001],[-93.7932712259999,36.882864693],[-93.794050969,36.881345202],[-93.7941565689999,36.881114804],[-93.79419372,36.8809475910001],[-93.794200572,36.880879107]],[[-93.795300614,36.960533776],[-93.7953979709999,36.958282957],[-93.7953707519999,36.957624262],[-93.7954902399999,36.957426556],[-93.795492387,36.957363285]],[[-93.7919439999999,36.9265177],[-93.7919459999999,36.9264623],[-93.792199,36.9205721000001],[-93.792279,36.919042],[-93.792535,36.9124515]],[[-93.8708569999999,36.8153704000001],[-93.870806,36.8153806],[-93.870645,36.8154246],[-93.870418,36.8155379],[-93.870209,36.8156612000001],[-93.87006,36.8157916000001],[-93.869988,36.8158732000001],[-93.869791,36.8161686],[-93.869772,36.8162092000001],[-93.8697099999999,36.8163409000001],[-93.869673,36.8165376000001],[-93.8696429999999,36.8172348],[-93.869602,36.8176350000001],[-93.8694859999999,36.8179507],[-93.8693469999999,36.8181649],[-93.869187,36.8183246],[-93.8689659999999,36.8185035000001],[-93.86869,36.818652],[-93.8684249999999,36.8187476000001],[-93.868076,36.8188216],[-93.86781,36.8188322],[-93.86689,36.8187922000001],[-93.866473,36.8188116000001],[-93.866181,36.8188587000001],[-93.865943,36.8189412],[-93.86562,36.8191406],[-93.865394,36.8193382000001],[-93.865242,36.8195564000001],[-93.865187,36.8196585000001],[-93.865141,36.8197769000001],[-93.865083,36.8201757],[-93.865064,36.8208333000001],[-93.865063,36.8208752]],[[-93.9031733519999,36.8157991140001],[-93.897829809,36.8157479020001],[-93.896238379,36.81576792],[-93.8945617959999,36.8157878760001],[-93.892804304,36.8157179780001],[-93.8880034959999,36.815587959],[-93.881383747,36.815407963],[-93.880413597,36.815377961],[-93.879286362,36.815346477]],[[-93.922823157,36.8166222670001],[-93.922824085,36.8165283370001],[-93.922814116,36.816491442],[-93.922800436,36.816251482]],[[-93.795844511,36.9635806950001],[-93.795728755,36.9635803260001],[-93.795704641,36.9635735260001],[-93.795634589,36.963573382]],[[-93.9228006,36.8162512210001],[-93.9223536539999,36.8162642300001],[-93.921956883,36.816264366],[-93.9212313469999,36.8162530930001],[-93.920988555,36.816267903],[-93.92065769,36.816260071]],[[-93.9184635,36.8159511920001],[-93.9180137879999,36.815937967],[-93.914022266,36.8158679310001],[-93.913920692,36.8158686030001],[-93.913917203,36.815947092],[-93.913916322,36.8160328210001],[-93.912590899,36.8160420880001],[-93.9072090879999,36.8159920900001],[-93.905139376,36.81598209],[-93.905033795,36.815981578],[-93.9050404279999,36.815816953],[-93.9031733519999,36.8157991140001]],[[-93.92065769,36.816260071],[-93.919885318,36.81623618],[-93.919851246,36.8161907960001],[-93.9196699399999,36.8159838780001],[-93.91869342,36.8159579530001],[-93.918463495,36.815951188]],[[-93.795270833,36.961575097],[-93.795272992,36.9615174740001],[-93.795274003,36.961502819],[-93.795278364,36.961386486],[-93.795285491,36.961103848],[-93.79529969,36.960559549],[-93.795300614,36.960533776]],[[-93.879286362,36.815346477],[-93.8786235969999,36.8153279590001],[-93.873572617,36.8152179360001],[-93.8714380979999,36.815177851],[-93.870838697,36.8152068520001],[-93.870857049,36.8153704470001]],[[-93.8650627499999,36.8208751880001],[-93.865122029,36.8208954770001],[-93.865091846,36.8211280190001],[-93.865044581,36.821236217],[-93.864874787,36.821421527],[-93.86483464,36.821518526],[-93.864655475,36.821750389],[-93.864403516,36.821960355],[-93.864171556,36.822086884],[-93.8639305999999,36.822181169],[-93.863760769,36.822223626],[-93.863510094,36.8222654040001],[-93.863180439,36.822275704],[-93.860986954,36.822225626],[-93.8604302859999,36.822205388],[-93.8600318689999,36.8221440890001],[-93.8597348549999,36.8220826410001],[-93.8592361089999,36.821929959],[-93.858869043,36.821777019],[-93.8586032959999,36.8216441440001],[-93.8573704569999,36.820902437],[-93.856997709,36.8206690440001],[-93.856079837,36.820378863],[-93.855887277,36.820317979],[-93.854901172,36.820076489],[-93.854283771,36.8199651520001],[-93.854056333,36.819944478],[-93.853734916,36.819934108],[-93.8533468429999,36.8199851680001],[-93.8527141759999,36.820065506],[-93.852276445,36.820146944],[-93.852025904,36.820220024],[-93.8516988659999,36.820363102],[-93.851087019,36.8206591530001],[-93.8507466569999,36.8207347900001],[-93.850525088,36.820744023],[-93.849690908,36.820626255],[-93.849013651,36.8204370220001],[-93.847172299,36.820069854],[-93.8471720039999,36.8202041050001],[-93.847084944,36.820186692],[-93.8469091109999,36.8202042710001],[-93.845719651,36.820541285],[-93.845453753,36.820629921],[-93.844943007,36.820826363],[-93.84450221,36.821090841],[-93.843980895,36.821461775],[-93.843663577,36.821635788],[-93.842481455,36.8221667390001],[-93.841941714,36.822426615],[-93.840784049,36.8229555470001],[-93.8399791149999,36.8234027350001],[-93.839016457,36.8240112070001]],[[-93.792535383,36.912451522],[-93.79253457,36.9124324800001],[-93.792542064,36.912196833],[-93.792334608,36.9121111700001],[-93.7922441059999,36.912091064],[-93.791793091,36.9118963010001],[-93.791613485,36.911790651],[-93.7915373599999,36.9117225460001],[-93.791535838,36.911566249],[-93.791536451,36.9115052720001],[-93.7915450249999,36.9105384480001],[-93.79141083,36.910537074],[-93.791411345,36.91047902],[-93.791481362,36.908508737],[-93.79149137,36.908058606],[-93.791501087,36.907825256],[-93.791442158,36.907618997],[-93.7914016299999,36.907315064],[-93.791371393,36.9070127100001],[-93.7913313189999,36.9053894350001],[-93.791391424,36.9041971770001],[-93.7913958889999,36.9041409230001],[-93.791532918,36.9041478280001],[-93.791818372,36.9005452150001],[-93.791868346,36.9002353500001],[-93.79189857,36.8998827340001],[-93.792025345,36.8967037510001],[-93.7919600009999,36.896702093],[-93.791849995,36.896702093],[-93.7918114779999,36.896701309],[-93.791441757,36.8966935820001]],[[-93.8347360559999,36.836264837],[-93.834668811,36.83633704],[-93.83458232,36.836455959],[-93.834548259,36.8365808720001],[-93.8345277439999,36.83683718],[-93.834427333,36.840461916],[-93.83449031,36.8405878660001],[-93.8345833229999,36.8406576250001],[-93.834917162,36.8409129140001],[-93.8349741759999,36.840978076],[-93.83499737,36.841047659],[-93.834987747,36.841317318],[-93.8349783669999,36.8414580800001],[-93.834923838,36.8415943890001],[-93.834872515,36.841671363],[-93.834621183,36.8418840360001],[-93.833233277,36.8429723960001],[-93.833093269,36.843075062],[-93.832980482,36.8431184460001],[-93.832866242,36.8431448100001],[-93.832638794,36.8431542860001],[-93.830017853,36.843106634],[-93.82987832,36.843104098],[-93.8297641569999,36.8431326420001],[-93.829662449,36.843221628],[-93.8296205079999,36.843283141],[-93.8295373399999,36.8434051190001],[-93.829505652,36.843451595],[-93.829486037,36.8434891210001],[-93.829290967,36.8438623100001],[-93.829272347,36.84389793],[-93.829226424,36.844020936],[-93.829181518,36.844141221],[-93.829116025,36.8443166430001],[-93.829041477,36.8445163220001],[-93.828989489,36.844655571],[-93.828949557,36.8448628100001],[-93.8289124199999,36.845055545],[-93.8288871949999,36.8451864560001],[-93.828863546,36.845309189],[-93.828825432,36.8455069930001],[-93.8287901429999,36.8456901280001],[-93.828725364,36.846026314],[-93.8286574959999,36.8463785220001],[-93.828576621,36.846798231],[-93.828484951,36.847273949],[-93.828412451,36.847650189],[-93.828409522,36.8476653910001],[-93.828333555,36.8478647970001],[-93.828316668,36.8478901280001],[-93.828201113,36.848063471],[-93.8280039109999,36.84825619],[-93.8277770019999,36.848477938],[-93.8277524,36.848504376],[-93.827596775,36.848689182],[-93.827469782,36.848943159],[-93.8273873539999,36.849426749],[-93.827358633,36.849595249],[-93.827319275,36.8498261510001],[-93.8272788959999,36.849934671],[-93.82721911,36.850095351],[-93.827162478,36.8502475540001],[-93.827034471,36.8504838790001],[-93.826707718,36.851087115],[-93.8265713169999,36.8513389300001],[-93.826346232,36.851754465],[-93.826120018,36.852172078],[-93.826087845,36.8523544080001],[-93.826073333,36.8527353100001],[-93.826056778,36.853169877],[-93.826048332,36.8533915830001],[-93.825964169,36.853839775]],[[-93.8191548729999,36.8265289010001],[-93.8191424139999,36.826649278],[-93.819466415,36.827001856],[-93.819767477,36.8272613990001],[-93.820073006,36.8274088910001],[-93.820426528,36.827523264],[-93.8206990849999,36.8275652020001],[-93.821202455,36.827595402],[-93.822115468,36.827674792],[-93.822656119,36.827782927],[-93.8238844,36.8281324280001],[-93.824520198,36.828283812],[-93.825287286,36.828404936],[-93.826836571,36.828548015],[-93.82685971,36.8284206180001],[-93.827271076,36.8284549100001],[-93.8276031889999,36.8284964230001],[-93.8278555749999,36.828584214],[-93.828357037,36.8289526340001],[-93.829356543,36.829752232],[-93.8299819369999,36.8301960630001],[-93.8301316659999,36.8303671730001],[-93.830247177,36.8305666970001],[-93.8307566139999,36.831925207],[-93.830898213,36.83214231],[-93.831062711,36.8322885370001],[-93.831369621,36.8324324050001],[-93.831854016,36.832630113],[-93.8328697429999,36.832951931],[-93.8330959789999,36.8330812070001],[-93.833246461,36.8332209330001],[-93.833366352,36.833373522],[-93.83343074,36.8335666930001],[-93.833591144,36.834428898],[-93.833689791,36.834833299],[-93.83388618,36.835304636],[-93.834020524,36.8355157450001],[-93.8344748869999,36.8360194910001],[-93.8347360559999,36.836264837]],[[-93.795492387,36.957363285],[-93.795320459,36.9573166600001],[-93.795335865,36.956630922],[-93.795345867,36.9557507100001],[-93.795365868,36.954210706],[-93.795365873,36.9542099980001],[-93.795365873,36.953370001],[-93.795365684,36.9533654700001],[-93.795335376,36.953001747],[-93.795253926,36.9526352350001],[-93.795162272,36.952360276],[-93.795049711,36.952094233],[-93.794838205,36.9517417100001],[-93.7946385589999,36.951372378],[-93.79442919,36.95100355],[-93.7941300969999,36.950435273],[-93.793962992,36.9500617410001],[-93.793954217,36.950026639],[-93.793952868,36.95002207],[-93.7938041799999,36.949585932],[-93.793745503,36.949272991],[-93.793715869,36.948858053],[-93.7937158669999,36.948569997],[-93.793716782,36.948561285],[-93.793725529,36.948456331],[-93.793755058,36.9482594450001],[-93.7937945369999,36.9480620690001],[-93.793843469,36.9478663460001],[-93.79391199,36.9476803490001],[-93.794030263,36.947394531],[-93.794187932,36.94710875],[-93.794296334,36.946931363],[-93.794425389,36.9467427430001],[-93.794460032,36.946694264],[-93.7943819659999,36.946661561],[-93.792903516,36.9460422080001],[-93.7925498129999,36.945875179],[-93.7923230809999,36.945724028],[-93.792234919,36.9458079730001],[-93.792221202,36.9457988280001],[-93.791992061,36.9455801010001],[-93.791706867,36.945121751],[-93.7916363639999,36.9449706730001],[-93.7913934439999,36.9445354430001],[-93.791361206,36.944363525],[-93.791501336,36.9387186170001],[-93.791571338,36.9369086680001],[-93.7918013399999,36.926639026],[-93.791801368,36.9266381350001],[-93.791806688,36.9265139390001],[-93.791943961,36.926517673]],[[-93.951511,36.8161457],[-93.9527399999999,36.8161145],[-93.9534859999999,36.8161235000001],[-93.954314,36.8161464],[-93.955815,36.8161878000001],[-93.958378,36.8162526]],[[-93.9232262309999,36.8164549270001],[-93.923212286,36.816204198],[-93.92331438,36.816207498],[-93.923777276,36.8162116010001],[-93.924505561,36.816216465],[-93.9252598529999,36.8162225],[-93.925568405,36.8162249640001],[-93.9262195969999,36.8162320270001],[-93.926747145,36.8162476190001],[-93.9278963089999,36.81628892],[-93.928232404,36.816296074],[-93.9289747129999,36.816309994]],[[-93.9232283209999,36.8164943160001],[-93.923019091,36.8165054520001],[-93.92293612,36.816514322],[-93.922867034,36.8166601720001]],[[-93.928974723,36.816309993],[-93.928978577,36.8161459020001],[-93.9320307999999,36.816191593],[-93.932170902,36.8161915910001],[-93.935151476,36.816241603],[-93.938682629,36.815913542],[-93.940913372,36.8159293140001],[-93.941482145,36.816136709],[-93.9493824359999,36.8162601860001],[-93.949391615,36.816112574],[-93.951511033,36.816145654]],[[-93.9670172249999,36.816386493],[-93.967955702,36.8164109430001],[-93.968024978,36.816602045],[-93.971423637,36.816661465],[-93.9716133909999,36.816464892],[-93.972398969,36.8164584840001],[-93.972569011,36.81668575],[-93.9745020189999,36.816711625],[-93.981372595,36.8168033100001],[-93.982267081,36.816698182],[-93.98501817,36.816739574],[-93.985040686,36.8166286200001],[-93.985512827,36.8166439780001],[-93.9857356379999,36.8167480920001],[-93.990156993,36.816889232],[-93.99420515,36.8169615320001],[-93.9946868439999,36.81698987],[-94.000288658,36.817319231],[-94.002191634,36.817309386],[-94.003089952,36.8173324580001],[-94.003250941,36.8175798820001],[-94.003983246,36.81760418],[-94.004087711,36.81739005],[-94.011609891,36.817661956],[-94.011606217,36.8179298530001]],[[-93.958378,36.8162526],[-93.9670169999999,36.8163865000001]],[[-93.923228323,36.816494312],[-93.9232282409999,36.8164659380001],[-93.923226234,36.816454922]]]},"properties":{"id":"uniti-regional-20260919-cfc036935bba566b3db7","sourceId":"uniti-regional-20260919","source":"Uniti Wholesale regional transport network","sourceUrl":"https://www.unitiwholesale.com/network-map/","name":"Uniti Wholesale regional transport network","carrier":"Uniti Wholesale","category":"unknown","routeStatus":"Publisher network map; current operating status unverified","evidence":"publisher_route","geometryQuality":"publisher_geometry_unverified","dataDate":null,"metadataModified":"2025-06-13T12:55:45+00:00","retrievedAt":"2026-09-19T13:31:26.703698+00:00","networkType":"Carrier-published regional transport geometry; not a surveyed cable alignment","serviceability":"Unconfirmed","routeDiversity":"Unconfirmed","states":["MO"],"publishedLineParts":55,"importBatch":"20260919","sourceRecordIds":["10004","10005","10010","10012","10015","10016","10019","10020","10025","10029","10032","10034","10035","10036","10041","10046","10047","46680","46682","46683","46684","46686","46687","46688","46696","46697","46701","48340","48341","48342","48343","48344","48345","48346","48347","48348","48349","48350","48351","48352","48353","48354","48355","48356","48357","48358","48359","48360","64631","64632","64633","64634","64635","64641","64642"]},"bbox":[-94.011609891,36.7741492530001,-93.7913313189999,36.9973886270001]},{"type":"Feature","geometry":{"type":"MultiLineString","coordinates":[[[-93.948782001,37.104044065],[-93.9488132929999,37.1036203620001],[-93.949581144,37.103633764],[-93.949610459,37.1029989200001],[-93.9495223599999,37.102941598]],[[-93.834375253,37.014525819],[-93.834450546,37.014527141],[-93.836560827,37.0145643220001],[-93.842212128,37.014554322],[-93.843165644,37.0145951900001],[-93.8432221419999,37.0145976110001]],[[-93.861677663,37.015078008],[-93.862673265,37.0150993670001],[-93.865298264,37.015155661],[-93.8710883,37.015225662],[-93.873977468,37.0152856450001],[-93.87682764,37.0153656470001],[-93.879688191,37.0154156580001],[-93.879769369,37.015417076],[-93.879722478,37.016401785],[-93.8796454449999,37.0201275740001]],[[-93.949522356,37.102941602],[-93.94984619,37.102820507],[-93.949871295,37.1020020510001],[-93.94988474,37.1015638040001],[-93.94997996,37.09659284],[-93.950083566,37.0911836590001],[-93.9501230829999,37.0891206970001]],[[-93.9318761219999,37.088571507],[-93.9321711589999,37.0859172140001],[-93.932243948,37.080508276],[-93.93224661,37.0803102350001],[-93.932289691,37.080294225],[-93.9323513419999,37.075712787],[-93.932278993,37.075665996],[-93.9322819989999,37.075298798],[-93.932281557,37.075286007],[-93.932213221,37.0752948250001],[-93.932116954,37.075288845]],[[-93.950123079,37.0891206960001],[-93.94760295,37.0890683850001],[-93.931926566,37.088732199],[-93.931891009,37.088704931],[-93.931878201,37.0886390210001],[-93.9318761219999,37.088571507]],[[-93.932459185,37.0596837350001],[-93.924371031,37.059624333],[-93.914710492,37.0595045700001],[-93.914641681,37.059503627],[-93.9145757919999,37.059502686]],[[-93.932142985,37.074214919],[-93.9321291479999,37.074007415],[-93.932129861,37.073849156],[-93.932317466,37.063758326],[-93.9324074849999,37.0617781710001],[-93.9324546569999,37.059862567],[-93.932459189,37.0596837350001]],[[-93.879645415,37.0201290090001],[-93.879592902,37.0226686660001],[-93.8796330169999,37.022721672],[-93.8794851069999,37.029875793],[-93.896502431,37.0299943430001],[-93.897376591,37.0300293070001],[-93.89737473,37.0301607450001]],[[-93.843222144,37.0145976110001],[-93.843613136,37.0146143760001],[-93.844932101,37.0146543430001],[-93.847851598,37.0146843360001],[-93.8566018969999,37.014864345],[-93.861571662,37.01494434],[-93.861692937,37.014946942],[-93.861677663,37.015078008]],[[-93.89737473,37.0301607450001],[-93.897027501,37.044525368],[-93.8968976939999,37.051174013],[-93.896703639,37.059222929]],[[-93.932116954,37.075288847],[-93.9321459879999,37.0742599550001],[-93.932142985,37.074214919]],[[-93.830821365,37.002355177],[-93.830770937,37.002381659],[-93.830684155,37.002435894],[-93.8306848669999,37.002437317],[-93.830802496,37.0026725660001],[-93.831061236,37.003289566],[-93.83133051,37.004027584],[-93.832271164,37.0068495290001],[-93.832367517,37.0070636420001],[-93.832517815,37.007202379],[-93.832783534,37.0073130960001],[-93.833032813,37.0073456120001],[-93.83409932,37.007355579],[-93.834174662,37.0073706470001],[-93.834280134,37.007430922],[-93.834317305,37.0075201280001],[-93.8342475059999,37.0111991850001],[-93.8342374869999,37.012010814],[-93.834277457,37.012930036],[-93.834228593,37.014088633],[-93.834210287,37.0145229010001],[-93.834375256,37.014525814]],[[-93.9145757919999,37.059502686],[-93.913291487,37.0594843370001],[-93.913244881,37.059483431],[-93.910711008,37.059434319],[-93.910333936,37.0594343280001],[-93.909991422,37.059474622],[-93.909588632,37.0594942640001],[-93.9055863949999,37.0594044420001],[-93.904795873,37.05932439],[-93.8969028269999,37.0592253560001],[-93.896703638,37.0592229320001]],[[-93.825428056,36.9973886280001],[-93.825427357,36.9974156380001],[-93.825367533,36.9997282940001],[-93.8253175469999,37.0009979390001],[-93.825316591,37.001022361],[-93.82527751,37.0020189750001],[-93.82527751,37.002313723],[-93.8253190309999,37.0026043450001],[-93.825617512,37.0033107510001],[-93.825617512,37.003531955],[-93.8255952119999,37.003603309],[-93.825574285,37.0036702740001],[-93.8256812669999,37.0037266360001],[-93.825898807,37.0039447130001],[-93.825990045,37.003967523],[-93.826099953,37.003967523],[-93.826368804,37.003900308],[-93.8298385639999,37.00288902],[-93.8300369999999,37.0028078500001],[-93.8304218979999,37.002432825],[-93.830669055,37.002278339],[-93.830759006,37.0022304460001],[-93.830821369,37.0023551700001]]]},"properties":{"id":"uniti-regional-20260919-d83f34b5f1868746f80d","sourceId":"uniti-regional-20260919","source":"Uniti Wholesale regional transport network","sourceUrl":"https://www.unitiwholesale.com/network-map/","name":"Uniti Wholesale regional transport network","carrier":"Uniti Wholesale","category":"unknown","routeStatus":"Publisher network map; current operating status unverified","evidence":"publisher_route","geometryQuality":"publisher_geometry_unverified","dataDate":null,"metadataModified":"2025-06-13T12:55:45+00:00","retrievedAt":"2026-09-19T13:31:26.703698+00:00","networkType":"Carrier-published regional transport geometry; not a surveyed cable alignment","serviceability":"Unconfirmed","routeDiversity":"Unconfirmed","states":["MO"],"publishedLineParts":15,"importBatch":"20260919","sourceRecordIds":["46679","46681","46685","46689","46690","46691","46692","46693","46694","46695","46698","46699","46700","46702","46703"]},"bbox":[-93.9501230829999,36.9973886280001,-93.82527751,37.104044065]},{"type":"Feature","geometry":{"type":"MultiLineString","coordinates":[[[-93.77816864,37.697465691],[-93.777967712,37.697419789],[-93.7778749989999,37.6973956960001],[-93.777526998,37.697357997],[-93.7774050029999,37.6973494000001],[-93.777277995,37.697350204],[-93.777152003,37.6973604],[-93.7770270029999,37.697380097],[-93.776905998,37.6974090960001],[-93.7767919949999,37.697445798],[-93.774831994,37.6981676990001],[-93.7746660019999,37.698228898],[-93.774348001,37.698213298],[-93.773891003,37.698379597],[-93.773831001,37.6985241],[-93.771776001,37.6992916020001],[-93.771763,37.699364904],[-93.7715580029999,37.6994450020001],[-93.771524002,37.6994584020001],[-93.771382995,37.6995100010001],[-93.771181005,37.6996067970001],[-93.770985995,37.6997085960001],[-93.770796,37.6998165040001],[-93.770612998,37.699930098],[-93.7704429949999,37.700043398],[-93.7702709979999,37.7001089980001],[-93.770137,37.700111295],[-93.770067997,37.700111796],[-93.7682310019999,37.700814796],[-93.767369996,37.7011047020001],[-93.766482996,37.7013284980001],[-93.765573004,37.701485403],[-93.764648999,37.701574104],[-93.763717995,37.701593705],[-93.762784994,37.701543799],[-93.761369004,37.701415002],[-93.761358996,37.701414002],[-93.757502996,37.7010632000001]],[[-93.782233,37.698759798],[-93.782262002,37.698639696],[-93.782258001,37.698621298],[-93.7817940049999,37.6984396990001],[-93.781755996,37.6984247980001],[-93.780999999,37.698127099],[-93.780853005,37.6980692020001],[-93.7807839989999,37.698041999],[-93.780690001,37.6980080010001],[-93.7805960009999,37.6979795010001],[-93.7805839979999,37.6979767010001],[-93.780558995,37.6978954960001],[-93.780422,37.6978733970001],[-93.780310995,37.697858497],[-93.7797820009999,37.6978013990001],[-93.779779995,37.6977987000001],[-93.779789998,37.6977476010001],[-93.7798079999999,37.6976688010001],[-93.778616997,37.697542404],[-93.77816864,37.697465691]],[[-93.79657445,37.6996053990001],[-93.796435362,37.6996004640001],[-93.796419445,37.699613738],[-93.7961533549999,37.6996038190001],[-93.796132508,37.6995756800001],[-93.795462881,37.6995512730001],[-93.7946950239999,37.6995215590001],[-93.79465478,37.699518126],[-93.794672137,37.698761843],[-93.793863849,37.698730998],[-93.793814391,37.6987153760001],[-93.792721752,37.6986740840001],[-93.792241558,37.698660272],[-93.792221806,37.698645325],[-93.791607842,37.6986283050001],[-93.791580408,37.698641256],[-93.79069221,37.6986157090001],[-93.789413672,37.698580587],[-93.787837662,37.6986725830001],[-93.7872290119999,37.698705466],[-93.787185275,37.6987353330001],[-93.786608845,37.698767516],[-93.786265998,37.6986635960001],[-93.785759002,37.6986471970001],[-93.785414003,37.698636402],[-93.78505,37.6986257030001],[-93.7846990049999,37.6986139970001],[-93.784236995,37.6986153010001],[-93.7837729949999,37.698616198],[-93.7834479959999,37.6986183980001],[-93.7832640029999,37.6986106030001],[-93.7831000049999,37.6985941],[-93.782780999,37.6988027],[-93.7826439999999,37.698765903],[-93.782527005,37.698726596],[-93.782383005,37.6986714000001],[-93.782233,37.698759798]],[[-93.756136966,37.7009176770001],[-93.755993873,37.7009050390001],[-93.7554327189999,37.700792054],[-93.754886558,37.700639729],[-93.754359799,37.7004492820001],[-93.753852895,37.700220583],[-93.7523225589999,37.6994562780001],[-93.751871388,37.699212149],[-93.75144626,37.6989439430001],[-93.751131941,37.698713879],[-93.751071343,37.6986695160001],[-93.751046972,37.698651673],[-93.7509188379999,37.69853979],[-93.750803794,37.698419055],[-93.750695896,37.698305818],[-93.750468591,37.6980672650001],[-93.750363495,37.697956968],[-93.750202992,37.6977885200001],[-93.750054608,37.697632317],[-93.7487076049999,37.6958257250001]],[[-93.757503,37.7010632000001],[-93.7573859999999,37.7009186000001],[-93.756268,37.7008073000001],[-93.756137,37.7009177]],[[-93.796307339,37.699697879],[-93.796431675,37.699698604],[-93.7964504439999,37.6996841650001],[-93.7966088,37.699686602],[-93.796611897,37.6995400100001],[-93.796574356,37.699605444]]]},"properties":{"id":"uniti-regional-20260919-9ff579cf724b7d4c39a6","sourceId":"uniti-regional-20260919","source":"Uniti Wholesale regional transport network","sourceUrl":"https://www.unitiwholesale.com/network-map/","name":"Uniti Wholesale regional transport network","carrier":"Uniti Wholesale","category":"unknown","routeStatus":"Publisher network map; current operating status unverified","evidence":"publisher_route","geometryQuality":"publisher_geometry_unverified","dataDate":null,"metadataModified":"2025-06-13T12:55:45+00:00","retrievedAt":"2026-09-19T13:31:26.703698+00:00","networkType":"Carrier-published regional transport geometry; not a surveyed cable alignment","serviceability":"Unconfirmed","routeDiversity":"Unconfirmed","states":["MO"],"publishedLineParts":6,"importBatch":"20260919","sourceRecordIds":["71213","71214","71217","71220","71222","71223"]},"bbox":[-93.796611897,37.6958257250001,-93.7487076049999,37.701593705]},{"type":"Feature","geometry":{"type":"MultiLineString","coordinates":[[[-93.961111584,39.9143878],[-93.96079852,39.9143622720001],[-93.960705241,39.9143618410001],[-93.9607057169999,39.914507067],[-93.960577196,39.9145032760001],[-93.9604075709999,39.9144965830001],[-93.960234815,39.9144915310001],[-93.960201077,39.9144885750001],[-93.9602082869999,39.9147055940001],[-93.960214216,39.9152190680001],[-93.9602161669999,39.9154166910001],[-93.960109834,39.915418071],[-93.95944324,39.9154226810001],[-93.959335943,39.9154239960001],[-93.959231399,39.9153276650001],[-93.959061063,39.915326469],[-93.959016259,39.915326775],[-93.959015337,39.9156761620001],[-93.959016639,39.9159233510001],[-93.9590219139999,39.916312921],[-93.959022134,39.916329381],[-93.959027035,39.916691513],[-93.959036684,39.9174048080001],[-93.959042682,39.9178474280001],[-93.959047939,39.91814393],[-93.959062322,39.918269508],[-93.959088456,39.9183766020001],[-93.959104404,39.9184280060001],[-93.959113363,39.918456878],[-93.95914507,39.9185133190001],[-93.959110115,39.91856335],[-93.959106393,39.9185703300001],[-93.959014922,39.918741928],[-93.958929656,39.918912193],[-93.95889363,39.918984145],[-93.958862789,39.9190291830001],[-93.958855345,39.9190337060001],[-93.958794473,39.9190707110001],[-93.9585864749999,39.919185188],[-93.958294557,39.9193493220001],[-93.957848002,39.919600395],[-93.957295634,39.9199109570001],[-93.957123349,39.9200124490001],[-93.9569234579999,39.9201582530001],[-93.956862316,39.920212962],[-93.9567366809999,39.920343699],[-93.956615699,39.92051087],[-93.95653357,39.9206656600001],[-93.956482702,39.9208126660001],[-93.956469613,39.9208998820001]],[[-93.956422897,39.923234138],[-93.956422923,39.9233918520001],[-93.956225923,39.9234583670001],[-93.9560231789999,39.923519234],[-93.95565358,39.923626637],[-93.955283932,39.9237238540001],[-93.954904689,39.923819888],[-93.954447149,39.923930356],[-93.953917272,39.924058292],[-93.953627851,39.9241281660001],[-93.9529119169999,39.924301009],[-93.952249917,39.924460825],[-93.9521069309999,39.9244953460001],[-93.951850889,39.9245571640001],[-93.951684819,39.9245972510001],[-93.951666973,39.92467063],[-93.951358354,39.924745132],[-93.950982341,39.9248359010001],[-93.9504307559999,39.924969053],[-93.949791772,39.9251233030001],[-93.948943679,39.9253280200001],[-93.948135171,39.925523174],[-93.9472623129999,39.925733863],[-93.946578449,39.92590068],[-93.945951852,39.9260536410001],[-93.94545678,39.926171552],[-93.9450430809999,39.9262542700001],[-93.944689132,39.926313528],[-93.944374922,39.92635635],[-93.944160859,39.926383103],[-93.9439470469999,39.9264098090001],[-93.943571246,39.9264867570001],[-93.9434195059999,39.926523226],[-93.943290925,39.92655413],[-93.9430196979999,39.9266259550001],[-93.942712423,39.9267158280001],[-93.942188257,39.926875544],[-93.941765344,39.927004391],[-93.941338932,39.927134304],[-93.9406164659999,39.927346046],[-93.94037651,39.927399973],[-93.9401918449999,39.927429261],[-93.9399648089999,39.9274512100001],[-93.939769794,39.9274527950001],[-93.939413798,39.9274562790001],[-93.939211776,39.927461012],[-93.938856367,39.92749518],[-93.938541238,39.927548792],[-93.9382050739999,39.927632031],[-93.937629311,39.927808558],[-93.9377562509999,39.9280689060001],[-93.937858042,39.9282064500001],[-93.938012137,39.9283532850001],[-93.9381562789999,39.9284582650001],[-93.938409754,39.9286140670001],[-93.9389122689999,39.928955107],[-93.939765229,39.9295341600001],[-93.939931864,39.9296473530001],[-93.940193504,39.9298456760001],[-93.940359404,39.9299973560001],[-93.940580144,39.9301991820001],[-93.941072989,39.9306573100001],[-93.9413802609999,39.930948549],[-93.941530089,39.9311233230001],[-93.9416681549999,39.9313379650001],[-93.941769924,39.9315629870001],[-93.941892546,39.9317648960001],[-93.941893157,39.9321591880001],[-93.9411464839999,39.932171597],[-93.940551936,39.932181466],[-93.9397577569999,39.9321946480001],[-93.937712719,39.932228571],[-93.9357912569999,39.932260413],[-93.9342358709999,39.932286167],[-93.933845912,39.9322926180001],[-93.933753318,39.9322941520001],[-93.933675553,39.9322955220001],[-93.933670736,39.932438312],[-93.93367893,39.9329796850001],[-93.933690021,39.9336198460001],[-93.933708947,39.934198525],[-93.933740894,39.935175202],[-93.9337501099999,39.935456796],[-93.933770456,39.9360784300001],[-93.93380923,39.937263473],[-93.933838077,39.9381449310001],[-93.9338672809999,39.9390374500001],[-93.933899239,39.940013809],[-93.9339162379999,39.940533147],[-93.9339423179999,39.940813818],[-93.933952128,39.940861037],[-93.9339624789999,39.940910881],[-93.93400446,39.9411008430001],[-93.934121726,39.9414207520001],[-93.9342597259999,39.9416911130001],[-93.934437437,39.9419579730001],[-93.934650809,39.942211882],[-93.934797313,39.9423627530001],[-93.935021744,39.942555982],[-93.935219629,39.942698437],[-93.935556581,39.9429219790001],[-93.9363032689999,39.9434053310001],[-93.936844896,39.9437559290001],[-93.937170191,39.9439664860001],[-93.937388789,39.9439397670001],[-93.937800639,39.944254992],[-93.93806519,39.9445029130001],[-93.9382509819999,39.944703722],[-93.938417262,39.9449170720001],[-93.938539161,39.9451007390001],[-93.93864603,39.945273292],[-93.938757997,39.945506349],[-93.938613533,39.945585669],[-93.938705687,39.9458325530001],[-93.938762261,39.946013341],[-93.938795899,39.9461748190001],[-93.938805696,39.946227594],[-93.938826876,39.9463415430001],[-93.93883518,39.9464425950001],[-93.9388648629999,39.947200868],[-93.938891719,39.948363177],[-93.938936493,39.950301723],[-93.938967228,39.951632143],[-93.938977227,39.9520647030001],[-93.939013738,39.953644878],[-93.93907391,39.9562492330001],[-93.9390881049999,39.9568634170001],[-93.939092112,39.9570369850001],[-93.939145584,39.9593506220001],[-93.939164346,39.960162623],[-93.9391968259999,39.960925118],[-93.939231867,39.961358433],[-93.9393069239999,39.961770678],[-93.9393750579999,39.9621151120001],[-93.9394581449999,39.9623893850001],[-93.9394770439999,39.962439708],[-93.939671942,39.962958519],[-93.939805362,39.9633087870001],[-93.9399912389999,39.9636925960001],[-93.94014917,39.9639667440001],[-93.94029757,39.9642240800001],[-93.9405593709999,39.964593455],[-93.940898907,39.9650491580001],[-93.941586749,39.9659106330001],[-93.942842852,39.9674836300001],[-93.943108253,39.9678159850001],[-93.943582368,39.968409678],[-93.9440033389999,39.9689368210001],[-93.944401335,39.969435182],[-93.9454363729999,39.970731201],[-93.946427895,39.971972672],[-93.946913002,39.972580049],[-93.9473975829999,39.9731867510001],[-93.9474244959999,39.9732204430001],[-93.947428322,39.9732249090001],[-93.947519352,39.973470644]],[[-93.965945,39.9953705],[-93.965836,39.9952831000001],[-93.965447,39.9949742000001],[-93.965335,39.9948846],[-93.9650579999999,39.9946640000001],[-93.965001,39.9946191000001],[-93.964956,39.9945827000001],[-93.964955,39.9945826000001],[-93.964245,39.9940173000001],[-93.964216,39.9939943000001],[-93.963968,39.9937964000001],[-93.9635949999999,39.9934997],[-93.963293,39.9932591000001]],[[-93.95647,39.9208999000001],[-93.9564339999999,39.9210418000001],[-93.956428,39.9211480000001],[-93.956427,39.9213647],[-93.956427,39.9215512000001],[-93.956426,39.9219391],[-93.956425,39.9221932],[-93.956425,39.9224566],[-93.956424,39.9229396000001],[-93.956423,39.9232049],[-93.956423,39.9232214],[-93.956423,39.9232341000001]],[[-93.963292,39.9932588],[-93.96323,39.9932094000001],[-93.963006,39.9930312000001],[-93.962765,39.9928396],[-93.962608,39.992713],[-93.962385,39.9925259],[-93.9621509999999,39.9923309000001],[-93.961969,39.9921631],[-93.96173,39.9919425000001],[-93.961453,39.9916669],[-93.961326,39.9915372],[-93.961198,39.9914056000001],[-93.961029,39.9912148000001],[-93.9609099999999,39.9910803000001],[-93.9607119999999,39.9908466000001],[-93.96045,39.9905174],[-93.960176,39.9901567000001],[-93.959807,39.9896672],[-93.959561,39.9893403],[-93.959534,39.9893041],[-93.959238,39.988912],[-93.958793,39.9883206000001],[-93.9582119999999,39.9875497],[-93.956708,39.9855460000001],[-93.957002,39.9854172],[-93.9569059999999,39.9852891000001],[-93.956651,39.9849511],[-93.9564059999999,39.9846255],[-93.956172,39.9843146000001],[-93.9559639999999,39.9840388000001],[-93.9558739999999,39.9839286000001],[-93.955723,39.9837445],[-93.955314,39.9832460000001],[-93.955069,39.9829473],[-93.9548359999999,39.9826636000001],[-93.954731,39.982536],[-93.9546569999999,39.9824453],[-93.9544979999999,39.9822513],[-93.954353,39.9820746],[-93.954105,39.9817723],[-93.9539059999999,39.9815295000001],[-93.953727,39.9813111],[-93.953546,39.9810902],[-93.953287,39.9807752],[-93.952998,39.9804219000001],[-93.952893,39.9802947000001],[-93.952611,39.9799322000001],[-93.952488,39.9797671000001],[-93.952394,39.9796412000001],[-93.952165,39.9793336000001],[-93.9519539999999,39.9790495],[-93.9518399999999,39.9788960000001],[-93.951712,39.9787245],[-93.951588,39.9785582000001],[-93.951583,39.9785513],[-93.951454,39.9783770000001],[-93.9512569999999,39.9781126],[-93.95111,39.9779159],[-93.950842,39.9775548000001],[-93.950484,39.9770735000001],[-93.950272,39.9767848000001],[-93.950046,39.9765028],[-93.9498609999999,39.9762708000001],[-93.949628,39.9759791000001],[-93.949421,39.9757206],[-93.949272,39.975534],[-93.949195,39.9754365000001],[-93.9491199999999,39.9753426],[-93.9490969999999,39.9753083000001],[-93.948992,39.975303],[-93.9486879999999,39.9749314000001],[-93.9477659999999,39.9737741000001],[-93.947566448,39.973522766],[-93.947520816,39.9734766220001]],[[-93.9737543479999,40.000759643],[-93.973716584,40.000697787],[-93.973308467,40.0004363580001],[-93.973122822,40.000322907],[-93.972781977,40.0001146110001],[-93.972645738,40.0000287010001],[-93.972302984,39.999811858],[-93.972155387,39.9997184800001],[-93.9719695109999,39.9996008850001],[-93.971842524,39.999520546],[-93.9716049199999,39.9993731650001],[-93.9712704,39.999166879],[-93.971144099,39.9990872610001],[-93.971070552,39.999038996],[-93.970877704,39.9989124370001],[-93.97058091,39.998743549],[-93.970387634,39.9986209900001],[-93.9700188369999,39.998385721],[-93.969856915,39.9982796780001],[-93.969587729,39.998102262],[-93.969099872,39.997792238],[-93.969005431,39.997732425],[-93.968920795,39.9976774530001],[-93.96876142,39.9975678820001],[-93.968655618,39.997495142],[-93.9685576099999,39.9974251720001],[-93.96827263,39.9972179150001],[-93.967829302,39.996895497],[-93.9676506449999,39.996765563],[-93.9675526839999,39.996694317],[-93.967506712,39.996659916],[-93.9674139369999,39.9965851800001],[-93.96703361,39.9962788060001],[-93.966742718,39.996044474],[-93.966504891,39.9958528870001],[-93.966415081,39.995780493],[-93.966092626,39.9955200480001],[-93.965950159,39.9954049770001],[-93.96594549,39.9953705390001]]]},"properties":{"id":"uniti-regional-20260919-3bb7e9aec00c460fe463","sourceId":"uniti-regional-20260919","source":"Uniti Wholesale regional transport network","sourceUrl":"https://www.unitiwholesale.com/network-map/","name":"Uniti Wholesale regional transport network","carrier":"Uniti Wholesale","category":"unknown","routeStatus":"Publisher network map; current operating status unverified","evidence":"publisher_route","geometryQuality":"publisher_geometry_unverified","dataDate":null,"metadataModified":"2025-06-13T12:55:45+00:00","retrievedAt":"2026-09-19T13:31:26.703698+00:00","networkType":"Carrier-published regional transport geometry; not a surveyed cable alignment","serviceability":"Unconfirmed","routeDiversity":"Unconfirmed","states":["MO"],"publishedLineParts":6,"importBatch":"20260919","sourceRecordIds":["14437","14438","14440","14441","14442","14444"]},"bbox":[-93.9737543479999,39.9143618410001,-93.933670736,40.000759643]},{"type":"Feature","geometry":{"type":"MultiLineString","coordinates":[[[-93.9831458309999,40.0037845320001],[-93.983096,40.0035300000001],[-93.981385,40.0036273000001],[-93.9807699999999,40.0036623],[-93.980674,40.0037665]],[[-93.980674,40.0037665],[-93.98055,40.0039053],[-93.97952,40.0039648000001],[-93.978874,40.0040016],[-93.9787889999999,40.0039464000001],[-93.978169,40.0034675],[-93.977144,40.0026711],[-93.9771279999999,40.0026582],[-93.9760889999999,40.0019266],[-93.9760469999999,40.0018968000001],[-93.974953,40.0011844000001],[-93.9739719999999,40.0005625000001],[-93.973754,40.0007596]],[[-93.9865776889999,40.005375756],[-93.98649323,40.005308267],[-93.986373815,40.0053005290001],[-93.9862572109999,40.0053018340001],[-93.986211832,40.0053032810001],[-93.986206701,40.0055118430001],[-93.98604204,40.00551102],[-93.9860432359999,40.005308986],[-93.986043318,40.005298398],[-93.986045519,40.005016508],[-93.986042712,40.0047136150001],[-93.986037098,40.0042860240001],[-93.986034944,40.0040948660001],[-93.985850499,40.0040384320001],[-93.9856881059999,40.003990437],[-93.985564027,40.003959364],[-93.985283125,40.003896002],[-93.9851601729999,40.0038754490001],[-93.9850367129999,40.003856097],[-93.984827894,40.003825189],[-93.984581218,40.0038040320001],[-93.984436057,40.003791538],[-93.98420328,40.0037872560001],[-93.984057711,40.003785475],[-93.983775109,40.0037856690001],[-93.983508585,40.003797191],[-93.98314583,40.0037845300001]],[[-93.9865776889999,40.005375756],[-93.9864947039999,40.0053175670001],[-93.986247889,40.0053176910001],[-93.986244884,40.0055118270001],[-93.9863470069999,40.005509816],[-93.9866843739999,40.005505957],[-93.986892215,40.005503584],[-93.987770494,40.0054894800001],[-93.988487467,40.0054919560001],[-93.9885024589999,40.0060551440001],[-93.988520222,40.0065102140001],[-93.988528325,40.007339546],[-93.9885345929999,40.0079799960001],[-93.988537469,40.0082732650001],[-93.988541749,40.0087092210001],[-93.988673341,40.0090210820001],[-93.9886747629999,40.009166916],[-93.9886511669999,40.009209485]],[[-93.9886510059999,40.0092095030001],[-93.9886329989999,40.009252797],[-93.9886329989999,40.009303898],[-93.988804999,40.009367797],[-93.988806005,40.0094440030001],[-93.988810005,40.009798302],[-93.988814997,40.0104013960001],[-93.9888180029999,40.010618698],[-93.9888180029999,40.0106803960001],[-93.988827005,40.011562301],[-93.9888370029999,40.012561002],[-93.988845994,40.0135079980001],[-93.988852998,40.0142342990001],[-93.988856997,40.014533896],[-93.988931995,40.0146314030001],[-93.989095998,40.014879197],[-93.9891939949999,40.015027097],[-93.989306001,40.01521],[-93.9893570039999,40.015306304],[-93.9894090019999,40.015420401],[-93.9894620059999,40.015560803],[-93.9895249949999,40.0157853040001],[-93.989560996,40.0159341040001],[-93.9895960059999,40.016079502],[-93.989602997,40.0161099960001],[-93.989677995,40.016418097],[-93.989776997,40.016831197],[-93.989904998,40.0173594020001],[-93.990017004,40.0178248980001],[-93.9901059969999,40.0181942030001],[-93.990279005,40.018912103],[-93.990490994,40.0197919],[-93.990633997,40.0203813970001],[-93.990794995,40.0210486980001],[-93.990897003,40.021474104],[-93.990924996,40.021587899],[-93.991111004,40.022361496],[-93.991371999,40.0234422030001],[-93.991532997,40.024109896],[-93.9917589949999,40.025045705],[-93.9918639959999,40.025483803],[-93.992056003,40.0262800030001],[-93.992159006,40.0267045960001],[-93.992198994,40.0268687010001],[-93.992349001,40.0274919980001],[-93.9926209989999,40.0286178040001],[-93.992911004,40.029848196],[-93.9928020039999,40.030110304],[-93.993037998,40.0310717],[-93.993219997,40.031825596],[-93.993311002,40.0321759],[-93.9935790859999,40.0321725380001]]]},"properties":{"id":"uniti-regional-20260919-6715e20dda3f16cfc47e","sourceId":"uniti-regional-20260919","source":"Uniti Wholesale regional transport network","sourceUrl":"https://www.unitiwholesale.com/network-map/","name":"Uniti Wholesale regional transport network","carrier":"Uniti Wholesale","category":"unknown","routeStatus":"Publisher network map; current operating status unverified","evidence":"publisher_route","geometryQuality":"publisher_geometry_unverified","dataDate":null,"metadataModified":"2025-06-13T12:55:45+00:00","retrievedAt":"2026-09-19T13:31:26.703698+00:00","networkType":"Carrier-published regional transport geometry; not a surveyed cable alignment","serviceability":"Unconfirmed","routeDiversity":"Unconfirmed","states":["MO"],"publishedLineParts":5,"importBatch":"20260919","sourceRecordIds":["14436","14439","14443","88413","88422"]},"bbox":[-93.9935790859999,40.0005625000001,-93.973754,40.0321759]},{"type":"Feature","geometry":{"type":"MultiLineString","coordinates":[[[-93.576625537,37.63156224],[-93.576410052,37.631566725],[-93.576422371,37.631699154],[-93.576422758,37.631703493],[-93.576453004,37.6320415640001],[-93.57655041,37.6320792550001],[-93.5765702469999,37.6323890670001],[-93.576444867,37.6323954540001],[-93.5764516099999,37.632465632],[-93.576470961,37.632692451],[-93.576497707,37.6329869790001],[-93.5765026619999,37.633041576],[-93.5765052839999,37.6333058430001],[-93.576497299,37.6334306200001],[-93.5764621719999,37.633974003],[-93.576439598,37.634323126],[-93.576434642,37.634399843],[-93.576439197,37.634407428],[-93.576472117,37.634462162],[-93.5764623009999,37.6346141400001],[-93.576457523,37.6346880940001],[-93.576428139,37.635142822],[-93.57640129,37.635558254],[-93.576358591,37.6362190130001],[-93.576345526,37.636421092],[-93.5763372439999,37.636521642],[-93.576325366,37.6366225420001],[-93.5763098529999,37.636723675],[-93.576290851,37.6368239460001],[-93.576268688,37.6369222280001],[-93.576249105,37.637004807],[-93.576132826,37.6370190100001],[-93.576230636,37.6370837100001],[-93.576180213,37.6372962830001],[-93.576264653,37.6373027710001],[-93.576390713,37.637305704],[-93.576541286,37.637309202],[-93.577100608,37.637322182],[-93.5777189889999,37.6373365380001],[-93.578088315,37.6373122040001],[-93.57940263,37.6373432460001]],[[-93.740783,37.6846554],[-93.73823,37.6845937000001],[-93.730665,37.6844108000001],[-93.7305729999999,37.6844085000001],[-93.73013,37.6843978000001],[-93.730113,37.6843987],[-93.729994,37.684405],[-93.729896,37.6844102000001],[-93.7297569999999,37.6844178000001],[-93.729662,37.684423],[-93.72952,37.6844309],[-93.729151,37.68449],[-93.728734,37.6841131],[-93.7257979999999,37.6840373000001],[-93.725177,37.6843698000001],[-93.7221299999999,37.6841908000001],[-93.7219709999999,37.6841879],[-93.721809,37.6841975],[-93.721649,37.6842197],[-93.721493,37.6842542000001],[-93.721345,37.6842994],[-93.720967,37.6844323],[-93.720936,37.684442],[-93.720908,37.6844484000001]],[[-93.579403,37.6373432],[-93.581295,37.6373039000001],[-93.582553,37.6373315000001],[-93.584014,37.6373608000001],[-93.587283,37.6374325],[-93.5874189999999,37.6373708],[-93.587862,37.6373779],[-93.5886859999999,37.6373967000001],[-93.590707,37.6374403],[-93.591732,37.6374743000001],[-93.592995,37.6375192],[-93.5949899999999,37.6375899000001],[-93.5953029999999,37.6375611],[-93.595859,37.6373334],[-93.5961809999999,37.6373184],[-93.596571,37.6373293],[-93.5970329999999,37.6374366000001],[-93.5971499999999,37.6375045],[-93.597303,37.6375630000001],[-93.597448,37.6376328000001],[-93.597585,37.6377131],[-93.5977119999999,37.6378032000001],[-93.5978239999999,37.6379000000001],[-93.598044,37.6381072],[-93.600646,37.6402285],[-93.60078,37.6403328000001],[-93.600918,37.6404317000001],[-93.60106,37.6405257000001],[-93.601208,37.6406151],[-93.6013619999999,37.6407],[-93.604431,37.6423213],[-93.604553,37.6423796],[-93.604678,37.6424274],[-93.604808,37.6424657000001],[-93.604943,37.6424943000001],[-93.60508,37.6425129],[-93.605218,37.6425213],[-93.605361,37.6425195],[-93.607745,37.6424023000001],[-93.6077969999999,37.6423997],[-93.6078009999999,37.6423997],[-93.608124,37.6426490000001],[-93.608668,37.6426210000001],[-93.609021,37.6427846],[-93.609543,37.6427575000001],[-93.610402,37.6423341],[-93.610554,37.6423315000001],[-93.610707,37.6423388000001],[-93.611013,37.6423841000001],[-93.6111549999999,37.6424198],[-93.612252,37.6427348],[-93.612385,37.6427786],[-93.612515,37.6428327],[-93.6126369999999,37.6428960000001],[-93.6127519999999,37.6429679],[-93.612856,37.643047],[-93.6133819999999,37.6434827]],[[-93.748708,37.6958257000001],[-93.748466,37.6955012],[-93.748431,37.6954530000001],[-93.7483999999999,37.6954048000001],[-93.74837,37.6953559],[-93.748343,37.6953063],[-93.748318,37.6952544000001],[-93.747466,37.6934291000001],[-93.747247,37.69296],[-93.747237,37.6929376],[-93.745681,37.6896003],[-93.7456319999999,37.6894873000001],[-93.745591,37.6893748],[-93.745557,37.6892605],[-93.74553,37.6891451000001],[-93.74551,37.6890272000001],[-93.745305,37.6875487],[-93.745304,37.6875420000001],[-93.744917,37.6847551000001]],[[-93.744916807,37.684755092],[-93.744850785,37.6847154110001],[-93.743650084,37.684722983],[-93.74078301,37.684655374],[-93.7407798419999,37.6846553]],[[-93.676024533,37.671735262],[-93.675994181,37.672688758],[-93.6757835819999,37.679507694],[-93.676220045,37.6795051950001],[-93.67634763,37.679754023],[-93.677459878,37.6797893],[-93.6775239459999,37.679789091],[-93.677586069,37.6797845230001],[-93.6776473359999,37.679775627],[-93.677707395,37.679762483],[-93.6777657549999,37.6797451750001],[-93.6778236009999,37.679723246],[-93.6786319299999,37.6793811380001],[-93.6786908449999,37.6793589160001],[-93.67875394,37.679340563],[-93.6788190189999,37.679326899],[-93.678885194,37.679318075],[-93.678952204,37.679314149],[-93.6790193579999,37.6793151470001],[-93.679086158,37.6793210720001],[-93.67915196,37.6793318630001],[-93.67921628,37.6793474500001],[-93.679278411,37.6793676350001],[-93.679338015,37.6793923350001],[-93.6793927689999,37.6794204220001],[-93.680116036,37.679830081],[-93.680142797,37.6798437050001],[-93.680169323,37.679854398],[-93.6801969639999,37.679862927],[-93.680225617,37.6798692450001],[-93.680254968,37.679873264],[-93.6802865559999,37.679875044],[-93.688802921,37.680016677],[-93.688899232,37.680015408],[-93.6890009589999,37.680021931],[-93.6891014889999,37.680036278],[-93.6891998839999,37.680058322],[-93.689294992,37.680087799],[-93.689386166,37.680124517],[-93.689481136,37.6801724900001],[-93.689616684,37.6803111070001],[-93.68965915,37.680358846],[-93.6896969909999,37.680410743],[-93.689707805,37.680429247],[-93.6897287209999,37.6804650400001],[-93.6897541559999,37.680521379],[-93.689773147,37.6805794800001],[-93.689785407,37.680638477],[-93.68979094,37.680698264],[-93.6897896939999,37.680756756],[-93.689719177,37.681658097],[-93.689705418,37.6818339640001],[-93.6897039739999,37.6819132960001],[-93.689711851,37.6819908570001],[-93.6897227059999,37.6820393720001],[-93.68972901,37.6820675430001],[-93.6897551499999,37.68214233],[-93.689790237,37.682215017],[-93.6898338509999,37.682284704],[-93.689886634,37.682352118],[-93.689989372,37.6824703620001],[-93.6900534379999,37.682544105],[-93.690197957,37.682710453],[-93.6910533,37.6835654400001],[-93.691079288,37.683589199],[-93.691106326,37.6836099220001],[-93.691135743,37.683628793],[-93.6911670549999,37.6836454900001],[-93.6912001149999,37.6836599480001],[-93.691234568,37.683672019],[-93.691270278,37.6836816370001],[-93.691307081,37.6836887690001],[-93.6913443399999,37.6836932670001],[-93.691383581,37.6836952290001],[-93.6939022619999,37.6837327690001],[-93.705617916,37.684091943],[-93.7058300779999,37.684098433],[-93.707096875,37.6841284820001],[-93.7071912059999,37.6842689060001],[-93.71015849,37.684352823],[-93.7101656419999,37.6843530250001],[-93.715137729,37.68447343],[-93.715386251,37.6843025690001],[-93.7192276599999,37.6844109310001],[-93.720814869,37.684455659],[-93.720848301,37.6844553970001],[-93.720877866,37.6844530320001],[-93.720907879,37.6844483780001]],[[-93.6134059189999,37.6435101930001],[-93.613764348,37.6437970970001],[-93.6138538499999,37.6438565600001],[-93.613902141,37.643899898],[-93.613998947,37.6440138130001],[-93.614033851,37.6440953580001],[-93.6140617729999,37.6441605910001],[-93.614075879,37.64420955],[-93.61406276,37.6442804490001],[-93.614056362,37.644334966],[-93.614056497,37.644351312],[-93.61404974,37.644362243],[-93.614050054,37.6444003780001],[-93.614036603,37.6444276760001],[-93.614036944,37.644471277],[-93.614023387,37.644487687],[-93.61402344,37.6444931230001],[-93.614010375,37.644569466],[-93.613990464,37.6446458520001],[-93.613984425,37.644743955],[-93.61399879,37.6448255990001],[-93.614054466,37.6449342780001],[-93.61419253,37.645069769],[-93.614234111,37.6451294880001],[-93.614296095,37.645172754],[-93.614371863,37.645226844],[-93.614454386,37.645269996],[-93.614550602,37.6453130840001],[-93.6146124159999,37.645334553],[-93.616327074,37.6456688590001],[-93.6164161309999,37.6456738460001],[-93.616451994,37.6458239290001],[-93.616511709,37.6458249510001],[-93.6165714969999,37.645821676],[-93.6166305519999,37.6458141350001],[-93.616688411,37.645802411],[-93.6167447939999,37.645786549],[-93.6167992489999,37.645766665],[-93.6168494249999,37.6457437760001],[-93.617007146,37.6456640970001],[-93.6170384319999,37.6456497720001],[-93.617069613,37.645638288],[-93.617101856,37.645629027],[-93.617135161,37.6456220170001],[-93.617170805,37.645617115],[-93.619675303,37.6453629540001],[-93.619722495,37.645357378],[-93.619769826,37.645350222],[-93.619817697,37.6453413470001],[-93.619864196,37.6453311160001],[-93.619909305,37.6453195940001],[-93.619938873,37.6453004100001],[-93.619994557,37.645156849],[-93.620909147,37.644906787],[-93.620966438,37.6448933620001],[-93.621027224,37.644883677],[-93.621088554,37.64487835],[-93.621150428,37.64487739],[-93.621212247,37.6448807990001],[-93.621271263,37.644888291],[-93.62331757,37.6452229220001],[-93.623365268,37.6452324910001],[-93.6234134969999,37.645245915],[-93.623460259,37.6452627790001],[-93.623504806,37.6452828340001],[-93.62354695,37.64530596],[-93.623586415,37.645332056],[-93.623622611,37.6453606790001],[-93.623655645,37.645391943],[-93.623684979,37.6454253540001],[-93.6237103659999,37.645460573],[-93.623731768,37.6454975730001],[-93.6237489929999,37.6455360460001],[-93.623761326,37.6455740160001],[-93.623822543,37.6458045360001],[-93.623878782,37.6459212820001],[-93.623944893,37.6460386540001],[-93.6240190029999,37.6461528180001],[-93.624100891,37.6462635020001],[-93.624190852,37.6463710140001],[-93.624474799,37.6467138510001],[-93.6245411669999,37.646802112],[-93.624598312,37.6468957720001],[-93.624645114,37.646993243],[-93.6246810119999,37.647093404],[-93.624705471,37.647194238],[-93.624887198,37.6481699980001],[-93.624908501,37.6482545740001],[-93.624939849,37.6483354280001],[-93.62496279,37.6483978590001],[-93.624971106,37.6484043830001],[-93.625325244,37.648810654],[-93.6257845099999,37.649311857],[-93.625917622,37.6494436190001],[-93.6260643109999,37.649563707],[-93.626224499,37.6496722790001],[-93.626396717,37.6497683490001],[-93.62657976,37.6498512310001],[-93.626771619,37.6499200040001],[-93.62697071,37.6499741380001],[-93.627177623,37.6500136000001],[-93.6281806009999,37.650165605],[-93.628212782,37.650170481],[-93.628705128,37.6502450880001],[-93.628757739,37.6502518020001],[-93.6288092769999,37.6502559480001],[-93.628860785,37.6502576770001],[-93.6289125269999,37.6502570270001],[-93.6289654,37.650253897],[-93.62978428,37.6501862380001],[-93.629861034,37.650182339],[-93.6299395519999,37.650183304],[-93.630017622,37.6501892110001],[-93.630222023,37.6502243830001],[-93.630242337,37.650234997],[-93.6305018259999,37.6501028970001],[-93.6306428619999,37.650143187],[-93.630925628,37.6503058560001],[-93.630985235,37.650352645],[-93.630996446,37.650361446],[-93.6310436639999,37.6503985090001],[-93.631927537,37.6512072100001],[-93.6320031399999,37.6512739730001],[-93.632073937,37.651325828],[-93.632206033,37.6514184050001],[-93.632290896,37.651470192],[-93.6323945139999,37.651521878],[-93.63592848,37.6529021420001],[-93.636074349,37.652957332],[-93.636133459,37.6529749750001],[-93.6362018139999,37.652991012],[-93.636251478,37.6530005220001],[-93.636317633,37.6530095970001],[-93.636975308,37.653082585],[-93.63757667,37.653149001],[-93.63769037,37.653156182],[-93.6377585859999,37.6531558140001],[-93.6378442019999,37.6531496690001],[-93.637923985,37.6531382280001],[-93.638013466,37.653119444],[-93.63808098,37.653103699],[-93.6381549829999,37.653084371],[-93.6382288739999,37.653065692],[-93.638309275,37.653053266],[-93.638382893,37.653050345],[-93.638443206,37.6530528600001],[-93.6401910229999,37.6531230530001],[-93.641981222,37.6531940130001],[-93.642102374,37.6532030390001],[-93.642235004,37.653219984],[-93.642377024,37.6532487740001],[-93.642525483,37.6532914110001],[-93.6426774609999,37.653345479],[-93.645114438,37.6543038030001],[-93.6484180049999,37.655576753],[-93.648455718,37.6555989350001],[-93.648521573,37.6556209620001],[-93.648665769,37.655679139],[-93.648671244,37.655687228],[-93.64876682,37.655713253],[-93.648848027,37.65573177],[-93.6490581749999,37.6557761220001],[-93.649220546,37.655809365],[-93.6496379769999,37.6558710200001],[-93.649910037,37.65590833],[-93.6500081829999,37.6559264],[-93.650230968,37.6559564470001],[-93.650377475,37.6559778120001],[-93.650481988,37.6559772370001],[-93.6525860149999,37.6559545440001],[-93.652788174,37.6559645090001],[-93.6529205959999,37.655969322],[-93.65310185,37.6559794020001],[-93.653269252,37.6560006490001],[-93.653313404,37.6562233000001],[-93.6575010449999,37.657125635],[-93.657637355,37.6571493270001],[-93.6576886729999,37.6576432150001],[-93.6588210739999,37.6578902690001],[-93.6588887199999,37.657905027],[-93.665866971,37.659427162],[-93.665982102,37.659453242],[-93.6660941709999,37.659480551],[-93.666205602,37.6595096450001],[-93.666316115,37.6595404450001],[-93.666428882,37.6595738710001],[-93.669023499,37.6603665000001],[-93.66911464,37.6603943430001],[-93.670928495,37.6609484030001],[-93.672395217,37.661396406],[-93.676686021,37.6627381810001],[-93.6766452049999,37.6628001600001],[-93.6765839019999,37.662907589],[-93.676531128,37.6630274070001],[-93.676492034,37.6631502980001],[-93.676466768,37.6632757140001],[-93.6764558959999,37.663399171],[-93.676396449,37.6654702290001],[-93.6762188439999,37.665633212],[-93.6761968449999,37.6663241650001],[-93.676196774,37.6663263140001],[-93.676024533,37.671735262],[-93.676024605,37.671733121]],[[-93.520704616,37.643352335],[-93.52613436,37.6434699210001],[-93.5261399779999,37.6434700460001],[-93.529836501,37.643549955],[-93.5303219849999,37.643560435],[-93.533548592,37.6436300770001],[-93.533671662,37.6436256480001],[-93.533796804,37.643620432],[-93.533922879,37.643614449],[-93.534047728,37.6436078050001],[-93.534171165,37.6436005300001],[-93.5343720659999,37.6435783750001],[-93.534361959,37.643422939],[-93.5343651969999,37.643362204],[-93.5343756729999,37.643301819],[-93.5343932389999,37.643242463],[-93.534417747,37.6431847960001],[-93.534450205,37.643127043]],[[-93.5766222079999,37.63153119],[-93.576560527,37.6315309780001],[-93.576364521,37.631534195],[-93.576369929,37.631579308],[-93.5763812169999,37.631703696],[-93.576413357,37.6320628770001],[-93.5765102619999,37.632100376],[-93.57652677,37.632358251],[-93.5764253249999,37.6323634190001],[-93.576316882,37.6323687500001],[-93.576319627,37.632398971],[-93.57632906,37.6325028460001],[-93.576331121,37.6325254490001],[-93.576367768,37.632929199],[-93.576376647,37.633026984],[-93.576383785,37.6332620970001],[-93.576370619,37.633464011],[-93.576354064,37.6337201220001],[-93.5763415009999,37.633914411],[-93.576333969,37.6340309440001],[-93.576316547,37.634300443],[-93.576311687,37.63437558],[-93.57630958,37.6344080600001],[-93.5763061709999,37.634460967],[-93.57629553,37.634625734],[-93.5762493139999,37.635340886],[-93.576180014,37.6364131380001],[-93.576162688,37.636502571],[-93.576152384,37.63663612],[-93.576145578,37.636705729],[-93.5761272989999,37.636802204],[-93.576105416,37.6368992220001],[-93.576094045,37.6369426],[-93.576106542,37.637007579],[-93.575833577,37.63702742],[-93.575751398,37.636862523],[-93.575607723,37.636574196],[-93.575597079,37.636555435],[-93.575584814,37.636538226],[-93.575570662,37.636522042],[-93.575554714,37.6365069840001],[-93.57553698,37.6364930600001],[-93.575517788,37.6364805490001],[-93.575497265,37.636469516],[-93.575475503,37.636460017],[-93.575452801,37.63645216],[-93.57542907,37.6364459440001],[-93.5754049619999,37.636441534],[-93.575380533,37.6364389120001],[-93.5753554999999,37.6364380900001],[-93.5753298929999,37.6364391160001],[-93.5750874499999,37.6364577470001],[-93.5750481599999,37.6364621920001],[-93.5750100509999,37.636469257],[-93.574973238,37.636478889],[-93.574937408,37.636491156],[-93.574903085,37.636505867],[-93.574870682,37.6365228760001],[-93.574840192,37.6365421620001],[-93.574811976,37.6365635130001],[-93.574786295,37.6365867260001],[-93.574763732,37.636611144],[-93.57466396,37.6366164020001],[-93.574634981,37.636671619],[-93.5746202139999,37.636710989],[-93.574610035,37.6367563430001],[-93.574607013,37.6367819270001],[-93.574606422,37.6368181490001],[-93.574615186,37.637043694],[-93.574614976,37.6370552830001],[-93.574613555,37.637066228],[-93.574610962,37.637076941],[-93.574607145,37.6370875600001],[-93.574602273,37.637097671],[-93.574596263,37.637107449],[-93.574589127,37.6371168430001],[-93.5745810079999,37.637125708],[-93.574571949,37.637133915],[-93.574562015,37.6371414770001],[-93.5745513049999,37.6371483070001],[-93.574539809,37.637154362],[-93.574527591,37.637159657],[-93.574515183,37.637163935],[-93.574502153,37.6371674100001],[-93.574488644,37.6371699700001],[-93.574475091,37.6371715500001],[-93.574460679,37.6371722040001],[-93.5741603,37.637175273],[-93.572755594,37.637146118],[-93.572506963,37.637140957],[-93.572204364,37.637134672]],[[-93.5023543839999,37.6429146940001],[-93.502680893,37.6426384320001],[-93.5031306079999,37.642640186],[-93.505731213,37.642701693],[-93.508927506,37.642777208],[-93.509656012,37.6427933960001],[-93.5103921779999,37.642809738],[-93.513386736,37.642876207],[-93.516979711,37.642955854],[-93.517881334,37.6429758250001],[-93.518070913,37.643287618],[-93.520704618,37.643352335]],[[-93.534450205,37.643127043],[-93.536199408,37.6410314660001],[-93.536249712,37.640976566],[-93.536307144,37.640924211],[-93.53637028,37.6408759170001],[-93.5364383099999,37.640832295],[-93.536510866,37.640793578],[-93.536585974,37.6407606490001],[-93.5379173439999,37.640236304],[-93.538023094,37.64019918],[-93.538134044,37.640169272],[-93.538247914,37.640147272],[-93.538363783,37.640133371],[-93.5384791009999,37.640127767],[-93.539099553,37.640119472],[-93.5391248339999,37.6401182480001],[-93.5391483129999,37.640115441],[-93.539171202,37.640111012],[-93.5391936249999,37.64010496],[-93.539215128,37.6400974410001],[-93.5392358829999,37.6400883410001],[-93.539255473,37.64007787],[-93.539273897,37.6400660190001],[-93.539290837,37.640052993],[-93.5393062799999,37.6400387730001],[-93.53932008,37.640023581],[-93.539332212,37.6400073790001],[-93.53934243,37.6399904780001],[-93.5393514089999,37.639971517],[-93.5393855469999,37.6398883310001],[-93.539402131,37.63985348],[-93.5394234499999,37.639818618],[-93.539428013,37.6398122470001],[-93.5394842429999,37.639747099],[-93.539681464,37.6397822810001],[-93.539708057,37.6397687690001],[-93.539739692,37.6397557820001],[-93.541379945,37.639156831],[-93.541609807,37.6391006960001],[-93.541690865,37.6390834360001],[-93.5417714069999,37.639070468],[-93.5418533709999,37.639061434],[-93.541935238,37.6390564800001],[-93.5420192999999,37.639055548],[-93.542383235,37.639060472],[-93.5424255789999,37.6390625510001],[-93.542465347,37.6390673500001],[-93.542504403,37.639074936],[-93.542542651,37.63908531],[-93.542579352,37.639098258],[-93.542614692,37.639113858],[-93.542647909,37.639131751],[-93.542679116,37.639152032],[-93.5427079419999,37.639174412],[-93.542734119,37.639198735],[-93.542757474,37.6392247960001],[-93.542777836,37.639252421],[-93.542795783,37.6392826590001],[-93.542951199,37.639577725],[-93.5429965719999,37.639654248],[-93.543050974,37.639728303],[-93.54311351,37.6397984340001],[-93.543183514,37.639863873],[-93.543260413,37.639924126],[-93.54334369,37.6399787730001],[-93.543432745,37.640027418],[-93.543526829,37.6400696420001],[-93.543625108,37.640105076],[-93.543688538,37.640122891],[-93.543950342,37.6401871740001],[-93.5442390219999,37.6401188400001],[-93.5448207859999,37.6402526520001],[-93.544958207,37.640278752],[-93.545095912,37.640294216],[-93.545234867,37.6402993240001],[-93.5453739929999,37.6402940410001],[-93.5455135239999,37.6402781690001],[-93.545530734,37.6402755560001],[-93.545589257,37.6402676590001],[-93.545648984,37.640261675],[-93.545708549,37.640257712],[-93.545768766,37.640255751],[-93.5458280139999,37.640255799],[-93.546506976,37.6402678430001],[-93.546519869,37.6402680670001],[-93.546872175,37.6402743030001],[-93.556749644,37.6404442670001],[-93.55684136,37.6404420040001],[-93.556926023,37.640433524],[-93.557027578,37.640414438],[-93.557111456,37.640391213],[-93.5570833039999,37.640183998],[-93.557104599,37.640175207],[-93.557155542,37.6401492140001],[-93.55720332,37.6401196470001],[-93.557247553,37.640086709],[-93.557287849,37.6400507010001],[-93.5573237519999,37.6400120420001],[-93.557355155,37.639970857],[-93.557381724,37.6399275740001],[-93.557403215,37.6398825530001],[-93.557419517,37.639836044],[-93.557430373,37.6397888560001],[-93.557436494,37.639734811],[-93.557559208,37.6375293340001],[-93.557567819,37.637452964],[-93.557611316,37.637300721],[-93.557649649,37.6372203880001],[-93.557694348,37.637147487],[-93.557747315,37.6370779750001],[-93.557807973,37.6370126300001],[-93.557875757,37.6369519960001],[-93.5579501659999,37.6368965310001],[-93.5580308309999,37.636846534],[-93.558116672,37.6368026960001],[-93.558207236,37.6367652000001],[-93.5583016749999,37.6367344270001],[-93.558399353,37.6367105790001],[-93.55849908,37.63669393],[-93.558600708,37.636684517],[-93.5586949629999,37.636682652],[-93.56624263,37.63680594],[-93.5667327629999,37.6368139350001],[-93.566896116,37.6368165960001],[-93.5669706959999,37.63681781],[-93.568640437,37.6368450090001],[-93.569920386,37.6368658450001],[-93.570777091,37.6368797740001],[-93.5712556569999,37.6368875650001],[-93.571247328,37.6370193130001],[-93.5713997999999,37.6370218000001],[-93.571718569,37.6370269770001],[-93.571807527,37.637024996],[-93.571909572,37.637054108],[-93.572067356,37.6370991220001],[-93.5722043599999,37.637134674]]]},"properties":{"id":"uniti-regional-20260919-4713cc8a05d5d1dbb4ad","sourceId":"uniti-regional-20260919","source":"Uniti Wholesale regional transport network","sourceUrl":"https://www.unitiwholesale.com/network-map/","name":"Uniti Wholesale regional transport network","carrier":"Uniti Wholesale","category":"unknown","routeStatus":"Publisher network map; current operating status unverified","evidence":"publisher_route","geometryQuality":"publisher_geometry_unverified","dataDate":null,"metadataModified":"2025-06-13T12:55:45+00:00","retrievedAt":"2026-09-19T13:31:26.703698+00:00","networkType":"Carrier-published regional transport geometry; not a surveyed cable alignment","serviceability":"Unconfirmed","routeDiversity":"Unconfirmed","states":["MO"],"publishedLineParts":11,"importBatch":"20260919","sourceRecordIds":["71215","71216","71218","71219","71221","71224","90483","90485","90486","90488"]},"bbox":[-93.748708,37.6315309780001,-93.5023543839999,37.6958257000001]},{"type":"Feature","geometry":{"type":"MultiLineString","coordinates":[[[-93.261506917,37.1594837580001],[-93.2617179279999,37.15949642],[-93.262235522,37.1595255460001],[-93.262498604,37.1595644860001],[-93.262597156,37.159683944],[-93.262596103,37.159887843],[-93.262494224,37.1634532950001]],[[-93.254948003,37.144614001],[-93.2567894489999,37.146700206],[-93.257584295,37.1475809410001],[-93.25844997,37.14854039],[-93.2597734729999,37.150006563],[-93.260781993,37.1512492370001],[-93.261121656,37.1517130070001],[-93.261410231,37.152179855],[-93.261558717,37.152441485],[-93.261599009,37.152528143],[-93.261786719,37.1529067810001],[-93.2618875909999,37.1531500890001],[-93.261957781,37.153333085],[-93.262106488,37.153826736],[-93.2621842,37.154158872],[-93.2622303649999,37.1544510800001],[-93.2622841419999,37.1548760600001],[-93.262294717,37.155086752],[-93.262295046,37.156014365],[-93.262292851,37.1562076480001],[-93.262292856,37.1566472420001],[-93.26229639,37.1583536700001],[-93.262344046,37.159040948],[-93.2620711229999,37.1591577300001],[-93.2620635219999,37.159444895],[-93.261513334,37.1594294600001],[-93.261506222,37.159480312]],[[-93.2623699929999,37.17398323],[-93.262369945,37.173989887],[-93.2623773299999,37.174162358],[-93.262357863,37.1743317610001],[-93.2623240199999,37.174532039],[-93.26230746,37.17664447],[-93.262243601,37.1793537180001],[-93.262231457,37.1802202060001],[-93.262157367,37.1805061690001],[-93.262152767,37.1811881950001]],[[-93.2693095499999,37.136036684],[-93.269312395,37.136136321]],[[-93.262494217,37.1634532940001],[-93.2624774499999,37.1656313610001],[-93.262374619,37.166447195],[-93.262413369,37.166950145],[-93.262430395,37.1671655260001],[-93.2624439369999,37.1678228150001],[-93.262422532,37.168405684],[-93.262398245,37.169988988],[-93.2623699929999,37.17398323]],[[-93.250254806,37.185857476],[-93.250009857,37.185816559]],[[-93.269312407,37.1361363170001],[-93.269029237,37.1362442180001],[-93.268999697,37.137286669],[-93.261890669,37.137132389]],[[-93.25273,37.1425120000001],[-93.252959,37.1427360000001],[-93.252967957,37.1428038970001],[-93.2529749999999,37.1428964300001],[-93.252974138,37.1430051030001],[-93.252972402,37.143213605],[-93.2529568479999,37.143327572],[-93.252930063,37.143432181],[-93.252899167,37.143520267],[-93.252860539,37.1436227570001],[-93.252749561,37.143875893],[-93.252643758,37.1440657310001],[-93.252534838,37.1442245470001],[-93.252453413,37.1443382250001],[-93.2523976319999,37.1444543930001],[-93.252373714,37.1445493090001],[-93.252375187,37.1446263],[-93.2523916979999,37.144693788],[-93.252414,37.1447450000001],[-93.25245452,37.1447903590001],[-93.252505279,37.1448396110001],[-93.252559,37.144883],[-93.2526168809999,37.144914642],[-93.2526484909999,37.1449293640001],[-93.252989538,37.1450556080001],[-93.25299,37.1452900000001],[-93.253163,37.1452890000001],[-93.254268181,37.1440525300001],[-93.254851,37.144663],[-93.254948,37.144614]],[[-93.253189801,37.1813488010001],[-93.252344379,37.181318408],[-93.251287237,37.1812813180001],[-93.251172106,37.1833920730001],[-93.251084857,37.183599255],[-93.250849823,37.1838770420001],[-93.250504791,37.1840652290001],[-93.250023834,37.184295698],[-93.249340897,37.1846469280001],[-93.249220983,37.184804313],[-93.25039364,37.1848570560001],[-93.250362632,37.185859582],[-93.250254811,37.1858574780001]],[[-93.262150993,37.1811868180001],[-93.262110719,37.181216479],[-93.262100655,37.1816265360001],[-93.262093663,37.1820037630001],[-93.262133122,37.182105909],[-93.262090424,37.182104843],[-93.261643679,37.1816983860001],[-93.260921775,37.181658295],[-93.2603261039999,37.1816285140001],[-93.2588261929999,37.181578518],[-93.257789985,37.181528514],[-93.257029971,37.1815085070001],[-93.2566199949999,37.1814885100001],[-93.2553534409999,37.1814383760001],[-93.253459988,37.1813585130001],[-93.253189801,37.1813488010001]],[[-93.2618906659999,37.137132389],[-93.2505049979999,37.136884449],[-93.249672501,37.136844323],[-93.249274234,37.136844319],[-93.248914003,37.136744412],[-93.248860614,37.136717719],[-93.247802195,37.137278339],[-93.24788685,37.1373322100001],[-93.2482700259999,37.1376341000001],[-93.248432586,37.137762008],[-93.248869414,37.1381173930001],[-93.249424474,37.1385936620001],[-93.249542133,37.1386994810001],[-93.251020995,37.1403076550001],[-93.251258149,37.140544805],[-93.25139598,37.1406450530001],[-93.251622008,37.140763774],[-93.251594495,37.140830834],[-93.251705627,37.141132508],[-93.251843729,37.141294975],[-93.252209519,37.141695481],[-93.252397364,37.1418980660001],[-93.252446503,37.141991878],[-93.252597124,37.1422794330001],[-93.2527299989999,37.142511997]],[[-93.271838434,37.1480301080001],[-93.271839732,37.148186394],[-93.271859483,37.1481859250001],[-93.2718075129999,37.151460715],[-93.2717993649999,37.151974152],[-93.271738778,37.154242907],[-93.271797063,37.1545817140001]],[[-93.2719673139999,37.1378284560001],[-93.271976092,37.137577518],[-93.2720340989999,37.135751634]],[[-93.271760735,37.158738134],[-93.271252208,37.1587384800001]],[[-93.271695618,37.141135595],[-93.271902836,37.1396718840001],[-93.2719673139999,37.1378284560001]],[[-93.269478305,37.1361464610001],[-93.269454964,37.136145583],[-93.2694590289999,37.1360988600001],[-93.269462441,37.136037221]],[[-93.2718379999999,37.1480301],[-93.27181,37.1454709000001],[-93.271767,37.1454684],[-93.271711,37.1451267],[-93.271685,37.1449799000001],[-93.271643,37.1447003000001],[-93.271536,37.1438647],[-93.271518,37.1434906000001],[-93.2714989999999,37.1432306],[-93.271666,37.1432549]],[[-93.271797067,37.1545817150001],[-93.271804287,37.155526799],[-93.271747229,37.156995069],[-93.271794857,37.1579412190001],[-93.271782628,37.1587381190001],[-93.271760735,37.158738134]],[[-93.272034096,37.1357516310001],[-93.269762725,37.135691808],[-93.2697365989999,37.135690836],[-93.2697151419999,37.1361553730001],[-93.269478305,37.1361464610001]],[[-93.271666,37.1432549],[-93.271698,37.1411313]],[[-93.2617842339999,37.206162899],[-93.262014,37.2062471],[-93.263654,37.2062927000001],[-93.265703,37.2063493],[-93.266082,37.2063595000001],[-93.267823,37.2064085000001],[-93.2678239999999,37.2064086],[-93.268896,37.2064273],[-93.271235,37.2064785000001],[-93.271315,37.2064806000001],[-93.273318,37.2065161],[-93.273321,37.2065162000001],[-93.275503,37.2065512],[-93.276388,37.2065491000001],[-93.277608,37.2065787000001],[-93.279867,37.2066377],[-93.2815409999999,37.2066797000001],[-93.282341,37.2066981],[-93.2844719999999,37.2067395],[-93.2864939999999,37.2067868]],[[-93.288294696,37.207859838],[-93.2880638569999,37.2078693600001]],[[-93.2864943339999,37.2067868170001],[-93.286904264,37.2067799320001],[-93.288363526,37.206831558],[-93.288329381,37.2078223020001],[-93.28832868,37.207858437],[-93.288294696,37.207859838]],[[-93.262152767,37.181188198],[-93.262141987,37.1816271050001],[-93.262133121,37.1821059120001],[-93.262201569,37.182154257],[-93.2620891019999,37.1876005510001],[-93.2620518539999,37.188817439],[-93.2620312129999,37.1903110430001],[-93.261962356,37.19309316],[-93.2619363429999,37.1943474560001],[-93.261909968,37.1958533330001],[-93.261832668,37.198563155]],[[-93.261833,37.1985632],[-93.261835,37.1989868],[-93.261794,37.2013573],[-93.261763,37.2028153],[-93.2617519999999,37.2041058],[-93.26169846,37.206012275],[-93.2617842339999,37.206162899]],[[-93.271917484,37.161551221],[-93.271515736,37.1615556610001],[-93.271516758,37.1623850560001],[-93.271507737,37.162774895],[-93.271513815,37.163037811],[-93.2715468329999,37.1644221970001],[-93.27150241,37.1656364940001],[-93.2714793709999,37.1666952730001],[-93.271506626,37.167094137],[-93.271513154,37.1673447410001],[-93.271563647,37.1683592000001],[-93.271491001,37.1699514060001],[-93.271472121,37.171038991],[-93.2714513009999,37.1714655270001],[-93.271451817,37.1738383740001],[-93.271482138,37.175830972],[-93.271496382,37.176521075],[-93.271453428,37.1778299220001],[-93.271438345,37.1793215180001],[-93.271450655,37.179849624]],[[-93.2903899999999,37.1905488],[-93.290333,37.1920434],[-93.290305,37.1930557000001],[-93.2902969999999,37.1934625000001],[-93.290293,37.1936164],[-93.290253,37.1951764],[-93.290234,37.1958013],[-93.290205,37.1967267000001],[-93.290155,37.1985510000001],[-93.290149,37.1987294],[-93.2901209999999,37.1995739000001],[-93.2901409999999,37.2004428000001],[-93.2901199999999,37.2012970000001],[-93.290104,37.2017978000001],[-93.290025,37.2022926000001],[-93.289995,37.2030968],[-93.289993,37.2031245000001],[-93.289959,37.2040465],[-93.289955,37.2044464],[-93.289937,37.2054894],[-93.2899199999999,37.2063028],[-93.290001,37.2067938000001],[-93.290013,37.2068678000001],[-93.290005,37.2079454],[-93.289998,37.2081618],[-93.289949,37.2089817],[-93.2899409999999,37.2092443000001]],[[-93.2880425019999,37.2079269660001],[-93.288330667,37.2079226190001],[-93.288325495,37.2081955310001],[-93.286768275,37.2081602650001],[-93.286749625,37.20818166]],[[-93.290413987,37.1889089310001],[-93.290413243,37.1889306400001],[-93.2903926539999,37.189531786],[-93.290392685,37.1895539560001],[-93.290392687,37.190439997],[-93.290390358,37.190548801]],[[-93.2905334599999,37.186381979],[-93.2904598809999,37.187252614],[-93.290446091,37.1875603180001],[-93.290387032,37.1888724990001],[-93.290413987,37.1889089310001]],[[-93.290029443,37.209633151],[-93.2899363269999,37.2097385820001],[-93.289704982,37.2096713],[-93.2894242629999,37.2095410650001],[-93.289360464,37.2095114140001],[-93.289307166,37.209397562],[-93.2893161699999,37.209149906],[-93.289277224,37.209075796],[-93.289198792,37.2090210860001],[-93.2891018619999,37.2090008930001],[-93.288470149,37.2089868150001],[-93.286706285,37.2089681300001],[-93.286749625,37.20818166]],[[-93.270810956,37.159437285],[-93.270811607,37.1589052160001],[-93.2711752719999,37.158900035]],[[-93.2899410909999,37.2092442690001],[-93.2899969429999,37.209266535],[-93.289981385,37.2096154500001],[-93.290029442,37.209633153]],[[-93.2719174819999,37.161551219],[-93.271779791,37.1615077760001],[-93.271579319,37.1614974230001],[-93.271578816,37.1597363540001],[-93.2708106009999,37.159726822],[-93.270810956,37.159437285]],[[-93.2760411739999,37.181970946],[-93.273550068,37.181910354],[-93.272024409,37.1818940520001],[-93.271419609,37.1818928990001],[-93.271451429,37.179910356],[-93.271450655,37.1798496260001]],[[-93.2760411739999,37.181970946],[-93.276100458,37.1818891560001],[-93.2762980099999,37.1819170090001],[-93.277038809,37.1820291350001],[-93.278267435,37.1820561760001],[-93.281449464,37.18209304],[-93.283166995,37.1821138760001],[-93.28565614,37.182141915],[-93.2866005129999,37.1821503480001],[-93.288199182,37.1821738140001],[-93.290658187,37.1822145080001],[-93.290593481,37.1839593780001],[-93.2905614159999,37.184812551],[-93.2905315469999,37.185586341],[-93.2905334609999,37.1863819750001]],[[-93.310741503,37.072015531],[-93.310680625,37.072012547],[-93.310644243,37.071839802]],[[-93.297784996,37.142090999],[-93.297685997,37.141972997],[-93.2976920039999,37.1418950030001],[-93.2974700029999,37.141812999],[-93.296492003,37.1418199990001],[-93.2965043519999,37.1407591880001]],[[-93.2941779,37.1408408240001],[-93.2940205309999,37.1409222180001],[-93.293579016,37.1412389590001],[-93.2933524109999,37.141502512],[-93.293198323,37.1417915000001],[-93.293120739,37.142025244],[-93.293072087,37.1423003350001],[-93.293012537,37.1432333300001],[-93.293012356,37.1432628430001]],[[-93.28069405,37.1471783850001],[-93.280663897,37.147188703],[-93.280574302,37.1471806500001],[-93.280548965,37.1471652440001],[-93.27813,37.147121095],[-93.2768940029999,37.147093904],[-93.276707,37.147113802]],[[-93.2970702819999,37.0873916130001],[-93.296420427,37.0855275490001],[-93.295470877,37.083534523],[-93.294769871,37.082181561],[-93.293776026,37.0800728240001],[-93.293676042,37.079785267],[-93.293596163,37.0792584270001],[-93.2937379379999,37.072867279],[-93.294014009,37.072371004],[-93.294061103,37.0692608520001]],[[-93.287175996,37.145559899],[-93.287127997,37.1456170010001],[-93.286880999,37.1456180960001],[-93.286370001,37.1456202960001],[-93.285911001,37.1456692040001],[-93.285737,37.1457050000001],[-93.285490002,37.1458158],[-93.2852810049999,37.1459771020001],[-93.2850429979999,37.1461658],[-93.284757004,37.1463878010001],[-93.284484994,37.146599103],[-93.2842859949999,37.146751496],[-93.284057004,37.146879395],[-93.283925005,37.146953196],[-93.2834649979999,37.1471348040001],[-93.282969996,37.1472201990001],[-93.282586004,37.147250695],[-93.280723978,37.1472434140001],[-93.28069405,37.1471783850001]],[[-93.2965720289999,37.134602736],[-93.296564068,37.132793796],[-93.2967816999999,37.1267867600001],[-93.296892196,37.121325939],[-93.296942661,37.1199326490001],[-93.297376589,37.1111644690001],[-93.2976453109999,37.1085645410001],[-93.297731176,37.105389019],[-93.2981120269999,37.0980825930001],[-93.298243745,37.0912277520001],[-93.298541146,37.087028317],[-93.299175042,37.0839793110001],[-93.3021052289999,37.075335313],[-93.302484309,37.072850982],[-93.307709242,37.072816741],[-93.310380717,37.072833862],[-93.310741417,37.072092205],[-93.310741503,37.072015531]],[[-93.294061103,37.0692608520001],[-93.302511802,37.069412916],[-93.303493488,37.069609809],[-93.307296853,37.069716815],[-93.307051432,37.0708575],[-93.307988861,37.0715958330001],[-93.310467218,37.071645055],[-93.31053159,37.0718055610001],[-93.310644243,37.071839802]],[[-93.296368491,37.140741818],[-93.296431103,37.140739458],[-93.2963674649999,37.1407209650001],[-93.296126207,37.1407280760001],[-93.2961296729999,37.140603497],[-93.295768843,37.1405920380001],[-93.295562688,37.140585677],[-93.295119189,37.140585672],[-93.294847621,37.1406228430001],[-93.2942970129999,37.1407792150001],[-93.2941779,37.1408408240001]],[[-93.276706753,37.147113812],[-93.276548721,37.1471681840001],[-93.2763770889999,37.147241014],[-93.275929102,37.1475199610001],[-93.275550844,37.147762243],[-93.275240911,37.1479219290001],[-93.275031063,37.147967683],[-93.274888749,37.1479723630001],[-93.27448731,37.14798407],[-93.2734173859999,37.1479600850001],[-93.2722450209999,37.1479473370001],[-93.271838434,37.1480301080001]],[[-93.293012356,37.1432628430001],[-93.29300929,37.143764162],[-93.293040546,37.144109374],[-93.29350866,37.1453299090001],[-93.2935144419999,37.145382533],[-93.29365595,37.1454393590001]],[[-93.2881928309999,37.14557233],[-93.2871760519999,37.1455591590001]],[[-93.296368492,37.140741813],[-93.296505769,37.1376157290001],[-93.296573521,37.1349427480001],[-93.296572023,37.134602734]],[[-93.2965043519999,37.140759189],[-93.2965049959999,37.140703998],[-93.296455005,37.140660999],[-93.296489998,37.1395719980001],[-93.2967515349999,37.137264863],[-93.2967620859999,37.1366176660001],[-93.2968175619999,37.13321762],[-93.296843963,37.131693635],[-93.296906006,37.1298684660001],[-93.2969343839999,37.1290336750001],[-93.2970510549999,37.125334165],[-93.297095656,37.1232120230001],[-93.2970931469999,37.1197566110001],[-93.297111227,37.1190000280001],[-93.297214033,37.1160546510001],[-93.297324363,37.1135491790001],[-93.297351873,37.1129245010001],[-93.297383628,37.1122034530001],[-93.297415078,37.11182978],[-93.297507832,37.110890226],[-93.2976707189999,37.1091400760001],[-93.2977521719999,37.1082150390001],[-93.298056994,37.104435005],[-93.297057003,37.1043910010001],[-93.29734781,37.095810508],[-93.297564543,37.089620816],[-93.297180424,37.0877075490001],[-93.297070279,37.0873916140001]],[[-93.293655994,37.145440443],[-93.293525189,37.1454901450001],[-93.2933151619999,37.145516311],[-93.293138241,37.1455242690001],[-93.2915144139999,37.1455384860001],[-93.291166806,37.145541537],[-93.289266577,37.1455631360001],[-93.288192828,37.145572326]]]},"properties":{"id":"uniti-regional-20260919-3f035966457cd30d2406","sourceId":"uniti-regional-20260919","source":"Uniti Wholesale regional transport network","sourceUrl":"https://www.unitiwholesale.com/network-map/","name":"Uniti Wholesale regional transport network","carrier":"Uniti Wholesale","category":"unknown","routeStatus":"Publisher network map; current operating status unverified","evidence":"publisher_route","geometryQuality":"publisher_geometry_unverified","dataDate":null,"metadataModified":"2025-06-13T12:55:45+00:00","retrievedAt":"2026-09-19T13:31:26.703698+00:00","networkType":"Carrier-published regional transport geometry; not a surveyed cable alignment","serviceability":"Unconfirmed","routeDiversity":"Unconfirmed","states":["MO"],"publishedLineParts":51,"importBatch":"20260919","sourceRecordIds":["56425","56426","56427","56428","56429","56430","56431","56432","56433","56434","56435","71615","71616","71617","71618","71619","71620","71621","71622","71623","72575","72579","72580","72584","72585","79583","79584","79585","79586","79587","79588","79589","79590","79591","79592","79593","81915","81916","81919","81921","81929","81931","81934","81935","81940","81944","81946","81948","81951","81952","81953"]},"bbox":[-93.310741503,37.0692608520001,-93.247802195,37.2097385820001]},{"type":"Feature","geometry":{"type":"MultiLineString","coordinates":[[[-93.352763538,37.472219747],[-93.3524646339999,37.4722113]],[[-93.3119689339999,37.4571282590001],[-93.312086471,37.457262944],[-93.313610621,37.457141725],[-93.314371255,37.457095123],[-93.3158291779999,37.456982473]],[[-93.275212,37.4558745],[-93.2763409999999,37.4558978000001],[-93.280588,37.4559615000001],[-93.280593,37.4559616000001],[-93.281083,37.4559736],[-93.281217,37.4559777000001],[-93.2828249999999,37.4559924000001],[-93.285619,37.4560576000001],[-93.2893489999999,37.4561339],[-93.2893479999999,37.4559107000001],[-93.289972,37.4559224000001],[-93.2907699999999,37.4559398000001],[-93.293265,37.4559941],[-93.294733,37.4560224],[-93.295135,37.4560680000001],[-93.2970779999999,37.4561098],[-93.2975299999999,37.4561175000001],[-93.297551,37.4560986000001],[-93.297644,37.4560994],[-93.2976609999999,37.4561216000001],[-93.2994389999999,37.4561559],[-93.3003219999999,37.4561731000001],[-93.300378,37.4561404],[-93.300947,37.4561527000001],[-93.3037449999999,37.4562135],[-93.303845,37.45611],[-93.304335,37.4561365000001],[-93.304389,37.4562451],[-93.3044649999999,37.4562515000001],[-93.304837,37.4562994],[-93.3051399999999,37.4563590000001],[-93.3054779999999,37.4564415],[-93.3056079999999,37.4564822],[-93.305894,37.4565554000001],[-93.306188,37.4566368000001],[-93.306315,37.4566698],[-93.3073209999999,37.4569456],[-93.3075219999999,37.4570007],[-93.308152,37.4571811000001],[-93.30869,37.4572771],[-93.3090359999999,37.4573028],[-93.309264,37.4572978],[-93.309882,37.4572562000001],[-93.3110339999999,37.4571866],[-93.3111269999999,37.4571807],[-93.311969,37.4571283000001]],[[-93.349226002,37.465373801],[-93.349251995,37.464534703],[-93.349304745,37.463981743],[-93.3493286519999,37.4632871750001],[-93.349346091,37.462780525],[-93.349416979,37.4606909980001],[-93.349441847,37.459690181],[-93.3494531699999,37.459234525],[-93.349331003,37.459232704],[-93.349044997,37.4592114970001],[-93.3488119949999,37.4591755970001],[-93.348568996,37.4591203970001],[-93.348350002,37.4590466010001],[-93.348120998,37.458953496],[-93.3479389999999,37.4588554040001],[-93.347724999,37.4587179960001],[-93.347636005,37.458655999],[-93.347309004,37.4584245980001],[-93.346586004,37.4579167970001],[-93.346516,37.457867596],[-93.346060998,37.4575477000001],[-93.3462659959999,37.4573398],[-93.346078,37.4572160990001],[-93.345932004,37.4571390960001],[-93.345871996,37.4571134970001],[-93.345768,37.457070098],[-93.3456289969999,37.457021704],[-93.345458002,37.456977604],[-93.345278996,37.456946698],[-93.345115005,37.456929804],[-93.344970003,37.456926503],[-93.344779995,37.456930797],[-93.3446450019999,37.4569413030001],[-93.344444003,37.4569581980001],[-93.3437800039999,37.45701],[-93.343212004,37.456940602],[-93.342447003,37.456849101],[-93.341655004,37.4567543960001],[-93.341600995,37.4567479990001],[-93.341123006,37.4566923990001],[-93.340808002,37.4566529040001],[-93.340125003,37.4565729020001]],[[-93.409891,37.4782092],[-93.409685,37.4781901000001],[-93.4093359999999,37.4781464000001],[-93.409032,37.4781003],[-93.408641,37.4780190000001],[-93.408078,37.4778863000001],[-93.407048,37.4776481000001],[-93.406127842,37.477437095]],[[-93.413112,37.4782597000001],[-93.413008,37.4782579000001],[-93.412911,37.4782567],[-93.410113,37.4782219],[-93.409891,37.4782092]],[[-93.3158291779999,37.456982473],[-93.31640433,37.456938022],[-93.317095082,37.456896483]],[[-93.337006,37.456285],[-93.3376259999999,37.4563191],[-93.33791,37.4563361],[-93.338266,37.4563573],[-93.3384839999999,37.4563833],[-93.340124982,37.45657291]],[[-93.398061694,37.475570707],[-93.3978329239999,37.475519131],[-93.39671607,37.4752607390001],[-93.39554814,37.4749901280001],[-93.395019404,37.474865617],[-93.394534767,37.4747551350001],[-93.393170818,37.4744395660001],[-93.392628418,37.4743138090001],[-93.391894844,37.474143719],[-93.3904064989999,37.473800324],[-93.389292922,37.4735443010001],[-93.3891225149999,37.473504484],[-93.388922669,37.4734793380001],[-93.388728503,37.4734676360001],[-93.387692928,37.47343628],[-93.383551584,37.473309908],[-93.3824443839999,37.473277081],[-93.382291188,37.4732725340001],[-93.381183106,37.47324038],[-93.3806344609999,37.473220832],[-93.375377602,37.4730618950001],[-93.375083725,37.473007849],[-93.3745580299999,37.4729897220001],[-93.373873437,37.4729661150001],[-93.37281183,37.472929756],[-93.371799373,37.4728981740001],[-93.3717195459999,37.472923538],[-93.368816456,37.472816198],[-93.3659761599999,37.4727062970001],[-93.362482512,37.4725747740001],[-93.362083715,37.472559714],[-93.361057708,37.4725209470001],[-93.358546743,37.47242563],[-93.357537528,37.472386124],[-93.355075248,37.472293843],[-93.354031123,37.4722555640001],[-93.352763539,37.472219748]],[[-93.273649,37.4606011000001],[-93.273521,37.4606011000001],[-93.273521,37.4604224],[-93.273533,37.4603924],[-93.2735519999999,37.4603282]],[[-93.2735519999999,37.4603282],[-93.273491,37.4604801],[-93.272573,37.4604067000001],[-93.2726019999999,37.4601708000001],[-93.2726689999999,37.4597347000001],[-93.272701,37.4595255],[-93.272744,37.4592134000001],[-93.2727999999999,37.4589324],[-93.272814,37.4588935],[-93.272881,37.4585843],[-93.272929,37.4584021000001],[-93.272955,37.4582811000001],[-93.2729829999999,37.4581871],[-93.273028,37.4580349],[-93.273095,37.4578114],[-93.2731909999999,37.4575209000001],[-93.273252,37.4573198000001],[-93.273322,37.4570847000001],[-93.273332,37.457029],[-93.2733679999999,37.4568231000001],[-93.273383,37.4567538000001],[-93.273402,37.4567204000001],[-93.2733929999999,37.4566938],[-93.273406,37.4566044],[-93.273464,37.4560358000001]],[[-93.273464314,37.456035756],[-93.273941828,37.456105683],[-93.273950312,37.4558493640001],[-93.273844366,37.455823072],[-93.27359118,37.4558207000001],[-93.273602006,37.455665132],[-93.273877467,37.455670211],[-93.273979971,37.455599652],[-93.274031358,37.4552237070001],[-93.2742021019999,37.455234207],[-93.2741486199999,37.455623062],[-93.275370499,37.4556421290001],[-93.275371029,37.4557844810001],[-93.275223426,37.455779346],[-93.275211579,37.455874511]],[[-93.4142409999999,37.4782733000001],[-93.413112,37.4782597000001]],[[-93.3524646339999,37.4722113],[-93.351903498,37.472195438],[-93.3490133919999,37.4721137110001],[-93.3491028239999,37.4692625710001]],[[-93.33665,37.4562654000001],[-93.337006,37.456285]],[[-93.4276692919999,37.478255828],[-93.42765934,37.478290691],[-93.427660399,37.4785257670001],[-93.4276399999999,37.4787651],[-93.427139,37.4787378],[-93.4268969999999,37.478726],[-93.426465,37.4787218000001]],[[-93.317095077,37.456896478],[-93.317734505,37.4568580160001],[-93.317886131,37.4568479110001],[-93.318998242,37.4568178530001],[-93.320929065,37.4567878390001],[-93.322339413,37.45677784],[-93.32308879,37.4568037930001],[-93.32497652,37.4568161410001],[-93.328273805,37.456869141],[-93.328995677,37.456887291],[-93.3297046439999,37.45690512],[-93.330002463,37.456884486],[-93.3302388989999,37.456868108],[-93.331121192,37.456737122],[-93.3314778769999,37.456681464],[-93.331816556,37.4566286100001],[-93.333061225,37.456429939],[-93.33405171,37.4563383390001],[-93.334669401,37.4562877540001],[-93.335379068,37.4562546660001],[-93.3359411799999,37.456226428],[-93.336650098,37.456265445]],[[-93.349102825,37.4692625710001],[-93.349126848,37.4684076350001],[-93.349153385,37.467645894],[-93.349196086,37.4664208230001],[-93.349210785,37.46591956]],[[-93.406127842,37.477437095],[-93.405779385,37.477357189]],[[-93.405779385,37.477357189],[-93.4051239999999,37.4772069000001],[-93.403497,37.4768273],[-93.40282,37.4766714],[-93.4026049999999,37.4766221],[-93.4014969999999,37.4763681000001],[-93.4002369999999,37.476072],[-93.398559,37.47569],[-93.398062,37.4755707]],[[-93.426465,37.4787218000001],[-93.426413,37.4786878],[-93.426415,37.4786222000001],[-93.42491,37.4786085000001],[-93.423821,37.4785963],[-93.423552,37.4785932],[-93.4234269999999,37.4785914],[-93.423189,37.4785900000001],[-93.422264,37.4785822000001],[-93.422183,37.4786195],[-93.4212009999999,37.4786051],[-93.420957,37.4785925],[-93.4207279999999,37.4785799000001],[-93.4198,37.4785171],[-93.4195,37.4784453],[-93.4188989999999,37.4783044000001],[-93.418581,37.4782368],[-93.4184779999999,37.478215],[-93.4178459999999,37.4781085000001],[-93.417288,37.4780444],[-93.417222,37.4780345],[-93.417166,37.4780314000001],[-93.417124,37.4782419000001],[-93.417114,37.4782924],[-93.416614,37.4782606000001],[-93.415984,37.4782573000001],[-93.4142409999999,37.4782733000001]],[[-93.349210785,37.46591956],[-93.349225933,37.4653738420001]],[[-93.427725,37.482199],[-93.4277279999999,37.4825710000001],[-93.4276359999999,37.4831277000001],[-93.42762,37.4836126000001],[-93.427608,37.4839665000001],[-93.427576,37.4848702],[-93.427584,37.4849319],[-93.427594,37.4849936],[-93.4276169999999,37.4850585],[-93.427642,37.4851202],[-93.427666,37.4851646000001],[-93.427756,37.4852989],[-93.4278399999999,37.4854182],[-93.427877,37.4854988000001],[-93.427898,37.4855874],[-93.427895,37.4857526000001]],[[-93.427895,37.485752604],[-93.427881003,37.4865295980001],[-93.427866002,37.487326898],[-93.427845002,37.4884754020001],[-93.427837004,37.489019903],[-93.427835998,37.489121896],[-93.427791004,37.4914655000001],[-93.427768998,37.4925284970001],[-93.427755002,37.493375797],[-93.427732996,37.494428402],[-93.427720006,37.4948434980001],[-93.427717001,37.495021298],[-93.428218995,37.4950223000001],[-93.4290230029999,37.4950536000001],[-93.4291380019999,37.4950699980001],[-93.429237998,37.495092003],[-93.429383,37.495146504],[-93.429465002,37.4951862020001],[-93.429564999,37.495255399],[-93.430031003,37.495578403],[-93.430140997,37.4981282960001],[-93.4299070009999,37.499531597],[-93.429977999,37.4997705010001],[-93.4300290039999,37.500054199],[-93.430077996,37.500366205]],[[-93.4276692919999,37.478255828],[-93.427674161,37.478273377],[-93.427674,37.4783029000001],[-93.427806,37.4783035],[-93.4277989999999,37.4785027],[-93.427783,37.4789698000001],[-93.427769,37.4793556000001],[-93.427761,37.4795750000001],[-93.427756,37.4797679000001],[-93.427743,37.4800966],[-93.4277289999999,37.4804933],[-93.427719,37.4807974],[-93.427714,37.4809082],[-93.4277059999999,37.4811362],[-93.427695,37.481476],[-93.4276759999999,37.4819729000001],[-93.42767,37.4821571000001],[-93.4277269999999,37.4821592000001],[-93.427725,37.482199]],[[-93.345125001,37.388895],[-93.344708004,37.3896899970001],[-93.344197998,37.390666998],[-93.3438289919999,37.391412006],[-93.343525998,37.3919129980001],[-93.343230999,37.392512997],[-93.3427579949999,37.3933770080001],[-93.342122998,37.393888997],[-93.3416520009999,37.394808998],[-93.341685998,37.3956080030001],[-93.340928009,37.3955740060001],[-93.340031998,37.395533002],[-93.3399690039999,37.3963850000001],[-93.339921987,37.397426001],[-93.33984,37.3984989960001],[-93.339803009,37.399124004],[-93.3397730029999,37.399274995],[-93.341229007,37.3993209970001],[-93.342524005,37.3993530050001],[-93.3431410049999,37.39933999],[-93.343443001,37.400047003],[-93.343749998,37.4007730010001],[-93.344052007,37.4014810090001],[-93.344312996,37.402157001],[-93.344363007,37.4030670070001],[-93.344299989,37.4039910050001],[-93.3443650029999,37.4047830040001],[-93.344369006,37.4057210020001],[-93.344367996,37.4065439990001],[-93.344393998,37.407363005],[-93.344388012,37.408196005],[-93.3444050109999,37.4090130060001],[-93.3443949959999,37.409861993],[-93.345142997,37.4107090050001],[-93.345827005,37.411453001],[-93.3464960109999,37.4122079960001],[-93.347202007,37.4129680030001],[-93.3479310009999,37.413741993],[-93.3488999949999,37.4138679970001],[-93.3499630109999,37.414285992],[-93.350148001,37.4146729920001],[-93.3504760119999,37.415425],[-93.350470001,37.4159959990001],[-93.35044401,37.4168629960001],[-93.350425004,37.417486002],[-93.350420002,37.418123001],[-93.350399999,37.418738013],[-93.350719006,37.419547993],[-93.350338003,37.4211330030001],[-93.35033501,37.422134002],[-93.3503320039999,37.4228979970001],[-93.350311988,37.4239290030001],[-93.3502849989999,37.4250370020001],[-93.35016899,37.4261439950001],[-93.350132,37.4272389990001],[-93.3502713509999,37.427538413],[-93.3502472329999,37.428467273],[-93.350234804,37.429074072],[-93.3501546639999,37.4297706300001],[-93.350097374,37.4310389280001],[-93.349168499,37.4311768360001],[-93.348395334,37.4312924810001],[-93.348280691,37.4322094010001],[-93.348212427,37.4329021350001],[-93.3480419969999,37.433808991],[-93.347964,37.4345959990001],[-93.347871001,37.435439004],[-93.347991999,37.435831996],[-93.347891005,37.437151989],[-93.347806,37.4378850030001],[-93.3475889969999,37.438741996],[-93.3473850139999,37.4394920020001],[-93.347170991,37.4403090050001],[-93.3469829969999,37.440990007],[-93.346752013,37.4418270030001],[-93.346501985,37.4427460040001],[-93.346227003,37.443774997],[-93.345982001,37.444685994],[-93.3457040119999,37.4456569970001],[-93.345704997,37.4465849970001],[-93.3457010069999,37.446626989],[-93.345703014,37.446732],[-93.345716995,37.447775],[-93.345858995,37.4484620070001],[-93.345959004,37.448981991],[-93.346087995,37.4496080050001],[-93.34623799,37.4503340030001],[-93.34639599,37.451082005],[-93.347166003,37.451959001],[-93.347826004,37.452707994],[-93.348533996,37.4535229950001],[-93.349033004,37.4540969990001],[-93.3492689999999,37.4549620010001],[-93.349522994,37.455902998],[-93.3502629989999,37.4565470040001],[-93.350913,37.457104997],[-93.350934998,37.4576249990001],[-93.350943005,37.458139013],[-93.3502950019999,37.4587349920001],[-93.349564,37.4594159920001],[-93.349571009,37.460267996],[-93.3495699869999,37.4602929980001],[-93.349534007,37.4611580050001],[-93.349504,37.462061008],[-93.349465002,37.463156004],[-93.349430007,37.464235009],[-93.3494190069999,37.464810007],[-93.349400998,37.465256002],[-93.349367999,37.466220999],[-93.349334999,37.467254],[-93.349297997,37.4682660060001],[-93.349257003,37.4694350070001],[-93.349236001,37.470065004],[-93.349219988,37.470636007],[-93.3491860029999,37.471553999],[-93.3491800039999,37.471874987],[-93.349146993,37.472853995],[-93.349098005,37.473956],[-93.349112009,37.4749829890001],[-93.349133997,37.475676999],[-93.349160997,37.476564997],[-93.349197003,37.477724005],[-93.349230002,37.4785489970001],[-93.3493300389999,37.4794578560001],[-93.3494146099999,37.480298244],[-93.349457259,37.4805964340001],[-93.349486664,37.4808034210001],[-93.349518764,37.4810011440001],[-93.349532681,37.481092168],[-93.3495457,37.48117197],[-93.3495728609999,37.4813408360001],[-93.349593736,37.481470157],[-93.3496150619999,37.4816039310001],[-93.349627856,37.4817273730001],[-93.349637958,37.4818264130001],[-93.34964963,37.481942195],[-93.34966422,37.482083093],[-93.349672975,37.482166813],[-93.349675219,37.4821921070001],[-93.3496882379999,37.482313054],[-93.349701258,37.482442908],[-93.3497070939999,37.482496702],[-93.349720787,37.482635996],[-93.349733806,37.482761931],[-93.3497486209999,37.4829060330001],[-93.349765007,37.4830645640001],[-93.34977466,37.4831566550001],[-93.349781169,37.4832453600001],[-93.3497899229999,37.483368978],[-93.3497993509999,37.4834965140001],[-93.349810125,37.483646494],[-93.3498173089999,37.483747846],[-93.349826063,37.483874313],[-93.349838633,37.4840490510001],[-93.349849857,37.484199029],[-93.3498586109999,37.4843230020001],[-93.349862876,37.484375013],[-93.3498716299999,37.484498629],[-93.34987612,37.4845558050001],[-93.34987612,37.4846087070001],[-93.3498850989999,37.4847255550001],[-93.349900587,37.4849173900001],[-93.3499163,37.4851021000001],[-93.349928645,37.485252788],[-93.349941889,37.485420043],[-93.349955358,37.4855744710001],[-93.349969948,37.48575437],[-93.349980498,37.485881012],[-93.349984988,37.4859337350001],[-93.349998456,37.4861002740001],[-93.3500148419999,37.4863266610001],[-93.350027862,37.4865263290001],[-93.350041554,37.486735437],[-93.3500550219999,37.4869425850001],[-93.3500646749999,37.487086145],[-93.350068715,37.487172709],[-93.350075449,37.4873266000001],[-93.350080162,37.487437743],[-93.35008353,37.4875036450001],[-93.350087795,37.487614076],[-93.3500956509999,37.487788627],[-93.3500994669999,37.487869312],[-93.350103283,37.4879597930001],[-93.3500979899999,37.4885749970001],[-93.3501299919999,37.4894499980001],[-93.350173992,37.4901689920001],[-93.350192997,37.490679001],[-93.3502080009999,37.491172997],[-93.350233005,37.4919849980001],[-93.3502670029999,37.4928479870001],[-93.350290001,37.4934479990001],[-93.350335995,37.494121998],[-93.350358007,37.494846],[-93.350379994,37.4954109980001],[-93.350399999,37.4960239960001],[-93.350428994,37.496800998],[-93.3504619939999,37.497621],[-93.350506006,37.498857989],[-93.35062199,37.5001010060001],[-93.351024993,37.5008500060001],[-93.351682001,37.5015419970001],[-93.3526679939999,37.501571998],[-93.352701005,37.5023670000001],[-93.352728992,37.5032719960001],[-93.352736998,37.504168002],[-93.3527449919999,37.504990005],[-93.352708988,37.5057790000001],[-93.352698,37.5066709980001],[-93.3527070169999,37.5074659160001],[-93.3525553599999,37.5082869550001],[-93.3525477109999,37.5086080780001],[-93.3527643309999,37.5091806030001],[-93.3528316479999,37.5094882970001],[-93.35287869,37.509621586],[-93.352944824,37.509808967],[-93.3529736359999,37.509861779],[-93.353129716,37.5101328590001],[-93.3533662789999,37.510426205],[-93.353484629,37.5105458310001],[-93.3536578919999,37.5107190900001],[-93.35388066,37.510901192],[-93.3544931879999,37.511394839],[-93.354987675,37.511792396],[-93.35547482,37.5121842450001],[-93.356073983,37.512667116],[-93.35662698,37.51311394],[-93.357026768,37.513436948],[-93.357196003,37.5135650020001],[-93.3581870089999,37.513480008],[-93.3589719989999,37.51341599],[-93.359765994,37.5133540050001],[-93.360954997,37.513355002],[-93.3633679969999,37.5133480060001],[-93.364010003,37.513347996],[-93.363970007,37.5142830120001],[-93.363915007,37.515705986],[-93.363887994,37.516257001],[-93.364132996,37.5174150030001],[-93.3642540069999,37.5179739980001],[-93.364362009,37.518503004],[-93.364466993,37.5190330040001],[-93.365545001,37.519933001],[-93.366116006,37.5203849980001],[-93.366664999,37.521217003],[-93.3671250089999,37.5218920020001],[-93.367558005,37.5225070000001],[-93.3682610069999,37.5233729980001],[-93.3687079969999,37.5239310000001],[-93.369181999,37.524520006],[-93.369569998,37.5249949920001],[-93.3700719989999,37.5256209940001],[-93.370508998,37.5260559980001],[-93.370896,37.5264809970001],[-93.371265991,37.526860001],[-93.371848994,37.527419003],[-93.372619005,37.5281819900001],[-93.3731589939999,37.528950002],[-93.3737730129999,37.529837005],[-93.3746039979999,37.5298890030001],[-93.374830006,37.5303679990001],[-93.3752189909999,37.5311839980001],[-93.375486005,37.531743007],[-93.375643993,37.532072],[-93.3758480129999,37.532482009],[-93.376224593,37.53344729],[-93.3767355859999,37.534170305],[-93.377260597,37.5349363010001],[-93.3783140049999,37.534983001],[-93.378624008,37.5356909980001],[-93.378922,37.536397005],[-93.379511988,37.5378359960001],[-93.380046002,37.5391120030001],[-93.3800909999999,37.539155995],[-93.380358013,37.5396509980001],[-93.380347999,37.5397159990001],[-93.380937973,37.5407758970001],[-93.3815852129999,37.541910859],[-93.38162399,37.541915137],[-93.381779995,37.542183999],[-93.382110002,37.5427450060001],[-93.382351998,37.543169001],[-93.3826610149999,37.543691998],[-93.3829489929999,37.5441879970001],[-93.383219001,37.5446660120001],[-93.383486002,37.545106999],[-93.383929012,37.545868996],[-93.38418999,37.546328991],[-93.384445006,37.5467579950001],[-93.384638002,37.5471120120001],[-93.38501999,37.547784003],[-93.385378007,37.5484210060001],[-93.3857419989999,37.549066011],[-93.386006992,37.549537999],[-93.3863379969999,37.550116997],[-93.386577,37.5505340060001],[-93.3870629999999,37.551380997],[-93.3873060069999,37.5518120030001],[-93.387619987,37.552354998],[-93.38802299,37.5532420060001],[-93.388212992,37.553596011],[-93.3886780029999,37.554412997],[-93.389160997,37.5552470050001],[-93.389604993,37.556096997],[-93.3897439999999,37.556271001],[-93.390123006,37.557016],[-93.3903500119999,37.557692003],[-93.390551014,37.5581179920001],[-93.3906719999999,37.558347005],[-93.3911360119999,37.559153999],[-93.3916009979999,37.5599610030001],[-93.3920640009999,37.560776005],[-93.392455005,37.561477],[-93.392848005,37.5621770020001],[-93.3932439989999,37.562895003],[-93.393645006,37.563636],[-93.394011006,37.5643070030001],[-93.394504002,37.5649139970001],[-93.394824993,37.5656750000001],[-93.395110002,37.5663490110001],[-93.3954850059999,37.567228003],[-93.395888009,37.567924006],[-93.3955929959999,37.5679519980001],[-93.39388917,37.568245322],[-93.393892003,37.5682839950001],[-93.393981997,37.568290995],[-93.393999993,37.568286992],[-93.394171002,37.568767001],[-93.394246018,37.5689310060001],[-93.3944000019999,37.5694010120001],[-93.394543998,37.569882995],[-93.394700004,37.5702950030001],[-93.394853003,37.570704001],[-93.3950530069999,37.571198004],[-93.395203002,37.5715900000001],[-93.3953809939999,37.571978001],[-93.395468008,37.57250099],[-93.395449001,37.5730449960001],[-93.3954270139999,37.5737610080001],[-93.3954170119999,37.5741719980001],[-93.3954389989999,37.57477899],[-93.395484008,37.575356992],[-93.395559997,37.575884],[-93.3957180099999,37.5765010040001],[-93.39590901,37.577035999],[-93.396027003,37.5780320010001],[-93.396166995,37.579057011],[-93.396307997,37.579829009],[-93.396509997,37.5808099990001],[-93.3966130109999,37.581325996],[-93.396704003,37.581782004],[-93.396916769,37.582773091]],[[-93.297785,37.142091],[-93.2978009999999,37.142027],[-93.297852,37.141937],[-93.298109,37.1420180000001],[-93.2980679999999,37.142798],[-93.298037,37.1437760000001],[-93.2980009999999,37.143873],[-93.2980029999999,37.1447430000001],[-93.2981579999999,37.1451220000001],[-93.314243,37.1447920000001],[-93.314417,37.1528640000001],[-93.317193,37.1532740000001],[-93.318911,37.153034],[-93.34145,37.153076],[-93.341199,37.160446],[-93.362984,37.160719],[-93.363739,37.1604350000001],[-93.363842,37.1653700000001],[-93.363459,37.168686],[-93.359636,37.1725290000001],[-93.354689,37.176967],[-93.3509779999999,37.179266],[-93.350398,37.183096],[-93.349465,37.205227],[-93.34903,37.207475],[-93.348018,37.2301160000001],[-93.347565,37.2414590000001],[-93.347705,37.2436760000001],[-93.348227,37.2447770000001],[-93.346621,37.2473590000001],[-93.345565,37.248245],[-93.34567,37.248436],[-93.3458659999999,37.248793],[-93.3425119999999,37.2501570000001],[-93.3380749999999,37.2506250000001],[-93.332503,37.2508270000001],[-93.3289959999999,37.250958],[-93.320103,37.25129],[-93.3197229999999,37.254758],[-93.3153989999999,37.2547700000001],[-93.316176,37.2559400000001],[-93.319509,37.258832],[-93.321381,37.2634550000001],[-93.322871,37.2671330000001],[-93.325067,37.2725540000001],[-93.326756,37.274303],[-93.326915,37.27529],[-93.323748,37.275175],[-93.3248359999999,37.276838],[-93.325159,37.280047],[-93.32442,37.2878860000001],[-93.323926,37.2931350000001],[-93.32656,37.300347],[-93.326812,37.305098],[-93.327613,37.3115760000001],[-93.327543,37.313366],[-93.330138,37.323542],[-93.329488,37.334097],[-93.32854,37.3495070000001],[-93.329877,37.3523010000001],[-93.329967,37.355263],[-93.337462,37.3715970000001],[-93.3451249999999,37.388895]]]},"properties":{"id":"uniti-regional-20260919-95ebe30ca0d3576cec2c","sourceId":"uniti-regional-20260919","source":"Uniti Wholesale regional transport network","sourceUrl":"https://www.unitiwholesale.com/network-map/","name":"Uniti Wholesale regional transport network","carrier":"Uniti Wholesale","category":"unknown","routeStatus":"Publisher network map; current operating status unverified","evidence":"publisher_route","geometryQuality":"publisher_geometry_unverified","dataDate":null,"metadataModified":"2025-06-13T12:55:45+00:00","retrievedAt":"2026-09-19T13:31:26.703698+00:00","networkType":"Carrier-published regional transport geometry; not a surveyed cable alignment","serviceability":"Unconfirmed","routeDiversity":"Unconfirmed","states":["MO"],"publishedLineParts":27,"importBatch":"20260919","sourceRecordIds":["13413","13416","13424","6079","6080","6081","6082","6083","6084","6085","6086","6087","6088","6089","6090","6091","6092","6093","6094","6095","6096","6097","6098","6099","6100","81920","81943"]},"bbox":[-93.430140997,37.141937,-93.272573,37.582773091]},{"type":"Feature","geometry":{"type":"MultiLineString","coordinates":[[[-93.410106212,37.61300714],[-93.4100850029999,37.612965697],[-93.4101940039999,37.612837696],[-93.4099950039999,37.6123980020001],[-93.409867996,37.6121347970001],[-93.4097989969999,37.6119950950001],[-93.409617,37.6116288],[-93.409467998,37.611327501],[-93.409433001,37.6112581020001],[-93.409423998,37.611239298],[-93.409368995,37.6110890030001],[-93.409192001,37.610734005],[-93.409014003,37.6103726980001],[-93.40889,37.610122002],[-93.408869,37.6100698970001],[-93.408649,37.609613698],[-93.408408994,37.609117197],[-93.408138003,37.608556596],[-93.408025997,37.6083286040001],[-93.407883999,37.6080177000001],[-93.407838,37.6079175020001],[-93.407740003,37.607682997],[-93.407572995,37.6072661970001],[-93.407976751,37.607145847],[-93.4079787429999,37.607058169],[-93.407980989,37.6069593120001]],[[-93.407980989,37.6069593120001],[-93.4079831889999,37.606862495],[-93.407987554,37.606670336],[-93.4079476639999,37.60659615],[-93.407950898,37.606433006],[-93.40795338,37.606333297],[-93.4079596509999,37.6060449560001],[-93.407937997,37.6059139990001],[-93.407950006,37.6056453],[-93.407960003,37.6054548000001],[-93.407964002,37.605365298],[-93.407973005,37.6051778],[-93.407985996,37.604970399],[-93.408038006,37.6047549030001],[-93.4082879969999,37.604758003]],[[-93.42275731,37.576318703],[-93.422781797,37.575567753],[-93.423063153,37.5673327760001],[-93.4230984339999,37.5663649850001]],[[-93.424798,37.5138322],[-93.424762374,37.514940461]],[[-93.430078,37.5003662],[-93.4302529999999,37.5004283000001],[-93.43045,37.5013554000001],[-93.430525,37.5017041],[-93.430693,37.5024671],[-93.430683,37.5026852],[-93.4304729999999,37.5032506],[-93.430371,37.5033819000001],[-93.430219,37.5034794000001],[-93.429546,37.5037484000001],[-93.429613,37.5038305],[-93.4296869999999,37.5039611],[-93.4297,37.5040968000001],[-93.42964,37.5042666],[-93.429495,37.5044125000001],[-93.4294099999999,37.5044484000001],[-93.4295959999999,37.5052380000001],[-93.429766,37.5059591],[-93.425105,37.5065016],[-93.425014,37.5066924000001],[-93.424998,37.5071513],[-93.424913,37.5104332000001],[-93.424835,37.5127889],[-93.424798,37.5138322]],[[-93.423098436,37.566364983],[-93.42311834,37.565797392],[-93.423101398,37.565772667],[-93.423109005,37.56556851]],[[-93.410052983,37.6142282270001],[-93.410058668,37.614212691]],[[-93.424762374,37.514940461],[-93.424726,37.5160720000001],[-93.4246889999999,37.5171997],[-93.424605,37.519528],[-93.424510884,37.522539888],[-93.424487836,37.523240795],[-93.42443721,37.524832549]],[[-93.417965264,37.58320316],[-93.41910613,37.5832252050001]],[[-93.424437922,37.5248339500001],[-93.4243729999999,37.52685],[-93.4243719999999,37.5268896000001],[-93.4241919999999,37.5324922]],[[-93.4100220019999,37.613305798],[-93.4100299999999,37.613302397],[-93.410225001,37.6132391990001],[-93.4101062179999,37.6130071420001]],[[-93.4231086779999,37.565568485],[-93.4231131779999,37.5654422860001],[-93.422983222,37.565399552],[-93.422994316,37.5650884460001],[-93.423020086,37.564439087],[-93.422826995,37.564345202],[-93.422872995,37.562548103],[-93.422963999,37.5586907050001],[-93.422996003,37.557215197]],[[-93.409319,37.6135549],[-93.409328,37.6135484000001],[-93.409547,37.6134720000001],[-93.410022313,37.6133057920001]],[[-93.41910613,37.5832252050001],[-93.422059336,37.58328227],[-93.4222412459999,37.583236798],[-93.4224106949999,37.583130891],[-93.422357716,37.5829358350001],[-93.4224070019999,37.582196541],[-93.4224369199999,37.5812583470001],[-93.4224462669999,37.5809403210001],[-93.422613202,37.580917312],[-93.422643083,37.5798216950001],[-93.422656368,37.579414324],[-93.422679551,37.57870344],[-93.422708832,37.577805342],[-93.42272668,37.5772580870001],[-93.422757309,37.576318702]],[[-93.416498092,37.5974735460001],[-93.416527674,37.59746011],[-93.4167533139999,37.597460388],[-93.416776316,37.597496827],[-93.417574306,37.5975052590001],[-93.417895025,37.597499885],[-93.417891751,37.5972184330001],[-93.41789115,37.597176496],[-93.417898424,37.596805482],[-93.4179023,37.5958792220001],[-93.41794208,37.5957451560001],[-93.417953843,37.594687391],[-93.417956088,37.594514153],[-93.4179603699999,37.594184093],[-93.417965313,37.5936161970001],[-93.417970612,37.5930147060001],[-93.417972354,37.592816903],[-93.41797358,37.5924067170001],[-93.41789191,37.592345396],[-93.417896768,37.591991767],[-93.41789851,37.5918103000001],[-93.417902496,37.591395617],[-93.417904532,37.591112899],[-93.417922221,37.5891061640001],[-93.417930574,37.588661664],[-93.4179492929999,37.5880537470001],[-93.4179634719999,37.5874296020001],[-93.4179735319999,37.5869874640001],[-93.41789115,37.586954221],[-93.417896363,37.5867252580001],[-93.417953316,37.5848086020001],[-93.4180099389999,37.5837223550001]],[[-93.40828834,37.604758041],[-93.408585676,37.604761823],[-93.408608271,37.6047622460001],[-93.4091488399999,37.604772489],[-93.4096110739999,37.604781308],[-93.410339758,37.6047966150001],[-93.4105735269999,37.604801029],[-93.410928924,37.60480871],[-93.4112028549999,37.6048114750001],[-93.411829203,37.6048256760001],[-93.41253655,37.60483659],[-93.412834522,37.604840779],[-93.412830101,37.604716511],[-93.412839952,37.604466906],[-93.4128495319999,37.6041733530001],[-93.4128567009999,37.603946678],[-93.4128672959999,37.6036620250001],[-93.412879305,37.6033091560001],[-93.412888931,37.603021439],[-93.4128953699999,37.6028396610001],[-93.4128568249999,37.6027996070001],[-93.41286281,37.602644205],[-93.412864157,37.602609069],[-93.412908482,37.601342227],[-93.412922859,37.600898649],[-93.412953583,37.600041021],[-93.412957228,37.599939851],[-93.412969813,37.5995893090001],[-93.4130010229999,37.598812652],[-93.413013791,37.5984195570001],[-93.4130325199999,37.598037349],[-93.41344546,37.598043004],[-93.4142352009999,37.5980624970001],[-93.4156468099999,37.5980930320001],[-93.4159985209999,37.598100663],[-93.416008962,37.597801498],[-93.416010133,37.5974667180001],[-93.416403127,37.597473166],[-93.4164980909999,37.5974735340001]],[[-93.424072677,37.536003978],[-93.424080739,37.5357185060001],[-93.424087211,37.535489306],[-93.4240469599999,37.533932408],[-93.424190223,37.532491258]],[[-93.422996223,37.5572152390001],[-93.423065005,37.5545202850001]],[[-93.410058668,37.6142126920001],[-93.409678002,37.6142127960001],[-93.409669975,37.614215534],[-93.409486328,37.6138320370001],[-93.4094504829999,37.613757185],[-93.409432501,37.613720129],[-93.409339003,37.613564996],[-93.409319,37.6135549]],[[-93.423065002,37.5545202870001],[-93.423079881,37.5539374430001],[-93.423079979,37.553934973],[-93.423108462,37.5533056400001],[-93.4231233899999,37.5529155900001],[-93.42320863,37.5508596490001],[-93.423390567,37.54641917],[-93.42350337,37.54360885],[-93.4234564019999,37.543544532],[-93.42348069,37.543117249],[-93.423507504,37.542645758],[-93.423549001,37.5423257580001],[-93.4236862389999,37.541267292],[-93.423757238,37.5395618740001],[-93.423833167,37.537814923],[-93.4238608159999,37.5370714850001],[-93.42402922,37.5363631210001],[-93.424065322,37.536345651],[-93.4240674919999,37.536179911],[-93.424072677,37.536003978]],[[-93.4180099389999,37.5837223550001],[-93.417896424,37.5836568220001],[-93.4179153419999,37.583436138],[-93.417965264,37.58320316]],[[-93.374710641,37.676695577],[-93.374664624,37.6767686630001],[-93.3742478409999,37.677430617],[-93.372757823,37.68001065],[-93.371418745,37.682134719]],[[-93.4072810379999,37.6166724390001],[-93.407153228,37.61674148],[-93.407364996,37.6169446230001],[-93.407366843,37.6170062190001],[-93.407366856,37.6176413520001],[-93.40736645,37.617692049],[-93.407357125,37.618437068],[-93.407356595,37.6184633820001],[-93.407346913,37.6186472690001],[-93.407346839,37.6186726380001],[-93.407346852,37.619267548],[-93.407346839,37.6193530560001],[-93.407346852,37.6202000060001],[-93.4073463839999,37.6202411880001],[-93.407337146,37.621073122],[-93.407332969,37.621227597],[-93.407313948,37.6224304770001],[-93.407301629,37.622837013],[-93.4072834679999,37.623436284]],[[-93.381968232,37.665524086],[-93.381962484,37.6655585770001],[-93.381912027,37.6658613020001],[-93.381700756,37.666625916],[-93.381190083,37.6680578030001],[-93.381175077,37.668095142],[-93.3809378509999,37.668683464],[-93.380724228,37.6690598560001],[-93.380162157,37.669832704],[-93.380117774,37.669896126],[-93.379564703,37.6706862230001],[-93.379532822,37.6707317660001],[-93.3794038519999,37.670916004],[-93.379204414,37.67120091]],[[-93.393326627,37.640544839],[-93.3932189019999,37.640513883],[-93.393187009,37.640580808],[-93.392364874,37.64226732],[-93.3923398759999,37.64231979],[-93.39215188,37.642714373],[-93.391940222,37.6431586200001],[-93.391837751,37.6433736930001],[-93.391713528,37.6436344210001],[-93.391602185,37.6438681160001],[-93.3914816429999,37.644121117],[-93.3913715959999,37.6443557760001],[-93.391264737,37.6445898970001],[-93.391164223,37.6448101170001],[-93.3910571499999,37.645044705],[-93.3909483469999,37.645283084],[-93.3908405889999,37.645519172],[-93.390733771,37.6457532],[-93.390627047,37.645987021],[-93.390528571,37.6462027700001],[-93.390420813,37.646438854],[-93.390333846,37.6466293880001],[-93.3901574009999,37.6470109320001],[-93.3900517019999,37.6472390640001],[-93.389943205,37.647473232],[-93.3898341349999,37.647708637],[-93.38973556,37.647921389],[-93.389624589,37.648160896],[-93.389529913,37.648365235],[-93.389441733,37.64855555],[-93.389342192,37.648770385],[-93.389214926,37.6490450570001],[-93.389100868,37.649291223],[-93.38900641,37.6494950850001],[-93.388935207,37.6496487570001]],[[-93.3838888069999,37.6605543410001],[-93.3838680709999,37.6606006330001],[-93.383558179,37.6612924660001],[-93.383097914,37.6622630300001],[-93.383047306,37.662372186],[-93.3817842559999,37.6650962260001],[-93.381800344,37.6651068420001],[-93.381881869,37.665141783],[-93.381983199,37.665293771],[-93.381983196,37.6654343050001],[-93.381968232,37.665524086]],[[-93.36967115,37.686437796],[-93.369657359,37.6866861010001],[-93.36958407,37.687062998],[-93.369431483,37.68753093],[-93.369423524,37.6875502780001],[-93.369296291,37.6878047480001],[-93.3687272599999,37.6885135420001],[-93.3685483039999,37.688890299],[-93.3678496909999,37.690936249],[-93.36753584,37.6917158260001],[-93.367352505,37.692072309]],[[-93.3340711979999,37.7151157000001],[-93.335012197,37.7151439990001]],[[-93.408966391,37.6164568070001],[-93.409572474,37.616262722],[-93.409731752,37.6162114150001]],[[-93.379204414,37.67120091],[-93.379175362,37.67124241],[-93.3790069569999,37.6712517930001],[-93.378714167,37.6717467500001],[-93.378196251,37.6724373060001],[-93.378091979,37.6725612560001],[-93.377997767,37.6726732500001],[-93.377901083,37.67278818],[-93.37607488,37.674958948],[-93.374751778,37.6766302400001],[-93.374710641,37.676695577]],[[-93.393475145,37.6336309590001],[-93.393379314,37.6336297010001],[-93.393410026,37.634135422],[-93.3934438159999,37.6346919000001],[-93.393470316,37.6351282530001],[-93.393484329,37.6353590200001],[-93.393508379,37.6357550760001],[-93.393562174,37.636640804],[-93.393601731,37.6372921080001],[-93.3936394629999,37.6379133120001],[-93.393673204,37.638469019],[-93.393663078,37.6389143530001],[-93.393592127,37.6394009],[-93.393430522,37.6399766430001],[-93.393275178,37.6403822550001],[-93.393274508,37.64039012],[-93.3933638869999,37.6404157860001]],[[-93.3350126139999,37.715143966],[-93.335236261,37.715202982],[-93.3353418139999,37.715258486],[-93.3358052309999,37.7152794840001],[-93.337888623,37.715306062],[-93.337877326,37.7155413830001],[-93.342808535,37.7157512110001],[-93.3490357479999,37.715980892],[-93.352388086,37.7161323440001],[-93.3525376759999,37.716134964],[-93.352687046,37.7161186130001],[-93.353148413,37.716041966],[-93.353329406,37.716045421],[-93.3534843799999,37.7160483700001],[-93.3536171279999,37.7160509030001],[-93.353908801,37.716056463],[-93.354457998,37.716066933],[-93.354569316,37.7160690580001],[-93.3547007399999,37.716071561],[-93.3550869869999,37.7160789260001],[-93.355215049,37.7160813620001],[-93.355752175,37.716091609],[-93.355876864,37.716093986],[-93.356353626,37.716103068],[-93.356511214,37.7161060760001],[-93.357110028,37.716117497],[-93.3572683149999,37.716120515],[-93.357344723,37.7161219710001],[-93.358283491,37.7161398640001],[-93.35846452,37.716143318],[-93.358854288,37.7161520810001],[-93.3589407429999,37.716204528],[-93.3592518949999,37.7162121260001],[-93.3592848549999,37.7161869450001]],[[-93.293271996,37.714406597],[-93.293234006,37.714342097],[-93.2931879939999,37.7144091970001],[-93.2917790019999,37.714417902],[-93.291656006,37.7144186],[-93.291532997,37.714402201],[-93.291444998,37.7143633960001],[-93.291356998,37.7142994010001],[-93.2911740059999,37.7141074040001],[-93.2893929949999,37.712299],[-93.289267006,37.7121849010001],[-93.289130001,37.7121322950001],[-93.288988998,37.712124202],[-93.288294002,37.712095197],[-93.2859129999999,37.712003398],[-93.284206006,37.7119350040001],[-93.282330003,37.711858798],[-93.282206994,37.7118367030001],[-93.282108997,37.711786805],[-93.282024002,37.7116892980001],[-93.282009994,37.7115945],[-93.2820160049999,37.711190598],[-93.282020997,37.710814699],[-93.282051001,37.7083813],[-93.282053994,37.7082640990001],[-93.2819729989999,37.7081527020001],[-93.281613995,37.7079973040001],[-93.280894,37.708027902],[-93.280807006,37.7080867020001],[-93.280708996,37.708098104],[-93.280624002,37.708078802],[-93.280565,37.708031502],[-93.279685001,37.7080437010001],[-93.276351996,37.7080960960001],[-93.272110998,37.708167298],[-93.2718969969999,37.7081511000001],[-93.271756005,37.7081096050001],[-93.271611997,37.708031803],[-93.271464002,37.707909401],[-93.271332001,37.707766996],[-93.269922997,37.706253802],[-93.269817996,37.7061842960001],[-93.269666996,37.7061372000001],[-93.269406994,37.7061378010001],[-93.265519997,37.7061355010001],[-93.2653649969999,37.7061079980001],[-93.264993003,37.706005603],[-93.260615001,37.704771904],[-93.260548996,37.7047901980001],[-93.260469999,37.7047834040001],[-93.2604120029999,37.704751397],[-93.2603779999999,37.7047055030001],[-93.258819995,37.704267402],[-93.2566130049999,37.703642699],[-93.256623002,37.703491998],[-93.256652778,37.7026205830001],[-93.2567217759999,37.702589779],[-93.2566567759999,37.7025638850001]],[[-93.36695416,37.6927542610001],[-93.366790414,37.6930020930001],[-93.366763654,37.69303538]],[[-93.3934379729999,37.640462094],[-93.393411476,37.6405250550001]],[[-93.370620891,37.6831981120001],[-93.3705941549999,37.683232586],[-93.370614793,37.683269732],[-93.3706405039999,37.6835397340001],[-93.3703759049999,37.6841884460001],[-93.370688065,37.6841916440001],[-93.370822803,37.68443335],[-93.37052303,37.6847522090001],[-93.370667294,37.685020621]],[[-93.371418745,37.682134719],[-93.371302191,37.6823195920001],[-93.3706875139999,37.683112204]],[[-93.30001,37.7146697000001],[-93.3000739999999,37.7146337],[-93.3007939999999,37.7146319],[-93.3009079999999,37.7146816000001],[-93.303322,37.7147117000001],[-93.306246,37.714746],[-93.309584,37.7147875000001],[-93.310234,37.7147992000001],[-93.312203,37.714822],[-93.317594,37.7148843000001],[-93.321632,37.7150086],[-93.3256699999999,37.7151274],[-93.329709,37.7152405],[-93.3326289999999,37.7153188],[-93.3333239999999,37.715337],[-93.333334,37.7150705],[-93.3334149999999,37.7150730000001]],[[-93.3884940349999,37.6505531540001],[-93.3884669029999,37.6506118020001],[-93.3884466279999,37.6506558670001],[-93.388375119,37.65081128],[-93.3882823769999,37.6510128410001],[-93.3881514349999,37.651297421],[-93.387983591,37.6516622],[-93.387810749,37.6520378390001],[-93.387775413,37.6521146360001],[-93.3877185869999,37.6522429340001],[-93.3875936309999,37.652540054],[-93.3875513629999,37.652640557],[-93.387383125,37.653040591],[-93.38729453,37.65325125],[-93.387165091,37.6535188940001],[-93.387011801,37.653834863],[-93.386517146,37.6548929690001],[-93.387006175,37.655102766],[-93.386958323,37.6551579360001]],[[-93.370667294,37.685020621],[-93.370708414,37.6850971270001],[-93.371255726,37.6862330980001],[-93.371306619,37.686338843],[-93.370902791,37.686290484],[-93.3696962819999,37.6862515650001],[-93.36967555,37.6862508960001]],[[-93.3334149999999,37.7150730000001],[-93.3340711979999,37.7151157000001]],[[-93.36967555,37.6862508960001],[-93.369678073,37.686307653],[-93.36967115,37.686437796]],[[-93.366763654,37.69303538],[-93.366372083,37.6935224590001],[-93.3656346719999,37.6943204780001],[-93.3650899349999,37.6948454070001],[-93.3647542429999,37.695277014],[-93.364708927,37.6953563160001],[-93.3645721789999,37.6953559610001],[-93.364408903,37.6956416890001],[-93.3642623099999,37.6961010220001],[-93.3642130919999,37.6965341590001],[-93.364143154,37.6980129],[-93.3639531059999,37.7014038],[-93.363902636,37.701958957],[-93.363754773,37.7025397190001],[-93.3636094779999,37.7029697670001],[-93.3632471,37.703744863],[-93.362794507,37.7045394140001],[-93.362497081,37.7049635220001],[-93.3621648389999,37.705434994],[-93.361894277,37.705813785],[-93.361451098,37.706434234],[-93.3610020199999,37.7069720230001],[-93.360638659,37.707407155],[-93.360410816,37.7076591650001],[-93.360156952,37.707939954],[-93.35997917,37.70813659],[-93.3594374319999,37.708814104],[-93.3592304589999,37.709228054],[-93.359073113,37.7099164460001],[-93.359063393,37.710353963],[-93.35917255,37.711674976],[-93.359263246,37.71276785],[-93.359263251,37.713144002],[-93.359253203,37.713813529],[-93.359237967,37.713939231]],[[-93.3886686449999,37.650195806],[-93.3884940349999,37.6505531540001]],[[-93.3933638869999,37.6404157860001],[-93.393447999,37.640438577],[-93.3934379729999,37.640462094]],[[-93.407561865,37.616859133],[-93.407689998,37.6168600010001],[-93.408905353,37.616477751]],[[-93.2941190499999,37.714797871],[-93.29385249,37.714845961],[-93.293698057,37.7148463450001],[-93.293272568,37.7146437530001],[-93.293271631,37.7144066170001]],[[-93.386958324,37.6551579320001],[-93.386901404,37.655224639],[-93.38674343,37.655409777],[-93.386726161,37.655431411],[-93.386120677,37.6563093600001],[-93.38596663,37.6563709760001],[-93.385830759,37.6563352200001],[-93.385783831,37.6564101590001],[-93.384848243,37.65841232],[-93.3838888069999,37.6605543410001]],[[-93.2562924539999,37.702402168],[-93.256244169,37.7023920550001],[-93.256138667,37.7023543760001],[-93.2559870709999,37.702327623],[-93.255701813,37.7023191000001],[-93.254964294,37.702300845],[-93.254212958,37.702287395],[-93.2540578539999,37.7023208140001],[-93.253279999,37.7022740960001],[-93.253293002,37.702008997],[-93.2522169969999,37.701969497],[-93.2513749989999,37.7019434960001],[-93.250891,37.701925901],[-93.250581,37.7019147010001],[-93.250571003,37.7019390990001],[-93.250504997,37.701955997],[-93.2504379969999,37.701935897],[-93.250429006,37.7019114980001],[-93.2502219959999,37.7019041020001],[-93.2496539959999,37.701888496],[-93.248798002,37.7018680950001],[-93.247757006,37.701850704]],[[-93.407503171,37.6168740950001],[-93.4074823669999,37.616864644],[-93.407448275,37.616839209],[-93.407420668,37.616847668],[-93.407258145,37.61670281],[-93.407264175,37.6166952680001],[-93.407281047,37.616672441]],[[-93.4101805079999,37.615287024],[-93.410149796,37.615288654],[-93.409449323,37.615508167]],[[-93.256390826,37.702566147],[-93.256369885,37.70249711],[-93.2563484779999,37.70247154],[-93.256292457,37.7024021670001]],[[-93.3706875139999,37.683112204],[-93.370620891,37.6831981120001]],[[-93.367352505,37.692072309],[-93.367169066,37.6924289940001],[-93.36695416,37.6927542610001]],[[-93.393532571,37.63358521],[-93.3935181799999,37.6336315240001],[-93.393475137,37.6336309600001]],[[-93.4094219839999,37.6155202780001],[-93.409766946,37.616207828]],[[-93.30001,37.7146697000001],[-93.299395,37.7146669000001],[-93.297996,37.7146453],[-93.296709,37.714632],[-93.296091,37.7146196],[-93.2953899999999,37.7146158],[-93.2951659999999,37.714608],[-93.294672,37.7147150000001],[-93.294361,37.7147825000001],[-93.2942409999999,37.7148051],[-93.294203,37.7148678],[-93.294119,37.7147979]],[[-93.2566567759999,37.7025638850001],[-93.256390826,37.702566147]],[[-93.388935207,37.6496487570001],[-93.3886686449999,37.650195806]],[[-93.359237972,37.7139392290001],[-93.35923087,37.7139977410001],[-93.359172739,37.714477356],[-93.3590530179999,37.7152056690001],[-93.359030892,37.7156038730001],[-93.359007766,37.715704191],[-93.35898137,37.7161793650001],[-93.359284854,37.716186931]],[[-93.406434001,37.633766998],[-93.39353278,37.6335851810001]],[[-93.4101805079999,37.615287024],[-93.409655245,37.6142507180001],[-93.409683425,37.614240651],[-93.410015952,37.614236138],[-93.4100188209999,37.6142289950001],[-93.410052982,37.6142282270001]],[[-93.4072834679999,37.623436342],[-93.4072803449999,37.623539393],[-93.407268887,37.623917498],[-93.407261837,37.624150163],[-93.407244356,37.6247275750001],[-93.4072149689999,37.6252272290001],[-93.407194528,37.625723151],[-93.4071953639999,37.625885775],[-93.407196671,37.626073773],[-93.4071998429999,37.626530502],[-93.407200965,37.6266919460001],[-93.4072153339999,37.626712704],[-93.4075599499999,37.6270083530001],[-93.4075599499999,37.6270718820001],[-93.4075599499999,37.6271117920001],[-93.4075599499999,37.627214365],[-93.407547447,37.6277089870001],[-93.407526495,37.6285024590001],[-93.407524869,37.6285647290001],[-93.407503226,37.629409573],[-93.407479983,37.630291819],[-93.407477236,37.6303973720001],[-93.4074751539999,37.6304775020001],[-93.40745972,37.631070143],[-93.407438669,37.6318790990001],[-93.4074179629999,37.632677716],[-93.407416164,37.6327468],[-93.4073999409999,37.633370971],[-93.407398315,37.633429979],[-93.407397699,37.6334511270001],[-93.407389791,37.6337794570001],[-93.407098635,37.6337756710001],[-93.406434334,37.633767048]],[[-93.393411476,37.6405250550001],[-93.393395272,37.640563421],[-93.3933266289999,37.640544838]],[[-93.407940471,37.604878957],[-93.408068065,37.6047793640001],[-93.408261508,37.60477317],[-93.408272051,37.60475783],[-93.407952855,37.60476985]],[[-93.401318574,37.590098615],[-93.401318991,37.5898539230001],[-93.401309521,37.5893652120001],[-93.40130535,37.5891700820001],[-93.401294691,37.5887339820001],[-93.4012869379999,37.5885729300001],[-93.4012486619999,37.5875522420001],[-93.401305345,37.587425379]],[[-93.4010082189999,37.582741029],[-93.398893915,37.582704897],[-93.398472622,37.582697694],[-93.3975746839999,37.5826845220001],[-93.397562356,37.5826311000001],[-93.397559943,37.582612763],[-93.397567268,37.582548925]],[[-93.410030403,37.6142359410001],[-93.41001338,37.614231837],[-93.4099082719999,37.614232079],[-93.4096828149999,37.614236184],[-93.409657226,37.6142464930001],[-93.4093263889999,37.613589913],[-93.4093139729999,37.6135614610001],[-93.4100261089999,37.6133116550001],[-93.4096060379999,37.612505911],[-93.409527795,37.612308359],[-93.4092098629999,37.611507024],[-93.409121,37.6113563000001],[-93.409117,37.6113574],[-93.408991,37.6112801]],[[-93.407829361,37.6069585170001],[-93.407833878,37.6067724560001],[-93.4076924949999,37.6066900440001],[-93.407702124,37.606379143],[-93.407725554,37.605389331],[-93.407726817,37.605272676],[-93.4077410949999,37.605053449],[-93.407940475,37.6048789540001]],[[-93.410052983,37.6142282270001],[-93.410049739,37.614235869],[-93.410030403,37.6142359410001]],[[-93.401553067,37.5915102230001],[-93.401522335,37.591361482]],[[-93.4015223329999,37.591361482],[-93.401508238,37.5912892740001],[-93.4014517269999,37.5912829850001],[-93.401406014,37.590983185],[-93.4013893159999,37.590829709],[-93.401365792,37.5904365000001],[-93.401353162,37.590230164],[-93.401318574,37.590202522],[-93.401318574,37.590098615]],[[-93.402155828,37.5940302340001],[-93.4020833649999,37.5937354100001],[-93.401986269,37.593401123],[-93.401849541,37.592871076],[-93.401754965,37.5925891520001]],[[-93.401305345,37.587425379],[-93.401266864,37.58738377],[-93.401235303,37.5871707210001],[-93.401164766,37.586900787],[-93.401080236,37.586704372],[-93.401250805,37.5865451920001],[-93.40122137,37.5857988810001],[-93.401198678,37.5850529700001],[-93.401192253,37.58484171],[-93.40118204,37.58450599],[-93.401166722,37.584002426],[-93.401161921,37.583844619],[-93.401144288,37.583264817],[-93.40114424,37.583263349],[-93.4011403709999,37.5831639100001],[-93.40110181,37.582816854],[-93.4010066,37.5827410000001]],[[-93.4079528519999,37.60476985],[-93.408318722,37.6046190180001],[-93.408398113,37.603081988],[-93.4054313249999,37.6030890150001],[-93.4053686299999,37.6029121620001],[-93.405319847,37.602758128],[-93.405128991,37.6026671060001],[-93.4050118219999,37.6023556060001],[-93.404365917,37.6007786850001],[-93.4038091039999,37.599393472],[-93.403368576,37.59848399],[-93.403416846,37.5983204610001],[-93.403319462,37.5980961110001],[-93.4031689889999,37.597749428],[-93.403158354,37.5977203680001]],[[-93.397546205,37.5827290620001],[-93.397551364,37.582776574],[-93.396916773,37.582773091]],[[-93.4017549599999,37.5925891490001],[-93.401697151,37.59259583],[-93.401716478,37.592565363],[-93.401728387,37.592536468],[-93.401694515,37.5923080470001],[-93.401614364,37.592012465],[-93.401581861,37.59187661],[-93.4015523579999,37.591769281],[-93.4015230739999,37.5916905280001],[-93.4015938969999,37.5916735550001],[-93.4015530629999,37.591510225]],[[-93.403158359,37.597720372],[-93.4030514039999,37.5973438170001],[-93.402990517,37.597281814],[-93.402943943,37.597133526],[-93.402862891,37.59681779],[-93.402892492,37.5967057980001],[-93.402841557,37.59655867],[-93.402806562,37.596448131],[-93.4027146339999,37.5961340810001],[-93.402672372,37.595981125],[-93.40262315,37.595799651],[-93.402548442,37.595524111],[-93.402501733,37.5953484720001],[-93.402413537,37.595016069],[-93.402405108,37.5950022690001],[-93.402234516,37.5943305690001],[-93.402155828,37.5940302340001]],[[-93.4089905,37.6112801300001],[-93.409003334,37.6112514490001],[-93.409456856,37.6110830630001],[-93.409523548,37.610890248]],[[-93.3975672669999,37.582548923],[-93.397527931,37.582614909],[-93.397546206,37.582729063]],[[-93.409523553,37.610890248],[-93.409462037,37.610769152],[-93.408988414,37.609797628],[-93.408692387,37.609248071],[-93.408542699,37.6089398240001],[-93.408370318,37.6085848160001],[-93.408268162,37.6083736250001],[-93.408152244,37.608127402],[-93.407919131,37.607513822],[-93.407821992,37.607262096],[-93.4078293649999,37.606958515]],[[-93.45617,37.6272974],[-93.456664,37.6272561000001],[-93.457039,37.6271777000001],[-93.457441,37.6270085],[-93.4562119999999,37.6253427],[-93.456867,37.6250556000001],[-93.4569769999999,37.6252015000001]],[[-93.471696939,37.642215596],[-93.481394584,37.6424477240001],[-93.481742416,37.6422286820001],[-93.482008809,37.64210849],[-93.482248023,37.6420465940001],[-93.482463241,37.642035381],[-93.482663351,37.642069141],[-93.482857697,37.6421475810001],[-93.483050006,37.642272875],[-93.483293681,37.6424948480001],[-93.484267948,37.6425182990001],[-93.484578598,37.6424479500001],[-93.484725818,37.6424603340001],[-93.48532663,37.642481516],[-93.48555162,37.6424894310001],[-93.485676811,37.6425522180001],[-93.487565353,37.6425976350001],[-93.4892006869999,37.642635699],[-93.493206148,37.6427230620001],[-93.497002385,37.6428288380001],[-93.501608862,37.642894895],[-93.5023543839999,37.6429146940001]],[[-93.429905,37.6271546],[-93.432245,37.6272198],[-93.43251,37.6269011],[-93.434222,37.6269496],[-93.434228,37.6269498],[-93.4345049999999,37.6269576],[-93.435055,37.626968],[-93.435188,37.6267046],[-93.440098,37.6267551],[-93.440442,37.6270048000001],[-93.443572,37.6270491000001],[-93.444423,37.6270692],[-93.444429,37.6270693000001],[-93.448408,37.6271632],[-93.449245,37.6271698000001],[-93.4510539999999,37.6272107],[-93.452306,37.6272264],[-93.4528779999999,37.6272381],[-93.45617,37.6272974]],[[-93.470131,37.64185],[-93.470172,37.6419478],[-93.470173,37.6421839000001],[-93.470532,37.6421907000001],[-93.470535,37.6421847],[-93.470544,37.6421803000001],[-93.4705519999999,37.6421773000001],[-93.470562,37.6421762],[-93.4705739999999,37.6421779],[-93.470581,37.6421819],[-93.470587,37.6421864000001],[-93.47059,37.6421918],[-93.4716969999999,37.6422156]],[[-93.456976994,37.625201503],[-93.457151424,37.6256851410001],[-93.457203299,37.6257576940001],[-93.4572857049999,37.625891541],[-93.457365851,37.6260119680001],[-93.45775689,37.62653392],[-93.458129281,37.626650919],[-93.4584124199999,37.6267313560001],[-93.458510903,37.6267801050001],[-93.458847387,37.626942603],[-93.4589475829999,37.626967402],[-93.459343717,37.627115889],[-93.459393383,37.627115868],[-93.459517041,37.6271639010001],[-93.460006949,37.627409056],[-93.4600597209999,37.6274127990001],[-93.460092794,37.62741299]],[[-93.412960388,37.6150357000001],[-93.412980254,37.615108288],[-93.413083219,37.6150760290001],[-93.413166889,37.614977842],[-93.413762047,37.614786656],[-93.4146685539999,37.614495456],[-93.416380983,37.6139669030001],[-93.4168873689999,37.6143558750001],[-93.417239234,37.614375075],[-93.41729041,37.614444871],[-93.41846012,37.61450871],[-93.418509504,37.614444414],[-93.418859136,37.6144634880001],[-93.4192580179999,37.614485234],[-93.419257945,37.614488829],[-93.419246598,37.615067206],[-93.41924564,37.615115995],[-93.419590941,37.6151194940001],[-93.4197224769999,37.6152711390001],[-93.420382084,37.6152749280001],[-93.420379055,37.615578514],[-93.4203683699999,37.61657748],[-93.420894849,37.616594279],[-93.421060643,37.6166241770001],[-93.4210995029999,37.616999037],[-93.421082685,37.6176369840001],[-93.421076527,37.617919699],[-93.4210554049999,37.618539964],[-93.421050204,37.618846471],[-93.421049762,37.618871996],[-93.4210455799999,37.619117824],[-93.421041164,37.61937807],[-93.421035521,37.6197089120001],[-93.421248971,37.619779742],[-93.4212894619999,37.6197945390001],[-93.4212724609999,37.6204326960001],[-93.421253349,37.6209133140001],[-93.4212362499999,37.62134325],[-93.421221825,37.621847841],[-93.4212115449999,37.622207809],[-93.421196396,37.622738052],[-93.4211908029999,37.6229339390001],[-93.4212319069999,37.622950621],[-93.4212210759999,37.62327278],[-93.421207534,37.623631673],[-93.421166576,37.6239184080001],[-93.4211768929999,37.624397953]],[[-93.4299046149999,37.6271546410001],[-93.425408326,37.6270293540001],[-93.425101363,37.6265926880001],[-93.424849858,37.626288343],[-93.4245825949999,37.6260626060001],[-93.424246429,37.625890261],[-93.424022546,37.6258219790001],[-93.423783865,37.625749189],[-93.4231417239999,37.62562122],[-93.4222708459999,37.625487923],[-93.42120126,37.6253399820001],[-93.4211677499999,37.6246241060001],[-93.421181534,37.6245773800001],[-93.4211768929999,37.624397953]],[[-93.460091196,37.6274148200001],[-93.4600911379999,37.627520293],[-93.4597091429999,37.6275084870001],[-93.45888754,37.6274886790001],[-93.458824034,37.6275867030001],[-93.45872081,37.627793937],[-93.4592488869999,37.6285149730001],[-93.4595449989999,37.628719302],[-93.460059003,37.6294341],[-93.460114999,37.629509904],[-93.460319998,37.629789096],[-93.460994998,37.6307208010001],[-93.461844,37.631909297],[-93.462079996,37.632236595]],[[-93.412960388,37.6150357000001],[-93.412688198,37.614490043],[-93.4107094939999,37.615120856],[-93.4101805079999,37.615287024],[-93.409655245,37.6142507180001],[-93.409683425,37.614240651],[-93.410022604,37.6142360470001],[-93.410027967,37.614231712],[-93.410045401,37.6142319800001]],[[-93.46208,37.6322366000001],[-93.462362,37.6326253],[-93.4626239999999,37.6329821]],[[-93.46262382,37.6329820810001],[-93.4629099479999,37.633380168],[-93.4630695059999,37.633600277],[-93.463226433,37.6338216230001],[-93.463355365,37.6339952920001],[-93.4640871779999,37.6350045670001],[-93.464883917,37.6361265960001],[-93.464997942,37.6362871630001],[-93.465294867,37.636714317],[-93.46548731,37.6369929320001],[-93.4657993169999,37.6374457250001],[-93.466312306,37.637471619],[-93.466262147,37.6381088140001],[-93.466485331,37.6384330280001],[-93.466688694,37.638723661],[-93.466850451,37.6389454870001],[-93.467179909,37.6393861650001],[-93.467710896,37.6401037580001],[-93.4678503279999,37.640295581],[-93.468315962,37.640936117],[-93.469017171,37.641916747],[-93.469154875,37.642102445],[-93.4700899919999,37.642117789],[-93.47008663,37.64192811],[-93.4701305519999,37.6418500230001]]]},"properties":{"id":"uniti-regional-20260919-fca78987d52918580f44","sourceId":"uniti-regional-20260919","source":"Uniti Wholesale regional transport network","sourceUrl":"https://www.unitiwholesale.com/network-map/","name":"Uniti Wholesale regional transport network","carrier":"Uniti Wholesale","category":"unknown","routeStatus":"Publisher network map; current operating status unverified","evidence":"publisher_route","geometryQuality":"publisher_geometry_unverified","dataDate":null,"metadataModified":"2025-06-13T12:55:45+00:00","retrievedAt":"2026-09-19T13:31:26.703698+00:00","networkType":"Carrier-published regional transport geometry; not a surveyed cable alignment","serviceability":"Unconfirmed","routeDiversity":"Unconfirmed","states":["MO"],"publishedLineParts":92,"importBatch":"20260919","sourceRecordIds":["13407","13408","13409","13410","13411","13412","13414","13415","13417","13418","13419","13420","13421","13422","13423","13425","13426","13427","13428","13429","13430","73864","73865","73866","73867","73869","73871","73873","73874","73875","73876","73877","73878","73880","73881","73885","73886","73887","73889","73890","73891","73893","73894","73895","73896","73897","73898","73899","73901","73902","73903","73905","73906","73907","73908","73909","73910","73911","73912","73913","73914","73915","73916","73917","81917","81918","81922","81923","81924","81925","81926","81927","81928","81932","81933","81936","81937","81938","81939","81947","81949","90480","90481","90482","90484","90487","90489","90490","90491","90492","90493","90494"]},"bbox":[-93.5023543839999,37.5003662,-93.247757006,37.7162121260001]},{"type":"Feature","geometry":{"type":"MultiLineString","coordinates":[[[-93.243279631,37.686124894],[-93.243253225,37.6870380780001],[-93.2433061459999,37.6870840720001],[-93.243310148,37.687242009]],[[-93.247146,37.6157425000001],[-93.2469599999999,37.6157411],[-93.246966,37.6163144000001],[-93.2471392049999,37.6164408000001],[-93.2472069999999,37.6164472]],[[-93.2433,37.6813086000001],[-93.243307,37.6836912]],[[-93.247297654,37.6157886360001],[-93.247264343,37.61576631]],[[-93.243307493,37.6836911600001],[-93.243242199,37.68375323],[-93.243308451,37.683788152],[-93.243308487,37.684236647],[-93.243331695,37.6842437020001],[-93.2432804219999,37.6860967530001],[-93.243279631,37.686124894]],[[-93.247206913,37.6164472500001],[-93.247281979,37.6164561580001],[-93.248191458,37.6165063],[-93.248298876,37.616511374],[-93.2483142949999,37.616524112],[-93.248372487,37.6165282470001],[-93.248392505,37.616517025],[-93.249616364,37.616563296],[-93.2496163229999,37.6164852490001],[-93.24999804,37.616494641]],[[-93.249998036,37.61649464],[-93.249980152,37.616518746],[-93.249976589,37.6166712720001],[-93.2499491719999,37.6169164],[-93.249936497,37.617632067],[-93.249924586,37.6180546910001],[-93.249906981,37.618789973],[-93.249896495,37.6193260090001],[-93.249891358,37.619587655],[-93.249869395,37.6205023790001],[-93.249847979,37.6215660080001],[-93.249819399,37.622764988],[-93.249689221,37.622869629],[-93.2496516589999,37.623714824],[-93.249613714,37.6245685860001],[-93.249553104,37.6259323030001],[-93.249540944,37.6262058840001],[-93.2493983959999,37.626207407],[-93.24939111,37.6265296810001],[-93.249373581,37.6272875220001],[-93.249349364,37.6279858460001],[-93.24930832,37.62813995],[-93.249295052,37.628640755],[-93.249334705,37.6286761100001],[-93.2493641139999,37.6287074960001],[-93.24938266,37.6287486740001],[-93.249367154,37.6287986030001],[-93.249333164,37.628823626],[-93.249295295,37.6301434690001],[-93.249294688,37.630164629],[-93.249253508,37.6318002370001],[-93.2492017179999,37.6337665080001],[-93.2491532509999,37.635726381],[-93.2490247979999,37.6404132550001],[-93.249010662,37.6409602360001],[-93.248948039,37.6433832650001],[-93.248921651,37.6444911210001]],[[-93.2433100049999,37.687242004],[-93.2432218499999,37.687241489],[-93.243200727,37.688051253],[-93.2432324489999,37.6883685240001],[-93.243194897,37.6885224100001],[-93.243170945,37.68935356],[-93.2431663249999,37.6893857090001],[-93.2432113259999,37.689386019],[-93.2437791359999,37.6894612780001],[-93.2444144849999,37.689461543],[-93.24446947,37.689406623],[-93.244682035,37.6894570330001],[-93.245037628,37.6894825680001],[-93.245432383,37.68948834],[-93.2455824,37.6894936420001],[-93.245582884,37.689472412],[-93.24615088,37.6894960340001],[-93.246421447,37.6895225660001],[-93.24678958,37.689613304],[-93.247125863,37.6897915960001],[-93.247389528,37.690034757],[-93.247525147,37.6899603350001],[-93.247685745,37.6901701990001],[-93.247532021,37.6902227310001],[-93.2476465179999,37.6905129840001],[-93.247687281,37.690861816],[-93.247649396,37.693108436],[-93.247560005,37.6950437990001],[-93.247549003,37.695681998],[-93.247430998,37.701427202],[-93.247773001,37.701426503],[-93.247757006,37.701850704]],[[-93.2485820919999,37.6550637890001],[-93.248524297,37.657549045],[-93.248454001,37.662363301],[-93.2480250039999,37.662358699],[-93.244286995,37.662297901],[-93.244163999,37.662316196],[-93.2440640019999,37.6623545040001],[-93.2439780019999,37.6624036000001],[-93.2438849969999,37.662492596],[-93.2438349989999,37.6625779020001],[-93.2438270009999,37.6626034020001],[-93.243817004,37.662639496],[-93.2438060009999,37.662720597],[-93.2438020019999,37.6628746050001],[-93.243716002,37.665884798]],[[-93.248922005,37.6444911030001],[-93.248734304,37.649858884],[-93.248584307,37.654918587],[-93.248584249,37.654971027],[-93.2485820919999,37.6550637890001]],[[-93.243716,37.6658848000001],[-93.243674,37.6675384000001],[-93.243506,37.6734201],[-93.243319,37.6799317000001],[-93.243377,37.6799841000001],[-93.2434049999999,37.6800413],[-93.2433829999999,37.6801241000001],[-93.243333,37.6801608000001],[-93.243302,37.6812038000001],[-93.2432259999999,37.6812422],[-93.2433,37.6813086000001]],[[-93.247264343,37.61576631],[-93.247220256,37.615741406],[-93.247146055,37.6157425420001]],[[-93.246224419,37.616445231],[-93.245852779,37.616428853]],[[-93.241059671,37.6158984050001],[-93.240477062,37.6158046730001]],[[-93.245852779,37.616428853],[-93.244310462,37.616383795],[-93.2435584679999,37.616346217],[-93.243248608,37.6162958400001],[-93.242696109,37.6162023750001],[-93.242211932,37.616112715],[-93.241471358,37.615971609],[-93.241059671,37.6158984050001]],[[-93.2472943019999,37.6158112110001],[-93.246254626,37.6158082430001],[-93.246224419,37.616445231]],[[-93.240477062,37.6158046730001],[-93.2402279039999,37.615762853],[-93.240131731,37.6157489460001]]]},"properties":{"id":"uniti-regional-20260919-1e184a8efbf57709356b","sourceId":"uniti-regional-20260919","source":"Uniti Wholesale regional transport network","sourceUrl":"https://www.unitiwholesale.com/network-map/","name":"Uniti Wholesale regional transport network","carrier":"Uniti Wholesale","category":"unknown","routeStatus":"Publisher network map; current operating status unverified","evidence":"publisher_route","geometryQuality":"publisher_geometry_unverified","dataDate":null,"metadataModified":"2025-06-13T12:55:45+00:00","retrievedAt":"2026-09-19T13:31:26.703698+00:00","networkType":"Carrier-published regional transport geometry; not a surveyed cable alignment","serviceability":"Unconfirmed","routeDiversity":"Unconfirmed","states":["MO"],"publishedLineParts":17,"importBatch":"20260919","sourceRecordIds":["73868","73870","73872","73879","73882","73883","73884","73888","73892","73900","73904","73918","73998","74038","74051","74052","74065"]},"bbox":[-93.24999804,37.6157411,-93.240131731,37.701850704]},{"type":"Feature","geometry":{"type":"MultiLineString","coordinates":[[[-92.530488524,37.6638875040001],[-92.53067784,37.6637906030001],[-92.530988975,37.6638670400001],[-92.5310623779999,37.665026341],[-92.531040237,37.665303565],[-92.6253533839999,37.699746651],[-92.632472422,37.699549172],[-92.699860074,37.7004579310001],[-92.7009457949999,37.691948467],[-92.7382036,37.597543445],[-92.792905809,37.5741907730001],[-92.849050633,37.6085468690001],[-92.958980733,37.610284038],[-93.0620433939999,37.6245151410001],[-93.1087878929999,37.6263513430001],[-93.1565591459999,37.633970306],[-93.156623313,37.628106894],[-93.1603999609999,37.628176453],[-93.161316428,37.60660583],[-93.222228752,37.605271627],[-93.2230441309999,37.6035908910001],[-93.226837524,37.6038495],[-93.227382893,37.614865089],[-93.230607843,37.6169508240001],[-93.231564581,37.617706319],[-93.233045639,37.61731137],[-93.233837319,37.6171231930001],[-93.234857292,37.616891992],[-93.234885076,37.61686977],[-93.2353373189999,37.616744784],[-93.236175939,37.6165017800001],[-93.236377349,37.616442635],[-93.236404229,37.6164200980001],[-93.2375819369999,37.616074258],[-93.238468589,37.615833733],[-93.2387427899999,37.615776977],[-93.2389337929999,37.6157460550001],[-93.2390780049999,37.615731155],[-93.239114609,37.615741219],[-93.239188714,37.615733563],[-93.239349435,37.6157213860001],[-93.239477117,37.6157213860001],[-93.2396043539999,37.6157257670001],[-93.23970804,37.615732085],[-93.239783223,37.615722895],[-93.239918395,37.615733934],[-93.240053009,37.615751522],[-93.240131724,37.6157489450001]]]},"properties":{"id":"uniti-regional-20260919-7aa055aa479c7d424394","sourceId":"uniti-regional-20260919","source":"Uniti Wholesale regional transport network","sourceUrl":"https://www.unitiwholesale.com/network-map/","name":"Uniti Wholesale regional transport network","carrier":"Uniti Wholesale","category":"unknown","routeStatus":"Publisher network map; current operating status unverified","evidence":"publisher_route","geometryQuality":"publisher_geometry_unverified","dataDate":null,"metadataModified":"2025-06-13T12:55:45+00:00","retrievedAt":"2026-09-19T13:31:26.703698+00:00","networkType":"Carrier-published regional transport geometry; not a surveyed cable alignment","serviceability":"Unconfirmed","routeDiversity":"Unconfirmed","states":["MO"],"publishedLineParts":1,"importBatch":"20260919","sourceRecordIds":["74075"]},"bbox":[-93.240131724,37.5741907730001,-92.530488524,37.7004579310001]},{"type":"Feature","geometry":{"type":"MultiLineString","coordinates":[[[-92.530803788,37.664433176],[-92.530787818,37.663888613],[-92.530488197,37.6638875130001]],[[-92.529821285,37.7061579410001],[-92.529625015,37.7074012790001],[-92.528671219,37.713821416],[-92.528396624,37.720130929],[-92.528389064,37.73484039],[-92.5283559869999,37.7355429140001]],[[-92.5283559869999,37.7355429140001],[-92.5282744419999,37.7372741560001],[-92.525825572,37.739658347],[-92.527732762,37.744400023],[-92.526969978,37.7595214770001],[-92.526641623,37.7639049580001]],[[-92.529611562,37.679629338],[-92.530502346,37.6827621420001],[-92.530433772,37.696891785],[-92.532745339,37.7006950410001],[-92.5300597629999,37.704647059],[-92.529821285,37.7061579410001]],[[-92.5308037789999,37.664433176],[-92.529611559,37.679629334]]]},"properties":{"id":"uniti-regional-20260919-23748211c9574ab4dd54","sourceId":"uniti-regional-20260919","source":"Uniti Wholesale regional transport network","sourceUrl":"https://www.unitiwholesale.com/network-map/","name":"Uniti Wholesale regional transport network","carrier":"Uniti Wholesale","category":"unknown","routeStatus":"Publisher network map; current operating status unverified","evidence":"publisher_route","geometryQuality":"publisher_geometry_unverified","dataDate":null,"metadataModified":"2025-06-13T12:55:45+00:00","retrievedAt":"2026-09-19T13:31:26.703698+00:00","networkType":"Carrier-published regional transport geometry; not a surveyed cable alignment","serviceability":"Unconfirmed","routeDiversity":"Unconfirmed","states":["MO"],"publishedLineParts":5,"importBatch":"20260919","sourceRecordIds":["73995","74006","74015","74028","74041"]},"bbox":[-92.532745339,37.6638875130001,-92.525825572,37.7639049580001]},{"type":"Feature","geometry":{"type":"MultiLineString","coordinates":[[[-92.527488217,37.820852307],[-92.504142783,37.831226363],[-92.500233683,37.8350521290001]],[[-92.5271795399999,37.820664067],[-92.527534519,37.8207778780001],[-92.527488217,37.820852307]],[[-92.527510274,37.7944973560001],[-92.527946503,37.7957458660001],[-92.525726397,37.8073539710001],[-92.524246231,37.813938126],[-92.52413172,37.8196868790001],[-92.5271795399999,37.820664067]],[[-92.526641623,37.7639049580001],[-92.5265273319999,37.765430458],[-92.525589066,37.7900428930001],[-92.527145472,37.7934532130001],[-92.527510274,37.7944973560001]]]},"properties":{"id":"uniti-regional-20260919-a0b7ed1977acf3647f62","sourceId":"uniti-regional-20260919","source":"Uniti Wholesale regional transport network","sourceUrl":"https://www.unitiwholesale.com/network-map/","name":"Uniti Wholesale regional transport network","carrier":"Uniti Wholesale","category":"unknown","routeStatus":"Publisher network map; current operating status unverified","evidence":"publisher_route","geometryQuality":"publisher_geometry_unverified","dataDate":null,"metadataModified":"2025-06-13T12:55:45+00:00","retrievedAt":"2026-09-19T13:31:26.703698+00:00","networkType":"Carrier-published regional transport geometry; not a surveyed cable alignment","serviceability":"Unconfirmed","routeDiversity":"Unconfirmed","states":["MO"],"publishedLineParts":4,"importBatch":"20260919","sourceRecordIds":["74008","74044","74061","74062"]},"bbox":[-92.527946503,37.7639049580001,-92.500233683,37.8350521290001]},{"type":"Feature","geometry":{"type":"MultiLineString","coordinates":[[[-92.262179368,37.9500313990001],[-92.261908265,37.9499742520001],[-92.261905769,37.949973567],[-92.261877113,37.950033992],[-92.2618253109999,37.950174556]],[[-92.264853312,37.9493236480001],[-92.26481956,37.949306015],[-92.264788,37.9492934],[-92.2644729999999,37.9492914],[-92.264469,37.949619]],[[-92.264428,37.9499413],[-92.264426,37.9499573000001],[-92.264379,37.9501704],[-92.26442,37.9502251000001]],[[-92.261357,37.9502059000001],[-92.260939,37.9501626000001]],[[-92.26442,37.9502251000001],[-92.264345,37.9502591],[-92.264337,37.9502634],[-92.263659,37.9502722],[-92.263468,37.9502473000001]],[[-92.264469,37.949619],[-92.264465,37.9498849],[-92.264465,37.9498969],[-92.264428,37.9499413]],[[-92.261825328,37.9501742730001],[-92.261782048,37.9502919500001],[-92.2613574809999,37.950205872]],[[-92.263468006,37.9502473000001],[-92.263199001,37.9502212020001],[-92.26305,37.950209702],[-92.262179005,37.9500314050001]],[[-92.264853312,37.9493236480001],[-92.264790998,37.9492748970001],[-92.2644550049999,37.949272798],[-92.2643929979999,37.9492751000001],[-92.2643719979999,37.949637598],[-92.2643900049999,37.9498845050001],[-92.2643929979999,37.9499207000001],[-92.2643279979999,37.9501867970001],[-92.2644199969999,37.9502251000001]],[[-92.261017,37.9853401],[-92.261037,37.9855549000001],[-92.261051,37.98577],[-92.2610569999999,37.9859853],[-92.2610569999999,37.9861508000001],[-92.2612979999999,37.9864105],[-92.261269,37.9865013],[-92.2612329999999,37.9865906],[-92.2611909999999,37.986678],[-92.2611419999999,37.9867633000001],[-92.261087,37.9868463],[-92.261046,37.9869007],[-92.260799,37.98719],[-92.260082,37.9882682000001],[-92.2597449999999,37.9913813000001],[-92.260186,37.9920489],[-92.2602599999999,37.9921701000001],[-92.260327,37.9922935000001],[-92.260388,37.9924191000001],[-92.260443,37.9925465000001],[-92.260491,37.9926756],[-92.2605319999999,37.9928061000001],[-92.260566,37.9929378],[-92.260569,37.9929523000001],[-92.260663,37.9936452000001],[-92.260687,37.9940272000001],[-92.260771,37.9950386],[-92.260801,37.9951570000001],[-92.26057,37.9953396000001],[-92.260701,37.9958269000001],[-92.2607599999999,37.9960495],[-92.261065,37.9961283000001],[-92.26118,37.9964587],[-92.2612799999999,37.9967224000001],[-92.2613869999999,37.9969845000001],[-92.2615,37.9972448],[-92.2616199999999,37.9975033000001],[-92.261746,37.9977599000001],[-92.261879,37.9980144],[-92.261917,37.9980841],[-92.261749,37.9982094000001],[-92.2618649999999,37.9984299000001],[-92.261922,37.9985548000001],[-92.2619729999999,37.9986814000001],[-92.262018,37.9988096000001],[-92.262055,37.9989391],[-92.262086,37.9990698],[-92.26211,37.9992013],[-92.2621109999999,37.9992034000001],[-92.262315,37.9992322000001],[-92.262528,38.0001593000001],[-92.262591,38.0004674],[-92.262601,38.0005658],[-92.262605,38.0006645],[-92.262601,38.0007633000001],[-92.262591,38.0008617],[-92.262574,38.0009595000001],[-92.26255,38.0010565000001],[-92.2625189999999,38.0011522],[-92.262481,38.0012464000001],[-92.262437,38.0013388],[-92.262387,38.0014291000001],[-92.26233,38.0015171000001],[-92.262302,38.0015561000001],[-92.261929,38.002051]],[[-92.2609849999999,37.9850900000001],[-92.261017,37.9853401]],[[-92.26442,37.9502251000001],[-92.2643,37.9501976],[-92.263637,37.9502072000001],[-92.263628,37.9504379000001],[-92.263586,37.9508689],[-92.263559,37.9511160000001],[-92.263549,37.9513879],[-92.263563,37.9517836],[-92.26359,37.9521656000001],[-92.263611,37.9524761000001],[-92.263602,37.9525834],[-92.2635949999999,37.9526656],[-92.2635969999999,37.952814],[-92.263602,37.9530118000001],[-92.2636009999999,37.9531738000001],[-92.263592,37.9533469],[-92.26358,37.9535473],[-92.263567,37.9537753000001],[-92.263526,37.9540607000001],[-92.263512,37.9544534],[-92.263513,37.9546760000001],[-92.263572975,37.954792082],[-92.263626,37.9548608000001],[-92.263617,37.9551710000001],[-92.263587,37.9552835000001],[-92.263536,37.9554214],[-92.263483,37.9556524000001],[-92.2631459999999,37.9560362],[-92.2631409999999,37.9560443],[-92.262937,37.9563921000001],[-92.262715,37.9567258000001],[-92.2624939999999,37.9570321],[-92.262289,37.9573358000001],[-92.2620419999999,37.9577545000001],[-92.261915,37.9579708],[-92.261919,37.9579806],[-92.261932,37.9580176000001],[-92.261808,37.9582585],[-92.261736,37.9585932000001],[-92.261532,37.9592238000001]],[[-92.261532,37.9592238000001],[-92.261378,37.9599893000001],[-92.261289,37.9605986],[-92.2611889999999,37.9612051],[-92.26104,37.9618744],[-92.260855717,37.9624262680001],[-92.2607319999999,37.962856],[-92.260693993,37.962987661]],[[-92.2606942789999,37.96298769],[-92.260426481,37.963378941],[-92.260435134,37.9633897840001],[-92.2610093819999,37.963563709],[-92.260995475,37.964607535],[-92.261098384,37.965072445],[-92.26085167,37.9675350570001],[-92.260942041,37.9689064340001],[-92.261830176,37.9703472200001],[-92.261821821,37.9725409020001],[-92.261673305,37.9742021970001],[-92.261575658,37.9752947170001],[-92.261929986,37.97566454],[-92.262033322,37.975780894],[-92.262096916,37.975852436],[-92.262190139,37.976017304],[-92.262318055,37.9760163660001],[-92.262380943,37.976124848],[-92.2624374599999,37.9762355020001],[-92.262487484,37.976348102],[-92.262530914,37.976462408],[-92.262567654,37.976578176],[-92.262597622,37.9766951560001],[-92.262620756,37.9768131010001],[-92.26263701,37.976931762],[-92.262646365,37.977050886],[-92.262648766,37.9771702360001],[-92.2626442389999,37.977289548],[-92.262632783,37.977408553],[-92.262614404,37.9775270270001],[-92.262589183,37.9776447040001],[-92.262557133,37.9777613410001],[-92.262518337,37.977876682],[-92.262472878,37.977990481],[-92.262420864,37.978102516],[-92.2623623869999,37.9782125310001],[-92.262297556,37.978320313],[-92.26227032,37.978362103],[-92.262104439,37.978638523],[-92.2618207629999,37.9792411040001],[-92.261470701,37.980236115],[-92.261435342,37.980363227],[-92.261406813,37.9804914050001],[-92.261385118,37.9806204180001],[-92.261370342,37.9807500430001],[-92.261362478,37.980880057],[-92.261361552,37.9810102060001],[-92.261367579,37.9811402660001],[-92.2613805189999,37.981270022],[-92.2614003749999,37.981399223],[-92.261427093,37.9815276470001],[-92.261460633,37.9816550620001],[-92.261473426,37.981697593],[-92.2615561699999,37.9817530560001],[-92.261928397,37.982708642],[-92.261951454,37.982807547],[-92.261967654,37.9829073000001],[-92.26197695,37.983007618],[-92.2619793169999,37.9831081770001],[-92.2619747529999,37.9832086980001],[-92.2619632459999,37.9833088600001],[-92.2619448629999,37.983408388],[-92.261919625,37.983506967],[-92.261887644,37.983604304],[-92.26184898,37.983700118],[-92.261803777,37.9837941130001],[-92.2617521509999,37.9838860150001],[-92.261694264,37.9839755610001],[-92.261630286,37.984062459],[-92.26161619,37.9840802370001],[-92.261134964,37.9846513640001],[-92.261093977,37.9847131060001],[-92.261059254,37.9847772200001],[-92.2610310109999,37.9848432900001],[-92.26100941,37.984910922],[-92.26099461,37.984979675],[-92.260989911,37.9850133190001],[-92.260985346,37.985082977],[-92.2609852749999,37.9850899640001]],[[-92.3768906509999,37.926760368],[-92.351486279,37.9334869510001],[-92.3456830479999,37.9351148470001],[-92.3456819039999,37.935115157],[-92.345301025,37.935224503],[-92.344792825,37.9353739800001],[-92.3439557889999,37.9356256350001]],[[-92.262027043,37.9626144420001],[-92.2617102999999,37.9626752500001],[-92.261474003,37.962999126],[-92.2609505789999,37.9632740640001],[-92.261910781,37.9731206480001],[-92.238186936,37.980206385]],[[-92.3439557949999,37.9356256360001],[-92.343938376,37.9356306020001],[-92.343620765,37.935721195],[-92.3430990259999,37.935870009],[-92.342617226,37.936002015],[-92.342128368,37.9361347020001],[-92.3419340459999,37.936187445],[-92.342064415,37.9364683210001],[-92.342054622,37.9364693730001],[-92.341786407,37.9364827840001],[-92.341304897,37.9365647400001],[-92.340849535,37.936676586],[-92.340672707,37.9367179330001],[-92.3402885519999,37.936798917],[-92.339810713,37.93689965],[-92.338885003,37.937094136],[-92.338706609,37.937111975],[-92.3382748499999,37.9372192450001],[-92.3380434309999,37.93728729],[-92.322440978,37.9415664360001],[-92.3097255449999,37.9453495380001]],[[-92.436213933,37.892621945],[-92.411587451,37.914912895]],[[-92.2621234269999,37.9625906650001],[-92.262027043,37.9626144420001]],[[-92.2757478199999,37.955799014],[-92.2621234269999,37.9625906650001]],[[-92.476459764,37.858359341],[-92.452347802,37.8781740860001]],[[-92.452347802,37.8781740860001],[-92.451957686,37.878494242],[-92.436213933,37.892621945]],[[-92.411587451,37.914912895],[-92.41110238,37.9153518470001],[-92.408424439,37.917495704],[-92.390152019,37.92304611],[-92.3776779719999,37.926551803],[-92.3768906509999,37.9267603650001]],[[-92.500233684,37.8350521290001],[-92.488182063,37.847263314],[-92.4864044819999,37.8492660580001],[-92.477706795,37.857334145],[-92.476459764,37.858359341]],[[-92.3097255449999,37.9453495380001],[-92.2769317249999,37.9552078360001],[-92.275747824,37.9557990120001]]]},"properties":{"id":"uniti-regional-20260919-4be306b60c612168a66d","sourceId":"uniti-regional-20260919","source":"Uniti Wholesale regional transport network","sourceUrl":"https://www.unitiwholesale.com/network-map/","name":"Uniti Wholesale regional transport network","carrier":"Uniti Wholesale","category":"unknown","routeStatus":"Publisher network map; current operating status unverified","evidence":"publisher_route","geometryQuality":"publisher_geometry_unverified","dataDate":null,"metadataModified":"2025-06-13T12:55:45+00:00","retrievedAt":"2026-09-19T13:31:26.703698+00:00","networkType":"Carrier-published regional transport geometry; not a surveyed cable alignment","serviceability":"Unconfirmed","routeDiversity":"Unconfirmed","states":["MO"],"publishedLineParts":25,"importBatch":"20260919","sourceRecordIds":["24470","24478","24481","24494","24495","24498","73993","74001","74017","74024","74033","74036","74039","74057","74060","74068","74080","9840","9843","9847","9848","9849","9853","9859","9862"]},"bbox":[-92.500233684,37.8350521290001,-92.238186936,38.002051]},{"type":"Feature","geometry":{"type":"MultiLineString","coordinates":[[[-92.265702462,38.2019031290001],[-92.265728036,38.2018441110001],[-92.26630806,38.20083407],[-92.2665326309999,38.2003134710001],[-92.266564123,38.20001954],[-92.266522935,38.1996900890001],[-92.266434133,38.1993545990001],[-92.266443394,38.1991786030001],[-92.266479906,38.1990508210001],[-92.266510318,38.1989975910001],[-92.266597467,38.198927873],[-92.267072435,38.1986044880001],[-92.267185285,38.198480356],[-92.267260437,38.198308592],[-92.2673229809999,38.198110537],[-92.267343865,38.197901684],[-92.2673335869999,38.197603732],[-92.26725342,38.1972229400001],[-92.267213832,38.196619234],[-92.2672234299999,38.1963505890001],[-92.267266949,38.19623743],[-92.267378235,38.1960983280001],[-92.2676603259999,38.1958263110001],[-92.2677263369999,38.19572729],[-92.2677995779999,38.195580809],[-92.2678621699999,38.1954034550001],[-92.26794174,38.1949658240001],[-92.26798302,38.194875008],[-92.268013837,38.194849327],[-92.268145349,38.1948246690001],[-92.2681765889999,38.1948213800001],[-92.26813938,38.1946927280001]],[[-92.268241631,38.253052209],[-92.2683003769999,38.2527350660001],[-92.26830347,38.2527183660001],[-92.2683756329999,38.2523237780001],[-92.268708064,38.250505994],[-92.268712299,38.2504773540001],[-92.268714658,38.250447232],[-92.268714943,38.2504168360001],[-92.268713127,38.2503863410001],[-92.26870953,38.250358367],[-92.268656292,38.2500335770001],[-92.2686557229999,38.250030119],[-92.2685131649999,38.2491405100001],[-92.2686684229999,38.2490578040001],[-92.268661186,38.2490126170001],[-92.268634897,38.2488485490001],[-92.2686130929999,38.2487332420001],[-92.2685840789999,38.248615805],[-92.2685484629999,38.248499439],[-92.268506367,38.248384574],[-92.268459026,38.2482740960001],[-92.2682362029999,38.247789807],[-92.2680445989999,38.247759919],[-92.268021344,38.2477093840001],[-92.267853772,38.24734513],[-92.267852535,38.2473424410001],[-92.267812857,38.247241961],[-92.267785865,38.247141906],[-92.267770664,38.247040252],[-92.267767401,38.24693803],[-92.2677761309999,38.246835898],[-92.267796726,38.246734942],[-92.26782904,38.2466358620001],[-92.267874062,38.246536781],[-92.268706337,38.2449409770001],[-92.268773983,38.244790832],[-92.268823674,38.2446333],[-92.268824824,38.2446271430001],[-92.2688265149999,38.2446180690001],[-92.268853667,38.2444726470001],[-92.268863664,38.244310434],[-92.2688630219999,38.244275248]],[[-92.289482935,38.0466330570001],[-92.289231004,38.046260696]],[[-92.292189186,38.0924755070001],[-92.292146236,38.09245954],[-92.2917960029999,38.092834504]],[[-92.293485947,38.0965300890001],[-92.2930188999999,38.096154584],[-92.292499892,38.0959401810001],[-92.292276703,38.0956848750001],[-92.292522413,38.0951709390001],[-92.2928157169999,38.0945391000001],[-92.29305278,38.0940499380001],[-92.29322651,38.0935630120001],[-92.293300023,38.093188868],[-92.293316964,38.092967872],[-92.2932795629999,38.0928318200001],[-92.2932692589999,38.0925772370001],[-92.2929382719999,38.09239416],[-92.292722676,38.092187439],[-92.292453188,38.092517167],[-92.2921905269999,38.0924755030001]],[[-92.2607590109999,38.2095166840001],[-92.260926275,38.2095055240001],[-92.2609238209999,38.2094302830001],[-92.260933532,38.209207006],[-92.260991175,38.2089572250001],[-92.261517305,38.20782554],[-92.26170267,38.2075231060001],[-92.2625912029999,38.206514763],[-92.2630099679999,38.205926499],[-92.263686809,38.2052496590001],[-92.264779052,38.204077248],[-92.265115447,38.203669499],[-92.265191193,38.2035071810001],[-92.265242243,38.203282588],[-92.2653446209999,38.202904226]],[[-92.270973242,38.1843307240001],[-92.270973242,38.1842927750001],[-92.270982629,38.1839543950001]],[[-92.260645918,38.216544728],[-92.260469256,38.216495982],[-92.260679333,38.216150869],[-92.260694465,38.2161232220001],[-92.260704572,38.216099736],[-92.260712267,38.216075636],[-92.260717533,38.2160509770001],[-92.2607207949999,38.2160211120001],[-92.261041182,38.2153578460001],[-92.261055878,38.2152010900001],[-92.2610284309999,38.2149998130001],[-92.2609296379999,38.2148561170001],[-92.260754897,38.214681376],[-92.260616093,38.2145337520001],[-92.260517541,38.214399364],[-92.260505757,38.2142460710001],[-92.260540331,38.2140962510001],[-92.260893196,38.2135609740001],[-92.2609871829999,38.2133380660001],[-92.261026208,38.212560602],[-92.261026208,38.2124084480001]],[[-92.26122273,38.2170990650001],[-92.261004608,38.2166818390001],[-92.260640961,38.2165392520001]],[[-92.288585938,38.046059635],[-92.2883389959999,38.0458707060001],[-92.288340003,38.045703103],[-92.2879959959999,38.0457175010001],[-92.2879989799999,38.041203759],[-92.287999004,38.0411738]],[[-92.28291232,38.033852309],[-92.2828743539999,38.033843072],[-92.28286758,38.033825683],[-92.282646671,38.0332569010001],[-92.2825668089999,38.0330639410001],[-92.282586232,38.033027371]],[[-92.261223,38.2170991],[-92.260773,38.2173876000001]],[[-92.2653446209999,38.202904227],[-92.265470923,38.202437446],[-92.265702462,38.2019031290001]],[[-92.291375997,38.048617102],[-92.2912660059999,38.048544796],[-92.290985995,38.0483316],[-92.290766001,38.048154401],[-92.290365992,38.047789406],[-92.290143003,38.047557295],[-92.289843997,38.0471791950001],[-92.289696998,38.0469887080001]],[[-92.2721,38.1772702000001],[-92.2721309999999,38.1772187],[-92.272182,38.1771339000001],[-92.27235,38.1769566],[-92.272532,38.1768475000001],[-92.272794,38.1767632],[-92.273037,38.1767259000001],[-92.2748329999999,38.1767758],[-92.275077,38.1767546],[-92.275289,38.1767017000001],[-92.2754839999999,38.1766367000001],[-92.275698,38.1764975],[-92.2758669999999,38.1763498],[-92.2765009999999,38.1755642],[-92.277284,38.1745206000001],[-92.277816,38.1736273000001],[-92.279207,38.1711911],[-92.2792459999999,38.1711172],[-92.279419,38.1707717],[-92.279532,38.1704838],[-92.2795639999999,38.1702828],[-92.279553,38.1700621000001],[-92.279458,38.1696976000001],[-92.279444,38.1696496000001],[-92.279262,38.1690171000001],[-92.279013,38.1678896000001],[-92.278881,38.1671912],[-92.2787299999999,38.1669327000001],[-92.2785469999999,38.1667813],[-92.278327,38.1666456],[-92.27806,38.1665222],[-92.277093,38.1661436],[-92.276873,38.1660191],[-92.27662,38.1658341],[-92.276279,38.1655316000001],[-92.276154,38.1653590000001],[-92.2760699999999,38.1652281],[-92.276033,38.1650921],[-92.2760239999999,38.1648595],[-92.276044,38.1639865000001],[-92.2760019999999,38.1637257],[-92.275927,38.1635427000001],[-92.275759,38.1633219],[-92.27557,38.1631437],[-92.274499,38.1624231000001],[-92.2742479999999,38.1622015],[-92.274186,38.1621154000001],[-92.2741589999999,38.1620758],[-92.274129,38.1620266],[-92.274063,38.1618377],[-92.274034,38.1616269],[-92.274084,38.1587706],[-92.2740929999999,38.1573782],[-92.274101,38.1573272000001],[-92.274153,38.1572237],[-92.2741599999999,38.1570935],[-92.273992,38.1570932000001],[-92.273995,38.1570366],[-92.273997,38.1569568],[-92.274005,38.1565492],[-92.274006,38.1564873],[-92.274016,38.1562973000001],[-92.27396,38.1550256000001]],[[-92.2688630219999,38.244275248],[-92.268903236,38.2442040710001],[-92.268737158,38.24321422],[-92.268233601,38.2432174250001],[-92.2682288889999,38.2431795360001],[-92.268224905,38.243147427],[-92.268213039,38.242972857],[-92.2682210839999,38.242792024],[-92.2682493739999,38.242612584],[-92.2682976849999,38.2424357570001],[-92.2683656469999,38.242263004],[-92.268452679,38.242095755],[-92.2685582569999,38.241935052],[-92.2686813239999,38.241782497],[-92.268816364,38.2416439100001],[-92.269065058,38.2414108070001],[-92.269389024,38.241107153],[-92.2704369639999,38.2401248830001],[-92.270464777,38.2401007220001],[-92.270478068,38.2400375650001],[-92.270479624,38.2400272720001],[-92.270479788,38.240022673],[-92.270479425,38.240017977],[-92.2704785719999,38.2400135660001],[-92.270477199,38.240009189],[-92.2704753039999,38.2400048580001],[-92.2704729319999,38.240000697],[-92.2704701009999,38.2399967360001],[-92.270462563,38.2399880950001],[-92.270114617,38.2396160640001],[-92.2699757889999,38.239445313],[-92.2699098589999,38.239339241],[-92.2698526199999,38.239226042],[-92.2698193139999,38.2391467850001],[-92.269794378,38.239061365],[-92.269955974,38.2390274140001],[-92.269944254,38.238987153],[-92.2699234419999,38.2388641370001],[-92.269862296,38.2383037290001],[-92.269606502,38.23826609],[-92.2695880959999,38.238097248],[-92.2695581939999,38.2379069130001],[-92.269511917,38.237725208],[-92.269448487,38.2375465760001],[-92.269368394,38.237372462],[-92.269268744,38.2371978520001],[-92.269243981,38.2371584680001],[-92.2692266669999,38.237130934],[-92.2692101009999,38.2371074480001],[-92.269196444,38.237091783],[-92.2691808599999,38.237077071],[-92.269163807,38.2370637570001],[-92.2691375489999,38.2370468020001],[-92.2663339439999,38.2354041400001],[-92.266318949,38.2353953580001],[-92.2662075919999,38.2353362480001],[-92.266098498,38.2352893010001],[-92.26598425,38.235250497],[-92.265866049,38.235220263],[-92.265744626,38.2351987690001],[-92.265611668,38.235185292],[-92.265479154,38.235176772],[-92.265466712,38.235175973],[-92.264987283,38.2351451260001],[-92.264944875,38.235077238],[-92.264172047,38.235026534],[-92.263978462,38.2350170600001],[-92.2637873049999,38.235013549],[-92.26359596,38.23501587],[-92.263404575,38.235024044],[-92.263211502,38.23503822],[-92.262710364,38.235082737],[-92.262629808,38.2349572260001]],[[-92.26813938,38.1946927280001],[-92.268293125,38.1946765430001],[-92.268829914,38.1947163080001],[-92.2691295079999,38.194705974],[-92.269257222,38.1946885070001]],[[-92.273965829,38.15445972],[-92.273960228,38.1550255760001]],[[-92.282586232,38.033027371],[-92.282508134,38.0328386740001],[-92.2825270019999,38.0326630970001],[-92.2824609959999,38.0305418990001],[-92.281630002,38.030627495],[-92.280744998,38.028407401],[-92.280737,38.0283971980001],[-92.280658004,38.028297405],[-92.278832,38.0237021],[-92.276490005,38.019354804],[-92.2760770039999,38.019346802],[-92.276056997,38.018590004],[-92.274706002,38.018561602],[-92.274654004,38.0185551960001],[-92.274511001,38.0185335970001],[-92.2743690029999,38.0185067030001],[-92.27423,38.018474397],[-92.274092001,38.0184369020001],[-92.273956003,38.0183943050001],[-92.273824002,38.018346604],[-92.273694002,38.018294005],[-92.2735680009999,38.018236496],[-92.273400652,38.0181586300001]],[[-92.296935779,38.141284925],[-92.300113612,38.140878243]],[[-92.300113612,38.140878243],[-92.300067061,38.1408592700001],[-92.300087353,38.140834598],[-92.300073146,38.1407500450001],[-92.3003391889999,38.1399682960001],[-92.3006392679999,38.1392814160001],[-92.300902996,38.139083618],[-92.3010818389999,38.1389084240001]],[[-92.2917960029999,38.092834504],[-92.291781135,38.0927919690001],[-92.292322971,38.0921286760001],[-92.292362495,38.09208168],[-92.2924090829999,38.092017983],[-92.2921873779999,38.091901227],[-92.2924422629999,38.091527645],[-92.292583488,38.091326329],[-92.292630689,38.09131067],[-92.292723474,38.091278],[-92.292840471,38.0911123650001],[-92.293101269,38.090767413],[-92.2931711639999,38.0906774850001],[-92.2934129609999,38.0903663010001],[-92.293431017,38.090342445],[-92.293644258,38.0900668840001],[-92.293708792,38.0899833080001],[-92.293887417,38.089752048],[-92.293988395,38.08962133],[-92.294099591,38.089477383],[-92.294417526,38.0890673150001],[-92.294547098,38.088964592],[-92.2947035939999,38.088761984],[-92.295043106,38.0879783500001],[-92.2950756,38.0879033530001],[-92.294321995,38.0877216540001],[-92.294727538,38.0869744550001],[-92.294897858,38.086658544],[-92.295100366,38.086249608],[-92.295205123,38.086030232],[-92.2953570669999,38.085712039],[-92.2955477619999,38.085412266],[-92.295604839,38.0852776960001],[-92.295732361,38.0849770520001],[-92.2963078069999,38.084710102],[-92.296330733,38.084244529],[-92.296131207,38.083888296],[-92.296117161,38.0838375880001],[-92.29628796,38.083841836],[-92.29625549,38.0837718170001],[-92.296229351,38.083719409],[-92.296235435,38.0833650280001],[-92.296284133,38.0829234780001],[-92.296324539,38.0825653950001],[-92.296338511,38.0824416630001],[-92.296376696,38.0819540320001],[-92.2963670789999,38.081583537],[-92.296334008,38.0812772580001],[-92.2962837649999,38.0809915240001],[-92.2963904819999,38.080936003],[-92.2962769229999,38.080544225],[-92.2961660299999,38.0801616410001],[-92.296089836,38.0798987680001],[-92.296016709,38.0796355460001],[-92.295849882,38.0790689460001],[-92.295812138,38.0790547120001],[-92.295791301,38.0789817790001],[-92.2958168749999,38.078953418],[-92.2957697209999,38.078788371],[-92.2954387629999,38.0787508650001],[-92.2953347659999,38.0784023590001],[-92.295191764,38.077923179],[-92.295053005,38.077458268],[-92.294964012,38.077159995],[-92.2948883769999,38.0769065260001],[-92.294655264,38.076125361],[-92.29464967,38.0761067060001],[-92.2945128859999,38.075584609],[-92.2945018949999,38.0755426430001],[-92.2944149259999,38.0749225980001],[-92.294290764,38.074295094],[-92.294635564,38.0739292050001],[-92.2948679519999,38.0735099520001],[-92.2954857549999,38.072703335],[-92.296058957,38.0723132680001],[-92.296592623,38.071944355],[-92.2968187439999,38.0717346710001],[-92.2975031409999,38.07110007],[-92.298017414,38.0705020830001],[-92.298416125,38.069918923],[-92.298665074,38.069483984],[-92.298894433,38.068998594],[-92.299088416,38.0684755190001],[-92.299246727,38.067884763],[-92.299247328,38.067882792],[-92.299466604,38.0672593410001],[-92.2994670949999,38.067258076],[-92.299722925,38.066630245],[-92.300011445,38.0659605720001],[-92.3003037559999,38.065282047],[-92.300562702,38.064685335],[-92.300565929,38.064673563],[-92.3008348719999,38.0639868650001],[-92.3009819219999,38.0632883000001],[-92.301010724,38.0626841170001],[-92.3009314459999,38.061984942],[-92.30093228,38.061989162],[-92.300760143,38.0613822920001],[-92.3005843399999,38.060973601],[-92.3005645059999,38.060927474],[-92.300335159,38.060519109],[-92.300062229,38.0601258660001],[-92.299591686,38.0595974350001],[-92.299097235,38.0590519720001],[-92.2986146219999,38.0585136330001]],[[-92.262633093,38.234962344],[-92.262419939,38.234626543],[-92.26209381,38.233750372],[-92.262068918,38.233676191],[-92.262048002,38.233597651],[-92.262032307,38.233518733],[-92.2620217259999,38.2334386420001],[-92.262016656,38.2333622780001],[-92.262005311,38.2330254280001],[-92.262004248,38.233012978],[-92.26200292,38.233006048],[-92.262000798,38.2329989400001],[-92.2619980589999,38.232992267],[-92.2619918879999,38.2329805840001],[-92.261555765,38.232241851],[-92.261527179,38.232189608],[-92.2615006199999,38.2321323240001],[-92.261478309,38.232074208],[-92.261460195,38.232015023],[-92.261447199,38.231958782],[-92.261215352,38.2307647490001],[-92.261210334,38.2307357340001],[-92.261206279,38.2307046120001],[-92.261203517,38.230673145],[-92.261202093,38.230642161],[-92.2612019649999,38.230613249],[-92.261217197,38.229711619],[-92.261215395,38.2296664880001],[-92.26120939,38.2296275300001],[-92.261198983,38.229589065],[-92.261184255,38.2295514950001],[-92.2611654249999,38.22951529],[-92.2611424789999,38.229480394],[-92.261115622,38.2294472030001],[-92.261080673,38.2294115110001],[-92.260687398,38.2290448840001],[-92.260638638,38.228994893],[-92.260591639,38.228936095],[-92.260551936,38.228874373],[-92.260519565,38.228809799],[-92.26049501,38.228743298],[-92.260478377,38.228675275],[-92.2604698169999,38.228606164],[-92.260469449,38.22853683],[-92.260477221,38.2284678],[-92.2604931109999,38.228399643],[-92.260509891,38.228352675],[-92.260516842,38.22833323],[-92.2605182249999,38.228330289],[-92.260548577,38.2282681720001],[-92.260584219,38.228211566],[-92.260622212,38.2281576720001],[-92.260688811,38.2280514120001],[-92.260739246,38.227946543],[-92.260776682,38.2278382020001],[-92.2608007059999,38.227727449],[-92.260811635,38.2276092600001],[-92.260814091,38.227530845],[-92.260801654,38.2274057810001],[-92.260780597,38.227273569],[-92.260751768,38.2271425260001],[-92.260715169,38.2270125740001],[-92.260668977,38.2268785090001],[-92.260613056,38.2267196600001],[-92.2605983449999,38.2266840150001],[-92.260582653,38.226654882],[-92.260563877,38.2266270630001],[-92.260542026,38.2266005590001],[-92.260517281,38.2265756300001],[-92.260484901,38.2265482870001],[-92.2602301169999,38.2263511420001],[-92.26041387,38.2257179120001],[-92.260428884,38.2256612560001],[-92.26043994,38.2256072870001],[-92.260447885,38.225552764],[-92.2604526229999,38.2254981500001],[-92.260454264,38.225439881],[-92.26045348,38.224510233],[-92.260614018,38.224515706],[-92.26061893,38.224384162],[-92.260453365,38.224384144],[-92.260452941,38.223865526],[-92.2604499459999,38.2236889920001],[-92.260441314,38.2235131080001],[-92.2604270959999,38.223338305],[-92.260407288,38.223164045],[-92.260381567,38.2229880670001],[-92.260328056,38.2226589040001],[-92.2598589999999,38.222520858],[-92.259805743,38.2225028660001],[-92.2597476779999,38.222477806],[-92.259693092,38.22244858],[-92.259642347,38.2224154260001],[-92.259595671,38.222378447],[-92.259553809,38.22233824],[-92.25951693,38.222294972],[-92.259485506,38.2222491850001],[-92.2594597789999,38.222201307],[-92.2594423,38.2221575040001],[-92.259127599,38.2212139820001],[-92.259079227,38.221076471],[-92.259026986,38.220942086],[-92.258970085,38.2208085660001],[-92.258908514,38.2206759970001],[-92.2588422439999,38.2205443720001],[-92.258246517,38.2194057460001],[-92.258229206,38.219367972],[-92.25821444,38.2193235080001],[-92.25820481,38.2192782330001],[-92.258200384,38.219232573],[-92.2582011599999,38.2191866000001],[-92.258207197,38.219140963],[-92.258218402,38.21909587],[-92.258234723,38.21905179],[-92.258255919,38.2190091470001],[-92.2582820169999,38.218967998],[-92.2583125529999,38.218929054],[-92.258347479,38.2188923240001],[-92.2583865289999,38.2188581850001],[-92.258429185,38.218827026],[-92.258475274,38.218798996],[-92.258524326,38.2187743800001],[-92.258569218,38.21875609],[-92.2596746569999,38.218354246],[-92.259800124,38.218302893],[-92.259912286,38.2182459050001],[-92.260017228,38.2181808830001],[-92.260114048,38.2181083740001],[-92.2602017039999,38.218029169],[-92.260279746,38.217943673],[-92.260347305,38.217852834],[-92.260406976,38.2177520320001],[-92.260429548,38.21770874],[-92.260635311,38.21766066],[-92.260696949,38.217538845],[-92.260773488,38.217387584]],[[-92.270982629,38.1839543950001],[-92.271069801,38.1807802910001],[-92.271103685,38.180163169],[-92.2711534009999,38.1796461260001],[-92.271172082,38.179515375],[-92.271267589,38.1793148020001],[-92.2714869389999,38.178925969],[-92.2718089109999,38.178322278],[-92.271931563,38.1780054220001],[-92.272100473,38.1772701580001]],[[-92.3010818449999,38.138908428],[-92.300932071,38.1388360020001],[-92.301149912,38.1384003250001],[-92.301279017,38.1379733090001],[-92.301461064,38.137477733],[-92.301718084,38.1370131130001],[-92.301756344,38.1367261600001],[-92.301776302,38.135469389],[-92.301796295,38.132839382],[-92.30180606,38.1322442920001],[-92.301764599,38.1321751880001],[-92.3016752619999,38.132130524],[-92.301271216,38.1320396140001],[-92.301120398,38.1319468030001],[-92.301056564,38.131882977],[-92.301005032,38.1317798900001],[-92.301076705,38.131073347],[-92.301108524,38.1308718700001],[-92.301189288,38.130733428],[-92.3013614109999,38.130584247],[-92.302969721,38.130101752],[-92.303008521,38.1300795880001],[-92.303073656,38.1300282840001],[-92.3031058929999,38.129923525],[-92.303096655,38.1297481450001],[-92.303019781,38.129459851],[-92.302846087,38.129141422],[-92.3025135789999,38.1287502380001],[-92.3014872529999,38.127843473],[-92.301291283,38.1276681360001],[-92.301179487,38.1275116250001],[-92.301136848,38.127287712],[-92.301067592,38.1266644880001],[-92.300993993,38.1265080700001],[-92.300830542,38.126286943],[-92.300506583,38.125962972],[-92.300223999,38.1257291150001],[-92.2991676079999,38.1251012560001],[-92.2988280339999,38.124874875],[-92.298709822,38.1247459260001],[-92.29858295,38.124576758],[-92.298221051,38.123661961],[-92.2976433109999,38.1225263810001],[-92.297270458,38.121914523],[-92.297277413,38.121798384],[-92.297342586,38.1217042380001],[-92.297377839,38.121616104],[-92.297418331,38.1213529450001],[-92.297501547,38.1211983790001],[-92.297626715,38.121123291],[-92.297791858,38.1210643100001],[-92.298015256,38.1210643100001],[-92.298933771,38.121155146],[-92.2994164959999,38.121233959],[-92.2996282889999,38.1212254960001],[-92.300551147,38.1206329180001],[-92.30067207,38.120521303],[-92.300845212,38.1203000510001],[-92.301412231,38.1192257280001],[-92.301911208,38.1181978180001],[-92.3019675729999,38.118066301],[-92.302038351,38.1174697980001],[-92.302495363,38.1168401200001],[-92.30263925,38.1165907160001],[-92.3028067,38.1158027380001],[-92.3028361519999,38.1153904810001],[-92.302747133,38.1144012950001],[-92.302702692,38.1142768930001],[-92.30263178,38.1141882470001],[-92.302276039,38.113842671],[-92.3021561209999,38.113581039],[-92.302226322,38.1094395650001],[-92.302226322,38.1082392220001],[-92.302256278,38.1072407690001],[-92.302226973,38.106752252],[-92.3021765819999,38.1066346810001],[-92.301846355,38.1063610630001],[-92.3017254069999,38.1063005830001],[-92.30155873,38.1062635480001],[-92.3013571549999,38.106225152],[-92.299338357,38.106115214],[-92.298841847,38.106032457],[-92.298629047,38.1059473440001],[-92.2980636469999,38.1056747370001],[-92.296572837,38.1048342870001],[-92.2959582,38.104521929],[-92.294921471,38.103756957],[-92.294670278,38.1035560120001],[-92.294808804,38.103487923],[-92.294765957,38.103393667],[-92.2948939949999,38.1027535200001],[-92.294883065,38.102578625],[-92.294805025,38.102377985],[-92.294640164,38.102224103],[-92.293940715,38.1017345000001],[-92.293849084,38.101670348],[-92.293447062,38.1013889320001],[-92.293404105,38.1013245],[-92.293427569,38.099784927],[-92.293444761,38.0991459470001],[-92.29344653,38.0990986360001],[-92.293473942,38.09867374],[-92.2935034079999,38.0982169970001],[-92.293505633,38.098173408],[-92.293502239,38.0978951320001],[-92.293494939,38.0972964220001],[-92.293486675,38.0966187700001],[-92.293485592,38.0965299540001]],[[-92.289696998,38.0469887080001],[-92.289483009,38.0466331050001]],[[-92.2986146219999,38.058513624],[-92.298551192,38.0585135850001],[-92.2985832809999,38.0584699280001],[-92.29852878,38.0584306470001],[-92.29773461,38.0586901120001],[-92.296491364,38.0586305],[-92.296335125,38.0586185810001],[-92.296297736,38.058533191],[-92.29620066,38.0585106390001],[-92.2961393149999,38.0583866540001],[-92.296192159,38.0583100430001],[-92.295286425,38.0567470290001],[-92.294905672,38.0565991550001],[-92.294053089,38.0549320490001],[-92.2927781449999,38.0549243990001],[-92.291779063,38.0500948700001],[-92.2917755669999,38.050077985],[-92.290999993,38.049449726],[-92.291301528,38.0488004810001],[-92.291376022,38.048617072]],[[-92.269257223,38.1946885080001],[-92.26941363,38.1946694600001],[-92.26969533,38.1945996260001],[-92.2698939489999,38.1945046370001],[-92.269967745,38.19437345],[-92.2699856409999,38.1942123870001],[-92.269896537,38.1937766940001],[-92.269876126,38.193419636],[-92.2698965989999,38.19313306],[-92.269957821,38.192826949],[-92.270156232,38.192201942],[-92.270156232,38.1921084460001],[-92.270100505,38.191941265],[-92.269841853,38.191463765],[-92.2693225259999,38.190305245],[-92.2690855499999,38.1899201540001],[-92.2688263219999,38.1895512560001],[-92.268596006,38.18921079],[-92.268626206,38.1891239990001],[-92.269417359,38.188743453],[-92.270269501,38.188362489],[-92.270874964,38.188108577],[-92.270911272,38.1880785540001],[-92.270714689,38.187980261],[-92.2704883229999,38.1877754500001],[-92.2703289199999,38.1874885140001],[-92.270296033,38.1873240990001],[-92.270306632,38.1870592110001],[-92.270639299,38.1862023240001],[-92.270757461,38.1858380080001],[-92.270786349,38.185645445],[-92.270963855,38.1845900430001],[-92.270973242,38.1843307240001]],[[-92.287999004,38.0411737970001],[-92.288003003,38.0407645000001],[-92.287934998,38.040756898],[-92.286970004,38.040647199],[-92.2861210029999,38.0392599950001],[-92.286111999,38.039245301],[-92.283120002,38.0343855020001],[-92.28291232,38.033852309]],[[-92.261929,38.002051],[-92.2612779999999,38.0025372000001],[-92.261267,38.0025564000001],[-92.2611009999999,38.0028883],[-92.261033,38.0031689],[-92.260994,38.0035304],[-92.261043,38.0040647000001],[-92.261103,38.0045842000001],[-92.261171,38.0052047],[-92.261173,38.0052242],[-92.261223,38.0056607000001],[-92.261238,38.0057242],[-92.261291,38.0059531],[-92.2614179999999,38.0062364],[-92.2615959999999,38.0065731],[-92.261816,38.0069328000001],[-92.261939,38.0071579],[-92.262051,38.0074649000001],[-92.262131,38.0078046],[-92.262236,38.0080802000001],[-92.262377,38.0082308],[-92.262601,38.0084646],[-92.262889,38.0086567000001],[-92.26319,38.0088024],[-92.263589,38.0089565000001],[-92.263677,38.0089898],[-92.263702,38.0089990000001],[-92.265159,38.0093882],[-92.2656279999999,38.0095312],[-92.266015,38.0097298000001],[-92.2663669999999,38.0100399],[-92.266721,38.0104658000001],[-92.266982,38.0108271],[-92.2673559999999,38.0113249],[-92.267383,38.0113606],[-92.26768,38.0117442000001],[-92.268047,38.012161],[-92.268289,38.0124024],[-92.2685739999999,38.0127698000001],[-92.268877,38.0133250000001],[-92.269067,38.0137043],[-92.269245,38.0140104000001],[-92.2694289999999,38.0142730000001],[-92.2696729999999,38.0145065],[-92.270079,38.0148435],[-92.270549,38.0151934],[-92.270725,38.0153384000001],[-92.2708689999999,38.0155026],[-92.2711139999999,38.0157784],[-92.2712789999999,38.0160987],[-92.271429,38.0165183],[-92.271585,38.0168110000001],[-92.271761,38.0170548],[-92.272118,38.0174521000001],[-92.2724469999999,38.0178195],[-92.273400652,38.0181586300001]],[[-92.289231004,38.046260696],[-92.2887660059999,38.0461974],[-92.288585938,38.046059635]],[[-92.261026208,38.2124084480001],[-92.261193787,38.212404222],[-92.261193787,38.2118370420001],[-92.261143168,38.211492836],[-92.2609731479999,38.210463761],[-92.2608062049999,38.210476063],[-92.26078635,38.210355888],[-92.2607590109999,38.2095166840001]],[[-92.270973242,38.1843307240001],[-92.2710050259999,38.1843165940001],[-92.271014115,38.183983976],[-92.270982629,38.1839543950001]],[[-92.273965833,38.154459719],[-92.274015132,38.1544213810001],[-92.2740663769999,38.151714127],[-92.274111126,38.1515015680001],[-92.274597183,38.151046539],[-92.275244447,38.1504988570001],[-92.275593949,38.150099423],[-92.275940321,38.1497937990001],[-92.276468411,38.1494151690001],[-92.276831626,38.149051951],[-92.277178543,38.148625742],[-92.277494723,38.1482008830001],[-92.2776201469999,38.1479596770001],[-92.277860098,38.1471898450001],[-92.278075515,38.146769264],[-92.278518316,38.146245956],[-92.278798538,38.1458456340001],[-92.279064851,38.1455383590001],[-92.2792850389999,38.1453601050001],[-92.2810402169999,38.144367178],[-92.283612696,38.1428357],[-92.2841639549999,38.1425702820001],[-92.284402658,38.1425051840001],[-92.284579589,38.1424941270001],[-92.28530053,38.1425336280001],[-92.2867648639999,38.1421873350001],[-92.287430489,38.142015885],[-92.287689933,38.14198475],[-92.289535842,38.141855036],[-92.289823868,38.1417974350001],[-92.290228192,38.1416692330001],[-92.29138428,38.1412905120001],[-92.2916716669999,38.1411715940001],[-92.292049479,38.1410224600001],[-92.2928351629999,38.1406497620001],[-92.293020558,38.1406034170001],[-92.2934826439999,38.1406349210001],[-92.294710107,38.1408462090001],[-92.296047709,38.14113941],[-92.296889515,38.1412770370001],[-92.2969030679999,38.1413032],[-92.296935779,38.141284925]]]},"properties":{"id":"uniti-regional-20260919-64e770f7432092e32b55","sourceId":"uniti-regional-20260919","source":"Uniti Wholesale regional transport network","sourceUrl":"https://www.unitiwholesale.com/network-map/","name":"Uniti Wholesale regional transport network","carrier":"Uniti Wholesale","category":"unknown","routeStatus":"Publisher network map; current operating status unverified","evidence":"publisher_route","geometryQuality":"publisher_geometry_unverified","dataDate":null,"metadataModified":"2025-06-13T12:55:45+00:00","retrievedAt":"2026-09-19T13:31:26.703698+00:00","networkType":"Carrier-published regional transport geometry; not a surveyed cable alignment","serviceability":"Unconfirmed","routeDiversity":"Unconfirmed","states":["MO"],"publishedLineParts":34,"importBatch":"20260919","sourceRecordIds":["24468","24469","24471","24472","24473","24474","24475","24476","24477","24479","24480","24482","24483","24484","24485","24486","24487","24488","24490","24491","24492","24493","24496","24497","24499","24500","24501","24502","24503","24504","24505","24506","24507","24508"]},"bbox":[-92.3031058929999,38.002051,-92.258200384,38.253052209]},{"type":"Feature","geometry":{"type":"MultiLineString","coordinates":[[[-92.2677903809999,38.2571197670001],[-92.267774479,38.257087073],[-92.2680687109999,38.257001916],[-92.2683068539999,38.257415123],[-92.268884165,38.2572265680001],[-92.269115517,38.2571500890001],[-92.270080708,38.256831006],[-92.269552862,38.2559224140001],[-92.26944839,38.255742592],[-92.269275405,38.255444831],[-92.2692591269999,38.255416806],[-92.269024184,38.2550123570001],[-92.268919733,38.2548325430001],[-92.2681922789999,38.253580292],[-92.268241852,38.253052988]]]},"properties":{"id":"uniti-regional-20260919-83e8d2fd703ca4a33508","sourceId":"uniti-regional-20260919","source":"Uniti Wholesale regional transport network","sourceUrl":"https://www.unitiwholesale.com/network-map/","name":"Uniti Wholesale regional transport network","carrier":"Uniti Wholesale","category":"unknown","routeStatus":"Publisher network map; current operating status unverified","evidence":"publisher_route","geometryQuality":"publisher_geometry_unverified","dataDate":null,"metadataModified":"2025-06-13T12:55:45+00:00","retrievedAt":"2026-09-19T13:31:26.703698+00:00","networkType":"Carrier-published regional transport geometry; not a surveyed cable alignment","serviceability":"Unconfirmed","routeDiversity":"Unconfirmed","states":["MO"],"publishedLineParts":1,"importBatch":"20260919","sourceRecordIds":["24489"]},"bbox":[-92.270080708,38.253052988,-92.267774479,38.257415123]},{"type":"Feature","geometry":{"type":"MultiLineString","coordinates":[[[-92.160656521,37.9956198310001],[-92.1609499899999,37.9953330000001],[-92.1614852389999,37.995100118],[-92.162397499,37.994396189],[-92.1628920969999,37.9939934280001],[-92.1632434589999,37.9936003500001],[-92.1635613569999,37.9931162930001],[-92.163776598,37.9926990920001],[-92.164156675,37.991745967],[-92.164301788,37.9915357730001],[-92.166012291,37.9904217100001],[-92.16622812,37.990256629],[-92.166379783,37.9901125550001],[-92.16722979,37.9895951330001],[-92.167980636,37.9891220320001],[-92.168575194,37.988755128],[-92.1691788159999,37.9883818220001],[-92.1695829719999,37.9881649650001],[-92.169992453,37.988008977],[-92.1704389289999,37.9879216200001],[-92.170860738,37.9879124450001],[-92.170886104,37.9879257960001],[-92.1716407649999,37.987994427],[-92.17186832,37.9880239330001],[-92.1725792989999,37.988102938],[-92.172613106,37.9881714040001],[-92.172928552,37.988208383],[-92.173488075,37.988251829],[-92.174168364,37.988260144],[-92.1749476909999,37.9882268200001],[-92.175709492,37.988141102],[-92.1765588329999,37.9880266370001],[-92.178252645,37.9877824750001],[-92.179654096,37.9878268690001],[-92.1797064,37.987807843],[-92.179895495,37.9874632670001],[-92.179823076,37.9873047190001],[-92.179627274,37.9871081200001],[-92.180557999,37.986755085],[-92.181185635,37.9864570120001],[-92.181612106,37.9862223580001],[-92.181660385,37.9860828340001],[-92.181723585,37.9857620340001],[-92.181773038,37.985313332],[-92.1815665079999,37.9850237090001],[-92.181145402,37.98475734],[-92.181024703,37.984628383],[-92.180807444,37.9841632910001],[-92.1807269779999,37.984017421],[-92.180321015,37.983591861],[-92.1801549639999,37.9834146520001],[-92.180104097,37.98322218],[-92.180026934,37.983024024],[-92.180172327,37.979411214],[-92.180937474,37.9791513690001],[-92.1810848329999,37.978887566]],[[-92.134495196,37.9996836540001],[-92.135373193,37.9997169530001],[-92.138091824,37.9998067880001],[-92.138732429,37.9998289660001],[-92.139393065,37.999855365],[-92.1402555779999,37.999892361],[-92.142391978,37.999971622],[-92.144476117,38.000060364],[-92.145030215,38.000080374]],[[-92.2609389959999,37.950162596],[-92.260682994,37.950152701],[-92.260630003,37.950227896],[-92.260347996,37.950240799],[-92.2601369989999,37.950247996],[-92.259865996,37.9502337000001],[-92.259769005,37.9500950990001],[-92.2595400009999,37.9500648050001],[-92.259178004,37.9499934],[-92.259098995,37.949977296],[-92.258880001,37.9499762990001],[-92.258648999,37.9500233950001],[-92.258220003,37.9502516040001],[-92.258076006,37.950357297],[-92.257851995,37.9505206010001],[-92.257392001,37.950919297],[-92.257275996,37.951014205],[-92.257200999,37.9510725010001],[-92.257122996,37.9511268030001],[-92.257040001,37.951176801],[-92.2569520009999,37.951222397],[-92.256862002,37.951263302],[-92.256768004,37.951299303],[-92.256671,37.9513303040001],[-92.256571998,37.951356101],[-92.256470001,37.951376596],[-92.256368005,37.951391802],[-92.2562639979999,37.951401601],[-92.256160002,37.951405904],[-92.2560550009999,37.9514046950001],[-92.255951006,37.9513980020001],[-92.255858995,37.951387401],[-92.255636995,37.9513718960001],[-92.254645003,37.951303405],[-92.254220005,37.9512628960001],[-92.253989002,37.9514379980001],[-92.253411005,37.9513785990001],[-92.253126005,37.951678002],[-92.253063997,37.951675197],[-92.253008001,37.9516692970001],[-92.252522002,37.951625596],[-92.251713996,37.9515342010001],[-92.2512719969999,37.951534501],[-92.250188005,37.9515065960001],[-92.248901997,37.951466397],[-92.248054001,37.951426401],[-92.246636005,37.951334995],[-92.245481997,37.9513062],[-92.244094713,37.9513212630001],[-92.242742882,37.951515843],[-92.242002594,37.952014982],[-92.24176656,37.952657936],[-92.24176656,37.9537830900001],[-92.241798746,37.954552923],[-92.2417021859999,37.954798253],[-92.241509068,37.9548320920001],[-92.236402152,37.954747495],[-92.233102002,37.954640601],[-92.230394016,37.954739036],[-92.228312626,37.955703428],[-92.2274543199999,37.957065399],[-92.227110999,37.958596529],[-92.226821321,37.959992282],[-92.2253699949999,37.9604251000001],[-92.223263528,37.9598452120001],[-92.22257271,37.9592309650001],[-92.221585659,37.9588080080001],[-92.220705896,37.958232782],[-92.22012654,37.9581312720001],[-92.216607488,37.9580128430001],[-92.212037013,37.9579113310001],[-92.2096123009999,37.961058113],[-92.20935481,37.9638664170001],[-92.209011487,37.9674866020001],[-92.208217555,37.968230917],[-92.207294877,37.9685692400001],[-92.200001553,37.96863369]],[[-92.19434298,37.971108514],[-92.1944894229999,37.970986376],[-92.194669058,37.9708488480001],[-92.1950459889999,37.970580338],[-92.195288394,37.9703270040001],[-92.1954549589999,37.9702047960001],[-92.1955139679999,37.970006036],[-92.1955944329999,37.9690333730001],[-92.1956749,37.968813466],[-92.1958465609999,37.9687077400001],[-92.1982655749999,37.968738124],[-92.2000012939999,37.9686337320001]],[[-92.1132767569999,37.998677473],[-92.115798723,37.998774766],[-92.1184460219999,37.9988846730001],[-92.121011096,37.998969446],[-92.1210115259999,37.999017159],[-92.12112409,37.998986383]],[[-92.181084834,37.978887565],[-92.181132364,37.9787833130001],[-92.181132721,37.9782608780001]],[[-92.098169,37.9958384],[-92.098742,37.9958591000001],[-92.098823,37.995862],[-92.1004839999999,37.9959208000001],[-92.102046,37.9959941000001],[-92.102295,37.9961673],[-92.103667,37.9961870000001]],[[-92.133172472,37.9995869730001],[-92.1332162309999,37.9996328510001],[-92.133737891,37.999650357],[-92.134495196,37.9996836540001]],[[-92.103667,37.9961870000001],[-92.1037229999999,37.9961837000001],[-92.103863,37.9961663],[-92.10435,37.9961063000001],[-92.1048249999999,37.9962186000001],[-92.105274,37.9965646],[-92.1052759999999,37.9965637],[-92.1059749999999,37.9965990000001],[-92.106085,37.9967481],[-92.1066039999999,37.9974616000001],[-92.106723,37.997624],[-92.1068979999999,37.9978635],[-92.10714,37.9980600000001],[-92.10754,37.9983505000001],[-92.1078879999999,37.9984784000001],[-92.1081599999999,37.9984839],[-92.108418,37.9984896],[-92.108468,37.998457],[-92.108961,37.9984724],[-92.1090129999999,37.9984738000001],[-92.1090129999999,37.9985149]],[[-92.109012659,37.998514932],[-92.109018905,37.998536823],[-92.109259428,37.998537938],[-92.1096255859999,37.998542181],[-92.109869428,37.998548551],[-92.1103836629999,37.9985633630001],[-92.111340904,37.998597219],[-92.112328109,37.998641611],[-92.1132767569999,37.998677434]],[[-92.12112409,37.998986383],[-92.121644391,37.999014404],[-92.122173195,37.9990305250001],[-92.1237547599999,37.999095007],[-92.1242106239999,37.999117282],[-92.12426074,37.9991197350001]],[[-92.145030215,38.000080374],[-92.146934498,38.0001491400001],[-92.148014738,38.000192831],[-92.1484615589999,38.000210903],[-92.148472586,38.000051872],[-92.149269804,38.000084116],[-92.1514855249999,38.0001649980001],[-92.151476229,38.0003240980001],[-92.1519237859999,38.000340435],[-92.153473224,38.0003932910001],[-92.154555374,38.000424992],[-92.156375134,38.000490509],[-92.156716739,38.0005011490001],[-92.156823289,38.0005011490001],[-92.156957112,38.000495656],[-92.157108689,38.000483602],[-92.157264695,38.0004638450001],[-92.157431249,38.0004349270001],[-92.1576509869999,38.0003760980001],[-92.157801491,38.0003207520001],[-92.157938598,38.00025615],[-92.158060421,38.000190698],[-92.158194019,38.0001139340001],[-92.158316011,38.0000300990001],[-92.158422574,37.999942811],[-92.158495267,37.999877665],[-92.1586037659999,37.999762186],[-92.158712744,37.999621262],[-92.158787493,37.999505635],[-92.158847161,37.999407224],[-92.159521757,37.998073995],[-92.16028862,37.9965298010001],[-92.1600649979999,37.9964611020001],[-92.16020599,37.9962334040001],[-92.160416004,37.9959287020001],[-92.160493995,37.9958256940001],[-92.160656514,37.995619832]],[[-92.097578627,37.9926690880001],[-92.0976079169999,37.992672106],[-92.0976547779999,37.9926774540001],[-92.097686,37.9926813000001],[-92.097697,37.9926182]],[[-92.132453697,37.999581338],[-92.132486438,37.999448946],[-92.133123384,37.999470321],[-92.1331724769999,37.9995869730001]],[[-92.181132721,37.9782608780001],[-92.18113462,37.97679144],[-92.181136293,37.975742865],[-92.1821921599999,37.975122464],[-92.182805694,37.9748924040001],[-92.18349584,37.974542102],[-92.1839009509999,37.9743625680001],[-92.1842114679999,37.9742195950001],[-92.184528052,37.9740913200001],[-92.1848152699999,37.974045478],[-92.1851173329999,37.9740303670001],[-92.18543399,37.974051634],[-92.185698894,37.9740915130001],[-92.186030922,37.974140633],[-92.1861614039999,37.9741508110001],[-92.186297453,37.974122337],[-92.1863779029999,37.974088669],[-92.186846287,37.973685248],[-92.186919464,37.973607589],[-92.186971435,37.9735385970001],[-92.186999551,37.9734709300001],[-92.187022294,37.973394779],[-92.187035168,37.9733221820001],[-92.1870308599999,37.9726297880001],[-92.1870694359999,37.9725903830001],[-92.1871156079999,37.9725657930001],[-92.187189831,37.972559886],[-92.187300303,37.9725701880001],[-92.187750353,37.9726249600001],[-92.188346774,37.972714502],[-92.188590117,37.9727593590001],[-92.188795243,37.972756959],[-92.189011097,37.9727345330001],[-92.189198692,37.9726756750001],[-92.189393841,37.972619013],[-92.18962322,37.9725408],[-92.18976836,37.9724906270001],[-92.189899146,37.9724713790001],[-92.1901584839999,37.972473237],[-92.190548596,37.972503271],[-92.19084209,37.9725169480001],[-92.1915437049999,37.972532448],[-92.1920286759999,37.972549531],[-92.192120582,37.9725333260001],[-92.1921924799999,37.9725186040001],[-92.192287133,37.972473514],[-92.192355914,37.972433574],[-92.192395733,37.9723849580001],[-92.192453594,37.9722541680001],[-92.192642191,37.9721522400001],[-92.192764133,37.9721415750001],[-92.1930706649999,37.9721330740001],[-92.193313575,37.9721160230001],[-92.193547553,37.9720804080001],[-92.193697329,37.972035814],[-92.193795619,37.971949909],[-92.193903709,37.9718098590001],[-92.1940177069999,37.971608217],[-92.194186206,37.971329515],[-92.19434298,37.971108514]],[[-92.097696761,37.992618194],[-92.09771254,37.992542606],[-92.098274724,37.9926121440001],[-92.0984861869999,37.9927969980001],[-92.098404934,37.994261812],[-92.098375894,37.994694973],[-92.098371242,37.9947643290001],[-92.098285762,37.995831315],[-92.098281613,37.99588622],[-92.09816017,37.9958825460001],[-92.0981694829999,37.99583842]],[[-92.124260751,37.999119729],[-92.124302077,37.99912175],[-92.126480139,37.9992281780001],[-92.127801565,37.9992873190001],[-92.1284097929999,37.999308434],[-92.131259567,37.999407772],[-92.1323918959999,37.999445773],[-92.1324536979999,37.9995813410001]],[[-92.098058449,37.9957040410001],[-92.098055173,37.9957038090001],[-92.097825406,37.995693159]],[[-92.097594774,37.9926848810001],[-92.097704995,37.992700304],[-92.097732004,37.9925835020001],[-92.098247996,37.9926455],[-92.0983829949999,37.9927650020001],[-92.0984099949999,37.992788498],[-92.0984059959999,37.9928454000001],[-92.098364003,37.993504199],[-92.098287006,37.9946828020001],[-92.098271998,37.994905003],[-92.098204999,37.9957436020001],[-92.098194001,37.9957540990001]],[[-92.097825406,37.995693159],[-92.0974867689999,37.995677464],[-92.097037337,37.9956579880001],[-92.0967917999999,37.995813148],[-92.0967416029999,37.995844869],[-92.096604513,37.9958403430001],[-92.096369252,37.995832576],[-92.095414351,37.995799371],[-92.0944818309999,37.995760562],[-92.094197192,37.9957433700001],[-92.093636518,37.9956485050001],[-92.093500767,37.995625535],[-92.09176516,37.995572635],[-92.091589305,37.995567109],[-92.090423764,37.9955308890001],[-92.090040503,37.9954536060001],[-92.089858913,37.9954488920001],[-92.0896594659999,37.99544379],[-92.089572435,37.995441563],[-92.089203251,37.9954336490001],[-92.0886965619999,37.995578837],[-92.0885615829999,37.9958797100001]],[[-92.061838484,37.998456172],[-92.061811941,37.9984640370001],[-92.0618062459999,37.998449093],[-92.061794162,37.998469518],[-92.061551794,37.998541124],[-92.061275729,37.9986842660001],[-92.0609959609999,37.998814156],[-92.060543267,37.999045532],[-92.0604194639999,37.999113623],[-92.0603512649999,37.9990216080001]],[[-92.098194177,37.99575408],[-92.098148693,37.995709473],[-92.098116879,37.9957078630001],[-92.0980959359999,37.9956859420001],[-92.0980943759999,37.995706587],[-92.098058449,37.9957040410001]],[[-92.0885285099999,37.995965512],[-92.088502432,37.9960353880001],[-92.088430863,37.9961419420001],[-92.088357811,37.9961886940001],[-92.0880219589999,37.996396136],[-92.087566463,37.9966192360001],[-92.0875386719999,37.996632909],[-92.087162071,37.9968013880001],[-92.086855628,37.996910126],[-92.086566424,37.997006507],[-92.086469521,37.9970388080001],[-92.085941072,37.9971883690001],[-92.085576743,37.997296685],[-92.085335543,37.997335278],[-92.084949882,37.9973801240001],[-92.084858391,37.997384309],[-92.084821499,37.997384308],[-92.0841463579999,37.997365291],[-92.084016109,37.9973628060001],[-92.083478316,37.997354273],[-92.0830818969999,37.997373146],[-92.082931652,37.9973788730001],[-92.082390248,37.9974247560001],[-92.081849657,37.997478814],[-92.0816039869999,37.997499454],[-92.081410655,37.997514719],[-92.080897685,37.997565009],[-92.080479324,37.997622059],[-92.080323526,37.9976477880001],[-92.0796319839999,37.9977658550001],[-92.079288902,37.997826398],[-92.0788124469999,37.997937909],[-92.078426087,37.9980599190001],[-92.077952055,37.9982414610001],[-92.077522474,37.9984212900001],[-92.0771495719999,37.99856004],[-92.0771106129999,37.998576101],[-92.0767922749999,37.99863579],[-92.076407639,37.998694968],[-92.075924281,37.9987344260001],[-92.0755486049999,37.9987443100001],[-92.075510001,37.9987443090001],[-92.075377337,37.9987337910001],[-92.075131738,37.9987149],[-92.074750835,37.99865916],[-92.074622099,37.9986306320001],[-92.074189313,37.998528337],[-92.0737136069999,37.9983598540001],[-92.072704263,37.998020174],[-92.072535621,37.9979652600001],[-92.0720223709999,37.9977994400001],[-92.071251396,37.9975391090001],[-92.071189091,37.997520417],[-92.070996538,37.997459452],[-92.070621509,37.9973391610001],[-92.0699026399999,37.9971095220001],[-92.069670543,37.9970287900001],[-92.069291789,37.996926425],[-92.068832419,37.996854972],[-92.068089561,37.996794735],[-92.067690376,37.9967548160001],[-92.067411396,37.996727822],[-92.067150901,37.9967243130001],[-92.0669912379999,37.9967243130001],[-92.066791219,37.996757647],[-92.066534527,37.9968646],[-92.066294369,37.997010784],[-92.0660888689999,37.997175188],[-92.065828865,37.9974063000001],[-92.065751855,37.997473289],[-92.0655191,37.997675009],[-92.065259259,37.9978848810001],[-92.064978944,37.9981251500001],[-92.0647528649999,37.998311911],[-92.0645299509999,37.99845729],[-92.064350761,37.998551599],[-92.064175013,37.998607098],[-92.063909213,37.998654566],[-92.0635549089999,37.9986641400001],[-92.063319711,37.998635914],[-92.063132001,37.9985865150001],[-92.062890462,37.9985462590001],[-92.06249608,37.998455252],[-92.062152775,37.998428226],[-92.0621331739999,37.998408214],[-92.062131128,37.9984264360001],[-92.062097573,37.998423786]],[[-92.062097573,37.998423786],[-92.061838484,37.998456172]],[[-92.097573574,37.9927097390001],[-92.097528658,37.9927097390001]],[[-92.035269518,38.004039031],[-92.035041953,38.003025074],[-92.032775946,37.986877448],[-92.032783594,37.975911667]],[[-92.032783594,37.975911667],[-92.032859634,37.956039451],[-92.028892675,37.953231794],[-92.027702195,37.950630156],[-92.025482029,37.9504470850001],[-92.002105487,37.930480935],[-92.001205606,37.9301291520001]],[[-92.0885615829999,37.9958797100001],[-92.088553269,37.9959017790001],[-92.08853305,37.9958971460001],[-92.0885468659999,37.9959163990001],[-92.0885285099999,37.995965512]],[[-92.238186936,37.980206385],[-92.19715481,37.9974261150001]]]},"properties":{"id":"uniti-regional-20260919-7855e3cced76d52d68e7","sourceId":"uniti-regional-20260919","source":"Uniti Wholesale regional transport network","sourceUrl":"https://www.unitiwholesale.com/network-map/","name":"Uniti Wholesale regional transport network","carrier":"Uniti Wholesale","category":"unknown","routeStatus":"Publisher network map; current operating status unverified","evidence":"publisher_route","geometryQuality":"publisher_geometry_unverified","dataDate":null,"metadataModified":"2025-06-13T12:55:45+00:00","retrievedAt":"2026-09-19T13:31:26.703698+00:00","networkType":"Carrier-published regional transport geometry; not a surveyed cable alignment","serviceability":"Unconfirmed","routeDiversity":"Unconfirmed","states":["MO"],"publishedLineParts":29,"importBatch":"20260919","sourceRecordIds":["59722","59723","59727","59773","59782","59786","59802","59810","59832","59847","59849","74042","9839","9841","9842","9844","9845","9846","9850","9851","9852","9854","9855","9856","9857","9858","9860","9861","9863"]},"bbox":[-92.2609389959999,37.9301291520001,-92.001205606,38.004039031]},{"type":"Feature","geometry":{"type":"MultiLineString","coordinates":[[[-92.0508392409999,38.025549094],[-92.050690321,38.0257485450001],[-92.05074933,38.0257738990001]],[[-92.060351268,37.999021606],[-92.060297824,37.9990455170001],[-92.060206142,37.999086536],[-92.060278441,37.9991908970001],[-92.060120463,37.9992770690001],[-92.059805339,37.999470208],[-92.059642323,37.999592471],[-92.059588929,37.9996343],[-92.059272576,37.999882245],[-92.058831522,38.000192988],[-92.058511956,38.0004610080001],[-92.0583856009999,38.00064002],[-92.058260011,38.0008493450001],[-92.058177302,38.001180146],[-92.058116851,38.001623511],[-92.0580667789999,38.002054039],[-92.058037129,38.0023110000001],[-92.0579552459999,38.0026567240001],[-92.057884326,38.002862743],[-92.057830354,38.003000135],[-92.057540506,38.0036997490001],[-92.057229477,38.0044578870001],[-92.057201289,38.0045237630001],[-92.056980561,38.005029603],[-92.056830266,38.0054103350001],[-92.056600133,38.005980685],[-92.056488203,38.0062757530001],[-92.0564256069999,38.006609594],[-92.056488138,38.0069743380001],[-92.056592601,38.0072355030001],[-92.0568085369999,38.007554272],[-92.056960787,38.0077268210001],[-92.05716734,38.007972716],[-92.057313482,38.008206537],[-92.057399999,38.008379592],[-92.057508476,38.0087444530001],[-92.0576381649999,38.009213313],[-92.057737247,38.009609652],[-92.057786435,38.0099933010001],[-92.0577864319999,38.010202049],[-92.05768948,38.010512293],[-92.057590994,38.0107585050001],[-92.057459037,38.0110325680001],[-92.0574409399999,38.011113982],[-92.0574216999999,38.011183321],[-92.0573482409999,38.011436355],[-92.057267273,38.011760224],[-92.057226433,38.012066567],[-92.057226428,38.0123733240001],[-92.057267021,38.012687967],[-92.057327905,38.013022804],[-92.0575787709999,38.013795487],[-92.05769825,38.014203701],[-92.057794029,38.0145868210001],[-92.057812824,38.014677114],[-92.057876924,38.0149976230001],[-92.057916515,38.0154034560001],[-92.057946394,38.016220009],[-92.057926595,38.0167644750001],[-92.057878059,38.0170362280001],[-92.057741649,38.0174064830001],[-92.0575269569999,38.017757805],[-92.057253164,38.0180902640001],[-92.057072397,38.018251999],[-92.056771758,38.018436264],[-92.056276854,38.018683716],[-92.055608987,38.0189827670001],[-92.0541689189999,38.0196127880001],[-92.0530778469999,38.0201032790001],[-92.0529144769999,38.0201798580001],[-92.052817084,38.02022551],[-92.052655026,38.0200796560001],[-92.052331485,38.019924684],[-92.052287334,38.020051525],[-92.052238389,38.020042759],[-92.0519769909999,38.019996302]],[[-92.05074933,38.0257738990001],[-92.050536095,38.026052797],[-92.0503899139999,38.026249292],[-92.049235225,38.0256038140001]],[[-92.0519769859999,38.019996302],[-92.0520066999999,38.02003495],[-92.05212864,38.020056788],[-92.052271004,38.0200822840001],[-92.052517455,38.020205509],[-92.0525554119999,38.0202396710001],[-92.052571638,38.0203453030001],[-92.052680025,38.020452412],[-92.052460168,38.0205898230001],[-92.0522878579999,38.0207429880001],[-92.052010932,38.021039683],[-92.051722618,38.021367771],[-92.051474285,38.0216756990001],[-92.051328304,38.0218703460001],[-92.05114303,38.022231149],[-92.051086668,38.022409619],[-92.051077194,38.0226084560001],[-92.051096285,38.0227897290001],[-92.051204433,38.0231731820001],[-92.051406747,38.0237295370001],[-92.0514171569999,38.024041976],[-92.0513861809999,38.0243311790001],[-92.051263777,38.0247187630001],[-92.051101236,38.0251149810001],[-92.05086719,38.025511837],[-92.050839244,38.025549095]],[[-92.049235225,38.0256038140001],[-92.047967885,38.024685767],[-92.0455243969999,38.0229193660001],[-92.043518109,38.0214529680001],[-92.0394688209999,38.018518665],[-92.038391643,38.0177265290001],[-92.0352695139999,38.0040390280001]],[[-92.154358598,38.0113961760001],[-92.130541336,38.0144276120001],[-92.101284435,38.017535523]],[[-92.19715481,37.9974261150001],[-92.1717876769999,38.0081754620001],[-92.163175919,38.01077594],[-92.154358598,38.0113961760001]],[[-92.101284434,38.017535524],[-92.081264528,38.0290156460001],[-92.0503180059999,38.028831004],[-92.050520187,38.02795401],[-92.050824431,38.0266211520001]],[[-92.050824431,38.0266211520001],[-92.051033644,38.026093997],[-92.051553701,38.026074325],[-92.051558014,38.0259017270001],[-92.050817726,38.0258108740001],[-92.05074933,38.0257738990001]]]},"properties":{"id":"uniti-regional-20260919-2bf5b5ee84db919641e6","sourceId":"uniti-regional-20260919","source":"Uniti Wholesale regional transport network","sourceUrl":"https://www.unitiwholesale.com/network-map/","name":"Uniti Wholesale regional transport network","carrier":"Uniti Wholesale","category":"unknown","routeStatus":"Publisher network map; current operating status unverified","evidence":"publisher_route","geometryQuality":"publisher_geometry_unverified","dataDate":null,"metadataModified":"2025-06-13T12:55:45+00:00","retrievedAt":"2026-09-19T13:31:26.703698+00:00","networkType":"Carrier-published regional transport geometry; not a surveyed cable alignment","serviceability":"Unconfirmed","routeDiversity":"Unconfirmed","states":["MO"],"publishedLineParts":9,"importBatch":"20260919","sourceRecordIds":["59758","59761","59766","59772","59808","73992","74045","74063","74064"]},"bbox":[-92.19715481,37.9974261150001,-92.0352695139999,38.0290156460001]},{"type":"Feature","geometry":{"type":"MultiLineString","coordinates":[[[-91.813528806,37.8840350070001],[-91.804000762,37.8859252930001],[-91.800949013,37.886310571],[-91.7961121379999,37.887176533],[-91.7870712179999,37.8887214370001],[-91.785003648,37.8884048560001],[-91.7821046779999,37.886104597],[-91.779365495,37.886211406],[-91.762374682,37.892822252],[-91.7578354569999,37.893550858],[-91.756416157,37.896045692],[-91.756268225,37.8962212]],[[-91.750624664,37.9513747630001],[-91.7515370259999,37.9513693310001],[-91.752082048,37.951653621]],[[-91.946328431,37.9125821370001],[-91.945327794,37.9126091150001],[-91.939910807,37.912204761],[-91.934135538,37.910896316],[-91.931587162,37.910598753],[-91.928512703,37.910011308],[-91.922348234,37.9095955060001],[-91.9168699999999,37.9092979130001],[-91.911621093,37.9092407030001],[-91.90737904,37.9092674170001],[-91.903205681,37.906692488],[-91.899162324,37.90551759],[-91.8947984749999,37.904022221],[-91.8882674449999,37.9023056130001],[-91.8807831769999,37.9002342100001],[-91.880730961,37.9002338870001]],[[-91.880730961,37.9002338870001],[-91.87469486,37.900196093],[-91.8726197999999,37.900268558],[-91.86804194,37.900146491],[-91.863243207,37.899402615],[-91.859306273,37.8983383030001],[-91.854095391,37.8960494900001],[-91.850059586,37.893836961],[-91.8457331279999,37.8931217860001]],[[-91.8457331279999,37.8931217860001],[-91.845375199,37.893062601],[-91.840484431,37.892417901],[-91.836364609,37.8912620620001],[-91.824821529,37.888862604],[-91.819160278,37.886554716],[-91.81353776,37.8840332230001],[-91.813528806,37.8840350070001]],[[-91.968469747,37.9222717420001],[-91.965156442,37.920307178],[-91.960983203,37.91807556],[-91.9559781949999,37.91561126],[-91.953254675,37.914295193],[-91.949287506,37.912502282],[-91.946328431,37.9125821370001]],[[-91.7500790719999,37.951374947],[-91.7506246629999,37.9513747630001]],[[-91.752082048,37.951653621],[-91.752334573,37.953880304],[-91.7524185999999,37.955959299],[-91.7523805389999,37.958217635],[-91.752448837,37.962806678],[-91.752349843,37.9652175790001],[-91.752433959,37.9693183750001],[-91.7524720339999,37.972484588],[-91.752487392,37.977794655],[-91.751350379,37.981468195],[-91.751197842,37.9838027970001],[-91.7511357129999,37.9838093720001]],[[-92.001205606,37.9301291520001],[-91.996963366,37.9284706380001],[-91.9822234919999,37.9223365720001],[-91.97895808,37.9223289660001],[-91.9739531549999,37.922271709],[-91.968469747,37.9222717420001]]]},"properties":{"id":"uniti-regional-20260919-e72be57cc40b89660e1e","sourceId":"uniti-regional-20260919","source":"Uniti Wholesale regional transport network","sourceUrl":"https://www.unitiwholesale.com/network-map/","name":"Uniti Wholesale regional transport network","carrier":"Uniti Wholesale","category":"unknown","routeStatus":"Publisher network map; current operating status unverified","evidence":"publisher_route","geometryQuality":"publisher_geometry_unverified","dataDate":null,"metadataModified":"2025-06-13T12:55:45+00:00","retrievedAt":"2026-09-19T13:31:26.703698+00:00","networkType":"Carrier-published regional transport geometry; not a surveyed cable alignment","serviceability":"Unconfirmed","routeDiversity":"Unconfirmed","states":["MO"],"publishedLineParts":9,"importBatch":"20260919","sourceRecordIds":["59734","59745","59752","59778","59787","59842","59850","59852","59865"]},"bbox":[-92.001205606,37.8840332230001,-91.7500790719999,37.9838093720001]},{"type":"Feature","geometry":{"type":"MultiLineString","coordinates":[[[-91.7250481089999,37.9438957470001],[-91.7308043419999,37.9440040330001],[-91.733505045,37.9444656140001],[-91.733504087,37.95113687]],[[-91.7511357129999,37.9838093720001],[-91.748526561,37.9840863790001]],[[-91.733504092,37.9511368720001],[-91.736609395,37.9512575370001],[-91.739841201,37.9513125550001],[-91.742806544,37.951329888],[-91.746083123,37.95139068],[-91.7479303,37.951413331],[-91.747975631,37.9514151180001],[-91.748064029,37.9514043940001],[-91.7481184279999,37.9516367430001],[-91.74816152,37.95164011]],[[-91.749775308,37.9513798080001],[-91.7500790719999,37.951374947]],[[-91.74816152,37.95164011],[-91.748370022,37.9516564030001],[-91.7485694699999,37.951383359],[-91.749775305,37.9513798080001]],[[-91.7248665719999,37.99880546],[-91.724502776,37.998905209],[-91.721748259,37.9994125260001],[-91.7150748129999,38.000947636]],[[-91.702499089,37.918106638],[-91.702491643,37.921749112],[-91.7064895459999,37.929023731],[-91.706519965,37.9341163600001],[-91.707290803,37.936309801],[-91.7121125369999,37.936527273],[-91.714912579,37.936592095],[-91.717910697,37.936565398],[-91.7248123269999,37.9367512250001]],[[-91.748526561,37.9840863790001],[-91.74260892,37.990765722]],[[-91.7248123269999,37.9367512250001],[-91.7248537299999,37.936752346],[-91.7250291999999,37.94123843],[-91.7250294259999,37.943895399],[-91.7250481089999,37.9438957470001]],[[-91.74260892,37.990765722],[-91.73786905,37.9952392640001],[-91.7248665719999,37.99880546]],[[-91.724061213,37.9050427650001],[-91.72078703,37.90568926],[-91.715957661,37.9071769780001],[-91.7128980479999,37.9073028700001],[-91.703208774,37.907329573],[-91.702781737,37.910030385],[-91.7025069589999,37.912063065]],[[-91.7025069589999,37.912063065],[-91.702499089,37.918106638]],[[-91.756268225,37.8962212],[-91.7536925219999,37.8992767490001],[-91.727226074,37.905227649],[-91.724090783,37.9050369180001],[-91.724061213,37.9050427650001]]]},"properties":{"id":"uniti-regional-20260919-a83f782100f93eae18ab","sourceId":"uniti-regional-20260919","source":"Uniti Wholesale regional transport network","sourceUrl":"https://www.unitiwholesale.com/network-map/","name":"Uniti Wholesale regional transport network","carrier":"Uniti Wholesale","category":"unknown","routeStatus":"Publisher network map; current operating status unverified","evidence":"publisher_route","geometryQuality":"publisher_geometry_unverified","dataDate":null,"metadataModified":"2025-06-13T12:55:45+00:00","retrievedAt":"2026-09-19T13:31:26.703698+00:00","networkType":"Carrier-published regional transport geometry; not a surveyed cable alignment","serviceability":"Unconfirmed","routeDiversity":"Unconfirmed","states":["MO"],"publishedLineParts":13,"importBatch":"20260919","sourceRecordIds":["59731","59733","59748","59775","59784","59793","59805","59811","59812","59841","59855","59858","59876"]},"bbox":[-91.756268225,37.8962212,-91.702491643,38.000947636]},{"type":"Feature","geometry":{"type":"MultiLineString","coordinates":[[[-91.7150748129999,38.000947636],[-91.713821272,38.001235955],[-91.7005310119999,38.00442888],[-91.6873014239999,38.0060844170001],[-91.68003822,38.006916059],[-91.67214509,38.009338052]],[[-91.5657052889999,38.0298394760001],[-91.548820464,38.0363426210001],[-91.539573586,38.039607984],[-91.5265689729999,38.043889011]],[[-91.6088345919999,38.021117863],[-91.603431695,38.0215072630001],[-91.6032412499999,38.021547813]],[[-91.627241145,38.017421647],[-91.622628525,38.0181782870001]],[[-91.67214509,38.009338052],[-91.65633411,38.011249551],[-91.650787347,38.012943288],[-91.6277827219999,38.0173228680001]],[[-91.6277827219999,38.0173228680001],[-91.627241145,38.017421647]],[[-91.5265689729999,38.043889011],[-91.526084915,38.044048326],[-91.499793938,38.053619371],[-91.4955214249999,38.0548172220001],[-91.483857386,38.059327349]],[[-91.622628525,38.0181782870001],[-91.621612752,38.0183448880001],[-91.6088345919999,38.021117863]],[[-91.6032412499999,38.021547813],[-91.577796865,38.026962284],[-91.5733184919999,38.02750397],[-91.570671176,38.0276565570001],[-91.5657052889999,38.0298394760001]]]},"properties":{"id":"uniti-regional-20260919-2c2e0f0c72f7bd1d23ed","sourceId":"uniti-regional-20260919","source":"Uniti Wholesale regional transport network","sourceUrl":"https://www.unitiwholesale.com/network-map/","name":"Uniti Wholesale regional transport network","carrier":"Uniti Wholesale","category":"unknown","routeStatus":"Publisher network map; current operating status unverified","evidence":"publisher_route","geometryQuality":"publisher_geometry_unverified","dataDate":null,"metadataModified":"2025-06-13T12:55:45+00:00","retrievedAt":"2026-09-19T13:31:26.703698+00:00","networkType":"Carrier-published regional transport geometry; not a surveyed cable alignment","serviceability":"Unconfirmed","routeDiversity":"Unconfirmed","states":["MO"],"publishedLineParts":9,"importBatch":"20260919","sourceRecordIds":["59725","59774","59797","59801","59807","59815","59827","59844","59871"]},"bbox":[-91.7150748129999,38.000947636,-91.483857386,38.059327349]},{"type":"Feature","geometry":{"type":"MultiLineString","coordinates":[[[-91.413531635,38.0823135030001],[-91.404624863,38.084495544],[-91.3977687569999,38.085668809]],[[-91.3201529839999,38.143196537],[-91.304733438,38.1507415460001],[-91.287986562,38.159889235],[-91.285277024,38.1613179820001]],[[-91.274590067,38.1677099870001],[-91.2742475859999,38.1679147840001]],[[-91.356651445,38.1230649140001],[-91.34791584,38.1276741280001],[-91.3204500369999,38.143051159],[-91.3201529839999,38.143196537]],[[-91.3977687559999,38.0856688040001],[-91.397173233,38.0857760210001]],[[-91.453042156,38.0706569870001],[-91.4527188169999,38.0707796720001]],[[-91.4527188169999,38.0707796720001],[-91.452079931,38.0710220610001],[-91.440399298,38.075141913],[-91.43844275,38.075759197]],[[-91.396576076,38.1024041040001],[-91.396575734,38.102420797],[-91.389961106,38.105983746],[-91.384650976,38.108512884],[-91.380233787,38.11172101],[-91.364540165,38.118625652],[-91.359092752,38.12177659],[-91.356651445,38.1230649140001]],[[-91.2742475859999,38.1679147840001],[-91.274170084,38.1679611330001],[-91.251039976,38.1773596360001]],[[-91.483857386,38.059327349],[-91.471138014,38.0637893810001],[-91.453042156,38.0706569870001]],[[-91.285277024,38.1613179820001],[-91.274590067,38.1677099870001]],[[-91.43844275,38.075759197],[-91.432067696,38.077770205],[-91.427055281,38.079006185],[-91.413531635,38.0823135030001]],[[-91.397173233,38.0857760210001],[-91.3969117789999,38.0858154320001],[-91.396576076,38.1024041040001]]]},"properties":{"id":"uniti-regional-20260919-b7fcb30037489d48f550","sourceId":"uniti-regional-20260919","source":"Uniti Wholesale regional transport network","sourceUrl":"https://www.unitiwholesale.com/network-map/","name":"Uniti Wholesale regional transport network","carrier":"Uniti Wholesale","category":"unknown","routeStatus":"Publisher network map; current operating status unverified","evidence":"publisher_route","geometryQuality":"publisher_geometry_unverified","dataDate":null,"metadataModified":"2025-06-13T12:55:45+00:00","retrievedAt":"2026-09-19T13:31:26.703698+00:00","networkType":"Carrier-published regional transport geometry; not a surveyed cable alignment","serviceability":"Unconfirmed","routeDiversity":"Unconfirmed","states":["MO"],"publishedLineParts":13,"importBatch":"20260919","sourceRecordIds":["59754","59762","59780","59783","59818","59836","59845","59848","59857","59867","59872","59874","59878"]},"bbox":[-91.483857386,38.059327349,-91.251039976,38.1773596360001]},{"type":"Feature","geometry":{"type":"MultiLineString","coordinates":[[[-91.40966,39.1261450000001],[-91.406222,39.1261829000001]],[[-91.37901637,39.1256876940001],[-91.3786620869999,39.1261189800001],[-91.377328,39.1261386],[-91.377236,39.1260161000001],[-91.3752419999999,39.1260455],[-91.371979,39.1261001],[-91.371326,39.126111],[-91.371323,39.1261111000001],[-91.371167,39.1261149000001],[-91.370997,39.1260506],[-91.3674139999999,39.1261105],[-91.367217,39.1261138],[-91.3671399999999,39.1261144000001],[-91.366928,39.1264146],[-91.3668479999999,39.1264406000001],[-91.366836,39.1264447],[-91.3668069999999,39.1264570000001],[-91.366749,39.1264841],[-91.3666899999999,39.1265147],[-91.366625,39.1265634000001],[-91.3665789999999,39.1266019],[-91.366529,39.1266526000001],[-91.3664919999999,39.1266995],[-91.36646,39.1267477000001],[-91.3664239999999,39.1268165000001],[-91.366027,39.1276316],[-91.365928,39.1276424000001],[-91.365913,39.1276594],[-91.365892,39.1276795000001],[-91.3658819999999,39.1276875],[-91.365869,39.1276980000001],[-91.365843,39.1277147000001],[-91.3658149999999,39.1277294000001],[-91.365786,39.1277420000001],[-91.365755,39.1277524000001],[-91.3657229999999,39.1277605000001],[-91.365691,39.1277663000001],[-91.3656539999999,39.1277700000001],[-91.363865,39.1278824],[-91.363657549,39.1278954260001]],[[-91.360874,39.1273100000001],[-91.35981,39.1269534],[-91.359762,39.1269391000001],[-91.35971,39.1269279],[-91.359657,39.1269204000001],[-91.359604,39.1269167],[-91.359552,39.1269166000001],[-91.359266,39.1269291],[-91.359042,39.1266679],[-91.358378,39.1266835000001],[-91.3582489999999,39.1269647],[-91.358211,39.126964],[-91.358098,39.1269654000001],[-91.357987,39.1269615],[-91.357876,39.1269524],[-91.357767,39.1269383000001],[-91.357657,39.1269187],[-91.354599,39.1262992],[-91.354567,39.1262934000001],[-91.3545339999999,39.1262888000001],[-91.3545,39.1262858000001],[-91.3544659999999,39.1262841000001],[-91.354434,39.1262838000001],[-91.352588,39.1263087],[-91.3520799999999,39.1263156],[-91.350653,39.1263348000001],[-91.350498,39.1263371000001],[-91.333526495,39.126409407],[-91.332636959,39.122771841],[-91.329377058,39.1231459410001],[-91.3175060139999,39.1214173450001],[-91.317811756,39.1192046740001],[-91.3097109189999,39.1194070490001]],[[-91.3804166899999,39.1240072960001],[-91.3798335979999,39.124714802]],[[-91.278184303,39.1901558960001],[-91.278386691,39.1901553810001],[-91.278415339,39.190104031],[-91.278746037,39.189491105],[-91.280056784,39.1874278860001],[-91.280138579,39.1873710580001],[-91.280207151,39.18725936],[-91.280315859,39.187103187],[-91.2804493309999,39.1869114610001],[-91.280526937,39.1867999830001],[-91.281158395,39.18589289],[-91.281179263,39.185862908],[-91.28195706,39.184745546],[-91.2817096219999,39.1846003690001],[-91.281715796,39.184266612],[-91.281531991,39.184266908],[-91.279492959,39.184270208],[-91.2794446779999,39.1842686160001],[-91.279404146,39.1842644860001],[-91.279364496,39.1842576290001],[-91.2793256349999,39.1842480380001],[-91.279287922,39.184235796],[-91.2792520469999,39.184221124],[-91.2792177699999,39.1842039590001],[-91.279185523,39.1841844670001],[-91.279155761,39.1841629580001],[-91.279123351,39.184134987],[-91.2788685039999,39.183894594],[-91.2788409409999,39.1838661250001],[-91.278820745,39.183840886],[-91.2788033739999,39.183814161],[-91.2787892009999,39.1837865310001],[-91.27877821,39.183757974],[-91.278770504,39.1837287820001],[-91.278766144,39.183699077],[-91.278764972,39.1836632700001],[-91.2788429459999,39.1804524450001],[-91.278849985,39.1801626210001],[-91.278684133,39.180018326],[-91.278692507,39.1796735],[-91.278863196,39.1796067120001],[-91.278974155,39.175048103],[-91.278964517,39.174465637],[-91.278983661,39.174447151],[-91.278982797,39.174407639],[-91.278993,39.1742553],[-91.2791,39.1698809000001],[-91.279188,39.1697162],[-91.27919,39.1696450000001],[-91.279192,39.1695813000001],[-91.2792009999999,39.1691976000001],[-91.27921,39.1688293],[-91.279283,39.1658109],[-91.278947,39.165692],[-91.278957,39.1652956],[-91.278992,39.1638397],[-91.278989,39.1637612000001],[-91.278977,39.1636820000001],[-91.27895,39.1635847000001],[-91.279051,39.1634517],[-91.279063,39.1634344],[-91.279073,39.1634151000001],[-91.279081,39.163395],[-91.2790859999999,39.1633745],[-91.2790879999999,39.1633536000001],[-91.2790879999999,39.1633345000001],[-91.279056,39.1628098],[-91.279056,39.1627935000001],[-91.279058,39.1627787000001],[-91.279061,39.1627642],[-91.2790659999999,39.1627498],[-91.279072,39.1627359],[-91.27908,39.1627223],[-91.2790899999999,39.1627094],[-91.279101,39.1626975],[-91.2791129999999,39.1626861],[-91.279128,39.1626747],[-91.279236,39.1625974],[-91.2798549999999,39.1626042],[-91.280136,39.1621327],[-91.280142,39.1618615],[-91.280205,39.1588477000001],[-91.280342,39.1523565],[-91.280342,39.1523412000001],[-91.28034,39.1523341000001],[-91.280338,39.1523272000001],[-91.280335,39.1523204000001],[-91.280332,39.1523139],[-91.2803269999999,39.1523077000001],[-91.280322,39.1523019],[-91.280309,39.1522904],[-91.279126,39.1513325000001],[-91.279074,39.1512865],[-91.2790209999999,39.1512313000001],[-91.278981,39.1511802],[-91.2796979999999,39.1507997000001],[-91.279704,39.1505753000001],[-91.279775,39.1480285000001],[-91.279778,39.1479211000001],[-91.279531,39.1476577],[-91.279567,39.1463795000001],[-91.279824,39.1462714],[-91.2798779999999,39.1443200000001],[-91.279889,39.1439247000001],[-91.28,39.1399255000001],[-91.279998,39.1398150000001],[-91.279985,39.1396991],[-91.279962,39.1395840000001],[-91.279928,39.1394706],[-91.279886,39.139365],[-91.279872,39.1393351],[-91.279927,39.1392588000001],[-91.279827,39.1390353],[-91.279728,39.1390088],[-91.279655,39.1388523],[-91.279642,39.1388210000001],[-91.279634,39.1387946],[-91.2796289999999,39.1387682000001],[-91.279626,39.1387412],[-91.2796249999999,39.1387085000001],[-91.279674,39.1372152000001],[-91.279774,39.1341368000001],[-91.2797869999999,39.1337415],[-91.279828,39.1324694]],[[-91.2795216549999,39.125066428],[-91.279270434,39.1254249150001],[-91.279268398,39.125508347],[-91.279228844,39.1255912170001],[-91.2793407729999,39.1256220950001],[-91.279714362,39.125633361],[-91.27970924,39.1256895500001],[-91.2796214969999,39.1264009340001],[-91.2796176889999,39.1266704600001],[-91.280012545,39.126802388],[-91.280003208,39.1270896980001],[-91.2798283019999,39.132470991]],[[-91.279522,39.1250664],[-91.279193,39.1247606000001],[-91.2792009999999,39.1245203],[-91.2792609999999,39.1226261],[-91.2796039999999,39.1224872000001],[-91.279615,39.1221394],[-91.279637,39.121469],[-91.279655,39.1209443000001],[-91.279667,39.1205580000001],[-91.279674,39.1204741],[-91.279713,39.1202822000001],[-91.279777,39.1200940000001],[-91.279865,39.1199121000001],[-91.279975,39.1197376000001],[-91.280107,39.1195725000001],[-91.280109,39.1195705000001],[-91.280583,39.1189599],[-91.2807559999999,39.118909],[-91.2809359999999,39.1188666],[-91.2811549999999,39.1188314],[-91.281378,39.1188116000001],[-91.281601,39.1188071],[-91.281798,39.1188168],[-91.282749,39.1188353000001],[-91.2882099999999,39.1189112000001],[-91.295017746,39.11924499],[-91.2984429479999,39.1195086640001],[-91.3097109189999,39.1194070490001]],[[-91.406222,39.1261829000001],[-91.404771,39.1261989000001],[-91.404655,39.1260684000001],[-91.404454,39.1260706],[-91.402561,39.1260914000001],[-91.4001929999999,39.1261174000001],[-91.400167,39.1261171],[-91.400145,39.126116],[-91.4001239999999,39.126114],[-91.4001029999999,39.1261111000001],[-91.400077,39.1261066000001],[-91.398646,39.1258194000001],[-91.3984829999999,39.1257847],[-91.3983229999999,39.1257468000001],[-91.3981649999999,39.1257053],[-91.3980089999999,39.1256601000001],[-91.3978519999999,39.1256106000001],[-91.39529,39.1247693],[-91.394874,39.1246138000001],[-91.3944299999999,39.1244713],[-91.3939769999999,39.1243485000001],[-91.393516,39.1242457000001],[-91.393047,39.1241632000001],[-91.392208,39.1240539],[-91.392196,39.1240523000001],[-91.383655,39.1229364000001],[-91.383388038,39.123145164],[-91.382680755,39.12306433],[-91.382189393,39.123053879],[-91.3817102799999,39.1231284090001],[-91.381284332,39.123288137],[-91.3808700719999,39.123538421]],[[-91.413226438,39.124611203],[-91.4130828249999,39.124464204],[-91.413085451,39.1243742730001],[-91.4130320739999,39.124373744],[-91.4130106419999,39.124373682],[-91.4129178919999,39.1243734],[-91.41278254,39.1243720840001],[-91.4128935109999,39.124859601],[-91.4123006149999,39.1249495210001],[-91.4116952109999,39.125042513],[-91.411360867,39.125080784]],[[-91.363657549,39.1278954260001],[-91.363263,39.1279202000001],[-91.363143,39.1279232000001],[-91.363026,39.1279172000001],[-91.3629119999999,39.1279025000001],[-91.3627989999999,39.1278792000001],[-91.3626859999999,39.1278463],[-91.362338,39.1277295],[-91.3621809999999,39.1276769],[-91.361911,39.1275861],[-91.361747,39.127531],[-91.361599419,39.1275122500001]],[[-91.3798335979999,39.124714802],[-91.37901637,39.1256876940001]],[[-91.361599419,39.1275122500001],[-91.36161,39.1272706],[-91.361212,39.1271403000001],[-91.360874,39.1273100000001]],[[-91.4113609999999,39.1250808],[-91.411372,39.1251461],[-91.411379,39.1251927000001],[-91.41139,39.1252644],[-91.411393,39.1252769000001],[-91.411245,39.1252942],[-91.4096519999999,39.1254801000001],[-91.40966,39.1261450000001]],[[-91.3808700719999,39.123538421],[-91.380778605,39.123593683],[-91.3804166899999,39.1240072960001]]]},"properties":{"id":"uniti-regional-20260919-c9c4511b089f1c99691b","sourceId":"uniti-regional-20260919","source":"Uniti Wholesale regional transport network","sourceUrl":"https://www.unitiwholesale.com/network-map/","name":"Uniti Wholesale regional transport network","carrier":"Uniti Wholesale","category":"unknown","routeStatus":"Publisher network map; current operating status unverified","evidence":"publisher_route","geometryQuality":"publisher_geometry_unverified","dataDate":null,"metadataModified":"2025-06-13T12:55:45+00:00","retrievedAt":"2026-09-19T13:31:26.703698+00:00","networkType":"Carrier-published regional transport geometry; not a surveyed cable alignment","serviceability":"Unconfirmed","routeDiversity":"Unconfirmed","states":["MO"],"publishedLineParts":14,"importBatch":"20260919","sourceRecordIds":["35822","35823","35824","35825","35826","35827","35828","35829","35830","35831","35832","35833","35834","35835"]},"bbox":[-91.413226438,39.1188071,-91.278184303,39.1901558960001]},{"type":"Feature","geometry":{"type":"MultiLineString","coordinates":[[[-91.2175307479999,38.196616705],[-91.1971588279999,38.2070998940001],[-91.193768769,38.212717771]],[[-91.251039976,38.1773596360001],[-91.250305213,38.1776580700001],[-91.246970915,38.1792373700001],[-91.237274153,38.1817474690001],[-91.237266351,38.1817584500001]],[[-91.237266351,38.1817584500001],[-91.23249034,38.1884765820001],[-91.225097649,38.1933021200001],[-91.218208141,38.1963179840001]],[[-91.193768769,38.212717771],[-91.1864854309999,38.2202759030001],[-91.186904807,38.2279014490001],[-91.186904972,38.2363052480001],[-91.17948907,38.2393646400001],[-91.172371086,38.2441482450001],[-91.167968827,38.244201656],[-91.16796908,38.244225627]],[[-91.218208141,38.1963179840001],[-91.2175307479999,38.196616705]]]},"properties":{"id":"uniti-regional-20260919-7bce383eab7ca84e7d09","sourceId":"uniti-regional-20260919","source":"Uniti Wholesale regional transport network","sourceUrl":"https://www.unitiwholesale.com/network-map/","name":"Uniti Wholesale regional transport network","carrier":"Uniti Wholesale","category":"unknown","routeStatus":"Publisher network map; current operating status unverified","evidence":"publisher_route","geometryQuality":"publisher_geometry_unverified","dataDate":null,"metadataModified":"2025-06-13T12:55:45+00:00","retrievedAt":"2026-09-19T13:31:26.703698+00:00","networkType":"Carrier-published regional transport geometry; not a surveyed cable alignment","serviceability":"Unconfirmed","routeDiversity":"Unconfirmed","states":["MO"],"publishedLineParts":5,"importBatch":"20260919","sourceRecordIds":["59753","59779","59819","59825","59833"]},"bbox":[-91.251039976,38.1773596360001,-91.167968827,38.244225627]},{"type":"Feature","geometry":{"type":"MultiLineString","coordinates":[[[-90.9980934589999,38.4460693470001],[-90.999792886,38.4499643840001],[-91.000454041,38.449823735],[-91.003167085,38.4556851460001],[-91.0052268799999,38.460514899],[-91.0055082229999,38.4638207020001],[-91.006397839,38.4698872220001]],[[-91.019558047,38.334165059],[-91.018985433,38.335492392],[-91.018311291,38.33633079]],[[-91.04559038,38.3174565400001],[-91.039238434,38.318835189],[-91.038832796,38.3191776670001],[-91.038073348,38.320307981],[-91.03730783,38.3207203590001],[-91.036747242,38.320929919],[-91.035406483,38.320960196],[-91.033979539,38.320649229],[-91.0334331939999,38.3206482580001],[-91.0329557869999,38.320840053]],[[-91.1431254459999,38.2709872610001],[-91.138084275,38.274593366],[-91.1262743139999,38.283142066],[-91.1050644379999,38.2985840040001],[-91.10316469,38.299674069]],[[-91.026986021,38.32481398],[-91.0248725819999,38.326862954],[-91.021347151,38.3303356850001],[-91.020522998,38.331555172],[-91.019679546,38.333740412],[-91.019558047,38.334165059]],[[-91.018311291,38.33633079],[-91.017156055,38.3375539190001],[-91.01852738,38.3385880910001],[-91.0190388679999,38.3394186840001],[-90.999842668,38.344814566],[-90.9952864369999,38.34435919],[-90.993763718,38.3455457420001],[-90.992355663,38.3463320110001],[-90.991270743,38.3481437990001]],[[-91.1028513109999,38.299754072],[-91.101339818,38.29917464]],[[-91.10316469,38.2996740680001],[-91.10301342,38.299760242],[-91.1028513109999,38.299754072]],[[-91.101339818,38.29917464],[-91.101574463,38.298260434],[-91.0988899919999,38.2984325460001],[-91.0876439199999,38.302394333],[-91.082181326,38.304130026],[-91.080542732,38.3037852420001],[-91.073655393,38.303062588],[-91.070864994,38.303732364],[-91.068162477,38.305243139],[-91.064042966,38.308483693],[-91.061710504,38.3130801990001],[-91.061100266,38.313558189],[-91.059109544,38.314148193],[-91.058741743,38.314245069],[-91.057972322,38.314939995],[-91.0573883049999,38.3150281710001]],[[-91.005701081,38.4884325680001],[-91.005950266,38.489013344],[-91.005580944,38.491693134],[-91.00513205,38.4924654110001],[-91.004993901,38.494831204],[-91.004524166,38.495908012],[-91.0037290499999,38.496971644]],[[-91.006397839,38.4698872220001],[-91.006294864,38.474495473],[-91.00590139,38.476524532],[-91.00560445,38.482372266],[-91.005701081,38.4884325680001]],[[-91.16796908,38.244225627],[-91.168075742,38.254589104],[-91.1431254459999,38.2709872610001]],[[-91.0329557869999,38.320840053],[-91.0321688669999,38.321183655],[-91.0294791539999,38.3227388770001],[-91.0280413569999,38.3239094910001],[-91.026986021,38.32481398]],[[-91.0573883049999,38.3150281710001],[-91.056155681,38.315090249],[-91.0548472669999,38.31520512],[-91.053080146,38.315692341],[-91.0508768719999,38.3162178260001],[-91.04559038,38.3174565400001]]]},"properties":{"id":"uniti-regional-20260919-dd7f2c3921940bcb3d92","sourceId":"uniti-regional-20260919","source":"Uniti Wholesale regional transport network","sourceUrl":"https://www.unitiwholesale.com/network-map/","name":"Uniti Wholesale regional transport network","carrier":"Uniti Wholesale","category":"unknown","routeStatus":"Publisher network map; current operating status unverified","evidence":"publisher_route","geometryQuality":"publisher_geometry_unverified","dataDate":null,"metadataModified":"2025-06-13T12:55:45+00:00","retrievedAt":"2026-09-19T13:31:26.703698+00:00","networkType":"Carrier-published regional transport geometry; not a surveyed cable alignment","serviceability":"Unconfirmed","routeDiversity":"Unconfirmed","states":["MO"],"publishedLineParts":14,"importBatch":"20260919","sourceRecordIds":["59735","59736","59737","59742","59768","59798","59803","59809","59826","59830","59837","59851","59861","59873"]},"bbox":[-91.168075742,38.244225627,-90.991270743,38.496971644]},{"type":"Feature","geometry":{"type":"MultiLineString","coordinates":[[[-91.0037290499999,38.496971644],[-91.0037970129999,38.4986509080001],[-91.004444453,38.500655588],[-91.0051855299999,38.5033785100001],[-91.0059191829999,38.5062110060001],[-91.006364719,38.5090867810001],[-91.006540904,38.514864335],[-91.006956225,38.52419272]],[[-91.006956225,38.52419272],[-91.006814607,38.5248408940001],[-91.0068942179999,38.530880262],[-91.006759656,38.531822182],[-91.006280297,38.533697504],[-91.0057935419999,38.5356807950001],[-91.005625751,38.5371086050001],[-91.005638719,38.537948234],[-91.005961359,38.5382570780001]]]},"properties":{"id":"uniti-regional-20260919-22d6517c5d5020599365","sourceId":"uniti-regional-20260919","source":"Uniti Wholesale regional transport network","sourceUrl":"https://www.unitiwholesale.com/network-map/","name":"Uniti Wholesale regional transport network","carrier":"Uniti Wholesale","category":"unknown","routeStatus":"Publisher network map; current operating status unverified","evidence":"publisher_route","geometryQuality":"publisher_geometry_unverified","dataDate":null,"metadataModified":"2025-06-13T12:55:45+00:00","retrievedAt":"2026-09-19T13:31:26.703698+00:00","networkType":"Carrier-published regional transport geometry; not a surveyed cable alignment","serviceability":"Unconfirmed","routeDiversity":"Unconfirmed","states":["MO"],"publishedLineParts":2,"importBatch":"20260919","sourceRecordIds":["59730","59822"]},"bbox":[-91.006956225,38.496971644,-91.0037290499999,38.5382570780001]},{"type":"Feature","geometry":{"type":"MultiLineString","coordinates":[[[-91.215495393,39.1010106040001],[-91.215560311,39.101158335],[-91.215554287,39.1013968770001],[-91.215553625,39.101418704],[-91.215510963,39.1014179050001],[-91.215242559,39.1014137920001],[-91.214695583,39.1014054250001],[-91.214492021,39.1028963900001],[-91.214489187,39.102926736],[-91.214488966,39.1029522760001],[-91.214490929,39.102978044],[-91.214495026,39.1030033260001],[-91.214502411,39.1030329110001],[-91.2146873889999,39.1036629880001],[-91.214784748,39.1036990640001],[-91.214814899,39.103801763],[-91.214829792,39.10385248],[-91.216124067,39.1082605820001],[-91.21613826,39.1083165490001],[-91.216149054,39.1083781510001],[-91.21615515,39.1084400680001],[-91.2161565,39.1085023260001],[-91.2161533839999,39.108559617],[-91.216129145,39.108820377],[-91.2161174299999,39.1089045370001],[-91.216096541,39.1089936560001],[-91.216067457,39.1090814230001],[-91.216030363,39.109167257],[-91.215988314,39.109245372],[-91.214342946,39.1120168540001],[-91.214249684,39.1146057020001],[-91.214249647,39.114606806],[-91.2142140129999,39.1155956960001],[-91.214210603,39.115631614],[-91.214201354,39.1156745370001],[-91.214187076,39.115716718],[-91.2141679269999,39.115757527],[-91.2141440199999,39.115796872],[-91.214115573,39.1158343030001],[-91.214082847,39.1158695460001],[-91.2140460109999,39.115902409],[-91.214005507,39.115932398],[-91.213961764,39.115959312],[-91.213914869,39.1159830570001],[-91.213865325,39.116003348],[-91.2138138669999,39.116019936],[-91.213760446,39.116032832],[-91.213705701,39.1160418360001],[-91.2136598979999,39.116046004],[-91.213182756,39.1160721],[-91.2130800849999,39.117433143],[-91.213064163,39.1175807230001],[-91.2130377409999,39.1177334710001],[-91.213001493,39.117885152],[-91.212955641,39.1180350060001],[-91.2129023429999,39.118177151],[-91.2107488,39.1234282510001],[-91.210154797,39.123388017],[-91.209931044,39.1238517940001],[-91.2097670969999,39.124191608],[-91.2097018599999,39.1243259720001],[-91.210113733,39.1243582770001]],[[-91.210113707,39.1243582770001],[-91.2101781009999,39.1243633220001],[-91.210194374,39.124390217],[-91.210449435,39.124478937],[-91.210719915,39.124597948],[-91.21102861,39.1248340070001],[-91.2112385739999,39.1249935810001],[-91.211473306,39.125119978],[-91.2119421949999,39.125270377],[-91.212785815,39.1255409720001],[-91.213059516,39.1256287620001],[-91.213234019,39.1257214830001],[-91.213361235,39.125810537],[-91.2134399719999,39.125968002],[-91.2134799849999,39.126488227],[-91.2138801299999,39.126490587],[-91.217610902,39.1264527330001],[-91.2177065069999,39.1267812940001],[-91.217798739,39.126780352],[-91.225553378,39.126701267],[-91.225558911,39.126701209],[-91.2357364919999,39.1265926340001],[-91.2375466349999,39.1265486530001],[-91.238666236,39.126521428],[-91.239442399,39.126509238],[-91.2407217959999,39.1264891220001],[-91.24181035,39.1264719930001],[-91.241944006,39.126532419],[-91.24638199,39.126466275],[-91.246388503,39.126466169],[-91.250021511,39.126411901],[-91.260243141,39.1264524010001],[-91.26075079,39.1264543890001],[-91.2658439779999,39.12647422],[-91.267204248,39.1264794730001],[-91.2672066389999,39.126479482],[-91.2675590439999,39.126480843],[-91.2676024669999,39.126222974],[-91.267603412,39.1262173970001],[-91.2684130749999,39.126220528],[-91.278429988,39.1262586390001],[-91.278457024,39.126257821],[-91.278474811,39.126256051],[-91.278492216,39.1262530910001],[-91.278509451,39.1262489040001],[-91.2785259619999,39.1262436230001],[-91.278541811,39.126237228],[-91.27855691,39.126229768],[-91.278571176,39.1262212610001],[-91.2785844479999,39.1262118020001],[-91.278602787,39.1261962250001],[-91.278776664,39.126034846],[-91.279045902,39.125727806],[-91.279092699,39.12566816],[-91.279126726,39.125612844],[-91.279153406,39.1255550440001],[-91.279172443,39.1254953990001],[-91.279183581,39.125434668],[-91.279187225,39.125365049],[-91.27952167,39.1250664190001]]]},"properties":{"id":"uniti-regional-20260919-16d5893e1c3732e47420","sourceId":"uniti-regional-20260919","source":"Uniti Wholesale regional transport network","sourceUrl":"https://www.unitiwholesale.com/network-map/","name":"Uniti Wholesale regional transport network","carrier":"Uniti Wholesale","category":"unknown","routeStatus":"Publisher network map; current operating status unverified","evidence":"publisher_route","geometryQuality":"publisher_geometry_unverified","dataDate":null,"metadataModified":"2025-06-13T12:55:45+00:00","retrievedAt":"2026-09-19T13:31:26.703698+00:00","networkType":"Carrier-published regional transport geometry; not a surveyed cable alignment","serviceability":"Unconfirmed","routeDiversity":"Unconfirmed","states":["MO"],"publishedLineParts":2,"importBatch":"20260919","sourceRecordIds":["66159","66165"]},"bbox":[-91.27952167,39.1010106040001,-91.2097018599999,39.1267812940001]},{"type":"Feature","geometry":{"type":"MultiLineString","coordinates":[[[-90.792485998,36.6711242000001],[-90.792439999,36.673208397],[-90.792428002,36.673870303],[-90.7924189979999,36.674259201],[-90.792325994,36.678486396],[-90.7922889989999,36.680263101],[-90.792252996,36.6819904000001],[-90.792181004,36.685070502],[-90.792175006,36.6853460030001],[-90.792110006,36.688314504],[-90.792074003,36.690170901],[-90.792091998,36.690605297],[-90.792097003,36.690792204],[-90.7921289939999,36.6911168950001],[-90.792160998,36.6914197],[-90.792210002,36.691736598],[-90.792269004,36.6920508000001],[-90.792415,36.6926909040001],[-90.792803002,36.6941567970001],[-90.793174995,36.6955730020001],[-90.7932620019999,36.695906101],[-90.793497997,36.6968124970001],[-90.793847998,36.698148604],[-90.7948179959999,36.7018368020001],[-90.7947569299999,36.7019173470001],[-90.794882407,36.702391381],[-90.794955052,36.702675523],[-90.794990936,36.7028220450001],[-90.795034302,36.7029991200001],[-90.7950493769999,36.703052637],[-90.795137564,36.7033657000001],[-90.795224005,36.703391002],[-90.7955749989999,36.7047188020001],[-90.7956819989999,36.7051493990001],[-90.796104998,36.7067066000001],[-90.796122,36.706774701],[-90.796368998,36.707719695],[-90.796707001,36.7090143990001],[-90.797147001,36.7107065960001]],[[-90.8252214789999,36.6184579100001],[-90.825180782,36.6184498160001],[-90.825148133,36.6184500630001],[-90.825147542,36.618426608],[-90.825147789,36.618350005],[-90.8251480809999,36.6183088780001],[-90.825111775,36.61825952],[-90.8251426209999,36.6182529810001],[-90.825278268,36.6182554160001],[-90.825444389,36.6182583990001],[-90.825735407,36.6182636240001],[-90.825821413,36.6182651680001],[-90.825829966,36.618265126],[-90.82602702,36.618264164],[-90.826323772,36.6181753330001],[-90.826437179,36.618175802],[-90.826573125,36.618177887],[-90.826673106,36.6181786880001],[-90.826715613,36.6181788260001]],[[-90.796567083,36.644803986],[-90.79633138,36.645244464],[-90.793594523,36.648943236],[-90.793323678,36.6492766270001],[-90.793125133,36.649562491],[-90.792995954,36.6497881060001],[-90.792861476,36.650079568],[-90.792714291,36.650458696],[-90.792640765,36.650765006],[-90.792297192,36.6521706930001],[-90.792192829,36.652623766],[-90.792055886,36.6532183790001],[-90.7918891959999,36.653921316],[-90.791874648,36.654311142],[-90.791911534,36.65492994],[-90.7919828879999,36.65637079],[-90.792014866,36.6570416970001],[-90.79204005,36.657234461],[-90.792098757,36.6574470840001],[-90.7922973399999,36.658134808],[-90.792579543,36.6591180400001],[-90.792705348,36.6597275],[-90.792729391,36.6600795800001],[-90.79271077,36.661090199],[-90.792684446,36.662369895],[-90.792657582,36.663429802],[-90.792657154,36.663448035],[-90.79258678,36.6665053240001],[-90.7925588369999,36.667960813],[-90.7925295329999,36.6693448340001],[-90.7924855209999,36.67112419]],[[-90.819060628,36.632454894],[-90.819381757,36.6326168140001],[-90.8193353029999,36.632776268],[-90.819279035,36.6329633170001],[-90.819182833,36.6331905270001],[-90.819083798,36.633374471],[-90.81901658,36.633488175],[-90.818943288,36.633599416],[-90.818864048,36.6337079700001],[-90.818779018,36.6338136370001],[-90.818688346,36.63391622],[-90.818592206,36.63401552],[-90.818490793,36.6341113410001],[-90.818384293,36.6342035050001],[-90.818347401,36.634233623],[-90.818211042,36.6343432730001],[-90.818122502,36.634428389],[-90.818039308,36.6345169350001],[-90.8179616309999,36.6346086930001],[-90.817889683,36.634703416],[-90.8178236219999,36.634800897],[-90.8177636349999,36.6349008890001],[-90.817709843,36.6350031540001],[-90.817699729,36.6350240990001],[-90.817661815,36.6351355560001],[-90.81761736,36.635221363],[-90.8175667099999,36.6353048870001],[-90.8175100229999,36.63538587],[-90.817741697,36.635486533],[-90.817687338,36.6355930570001],[-90.8176560379999,36.635632891],[-90.817386536,36.635837715],[-90.816810518,36.636136015],[-90.816577034,36.6362263880001]],[[-90.8252209949999,36.6184579000001],[-90.825378816,36.6184593670001],[-90.8253764729999,36.6185671150001],[-90.825371603,36.618791136],[-90.8253497319999,36.6190965100001],[-90.8253260449999,36.6195470010001],[-90.82530285,36.620036929],[-90.825272331,36.6207748040001],[-90.8252713369999,36.6208152080001],[-90.8252426079999,36.6212303240001],[-90.825228,36.6214888970001],[-90.825214997,36.6218818990001],[-90.825206005,36.622300201],[-90.825189004,36.623498102],[-90.8253069959999,36.6236397970001],[-90.8253069959999,36.624024095],[-90.8253109939999,36.624355103],[-90.8253040019999,36.624891399],[-90.8252909999999,36.625350401],[-90.824694995,36.625347703],[-90.824095004,36.6253435],[-90.824074997,36.6259418980001],[-90.824068005,36.6261714010001],[-90.8240660049999,36.6262366990001],[-90.824057002,36.626683004],[-90.824043999,36.627327305],[-90.824036002,36.6276674040001],[-90.8241240019999,36.6280550000001],[-90.823726003,36.6282968020001],[-90.82356,36.628384001]],[[-90.8015738299999,36.7244280670001],[-90.80197393,36.7247746830001],[-90.80256299,36.725252636],[-90.803865388,36.7263354660001],[-90.805265981,36.7275001240001],[-90.80658155,36.7285991750001],[-90.806821,36.728799204],[-90.8072322639999,36.729141219],[-90.807391592,36.729286798],[-90.8075589749999,36.729469108],[-90.807752428,36.729692121],[-90.807931653,36.729936819],[-90.808018454,36.7300762990001],[-90.8081608519999,36.730338603],[-90.808229523,36.7304788540001],[-90.808322829,36.730711],[-90.8083728299999,36.7308562370001],[-90.808437963,36.731120785],[-90.808481342,36.731352002],[-90.8085038089999,36.7315199270001],[-90.808517191,36.7316884210001],[-90.808516261,36.7322004430001],[-90.8084904259999,36.734062571],[-90.808418869,36.7357102440001],[-90.8084127989999,36.737682738],[-90.808446196,36.7377857500001],[-90.808431788,36.7384954390001],[-90.808461001,36.7389056170001],[-90.808502619,36.7391989830001],[-90.8085438959999,36.739450908],[-90.808564538,36.739576846],[-90.808669701,36.7400306490001],[-90.8087691009999,36.7403594830001],[-90.808911993,36.740764444],[-90.808993013,36.7411097410001],[-90.809033791,36.7414323560001],[-90.8090323609999,36.74163958],[-90.809000894,36.7421071630001],[-90.808947788,36.7426311990001],[-90.80915278,36.743091061],[-90.8091525469999,36.743468809],[-90.809177544,36.7436910590001],[-90.809226885,36.744032121],[-90.809299664,36.7443480060001],[-90.809404709,36.744645178],[-90.809511127,36.744895848],[-90.809558571,36.7449844930001],[-90.809726879,36.7450737930001],[-90.812025222,36.745708618],[-90.8138838519999,36.7462194250001],[-90.8141827589999,36.746302347],[-90.814649998,36.7463114620001],[-90.814851262,36.74646146],[-90.814897059,36.7466240090001],[-90.81508675,36.7466809700001],[-90.815302367,36.746765392],[-90.8155174779999,36.746868098],[-90.815677902,36.746977115],[-90.8158586339999,36.747128763],[-90.8160612459999,36.7473519420001],[-90.816161399,36.7475037350001],[-90.816251252,36.7476992370001],[-90.816292597,36.747842631],[-90.816450633,36.748509905],[-90.81680012,36.7499473350001],[-90.816812813,36.7499804820001],[-90.817115171,36.750370068],[-90.817162157,36.750424954],[-90.817285139,36.7505686040001],[-90.8174643419999,36.750656016],[-90.818074823,36.750858561],[-90.818152842,36.750884442],[-90.818920916,36.751143482],[-90.8191070509999,36.751146901],[-90.819210442,36.7511853670001]],[[-90.816577031,36.6362263930001],[-90.816478365,36.6362645840001],[-90.81623517,36.6362993280001],[-90.815974588,36.636279786]],[[-90.7971469999999,36.7107066],[-90.797359,36.7115209],[-90.7986089999999,36.7162582],[-90.798874,36.7172658000001],[-90.798973,36.7176431],[-90.799367,36.7191429000001],[-90.800327,36.7227952000001],[-90.8004129999999,36.7231209],[-90.800477,36.7232760000001],[-90.800551,36.7234202000001],[-90.800623,36.7235396],[-90.800729,36.7236735000001],[-90.800891,36.7238495],[-90.801574,36.7244281000001]],[[-90.82356,36.628384],[-90.823479,36.6284209],[-90.823371,36.6284656],[-90.823298,36.6284935],[-90.823211,36.6285221000001],[-90.8231249999999,36.6285479000001],[-90.823029,36.6285733],[-90.822951,36.6285929000001],[-90.82286,36.6286114000001],[-90.822761,36.6286288000001],[-90.822645,36.6286440000001],[-90.82253,36.6286556000001],[-90.822437,36.6286603],[-90.82233,36.6286656]],[[-90.819511403,36.629961666],[-90.819438,36.6299601010001],[-90.819275003,36.630202399],[-90.819279995,36.630232601],[-90.819206997,36.6304016],[-90.819124002,36.6306425980001],[-90.819082996,36.6308946990001],[-90.819082002,36.6310848030001],[-90.819095998,36.631316101],[-90.819112006,36.6314153960001],[-90.818996995,36.631477599],[-90.818998994,36.631486497],[-90.819063001,36.631812896],[-90.819061001,36.632454899]],[[-90.811626318,36.638809387],[-90.811569976,36.638836121],[-90.811207702,36.639013859],[-90.810461871,36.6393723840001],[-90.810141487,36.639558864],[-90.8082475259999,36.640914799],[-90.806302143,36.641923988],[-90.806029312,36.642063917],[-90.804072019,36.643067667],[-90.802973848,36.6436298360001],[-90.8027438139999,36.6437416040001],[-90.802510334,36.643848618],[-90.802273553,36.6439508390001],[-90.802033633,36.6440481670001],[-90.8017907189999,36.644140575],[-90.801544984,36.6442279830001],[-90.8012965629999,36.644310332],[-90.801274827,36.644317261],[-90.800949286,36.644407887],[-90.8006813119999,36.64448249],[-90.800403316,36.644426734],[-90.800238614,36.6444751770001],[-90.7999482289999,36.64454293],[-90.799661046,36.6445967660001],[-90.7991630499999,36.6446754930001],[-90.799023384,36.6446987300001],[-90.798708711,36.6447384620001],[-90.7983392679999,36.6447620530001],[-90.798037046,36.644779897],[-90.797618268,36.644792978],[-90.7974065229999,36.6447986470001],[-90.796957778,36.644798656],[-90.7965670949999,36.644803986]],[[-90.797147087,36.710706556],[-90.79711585,36.710679014],[-90.7970113819999,36.710280062],[-90.7965976579999,36.710363461],[-90.796532117,36.710137493],[-90.7963425879999,36.710202661],[-90.796077582,36.7103269680001],[-90.796025658,36.7099577230001]],[[-90.8159745899999,36.636279788],[-90.8158184979999,36.636268085],[-90.815669019,36.6362518240001],[-90.815677298,36.6362979790001],[-90.81590427,36.6366621020001],[-90.81571736,36.6367479400001],[-90.8147423349999,36.637195713],[-90.8134788679999,36.6378736930001],[-90.8123978679999,36.6384432880001],[-90.811626318,36.638809387]],[[-90.82233,36.6286656020001],[-90.822289999,36.628667502],[-90.821647995,36.628693501],[-90.821620997,36.6286941990001],[-90.8215240059999,36.6286958040001],[-90.821417998,36.6286974980001],[-90.821215,36.628701897],[-90.821029003,36.628742899],[-90.820899996,36.628785898],[-90.820849005,36.6288071020001],[-90.820830003,36.6288160990001],[-90.820696004,36.628880302],[-90.8205749949999,36.628941099],[-90.8203540009999,36.6291176030001],[-90.820130996,36.6293178990001],[-90.819866003,36.6295600030001],[-90.8196900039999,36.6297225960001],[-90.819485005,36.6299286990001],[-90.8195116919999,36.629961703]],[[-90.758667465,36.5936632460001],[-90.757802812,36.5936574740001],[-90.7576912599999,36.593757231],[-90.757270421,36.5937499620001],[-90.756513602,36.593792222],[-90.756094075,36.5937843240001],[-90.7522205939999,36.593732629],[-90.7507509449999,36.5937084110001],[-90.7503445309999,36.593700729],[-90.7481350629999,36.59366944],[-90.747588701,36.593662635],[-90.747105621,36.5936569130001],[-90.745872684,36.593626252],[-90.745535006,36.593495702]],[[-90.821728,36.615416],[-90.821715,36.6153722],[-90.8217,36.6153123],[-90.821586,36.6148668000001],[-90.8214819999999,36.6144822000001]],[[-90.826715613,36.6181788260001],[-90.82672077,36.618169929],[-90.826692013,36.618169483],[-90.826574298,36.6181687380001],[-90.826418163,36.6181702550001],[-90.8264085439999,36.6181771540001],[-90.8264023679999,36.6181703230001],[-90.826323604,36.618168875],[-90.826025343,36.6182579750001],[-90.825965748,36.618257493],[-90.825951081,36.6182634690001],[-90.825940746,36.6182571150001],[-90.8251295759999,36.6182493640001],[-90.825111668,36.6182591040001],[-90.825096405,36.6182491100001],[-90.8241915739999,36.618243576],[-90.824166281,36.618253831],[-90.824146017,36.618245518],[-90.822481223,36.618240703],[-90.8224566,36.618251227],[-90.8224592239999,36.6180288790001],[-90.8225581189999,36.6180122960001],[-90.822556777,36.617915419],[-90.8221941349999,36.6174861480001],[-90.821877225,36.61615813],[-90.8217281249999,36.6154159720001]],[[-90.8214816829999,36.6144822110001],[-90.82042676,36.6098811370001],[-90.8204262249999,36.609878758],[-90.819943866,36.6077401150001],[-90.819830292,36.607678848],[-90.819051186,36.604448065],[-90.8185123119999,36.601993833],[-90.817971798,36.5995995100001],[-90.8179355949999,36.5993959190001],[-90.817663329,36.59901474],[-90.817716546,36.5986140140001],[-90.81771107,36.598436344],[-90.817654638,36.598207014],[-90.817533446,36.5980441450001],[-90.8173584479999,36.597931015],[-90.817265108,36.597895486],[-90.8173015359999,36.5977185890001],[-90.8174049789999,36.5972050780001],[-90.8172925659999,36.596977705],[-90.817210947,36.596835076],[-90.8171367049999,36.5967183020001],[-90.8170170109999,36.596549935],[-90.816900177,36.596404028],[-90.816784064,36.5962732720001],[-90.816694984,36.5961809720001],[-90.81657617,36.5960671010001],[-90.816482438,36.595983835],[-90.816362337,36.59588459],[-90.816247649,36.595796783],[-90.816092828,36.5956878860001],[-90.8159418829999,36.5955912170001],[-90.8157492299999,36.595479981],[-90.815536685,36.5953713860001],[-90.815337943,36.5952818870001],[-90.815243955,36.5952433250001],[-90.815083402,36.5951827060001],[-90.814904365,36.5951225220001],[-90.814730934,36.595071315],[-90.814581656,36.5950325580001],[-90.814428419,36.5949977080001],[-90.814274589,36.594967448],[-90.8141581289999,36.594946425],[-90.814043048,36.5949312390001],[-90.8139551849999,36.59492018],[-90.813679388,36.5948950910001],[-90.813514836,36.5948869370001],[-90.812542287,36.5948745170001],[-90.812415916,36.59487291],[-90.81204726,36.5948682010001],[-90.811699759,36.594862381],[-90.8104997929999,36.594855846],[-90.809447749,36.5948349700001],[-90.8091853829999,36.5948316130001],[-90.807830666,36.594814257],[-90.8023614789999,36.5947438110001],[-90.802359719,36.594744823],[-90.802144445,36.5948669520001],[-90.799064727,36.5948450710001],[-90.796679309,36.594818462],[-90.787340704,36.594688236],[-90.7822432149999,36.594638006],[-90.7795028579999,36.5945544200001],[-90.779363824,36.594643584],[-90.774859767,36.59465126],[-90.772670552,36.594618223]],[[-90.772670552,36.594618223],[-90.772693397,36.593918898],[-90.7658319179999,36.5938681320001],[-90.762147403,36.59381986],[-90.7592323269999,36.593781574],[-90.759111119,36.593666176],[-90.7586674679999,36.593663243]]]},"properties":{"id":"uniti-regional-20260919-8a7336d8be6f4ee10e91","sourceId":"uniti-regional-20260919","source":"Uniti Wholesale regional transport network","sourceUrl":"https://www.unitiwholesale.com/network-map/","name":"Uniti Wholesale regional transport network","carrier":"Uniti Wholesale","category":"unknown","routeStatus":"Publisher network map; current operating status unverified","evidence":"publisher_route","geometryQuality":"publisher_geometry_unverified","dataDate":null,"metadataModified":"2025-06-13T12:55:45+00:00","retrievedAt":"2026-09-19T13:31:26.703698+00:00","networkType":"Carrier-published regional transport geometry; not a surveyed cable alignment","serviceability":"Unconfirmed","routeDiversity":"Unconfirmed","states":["MO"],"publishedLineParts":19,"importBatch":"20260919","sourceRecordIds":["37681","37683","37684","37685","37686","7995","7996","7998","8000","8002","8003","8005","8006","8008","8009","8011","8012","8015","8016"]},"bbox":[-90.82672077,36.593495702,-90.745535006,36.7511853670001]},{"type":"Feature","geometry":{"type":"MultiLineString","coordinates":[[[-90.835354374,36.776769943],[-90.8353691729999,36.7768027760001],[-90.835642627,36.7768030060001],[-90.835643024,36.7768733450001],[-90.835664756,36.7770544300001],[-90.835706677,36.777059453]],[[-90.8356833779999,36.7766564790001],[-90.835642252,36.7766769090001],[-90.8356419409999,36.7767701710001],[-90.83537468,36.776769949],[-90.835354374,36.776769943]],[[-90.8192099999999,36.7511854],[-90.820062,36.7514505],[-90.82215,36.7521518],[-90.826778,36.7537045],[-90.828566,36.7544462000001]],[[-90.8232013699999,36.828695423],[-90.823166185,36.828945993],[-90.8231659519999,36.8289475460001],[-90.823125357,36.8292231520001],[-90.823129888,36.829225621],[-90.823604371,36.829440989],[-90.8246179499999,36.829896471],[-90.82585061,36.830454317],[-90.825906494,36.8304795080001],[-90.827105167,36.8310197390001],[-90.827465831,36.8311795880001],[-90.827580514,36.831214528],[-90.827844779,36.831334299],[-90.827935824,36.831375692],[-90.827836583,36.8315161880001],[-90.827835036,36.8315708920001]],[[-90.83890474,36.798255709],[-90.8388321469999,36.7982546490001],[-90.8386672619999,36.7984742420001],[-90.838515581,36.7994850740001],[-90.838469394,36.799792895],[-90.838357597,36.8005448050001],[-90.83816482,36.801839827],[-90.838112827,36.8021602040001],[-90.8380563479999,36.8023945370001],[-90.838013667,36.8025415440001],[-90.837961824,36.802692033],[-90.837930049,36.8027735590001],[-90.8378961179999,36.8028597260001],[-90.8378259309999,36.8030171780001],[-90.837719503,36.8032542510001],[-90.8375939419999,36.803533632],[-90.837528441,36.8036856960001],[-90.8373758709999,36.8040313970001],[-90.837247845,36.8043144960001],[-90.837117435,36.8046051810001],[-90.83699905,36.8048639260001],[-90.8369984569999,36.8048652420001],[-90.8368083249999,36.805293653],[-90.836738801,36.80535343],[-90.8364363749999,36.8060284600001],[-90.836082113,36.806870438],[-90.835782864,36.8077608460001],[-90.835673186,36.808193078],[-90.835516539,36.808847477],[-90.835151051,36.8103322370001],[-90.8348977199999,36.811362177],[-90.8346277059999,36.812664356],[-90.8346030989999,36.812893794],[-90.8344963709999,36.8156351960001],[-90.834496327,36.815636457],[-90.834470633,36.815823912],[-90.834444476,36.816027776],[-90.834378913,36.8165065740001],[-90.8343276149999,36.8167172770001],[-90.834264466,36.816865733],[-90.8342005599999,36.816973272],[-90.8340631829999,36.817180588],[-90.833382678,36.818172043],[-90.832508793,36.819443203],[-90.83235981,36.8196594200001],[-90.831712393,36.8206037140001],[-90.831450242,36.820987401],[-90.831382147,36.821087075],[-90.831292257,36.8212186160001],[-90.831024993,36.821607833],[-90.830914407,36.821763973],[-90.830844132,36.82184297],[-90.830714491,36.821966893],[-90.8305753489999,36.822075651],[-90.830427642,36.8221660040001],[-90.830262067,36.8222469020001],[-90.830074027,36.8223201000001],[-90.829836379,36.822383264],[-90.82973808,36.822410663],[-90.829562771,36.822434832],[-90.829383432,36.822440677],[-90.828767921,36.8225129210001],[-90.828036084,36.82259802],[-90.8270721499999,36.822715311],[-90.826123163,36.8228250880001],[-90.825942778,36.822845949],[-90.825558633,36.822900858],[-90.825337104,36.8229551860001],[-90.825119688,36.8230241900001],[-90.8249232369999,36.8231002470001],[-90.824547864,36.8233013650001],[-90.824340308,36.8234483910001],[-90.8241223159999,36.823617728],[-90.82399276,36.8237261140001],[-90.82387106,36.823858891],[-90.8237721839999,36.8239866210001],[-90.823700907,36.824103543],[-90.8236311429999,36.8242445750001],[-90.823579384,36.824394316],[-90.8235504149999,36.824536095],[-90.823532741,36.824759724],[-90.82350701,36.825670297],[-90.823489446,36.826249605],[-90.82347236,36.8268132680001],[-90.8234462189999,36.827577752],[-90.823421713,36.8278025180001],[-90.8232865529999,36.8282501240001],[-90.8232013699999,36.828695423]],[[-90.835683376,36.776656476],[-90.835683372,36.776818033],[-90.835683374,36.776865291],[-90.835706677,36.777059453]],[[-90.835706677,36.777059453],[-90.835712686,36.7771095140001],[-90.835751407,36.777370924],[-90.835883822,36.777703144],[-90.8359317649999,36.777806957],[-90.8359861279999,36.7779246310001],[-90.8362253459999,36.7783749330001],[-90.836711018,36.779296249],[-90.837355988,36.7805263980001],[-90.83740076,36.7806113560001],[-90.83825236,36.782227396],[-90.838727322,36.7831287590001],[-90.838799659,36.7832669090001],[-90.8392279289999,36.7840847530001],[-90.839879174,36.785323227],[-90.839996615,36.785580795],[-90.8400713679999,36.785824813],[-90.8400990979999,36.785967623],[-90.8401325309999,36.786146285],[-90.840142667,36.7864310890001],[-90.840125944,36.786701281],[-90.840055418,36.787194442],[-90.839852734,36.788687624],[-90.83985188,36.7886938190001],[-90.839542776,36.790940176],[-90.839359323,36.792315946],[-90.8392179689999,36.79331755],[-90.839163548,36.793721598],[-90.839118166,36.794045533],[-90.839112363,36.7940881540001],[-90.8390324,36.794675377],[-90.839021776,36.794811581],[-90.839013687,36.795099705],[-90.838986271,36.796155621],[-90.8389745809999,36.7963300480001],[-90.838960753,36.796499473],[-90.8389355529999,36.796671631],[-90.838866599,36.797108256],[-90.8388465799999,36.797258075],[-90.8387820029999,36.797700246],[-90.838754899,36.7978595920001],[-90.838913453,36.7979456970001],[-90.838904744,36.7982557070001]],[[-90.828565877,36.7544462130001],[-90.828963764,36.7546395790001],[-90.830535562,36.755408082],[-90.831957573,36.7561033970001],[-90.832822105,36.756526111],[-90.8348069199999,36.7574949630001],[-90.835156725,36.7576665070001],[-90.83529515,36.7577401820001],[-90.835430845,36.7578302250001],[-90.8355616109999,36.75793478],[-90.8356982289999,36.758072285],[-90.835774538,36.758169062],[-90.8359637459999,36.75845165],[-90.8362005659999,36.7588192370001],[-90.836428096,36.759167409],[-90.836481742,36.759265602],[-90.836564853,36.7594532110001],[-90.836623612,36.759620312],[-90.836669446,36.759843731],[-90.836681018,36.7599962570001],[-90.836684238,36.7602043050001],[-90.836670517,36.7604503700001],[-90.83661793,36.761350742],[-90.836603892,36.7615958210001],[-90.83651113,36.763215743],[-90.8364153909999,36.764844193],[-90.8363249069999,36.766454342],[-90.8362935229999,36.7669979670001],[-90.836165828,36.7692106160001],[-90.836034174,36.771560015],[-90.8359853429999,36.772400153],[-90.83595952,36.772844439],[-90.8358939939999,36.773968864],[-90.835803223,36.7755843670001],[-90.835744773,36.7756461290001],[-90.8357043089999,36.77626644],[-90.83569284,36.7764614490001],[-90.835683379,36.7766223150001],[-90.8356833779999,36.7766564790001]],[[-90.827835036,36.8315708920001],[-90.827833206,36.831667961],[-90.8278688939999,36.831737472],[-90.8278988869999,36.831795868],[-90.827928919,36.83182019],[-90.828008736,36.831973368]]]},"properties":{"id":"uniti-regional-20260919-cf7bac1a42b6abdd53d3","sourceId":"uniti-regional-20260919","source":"Uniti Wholesale regional transport network","sourceUrl":"https://www.unitiwholesale.com/network-map/","name":"Uniti Wholesale regional transport network","carrier":"Uniti Wholesale","category":"unknown","routeStatus":"Publisher network map; current operating status unverified","evidence":"publisher_route","geometryQuality":"publisher_geometry_unverified","dataDate":null,"metadataModified":"2025-06-13T12:55:45+00:00","retrievedAt":"2026-09-19T13:31:26.703698+00:00","networkType":"Carrier-published regional transport geometry; not a surveyed cable alignment","serviceability":"Unconfirmed","routeDiversity":"Unconfirmed","states":["MO"],"publishedLineParts":9,"importBatch":"20260919","sourceRecordIds":["51534","7997","7999","8001","8004","8007","8010","8013","8014"]},"bbox":[-90.840142667,36.7511854,-90.8192099999999,36.831973368]},{"type":"Feature","geometry":{"type":"MultiLineString","coordinates":[[[-90.9805779879999,38.3774623750001],[-90.9805863299999,38.379200246]],[[-90.986199787,38.414659858],[-90.986287534,38.41503234]],[[-90.985118042,38.3980700070001],[-90.98518731,38.399060256],[-90.985222699,38.400296471],[-90.9848234139999,38.402039787],[-90.984329709,38.4034088000001],[-90.9842326579999,38.40541137],[-90.984326588,38.407545225],[-90.984546221,38.410764629],[-90.984812668,38.4115472230001],[-90.986199787,38.414659858]],[[-90.9882066489999,38.359316205],[-90.988193406,38.359945752],[-90.986719345,38.3599232340001],[-90.986616342,38.3600066750001],[-90.9866748539999,38.3610483790001],[-90.983720737,38.361090688],[-90.9816871209999,38.362372599],[-90.981927056,38.362657864],[-90.9810298099999,38.363209786],[-90.980562503,38.363403572]],[[-90.980562503,38.363403572],[-90.980872819,38.364009969],[-90.9811707649999,38.3652867530001],[-90.9805670269999,38.3719943400001],[-90.9805779879999,38.3774623750001]],[[-90.986287534,38.41503234],[-90.986429164,38.4159021240001],[-90.986555605,38.41756036],[-90.986735325,38.4184405180001],[-90.98693135,38.418832007],[-90.987363848,38.419775355],[-90.9875868669999,38.4200224840001]],[[-90.995954898,38.4446214220001],[-90.9973492679999,38.444714546],[-90.9980934589999,38.4460693470001]],[[-90.9805863299999,38.379200246],[-90.9805663719999,38.382373729],[-90.9804587959999,38.3865851130001],[-90.980731732,38.387880522],[-90.981485035,38.3890280270001],[-90.982141559,38.3900040720001]],[[-90.982141559,38.3900040720001],[-90.9827176199999,38.3907973450001],[-90.983332966,38.3923947970001],[-90.983400697,38.392836026],[-90.9839645049999,38.395187333],[-90.984815275,38.3970665350001]],[[-90.990655784,38.4412143540001],[-90.9906044849999,38.4415324610001],[-90.989353447,38.441753916],[-90.991659834,38.443311835],[-90.993188776,38.4439755380001],[-90.994254427,38.444313955],[-90.995954898,38.4446214220001]],[[-90.9875868669999,38.4200224840001],[-90.988574484,38.421320789]],[[-90.991270743,38.3481437990001],[-90.991149503,38.3584147010001],[-90.9898145659999,38.358405142],[-90.989247705,38.358202663]],[[-90.988574484,38.421320789],[-90.988939258,38.421955338],[-90.9894362589999,38.4234840280001],[-90.989837909,38.428605933],[-90.989814166,38.4289530670001],[-90.990532183,38.4309162280001],[-90.990674004,38.4325078100001],[-90.99076752,38.4399378640001],[-90.990746417,38.440246415]],[[-90.989247705,38.358202663],[-90.989008342,38.3583773170001],[-90.988292717,38.3588506840001],[-90.9882066489999,38.359316205]],[[-90.990746417,38.440246415],[-90.990655784,38.4412143540001]],[[-90.984815275,38.3970665350001],[-90.985118042,38.3980700070001]]]},"properties":{"id":"uniti-regional-20260919-69bceed533b25c320280","sourceId":"uniti-regional-20260919","source":"Uniti Wholesale regional transport network","sourceUrl":"https://www.unitiwholesale.com/network-map/","name":"Uniti Wholesale regional transport network","carrier":"Uniti Wholesale","category":"unknown","routeStatus":"Publisher network map; current operating status unverified","evidence":"publisher_route","geometryQuality":"publisher_geometry_unverified","dataDate":null,"metadataModified":"2025-06-13T12:55:45+00:00","retrievedAt":"2026-09-19T13:31:26.703698+00:00","networkType":"Carrier-published regional transport geometry; not a surveyed cable alignment","serviceability":"Unconfirmed","routeDiversity":"Unconfirmed","states":["MO"],"publishedLineParts":16,"importBatch":"20260919","sourceRecordIds":["59726","59739","59747","59760","59763","59771","59806","59814","59817","59834","59839","59840","59843","59846","59866","59870"]},"bbox":[-90.9980934589999,38.3481437990001,-90.9804587959999,38.4460693470001]},{"type":"Feature","geometry":{"type":"MultiLineString","coordinates":[[[-90.978621419,38.53697534],[-90.978969444,38.5369716650001],[-90.9794083149999,38.5369711380001],[-90.979683992,38.536970216]],[[-90.825432674,38.5383613480001],[-90.825455747,38.5383343450001],[-90.826552679,38.538087788],[-90.8278572149999,38.537812685],[-90.827907384,38.53782418]],[[-90.9155302469999,38.5174714020001],[-90.915729461,38.5173309350001],[-90.916696157,38.5180338500001],[-90.917723292,38.518475032],[-90.918670422,38.5187933670001],[-90.9197330479999,38.519180594],[-90.920762407,38.5195380970001],[-90.9217709179999,38.519855147],[-90.922822794,38.5202815970001],[-90.923665663,38.520759293],[-90.924233699,38.5213449390001],[-90.9242798809999,38.521402634],[-90.924550111,38.521810701],[-90.9247102799999,38.5223955550001],[-90.924803434,38.5231341580001],[-90.924815751,38.5232341600001],[-90.924793528,38.524042321],[-90.9247449849999,38.5248165890001],[-90.925181412,38.5256969060001],[-90.925668324,38.526764696],[-90.9261591819999,38.5277741510001],[-90.9264848029999,38.528312374],[-90.927166114,38.529016606],[-90.927631425,38.5293926740001],[-90.927807324,38.529541259],[-90.92863908,38.530022968],[-90.929695015,38.530320461],[-90.9301697349999,38.5305537300001],[-90.931178127,38.5308368570001],[-90.93192722,38.531019229],[-90.9322916409999,38.531099442],[-90.933377794,38.5313060560001],[-90.934238055,38.5313377620001],[-90.93541261,38.5313859070001],[-90.936743516,38.5313784420001],[-90.938013186,38.531650657],[-90.9383730529999,38.5316631950001],[-90.9390541559999,38.5317631030001],[-90.939573203,38.531858511],[-90.939679416,38.531878492],[-90.939975623,38.5319369270001],[-90.939905599,38.53203762],[-90.9422501989999,38.532511519],[-90.94402998,38.5328843610001],[-90.944647194,38.5329944700001],[-90.9455922719999,38.5335091590001],[-90.948078662,38.534669094],[-90.94920195,38.535254454],[-90.9498719279999,38.53568324],[-90.950439715,38.535941199],[-90.9505914649999,38.5360107460001],[-90.951128936,38.5362278100001],[-90.95166748,38.536433892],[-90.952414375,38.5366958660001],[-90.953192078,38.537001993],[-90.953945602,38.5372963400001],[-90.954682232,38.537539689],[-90.956228637,38.537978389],[-90.956827735,38.538137146],[-90.9578296769999,38.538374687],[-90.958268818,38.5384852390001],[-90.959402348,38.538802068]],[[-90.773655466,38.560605985],[-90.7739167669999,38.560283699],[-90.774263762,38.5600457740001],[-90.7746815099999,38.5597710530001],[-90.775478146,38.5595201670001],[-90.776318561,38.559507995],[-90.776889898,38.5597194490001],[-90.777204006,38.5598588190001],[-90.777338251,38.559918192],[-90.7774715629999,38.559979571],[-90.777681505,38.560054071],[-90.778047844,38.5601539030001],[-90.778621597,38.560206399],[-90.779169113,38.5602507900001],[-90.779975378,38.5601279090001],[-90.7807810419999,38.559198607],[-90.781552948,38.559183547],[-90.782091362,38.559106725],[-90.78233684,38.5590854120001],[-90.7829081149999,38.5590341230001],[-90.784144505,38.558950941],[-90.785774821,38.558970039],[-90.7866943559999,38.55893381],[-90.787713237,38.5588717210001],[-90.788536295,38.5588201150001],[-90.789882666,38.558542742],[-90.790668605,38.558053843],[-90.791710866,38.5572527530001],[-90.792226893,38.5564444390001],[-90.79273128,38.555936139],[-90.793177977,38.5555530940001],[-90.794100417,38.554927213],[-90.795874682,38.5547630460001],[-90.796374959,38.554898435],[-90.797328888,38.555019944],[-90.797830822,38.5551095860001],[-90.798299059,38.5551947480001],[-90.799089868,38.5553799310001],[-90.799093988,38.5553761040001]],[[-90.866927086,38.5202096990001],[-90.872014097,38.5185832550001],[-90.8727250869999,38.518330297]],[[-90.9155302469999,38.5174714020001],[-90.915352634,38.517355971],[-90.9144845769999,38.5170434440001],[-90.914352584,38.5169904370001],[-90.913529055,38.5166450790001],[-90.912510931,38.516380741],[-90.9117654349999,38.516222552],[-90.9114846689999,38.5161595210001],[-90.910942518,38.516037763],[-90.910396282,38.515825184],[-90.909350539,38.515440836],[-90.908430752,38.51529867],[-90.908296822,38.5151005480001],[-90.907243342,38.515265868],[-90.906752,38.515326557],[-90.906157621,38.5154605210001],[-90.906106501,38.5153667970001],[-90.90529563,38.515640233],[-90.9042477949999,38.515866348],[-90.9041999469999,38.515872212],[-90.903760496,38.5159630530001],[-90.903243908,38.5160690450001],[-90.902030058,38.516746563],[-90.9017976709999,38.516962672],[-90.90086624,38.51701016],[-90.900123621,38.516518868],[-90.899381066,38.5160973760001],[-90.8980565909999,38.515627361],[-90.897497372,38.5156533520001],[-90.897319823,38.515663515],[-90.8967465329999,38.515637483],[-90.89583284,38.515744947],[-90.8947547069999,38.5158131950001],[-90.894706529,38.515837145],[-90.8943253899999,38.5157906330001],[-90.893999594,38.515768221],[-90.892525812,38.515784345],[-90.891632541,38.515939704],[-90.89060188,38.516140971],[-90.89054848,38.5161489750001],[-90.889962176,38.5162294940001],[-90.889440753,38.5163197380001],[-90.889141701,38.516371384],[-90.888392299,38.516073829],[-90.8877455849999,38.515841031],[-90.8867448079999,38.5154046050001],[-90.886271649,38.5151522260001],[-90.886210491,38.5151256140001],[-90.88575043,38.514937065],[-90.884880061,38.514385842],[-90.88418446,38.5147114440001],[-90.883225388,38.515671297],[-90.882638443,38.516352204],[-90.882518297,38.5164951200001],[-90.882047805,38.517054633],[-90.88143092,38.517752984],[-90.8808454699999,38.5182916380001],[-90.878908327,38.5184109620001],[-90.877494683,38.5183255520001],[-90.8762941049999,38.5183843020001],[-90.876116867,38.5183926830001],[-90.875091551,38.5184482080001],[-90.87390009,38.5183694940001],[-90.8730910689999,38.5183135660001],[-90.8727250869999,38.518330297]],[[-90.985276992,38.5380576840001],[-90.9855894189999,38.5381579730001],[-90.986916556,38.5383700080001],[-90.9874957439999,38.538476462],[-90.98796717,38.5385675640001],[-90.98810696,38.538597125],[-90.9893438399999,38.538678421],[-90.9902705009999,38.538710602],[-90.990694799,38.5387213280001],[-90.9918487099999,38.5387579420001],[-90.992252278,38.5387654260001],[-90.993160146,38.5388035550001],[-90.994587587,38.538860356],[-90.995106693,38.5388941190001],[-90.995608075,38.538882625],[-90.996238794,38.5388958180001],[-90.996711067,38.5388785860001],[-90.996926122,38.53888701],[-90.9972712649999,38.5388788450001],[-90.99742467,38.5388763980001],[-90.9980700349999,38.538848718],[-90.998427089,38.5388312260001],[-90.9990702709999,38.5388155000001],[-90.99938081,38.538789518],[-91.000299608,38.538672578],[-91.0014863439999,38.538579461],[-91.002171464,38.538521355],[-91.002852697,38.538480108],[-91.0038231249999,38.5383989360001],[-91.0043956389999,38.538353611],[-91.0046630859999,38.538335563],[-91.004993779,38.538279318],[-91.00596136,38.5382570780001]],[[-90.849084272,38.528870032],[-90.8492543959999,38.5289346770001],[-90.8494603179999,38.529012924],[-90.8498980539999,38.529215827],[-90.8501804909999,38.529328294],[-90.850576618,38.52949482],[-90.850966343,38.5296488320001],[-90.8513558,38.529809034],[-90.851634615,38.529393789],[-90.8521430279999,38.528643237],[-90.8524036049999,38.5282378470001],[-90.85250526,38.528091596],[-90.852616505,38.5279631270001],[-90.852713862,38.527849216],[-90.8527610209999,38.5278103360001],[-90.852909258,38.527625373],[-90.853046686,38.5274549690001],[-90.8533753949999,38.5271259740001],[-90.8537136529999,38.5267926490001],[-90.8541027639999,38.5264643450001],[-90.854462314,38.5262085100001],[-90.854820912,38.52589662],[-90.8552829,38.525624733],[-90.8557647909999,38.5254175750001],[-90.8562301159999,38.5252083070001],[-90.856713212,38.5250217400001],[-90.8576632209999,38.5246421750001],[-90.858735941,38.5243277220001],[-90.859574623,38.5239270270001],[-90.86088062,38.5237708060001],[-90.861395359,38.5233435600001],[-90.862116224,38.52295166],[-90.8623122549999,38.522844976],[-90.862977572,38.5223754400001],[-90.8636245879999,38.5219087110001],[-90.864516124,38.5213266370001],[-90.8647972319999,38.521055522],[-90.866416793,38.5202484170001],[-90.866927086,38.5202096990001]],[[-90.847631699,38.5284484480001],[-90.847660398,38.528461877],[-90.848052135,38.5286274320001],[-90.8483369859999,38.5285890340001],[-90.849084272,38.528870032]],[[-90.773655466,38.5606059880001],[-90.773637693,38.5610552790001],[-90.773612925,38.5615818370001],[-90.77395984,38.5619387830001],[-90.774100391,38.562549542],[-90.7739134449999,38.5629298060001],[-90.773460577,38.5632764420001],[-90.772439326,38.5640066880001],[-90.770933675,38.56438022],[-90.7698364779999,38.56524209],[-90.7690296169999,38.566292729],[-90.7681550029999,38.5672373460001],[-90.767262376,38.568161714],[-90.764678106,38.570990857],[-90.762300155,38.573489636],[-90.760673356,38.574209932],[-90.758005876,38.575417917],[-90.757092524,38.5758484140001],[-90.7559740469999,38.576360338],[-90.754997615,38.5768185540001],[-90.7549735529999,38.576817095]],[[-90.8141078479999,38.547160911],[-90.8147349,38.5470154430001],[-90.815490761,38.546420724],[-90.816637876,38.5460398160001],[-90.8172909319999,38.5454994850001],[-90.817809916,38.545178745],[-90.818156862,38.5448712620001],[-90.819076102,38.5442417850001],[-90.8195562609999,38.544008498],[-90.820743856,38.5436453250001],[-90.821414085,38.542682422],[-90.8219485979999,38.542006499],[-90.822411904,38.5411615470001],[-90.8226992469999,38.5404021860001],[-90.8227569,38.5402486070001],[-90.823154347,38.539474998],[-90.8241803779999,38.5386569],[-90.8254051769999,38.538367523],[-90.825432674,38.5383613480001]],[[-90.827907384,38.53782418],[-90.828994638,38.5376004090001],[-90.829265286,38.5369796000001],[-90.8293317219999,38.5366151260001],[-90.829355715,38.536482955],[-90.8293990769999,38.5362523960001],[-90.829517498,38.535026572],[-90.830134614,38.534463783],[-90.8309152049999,38.5343858310001],[-90.8314864559999,38.534343103],[-90.8327089109999,38.534239858],[-90.833909385,38.5341163470001],[-90.834076639,38.5341022220001],[-90.835118703,38.5339635890001],[-90.835764976,38.5337890210001],[-90.836392444,38.533432562],[-90.8365254619999,38.5333473740001],[-90.836660775,38.5332629530001],[-90.837351403,38.532849351],[-90.838094263,38.5324462620001],[-90.8388964919999,38.532015873],[-90.839957263,38.5315368870001],[-90.840946483,38.531057084],[-90.8414490169999,38.5308213260001],[-90.84183264,38.5306799030001],[-90.8421259199999,38.530544641],[-90.842316787,38.5304577320001],[-90.842711314,38.5302405780001],[-90.843158428,38.5300267150001],[-90.8435841,38.529800934],[-90.843998095,38.5296660540001],[-90.8443481189999,38.529618756],[-90.845599647,38.529104336],[-90.8460571379999,38.528882265],[-90.8463729759999,38.52878975],[-90.846832639,38.5286945670001],[-90.84728753,38.52855362],[-90.847631703,38.5284484470001]],[[-90.9848228229999,38.537911896],[-90.985276992,38.5380576840001]],[[-90.980190589,38.536962445],[-90.981818732,38.5376869830001],[-90.983500384,38.5382697050001],[-90.9848004,38.538654175],[-90.9848228229999,38.537911896]],[[-90.7549735529999,38.576817095],[-90.753568995,38.5766069380001],[-90.7527782189999,38.576719638],[-90.752039437,38.576731249],[-90.750613228,38.576661911],[-90.749216227,38.5769640190001],[-90.747858885,38.577336652],[-90.746960985,38.577539464],[-90.746853344,38.577948108]],[[-90.8008443099999,38.5546355170001],[-90.8016854969999,38.5541376750001],[-90.802426971,38.553692239],[-90.803114901,38.553373607],[-90.804017065,38.5530988130001],[-90.8050254089999,38.552686705],[-90.807783594,38.552469446],[-90.808187751,38.552484881],[-90.808703373,38.5519825010001],[-90.808898448,38.552084752],[-90.8090235289999,38.5519011050001],[-90.8094093349999,38.5513390140001],[-90.8098572219999,38.5506309200001],[-90.810310102,38.549924413],[-90.810760589,38.549244539],[-90.8111415979999,38.548676882],[-90.811525859,38.5482627160001],[-90.811900883,38.54787396],[-90.812920929,38.5473805360001],[-90.8141078479999,38.547160911]],[[-90.9774235939999,38.537644382],[-90.977429617,38.5375104570001],[-90.977481246,38.5375104570001],[-90.9774890849999,38.5374045300001],[-90.977421914,38.5370010450001],[-90.978462506,38.536979005],[-90.978621419,38.53697534]],[[-90.979682979,38.5369687460001],[-90.980190589,38.536962445]],[[-90.799093988,38.5553761040001],[-90.8008443099999,38.5546355170001]],[[-90.9594023439999,38.538802068],[-90.9600421279999,38.538938965],[-90.961014789,38.538985403],[-90.9621028879999,38.5389387540001],[-90.963222441,38.538899272],[-90.964323481,38.538863129],[-90.9651446999999,38.538849063],[-90.965427431,38.5388455610001],[-90.966639876,38.538872532],[-90.967676752,38.5389703110001],[-90.968316831,38.538974926],[-90.968892792,38.538905518],[-90.969790811,38.5387324490001],[-90.970144454,38.5388799670001],[-90.970446958,38.5389959],[-90.970617953,38.539060635],[-90.971078818,38.539242281],[-90.971616287,38.5394769170001],[-90.972100102,38.539712503],[-90.973137653,38.5402921570001],[-90.973403946,38.5404490650001],[-90.974164948,38.540849374],[-90.9745107159999,38.540999028],[-90.975026707,38.541227306],[-90.975862669,38.541731374],[-90.976346963,38.5419295720001],[-90.976917073,38.5418978060001],[-90.9773327359999,38.541714622],[-90.977551754,38.5417260300001],[-90.977553374,38.541668214],[-90.9775485649999,38.5411929590001],[-90.977628162,38.540420128],[-90.9776321369999,38.5398741810001],[-90.977609652,38.5392968360001],[-90.977600722,38.538865211],[-90.977582924,38.538442468],[-90.9774235939999,38.537644384]]]},"properties":{"id":"uniti-regional-20260919-b59e897ae91d3b6a4acb","sourceId":"uniti-regional-20260919","source":"Uniti Wholesale regional transport network","sourceUrl":"https://www.unitiwholesale.com/network-map/","name":"Uniti Wholesale regional transport network","carrier":"Uniti Wholesale","category":"unknown","routeStatus":"Publisher network map; current operating status unverified","evidence":"publisher_route","geometryQuality":"publisher_geometry_unverified","dataDate":null,"metadataModified":"2025-06-13T12:55:45+00:00","retrievedAt":"2026-09-19T13:31:26.703698+00:00","networkType":"Carrier-published regional transport geometry; not a surveyed cable alignment","serviceability":"Unconfirmed","routeDiversity":"Unconfirmed","states":["MO"],"publishedLineParts":20,"importBatch":"20260919","sourceRecordIds":["59740","59743","59750","59751","59756","59788","59794","59804","59813","59816","59821","59823","59829","59831","59838","59853","59863","59868","59879","59880"]},"bbox":[-91.00596136,38.514385842,-90.746853344,38.577948108]},{"type":"Feature","geometry":{"type":"MultiLineString","coordinates":[[[-90.691288963,36.59493687],[-90.691355371,36.594919099],[-90.6913984239999,36.5949212130001],[-90.691404554,36.5949213320001],[-90.6914095939999,36.5949214660001],[-90.691448053,36.5949223490001],[-90.6914852089999,36.5949231490001],[-90.691552208,36.5949244400001],[-90.691607233,36.595047333],[-90.691608415,36.5950493600001],[-90.6916948699999,36.595021005],[-90.691722999,36.595011781],[-90.691763216,36.5949987230001],[-90.6923658219999,36.594800213],[-90.692479786,36.594766268],[-90.692706299,36.5946970030001],[-90.69274345,36.594685704],[-90.692735437,36.594659021],[-90.692708051,36.5945532260001],[-90.692902923,36.594500899],[-90.693138123,36.594437742],[-90.693510399,36.59435124],[-90.693888181,36.5942767980001],[-90.694265069,36.594215562],[-90.695209085,36.594078165]],[[-90.709369,36.5924198000001],[-90.709776,36.5926410000001],[-90.7118849999999,36.5926408],[-90.71212,36.5926408],[-90.712385,36.5926437],[-90.7126719999999,36.593042],[-90.715542,36.5930700000001],[-90.715651,36.5927415],[-90.721939,36.5928217000001],[-90.722252,36.592827],[-90.728443,36.5931736000001],[-90.729597,36.5934391000001],[-90.730598,36.5935165000001],[-90.731214,36.5935640000001],[-90.73123,36.5935650000001],[-90.731279,36.5935757],[-90.7313799999999,36.5935991000001],[-90.731454,36.59362],[-90.731511,36.5936364],[-90.731568,36.5936567000001],[-90.731978,36.5935147000001],[-90.732604,36.5932896],[-90.732616,36.5932864000001],[-90.73281,36.5932373000001],[-90.7328449999999,36.5932306],[-90.733025,36.593199],[-90.733238,36.5931785000001],[-90.733444,36.593174],[-90.736082,36.5932155],[-90.73686,36.5932278000001],[-90.737253,36.593234],[-90.737852,36.5932434000001],[-90.737896,36.5933759000001],[-90.738467,36.5933849],[-90.739876,36.5934070000001],[-90.741337,36.5934299],[-90.742039,36.593441],[-90.742278,36.5934447000001],[-90.74265,36.5934505000001],[-90.742875,36.5934541],[-90.745535,36.5934957000001]],[[-90.695209,36.5940782000001],[-90.695322,36.5940620000001],[-90.69588,36.5939808000001],[-90.697142,36.5937974],[-90.697691,36.5937175],[-90.698988,36.5935281000001],[-90.699078,36.5935144],[-90.699164,36.5935024],[-90.699331,36.5934791],[-90.699496,36.593455],[-90.7017769999999,36.5931232],[-90.701811,36.5931184],[-90.703244,36.5929100000001],[-90.703746,36.5928448000001],[-90.7038469999999,36.5928337],[-90.7039369999999,36.5928240000001],[-90.704418,36.5927774],[-90.705019,36.5927407],[-90.705593,36.5927187],[-90.706946,36.5927234],[-90.707195,36.5927328000001],[-90.70726,36.5928585],[-90.707485,36.5928604000001],[-90.707858,36.5928641],[-90.708325,36.5928687000001],[-90.7086439999999,36.5928722],[-90.708765,36.5925209000001],[-90.709369,36.5924198000001]],[[-90.52154,36.5615205],[-90.521753,36.5615222000001],[-90.521755,36.5615222000001],[-90.5253049999999,36.5615517],[-90.5254839999999,36.5617509],[-90.526495,36.5617592],[-90.5277599999999,36.5617696]],[[-90.508518242,36.561063951],[-90.508495491,36.5614995760001],[-90.5088358849999,36.5615056820001],[-90.5095376949999,36.561519499],[-90.511698558,36.5615620730001],[-90.512193743,36.561571803],[-90.521041759,36.561745621],[-90.5214191859999,36.561519462],[-90.521539966,36.561520461]],[[-90.616284478,36.593701508],[-90.615368507,36.593667036],[-90.614644286,36.5936133860001]],[[-90.638457972,36.5926001930001],[-90.629575722,36.592566116],[-90.628733602,36.5925878130001],[-90.627476028,36.592603975],[-90.6267191109999,36.592624598],[-90.625166527,36.593052405],[-90.62429401,36.5933192540001],[-90.623515909,36.593533973],[-90.623304692,36.5935825660001],[-90.622793842,36.5937008270001],[-90.622268945,36.593792577],[-90.6221062549999,36.593628677],[-90.621318157,36.593707239],[-90.621304884,36.593708706],[-90.621279345,36.593711523],[-90.6204693879999,36.5937576050001],[-90.619545977,36.5937722890001],[-90.618467322,36.5937594760001],[-90.617364244,36.5937342140001],[-90.6164777559999,36.5937086770001],[-90.616284478,36.593701508]],[[-90.527760111,36.5617695710001],[-90.531800861,36.5618028860001],[-90.531803216,36.561802905],[-90.537201583,36.56184648],[-90.537211842,36.561771164],[-90.538972568,36.5617724950001],[-90.539462769,36.561776498],[-90.5415852799999,36.5617865670001],[-90.541634575,36.5618832370001],[-90.541853276,36.5618850110001],[-90.541855631,36.56188503],[-90.55223595,36.5619689370001],[-90.552234657,36.561832758]],[[-90.61157,36.5631498000001],[-90.6115789999999,36.5630841],[-90.6115799999999,36.5628774],[-90.611367,36.5625807000001],[-90.6105019999999,36.562595],[-90.6021699999999,36.56232],[-90.6021689999999,36.56232],[-90.5989979999999,36.5622126000001],[-90.598901,36.5621485]],[[-90.614642961,36.593613271],[-90.614517409,36.5936022830001],[-90.6142708519999,36.5935741060001],[-90.614059378,36.5935448750001],[-90.613859152,36.593514601],[-90.613664765,36.593483135],[-90.6134783999999,36.593450703],[-90.613301013,36.593417346],[-90.613131993,36.5933828170001],[-90.612973204,36.5933473320001],[-90.61282516,36.593310902],[-90.61268943,36.5932737430001],[-90.6125664099999,36.5932349990001],[-90.612452601,36.593189597],[-90.612340497,36.593130269],[-90.6122228249999,36.593049175],[-90.612093106,36.5929380520001],[-90.61194624,36.592789466],[-90.6117771089999,36.592596155],[-90.6115844999999,36.592356024],[-90.611479597,36.592138435],[-90.611434187,36.58964905],[-90.6114341369999,36.58964645],[-90.611333012,36.5841016580001],[-90.611330326,36.583474352],[-90.6113104789999,36.578837316],[-90.611310454,36.578833011],[-90.611310454,36.5788311590001],[-90.611303708,36.577257984],[-90.6113002979999,36.576462145],[-90.6112392589999,36.5764065270001],[-90.611238021,36.576340429],[-90.611239554,36.5761258790001],[-90.611239849,36.576083598],[-90.611286718,36.576084042],[-90.61149206,36.5760735900001]],[[-90.68120707,36.5941375410001],[-90.6807204689999,36.593804446],[-90.6802968699999,36.594148031],[-90.680175702,36.59412559],[-90.67959992,36.594020243],[-90.678087523,36.5937435000001],[-90.677501191,36.593636502],[-90.677348342,36.5935386240001],[-90.676785664,36.593437178],[-90.675135773,36.593135733],[-90.674389366,36.592999131],[-90.6733085429999,36.5928013120001],[-90.672463364,36.592649618],[-90.6717489869999,36.5925372890001],[-90.671648237,36.592525547],[-90.671405013,36.592497181],[-90.671104156,36.592472075],[-90.67090046,36.5924671060001],[-90.670827769,36.592521375],[-90.670622372,36.5925152180001],[-90.669762356,36.5925036880001],[-90.6691112239999,36.592497548],[-90.6686169829999,36.5924928900001],[-90.66590547,36.592467291],[-90.665629904,36.5924623820001],[-90.6653207369999,36.5925936080001],[-90.664873268,36.5925893730001],[-90.6620005779999,36.5925621640001],[-90.661587969,36.592558258],[-90.660803726,36.592550811],[-90.6600371759999,36.592540249],[-90.660037788,36.592762964],[-90.659740647,36.592758974],[-90.6564806489999,36.592730702],[-90.65423606,36.592711804],[-90.6521400789999,36.5927120690001],[-90.651330999,36.592722451],[-90.649223944,36.5927143270001],[-90.6473776129999,36.5926962390001],[-90.647160679,36.592684131],[-90.6414673139999,36.592629302],[-90.6414659289999,36.592629286],[-90.638457972,36.592600195]],[[-90.553129387,36.561836698],[-90.556291249,36.5618505740001],[-90.5567051949999,36.5620047940001],[-90.557150605,36.5620083580001],[-90.557725004,36.562012999],[-90.558387338,36.5620182480001],[-90.55847701,36.5620193560001],[-90.558517599,36.561941957],[-90.5599332199999,36.5619646920001],[-90.56196039,36.5619808440001],[-90.562134841,36.5619822260001],[-90.566429743,36.5620163190001],[-90.5714323719999,36.5620558360001],[-90.572013007,36.562060414],[-90.5735139829999,36.5620722210001],[-90.575378261,36.5620869420001],[-90.575382787,36.5619227810001]],[[-90.6114919999999,36.5760721],[-90.611301,36.5760067000001],[-90.611361,36.5749732],[-90.6113589999999,36.5749732],[-90.611384,36.5745829],[-90.611384,36.5740236],[-90.611507,36.5736278],[-90.611508,36.5734281000001],[-90.611522,36.5707245],[-90.611521,36.5707126],[-90.611521,36.5707049000001],[-90.611522,36.5705651000001],[-90.611522,36.5705218],[-90.611482,36.5704976000001],[-90.611489,36.5691789],[-90.6114939999999,36.5680223000001],[-90.6114939999999,36.5680194],[-90.6115159999999,36.5635612],[-90.61157,36.5631498000001]],[[-90.598394,36.5621346],[-90.5982979999999,36.5621921000001],[-90.593342,36.5620280000001],[-90.589322,36.5620205000001],[-90.586265,36.5620123],[-90.5835969999999,36.5620002000001],[-90.582071,36.5619893],[-90.58207,36.5619893],[-90.5809619999999,36.5619813000001],[-90.5781689999999,36.5619541]],[[-90.5781689999999,36.5619541],[-90.578009,36.5619529000001],[-90.576974,36.5619407],[-90.576176,36.5619319],[-90.5755589999999,36.5619246000001],[-90.575383,36.5619228000001]],[[-90.691281648,36.595027566],[-90.6913731499999,36.595052868],[-90.691343592,36.595134959],[-90.691308391,36.595146384],[-90.690998314,36.595243494],[-90.690830632,36.595280083],[-90.6907174569999,36.5952993930001],[-90.6904695329999,36.5953208010001],[-90.690408303,36.595322751],[-90.690224093,36.595317058],[-90.690126434,36.595306371],[-90.689888587,36.5952722270001],[-90.6897896199999,36.5952400800001],[-90.6896057819999,36.5951803500001],[-90.688912552,36.594905602],[-90.688676964,36.59481157],[-90.688465729,36.594727853],[-90.687894916,36.5945594780001],[-90.687703481,36.5945241370001],[-90.687622516,36.5945151680001],[-90.687538065,36.594505063],[-90.687441382,36.5944939440001],[-90.6872893349999,36.5944879240001],[-90.6867911699999,36.5944804390001],[-90.686722252,36.594415708],[-90.686683121,36.5944155650001],[-90.68656083,36.594415117],[-90.685936015,36.5944128200001],[-90.6847726999999,36.5944085450001],[-90.6839658659999,36.594405582],[-90.6834142009999,36.5944035530001],[-90.682883241,36.594401587],[-90.682492786,36.5944001490001],[-90.682099021,36.59439518],[-90.681820895,36.594365973],[-90.6818251459999,36.5943110310001],[-90.6816575129999,36.594276192],[-90.6815954799999,36.594263298],[-90.681549061,36.5942537930001],[-90.6813125039999,36.594205317],[-90.681207077,36.594137543]],[[-90.598901,36.5621485],[-90.598828,36.5621768],[-90.5987059999999,36.5621725],[-90.598446,36.5621642],[-90.598394,36.5621346]],[[-90.552234657,36.561832758],[-90.553129387,36.561836699]],[[-90.606303483,36.574853967],[-90.60620969,36.574853697],[-90.60619794,36.5748641760001],[-90.606100232,36.574863183],[-90.606093498,36.5753741980001],[-90.607326093,36.575534389],[-90.607476474,36.575553316],[-90.6075199479999,36.575573273],[-90.608026216,36.575630355],[-90.608570033,36.5757143610001],[-90.6094142589999,36.575851678],[-90.610072741,36.5759588390001],[-90.610585713,36.576044461],[-90.6113427669999,36.5761720850001],[-90.6114922679999,36.5760720640001]]]},"properties":{"id":"uniti-regional-20260919-783382579e40ef255f06","sourceId":"uniti-regional-20260919","source":"Uniti Wholesale regional transport network","sourceUrl":"https://www.unitiwholesale.com/network-map/","name":"Uniti Wholesale regional transport network","carrier":"Uniti Wholesale","category":"unknown","routeStatus":"Publisher network map; current operating status unverified","evidence":"publisher_route","geometryQuality":"publisher_geometry_unverified","dataDate":null,"metadataModified":"2025-06-13T12:55:45+00:00","retrievedAt":"2026-09-19T13:31:26.703698+00:00","networkType":"Carrier-published regional transport geometry; not a surveyed cable alignment","serviceability":"Unconfirmed","routeDiversity":"Unconfirmed","states":["MO"],"publishedLineParts":19,"importBatch":"20260919","sourceRecordIds":["37679","37680","37682","46487","46488","46489","46490","46491","46492","46493","46494","46495","46496","46497","46498","46499","46500","46501","50772"]},"bbox":[-90.745535,36.561063951,-90.508495491,36.595322751]},{"type":"Feature","geometry":{"type":"MultiLineString","coordinates":[[[-90.5481643699999,36.975522595],[-90.548319248,36.9760729160001],[-90.548620802,36.9771761120001],[-90.548696691,36.9774492980001],[-90.5488046899999,36.9778707080001],[-90.548889952,36.9781705240001],[-90.5490574569999,36.978807621],[-90.549097309,36.978999136],[-90.549132989,36.9792530600001],[-90.5491650439999,36.9796233290001],[-90.549147091,36.9798958420001],[-90.549103267,36.9807960160001],[-90.5490455949999,36.981682178],[-90.549004548,36.9823622810001],[-90.5489933649999,36.982607355]],[[-90.5469539709999,36.9706755990001],[-90.5476459649999,36.9706741960001],[-90.5476844469999,36.972285868],[-90.5477057209999,36.9731732400001],[-90.547710589,36.973371646],[-90.547724334,36.973733968],[-90.5477524779999,36.973956462],[-90.5477913779999,36.9741603150001],[-90.547818617,36.9742811990001],[-90.548020235,36.9749964870001],[-90.548164261,36.9755222200001]],[[-90.546964174,36.970227642],[-90.546940632,36.970239851],[-90.546938547,36.970289919],[-90.546925116,36.97067572],[-90.546953972,36.970675595]],[[-90.49836662,36.84191192],[-90.500314507,36.845486184],[-90.500433802,36.845724858],[-90.501054262,36.8469057450001],[-90.5014343989999,36.8476059930001],[-90.502434348,36.8494659020001],[-90.502920293,36.850368374],[-90.502545393,36.850519821],[-90.502740707,36.850838706],[-90.502764439,36.8508460790001],[-90.502914195,36.8511221900001],[-90.5029206139999,36.851134024],[-90.503057704,36.8513867790001],[-90.503457543,36.8513533490001],[-90.5035144989999,36.851456184],[-90.5038867439999,36.852150243],[-90.504146957,36.852620932],[-90.504211805,36.8527454420001]],[[-90.5042119999999,36.8527454000001],[-90.504394,36.8530961000001],[-90.5045249999999,36.8533265],[-90.504785,36.853797],[-90.504915,36.8540263],[-90.505164,36.8544959000001],[-90.505544,36.855196],[-90.506164,36.8563458],[-90.506584,36.8571343],[-90.506614,36.8571957],[-90.506904,36.8577062],[-90.5070239999999,36.8579359],[-90.507274,36.8583859],[-90.507514,36.8588457000001],[-90.507874,36.8595146000001],[-90.507981,36.8597396000001],[-90.508071,36.8599686000001],[-90.5081489999999,36.8601942000001],[-90.508199,36.8604297],[-90.5082379999999,36.8606664000001],[-90.508258,36.8609121000001],[-90.508258,36.8611476],[-90.5082379999999,36.8613700000001],[-90.5082379999999,36.8614257],[-90.508209,36.8616001],[-90.508159,36.8618266],[-90.50809,36.8620535000001],[-90.508008,36.8622908],[-90.507751,36.8630015],[-90.507391,36.8639615000001],[-90.507041,36.8649309],[-90.506941,36.8651807000001],[-90.5060129999999,36.8676907],[-90.505962,36.8678295],[-90.50471,36.8712131],[-90.5041609999999,36.8727014],[-90.5038739999999,36.8734767],[-90.5033109999999,36.8750016000001],[-90.503011,36.8758315000001],[-90.502801,36.8764013],[-90.502241,36.8778911],[-90.502201,36.8780116],[-90.501987,36.8785978000001]]]},"properties":{"id":"uniti-regional-20260919-86de0ceec23c25e7da0e","sourceId":"uniti-regional-20260919","source":"Uniti Wholesale regional transport network","sourceUrl":"https://www.unitiwholesale.com/network-map/","name":"Uniti Wholesale regional transport network","carrier":"Uniti Wholesale","category":"unknown","routeStatus":"Publisher network map; current operating status unverified","evidence":"publisher_route","geometryQuality":"publisher_geometry_unverified","dataDate":null,"metadataModified":"2025-06-13T12:55:45+00:00","retrievedAt":"2026-09-19T13:31:26.703698+00:00","networkType":"Carrier-published regional transport geometry; not a surveyed cable alignment","serviceability":"Unconfirmed","routeDiversity":"Unconfirmed","states":["MO"],"publishedLineParts":5,"importBatch":"20260919","sourceRecordIds":["22496","22501","22505","59619","59627"]},"bbox":[-90.5491650439999,36.84191192,-90.49836662,36.982607355]},{"type":"Feature","geometry":{"type":"MultiLineString","coordinates":[[[-90.5480302139999,37.187419106],[-90.548212,37.1874080000001],[-90.548334,37.1874106000001],[-90.5483829999999,37.1858892000001],[-90.548466,37.1833179000001],[-90.548117,37.18318],[-90.542205,37.1808447000001],[-90.5404829999999,37.1801646000001],[-90.539621,37.1799369],[-90.538494,37.1806969],[-90.537045,37.1803916],[-90.535844,37.1801895],[-90.5290009999999,37.1801681000001],[-90.528613,37.1810953],[-90.52789,37.1810951],[-90.5251019999999,37.1810942000001],[-90.5250309999999,37.1845432000001],[-90.524531,37.1847902000001],[-90.524533,37.1851921],[-90.524636,37.1874187000001],[-90.52404,37.1876038],[-90.522856,37.1878941000001],[-90.5222219999999,37.1880484000001],[-90.521987,37.1881057],[-90.521719,37.1881710000001],[-90.521692,37.1881775000001],[-90.521176,37.1883031],[-90.519284,37.1887639],[-90.517371,37.1892324],[-90.516237,37.1895255000001],[-90.516138,37.1895497000001],[-90.516171,37.1896228],[-90.514538,37.1900137000001],[-90.514058,37.1901558000001],[-90.513743,37.1901994],[-90.5133939999999,37.1902615000001],[-90.513003,37.1903417],[-90.512581,37.1904361],[-90.512141,37.1905411000001],[-90.511694,37.1906529],[-90.511251,37.1907683000001],[-90.510825,37.190883],[-90.5104249999999,37.1909944000001],[-90.510056,37.1911021000001],[-90.50972,37.1912063],[-90.509423,37.1913069],[-90.5091649999999,37.1914045],[-90.508952,37.1914982000001],[-90.508788,37.191587],[-90.508645,37.1916901000001],[-90.5084879999999,37.1917496],[-90.508372,37.1917978000001],[-90.508249,37.1918576],[-90.508092,37.1919438],[-90.507877,37.1920707],[-90.507582,37.1922516000001],[-90.5071839999999,37.1924986000001],[-90.506653,37.1928301],[-90.506447,37.1929298000001],[-90.506228,37.1930421000001],[-90.505906,37.1932156],[-90.5054049999999,37.1934937],[-90.504647,37.1939201000001],[-90.5042519999999,37.1941433000001]],[[-90.640042734,37.1678389240001],[-90.640276086,37.1673494660001]],[[-90.6404980399999,37.1668461140001],[-90.640548094,37.1667579570001],[-90.640629132,37.1667059860001],[-90.6408657979999,37.1663067590001],[-90.641089366,37.1659296220001],[-90.641230674,37.1656137510001],[-90.641347781,37.1652348870001],[-90.6414044429999,37.165051572],[-90.6415883179999,37.16468382],[-90.641670576,37.164561469],[-90.641875371,37.164268899],[-90.642262279,37.16391086],[-90.64263204,37.163631486],[-90.642710838,37.1635371360001],[-90.642950548,37.1627508870001],[-90.6438421189999,37.1612546470001],[-90.644131078,37.1606519540001],[-90.6441496479999,37.160503388],[-90.6441421709999,37.160408121],[-90.6438951659999,37.159232381],[-90.643844827,37.158771621],[-90.643863014,37.1580563460001],[-90.6438759649999,37.1575469750001],[-90.643940264,37.157054595],[-90.644067016,37.1567503530001],[-90.6443130919999,37.156504297],[-90.6446693669999,37.156302114],[-90.645129036,37.1562062290001],[-90.645312724,37.1563862950001],[-90.646727506,37.156400987],[-90.646862743,37.1553461120001],[-90.6470934449999,37.1550516990001],[-90.64744454,37.1548747580001],[-90.647771479,37.1548202710001],[-90.6480892659999,37.153942317],[-90.648332518,37.1532702740001],[-90.648499274,37.153022542],[-90.648844766,37.1527786680001],[-90.64920768,37.1526749770001],[-90.6517460169999,37.1526942520001],[-90.6517810299999,37.152694577],[-90.6519074129999,37.152689593],[-90.6520029379999,37.1526848170001],[-90.65212722,37.152678603],[-90.6521847609999,37.152671803],[-90.6522348399999,37.152664648],[-90.6523825689999,37.1526104810001],[-90.6530049309999,37.1521962140001],[-90.652474647,37.1512303420001],[-90.6524065999999,37.151067071],[-90.652337635,37.1508946490001],[-90.652357283,37.150639136],[-90.652420646,37.150353988],[-90.65260309,37.150070188],[-90.652902673,37.149837178],[-90.6531955299999,37.149683048],[-90.653612831,37.149545225],[-90.6541595039999,37.1493646720001],[-90.655831356,37.1492620870001],[-90.6570211059999,37.14932509],[-90.657354837,37.14934363],[-90.658138252,37.149421429],[-90.658961108,37.1495480240001],[-90.65900785,37.149542715],[-90.6592193399999,37.1494307510001],[-90.659293178,37.149391661],[-90.6596210009999,37.1492664190001],[-90.660016306,37.149220803],[-90.660492969,37.14924346],[-90.660529159,37.1492453160001],[-90.66059236,37.149257956],[-90.661272807,37.149391504],[-90.661757971,37.1494410120001],[-90.662356806,37.1495988880001],[-90.662843143,37.1497271040001],[-90.663414991,37.149731694],[-90.664023355,37.1498252960001],[-90.664441403,37.149956683],[-90.664728483,37.150087179],[-90.664918475,37.150215981],[-90.6650488989999,37.150311597],[-90.665254288,37.150474699],[-90.665724812,37.1503035980001],[-90.6661174179999,37.1502322150001],[-90.6666760159999,37.1501532580001],[-90.667122511,37.1500904270001],[-90.6674480409999,37.150044618],[-90.6676890899999,37.1500106980001],[-90.6679567259999,37.149973037],[-90.66896636,37.1498309620001],[-90.669525643,37.1497537490001],[-90.670676139,37.1496640300001],[-90.671713051,37.149583168],[-90.672593247,37.149536845],[-90.672638398,37.1495105070001],[-90.6728818459999,37.1492873440001],[-90.6731667879999,37.149140586],[-90.673944556,37.148888064],[-90.674378594,37.148703098],[-90.6747510659999,37.1486733020001],[-90.675195391,37.1486716900001],[-90.675729078,37.1487241740001],[-90.676226007,37.1490006120001],[-90.6769853659999,37.1494230390001],[-90.677246645,37.149568387],[-90.678071075,37.1501107600001],[-90.678142548,37.1501578840001],[-90.678229072,37.1501949660001],[-90.678496996,37.1502344720001],[-90.679315817,37.150127888],[-90.6799508889999,37.150043211],[-90.680670837,37.1500222280001],[-90.681798825,37.1500921030001],[-90.682845665,37.1501110520001],[-90.682901895,37.150112069]],[[-90.6969887239999,37.154769209],[-90.6979267089999,37.153639416],[-90.698160445,37.15335029],[-90.698317166,37.152637806]],[[-90.632925061,37.1784173560001],[-90.63300886,37.178424486],[-90.633666348,37.1784274620001],[-90.6345505629999,37.178431463],[-90.63496386,37.178423631],[-90.635901201,37.178372483],[-90.63609948,37.1783275390001],[-90.6361915639999,37.1782814950001],[-90.636277921,37.1781872920001],[-90.636354801,37.1778968580001],[-90.636362101,37.1778673520001],[-90.63638773,37.1774572640001],[-90.636403566,37.17720388],[-90.636418255,37.1769688520001],[-90.6364416099999,37.176595155],[-90.6365360569999,37.1761621040001],[-90.636840971,37.175757069],[-90.63721107,37.1752654420001],[-90.637385863,37.1749033770001],[-90.637482075,37.17470408],[-90.637600956,37.174407972],[-90.637782868,37.1739515990001],[-90.637966376,37.1734912220001],[-90.6383361319999,37.1725635810001],[-90.638503336,37.1721441],[-90.6386265839999,37.1718348910001],[-90.638878532,37.1712728630001],[-90.639049459,37.1709624540001],[-90.6396386169999,37.169907536],[-90.639779646,37.1696550120001],[-90.639892252,37.169453382],[-90.639904727,37.1680182210001],[-90.6400427309999,37.1678389250001]],[[-90.5480302139999,37.187419106],[-90.548202126,37.187472631],[-90.548282253,37.187475111],[-90.5484138739999,37.187478845],[-90.548465234,37.185890859],[-90.548545516,37.1834082840001],[-90.548465934,37.183321628],[-90.548467044,37.1831872770001],[-90.54847233,37.182548352],[-90.548459609,37.182199113],[-90.5478881239999,37.1801102110001],[-90.547890255,37.1777680980001],[-90.547890594,37.177398999],[-90.549005703,37.1768368410001],[-90.550611826,37.1767338590001],[-90.551242975,37.176976752],[-90.554893803,37.1765456690001],[-90.5556308829999,37.176609128],[-90.5560769269999,37.176553885],[-90.556268892,37.176527514],[-90.55733859,37.1763696100001],[-90.5575379789999,37.17634042],[-90.557752497,37.1763044470001],[-90.558303642,37.1762126610001],[-90.558544227,37.176441934],[-90.559619362,37.175479024],[-90.5598803249999,37.174650161],[-90.562693817,37.174126551],[-90.563051552,37.174059969],[-90.5630426499999,37.174668441],[-90.564841504,37.17469692],[-90.5649233999999,37.1746464490001],[-90.565009297,37.1746004290001],[-90.5650988189999,37.174559076],[-90.565191574,37.174522562],[-90.565287149,37.1744910520001],[-90.5653851279999,37.1744646810001],[-90.5654850809999,37.1744435780001],[-90.565586557,37.1744278190001],[-90.5656891099999,37.174417491],[-90.565792309,37.1744126250001],[-90.5658956729999,37.1744132490001],[-90.5659987619999,37.1744193540001],[-90.566101109,37.174430924],[-90.5662022819999,37.1744478970001],[-90.5663018239999,37.174470209],[-90.5663992889999,37.1744977480001],[-90.566494265,37.174530406],[-90.566586324,37.174568035],[-90.566675059,37.1746104630001],[-90.566760077,37.174657508],[-90.5668410069999,37.1747089670001],[-90.566895249,37.1747476370001],[-90.5708204969999,37.175883775],[-90.5708679139999,37.175948207],[-90.5709211019999,37.176009686],[-90.570979784,37.1760678750001],[-90.5710436539999,37.176122465],[-90.5711123519999,37.176173151],[-90.5711855069999,37.1762196760001],[-90.571262734,37.1762617700001],[-90.571343612,37.176299225],[-90.571427711,37.1763318210001],[-90.571514565,37.176359398],[-90.571603721,37.176381802],[-90.571694685,37.1763989080001],[-90.5717869759999,37.1764106270001],[-90.571880089,37.176416897],[-90.571973532,37.176417681],[-90.572066789,37.1764129810001],[-90.572159365,37.176402817],[-90.572250764,37.1763872430001],[-90.572340485,37.1763663420001],[-90.57242805,37.1763402350001],[-90.572512983,37.1763090490001],[-90.572594829,37.176272969],[-90.572618876,37.1762611400001],[-90.576648942,37.1761031120001],[-90.576712722,37.176083948],[-90.576778587,37.1760700190001],[-90.576845874,37.17606146],[-90.576913889,37.176058352],[-90.576981954,37.1760607320001],[-90.577049367,37.1760685790001],[-90.5771154619999,37.1760818120001],[-90.5771795539999,37.1761002960001],[-90.5772409959999,37.1761238450001],[-90.577299175,37.1761522090001],[-90.577353489,37.176185122],[-90.5774033979999,37.176222227],[-90.577448383,37.176263168],[-90.577488005,37.1763075170001],[-90.5775218479999,37.176354835],[-90.577549575,37.176404629],[-90.5775709059999,37.1764564060001],[-90.577575043,37.1764690140001],[-90.5809922289999,37.1765133100001],[-90.581066788,37.176846825],[-90.581633777,37.177085306],[-90.581915641,37.1770927110001],[-90.582815868,37.1771092390001],[-90.582870144,37.177109784],[-90.585105594,37.177132207],[-90.585146642,37.177000687],[-90.585760178,37.177006943],[-90.5858503809999,37.177137503],[-90.586162558,37.1770757410001],[-90.586486153,37.177005933],[-90.587339198,37.17702525],[-90.5875630209999,37.176731853],[-90.5875448209999,37.1764084080001],[-90.58751702,37.1759143580001],[-90.588039328,37.17593379],[-90.598296949,37.176218465],[-90.5989823899999,37.1747511500001],[-90.6032291129999,37.1743670320001],[-90.603980716,37.174299029],[-90.605027133,37.173537025],[-90.605911466,37.1724169070001],[-90.6064013129999,37.172419228],[-90.6065357099999,37.1724191110001],[-90.606957494,37.1724142140001],[-90.6073808829999,37.172405276],[-90.607798335,37.172392899],[-90.608204187,37.172377555],[-90.6085878119999,37.172359935],[-90.60894707,37.1723405110001],[-90.609285294,37.172320092],[-90.609608803,37.1722994900001],[-90.609922216,37.172279642],[-90.610234899,37.1722611920001],[-90.6105502629999,37.1722451680001],[-90.6108763559999,37.172232321],[-90.6112177799999,37.1722235840001],[-90.6116220329999,37.172216897],[-90.61184236,37.1726162460001],[-90.6126901119999,37.1726255680001],[-90.612782231,37.172627936],[-90.612996037,37.1726358350001],[-90.613146606,37.1726442980001],[-90.613726341,37.1727168140001],[-90.6139026869999,37.1727080950001],[-90.614104319,37.1726908730001],[-90.614314532,37.1726663750001],[-90.6145305919999,37.172635255],[-90.614750943,37.17259807],[-90.6149734099999,37.172555448],[-90.61519621,37.172507986],[-90.6154167129999,37.172456449],[-90.61563405,37.172401343],[-90.615846468,37.172343874],[-90.616051943,37.172285479],[-90.61624911,37.172227385],[-90.616437151,37.172170672],[-90.61661475,37.1721165810001],[-90.616772765,37.17206873],[-90.616920353,37.172025203],[-90.617052959,37.171988303],[-90.617174811,37.171957907],[-90.617290353,37.171933901],[-90.617403547,37.1719163650001],[-90.617517256,37.171905408],[-90.6176348019999,37.171900807],[-90.6177588469999,37.1719020690001],[-90.617893728,37.17190858],[-90.618042411,37.171919717],[-90.618202638,37.1719347490001],[-90.618369699,37.1719528150001],[-90.618540791,37.1719733200001],[-90.618708967,37.171995194],[-90.618872319,37.1720180230001],[-90.6190250769999,37.172040848],[-90.619162247,37.172062877],[-90.619281722,37.172083721],[-90.619384189,37.172103451],[-90.619472324,37.172122475],[-90.619548112,37.172141099],[-90.619614167,37.172159795],[-90.61967166,37.17217865],[-90.619722865,37.172197999],[-90.619768285,37.172217398],[-90.619811203,37.1722375680001],[-90.619852318,37.172258942],[-90.619892163,37.1722820420001],[-90.61993047,37.1723070510001],[-90.619967133,37.172334182],[-90.620001932,37.172363584],[-90.620034398,37.172395029],[-90.620064387,37.1724284430001],[-90.620090289,37.1724611770001],[-90.620113429,37.172491446],[-90.6201366599999,37.172520025],[-90.620162877,37.172548467],[-90.6201954539999,37.17257866],[-90.620237835,37.1726119260001],[-90.6202932369999,37.172648886],[-90.62042149,37.1727222920001],[-90.6204600569999,37.172871371],[-90.620484184,37.172946917],[-90.620514031,37.173013262],[-90.62055911,37.17308695],[-90.6206300169999,37.17318218],[-90.6207353619999,37.173309803],[-90.620882959,37.1734806040001],[-90.621265588,37.1739165330001],[-90.621572681,37.174041437],[-90.6217817129999,37.1741347830001],[-90.622008889,37.174242292],[-90.622245715,37.174359006],[-90.62248635,37.174481246],[-90.6227214749999,37.1746036580001],[-90.622944945,37.174722546],[-90.623147054,37.1748322540001],[-90.6232392759999,37.174883462],[-90.623479391,37.1750485750001],[-90.6235782049999,37.1751165260001],[-90.623610207,37.1751355530001],[-90.6237205799999,37.175204717],[-90.623813508,37.175267063],[-90.623892407,37.1753248170001],[-90.6239587439999,37.175378967],[-90.6240153109999,37.1754314500001],[-90.624063205,37.17548272],[-90.62410397,37.1755334650001],[-90.624138628,37.175583562],[-90.624168803,37.1756333010001],[-90.6241959719999,37.1756826270001],[-90.6242195029999,37.1757275690001],[-90.624248999,37.1757839790001],[-90.624278966,37.1758392080001],[-90.624312955,37.175897481],[-90.624355441,37.1759622910001],[-90.6244115269999,37.1760373810001],[-90.624486783,37.176126633],[-90.624585909,37.176232499],[-90.624714114,37.176358061],[-90.62487573,37.176505461],[-90.6250772129999,37.1766788150001],[-90.6252258659999,37.1765997480001],[-90.625444525,37.1767281680001],[-90.6255034819999,37.1767627890001],[-90.625803919,37.176927952],[-90.626069876,37.1770599870001],[-90.626314834,37.1771651980001],[-90.626551095,37.177249477],[-90.626790176,37.1773188380001],[-90.62704388,37.177379875],[-90.627325538,37.177439591],[-90.6276466,37.1775041020001],[-90.628014333,37.177577039],[-90.6284266119999,37.177659764],[-90.628891962,37.17775572],[-90.629405726,37.1778657420001],[-90.6299742429999,37.1779928780001],[-90.630598451,37.178139085],[-90.631297113,37.1783106560001],[-90.632925055,37.178417358]],[[-90.6402774259999,37.167348932],[-90.6401547149999,37.167036339]],[[-90.682901895,37.150112069],[-90.684037589,37.1501326260001],[-90.684367875,37.150179807],[-90.684388866,37.150238142],[-90.6846076799999,37.1503010280001],[-90.684933495,37.1503981500001],[-90.685309061,37.150509981],[-90.6857074439999,37.150629477],[-90.6858895879999,37.150715108],[-90.686101126,37.150819125],[-90.686337895,37.150935545],[-90.6865861319999,37.1510576040001],[-90.6867306629999,37.1511291090001],[-90.686928063,37.151226858],[-90.6871478049999,37.151335434],[-90.6882252179999,37.151862631],[-90.688537092,37.1520742280001],[-90.689464639,37.152480153],[-90.6900604529999,37.1527413220001],[-90.690899035,37.1529078770001],[-90.6913199699999,37.1529622130001],[-90.6919247979999,37.153027557],[-90.692153068,37.153673293],[-90.693101547,37.153716553],[-90.693310538,37.1537810250001],[-90.694413035,37.154091039],[-90.6950058049999,37.153997008],[-90.695323199,37.153814286],[-90.695461681,37.153890333],[-90.695663982,37.1540014240001],[-90.6958496459999,37.154102584],[-90.6959159039999,37.154140732],[-90.695898373,37.1542127160001],[-90.696028735,37.1542841450001],[-90.696370536,37.154470073],[-90.696732523,37.1546697740001],[-90.696837911,37.1547275190001],[-90.6969887239999,37.154769209]],[[-90.6401547149999,37.167036339],[-90.640411536,37.167008018],[-90.640498038,37.166846111]],[[-90.5042519999999,37.1941433000001],[-90.503838,37.1940546000001],[-90.5036699999999,37.1941492],[-90.501782,37.1952182000001],[-90.5011729999999,37.1955708],[-90.500107,37.1961884]],[[-90.698317166,37.152637806],[-90.69829745,37.152627265],[-90.698317495,37.1525978660001],[-90.6983346709999,37.1525899260001],[-90.698328691,37.152571998],[-90.6981394969999,37.15249944],[-90.698099068,37.152491501]],[[-90.529423,37.0242086000001],[-90.5297629999999,37.0253058000001]],[[-90.5351879949999,37.0405902050001],[-90.5351719939999,37.0406010990001],[-90.5350109999999,37.0406977000001],[-90.531250996,37.0430558940001],[-90.531164007,37.043190698],[-90.528464581,37.044885859],[-90.528195349,37.044869018],[-90.527038582,37.045597333],[-90.52641923,37.0459873500001],[-90.525811813,37.046370639],[-90.5252648649999,37.046715772],[-90.5252548989999,37.0467958680001],[-90.5247660049999,37.047107198],[-90.5247709939999,37.0472132],[-90.524363002,37.0474726],[-90.5243149999999,37.047503303],[-90.5221369989999,37.0488878030001],[-90.521482996,37.049421307],[-90.520892997,37.0498790990001],[-90.519834134,37.0507001],[-90.519805,37.0508522040001]],[[-90.5297629999999,37.0253058000001],[-90.5296289999999,37.0253656],[-90.5302369999999,37.0252454000001],[-90.530252,37.0250855],[-90.530313,37.0252307000001]],[[-90.548993368,36.9826073580001],[-90.549072745,36.982650597],[-90.5490425999999,36.9831286410001],[-90.54871747,36.98834313],[-90.548874991,36.98846195],[-90.548872601,36.988532485],[-90.548642413,36.992195687],[-90.5494599039999,36.992212882],[-90.5494375769999,36.992833848],[-90.549042733,36.993132975],[-90.549098322,36.993944497],[-90.5490984639999,36.993946527],[-90.5491076279999,36.9941364200001],[-90.54900164,36.994622846],[-90.5489481659999,36.995105424],[-90.548543963,36.9963237060001],[-90.5483107959999,36.9985809470001],[-90.54818589,36.9991004340001],[-90.5472992539999,37.000339824],[-90.5466375089999,37.0009314370001],[-90.5461390679999,37.0012518520001],[-90.545591292,37.0015204790001],[-90.5449318669999,37.001750284],[-90.544665718,37.0018173],[-90.544393369,37.001874195],[-90.54407853,37.0019245560001],[-90.54376079,37.0019558810001],[-90.543442494,37.00197289],[-90.5429743349999,37.0019693890001],[-90.54144058,37.001943429],[-90.540435411,37.0019086390001],[-90.538433892,37.001903036],[-90.538232223,37.0019113170001],[-90.538032893,37.0019320910001],[-90.537864472,37.001956917],[-90.53764017,37.002005023],[-90.537450779,37.0020590170001],[-90.5372653919999,37.002123741],[-90.5370856549999,37.0021994840001],[-90.536912543,37.002283014],[-90.536669482,37.0024652210001],[-90.5363267719999,37.0027138240001],[-90.5361533449999,37.0028343320001],[-90.535141486,37.003518882],[-90.5343093719999,37.004039199],[-90.533927708,37.004444865],[-90.533779757,37.0045932250001],[-90.533300695,37.005451666],[-90.532424056,37.0071666380001],[-90.532520524,37.0071991780001],[-90.532453791,37.0073504860001],[-90.53230741,37.007316901],[-90.531651245,37.0086806840001],[-90.530934157,37.008495893],[-90.530856044,37.008635897],[-90.530771928,37.008662777],[-90.530680646,37.0088632850001],[-90.530572164,37.009029426],[-90.5304365589999,37.0091855430001],[-90.5303570139999,37.00924422],[-90.5302134309999,37.009344302],[-90.529992556,37.009480943],[-90.529219083,37.0099826310001],[-90.528813444,37.0102926320001],[-90.528083495,37.010851426],[-90.527627928,37.0113197410001],[-90.525690592,37.0123049370001],[-90.526592637,37.0151068700001],[-90.526630929,37.0152257870001],[-90.5269083,37.016088352],[-90.5272441399999,37.0162187330001],[-90.527240811,37.0163217210001],[-90.527849405,37.0183095620001],[-90.527907697,37.0183460910001],[-90.527877253,37.018404627],[-90.528238563,37.0195851020001],[-90.528207991,37.0196469950001],[-90.528272207,37.0196827600001],[-90.528331166,37.01988853],[-90.528336901,37.0199043960001],[-90.528323504,37.019914131],[-90.5283161529999,37.0199206610001],[-90.528309173,37.0199343510001],[-90.52830706,37.0199443290001],[-90.528308508,37.019954856],[-90.52831467,37.0199664410001],[-90.5283273809999,37.019978155],[-90.528335516,37.0199840490001],[-90.528347888,37.0199876530001],[-90.528362725,37.0199884370001],[-90.528366811,37.0199999710001],[-90.528390516,37.020075859],[-90.528404154,37.0201239140001],[-90.528724147,37.0200672290001],[-90.529971222,37.024119327]],[[-90.519805,37.0508522000001],[-90.51888,37.0515607],[-90.518002,37.0522568000001],[-90.5171769999999,37.0529398],[-90.515802,37.054151],[-90.515366,37.0545422000001],[-90.515205,37.054674],[-90.5149709999999,37.0551826000001],[-90.514778,37.0555373],[-90.514666,37.0557486000001],[-90.514582,37.0559336],[-90.51455,37.0560193000001],[-90.514504,37.0561838],[-90.514486,37.0562882],[-90.514129,37.056697],[-90.513722,37.0572132],[-90.51348,37.0574891000001],[-90.513179,37.0578075],[-90.512908,37.0580793],[-90.5123859999999,37.058547],[-90.511889,37.0589563],[-90.511338,37.0593836000001],[-90.510748,37.0598220000001],[-90.510135,37.0602646],[-90.509515,37.0607048],[-90.507773,37.0619429000001],[-90.506837,37.0626457000001],[-90.506435,37.0629612000001],[-90.505728,37.0635374],[-90.505506,37.0637227],[-90.505408,37.0638048000001],[-90.50449,37.0645669],[-90.50377,37.0651163000001],[-90.5027459999999,37.0658183],[-90.5012189999999,37.0667806000001],[-90.500209,37.0673918000001],[-90.499691,37.0676671]],[[-90.530313,37.0252307000001],[-90.5305509999999,37.0260040000001],[-90.532056,37.0308879],[-90.532169,37.0312270000001],[-90.532192,37.031295],[-90.53237,37.0317150000001],[-90.5325809999999,37.0321265000001],[-90.533251,37.0331996],[-90.5338629999999,37.0341731],[-90.5341089999999,37.0345610000001],[-90.5348989999999,37.0357689000001],[-90.535657,37.0369249],[-90.536171,37.0377129],[-90.536243,37.0378679],[-90.536302,37.0380227],[-90.536348,37.0381817000001],[-90.5363809999999,37.0383428000001],[-90.536402,37.0385035],[-90.5364089999999,37.0386661000001],[-90.5364039999999,37.0388285000001],[-90.5363849999999,37.0389905000001],[-90.536353,37.0391525000001],[-90.5363089999999,37.0393117],[-90.5362509999999,37.0394664],[-90.5361819999999,37.0396210000001],[-90.5361,37.0397691000001],[-90.5360669999999,37.0398236],[-90.5357079999999,37.0401607000001],[-90.5355969999999,37.0402721],[-90.535464,37.0403891],[-90.535322,37.0404994],[-90.5351879999999,37.0405902]],[[-90.529971,37.0241193],[-90.530016,37.0242561000001],[-90.529861,37.0240614],[-90.529567,37.0241139],[-90.529237,37.0242243000001],[-90.529423,37.0242086000001]]]},"properties":{"id":"uniti-regional-20260919-0a9b6a0cd9375eda8c63","sourceId":"uniti-regional-20260919","source":"Uniti Wholesale regional transport network","sourceUrl":"https://www.unitiwholesale.com/network-map/","name":"Uniti Wholesale regional transport network","carrier":"Uniti Wholesale","category":"unknown","routeStatus":"Publisher network map; current operating status unverified","evidence":"publisher_route","geometryQuality":"publisher_geometry_unverified","dataDate":null,"metadataModified":"2025-06-13T12:55:45+00:00","retrievedAt":"2026-09-19T13:31:26.703698+00:00","networkType":"Carrier-published regional transport geometry; not a surveyed cable alignment","serviceability":"Unconfirmed","routeDiversity":"Unconfirmed","states":["MO"],"publishedLineParts":18,"importBatch":"20260919","sourceRecordIds":["19629","19630","19633","19634","19635","19639","19641","19643","19644","19646","19648","22490","22492","22499","22500","22503","22504","22506"]},"bbox":[-90.6983346709999,36.9826073580001,-90.499691,37.1961884]},{"type":"Feature","geometry":{"type":"MultiLineString","coordinates":[[[-90.6347813679999,38.583986091],[-90.634066111,38.583931675],[-90.631476117,38.583543697],[-90.630466975,38.5834183740001],[-90.628555288,38.583236254],[-90.6282373179999,38.58318109],[-90.627757672,38.5831407570001],[-90.627419004,38.5832197180001],[-90.6271041679999,38.5831639030001],[-90.6270551329999,38.583261126]],[[-90.583161506,38.592813053],[-90.5830422929999,38.5928113250001],[-90.580930344,38.592746124],[-90.5783272049999,38.592766522],[-90.5754947309999,38.5927886540001],[-90.5677087829999,38.5928491550001],[-90.559604257,38.592908709],[-90.5525830459999,38.5929635100001],[-90.539802611,38.5930930430001],[-90.537143742,38.593044756],[-90.5369372769999,38.59304461],[-90.5351120019999,38.593043403],[-90.531658071,38.593040998]],[[-90.615217242,38.583854182],[-90.614369139,38.584364722]],[[-90.6545160099999,38.585885992],[-90.654392226,38.5857910070001],[-90.6541226589999,38.58572073],[-90.6537711839999,38.5856388400001],[-90.65341681,38.585571051],[-90.652745266,38.5855289240001],[-90.652049886,38.585484169],[-90.651048584,38.585386789],[-90.650341687,38.585333899],[-90.649794802,38.5852723030001],[-90.648186736,38.5851739560001],[-90.647343595,38.58529494],[-90.647068009,38.585286834],[-90.644994711,38.585225838],[-90.643690895,38.5852805320001],[-90.6428047629999,38.58492642],[-90.642494988,38.5850967110001],[-90.6424613619999,38.585116429],[-90.642048903,38.585028434],[-90.641702702,38.5848586000001],[-90.641153184,38.5847496330001],[-90.640072612,38.58454243],[-90.639030148,38.5844435540001],[-90.637638538,38.58432818],[-90.6347813679999,38.583986091]],[[-90.746853344,38.577948108],[-90.745624162,38.578248699],[-90.745387966,38.5781717880001],[-90.74484747,38.578318155],[-90.744622728,38.5783802810001],[-90.743858786,38.5785844440001],[-90.742955187,38.5788000140001],[-90.7421162859999,38.578954803],[-90.741267576,38.5789182400001],[-90.740416308,38.578769354],[-90.7396317339999,38.578598577],[-90.7389285089999,38.578259315],[-90.738275917,38.578048188],[-90.7380458659999,38.577974075],[-90.7374334089999,38.57763713],[-90.73677536,38.577184372],[-90.735955863,38.576749121],[-90.7351262129999,38.576542182],[-90.734260537,38.576475584],[-90.733567227,38.576452553],[-90.7331696689999,38.5764466620001],[-90.732925063,38.5762597080001],[-90.732257298,38.5765152110001],[-90.731655694,38.5769371220001],[-90.73120325,38.5774704230001]],[[-90.685357502,38.5817343890001],[-90.6853179729999,38.581737581],[-90.684840649,38.582418196]],[[-90.6270551329999,38.583261126],[-90.626616352,38.583233159],[-90.6260425689999,38.5832001790001],[-90.625448827,38.5831657380001],[-90.624887341,38.5831141140001],[-90.6243989719999,38.5831215860001],[-90.624113708,38.5831609],[-90.6236369229999,38.583254812],[-90.623088722,38.583261501],[-90.622633564,38.583256099],[-90.622157105,38.583233228],[-90.621551035,38.5832324840001],[-90.62105815,38.5832247550001],[-90.620598848,38.5830368520001],[-90.620448201,38.583039845],[-90.620116135,38.5830228520001],[-90.619691469,38.583023846],[-90.619325208,38.58300538],[-90.618829896,38.5829868160001],[-90.6185256649999,38.582959267],[-90.6183104289999,38.5830122560001],[-90.617518735,38.583205816],[-90.616974863,38.5833938690001],[-90.615665942,38.5836813660001]],[[-90.614369139,38.584364722],[-90.6140585809999,38.584526243],[-90.61398665,38.5845617790001],[-90.612203419,38.5854426860001],[-90.6105773099999,38.5862969460001],[-90.609207693,38.587075871],[-90.6075634539999,38.5881117500001],[-90.606487277,38.587930487],[-90.60507431,38.58800466],[-90.6030999549999,38.5886093330001],[-90.600860434,38.589052817],[-90.599071021,38.5895690610001],[-90.5976757189999,38.5899506690001],[-90.594857109,38.590716601],[-90.593257654,38.5911875890001],[-90.591542245,38.5917074700001],[-90.589722755,38.5922578940001],[-90.5896686839999,38.592291978],[-90.589658748,38.592298229],[-90.588907413,38.592510986],[-90.587897302,38.592765861],[-90.587862919,38.592774921],[-90.587780255,38.592796703],[-90.587688355,38.5928230210001],[-90.587597852,38.5928344970001],[-90.585981815,38.592780731],[-90.583161511,38.5928130500001]],[[-90.531658071,38.593040998],[-90.527142477,38.5930752350001],[-90.5227193869999,38.593229431],[-90.520477155,38.593307721],[-90.519156573,38.593332756],[-90.518588669,38.5932918250001],[-90.514310472,38.5930544980001],[-90.509862291,38.592908864],[-90.506215492,38.5927726250001],[-90.505686659,38.592754294],[-90.502258367,38.592695682],[-90.5012841779999,38.5928144600001],[-90.49658958,38.593955044],[-90.493450728,38.5948352770001],[-90.492740063,38.59503612]],[[-90.73120325,38.5774704230001],[-90.730698059,38.5780758540001],[-90.7304564249999,38.5783297080001],[-90.730192539,38.578613115],[-90.729694208,38.5791757600001],[-90.729466223,38.5794223310001],[-90.729192626,38.5797229470001],[-90.728783439,38.5801723540001],[-90.728338644,38.5806755570001],[-90.728036038,38.580991752],[-90.72775266,38.5813030370001],[-90.727316454,38.58184822],[-90.726534757,38.5827102210001],[-90.7264736929999,38.582969765],[-90.726363506,38.5830158410001],[-90.7260896389999,38.5831237240001],[-90.725612568,38.5833555830001],[-90.725146588,38.5835505910001],[-90.7248431629999,38.5836868170001],[-90.723922807,38.5839896260001],[-90.723351254,38.583859671],[-90.72250988,38.583971956],[-90.721810125,38.584052451],[-90.720963634,38.5841543970001],[-90.7201143409999,38.584259441],[-90.719665908,38.58432212],[-90.719239202,38.584268965],[-90.7190664939999,38.584222938],[-90.718750729,38.584146294],[-90.718137309,38.5839715120001],[-90.717532825,38.5837992240001],[-90.7167076859999,38.583571265],[-90.716210481,38.583639184],[-90.7155687,38.583417222],[-90.715127627,38.5832861320001],[-90.714697859,38.583093841],[-90.714344188,38.5829247250001],[-90.7136567529999,38.582594207],[-90.713362498,38.582441014],[-90.712595178,38.582081572],[-90.711554628,38.5815980890001],[-90.7108540789999,38.5813908580001],[-90.710382206,38.5813145340001],[-90.7096983979999,38.5811634660001],[-90.709223187,38.5811868500001],[-90.708983847,38.5808901940001],[-90.707806583,38.580726547],[-90.707634233,38.5807027440001],[-90.707171865,38.58064102],[-90.706830939,38.5805878200001],[-90.706696827,38.580563565],[-90.7060400999999,38.580472882],[-90.705012203,38.580331265],[-90.7038733699999,38.5801807130001],[-90.703119375,38.580060453],[-90.702754506,38.580002247],[-90.701606386,38.579869839],[-90.700389883,38.5797056110001],[-90.69936372,38.579553998],[-90.698274722,38.579393595],[-90.697058194,38.579240815],[-90.6959878339999,38.5790857470001],[-90.694908585,38.5789350590001],[-90.694084399,38.5788304390001],[-90.693155514,38.5787031140001],[-90.692085824,38.5786461760001],[-90.6912042449999,38.578653478],[-90.6901626759999,38.578510188],[-90.688999786,38.5785363860001],[-90.6877479189999,38.5785287370001],[-90.686313116,38.5785472700001],[-90.6862723089999,38.578546862]],[[-90.686272306,38.5785468650001],[-90.685937173,38.578550174],[-90.685147335,38.581032779],[-90.685290831,38.58166563],[-90.685357502,38.5817343890001]],[[-90.615665947,38.583681368],[-90.615524146,38.5837121760001],[-90.615419048,38.583764021],[-90.6153782979999,38.583786074],[-90.6153359799999,38.5838020000001],[-90.6152905279999,38.583821603],[-90.615259183,38.58383753],[-90.615217242,38.583854182]],[[-90.684840649,38.582418196],[-90.684386091,38.582746418],[-90.683900246,38.583131128],[-90.683520659,38.583508177],[-90.683251508,38.5838039500001],[-90.682791722,38.5843399940001],[-90.682413386,38.584637989],[-90.6819836779999,38.5848686510001],[-90.68149357,38.584937133],[-90.680995979,38.5851712940001],[-90.6804526829999,38.5854211120001],[-90.680016008,38.5856702780001],[-90.679545048,38.5859733290001],[-90.6791483489999,38.586282478],[-90.67864119,38.5863532780001],[-90.678298464,38.586486633],[-90.6779571609999,38.5866790700001],[-90.67783257,38.586768539],[-90.6777201359999,38.586849972],[-90.677421458,38.586980468],[-90.676926995,38.5870835040001],[-90.676420438,38.5869427960001],[-90.675856215,38.586793976],[-90.675170125,38.5867764870001],[-90.674541823,38.5867579050001],[-90.6731176329999,38.5867289870001],[-90.6724903479999,38.586722084],[-90.6718613949999,38.5867178930001],[-90.6712351899999,38.58671099],[-90.670618492,38.5867180280001],[-90.670001474,38.5867609160001],[-90.6693908349999,38.5868036800001],[-90.668672042,38.586873875],[-90.667773508,38.586878928],[-90.6674418219999,38.5869022570001],[-90.667162073,38.5868809520001],[-90.666468328,38.5868461750001],[-90.666321571,38.586841131],[-90.665947639,38.5868282930001],[-90.665354873,38.5868052430001],[-90.664806499,38.5867427370001],[-90.6646577669999,38.586724922],[-90.664159943,38.586558622],[-90.66356909,38.586506231],[-90.663107391,38.5864654430001],[-90.662589916,38.586396243],[-90.662077287,38.5863300170001],[-90.6614871949999,38.586257711],[-90.660887804,38.586243204],[-90.660288156,38.5862311990001],[-90.659705767,38.5862314290001],[-90.659095974,38.5862157620001],[-90.658515192,38.586204927],[-90.657943144,38.5861563330001],[-90.65758311,38.586126418],[-90.656894112,38.58609654],[-90.656280554,38.586036526],[-90.655834163,38.586005642],[-90.655379334,38.585960347],[-90.6545160049999,38.585885988]]]},"properties":{"id":"uniti-regional-20260919-07a5b25abf60d4a502a2","sourceId":"uniti-regional-20260919","source":"Uniti Wholesale regional transport network","sourceUrl":"https://www.unitiwholesale.com/network-map/","name":"Uniti Wholesale regional transport network","carrier":"Uniti Wholesale","category":"unknown","routeStatus":"Publisher network map; current operating status unverified","evidence":"publisher_route","geometryQuality":"publisher_geometry_unverified","dataDate":null,"metadataModified":"2025-06-13T12:55:45+00:00","retrievedAt":"2026-09-19T13:31:26.703698+00:00","networkType":"Carrier-published regional transport geometry; not a surveyed cable alignment","serviceability":"Unconfirmed","routeDiversity":"Unconfirmed","states":["MO"],"publishedLineParts":13,"importBatch":"20260919","sourceRecordIds":["59728","59732","59749","59757","59767","59776","59777","59790","59820","59824","59862","59869","59875"]},"bbox":[-90.746853344,38.5762597080001,-90.492740063,38.59503612]},{"type":"Feature","geometry":{"type":"MultiLineString","coordinates":[[[-90.470460424,36.81028468],[-90.471248648,36.810655298],[-90.471909613,36.810965778],[-90.4726418119999,36.8113140190001],[-90.4731813449999,36.8115709260001],[-90.473718181,36.811826561],[-90.4741294519999,36.8120180700001],[-90.4750284039999,36.812436661],[-90.475377892,36.812600772],[-90.4763575119999,36.8130603920001],[-90.476916151,36.8133215340001],[-90.477553916,36.81361966],[-90.477868411,36.8137666700001],[-90.47871264,36.8141678200001],[-90.47970078,36.81463749],[-90.4803908969999,36.8149607030001],[-90.481064585,36.815276098],[-90.4812615869999,36.8153701370001],[-90.481131365,36.8155282270001],[-90.4813080609999,36.8156180720001],[-90.4817139419999,36.8158244480001],[-90.4828481819999,36.816471166],[-90.483392499,36.816867035],[-90.484364424,36.8176769740001],[-90.484511377,36.8177170490001],[-90.484653661,36.8177028200001],[-90.484868086,36.8176633520001],[-90.484914632,36.817709918],[-90.485088155,36.8178987530001],[-90.485252638,36.8180777490001],[-90.485411158,36.8182659920001],[-90.485569998,36.818464541],[-90.485718322,36.8186623060001],[-90.485856639,36.8188697780001],[-90.486035294,36.8191652470001],[-90.486128998,36.8193239610001],[-90.48624625,36.819526893],[-90.486384621,36.819766378],[-90.4865042589999,36.8199956880001],[-90.4872027649999,36.821280942],[-90.4876982499999,36.8222135470001],[-90.487869813,36.8225373020001],[-90.4880901919999,36.822947565],[-90.488239316,36.823224871],[-90.488416249,36.8235458250001],[-90.488574452,36.8238327990001],[-90.488664226,36.8239956310001],[-90.488841339,36.824329026],[-90.488983246,36.824596144],[-90.4903017349999,36.827033618],[-90.4910356769999,36.8283897470001],[-90.491791463,36.8297866500001],[-90.4929545529999,36.8319362560001],[-90.4933644919999,36.832686137],[-90.49368463,36.8332780040001],[-90.494554377,36.8348859270001],[-90.49482934,36.8353987080001],[-90.495294454,36.8362660830001],[-90.495520034,36.836677227],[-90.495820377,36.837224625],[-90.495914458,36.8373960920001],[-90.496129491,36.837796826],[-90.496178374,36.838158697],[-90.49621817,36.838357672],[-90.4962376889999,36.8385624970001],[-90.496237681,36.8387075100001],[-90.496218043,36.8389137940001],[-90.496178454,36.839190887],[-90.496128583,36.83943028],[-90.4960683,36.8397919500001],[-90.496038044,36.8400037860001],[-90.4960179879999,36.840214249],[-90.4959973539999,36.8403793530001],[-90.496017941,36.84058522],[-90.496018586,36.8405897160001],[-90.49604977,36.840755981],[-90.496135346,36.8409485270001],[-90.496312538,36.8411778540001],[-90.49645185,36.8413171500001],[-90.4965937429999,36.8414043830001],[-90.496823283,36.8415191500001],[-90.497032371,36.8415818670001],[-90.497241673,36.841634242],[-90.4975087299999,36.8416650550001],[-90.49770094,36.8416852870001],[-90.497980321,36.8417052450001],[-90.498272743,36.8417396500001],[-90.49836662,36.84191192]],[[-90.463019269,36.8070269500001],[-90.463526211,36.807276358],[-90.46423079,36.8076229920001],[-90.4648663199999,36.807935652],[-90.465647917,36.808326449],[-90.4661919489999,36.8085715660001],[-90.4670132749999,36.8089416230001],[-90.467423579,36.809126475],[-90.467515664,36.809167683],[-90.467651642,36.809228099],[-90.468717168,36.809676079],[-90.469087175,36.809856073],[-90.4697540189999,36.8101745710001],[-90.47010055,36.81038249],[-90.470267099,36.8104824160001],[-90.470401919,36.8102571470001],[-90.470460426,36.8102846840001]],[[-90.444776164,36.797501432],[-90.444866135,36.797495484],[-90.445532132,36.79745573],[-90.4460717649999,36.7974655420001],[-90.4464819569999,36.797524138],[-90.446838666,36.7976012660001],[-90.447675838,36.7979755220001],[-90.448954763,36.798705608],[-90.450139258,36.7993817730001],[-90.450569268,36.7996749650001],[-90.450657728,36.7997714570001],[-90.450893767,36.799874371],[-90.451013334,36.799934165],[-90.453589983,36.801482144],[-90.455519438,36.8026818110001],[-90.4573000619999,36.8037073250001],[-90.457715975,36.8039468370001],[-90.4578744729999,36.80403885],[-90.458662924,36.8044980600001],[-90.4593579299999,36.804918666],[-90.45993998,36.805271062],[-90.460141016,36.80539277],[-90.460453353,36.805573167],[-90.461627074,36.806251036],[-90.4620049009999,36.806469238],[-90.462087736,36.806514953]],[[-90.400517335,36.7955349110001],[-90.40048368,36.7952852810001],[-90.400501766,36.794712986],[-90.400506483,36.7943004580001],[-90.4004827219999,36.7936805410001]],[[-90.400529706,36.795315674],[-90.400591759,36.795315674],[-90.400607999,36.795315674],[-90.400848839,36.795319324],[-90.401325184,36.79532658],[-90.401852613,36.795334612],[-90.402717109,36.795347774],[-90.4040255199999,36.7953677020001],[-90.405589759,36.795393075],[-90.4079618809999,36.795432712],[-90.410598853,36.795486926],[-90.412945924,36.79552626],[-90.4149248969999,36.795565009],[-90.4158517069999,36.795583396],[-90.418878029,36.7956356550001],[-90.421841926,36.7956922910001],[-90.424507739,36.7957356470001],[-90.427016184,36.795805606],[-90.428095236,36.7958555610001],[-90.430455493,36.7959855760001],[-90.4310748499999,36.7960052500001],[-90.43203701,36.796045635],[-90.4326581609999,36.7960556570001],[-90.4343381589999,36.7960856550001],[-90.438192728,36.796163333],[-90.438423865,36.7967937240001],[-90.438877507,36.7968156720001],[-90.440031521,36.7968156760001],[-90.4403860689999,36.7968156740001],[-90.440871504,36.7968156720001],[-90.441216713,36.796873206],[-90.4416956749999,36.7970198260001],[-90.4421151079999,36.7971995830001],[-90.442905125,36.797452795],[-90.443397869,36.797545185],[-90.443800756,36.797565848],[-90.4447761659999,36.797501432]],[[-90.400483002,36.7936805050001],[-90.400481702,36.7933968620001],[-90.400538029,36.7934011520001]],[[-90.400529708,36.795315674],[-90.400549551,36.7955605490001],[-90.400517335,36.7955349110001]],[[-90.501987,36.8785978000001],[-90.501861,36.8789409],[-90.501631,36.8795211],[-90.501531,36.8798026000001],[-90.50145,36.8800442000001],[-90.501431,36.8801007000001],[-90.5013309999999,36.8803627],[-90.501271,36.8805622],[-90.501161,36.8808309],[-90.5010819999999,36.8810536],[-90.501051,36.8811423000001],[-90.500911,36.8815422000001],[-90.500641,36.8823013],[-90.500612,36.8823822000001],[-90.5005179999999,36.8823609],[-90.5002039999999,36.8822894],[-90.5001809999999,36.8823635],[-90.50012,36.8825543],[-90.499861,36.8834224],[-90.4992329999999,36.8849971000001],[-90.4987839999999,36.8858338],[-90.498147,36.8869801000001],[-90.497913,36.8873014000001],[-90.497868,36.8873419],[-90.497852,36.8873564000001],[-90.49791,36.8874431],[-90.498046,36.8876457000001],[-90.49774,36.8880448000001],[-90.497172,36.8887324],[-90.496784,36.8891505],[-90.495894,36.8900805000001],[-90.495084,36.8909508],[-90.4937839999999,36.8923405],[-90.492464,36.8937204000001],[-90.4909739999999,36.8953107],[-90.4899339999999,36.8964205],[-90.488884,36.8975204000001],[-90.487934,36.8985306000001],[-90.4872129509999,36.899003667],[-90.486701114,36.899573253],[-90.486358861,36.8999448480001],[-90.4862391199999,36.9001295210001],[-90.485933664,36.9000813810001],[-90.4852795079999,36.899768857],[-90.4849176389999,36.899656899],[-90.484931279,36.899621086],[-90.4849210259999,36.899597618]],[[-90.462087736,36.806514953],[-90.463019269,36.8070269500001]],[[-90.4004310029999,36.795554001],[-90.4004558239999,36.7955415800001],[-90.4004509979999,36.7953157],[-90.400529994,36.7953157]]]},"properties":{"id":"uniti-regional-20260919-d650a4cd7f91ef3c7700","sourceId":"uniti-regional-20260919","source":"Uniti Wholesale regional transport network","sourceUrl":"https://www.unitiwholesale.com/network-map/","name":"Uniti Wholesale regional transport network","carrier":"Uniti Wholesale","category":"unknown","routeStatus":"Publisher network map; current operating status unverified","evidence":"publisher_route","geometryQuality":"publisher_geometry_unverified","dataDate":null,"metadataModified":"2025-06-13T12:55:45+00:00","retrievedAt":"2026-09-19T13:31:26.703698+00:00","networkType":"Carrier-published regional transport geometry; not a surveyed cable alignment","serviceability":"Unconfirmed","routeDiversity":"Unconfirmed","states":["MO"],"publishedLineParts":10,"importBatch":"20260919","sourceRecordIds":["59617","59618","59620","59621","59622","59623","59624","59625","59626","72107"]},"bbox":[-90.501987,36.7933968620001,-90.4004310029999,36.9001295210001]},{"type":"Feature","geometry":{"type":"MultiLineString","coordinates":[[[-90.448227,37.1248255],[-90.448247,37.1248202],[-90.448389,37.1248233000001],[-90.448865,37.1251037000001],[-90.4491399999999,37.1251905],[-90.4502869999999,37.1258754]],[[-90.46543,37.1630863],[-90.46547,37.1646171],[-90.465433,37.1650196]],[[-90.4502869999999,37.1258754],[-90.4502219999999,37.1259824],[-90.4502429999999,37.1259901],[-90.450279,37.1260024000001]],[[-90.4502790019999,37.1260024010001],[-90.450281994,37.1260345000001],[-90.451041007,37.126512716],[-90.451178419,37.126605117]],[[-90.4486186519999,37.1253009760001],[-90.4486926599999,37.125147957],[-90.4483939019999,37.1249662220001],[-90.448260722,37.124884439],[-90.448237213,37.124839406],[-90.448226994,37.124825473]],[[-90.470586,37.1853313],[-90.470953948,37.185547156],[-90.471284559,37.185780799],[-90.4716961829999,37.186251822],[-90.4724511159999,37.187187044],[-90.472716914,37.1874996180001],[-90.473042238,37.187864372],[-90.473329601,37.1881849820001],[-90.4735764489999,37.188398052],[-90.4739144499999,37.18861285],[-90.4742336529999,37.1888000220001],[-90.474720485,37.188984777],[-90.4752491099999,37.18911989],[-90.4762814269999,37.1892586710001],[-90.4780289999999,37.1892607],[-90.4793349999999,37.1892335000001],[-90.4798289999999,37.1892386000001],[-90.480086,37.1892523000001],[-90.4802059999999,37.1892631000001],[-90.4807939999999,37.1889392],[-90.481118,37.1889055],[-90.4811339999999,37.1889039000001],[-90.481128,37.1890038000001],[-90.481237,37.1889973],[-90.4813779999999,37.1889976000001],[-90.481512,37.1890075],[-90.481611,37.1890212000001],[-90.481738,37.1890451],[-90.4818089999999,37.1890644000001],[-90.4818789999999,37.1890845],[-90.482089,37.1890174000001],[-90.482119,37.1890517000001],[-90.481474,37.1892990000001],[-90.481591,37.1894838000001],[-90.48376,37.1899415],[-90.484426,37.190092],[-90.484799,37.1902099000001],[-90.485213,37.1903731],[-90.485553,37.1905373000001],[-90.4859259999999,37.1907538],[-90.486395,37.1910502000001],[-90.487007,37.1914350000001],[-90.488257,37.1922254],[-90.4891019999999,37.192758],[-90.4891489999999,37.1927878000001],[-90.492804,37.1948748],[-90.4937639999999,37.1954226],[-90.4959229999999,37.1966535],[-90.496154,37.1967803000001],[-90.496279,37.1968326],[-90.49638,37.1968614],[-90.496478,37.1968820000001],[-90.496619,37.1969079]],[[-90.468268,37.1792679000001],[-90.468428,37.1795464],[-90.468812,37.1801733],[-90.469096,37.1806240000001],[-90.46923,37.1809483000001],[-90.469434,37.1815249],[-90.469444,37.1815546],[-90.4698079999999,37.1825566000001],[-90.4701039999999,37.1833436000001],[-90.470322,37.1839348],[-90.470399,37.1841392000001],[-90.470512,37.1848412],[-90.470586,37.1853313]],[[-90.45752,37.12985],[-90.4576365899999,37.129752534],[-90.457984911,37.1297574550001],[-90.458579755,37.130438865],[-90.4588954549999,37.1307650300001],[-90.4592297569999,37.13106903],[-90.459903238,37.1316065030001],[-90.460449441,37.132027228],[-90.460979981,37.1324658020001],[-90.46142766,37.1329131590001],[-90.462320055,37.1337956240001],[-90.4625516289999,37.13406052],[-90.4626974559999,37.134259662],[-90.4632968179999,37.1350042660001],[-90.463785001,37.1356739010001],[-90.464420994,37.1367401030001],[-90.464791001,37.1375575980001],[-90.4650439979999,37.138173704],[-90.4651310039999,37.138384805],[-90.4653059979999,37.138875102],[-90.465590004,37.139901696],[-90.4658149959999,37.141149705],[-90.465921997,37.142169295],[-90.4659460029999,37.142953301],[-90.465915998,37.144066197],[-90.4658250049999,37.144974801],[-90.465726997,37.1457413040001],[-90.465703003,37.1461254970001],[-90.465613004,37.1462105030001],[-90.465674005,37.1463421],[-90.465588998,37.147271405],[-90.465439997,37.1489965000001],[-90.465401002,37.1494495950001],[-90.465221003,37.1512642960001],[-90.465217998,37.151466903],[-90.465200996,37.152061905],[-90.465204995,37.1521777990001],[-90.465221997,37.152634796],[-90.465284004,37.1549896990001],[-90.465307004,37.1562531000001],[-90.465343005,37.157439298],[-90.4653530029999,37.1586625960001],[-90.465363,37.1589971980001],[-90.4652340059999,37.1590813010001],[-90.4652400039999,37.159237803],[-90.465380002,37.1593566],[-90.465389999,37.1598098000001],[-90.465408999,37.1607597030001],[-90.46543,37.1630862970001]],[[-90.465433,37.1650196],[-90.465378,37.165352],[-90.465495,37.1655398],[-90.4655529999999,37.1661773000001],[-90.465542,37.167903],[-90.465527,37.1683586],[-90.465568,37.1695166000001],[-90.4656179999999,37.1706290000001],[-90.465653,37.1714032],[-90.46567,37.1720347]],[[-90.451178419,37.126605114],[-90.4515501549999,37.126878234],[-90.451628157,37.1269279360001],[-90.451891495,37.127160614],[-90.452107005,37.1272256020001],[-90.4526669959999,37.127605996],[-90.4527609939999,37.127669596],[-90.454355001,37.1287426980001],[-90.454376996,37.128793602],[-90.455126994,37.129224697],[-90.4551470009999,37.1294964960001],[-90.4560020009999,37.1299881030001],[-90.456015997,37.129286505],[-90.455998996,37.129221401],[-90.456303319,37.129264624],[-90.45752,37.12985]],[[-90.46567,37.1720347],[-90.4666589999999,37.17204],[-90.466653,37.1726596],[-90.466707,37.1744994000001],[-90.4667019999999,37.1748782000001],[-90.4666759999999,37.1755455],[-90.466666,37.1760586],[-90.466663,37.1762622],[-90.466883,37.1767123000001],[-90.467616,37.1782246000001],[-90.467969,37.1787900000001],[-90.468268,37.1792679000001]],[[-90.500106997,37.196188401],[-90.500132002,37.196230504],[-90.500232996,37.196441295],[-90.500107995,37.196515199],[-90.499834995,37.1966347970001],[-90.4996219939999,37.196718699],[-90.499432004,37.196787903],[-90.499260997,37.1968442030001],[-90.499102995,37.196889603],[-90.498957005,37.196925897],[-90.4988179979999,37.196955098],[-90.498682994,37.196979196],[-90.498547006,37.196999997],[-90.498406003,37.197017099],[-90.4982590019999,37.1970291970001],[-90.498101999,37.1970351040001],[-90.497933997,37.1970337990001],[-90.497752998,37.197024105],[-90.4975569979999,37.1970050990001],[-90.497343997,37.1969758990001],[-90.497113999,37.1969362],[-90.496709999,37.1969307050001],[-90.4966189949999,37.1969079020001]],[[-90.4439629999999,37.1202035000001],[-90.443768,37.1198907],[-90.443634,37.1196793],[-90.4434899999999,37.1193547],[-90.44336,37.1190473],[-90.4432669999999,37.1187384],[-90.4431059999999,37.1180758],[-90.443067,37.1179226],[-90.443026,37.1177855],[-90.4429699999999,37.1176123000001],[-90.442888,37.1173565],[-90.442806,37.1170985],[-90.4426799999999,37.1166189],[-90.442548,37.1161811000001],[-90.442513,37.1160608000001],[-90.442487,37.1159721000001],[-90.442333,37.1154539],[-90.4422239999999,37.1150402000001],[-90.442168,37.1148202000001]],[[-90.442168279,37.114820234],[-90.441677971,37.114808553],[-90.441541893,37.114330259],[-90.441439499,37.11387776],[-90.441362127,37.11319459],[-90.4414319809999,37.1125549380001],[-90.441596227,37.1125635870001],[-90.441639567,37.1123098940001],[-90.441617593,37.1123027450001],[-90.4415986179999,37.112288979],[-90.441589343,37.1122620790001],[-90.44159302,37.112235454],[-90.441603774,37.1122186280001],[-90.4416303469999,37.1121991690001],[-90.441663062,37.112189491],[-90.441697586,37.112089338],[-90.4418173399999,37.111701614],[-90.4418722,37.1115490190001],[-90.44185146,37.111532121],[-90.441838186,37.111514032],[-90.441838811,37.1114955100001],[-90.44184689,37.111475781],[-90.4418576469999,37.111458085],[-90.441870049,37.1114472250001],[-90.441895174,37.1114433170001],[-90.4419274959999,37.1114454990001],[-90.442035844,37.111241991],[-90.4422427389999,37.1108615250001],[-90.4422282899999,37.1108508230001],[-90.442215918,37.1108334950001],[-90.442209039,37.1108177750001],[-90.442217155,37.1107964340001],[-90.4422345529999,37.110774553],[-90.442261754,37.110764018],[-90.442303435,37.110763434],[-90.4423870839999,37.1105177790001],[-90.442584204,37.110276856],[-90.4426993179999,37.110161739],[-90.4428950339999,37.1099571820001],[-90.4431616799999,37.109689374],[-90.44351105,37.109432922],[-90.444440636,37.108802848],[-90.4446458149999,37.1085291160001],[-90.446166891,37.1085726750001],[-90.4461688599999,37.108569168],[-90.4464983459999,37.1079939040001],[-90.447110073,37.1069380160001],[-90.447837271,37.105827676],[-90.447911797,37.105832524]],[[-90.447911342,37.105832535],[-90.4478807529999,37.105767832],[-90.447991729,37.1055960520001],[-90.448331111,37.105082705],[-90.448569791,37.104744063]],[[-90.4574006939999,37.094430174],[-90.4572666349999,37.0941293710001],[-90.457324069,37.094090027],[-90.457543169,37.093940837],[-90.4578029189999,37.093769589],[-90.4581000109999,37.093593973],[-90.4583587449999,37.093446559],[-90.458715914,37.0932714],[-90.459050933,37.093117885],[-90.459854294,37.0927436650001],[-90.460905258,37.092271043],[-90.4633114809999,37.091173341],[-90.4644618789999,37.0906492760001],[-90.465577937,37.090146363],[-90.466353012,37.089789093],[-90.467100823,37.089453415],[-90.467171001,37.089146696],[-90.467645003,37.0883912960001],[-90.4682340039999,37.087868697],[-90.468777996,37.087313797],[-90.469276006,37.086733198],[-90.4697250039999,37.0861279000001],[-90.4702679969999,37.0853651],[-90.4706,37.0848918990001],[-90.4709059999999,37.084463198],[-90.471049995,37.084229996],[-90.471484999,37.083528996],[-90.471914004,37.0835168990001],[-90.477796998,37.0816063020001],[-90.4789020059999,37.0812067000001],[-90.479370994,37.080861499],[-90.480994004,37.080467897],[-90.481359006,37.0803405980001],[-90.481974996,37.0801086010001],[-90.482578002,37.0798915010001],[-90.482754998,37.0798346010001],[-90.4827599979999,37.0796594030001],[-90.4829579949999,37.0796054030001],[-90.484057004,37.079260204],[-90.4839690049999,37.079012903],[-90.484768001,37.078754201],[-90.484800003,37.0787436950001],[-90.490191996,37.077049704],[-90.4904770059999,37.0769481950001],[-90.490746002,37.076828103],[-90.491000994,37.0766892990001],[-90.491239997,37.076532904],[-90.491460006,37.076360096],[-90.491659998,37.0761721040001],[-90.491839001,37.0759705990001],[-90.491996004,37.075754804],[-90.4924440029999,37.075070296],[-90.4926680029999,37.074715504],[-90.492818994,37.0744696030001],[-90.493204998,37.073886104],[-90.493553001,37.0733597990001],[-90.494356,37.0720995990001],[-90.495213999,37.0707070010001],[-90.495730005,37.070907597],[-90.496427995,37.069791696],[-90.496765996,37.069325002],[-90.497102002,37.069063701],[-90.497314003,37.068914396],[-90.497462002,37.0688129960001],[-90.498009,37.068546504],[-90.498271,37.0684476970001],[-90.498583996,37.0681333],[-90.4993460009999,37.0678189990001],[-90.4996909989999,37.067667097]],[[-90.448576547,37.1252969070001],[-90.448534038,37.125183012],[-90.448562892,37.125151154],[-90.448176324,37.124914963],[-90.448213907,37.1248392860001],[-90.448226994,37.12482548]],[[-90.452225001,37.099554993],[-90.45353541,37.0980710800001],[-90.454091852,37.097581641],[-90.455029259,37.096665262],[-90.455998011,37.095724278],[-90.4561349749999,37.095586058],[-90.457400697,37.0944301700001]],[[-90.4500949869999,37.102832542],[-90.4504154109999,37.102399092],[-90.450780362,37.101641488],[-90.451060205,37.101144435],[-90.451654086,37.100330238],[-90.452224658,37.0995550110001],[-90.452225001,37.099554993]],[[-90.448569791,37.104744063],[-90.449348238,37.103593549],[-90.4498927659999,37.1028281100001],[-90.4500949869999,37.102832542]],[[-90.448227,37.1248255],[-90.448226,37.1248077000001],[-90.448272,37.1247485000001],[-90.448005,37.1246101],[-90.448252,37.1242953],[-90.448253,37.1242944],[-90.448368,37.1241521000001],[-90.447952,37.1239004],[-90.447827,37.1238239000001],[-90.44726,37.1234801000001],[-90.447057,37.1233677000001],[-90.446967,37.1233174000001],[-90.44648,37.1230453000001],[-90.446141,37.1228563000001],[-90.445309,37.1226552],[-90.444972,37.1224534],[-90.44469,37.1222561000001],[-90.444303,37.1219498],[-90.444244,37.1219049000001],[-90.4448859999999,37.1215191000001],[-90.4448869999999,37.1215185],[-90.445024,37.1214445000001],[-90.444315,37.1206587],[-90.4441179999999,37.1204185],[-90.4439629999999,37.1202035000001]],[[-90.4514811989999,37.1257491610001],[-90.4515079339999,37.125773349],[-90.451551001,37.1257939070001],[-90.451825722,37.125845527],[-90.4526811269999,37.1259700190001],[-90.452815592,37.1260491210001],[-90.453754471,37.1266014170001],[-90.454608133,37.127135587],[-90.4545589999999,37.127354],[-90.456266,37.1283280000001],[-90.4570629999999,37.128812],[-90.457444,37.129194],[-90.457189,37.1294590000001],[-90.457256,37.1294810000001],[-90.457339,37.1295860000001],[-90.45752,37.12985]],[[-90.4486186519999,37.1253011100001],[-90.44863553,37.1251311400001],[-90.4481445539999,37.1248296090001],[-90.4481345139999,37.1247982690001]],[[-90.4481345139999,37.1247982690001],[-90.4478089999999,37.1246323],[-90.4480839999999,37.1242916],[-90.4482649999999,37.1240667000001]],[[-90.448265087,37.1240666780001],[-90.44828188,37.12404653],[-90.448290564,37.124051205],[-90.448287767,37.1240385400001],[-90.448387224,37.1239151200001],[-90.4490409919999,37.1243122550001],[-90.4501110479999,37.1249622400001],[-90.4507912879999,37.12534643],[-90.451443669,37.1257152050001],[-90.4514811989999,37.1257491610001]]]},"properties":{"id":"uniti-regional-20260919-0ddf25e69ec74f595611","sourceId":"uniti-regional-20260919","source":"Uniti Wholesale regional transport network","sourceUrl":"https://www.unitiwholesale.com/network-map/","name":"Uniti Wholesale regional transport network","carrier":"Uniti Wholesale","category":"unknown","routeStatus":"Publisher network map; current operating status unverified","evidence":"publisher_route","geometryQuality":"publisher_geometry_unverified","dataDate":null,"metadataModified":"2025-06-13T12:55:45+00:00","retrievedAt":"2026-09-19T13:31:26.703698+00:00","networkType":"Carrier-published regional transport geometry; not a surveyed cable alignment","serviceability":"Unconfirmed","routeDiversity":"Unconfirmed","states":["MO"],"publishedLineParts":25,"importBatch":"20260919","sourceRecordIds":["19631","19632","19636","19637","19638","19640","19642","19645","19647","19649","19650","19651","22488","22489","22491","22493","22494","22495","22497","22498","22502","79751","79754","79756","79757"]},"bbox":[-90.500232996,37.067667097,-90.441362127,37.1970351040001]},{"type":"Feature","geometry":{"type":"MultiLineString","coordinates":[[[-90.406513795,38.6002665880001],[-90.406804881,38.6002006790001]],[[-90.394991942,38.658692858],[-90.395098692,38.655080538],[-90.395111597,38.6547157890001]],[[-90.4201832259999,38.599226061],[-90.4202364609999,38.5992300550001]],[[-90.393148547,38.6855791730001],[-90.393482856,38.685612065]],[[-90.394964392,38.6604132350001],[-90.3949671889999,38.660236479]],[[-90.275519029,38.576688462],[-90.274580252,38.577148181],[-90.2719697799999,38.577780821],[-90.2708362989999,38.5783080730001],[-90.268065875,38.58049901],[-90.2653839169999,38.5825200020001],[-90.261936636,38.585172277],[-90.261578474,38.585416573],[-90.259879776,38.5869032940001],[-90.259030385,38.5876466670001],[-90.257876225,38.588433815],[-90.255381257,38.589506461],[-90.251246293,38.591314497],[-90.24782764,38.591676996],[-90.24432706,38.5921225820001],[-90.243997152,38.592279424],[-90.243614167,38.5947120230001],[-90.2432285249999,38.59695702],[-90.242468027,38.602329657],[-90.242475114,38.6027104140001]],[[-90.388744757,38.6848056260001],[-90.388599996,38.684857498]],[[-90.3945183819999,38.671884194],[-90.394518706,38.6717980930001],[-90.394625557,38.669762877]],[[-90.388600136,38.684857503],[-90.388657285,38.6849304240001],[-90.388769064,38.684953953],[-90.3892326279999,38.685013548],[-90.3892444749999,38.6849810580001],[-90.389248412,38.685036698]],[[-90.395630355,38.6369585240001],[-90.3956356529999,38.6367928490001],[-90.395650162,38.6354396400001],[-90.395991978,38.6354000090001]],[[-90.3948540869999,38.6639203600001],[-90.394855994,38.66384482]],[[-90.3866379999999,38.5368273],[-90.3811629999999,38.5368788000001],[-90.3801809999999,38.5369210000001],[-90.379826,38.5366438],[-90.379894,38.5357579000001],[-90.379895,38.5357482000001],[-90.3781749999999,38.5370615],[-90.374091,38.5387886],[-90.371515,38.5399758],[-90.370738,38.5402882000001],[-90.367667,38.5410757000001],[-90.365268,38.5414299],[-90.3629729999999,38.5419049000001],[-90.3608599999999,38.5425464],[-90.3583609999999,38.5434110000001],[-90.3544699999999,38.5446788],[-90.352445,38.5453415000001]],[[-90.4062653189999,38.614651597],[-90.406289824,38.614077739]],[[-90.318618357,38.5537465210001],[-90.318220712,38.5538487950001],[-90.316889717,38.5542083030001],[-90.316204878,38.554366347],[-90.315373098,38.5546378450001],[-90.313993812,38.554999716],[-90.3138370139999,38.5550434360001],[-90.3130117199999,38.5552735270001],[-90.31158528,38.555623934],[-90.310099951,38.5560363550001],[-90.309230438,38.5563099730001],[-90.307417786,38.556864164],[-90.3038014319999,38.5578568970001],[-90.302734513,38.5585034800001],[-90.299445063,38.560613055],[-90.297021365,38.562240671],[-90.2957974879999,38.562966916],[-90.2938486639999,38.5642975210001],[-90.287370682,38.5681728590001],[-90.286340975,38.5688210380001],[-90.283064617,38.5717137130001],[-90.281780329,38.5727270020001],[-90.279592255,38.574220268],[-90.276664054,38.576027105],[-90.2757159779999,38.5765920150001],[-90.275519029,38.576688462]],[[-90.394761847,38.6829338790001],[-90.394754091,38.6829277040001],[-90.394756037,38.681972908],[-90.394531909,38.681336769],[-90.394577844,38.679093611]],[[-90.395435995,38.644179898],[-90.395502999,38.642317296],[-90.395502999,38.6422091000001]],[[-90.395335594,38.647406263],[-90.395348584,38.646592641],[-90.395368745,38.646034463]],[[-90.351284404,38.5457220850001],[-90.34780069,38.546787253],[-90.347692425,38.5468712690001],[-90.344568744,38.5479185390001],[-90.3445299319999,38.547970391]],[[-90.406176616,38.618533088],[-90.4061844559999,38.618213715],[-90.406183954,38.61725936],[-90.406208304,38.616430107]],[[-90.3944989999999,38.6732472],[-90.3945179999999,38.6718842000001]],[[-90.4050288599999,38.6256047910001],[-90.405287245,38.625605212],[-90.406019977,38.625576375],[-90.4060499029999,38.62491988],[-90.4060664739999,38.624460196],[-90.406129863,38.6216835880001],[-90.406137246,38.6210540060001],[-90.406148994,38.6203282880001],[-90.4061558229999,38.6195703830001],[-90.406172436,38.6187034170001],[-90.406176616,38.618533088]],[[-90.394115695,38.684326615],[-90.394166677,38.684227128],[-90.394761852,38.6829338800001]],[[-90.3947481119999,38.6681144400001],[-90.39479655,38.6661975760001]],[[-90.3949671889999,38.660236479],[-90.394982071,38.659296654]],[[-90.395111597,38.6547157890001],[-90.395307071,38.6491931200001],[-90.395335594,38.647406263]],[[-90.40694165,38.5510300490001],[-90.4069455109999,38.5501421880001],[-90.4067491979999,38.5497563590001],[-90.404900305,38.5478458320001],[-90.4011234229999,38.544079052],[-90.3992748489999,38.542168432],[-90.397185949,38.539956915],[-90.396550667,38.5394061480001],[-90.3958293219999,38.5389964180001],[-90.393228382,38.538066257],[-90.392134209,38.537610532],[-90.390314314,38.5368028510001],[-90.388017595,38.5368142510001],[-90.386637503,38.5368272700001]],[[-90.4065200109999,38.568019092],[-90.4065792339999,38.566739017],[-90.406731988,38.5632666860001],[-90.4068778659999,38.557928846]],[[-90.406878182,38.557927293],[-90.406900493,38.55712767],[-90.4069341649999,38.552751131],[-90.40694165,38.5510300490001]],[[-90.4204932659999,38.599304841],[-90.420058904,38.599282944],[-90.416129525,38.5989490370001],[-90.415184459,38.5989932370001],[-90.412252023,38.5994112920001],[-90.41088298,38.599581189],[-90.4088361669999,38.599814205],[-90.408811781,38.5990813990001],[-90.406552882,38.5990659380001],[-90.4062127889999,38.599060471],[-90.406208593,38.5976586160001],[-90.4061612409999,38.5963511910001],[-90.406160222,38.5963227060001],[-90.4060533959999,38.5864019750001],[-90.40598775,38.58233986],[-90.406464124,38.5692272740001],[-90.4065200159999,38.568019092]],[[-90.4068048779999,38.6002006750001],[-90.406821101,38.60019701],[-90.407326199,38.600127274],[-90.408903424,38.5998797600001],[-90.412261423,38.599375638],[-90.414135467,38.59908468],[-90.41504596,38.5989632810001],[-90.415552232,38.598979785],[-90.4164521439999,38.5989525570001],[-90.417469216,38.5990223850001],[-90.4201832259999,38.599226061]],[[-90.394885341,38.6624974100001],[-90.394891247,38.662220636],[-90.394962621,38.66052513],[-90.394964392,38.6604132350001]],[[-90.389732423,38.685102014],[-90.389863175,38.685119666],[-90.3899662219999,38.685173654],[-90.393148547,38.6855791730001]],[[-90.394870015,38.663216962],[-90.394885344,38.662497412]],[[-90.4202364609999,38.5992300550001],[-90.4206498199999,38.5992370270001],[-90.420493268,38.5993048390001]],[[-90.395532471,38.6403149880001],[-90.395548623,38.6392793420001],[-90.395568474,38.638861784],[-90.39557214,38.6385677690001],[-90.3955678889999,38.6383058210001],[-90.3955990749999,38.637021498],[-90.395630355,38.636958529]],[[-90.394982071,38.659296654],[-90.394991255,38.658715822],[-90.394991942,38.658692858]],[[-90.394577848,38.6790936100001],[-90.3946484089999,38.675752295],[-90.3944992739999,38.673247249]],[[-90.4050288599999,38.6256047910001],[-90.405019107,38.62561141],[-90.404507501,38.6256056130001],[-90.4039842989999,38.6256014420001],[-90.4034662289999,38.6256071240001],[-90.4033014409999,38.625587431],[-90.4029851079999,38.6255907890001],[-90.402457534,38.6255913110001],[-90.401896256,38.6255943410001],[-90.401693156,38.625596333],[-90.40155443,38.6256297560001],[-90.401253001,38.625628497],[-90.400341977,38.6256167610001],[-90.398809574,38.6255998350001],[-90.397621811,38.6255859840001],[-90.3973513619999,38.625689478],[-90.396471043,38.625676717],[-90.3962404279999,38.625678529],[-90.396240817,38.625711917],[-90.39621936,38.626522849],[-90.3962019259999,38.6273693950001],[-90.3961599719999,38.6293051820001],[-90.3961154249999,38.6295333840001],[-90.396108049,38.6298136340001],[-90.396032947,38.6309231010001],[-90.396118778,38.6318439770001],[-90.3960772029999,38.6334929330001],[-90.3960162019999,38.6353824130001],[-90.395991978,38.6354000090001]],[[-90.389248412,38.685036698],[-90.389732423,38.685102014]],[[-90.395368745,38.646034463],[-90.395398337,38.6452152260001]],[[-90.393482856,38.685612065],[-90.393890638,38.6847658070001],[-90.394115695,38.684326615]],[[-90.3946259999999,38.6697629000001],[-90.394668,38.6689525],[-90.394733,38.6684251],[-90.3947479999999,38.6681144]],[[-90.3955034479999,38.642209076],[-90.395531251,38.640393347],[-90.395532471,38.6403149880001]],[[-90.40629,38.6140777],[-90.406231,38.6134087],[-90.4062269999999,38.6127224],[-90.4062449999999,38.6117853000001],[-90.406264,38.6111644000001],[-90.4062699999999,38.610149],[-90.406283,38.6091257],[-90.406354,38.6054879000001],[-90.406359,38.6048217000001],[-90.406399,38.6041033000001],[-90.406402,38.603611],[-90.406414,38.6029980000001],[-90.4064319999999,38.6023515],[-90.406514,38.6002666000001]],[[-90.3524452889999,38.5453419240001],[-90.351284404,38.5457220850001]],[[-90.394855994,38.66384482],[-90.3948600969999,38.663682441],[-90.394870015,38.663216962]],[[-90.3445299319999,38.547970391],[-90.342151517,38.5486931740001]],[[-90.39479655,38.6661975760001],[-90.3948540869999,38.6639203600001]],[[-90.406208304,38.616430107],[-90.406234484,38.615538525],[-90.4062653189999,38.614651597]],[[-90.342151517,38.5486931740001],[-90.3377349099999,38.550097927],[-90.3370240789999,38.550278948],[-90.335378276,38.550536246],[-90.333636967,38.5506102520001],[-90.33169868,38.550645359],[-90.330250536,38.5506830900001],[-90.3297502629999,38.550751192],[-90.3292137289999,38.550824226],[-90.325996445,38.551709782],[-90.3204900759999,38.553240182],[-90.318618357,38.5537465210001]],[[-90.395398337,38.6452152260001],[-90.395435725,38.6441799460001]],[[-90.492740063,38.59503612],[-90.4892138119999,38.5960326590001],[-90.4872169669999,38.596550387],[-90.486293673,38.5966242330001],[-90.485155964,38.5966570840001],[-90.484296708,38.596602966],[-90.481850768,38.5963156190001],[-90.4798623789999,38.596090587],[-90.477054616,38.596273614],[-90.4756185379999,38.5964761490001],[-90.471969342,38.596998098],[-90.47104855,38.597218448],[-90.470314737,38.597572782],[-90.469730041,38.5980227310001],[-90.4690833619999,38.598752468],[-90.468467278,38.59934753],[-90.4678457209999,38.5999007]],[[-90.467845716,38.5999006990001],[-90.467393978,38.6002712470001],[-90.466615129,38.600789682],[-90.465559056,38.6013314940001],[-90.4650079099999,38.601652158],[-90.464637056,38.6018526170001],[-90.4643405739999,38.6020161970001],[-90.463950598,38.602149608],[-90.463745434,38.6022082270001]],[[-90.463745434,38.6022082270001],[-90.4635949549999,38.6022512230001],[-90.462840369,38.6024121940001],[-90.462089082,38.6025524400001],[-90.461884109,38.602577814],[-90.460102142,38.6027297360001],[-90.459357908,38.6026093340001],[-90.458984699,38.6025635600001],[-90.4569881789999,38.602067952],[-90.455625481,38.6016587720001],[-90.454724506,38.6016182700001],[-90.454236483,38.601596317],[-90.453693383,38.601803851],[-90.451571621,38.602462234],[-90.4494497859999,38.603120582],[-90.447904243,38.603630868],[-90.446797976,38.6038129930001],[-90.445448673,38.603723249],[-90.443569444,38.6036675820001],[-90.4425182909999,38.6036202270001],[-90.441190981,38.603241482],[-90.4377436889999,38.602506196],[-90.4348971109999,38.6017979170001],[-90.4324105429999,38.6013087750001],[-90.432230508,38.601270458],[-90.431372637,38.601087943],[-90.4302243449999,38.6008331370001],[-90.430029578,38.600779319],[-90.4295971829999,38.600659853],[-90.428040368,38.600328593],[-90.426887684,38.6001315230001],[-90.42552079,38.5997798220001],[-90.4231491469999,38.599457924],[-90.4204932659999,38.599304846]],[[-90.42194514,38.7140013580001],[-90.4215569469999,38.713837819],[-90.421132793,38.7136604780001],[-90.420713553,38.713489866],[-90.420398329,38.7133595940001]],[[-90.408616752,38.693369782],[-90.4086168759999,38.6933699690001],[-90.408535219,38.6932472610001]],[[-90.388947065,38.684785834],[-90.388744757,38.6848056260001]],[[-90.4226942609999,38.7143141340001],[-90.422690044,38.714312658],[-90.42194514,38.7140013580001]],[[-90.415252664,38.7084687330001],[-90.415055522,38.707996576],[-90.4149535709999,38.707763712],[-90.4148837219999,38.7075986020001],[-90.414757148,38.707309776],[-90.414611542,38.706998394],[-90.414486747,38.70676138],[-90.414351948,38.7065320580001],[-90.414161929,38.706271631],[-90.4139726659999,38.706032544],[-90.413753125,38.7057862340001],[-90.4135000639999,38.705519984],[-90.413250926,38.70528174],[-90.41297869,38.705058803]],[[-90.195256759,38.67185662],[-90.195133746,38.671871938],[-90.1943016289999,38.6721912850001],[-90.1944172789999,38.672698171],[-90.194454707,38.6728622140001],[-90.196247074,38.672940657],[-90.1964452349999,38.6729455],[-90.198309442,38.673319715],[-90.200701634,38.673937822],[-90.201175759,38.674060833],[-90.201772228,38.6740147250001],[-90.202192142,38.6741954830001],[-90.204060823,38.676383851],[-90.2058397879999,38.678538554],[-90.2077207679999,38.6806805470001],[-90.208159912,38.681345585],[-90.208219943,38.6816918270001],[-90.210011048,38.682337884],[-90.210520122,38.6825963410001],[-90.2134816989999,38.6856774290001],[-90.213592252,38.6857932610001],[-90.214715452,38.6869820960001],[-90.215892022,38.687818049],[-90.21733162,38.688161339],[-90.218701492,38.6884534970001],[-90.2192957669999,38.688216593],[-90.219874878,38.688110753],[-90.2236319469999,38.6861349770001],[-90.226964762,38.6843383240001],[-90.227777593,38.683908837],[-90.227817364,38.6838933460001],[-90.2290336299999,38.683419572],[-90.230875456,38.683180829],[-90.2321061059999,38.683190032],[-90.2346976039999,38.6837300380001],[-90.238567877,38.684088439],[-90.2411869479999,38.6843218980001],[-90.244507732,38.684149107],[-90.2477003719999,38.6840452960001],[-90.24771437,38.6840448410001],[-90.249579464,38.6841526320001],[-90.2530476599999,38.685159399],[-90.2563258869999,38.6861107870001],[-90.2568316809999,38.686247111],[-90.258670409,38.6863261350001],[-90.261297378,38.685813394],[-90.2636057989999,38.6853523460001],[-90.266954889,38.684201865],[-90.270702022,38.6829485690001],[-90.272798456,38.6824902220001],[-90.274232763,38.6822532200001],[-90.275891228,38.682236061],[-90.2779641829999,38.6826002770001],[-90.2809227499999,38.6832218000001],[-90.282323263,38.683334272],[-90.287453192,38.682920935],[-90.288837219,38.6825714650001],[-90.290051998,38.682020059],[-90.294420826,38.6793379920001],[-90.294621513,38.6792147790001],[-90.29508994,38.6794120750001],[-90.2961719849999,38.678757596],[-90.2973698499999,38.6782350660001],[-90.2986951729999,38.677937264],[-90.300071578,38.677915477],[-90.302907257,38.6781229390001],[-90.3033835859999,38.6778055780001],[-90.310610959,38.678540066],[-90.3113310909999,38.6786132500001],[-90.316936155,38.679182718],[-90.318985051,38.679389977],[-90.319913276,38.6797130470001],[-90.323445636,38.6809921760001],[-90.324797758,38.681191695],[-90.32859086,38.681255175],[-90.328631069,38.681255846],[-90.3305791179999,38.6815754780001],[-90.3373093549999,38.6816571630001],[-90.342402858,38.6824116430001],[-90.342595278,38.682440958],[-90.344639601,38.6827563040001],[-90.3487897539999,38.683391374],[-90.348992697,38.683436058],[-90.352677079,38.6839568120001],[-90.3547691429999,38.6842677650001],[-90.357195208,38.684651457],[-90.3595265819999,38.684741817],[-90.36020066,38.68470474],[-90.3603590589999,38.6846960290001],[-90.363045009,38.6845736890001],[-90.368306569,38.683877355],[-90.368361165,38.6838701240001],[-90.372516843,38.6833658730001],[-90.375236149,38.6834539120001],[-90.375984435,38.6835654980001],[-90.376001096,38.683567978],[-90.377600128,38.6838515270001],[-90.3794644559999,38.68413536],[-90.379994917,38.6838998690001],[-90.384828676,38.6845567670001],[-90.3861358029999,38.6847288120001],[-90.3896572899999,38.6851922280001],[-90.394008568,38.6857359790001],[-90.394955883,38.6858386930001],[-90.396398048,38.6864087280001],[-90.399014157,38.686844185],[-90.401412118,38.68737629],[-90.402548531,38.687752995],[-90.40395976,38.688607393],[-90.4046543379999,38.6893619360001],[-90.404673503,38.689388428],[-90.4066694699999,38.692146181],[-90.4074412259999,38.692891863],[-90.407452017,38.69289874],[-90.4113093569999,38.6953566440001],[-90.412639074,38.6963210490001],[-90.413480996,38.6969316390001],[-90.415666283,38.698997193],[-90.415879552,38.699237044],[-90.416443323,38.7000742050001],[-90.417071322,38.7010067040001],[-90.4184997839999,38.703176203],[-90.419637229,38.705006396],[-90.420938904,38.7063826090001],[-90.422232336,38.7077500390001],[-90.424019342,38.709691235],[-90.425711053,38.7116200230001],[-90.426040809,38.7119470270001],[-90.4266239999999,38.7125199000001],[-90.426655,38.7125358000001]],[[-90.426146473,38.714220561],[-90.426118483,38.7142642950001],[-90.426053754,38.7143750120001],[-90.4260579479999,38.7144430590001],[-90.426065158,38.714571495],[-90.426172384,38.714700554],[-90.4255519979999,38.7147051690001]],[[-90.4040221079999,38.6866422900001],[-90.404020637,38.6866028210001],[-90.40400253,38.686193229],[-90.4039432709999,38.6858956190001],[-90.403827754,38.6852072840001],[-90.4037843519999,38.6849300860001]],[[-90.41297869,38.705058803],[-90.412824459,38.7049325050001]],[[-90.415906478,38.709771134],[-90.415880273,38.709748382]],[[-90.426833062,38.7131701390001],[-90.4267811019999,38.713278577],[-90.426618966,38.7135267140001],[-90.426473323,38.713731183],[-90.4263071829999,38.713969454],[-90.426146471,38.714220561]],[[-90.4037843519999,38.6849300860001],[-90.403775651,38.684874517],[-90.403671883,38.6842694650001]],[[-90.417507728,38.711181238],[-90.417486078,38.711158857],[-90.417225286,38.710906704],[-90.416888977,38.710615433],[-90.416763859,38.710503483]],[[-90.40122006,38.6853625050001],[-90.401247747,38.68535639],[-90.4016493089999,38.685365275],[-90.402374836,38.685115137],[-90.402595725,38.684988547],[-90.402932218,38.6846166820001],[-90.403438121,38.684310372],[-90.403657455,38.6842661520001],[-90.4036718839999,38.6842694590001]],[[-90.408535219,38.6932472610001],[-90.408506844,38.6932389890001],[-90.4084594669999,38.692991159],[-90.4084264639999,38.692716503],[-90.408352501,38.692201534],[-90.4081364309999,38.6918223970001],[-90.407541576,38.691146082],[-90.406557799,38.6899903340001],[-90.405363557,38.6893648160001]],[[-90.420398329,38.7133595940001],[-90.4203629369999,38.7133449680001],[-90.419978058,38.7131838920001],[-90.4193471359999,38.712935445],[-90.418975113,38.712743797],[-90.418570987,38.712424775],[-90.418269497,38.71209779],[-90.418054049,38.711817909],[-90.417567128,38.7112426320001],[-90.417507738,38.711181238]],[[-90.4255519979999,38.7147051690001],[-90.424557191,38.7146881300001],[-90.424189117,38.7146776660001],[-90.423746081,38.71463071],[-90.4232679,38.7145148930001],[-90.4226942609999,38.7143141340001]],[[-90.416763859,38.710503483],[-90.41673081,38.710473914],[-90.416284345,38.710099206],[-90.415906478,38.709771134]],[[-90.405363557,38.6893648160001],[-90.404868804,38.688736668],[-90.4040736749999,38.687588093],[-90.4040452959999,38.6871687720001]],[[-90.404045292,38.6871687730001],[-90.404042367,38.687131349],[-90.404039551,38.687043477],[-90.40403076,38.686874813],[-90.4040221079999,38.6866422900001]],[[-90.415310532,38.7086321950001],[-90.415252668,38.70846873]],[[-90.415880264,38.709748382],[-90.4158783789999,38.7097254810001],[-90.415765954,38.709616737],[-90.4153376309999,38.708642344],[-90.415310532,38.7086321950001]],[[-90.4266548959999,38.7125357790001],[-90.426624588,38.712597519],[-90.42673668,38.7126977770001],[-90.426784024,38.712818876],[-90.426802416,38.713061025],[-90.42681608,38.7131096740001]],[[-90.401220059,38.685362501],[-90.3986166769999,38.6852963740001],[-90.3970401619999,38.6850920890001],[-90.394997518,38.685046244],[-90.394757574,38.6849832290001],[-90.3935715979999,38.6847847550001],[-90.391999106,38.684370905],[-90.3911681,38.6842644380001],[-90.390840302,38.683836785],[-90.390530217,38.6838239840001],[-90.39049971,38.684652129],[-90.390477103,38.6847257140001],[-90.38898184,38.6847814230001],[-90.388947065,38.684785834]],[[-90.412824449,38.7049325050001],[-90.412817234,38.704926594],[-90.412335105,38.7046241030001],[-90.4119259139999,38.7043860110001],[-90.4114561489999,38.704135954],[-90.4110697679999,38.703933414],[-90.410648922,38.703600291],[-90.410280788,38.703395146],[-90.409955568,38.70317744],[-90.409736965,38.7029544860001],[-90.409494691,38.702673501],[-90.409568812,38.7023906360001],[-90.4096111329999,38.7023457490001]],[[-90.4096111329999,38.7023457490001],[-90.40958269,38.7023056730001],[-90.409554573,38.70189537],[-90.4093632559999,38.701566583],[-90.408787404,38.7016768510001],[-90.40868508,38.7013853610001],[-90.408588606,38.701119593],[-90.408597537,38.7009345820001]],[[-90.4086168759999,38.6933699690001],[-90.4086764149999,38.693424593],[-90.408717177,38.6938413870001],[-90.408356139,38.6940908970001],[-90.408132844,38.694143625],[-90.407272861,38.694781274],[-90.406288994,38.69545493],[-90.4059542199999,38.695541381],[-90.405095913,38.6953495730001],[-90.4048723189999,38.6963100520001],[-90.405938127,38.6964185140001],[-90.406331741,38.696713811],[-90.40664623,38.6974633660001],[-90.4074119649999,38.6978157080001],[-90.407418634,38.6981157160001],[-90.408078386,38.6981191300001],[-90.40808114,38.6988219510001],[-90.407216164,38.699862051],[-90.407150485,38.699893182],[-90.40800544,38.7003134070001],[-90.408597537,38.7009345820001]],[[-90.42681608,38.7131096740001],[-90.426833062,38.7131701390001]]]},"properties":{"id":"uniti-regional-20260919-437d58247ad33b6d301b","sourceId":"uniti-regional-20260919","source":"Uniti Wholesale regional transport network","sourceUrl":"https://www.unitiwholesale.com/network-map/","name":"Uniti Wholesale regional transport network","carrier":"Uniti Wholesale","category":"unknown","routeStatus":"Publisher network map; current operating status unverified","evidence":"publisher_route","geometryQuality":"publisher_geometry_unverified","dataDate":null,"metadataModified":"2025-06-13T12:55:45+00:00","retrievedAt":"2026-09-19T13:31:26.703698+00:00","networkType":"Carrier-published regional transport geometry; not a surveyed cable alignment","serviceability":"Unconfirmed","routeDiversity":"Unconfirmed","states":["MO"],"publishedLineParts":82,"importBatch":"20260919","sourceRecordIds":["31845","31846","31847","31848","31849","31850","31851","31852","31854","31856","31859","31860","31861","31862","31864","31865","31866","31867","31868","31870","31871","31872","31873","31874","31875","31877","31878","31879","31880","31881","31882","31883","31884","31885","31886","31887","31888","31891","31892","31893","31894","31895","31896","31897","31898","31899","31900","31901","31902","31903","31904","59759","59765","59854","85873","85874","85876","85877","85880","85881","85882","85883","85884","85885","85886","85887","85888","85889","85890","85891","85892","85893","85894","85895","85896","85900","85901","85903","85904","85905","85907","85908"]},"bbox":[-90.492740063,38.5357482000001,-90.1943016289999,38.7147051690001]},{"type":"Feature","geometry":{"type":"MultiLineString","coordinates":[[[-89.955706724,36.8133673030001],[-89.95581708,36.8133420080001],[-89.956721128,36.813090593],[-89.966514997,36.8100820000001],[-89.9673289959999,36.8096950070001],[-89.969737994,36.808551999],[-89.972836,36.808800004],[-89.973873006,36.8085390030001],[-89.990994008,36.8042250090001],[-89.994386999,36.8033700030001],[-89.996106991,36.8029359930001],[-89.999320003,36.803667003],[-90.0486669969999,36.8046210030001],[-90.089069012,36.798489997],[-90.089562003,36.7984150020001],[-90.093152006,36.7986979980001],[-90.093146003,36.800116996],[-90.094583986,36.7995399930001],[-90.096231006,36.7978289960001],[-90.1424000059999,36.7904359940001],[-90.1540170009999,36.790539998],[-90.165297997,36.7878440050001],[-90.177411015,36.7849480100001],[-90.178618006,36.784659006],[-90.184329006,36.783953],[-90.1863160089999,36.784091995],[-90.186239001,36.7907129880001],[-90.186238007,36.790788987],[-90.190646998,36.790759988],[-90.190782997,36.792342004],[-90.191708008,36.7907489890001],[-90.1926690029999,36.7890970020001],[-90.196535989,36.790102],[-90.1986550029999,36.7906530000001],[-90.2442909979999,36.7908080020001],[-90.277949999,36.792294994],[-90.289133997,36.7925510000001],[-90.331312002,36.7943000020001],[-90.3344010009999,36.794484],[-90.337001002,36.793968008],[-90.3405949949999,36.793913999],[-90.343515993,36.794650001],[-90.345535,36.7939640050001],[-90.346173005,36.7937470030001],[-90.352855002,36.794761991],[-90.383043007,36.7951099950001],[-90.400204099,36.795473858],[-90.400429431,36.795553936]]]},"properties":{"id":"uniti-regional-20260919-bedf4dec5bcf4c3bc81b","sourceId":"uniti-regional-20260919","source":"Uniti Wholesale regional transport network","sourceUrl":"https://www.unitiwholesale.com/network-map/","name":"Uniti Wholesale regional transport network","carrier":"Uniti Wholesale","category":"unknown","routeStatus":"Publisher network map; current operating status unverified","evidence":"publisher_route","geometryQuality":"publisher_geometry_unverified","dataDate":null,"metadataModified":"2025-06-13T12:55:45+00:00","retrievedAt":"2026-09-19T13:31:26.703698+00:00","networkType":"Carrier-published regional transport geometry; not a surveyed cable alignment","serviceability":"Unconfirmed","routeDiversity":"Unconfirmed","states":["MO"],"publishedLineParts":1,"importBatch":"20260919","sourceRecordIds":["72104"]},"bbox":[-90.400429431,36.783953,-89.955706724,36.8133673030001]},{"type":"Feature","geometry":{"type":"MultiLineString","coordinates":[[[-90.195320408,38.625654726],[-90.195332905,38.625623338],[-90.195194772,38.6255850960001],[-90.195262498,38.6254467960001]],[[-90.19704289,38.6289389940001],[-90.196928191,38.6292440570001],[-90.196398154,38.629118009],[-90.196249959,38.6290516990001],[-90.195844197,38.628960879],[-90.196037775,38.6283089550001],[-90.1962780529999,38.627569259],[-90.1963419799999,38.6273736680001],[-90.1964288719999,38.627092259],[-90.196827587,38.6270489440001],[-90.197042964,38.626571863],[-90.1971940349999,38.626243824],[-90.197159891,38.626196334],[-90.196136093,38.6259552270001],[-90.195852552,38.625888452],[-90.19582468,38.6258462810001],[-90.1957758789999,38.62586886],[-90.1952597229999,38.625736961],[-90.195273625,38.625698636],[-90.195320408,38.625654726]],[[-90.1969390369999,38.6295591780001],[-90.196925751,38.629593517],[-90.1956598369999,38.6293752710001],[-90.194648359,38.629098734],[-90.1943104919999,38.6299500480001],[-90.193508202,38.6320234500001],[-90.19350585,38.632030646]],[[-90.191814178,38.6363639900001],[-90.191888034,38.636332166],[-90.1919870579999,38.6360765740001],[-90.192054086,38.6360543590001]],[[-90.203280355,38.6355545210001],[-90.203248741,38.6356570770001],[-90.2031121259999,38.6356814170001]],[[-90.197233777,38.629269336],[-90.1969390369999,38.6295591780001]],[[-90.192071508,38.6357457090001],[-90.191986629,38.635991994],[-90.192054086,38.636054361]],[[-90.2031121259999,38.6356814170001],[-90.203082227,38.635681935],[-90.197051556,38.6344108110001],[-90.19673342,38.6354553150001],[-90.194418002,38.635011214],[-90.192385077,38.6346192550001],[-90.191814178,38.6363639900001]],[[-90.19350585,38.632030646],[-90.1934095499999,38.632412957],[-90.1933116489999,38.6326727680001],[-90.1931306,38.632631911],[-90.1929811859999,38.6330630960001],[-90.19299807,38.6331297090001],[-90.192929554,38.633168905],[-90.192549902,38.634326946],[-90.192144387,38.635533996],[-90.1920714669999,38.6357458310001]],[[-90.197210469,38.629268841],[-90.197232207,38.629016327],[-90.197103978,38.628922667],[-90.197054424,38.6289083200001],[-90.19704289,38.6289389940001]],[[-90.192054091,38.636054358],[-90.1914645999999,38.6378734970001],[-90.191490561,38.6379159320001],[-90.190783928,38.6400415800001],[-90.190612705,38.640313],[-90.190478285,38.6405866330001],[-90.1897104609999,38.642817853],[-90.188812485,38.64265534],[-90.188703322,38.6430109130001],[-90.1885266579999,38.643537474],[-90.188630454,38.6437911570001],[-90.188795276,38.644022825],[-90.1898926849999,38.6456625400001],[-90.1907661549999,38.6472061110001],[-90.1917168089999,38.649090656],[-90.1933211099999,38.652345799],[-90.193908687,38.6535666560001],[-90.194172862,38.65419962],[-90.194061354,38.6544803950001],[-90.19352041,38.6552881800001],[-90.194272612,38.6568367350001],[-90.193900909,38.656946315]],[[-90.193900909,38.656946315],[-90.1929857059999,38.657216126],[-90.1929085629999,38.6572393480001]],[[-90.1929085629999,38.6572393480001],[-90.193684563,38.6588418800001],[-90.194489319,38.660494122],[-90.194984477,38.6616255330001],[-90.195492544,38.662594433],[-90.196574114,38.6646572230001]],[[-90.197171274,38.6292552940001],[-90.197126358,38.6292552940001]],[[-90.194191911,38.624126211],[-90.194189896,38.6241309690001],[-90.194209047,38.6241828010001],[-90.194615326,38.6242739100001],[-90.195205595,38.624372231],[-90.195544161,38.624444904],[-90.1957021579999,38.6244764300001],[-90.195979167,38.6245458970001],[-90.196315682,38.6246287220001],[-90.196228133,38.624814142],[-90.1961946179999,38.624886281],[-90.1960674,38.625208495],[-90.195934709,38.6255446010001],[-90.1958293769999,38.6258080330001],[-90.195818946,38.6258389590001],[-90.19582468,38.6258462810001]],[[-90.195320408,38.625654726],[-90.1952478599999,38.6256340650001]],[[-90.217165401,38.599087663],[-90.217178765,38.5991931670001],[-90.217776444,38.599360941],[-90.218831052,38.599631893],[-90.220931354,38.6002343530001],[-90.2220208379999,38.600539005],[-90.223531286,38.600953281],[-90.224489352,38.6012324960001],[-90.224713191,38.600247799],[-90.2249233159999,38.5991725850001],[-90.2261635249999,38.5995227760001],[-90.227234536,38.5997976410001],[-90.2283568,38.6001102130001],[-90.228612622,38.6001871130001],[-90.229558646,38.6004714270001],[-90.229803308,38.600533007],[-90.230670995,38.6007514070001],[-90.231808922,38.6010775130001],[-90.232052062,38.601114554],[-90.232887153,38.6013141330001],[-90.234001905,38.6016166630001],[-90.234709703,38.6017910000001],[-90.236443423,38.602019703],[-90.237369213,38.602127177],[-90.238572687,38.6022572470001],[-90.239106233,38.6023142820001],[-90.239445221,38.6023525850001],[-90.240102429,38.602428221],[-90.242154119,38.602697392],[-90.2424751189999,38.6027104130001]],[[-90.1958248939999,38.625846326],[-90.1957758789999,38.62586886],[-90.19525972,38.625736961],[-90.195273625,38.625698636],[-90.1952478599999,38.6256340650001]],[[-90.194538489,38.62044309],[-90.194529089,38.620450524],[-90.194498994,38.6205659510001],[-90.1946512919999,38.620640053],[-90.1944734589999,38.621111022],[-90.19429745,38.6215663130001],[-90.194232701,38.621789327],[-90.1942035179999,38.6218862270001],[-90.194212637,38.6225887490001],[-90.194216285,38.6230361930001],[-90.1941980459999,38.6235121340001],[-90.194188926,38.623728729],[-90.194179807,38.624117031],[-90.194191899,38.624126211]],[[-90.217165401,38.599087663],[-90.216180688,38.5987994020001],[-90.215777983,38.598677998],[-90.215084307,38.5984996330001],[-90.214555592,38.598340103],[-90.213907402,38.5981778500001],[-90.2135802459999,38.5980839010001],[-90.212576762,38.59966425],[-90.212502686,38.5997631880001],[-90.212352687,38.59996319],[-90.212061051,38.6003824490001]],[[-90.212061056,38.60038245],[-90.2117140119999,38.600881347],[-90.211053669,38.6018118260001],[-90.210996042,38.601934656],[-90.210699327,38.6027733720001],[-90.210647121,38.603053431],[-90.210392738,38.603652733],[-90.209835004,38.6048798510001],[-90.209559552,38.6055469080001]],[[-90.209559547,38.60554691],[-90.209565535,38.605562411],[-90.2086946109999,38.6074708960001],[-90.205426135,38.6065544300001],[-90.2046339779999,38.6083444280001],[-90.2044952589999,38.6086408540001],[-90.204335427,38.608880491],[-90.204198633,38.609077176],[-90.202226506,38.6112498640001],[-90.2018723479999,38.61164103],[-90.2012812789999,38.612239603],[-90.200576589,38.612973974],[-90.200112646,38.6135634080001],[-90.199595043,38.6133905820001],[-90.1986313689999,38.61592905],[-90.196553201,38.615435162],[-90.195764472,38.617392265],[-90.1955021539999,38.618053585],[-90.1950573299999,38.6191195910001],[-90.1949675879999,38.619335713],[-90.1948703469999,38.6196091900001],[-90.1946047819999,38.620223944],[-90.194530001,38.6204291490001],[-90.194538489,38.62044309]],[[-90.1969483779999,38.629600587],[-90.196947213,38.629600328],[-90.196970092,38.6295450380001],[-90.197216598,38.629310278],[-90.197171274,38.6292552940001]],[[-90.2349624779999,38.6409977980001],[-90.235065358,38.6409438680001],[-90.2353443389999,38.641048659],[-90.235434893,38.640914362]],[[-90.23496247,38.6409977980001],[-90.2314417629999,38.6394424540001],[-90.231259257,38.639274168],[-90.2308812489999,38.638877667],[-90.230669198,38.6387080160001],[-90.230450671,38.638620213],[-90.2292673319999,38.638403173],[-90.227817425,38.6380782470001],[-90.2256648379999,38.637628213],[-90.2249517979999,38.6374392210001],[-90.2238060239999,38.6372113250001],[-90.223474245,38.637136866],[-90.223272043,38.637095484],[-90.222451279,38.6369185890001],[-90.2213884509999,38.636685474],[-90.22074206,38.6365453070001],[-90.219518342,38.6362802950001],[-90.2176669249999,38.635909686],[-90.215870539,38.635528944],[-90.2162005339999,38.6346189390001],[-90.216351966,38.634164684]],[[-90.216705842,38.632869645],[-90.2166932319999,38.632839451],[-90.216477293,38.632796533],[-90.21458841,38.6324062890001],[-90.213155388,38.632118066],[-90.212722005,38.6320285040001],[-90.212693082,38.6320356860001]],[[-90.2163519649999,38.6341646860001],[-90.216520778,38.633658268],[-90.216709007,38.633241497],[-90.216819143,38.632892219],[-90.216705837,38.6328696420001]],[[-90.208488923,38.631155203],[-90.2076749729999,38.6309892530001],[-90.207320387,38.630895337]],[[-90.212693082,38.6320356860001],[-90.2126762669999,38.632053993],[-90.2124067389999,38.6328506720001],[-90.212238498,38.632878086],[-90.2084089749999,38.6320758250001],[-90.20838169,38.6320707470001],[-90.2083588099999,38.6320498040001],[-90.208335456,38.632029389],[-90.208386858,38.631945489],[-90.2084756349999,38.631649574],[-90.208513895,38.6316360550001],[-90.2084866549999,38.6316128380001],[-90.208616525,38.631179949],[-90.208488923,38.631155203]],[[-90.207320379,38.630895337],[-90.207265233,38.6309261700001],[-90.207117704,38.630893686],[-90.2057484429999,38.6306003490001],[-90.2046594719999,38.6303698620001],[-90.204428346,38.6310874320001],[-90.204259264,38.6311522660001],[-90.2031128249999,38.6308994930001],[-90.201682955,38.63059159],[-90.200321214,38.630307413],[-90.198893969,38.630027748],[-90.1969483779999,38.629600587]],[[-90.235486592,38.638976911],[-90.236742614,38.639461762],[-90.237891899,38.639905392],[-90.239031757,38.6403453660001],[-90.239779653,38.6406340390001],[-90.23957533,38.640924899]],[[-90.235674311,38.641276927],[-90.2356709259999,38.641228706],[-90.235571997,38.6411866450001],[-90.235653804,38.6410584270001],[-90.235434893,38.640914362]],[[-90.2334011239999,38.627577553],[-90.2332001839999,38.6281613890001],[-90.232705833,38.6295863920001],[-90.232593003,38.6299122080001],[-90.2324749809999,38.630253025],[-90.23237993,38.6305244210001],[-90.2320737589999,38.6315290310001],[-90.2315335219999,38.6333015590001],[-90.231106809,38.634728459],[-90.2305474079999,38.6365991270001],[-90.230428305,38.636997439],[-90.231514633,38.6372158830001],[-90.232777433,38.637472922],[-90.2325098379999,38.6378277420001],[-90.233960531,38.6383878010001],[-90.23545203,38.6389635680001],[-90.235486594,38.6389769100001]],[[-90.240721589,38.610920295],[-90.240801436,38.6108791830001],[-90.241158722,38.609209641]],[[-90.2395753329999,38.640924899],[-90.238438668,38.642498694],[-90.235674315,38.6412769230001]],[[-90.2400531759999,38.6143049340001],[-90.239958322,38.6143999340001],[-90.239636138,38.6161858880001],[-90.239541805,38.6168792030001],[-90.239428534,38.6168782770001],[-90.239196371,38.618241057],[-90.239082529,38.619038135],[-90.2388586049999,38.6201527490001],[-90.238739468,38.6206573870001],[-90.2371205369999,38.620490182],[-90.235698869,38.6203365550001],[-90.2350540049999,38.6222600360001],[-90.234452108,38.623960536],[-90.234447979,38.6239763190001],[-90.2342003159999,38.6249280000001],[-90.234086959,38.625463633],[-90.234042823,38.625636259],[-90.233817824,38.6263697040001],[-90.2337548999999,38.6265557450001],[-90.2334026679999,38.627573071],[-90.2334011239999,38.627577553]],[[-90.24072159,38.610920293],[-90.2407341689999,38.611100185],[-90.240458312,38.6122595080001],[-90.240208745,38.6133083610001],[-90.240053184,38.614304937]],[[-90.241158722,38.609209641],[-90.241196362,38.6090337540001],[-90.241453854,38.6090693800001]],[[-90.242475114,38.6027104140001],[-90.242387819,38.602772507],[-90.2422387069999,38.6039167810001],[-90.2421329049999,38.6045118700001],[-90.2419879029999,38.6052586500001],[-90.2419673529999,38.6053533910001],[-90.241726824,38.6064627540001],[-90.2416389479999,38.606868042],[-90.2415494049999,38.607313877],[-90.241342929,38.607975293]],[[-90.24134293,38.6079752890001],[-90.2413844439999,38.608084133],[-90.2412027829999,38.6089371260001],[-90.241235774,38.608942095]],[[-90.241235774,38.608942095],[-90.2414686,38.608977165],[-90.241453854,38.6090693800001]],[[-90.195737368,38.628939405],[-90.196250379,38.6290579500001],[-90.19638959,38.629127801],[-90.19695739,38.629263762],[-90.197072626,38.628935649],[-90.197090311,38.628939706],[-90.19713759,38.6291270830001]],[[-90.195737371,38.628946828],[-90.19580215,38.6288399840001],[-90.19584091,38.628599662],[-90.195422653,38.6284589090001],[-90.19544855,38.6283287460001],[-90.1953227989999,38.6282892640001]],[[-90.197171274,38.6292552940001],[-90.19713759,38.6291270830001]],[[-90.193729435,38.628223043],[-90.1938493169999,38.628125068],[-90.194094035,38.6273975060001],[-90.1942691779999,38.6269264910001],[-90.194481926,38.6263740100001],[-90.194508823,38.6262932820001],[-90.194859692,38.6254364120001],[-90.1949823639999,38.625468884],[-90.1950239239999,38.6255145900001]],[[-90.193729439,38.6282230410001],[-90.1939492549999,38.628187767],[-90.195010246,38.6284092340001],[-90.195322797,38.6282892670001]],[[-90.1950239239999,38.6255145900001],[-90.195041287,38.625508475],[-90.1951784139999,38.625543574],[-90.195200136,38.625492896]],[[-90.209505075,38.5990893580001],[-90.2096177489999,38.598790218]],[[-90.212061051,38.6003824490001],[-90.212034364,38.6003533470001],[-90.211977162,38.600330898],[-90.211928858,38.6004003360001],[-90.211893549,38.600386025],[-90.211864073,38.6003912080001],[-90.2122405819999,38.599848926],[-90.211109899,38.5995285710001],[-90.210569901,38.599368569],[-90.2102218909999,38.5992726630001],[-90.2099148889999,38.5991972240001],[-90.2095058199999,38.599089554]],[[-90.195200136,38.625492896],[-90.195202722,38.625501012],[-90.195166177,38.625588759],[-90.1952563669999,38.6256136420001],[-90.1952478599999,38.6256340650001]],[[-90.241342929,38.607975293],[-90.240709891,38.610833047],[-90.24072159,38.610920293]],[[-90.235674315,38.6412769230001],[-90.2349624779999,38.6409977980001]],[[-90.212693078,38.632035692],[-90.212653617,38.632047712],[-90.212521255,38.632426018],[-90.212546323,38.632451716],[-90.212508602,38.6324621800001],[-90.212383118,38.632820827],[-90.2124067389999,38.6328506680001],[-90.212336232,38.632837694],[-90.212247008,38.6328532960001],[-90.211138567,38.632621011],[-90.211099616,38.6326374710001],[-90.211075984,38.632607895],[-90.209721454,38.632324038],[-90.20968721,38.6323417780001],[-90.209664302,38.632312062],[-90.208398369,38.63204677],[-90.2083588099999,38.6320498040001],[-90.208418014,38.631954114],[-90.2086564589999,38.631163133],[-90.208522068,38.6311351960001],[-90.208488923,38.631155203]],[[-90.18810481,38.6267735700001],[-90.1881419039999,38.6267114630001],[-90.1882494829999,38.6267452350001],[-90.189176615,38.6270176740001],[-90.190342371,38.6272375890001],[-90.191343768,38.6274782090001],[-90.192490068,38.627810766],[-90.1938493169999,38.628125068],[-90.194094035,38.6273975060001],[-90.1942691779999,38.6269264910001],[-90.194481926,38.6263740100001],[-90.194508823,38.6262932820001],[-90.194859692,38.6254364120001],[-90.1949823639999,38.625468884],[-90.195047454,38.6254611300001]],[[-90.1950239239999,38.6255145900001],[-90.19500111,38.625566469],[-90.1952478599999,38.6256340650001]],[[-90.1950239239999,38.6255145900001],[-90.195047454,38.6254611300001]],[[-90.193729,38.628223],[-90.193656,38.6283866000001],[-90.1936439999999,38.6284238000001],[-90.195737,38.6289468000001]],[[-90.195047454,38.6254611300001],[-90.195095967,38.62534238],[-90.195287862,38.6253945880001],[-90.195262498,38.6254467960001]],[[-90.1951659379999,38.6253310220001],[-90.195099457,38.6253121570001],[-90.1950444719999,38.625443385],[-90.195047454,38.6254611300001]],[[-90.195310729,38.6718634260001],[-90.195256764,38.6718566170001]],[[-90.196574115,38.6646572220001],[-90.197339791,38.6664012410001],[-90.199498075,38.6686619600001],[-90.200386774,38.66960957],[-90.197058159,38.671347704],[-90.196594138,38.671540362],[-90.1960791549999,38.6716869490001],[-90.195435426,38.6719235830001],[-90.195328138,38.671892171],[-90.195310729,38.6718634260001]],[[-90.2103186589999,38.5990132370001],[-90.210307754,38.599009768],[-90.2096177489999,38.598790218]],[[-90.216378753,38.6337959640001],[-90.2161806709999,38.6339432400001],[-90.215789075,38.633866927]],[[-90.216351963,38.6341646820001],[-90.2163982769999,38.6341562920001],[-90.2165267399999,38.633759361],[-90.2164506029999,38.633742542],[-90.216378753,38.6337959640001]],[[-90.217165394,38.5990876600001],[-90.2171388369999,38.5990447980001],[-90.216195678,38.598768702],[-90.215792171,38.5986470570001],[-90.2150985,38.598468686],[-90.21456963,38.5983091150001],[-90.213921112,38.5981467820001],[-90.2135593,38.598042881],[-90.212556047,38.599623159],[-90.2125333279999,38.5996501700001],[-90.212439478,38.599655974],[-90.211505273,38.5993744730001],[-90.210556164,38.5990922230001],[-90.210398515,38.599038643],[-90.210318661,38.599013239]]]},"properties":{"id":"uniti-regional-20260919-59d548f6b28bec2a34a8","sourceId":"uniti-regional-20260919","source":"Uniti Wholesale regional transport network","sourceUrl":"https://www.unitiwholesale.com/network-map/","name":"Uniti Wholesale regional transport network","carrier":"Uniti Wholesale","category":"unknown","routeStatus":"Publisher network map; current operating status unverified","evidence":"publisher_route","geometryQuality":"publisher_geometry_unverified","dataDate":null,"metadataModified":"2025-06-13T12:55:45+00:00","retrievedAt":"2026-09-19T13:31:26.703698+00:00","networkType":"Carrier-published regional transport geometry; not a surveyed cable alignment","serviceability":"Unconfirmed","routeDiversity":"Unconfirmed","states":["MO"],"publishedLineParts":65,"importBatch":"20260919","sourceRecordIds":["14522","14523","14524","14525","14526","14527","14528","14529","14530","14531","16356","16386","16394","16583","31855","31857","31858","31863","31869","31876","31889","31890","41483","41484","41485","41486","41487","41488","41489","41490","41515","41516","41517","41518","41519","41520","41521","41522","41623","41624","41627","43429","43430","43431","43588","43589","43590","54867","54868","54873","59770","59791","59856","75193","75207","75213","75505","75523","76671","85875","85878","90809","90813","90819","90820"]},"bbox":[-90.2424751189999,38.598042881,-90.18810481,38.6719235830001]},{"type":"Feature","geometry":{"type":"MultiLineString","coordinates":[[[-89.9557461909999,36.8141661280001],[-89.9559006429999,36.8140710330001],[-89.956375297,36.814209444],[-89.956879693,36.814305543],[-89.9578006949999,36.814338354],[-89.9587004209999,36.814370785],[-89.9596235389999,36.814392911],[-89.960561194,36.8144135000001],[-89.9608647059999,36.814556365]],[[-89.955707253,36.81336737],[-89.955745488,36.8141499550001],[-89.955669429,36.8141702820001],[-89.9557461859999,36.814166018]],[[-89.9608647059999,36.814556365],[-89.960926816,36.814523611],[-89.960951903,36.8145206790001],[-89.96098105,36.814545184],[-89.961085816,36.8146457390001]]]},"properties":{"id":"uniti-regional-20260919-30a0b0fabc7dff44daaf","sourceId":"uniti-regional-20260919","source":"Uniti Wholesale regional transport network","sourceUrl":"https://www.unitiwholesale.com/network-map/","name":"Uniti Wholesale regional transport network","carrier":"Uniti Wholesale","category":"unknown","routeStatus":"Publisher network map; current operating status unverified","evidence":"publisher_route","geometryQuality":"publisher_geometry_unverified","dataDate":null,"metadataModified":"2025-06-13T12:55:45+00:00","retrievedAt":"2026-09-19T13:31:26.703698+00:00","networkType":"Carrier-published regional transport geometry; not a surveyed cable alignment","serviceability":"Unconfirmed","routeDiversity":"Unconfirmed","states":["MO"],"publishedLineParts":3,"importBatch":"20260919","sourceRecordIds":["72100","72101","72106"]},"bbox":[-89.961085816,36.81336737,-89.955669429,36.8146457390001]},{"type":"Feature","geometry":{"type":"MultiLineString","coordinates":[[[-94.4625613219999,36.989522413],[-94.4625026749999,36.989519814],[-94.4625136559999,36.9893273210001],[-94.463707781,36.98937161],[-94.463558006,36.988663],[-94.463539784,36.987232395],[-94.479994108,36.9881270180001],[-94.479844772,36.996065542],[-94.48156799,36.998816681],[-94.481414128,37.0019820570001],[-94.481394397,37.003136151],[-94.481384212,37.00337976],[-94.482528851,37.0032547660001],[-94.48282535,37.0032853490001],[-94.48307655,37.0033839220001],[-94.484012988,37.004482533],[-94.484668018,37.0053219920001],[-94.485825461,37.0071551300001],[-94.486068715,37.007474699],[-94.4863358119999,37.0076654800001],[-94.4865552159999,37.0078117510001],[-94.4867905139999,37.007856265],[-94.487129163,37.0079166840001],[-94.489299352,37.007926221],[-94.4902755429999,37.0078944300001],[-94.4938893469999,37.0076305040001],[-94.4955285249999,37.0075287490001],[-94.495728845,37.007585989],[-94.4967018519999,37.00819332],[-94.4970023499999,37.0082187630001],[-94.497817952,37.0081074720001],[-94.4988879539999,37.0078753500001],[-94.5001550869999,37.0075891710001],[-94.501008852,37.007350683],[-94.50591524,37.007452438],[-94.5046910309999,37.0055032390001],[-94.504913604,37.005401485],[-94.5047109989999,37.004873999],[-94.50489771,37.003790934],[-94.505011311,37.003375546],[-94.505225228,37.002949883],[-94.5055304799999,37.002568314],[-94.5059025199999,37.002250336],[-94.506313534,37.0020105300001],[-94.509330306,37.0006604490001],[-94.509850205,37.000328165],[-94.5134147249999,36.997892461],[-94.513863069,36.997256513],[-94.514136531,36.997259688],[-94.5211908479999,36.997358261],[-94.52766803,36.997412317],[-94.533618969,36.997491816],[-94.533574458,36.9979560630001],[-94.5341802029999,36.9979560560001],[-94.535875013,36.9975013500001],[-94.5396859699999,36.997514068],[-94.549713366,36.99762854],[-94.549710191,36.9978256840001],[-94.5522121069999,36.9978635790001],[-94.5603465739999,36.997967003],[-94.562647689,36.99798689],[-94.5665200179999,36.9980584950001],[-94.570113905,36.998165887],[-94.570607145,36.9982295350001],[-94.570897517,36.9983170420001],[-94.571076513,36.9984681980001],[-94.571402686,36.998822214],[-94.571736919,36.999068783],[-94.572216136,36.999299545],[-94.572609933,36.999379103],[-94.572948035,36.999375123],[-94.573538732,36.999180215],[-94.5759114539999,36.998324999],[-94.576301265,36.9982255580001],[-94.578027106,36.998259868],[-94.584391983,36.998361297],[-94.586325163,36.998400084],[-94.587267869,36.998518249],[-94.588710318,36.998522398],[-94.595940341,36.998633272],[-94.595897913,37.0006009300001],[-94.596635121,37.000648659],[-94.597319296,37.000616839],[-94.59769055,37.000600922],[-94.601076925,36.9999963130001],[-94.604440105,36.999394669],[-94.604921183,36.999308609],[-94.604914117,36.9986509500001],[-94.606865851,36.998643878],[-94.60928078,36.9969750000001],[-94.6101022569999,36.9967766020001],[-94.611221136,36.996562892],[-94.616090291,36.9958179870001],[-94.6171735129999,36.995668089],[-94.617979758,36.9955565120001],[-94.6180127599999,36.995551946],[-94.61801352,36.995551839],[-94.618014094,36.995551763],[-94.618015545,36.995551224],[-94.618962233,36.9952249450001],[-94.620570782,36.994384008],[-94.62304525,36.992896912],[-94.624971713,36.99159812],[-94.627009228,36.9900337670001],[-94.628831006,36.9882774160001],[-94.6322759989999,36.985059999],[-94.633006883,36.9843032480001],[-94.635066925,36.98228612],[-94.636388793,36.9809900010001],[-94.636783628,36.9806466650001],[-94.6398543889999,36.9780522940001],[-94.648370519,36.971477501],[-94.651574263,36.968995904],[-94.657113696,36.9646856150001],[-94.665161024,36.9584163550001],[-94.6740352149999,36.9515009680001],[-94.6825851469999,36.9448767590001],[-94.6836869749999,36.944152133],[-94.685374461,36.943073466],[-94.6887145169999,36.941315995],[-94.69195235,36.939973126],[-94.695165189,36.9388878450001],[-94.7031062999999,36.936634551],[-94.71169594,36.9341893530001],[-94.717473094,36.9325316430001],[-94.726555736,36.9299540960001],[-94.737822189,36.9267280130001],[-94.740889439,36.925953753],[-94.74206406,36.925629498],[-94.747298034,36.9237573980001]]]},"properties":{"id":"uniti-regional-20260919-4111a8071f8898a3331a","sourceId":"uniti-regional-20260919","source":"Uniti Wholesale regional transport network","sourceUrl":"https://www.unitiwholesale.com/network-map/","name":"Uniti Wholesale regional transport network","carrier":"Uniti Wholesale","category":"unknown","routeStatus":"Publisher network map; current operating status unverified","evidence":"publisher_route","geometryQuality":"publisher_geometry_unverified","dataDate":null,"metadataModified":"2025-06-13T12:55:45+00:00","retrievedAt":"2026-09-19T13:31:26.703698+00:00","networkType":"Carrier-published regional transport geometry; not a surveyed cable alignment","serviceability":"Unconfirmed","routeDiversity":"Unconfirmed","states":["MO","OK"],"publishedLineParts":1,"importBatch":"20260919","sourceRecordIds":["5563"]},"bbox":[-94.747298034,36.9237573980001,-94.4625026749999,37.0082187630001]},{"type":"Feature","geometry":{"type":"MultiLineString","coordinates":[[[-94.88721104999999,38.812501126],[-94.887059368,38.812748394],[-94.88680007500001,38.81302676],[-94.88643706499998,38.813233289],[-94.885981863,38.813309615],[-94.885382609,38.813170433],[-94.8812686,38.813236582],[-94.879382657,38.81377728],[-94.876416181,38.815066153],[-94.872267406,38.816930536],[-94.87163967100001,38.817034636],[-94.87111124999998,38.817314017],[-94.870840749,38.817613002],[-94.86940216900001,38.818379953],[-94.86693724899999,38.819855977],[-94.865953833,38.82053925],[-94.862931227,38.822801295],[-94.859468361,38.825415043],[-94.859085211,38.82548469],[-94.85867652000002,38.8258263],[-94.858501975,38.826137655],[-94.856501234,38.827678742],[-94.85477911,38.828953113],[-94.852386669,38.830660618],[-94.8516144,38.831327042],[-94.851347523,38.831520307],[-94.850237512,38.832199818],[-94.849123368,38.832645844],[-94.848916663,38.832821356],[-94.846525893,38.834298308],[-94.845303149,38.835053713],[-94.845176658,38.835173144],[-94.84379676,38.836053939],[-94.840216199,38.838350244],[-94.839690923,38.838509493],[-94.83814557700002,38.839482884],[-94.837195676,38.840078218],[-94.836774197,38.840467754],[-94.83530652900001,38.841295824],[-94.833968957,38.842013352],[-94.833670893,38.842172606],[-94.833363167,38.842356212],[-94.83209616,38.843129421],[-94.829797302,38.844658079],[-94.828854586,38.845346845],[-94.828231726,38.845777102],[-94.82739364,38.846455486],[-94.826630581,38.847096813],[-94.82504024600001,38.848359794],[-94.821409017,38.851225141],[-94.819449586,38.852819077],[-94.81923405799999,38.853014248],[-94.818863098,38.853365271],[-94.81878013499998,38.853444322],[-94.81870678899999,38.853514203],[-94.81866885300002,38.853559425],[-94.818572581,38.853676617],[-94.818230674,38.854124434],[-94.81822946799998,38.854581451],[-94.818501532,38.85459905],[-94.818563634,38.855272403],[-94.81759495800002,38.856294709],[-94.816926088,38.856654744],[-94.816236757,38.856992614],[-94.816182879,38.857051647],[-94.815472727,38.857098911],[-94.814814164,38.857169353],[-94.81422329500002,38.857453629],[-94.813349447,38.857896065],[-94.812503299,38.858320779],[-94.810140834,38.860184345],[-94.806898595,38.862750295],[-94.806327233,38.863180524],[-94.804044501,38.865028007],[-94.803046718,38.86595227],[-94.80219405200002,38.86711981],[-94.802296024,38.868586486],[-94.801863478,38.868669974],[-94.80054665099999,38.869018472],[-94.799519654,38.869604732],[-94.799001776,38.869898061],[-94.797933085,38.870602528],[-94.797135098,38.871133377],[-94.796526719,38.871698569],[-94.795907896,38.872276442],[-94.795509698,38.872803332],[-94.79523200399998,38.87335719],[-94.794823635,38.874141199],[-94.794499268,38.874623396],[-94.79427681,38.875208917],[-94.794269885,38.87543015],[-94.79397042800001,38.876429955],[-94.79388598399999,38.876659086],[-94.793783131,38.876855689],[-94.793532219,38.877646419],[-94.79320606599998,38.878698496],[-94.793017967,38.879315233],[-94.79257237100002,38.880731011],[-94.792335966,38.881500687],[-94.792370136,38.883437309],[-94.792816164,38.883426874],[-94.792867864,38.884018322],[-94.792302823,38.88441722],[-94.791686236,38.884904419],[-94.791454117,38.88514786],[-94.79134943799998,38.885300707],[-94.791263613,38.885473797],[-94.79089925499999,38.886447144],[-94.790527403,38.887443365],[-94.789996208,38.889094581],[-94.78936915699998,38.89117509],[-94.78948842700001,38.891342895],[-94.788983539,38.892914108],[-94.788677314,38.893593347],[-94.788259808,38.894431535],[-94.787634696,38.895471092],[-94.787112062,38.896247145],[-94.785804153,38.898049828],[-94.785384521,38.898753091],[-94.785039759,38.899296155],[-94.784287736,38.900363101],[-94.783790792,38.901083488],[-94.783244752,38.901832309],[-94.78270458099999,38.902457071],[-94.78206977300002,38.903169074],[-94.781546251,38.90375295],[-94.78124764000002,38.904073827],[-94.78040971,38.904984161],[-94.77992128,38.905524389],[-94.77891922500001,38.906622603],[-94.778344847,38.907256089],[-94.77767089999999,38.90799153],[-94.77638202000001,38.909431842],[-94.775686295,38.910171078],[-94.77505805600002,38.910872912],[-94.77408134,38.911948397],[-94.773492216,38.912530315],[-94.772859171,38.913084959],[-94.772520612,38.913364722],[-94.77102312599999,38.914537265],[-94.769882995,38.915431744],[-94.768684248,38.916342394],[-94.767101409,38.917524771],[-94.76604559500001,38.918329286],[-94.765509803,38.91889979],[-94.765211438,38.919194803],[-94.76499897299999,38.919436093],[-94.76395569,38.920630119],[-94.762397332,38.92245361],[-94.76129327700001,38.923779448],[-94.759651339,38.925682631],[-94.758831192,38.926657364],[-94.758065548,38.927548436],[-94.756999675,38.928744664],[-94.756045022,38.929861356],[-94.755458858,38.930585735],[-94.754583259,38.931615058],[-94.75355049900001,38.932830803],[-94.752722931,38.933804612],[-94.752290676,38.934327366],[-94.75197570200001,38.934771575],[-94.751722719,38.935276523],[-94.751525455,38.935796228],[-94.751364432,38.936304302],[-94.751288162,38.93693631],[-94.75128722199999,38.937680277],[-94.751205292,38.938790711],[-94.751249465,38.940442825],[-94.751280397,38.942191264],[-94.749665614,38.941935577],[-94.746507657,38.941979586],[-94.746080257,38.943062668],[-94.745203114,38.943074947],[-94.74451907799998,38.943532525],[-94.743351638,38.944907616],[-94.742122234,38.946148964],[-94.741853476,38.946335489],[-94.74167846200001,38.946534933],[-94.741501018,38.946724351],[-94.74118442300002,38.947145733],[-94.74074849,38.947630055],[-94.74025377899999,38.948196032],[-94.739829301,38.948670846],[-94.739586086,38.948950687],[-94.739202467,38.94940312],[-94.738707512,38.949978128],[-94.737809571,38.951077089],[-94.737177173,38.951794663],[-94.736364795,38.952795158],[-94.735457122,38.953844623],[-94.73477293,38.954699454],[-94.73436735599999,38.955743243],[-94.734327315,38.956783767],[-94.73412386199999,38.957045249],[-94.73412520399998,38.957243272],[-94.734129772,38.957307191],[-94.733525406,38.957518062],[-94.73308138400002,38.957687701],[-94.732681952,38.957864383],[-94.73255313699998,38.957905121],[-94.73217622,38.958080584],[-94.73193977,38.958223656],[-94.731496704,38.958661963],[-94.73127400699998,38.95856779],[-94.73060554200002,38.959258299],[-94.72995501299998,38.959937105],[-94.72864762600001,38.961309755],[-94.727366049,38.962645133],[-94.725817116,38.964281763],[-94.72497926,38.965173758],[-94.723390439,38.966826061],[-94.723244254,38.967055043],[-94.722000984,38.968479585],[-94.721577325,38.968971804],[-94.721457798,38.969159058],[-94.72140247,38.969291061],[-94.721391985,38.969430108],[-94.72153807,38.969996731],[-94.721614428,38.970158803],[-94.721661347,38.970323683],[-94.721640103,38.970602873],[-94.72153403500002,38.970846306],[-94.721133289,38.971316268],[-94.72029611,38.971841686],[-94.719945011,38.972043157],[-94.719601151,38.972190336],[-94.718824744,38.972370212],[-94.718589042,38.972419273],[-94.71838009799998,38.972522301],[-94.718103298,38.972753268],[-94.71702852800001,38.973816136],[-94.715889826,38.974720868],[-94.715678835,38.974892333],[-94.715556978,38.974993344],[-94.715440713,38.975104442],[-94.71507817699998,38.975481022],[-94.71411954800001,38.976518949],[-94.714188552,38.977185468],[-94.71421336399999,38.977752848],[-94.71414101,38.978299658],[-94.714089857,38.978469884],[-94.714030114,38.978623466],[-94.71389343,38.978872853],[-94.71371333199998,38.979136676],[-94.713475919,38.979441675],[-94.71317403699999,38.97974006],[-94.71281467099999,38.980030169],[-94.71232699,38.980312128],[-94.711792307,38.980564903],[-94.710818653,38.980993879],[-94.70978474799999,38.981453155],[-94.708920493,38.982083251],[-94.70758068799998,38.983432102],[-94.706937086,38.98405784],[-94.705529392,38.985522114],[-94.704754513,38.986412301],[-94.704219061,38.98689643],[-94.70378702399998,38.987369061],[-94.703515235,38.987680189],[-94.702378087,38.988946278],[-94.70068059699999,38.990799561],[-94.69964922799998,38.992708834],[-94.699345355,38.993271628],[-94.69914898499998,38.99364037],[-94.69908533100002,38.993649164],[-94.699026489,38.993661704],[-94.698970811,38.993678177],[-94.69887486600001,38.99370593],[-94.698794945,38.993738651],[-94.69870325,38.993775996],[-94.698613252,38.993823653],[-94.69845373600002,38.993908309],[-94.69842646,38.993928348],[-94.69829213899999,38.993992771],[-94.69824659,38.994012558],[-94.69812427700002,38.994080282],[-94.69800085100002,38.994143588],[-94.697882909,38.99421301],[-94.69775706199998,38.994304334],[-94.697613577,38.994406717],[-94.69746099799998,38.99453504],[-94.697405038,38.994584007],[-94.69739384700001,38.994609352],[-94.69724910000001,38.994815288],[-94.696776962,38.995465422],[-94.696547931,38.995816476],[-94.696419694,38.996044882],[-94.69607510300001,38.996673477],[-94.69589366400001,38.997140334],[-94.695731457,38.997799024],[-94.695519065,38.99953366],[-94.69536307800001,39.000690502],[-94.69522904000002,39.001195614],[-94.695014972,39.003038891],[-94.694806741,39.00470047],[-94.69467422800001,39.006039173],[-94.694689121,39.00662526],[-94.694801683,39.007108128],[-94.69497417000001,39.007400787],[-94.694979517,39.007734528],[-94.69485306200002,39.007765863],[-94.694416156,39.008494454],[-94.69431594,39.00902517],[-94.694155774,39.009551262],[-94.694167923,39.010095332],[-94.694001762,39.01021034],[-94.69389653999998,39.011025782],[-94.69382056399999,39.011638755],[-94.693691386,39.01252755],[-94.693651622,39.013007469],[-94.69364699,39.013120744],[-94.69368052600001,39.013247967],[-94.69385445,39.013588284],[-94.694362933,39.01416765],[-94.694620868,39.014381264],[-94.69490041100002,39.014532469],[-94.69522475999999,39.014630875],[-94.695456438,39.014677677],[-94.695568031,39.014692834],[-94.69553781399999,39.015085169],[-94.69507411,39.015661783],[-94.694231169,39.016863612],[-94.692865368,39.01998472],[-94.69248867599998,39.021336898],[-94.69234833700001,39.021953534],[-94.692344342,39.021993782],[-94.692362093,39.022035549],[-94.692442125,39.02206836],[-94.692420768,39.022321031],[-94.692165533,39.023072349],[-94.691570167,39.024966407],[-94.691315736,39.025892204],[-94.690932331,39.026958759],[-94.68999137099999,39.02946339],[-94.68971790199998,39.030167068],[-94.689440634,39.030937019],[-94.688992685,39.032235042],[-94.688684179,39.032787567],[-94.688118306,39.033601055],[-94.68749130699999,39.034374445],[-94.68657977599999,39.035492921],[-94.686035418,39.035975916],[-94.68559700900002,39.036363024],[-94.685159954,39.036693534],[-94.683559526,39.037833544],[-94.68255176100001,39.038438988],[-94.681418963,39.038996378],[-94.680466559,39.039346767],[-94.679957882,39.039522936],[-94.67957368100001,39.039638486],[-94.679104015,39.039765921],[-94.678477854,39.039922198],[-94.67765103299999,39.04013497],[-94.672595559,39.041568002],[-94.66887566999999,39.042597236],[-94.668227962,39.042699068],[-94.66788766900001,39.042292485],[-94.666053103,39.042460032],[-94.66475728,39.042682295],[-94.663332594,39.04301342],[-94.661477411,39.043495476],[-94.65992604,39.043902681],[-94.659161204,39.044226545],[-94.658515909,39.044485975],[-94.65750375599998,39.044919349],[-94.65635317299999,39.04551681],[-94.655708684,39.045760994],[-94.654977245,39.045937207],[-94.651460711,39.046737304],[-94.651111647,39.046831116],[-94.64938822899998,39.047500845],[-94.64856264799998,39.047794094],[-94.647886363,39.048140044],[-94.64706759900001,39.048557575],[-94.646415553,39.04871473],[-94.64574995,39.049046722],[-94.642651242,39.049931794],[-94.641452998,39.050278661],[-94.64108259399998,39.049525109],[-94.641055954,39.049448949],[-94.64087856299999,39.049534268],[-94.64047858700002,39.049790242],[-94.640463171,39.049944888],[-94.63976893599998,39.050451639],[-94.63970887699999,39.050967871],[-94.63681891999998,39.052862737],[-94.634694138,39.053829822],[-94.63180485899998,39.05543032],[-94.630221177,39.056252779],[-94.62954541000002,39.057107933],[-94.62923293,39.057352165],[-94.62878466,39.057612784],[-94.62844643,39.058644603],[-94.627993179,39.058640557],[-94.627720732,39.059611245],[-94.62755865999999,39.059989271],[-94.627320227,39.060370705],[-94.625901592,39.06183337],[-94.62458020700001,39.06329698],[-94.62434235,39.063564047],[-94.624089144,39.06369157],[-94.62392290899999,39.06379042],[-94.62340163,39.064091678],[-94.621758463,39.065375622],[-94.620831531,39.066127664],[-94.619266921,39.068244849],[-94.61827926000001,39.069793159],[-94.61723449000002,39.072234744],[-94.616697107,39.073076292],[-94.616318078,39.073329184],[-94.61569838799998,39.073629865],[-94.614916515,39.073887321],[-94.614594552,39.073997394],[-94.61369503899999,39.073985765],[-94.611819355,39.074398936],[-94.61147987500001,39.074753627],[-94.611196762,39.074811645],[-94.61090802599999,39.074857948],[-94.610586574,39.074905158],[-94.61025328299999,39.074934541],[-94.609455059,39.074976599],[-94.60860626500002,39.074986705],[-94.60816169900001,39.075044155],[-94.60713432800001,39.075523492],[-94.606706345,39.075766564],[-94.60547124499999,39.076026264],[-94.604668421,39.076077898],[-94.604387717,39.076090005],[-94.603674357,39.076117359],[-94.603294946,39.076078051],[-94.60319766,39.076045619],[-94.602883308,39.075865108],[-94.602775848,39.075987551],[-94.601563173,39.075769254],[-94.60138255000001,39.075467002],[-94.60045251499999,39.075312085],[-94.59951758600002,39.075215048],[-94.59843154400001,39.075179699],[-94.597952461,39.075350107],[-94.597731465,39.075383022],[-94.59771875999999,39.075514332],[-94.597434835,39.075665843],[-94.596652062,39.075911751],[-94.595855446,39.076369105],[-94.59501575000002,39.07693452],[-94.593928757,39.07688088],[-94.593869598,39.077598025],[-94.593762363,39.078101609],[-94.59349679000002,39.078454641],[-94.59317638499999,39.078397356],[-94.592685315,39.0800062],[-94.592793086,39.080110406],[-94.592887194,39.080221856],[-94.592955342,39.080350448],[-94.59300314300002,39.080486942],[-94.593047974,39.080778425],[-94.593051876,39.081077265],[-94.59296547199999,39.082293851],[-94.592886272,39.082734742],[-94.592784936,39.083133974],[-94.59266336,39.083596445],[-94.592491534,39.08418238],[-94.59245149799999,39.084205022],[-94.592330169,39.084622745],[-94.592329649,39.084736795],[-94.59214905,39.085440447],[-94.592040756,39.085802394],[-94.59191364899999,39.086125983],[-94.591744873,39.086539424],[-94.591628932,39.087101421],[-94.591481729,39.088127349],[-94.59138562499999,39.088718134],[-94.591257725,39.089234652],[-94.591198184,39.089425246],[-94.591048962,39.089925529],[-94.590831639,39.090793635],[-94.590734067,39.09089579],[-94.59059527500001,39.091702677],[-94.59053776899998,39.09281291],[-94.59058747,39.093068758],[-94.590570353,39.093449663],[-94.59045523299999,39.093949552],[-94.59017046100001,39.094563427],[-94.590048821,39.09480592],[-94.589882318,39.095005222],[-94.588976937,39.0954272],[-94.588472539,39.095412303],[-94.588475935,39.094860782],[-94.588063941,39.09480931],[-94.58743587200001,39.094776021],[-94.58706967100001,39.094761826],[-94.585993208,39.094727145],[-94.585683521,39.094707295],[-94.585594435,39.09472201],[-94.58479042600001,39.094698747],[-94.584461486,39.094637045],[-94.582261746,39.09455787],[-94.58220443300002,39.095667264],[-94.58217584900001,39.095799146],[-94.58219267,39.095868328],[-94.582203573,39.095903255],[-94.582150351,39.097135794],[-94.582102678,39.097803858],[-94.582070138,39.098481088],[-94.582046739,39.098693652],[-94.582000816,39.099856316],[-94.581523011,39.099840689],[-94.581513133,39.099974394],[-94.581460916,39.101054149]]]},"properties":{"id":"ks-freestate-new-cable-duct-20260919-ac9337dd953c1e65bb3b","sourceId":"ks-freestate-new-cable-duct-20260919","source":"Kansas Freestate \u2014 New Cable & Duct Path","sourceUrl":"https://www.kansascommerce.gov/officeofbroadbanddevelopment/route-maps-and-planning-files/","name":"Kansas Freestate \u2014 New Cable & Duct Path","carrier":"Kansas Department of Commerce / Freestate Network","category":"planned","routeStatus":"Proposed cable in August 2024 planning file; not confirmed built","evidence":"approximate_project_route","geometryQuality":"publisher_geometry_unverified","dataDate":null,"metadataModified":null,"retrievedAt":"2026-09-19T13:34:07.987249+00:00","networkType":"Published planning alignment subject to design and permitting changes","serviceability":"Unconfirmed","routeDiversity":"Unconfirmed","states":["KS","MO"],"publishedLineParts":1,"importBatch":"20260919","sourceRecordIds":["39"]},"bbox":[-94.88721104999999,38.812501126,-94.581460916,39.101054149]}]}