{"type":"FeatureCollection","features":[{"type":"Feature","geometry":{"type":"LineString","coordinates":[[-79.6046345031619,36.5413121880049],[-79.6045947607838,36.5412898474565],[-79.6045393691875,36.5412141475284],[-79.604576804182,36.5411618800818]]},"properties":{"id":"arcgis-1-3-a01645c728265439","sourceId":"arcgis-1-3","source":"NTIA Grant Shapefiles_MBC \u2014 MBC_Existing_Fiber","sourceUrl":"https://services8.arcgis.com/JYmjBB1HUy1BkQMb/arcgis/rest/services/NTIA_Grant_Shapefiles_MBC/FeatureServer/3","name":"NTIA Grant Shapefiles_MBC \u2014 MBC_Existing_Fiber","carrier":"MBC","routeStatus":"101","category":"unknown","evidence":"agency_route","dataDate":null,"metadataModified":"2024-12-03T14:51:46+00:00","retrievedAt":"2026-09-18T02:43:12.397381+00:00","networkType":"Published fiber route; network class not specified","serviceability":"Unconfirmed","routeDiversity":"Unconfirmed","states":["NC"]},"bbox":[-79.6046345031619,36.5411618800818,-79.6045393691875,36.5413121880049]},{"type":"Feature","geometry":{"type":"LineString","coordinates":[[-79.6053569133796,36.5421926544061],[-79.6046345031619,36.5413121880049]]},"properties":{"id":"arcgis-1-3-f08b4a043ca636a1","sourceId":"arcgis-1-3","source":"NTIA Grant Shapefiles_MBC \u2014 MBC_Existing_Fiber","sourceUrl":"https://services8.arcgis.com/JYmjBB1HUy1BkQMb/arcgis/rest/services/NTIA_Grant_Shapefiles_MBC/FeatureServer/3","name":"NTIA Grant Shapefiles_MBC \u2014 MBC_Existing_Fiber","carrier":"MBC","routeStatus":"101","category":"unknown","evidence":"agency_route","dataDate":null,"metadataModified":"2024-12-03T14:51:46+00:00","retrievedAt":"2026-09-18T02:43:12.397381+00:00","networkType":"Published fiber route; network class not specified","serviceability":"Unconfirmed","routeDiversity":"Unconfirmed","states":["NC"]},"bbox":[-79.6053569133796,36.5413121880049,-79.6046345031619,36.5421926544061]},{"type":"Feature","geometry":{"type":"LineString","coordinates":[[-79.9095220510512,36.5476137678606],[-79.9094825167089,36.5475257225554],[-79.9087045200335,36.5468769837051],[-79.908642084078,36.5468548453658],[-79.9092911651498,36.5461875029489]]},"properties":{"id":"arcgis-1-3-a3b26f3ebc520bae","sourceId":"arcgis-1-3","source":"NTIA Grant Shapefiles_MBC \u2014 MBC_Existing_Fiber","sourceUrl":"https://services8.arcgis.com/JYmjBB1HUy1BkQMb/arcgis/rest/services/NTIA_Grant_Shapefiles_MBC/FeatureServer/3","name":"NTIA Grant Shapefiles_MBC \u2014 MBC_Existing_Fiber","carrier":"MBC","routeStatus":"101","category":"unknown","evidence":"agency_route","dataDate":null,"metadataModified":"2024-12-03T14:51:46+00:00","retrievedAt":"2026-09-18T02:43:12.397381+00:00","networkType":"Published fiber route; network class not specified","serviceability":"Unconfirmed","routeDiversity":"Unconfirmed","states":["NC","VA"]},"bbox":[-79.9095220510512,36.5461875029489,-79.908642084078,36.5476137678606]},{"type":"Feature","geometry":{"type":"LineString","coordinates":[[-79.9073107620441,36.5458149464523],[-79.9095220510512,36.5476137678606]]},"properties":{"id":"arcgis-1-3-a7ef4458b0531d8a","sourceId":"arcgis-1-3","source":"NTIA Grant Shapefiles_MBC \u2014 MBC_Existing_Fiber","sourceUrl":"https://services8.arcgis.com/JYmjBB1HUy1BkQMb/arcgis/rest/services/NTIA_Grant_Shapefiles_MBC/FeatureServer/3","name":"NTIA Grant Shapefiles_MBC \u2014 MBC_Existing_Fiber","carrier":"MBC","routeStatus":"101","category":"unknown","evidence":"agency_route","dataDate":null,"metadataModified":"2024-12-03T14:51:46+00:00","retrievedAt":"2026-09-18T02:43:12.397381+00:00","networkType":"Published fiber route; network class not specified","serviceability":"Unconfirmed","routeDiversity":"Unconfirmed","states":["NC","VA"]},"bbox":[-79.9095220510512,36.5458149464523,-79.9073107620441,36.5476137678606]},{"type":"Feature","geometry":{"type":"LineString","coordinates":[[-79.6118571337103,36.5515081922817],[-79.6119429550383,36.5515194899849],[-79.6123494511433,36.5513541705343],[-79.6124383768837,36.551286660793],[-79.6119869050083,36.5505889861869],[-79.6117146223173,36.5502136996208],[-79.6111362332576,36.5495546663635],[-79.6104354297786,36.5487529161666],[-79.6095282961178,36.5477167863168],[-79.608840767246,36.5469312718928],[-79.6080634103535,36.54604480896],[-79.6076398506567,36.545559784109],[-79.6076168632937,36.5455334129679],[-79.6072314089031,36.5450910129572],[-79.606530755664,36.5442892390135],[-79.6063593001776,36.5440954825656],[-79.6061418649448,36.5437992115623],[-79.6060162263977,36.5435348139076],[-79.6056740697656,36.5426641073932],[-79.6053774448663,36.542235227663],[-79.6053569133796,36.5421926544061]]},"properties":{"id":"arcgis-1-3-57cdf12b7217a45e","sourceId":"arcgis-1-3","source":"NTIA Grant Shapefiles_MBC \u2014 MBC_Existing_Fiber","sourceUrl":"https://services8.arcgis.com/JYmjBB1HUy1BkQMb/arcgis/rest/services/NTIA_Grant_Shapefiles_MBC/FeatureServer/3","name":"NTIA Grant Shapefiles_MBC \u2014 MBC_Existing_Fiber","carrier":"MBC","routeStatus":"101","category":"unknown","evidence":"agency_route","dataDate":null,"metadataModified":"2024-12-03T14:51:46+00:00","retrievedAt":"2026-09-18T02:43:12.397381+00:00","networkType":"Published fiber route; network class not specified","serviceability":"Unconfirmed","routeDiversity":"Unconfirmed","states":["NC","VA"]},"bbox":[-79.6124383768837,36.5421926544061,-79.6053569133796,36.5515194899849]},{"type":"Feature","geometry":{"type":"LineString","coordinates":[[-79.8720056412716,36.5706474135267],[-79.8722719194457,36.5707420537593],[-79.8727582101952,36.5700298687357],[-79.8731961565303,36.5693728983748],[-79.8735198864301,36.5688016013818],[-79.8740078107992,36.5679923153961],[-79.8746241930825,36.5671356180481],[-79.8752447590669,36.5665113518202],[-79.8762676301255,36.5656588094273],[-79.877638155279,36.5644176735477],[-79.8786602700634,36.563526371666],[-79.8796020444094,36.562681713784],[-79.8798891375557,36.5624239832916],[-79.8805832848819,36.5617868979928],[-79.881183648912,36.5612760986115],[-79.8818106194551,36.560806710049],[-79.8824220339691,36.5604984515881],[-79.8832282975554,36.5601372174079],[-79.8840420490249,36.5598333532739],[-79.8849980736084,36.5594190695909],[-79.8860264881109,36.558922849267],[-79.8864710518867,36.5586648308861],[-79.8867853387683,36.5584647484213],[-79.8876704332891,36.5579714040807],[-79.8882328051132,36.5576100464371],[-79.8887035775379,36.5572549203323],[-79.8891405710723,36.5569069685198],[-79.8896195848757,36.5565053428924],[-79.8900770672866,36.5560497247483],[-79.8903654558626,36.5556571563282],[-79.8906093803921,36.5552899136968],[-79.8907520029025,36.5549429501646],[-79.8910812667446,36.554588044995],[-79.8914129904694,36.5541091185123],[-79.8917476724275,36.5537922981937],[-79.8921866398528,36.5534894966595],[-79.8926617939246,36.5532263213791],[-79.8930379777456,36.5529814905731],[-79.8934872891809,36.5525984433067],[-79.8936577102902,36.5523503380708],[-79.8938831511751,36.5520081068997],[-79.8940844736902,36.5517691708832],[-79.8943809295743,36.5514318151201],[-79.8946952913017,36.5511686401497],[-79.8951285498246,36.5509751030552],[-79.8956248185594,36.5507688904121],[-79.8961827035895,36.5504417643431],[-79.8965049679182,36.5502233176439],[-79.8969517395682,36.5497358479638],[-79.8973011592771,36.5492581235603],[-79.8976130959242,36.5488638246377],[-79.8978779383134,36.5486088624844],[-79.8982614363173,36.5482494736672],[-79.8986587060975,36.5479643134109],[-79.8990476082329,36.5477064347616],[-79.8994736565874,36.5474438184419],[-79.8999779656442,36.547194570955],[-79.9006431167452,36.546917643398],[-79.9007623471894,36.5468446822647],[-79.9014599541609,36.5465974057569],[-79.9022105539052,36.5463394750199],[-79.9030697850177,36.5461074193029],[-79.9044808299052,36.5458000616954],[-79.9050383140437,36.5456474391947],[-79.9055696792084,36.5455528317307],[-79.9059531863476,36.5454528451321],[-79.9065540766779,36.5452186225325],[-79.9065963395646,36.5452028537784],[-79.9073107620441,36.5458149464523]]},"properties":{"id":"arcgis-1-3-101c40b27b710c5c","sourceId":"arcgis-1-3","source":"NTIA Grant Shapefiles_MBC \u2014 MBC_Existing_Fiber","sourceUrl":"https://services8.arcgis.com/JYmjBB1HUy1BkQMb/arcgis/rest/services/NTIA_Grant_Shapefiles_MBC/FeatureServer/3","name":"NTIA Grant Shapefiles_MBC \u2014 MBC_Existing_Fiber","carrier":"MBC","routeStatus":"101","category":"unknown","evidence":"agency_route","dataDate":null,"metadataModified":"2024-12-03T14:51:46+00:00","retrievedAt":"2026-09-18T02:43:12.397381+00:00","networkType":"Published fiber route; network class not specified","serviceability":"Unconfirmed","routeDiversity":"Unconfirmed","states":["NC","VA"]},"bbox":[-79.9073107620441,36.5452028537784,-79.8720056412716,36.5707420537593]},{"type":"Feature","geometry":{"type":"LineString","coordinates":[[-80.4799340893579,36.5527403187837],[-80.4742115206685,36.5578210368961],[-80.4671336065719,36.5608451154065],[-80.4603568806005,36.568707165137],[-80.4556884691501,36.570279479187],[-80.4474058038576,36.5762056056224],[-80.4380689809351,36.5789871001821],[-80.4326475999234,36.5812847808921],[-80.4287321579983,36.5815266381693],[-80.4240637465617,36.5833405426538],[-80.4181905840358,36.5898702454715]]},"properties":{"id":"arcgis-1-4-b6f1bf61f48a0196","sourceId":"arcgis-1-4","source":"NTIA Grant Shapefiles_MBC \u2014 3rd_Party_Leased_Fiber","sourceUrl":"https://services8.arcgis.com/JYmjBB1HUy1BkQMb/arcgis/rest/services/NTIA_Grant_Shapefiles_MBC/FeatureServer/4","name":"NTIA Grant Shapefiles_MBC \u2014 3rd_Party_Leased_Fiber","carrier":"Not published","routeStatus":"Existing (publisher reported)","category":"existing","evidence":"agency_route","dataDate":null,"metadataModified":"2024-12-03T14:51:46+00:00","retrievedAt":"2026-09-18T02:36:24.145956+00:00","networkType":"Published fiber route; network class not specified","serviceability":"Unconfirmed","routeDiversity":"Unconfirmed","states":["NC","VA"]},"bbox":[-80.4799340893579,36.5527403187837,-80.4181905840358,36.5898702454715]},{"type":"Feature","geometry":{"type":"LineString","coordinates":[[-80.9188573462028,35.7840851636778],[-80.9188437397469,35.7843320545466],[-80.9188049946389,35.7845663221153],[-80.9188132464018,35.7847432520522],[-80.9188009929601,35.7852683134943],[-80.9190983515093,35.7852913483013],[-80.9194567777013,35.7852887371798],[-80.9199519443382,35.7853010705278],[-80.9205325876322,35.7853152767482],[-80.9211185027009,35.7853366832927],[-80.9215102714139,35.7853414898684],[-80.9220708419598,35.7853488084962],[-80.9219520395799,35.7854223135033],[-80.9216648685942,35.7859163183143],[-80.9214731474622,35.7862854841778],[-80.921231609139,35.786745813934],[-80.9211198230821,35.7869649965753],[-80.9210251950272,35.7871487337485],[-80.9208569118094,35.7874850657901],[-80.9208032404037,35.7875696072404],[-80.9206497775561,35.7879417227186],[-80.9206432092964,35.7879389259963],[-80.9202090673689,35.7877836216803],[-80.9198682410461,35.7876552930037],[-80.9193501231342,35.7874531910516],[-80.9190464273128,35.7873390473],[-80.9186046247787,35.7871676683702],[-80.9183209325074,35.7870582057164],[-80.91793987283,35.786908196412],[-80.9175628548577,35.7867553781954],[-80.9172737222022,35.7866418365239],[-80.9167306554046,35.7864262247237],[-80.9161204139077,35.7861946615354],[-80.9156352468904,35.7859586784681],[-80.9151751778753,35.7857177807284],[-80.9148683755971,35.7855424179836],[-80.9148630810847,35.7858961549696],[-80.9148606690021,35.7862748257051],[-80.9149822723885,35.786462515452],[-80.914988881129,35.7867827116944],[-80.9148425981347,35.7869318708024]]},"properties":{"id":"arcgis-164-0-cc942a8914799bff","sourceId":"arcgis-164-0","source":"Fiber_Layer_AGOL \u2014 Windstream Fiber","sourceUrl":"https://services2.arcgis.com/WbGEgSzGTEPg4fr6/arcgis/rest/services/Fiber_Layer_AGOL/FeatureServer/0","name":"Fiber_Layer_AGOL \u2014 Windstream Fiber","carrier":"Not published","routeStatus":"Unknown","category":"unknown","evidence":"agency_route","dataDate":null,"metadataModified":"2023-12-22T14:55:19+00:00","retrievedAt":"2026-09-18T02:36:48.187051+00:00","networkType":"Published fiber route; network class not specified","serviceability":"Unconfirmed","routeDiversity":"Unconfirmed","states":["NC"]},"bbox":[-80.9220708419598,35.7840851636778,-80.9148425981347,35.7879417227186]},{"type":"Feature","geometry":{"type":"LineString","coordinates":[[-80.9199458595434,35.7853009188193],[-80.9199138432416,35.7852133725045],[-80.9199246278093,35.7846841625813],[-80.9196322959757,35.7846872199609]]},"properties":{"id":"arcgis-164-0-1bc66c1ed66f7631","sourceId":"arcgis-164-0","source":"Fiber_Layer_AGOL \u2014 Windstream Fiber","sourceUrl":"https://services2.arcgis.com/WbGEgSzGTEPg4fr6/arcgis/rest/services/Fiber_Layer_AGOL/FeatureServer/0","name":"Fiber_Layer_AGOL \u2014 Windstream Fiber","carrier":"Not published","routeStatus":"Unknown","category":"unknown","evidence":"agency_route","dataDate":null,"metadataModified":"2023-12-22T14:55:19+00:00","retrievedAt":"2026-09-18T02:36:48.187051+00:00","networkType":"Published fiber route; network class not specified","serviceability":"Unconfirmed","routeDiversity":"Unconfirmed","states":["NC"]},"bbox":[-80.9199458595434,35.7846841625813,-80.9196322959757,35.7853009188193]},{"type":"Feature","geometry":{"type":"LineString","coordinates":[[-80.9148425981347,35.7869318708024],[-80.9148163520244,35.7874061953422],[-80.9148148996324,35.7878336876943],[-80.9134802799039,35.7879530045776],[-80.9129909522049,35.7879670275939],[-80.912855407953,35.7879670140417]]},"properties":{"id":"arcgis-164-0-0050265278cad602","sourceId":"arcgis-164-0","source":"Fiber_Layer_AGOL \u2014 Windstream Fiber","sourceUrl":"https://services2.arcgis.com/WbGEgSzGTEPg4fr6/arcgis/rest/services/Fiber_Layer_AGOL/FeatureServer/0","name":"Fiber_Layer_AGOL \u2014 Windstream Fiber","carrier":"Not published","routeStatus":"Unknown","category":"unknown","evidence":"agency_route","dataDate":null,"metadataModified":"2023-12-22T14:55:19+00:00","retrievedAt":"2026-09-18T02:36:48.187051+00:00","networkType":"Published fiber route; network class not specified","serviceability":"Unconfirmed","routeDiversity":"Unconfirmed","states":["NC"]},"bbox":[-80.9148425981347,35.7869318708024,-80.912855407953,35.7879670275939]},{"type":"Feature","geometry":{"type":"LineString","coordinates":[[-80.9129816630116,35.7872445844524],[-80.9124785851252,35.7871906744468],[-80.9118531303806,35.7871844219685],[-80.9110891177732,35.7871350280894],[-80.910569618194,35.7871102903945],[-80.9098593408825,35.7870667012746],[-80.9091551075039,35.7870278191903],[-80.9085906469964,35.7869920661649],[-80.9080777329117,35.7869645022378],[-80.9073698430587,35.7868964590081],[-80.9069049218266,35.7868702891155],[-80.9063619427697,35.7868367479338]]},"properties":{"id":"arcgis-164-0-67669963917ef2d6","sourceId":"arcgis-164-0","source":"Fiber_Layer_AGOL \u2014 Windstream Fiber","sourceUrl":"https://services2.arcgis.com/WbGEgSzGTEPg4fr6/arcgis/rest/services/Fiber_Layer_AGOL/FeatureServer/0","name":"Fiber_Layer_AGOL \u2014 Windstream Fiber","carrier":"Not published","routeStatus":"Unknown","category":"unknown","evidence":"agency_route","dataDate":null,"metadataModified":"2023-12-22T14:55:19+00:00","retrievedAt":"2026-09-18T02:36:48.187051+00:00","networkType":"Published fiber route; network class not specified","serviceability":"Unconfirmed","routeDiversity":"Unconfirmed","states":["NC"]},"bbox":[-80.9129816630116,35.7868367479338,-80.9063619427697,35.7872445844524]},{"type":"Feature","geometry":{"type":"LineString","coordinates":[[-80.9129827236642,35.7879670266728],[-80.9129848920166,35.7876839264123],[-80.9129816630116,35.7872445844524]]},"properties":{"id":"arcgis-164-0-0a9f5ad542fdfd04","sourceId":"arcgis-164-0","source":"Fiber_Layer_AGOL \u2014 Windstream Fiber","sourceUrl":"https://services2.arcgis.com/WbGEgSzGTEPg4fr6/arcgis/rest/services/Fiber_Layer_AGOL/FeatureServer/0","name":"Fiber_Layer_AGOL \u2014 Windstream Fiber","carrier":"Not published","routeStatus":"Unknown","category":"unknown","evidence":"agency_route","dataDate":null,"metadataModified":"2023-12-22T14:55:19+00:00","retrievedAt":"2026-09-18T02:36:48.187051+00:00","networkType":"Published fiber route; network class not specified","serviceability":"Unconfirmed","routeDiversity":"Unconfirmed","states":["NC"]},"bbox":[-80.9129848920166,35.7872445844524,-80.9129816630116,35.7879670266728]},{"type":"Feature","geometry":{"type":"LineString","coordinates":[[-80.9129816630116,35.7872445844524],[-80.9130481188776,35.7872544666528]]},"properties":{"id":"arcgis-164-0-28d1ba574e4388e9","sourceId":"arcgis-164-0","source":"Fiber_Layer_AGOL \u2014 Windstream Fiber","sourceUrl":"https://services2.arcgis.com/WbGEgSzGTEPg4fr6/arcgis/rest/services/Fiber_Layer_AGOL/FeatureServer/0","name":"Fiber_Layer_AGOL \u2014 Windstream Fiber","carrier":"Not published","routeStatus":"Unknown","category":"unknown","evidence":"agency_route","dataDate":null,"metadataModified":"2023-12-22T14:55:19+00:00","retrievedAt":"2026-09-18T02:36:48.187051+00:00","networkType":"Published fiber route; network class not specified","serviceability":"Unconfirmed","routeDiversity":"Unconfirmed","states":["NC"]},"bbox":[-80.9130481188776,35.7872445844524,-80.9129816630116,35.7872544666528]},{"type":"Feature","geometry":{"type":"LineString","coordinates":[[-80.9129816630116,35.7872445844524],[-80.9129703456087,35.786824883521],[-80.9129757319578,35.7864174463502]]},"properties":{"id":"arcgis-164-0-d6679ee494c45695","sourceId":"arcgis-164-0","source":"Fiber_Layer_AGOL \u2014 Windstream Fiber","sourceUrl":"https://services2.arcgis.com/WbGEgSzGTEPg4fr6/arcgis/rest/services/Fiber_Layer_AGOL/FeatureServer/0","name":"Fiber_Layer_AGOL \u2014 Windstream Fiber","carrier":"Not published","routeStatus":"Unknown","category":"unknown","evidence":"agency_route","dataDate":null,"metadataModified":"2023-12-22T14:55:19+00:00","retrievedAt":"2026-09-18T02:36:48.187051+00:00","networkType":"Published fiber route; network class not specified","serviceability":"Unconfirmed","routeDiversity":"Unconfirmed","states":["NC"]},"bbox":[-80.9129816630116,35.7864174463502,-80.9129703456087,35.7872445844524]},{"type":"Feature","geometry":{"type":"LineString","coordinates":[[-80.9063619414083,35.7868367634307],[-80.9063711235246,35.7867121894346],[-80.9064102381839,35.7865046675794],[-80.9064374502826,35.7861529317569],[-80.9064762788054,35.7858292796081],[-80.9065012274183,35.7855473376009],[-80.9065186606702,35.7852813609257],[-80.9065496913484,35.785011775917],[-80.9065888755821,35.7847210164029],[-80.9064513793694,35.7847071397987],[-80.9061330575587,35.7846776569733],[-80.9055821361555,35.7846318985106],[-80.9050464369802,35.7845576515692],[-80.9046887146864,35.7845241539417],[-80.9043236727951,35.7844948376731],[-80.903776751621,35.7844608438783],[-80.9031445901207,35.7844764879444],[-80.9026983614619,35.7844849681963],[-80.9018811437909,35.7845913715132],[-80.9010885163376,35.7845937313005],[-80.9006763211309,35.7847245430242],[-80.9004320622075,35.7848082966942],[-80.900104733515,35.7849181734245],[-80.8997286882562,35.7850623031399],[-80.8995917973539,35.7850903377085],[-80.8992653262259,35.7851963516702],[-80.8989844638071,35.7852900815281],[-80.8986368383745,35.785409340746],[-80.8983229992262,35.7855208657469],[-80.8980938556949,35.7856053561557],[-80.8975724542625,35.7857037920032],[-80.8972902581563,35.7858105627779]]},"properties":{"id":"arcgis-164-0-26c43bb6da56f848","sourceId":"arcgis-164-0","source":"Fiber_Layer_AGOL \u2014 Windstream Fiber","sourceUrl":"https://services2.arcgis.com/WbGEgSzGTEPg4fr6/arcgis/rest/services/Fiber_Layer_AGOL/FeatureServer/0","name":"Fiber_Layer_AGOL \u2014 Windstream Fiber","carrier":"Not published","routeStatus":"Unknown","category":"unknown","evidence":"agency_route","dataDate":null,"metadataModified":"2023-12-22T14:55:19+00:00","retrievedAt":"2026-09-18T02:36:48.187051+00:00","networkType":"Published fiber route; network class not specified","serviceability":"Unconfirmed","routeDiversity":"Unconfirmed","states":["NC"]},"bbox":[-80.9065888755821,35.7844608438783,-80.8972902581563,35.7868367634307]},{"type":"Feature","geometry":{"type":"LineString","coordinates":[[-80.9063575579708,35.7868962302632],[-80.9063619414083,35.7868367634307]]},"properties":{"id":"arcgis-164-0-40b9738c72128e2f","sourceId":"arcgis-164-0","source":"Fiber_Layer_AGOL \u2014 Windstream Fiber","sourceUrl":"https://services2.arcgis.com/WbGEgSzGTEPg4fr6/arcgis/rest/services/Fiber_Layer_AGOL/FeatureServer/0","name":"Fiber_Layer_AGOL \u2014 Windstream Fiber","carrier":"Not published","routeStatus":"Unknown","category":"unknown","evidence":"agency_route","dataDate":null,"metadataModified":"2023-12-22T14:55:19+00:00","retrievedAt":"2026-09-18T02:36:48.187051+00:00","networkType":"Published fiber route; network class not specified","serviceability":"Unconfirmed","routeDiversity":"Unconfirmed","states":["NC"]},"bbox":[-80.9063619414083,35.7868367634307,-80.9063575579708,35.7868962302632]},{"type":"Feature","geometry":{"type":"LineString","coordinates":[[-80.9063619427697,35.7868367479338],[-80.9062124563141,35.7868275135174]]},"properties":{"id":"arcgis-164-0-42c7d315243bf71b","sourceId":"arcgis-164-0","source":"Fiber_Layer_AGOL \u2014 Windstream Fiber","sourceUrl":"https://services2.arcgis.com/WbGEgSzGTEPg4fr6/arcgis/rest/services/Fiber_Layer_AGOL/FeatureServer/0","name":"Fiber_Layer_AGOL \u2014 Windstream Fiber","carrier":"Not published","routeStatus":"Unknown","category":"unknown","evidence":"agency_route","dataDate":null,"metadataModified":"2023-12-22T14:55:19+00:00","retrievedAt":"2026-09-18T02:36:48.187051+00:00","networkType":"Published fiber route; network class not specified","serviceability":"Unconfirmed","routeDiversity":"Unconfirmed","states":["NC"]},"bbox":[-80.9063619427697,35.7868275135174,-80.9062124563141,35.7868367479338]},{"type":"Feature","geometry":{"type":"LineString","coordinates":[[-80.8940337996759,35.7786692200923],[-80.8941781116744,35.7789845231429],[-80.8942870805269,35.7791900077429],[-80.8944464465808,35.779501905244],[-80.8945802382225,35.7797478324094],[-80.8947234013513,35.7800216941578],[-80.8948018295756,35.7802001826937],[-80.894950454595,35.7804853654295],[-80.8950813508142,35.7807276552677],[-80.8952115408993,35.7809923484558],[-80.8953293018141,35.7812351666636],[-80.8954990773692,35.7815621976761],[-80.8956172588475,35.7817937892236],[-80.8958203905113,35.7822393812806],[-80.8959709287374,35.7825063962085],[-80.8961105602881,35.7827585679663],[-80.8962706934411,35.7830803413145],[-80.89638594699,35.7833001971951],[-80.8965451084027,35.7836398575008],[-80.8966636489431,35.7838762679537],[-80.896780725843,35.7841135909212],[-80.896974321749,35.7844527045973],[-80.8970851926158,35.7846876822696],[-80.8972475368919,35.7850067052543],[-80.8972475531681,35.7850067366554],[-80.897434148206,35.7853684045498],[-80.8975919172531,35.7856892013298],[-80.8977554795446,35.7860071642395]]},"properties":{"id":"arcgis-164-0-5ecc7c03a9b23953","sourceId":"arcgis-164-0","source":"Fiber_Layer_AGOL \u2014 Windstream Fiber","sourceUrl":"https://services2.arcgis.com/WbGEgSzGTEPg4fr6/arcgis/rest/services/Fiber_Layer_AGOL/FeatureServer/0","name":"Fiber_Layer_AGOL \u2014 Windstream Fiber","carrier":"Not published","routeStatus":"Unknown","category":"unknown","evidence":"agency_route","dataDate":null,"metadataModified":"2023-12-22T14:55:19+00:00","retrievedAt":"2026-09-18T02:36:48.187051+00:00","networkType":"Published fiber route; network class not specified","serviceability":"Unconfirmed","routeDiversity":"Unconfirmed","states":["NC"]},"bbox":[-80.8977554795446,35.7786692200923,-80.8940337996759,35.7860071642395]},{"type":"Feature","geometry":{"type":"LineString","coordinates":[[-80.8945986305287,35.7788248778296],[-80.8943110474401,35.7789114930767],[-80.8937903421426,35.7790969516843],[-80.8935011485462,35.7791954563047],[-80.8930106349449,35.7793713516549],[-80.8925401795898,35.7795396900518],[-80.8922277798139,35.7796515959707],[-80.8918852309331,35.7797870821639],[-80.8911347503437,35.7800487873808],[-80.8909952956709,35.7801069318805],[-80.8907444255033,35.7801839069254],[-80.8904143738449,35.7802996773511],[-80.8900585714999,35.7804291688098],[-80.8897713092774,35.780524896646],[-80.8894116191145,35.780649570973],[-80.8889992981925,35.7807969379807],[-80.8884720211616,35.7809910811141],[-80.888204997904,35.7810800809934],[-80.8879499653506,35.7810987245793],[-80.8875581873895,35.7812374866624],[-80.8872312182034,35.7813492514326],[-80.8864136641994,35.7816388486248]]},"properties":{"id":"arcgis-164-0-b9eb9d04af23f510","sourceId":"arcgis-164-0","source":"Fiber_Layer_AGOL \u2014 Windstream Fiber","sourceUrl":"https://services2.arcgis.com/WbGEgSzGTEPg4fr6/arcgis/rest/services/Fiber_Layer_AGOL/FeatureServer/0","name":"Fiber_Layer_AGOL \u2014 Windstream Fiber","carrier":"Not published","routeStatus":"Unknown","category":"unknown","evidence":"agency_route","dataDate":null,"metadataModified":"2023-12-22T14:55:19+00:00","retrievedAt":"2026-09-18T02:36:48.187051+00:00","networkType":"Published fiber route; network class not specified","serviceability":"Unconfirmed","routeDiversity":"Unconfirmed","states":["NC"]},"bbox":[-80.8945986305287,35.7788248778296,-80.8864136641994,35.7816388486248]},{"type":"Feature","geometry":{"type":"MultiLineString","coordinates":[[[-80.8868502296474,35.779932129973],[-80.8871619907354,35.7798314951234],[-80.8874790290805,35.77971924907],[-80.8882397310885,35.7793862927176]],[[-80.886849855413,35.7799322588713],[-80.8865796468894,35.7800319947041],[-80.8859607270196,35.7802670505897],[-80.886085486704,35.7805331547089],[-80.8861823382474,35.7807038399647],[-80.8862472852605,35.7808210529977],[-80.8863895316273,35.7810842094282],[-80.8865452823302,35.7814024817605]]]},"properties":{"id":"arcgis-164-0-5c51471931f5521f","sourceId":"arcgis-164-0","source":"Fiber_Layer_AGOL \u2014 Windstream Fiber","sourceUrl":"https://services2.arcgis.com/WbGEgSzGTEPg4fr6/arcgis/rest/services/Fiber_Layer_AGOL/FeatureServer/0","name":"Fiber_Layer_AGOL \u2014 Windstream Fiber","carrier":"Not published","routeStatus":"Unknown","category":"unknown","evidence":"agency_route","dataDate":null,"metadataModified":"2023-12-22T14:55:19+00:00","retrievedAt":"2026-09-18T02:36:48.187051+00:00","networkType":"Published fiber route; network class not specified","serviceability":"Unconfirmed","routeDiversity":"Unconfirmed","states":["NC"]},"bbox":[-80.8882397310885,35.7793862927176,-80.8859607270196,35.7814024817605]},{"type":"Feature","geometry":{"type":"LineString","coordinates":[[-80.8882397310885,35.7793862927176],[-80.8887876645271,35.7792034719068],[-80.8890155533425,35.7791299861357],[-80.8898341062974,35.7788438949024],[-80.890487602641,35.7786159103208],[-80.891283817483,35.7783420615049],[-80.8920557362533,35.7780918186084],[-80.8925281736289,35.7779390005753],[-80.892895000697,35.7778217381729],[-80.8935883581721,35.7775722531982]]},"properties":{"id":"arcgis-164-0-8edd2ef9c9a5340d","sourceId":"arcgis-164-0","source":"Fiber_Layer_AGOL \u2014 Windstream Fiber","sourceUrl":"https://services2.arcgis.com/WbGEgSzGTEPg4fr6/arcgis/rest/services/Fiber_Layer_AGOL/FeatureServer/0","name":"Fiber_Layer_AGOL \u2014 Windstream Fiber","carrier":"Not published","routeStatus":"Unknown","category":"unknown","evidence":"agency_route","dataDate":null,"metadataModified":"2023-12-22T14:55:19+00:00","retrievedAt":"2026-09-18T02:36:48.187051+00:00","networkType":"Published fiber route; network class not specified","serviceability":"Unconfirmed","routeDiversity":"Unconfirmed","states":["NC"]},"bbox":[-80.8935883581721,35.7775722531982,-80.8882397310885,35.7793862927176]},{"type":"Feature","geometry":{"type":"LineString","coordinates":[[-80.8935883581721,35.7775722531982],[-80.8935320966866,35.7776847310134],[-80.8933913615836,35.7774181422743],[-80.8932592711811,35.7771849054416],[-80.8931377328074,35.7769530745286],[-80.8930335515576,35.7767247336051],[-80.8928821677508,35.7764473396323],[-80.8927090639407,35.7761094827337],[-80.8925073347938,35.7757268287377],[-80.8923753064321,35.7755077487345],[-80.8922562165924,35.7752418486345],[-80.8921112500515,35.7750034573722],[-80.89201783708,35.7748252890776],[-80.892659313061,35.774896895696],[-80.8930212337111,35.7749395686552],[-80.8932328075374,35.7749681494779],[-80.8937502672138,35.7750259336274],[-80.8942200953155,35.7750841595003],[-80.8947839291975,35.7751565593587],[-80.8954127518688,35.7752304565919],[-80.8958531935829,35.7752899234526],[-80.8963256280851,35.7753514518591],[-80.8970062444301,35.7754338480503],[-80.8975785704565,35.7755111724628],[-80.8979209538559,35.7757039466373],[-80.8983660701915,35.7761097716344],[-80.8985178775968,35.7762664811372],[-80.8988599584691,35.7764848168653],[-80.8992554082402,35.7766835285357],[-80.8998995997054,35.7769685893901],[-80.9002398224893,35.7771109993118],[-80.900772357717,35.7773382246724],[-80.9011785902478,35.7774923052985],[-80.9017334504106,35.7777119298205],[-80.9020859021787,35.7778333057567],[-80.9022467219764,35.7779033195599],[-80.9026687538844,35.7780559632416],[-80.9030845781201,35.7782048630981],[-80.9035782349281,35.7783868716207],[-80.9040827538962,35.7785772544477],[-80.9045769555027,35.7786727732037]]},"properties":{"id":"arcgis-164-0-9f4c644806401bfb","sourceId":"arcgis-164-0","source":"Fiber_Layer_AGOL \u2014 Windstream Fiber","sourceUrl":"https://services2.arcgis.com/WbGEgSzGTEPg4fr6/arcgis/rest/services/Fiber_Layer_AGOL/FeatureServer/0","name":"Fiber_Layer_AGOL \u2014 Windstream Fiber","carrier":"Not published","routeStatus":"Unknown","category":"unknown","evidence":"agency_route","dataDate":null,"metadataModified":"2023-12-22T14:55:19+00:00","retrievedAt":"2026-09-18T02:36:48.187051+00:00","networkType":"Published fiber route; network class not specified","serviceability":"Unconfirmed","routeDiversity":"Unconfirmed","states":["NC"]},"bbox":[-80.9045769555027,35.7748252890776,-80.89201783708,35.7786727732037]},{"type":"Feature","geometry":{"type":"LineString","coordinates":[[-80.8975785704565,35.7755111724628],[-80.8976390522522,35.7753796473586]]},"properties":{"id":"arcgis-164-0-2adb4ae9d58e4952","sourceId":"arcgis-164-0","source":"Fiber_Layer_AGOL \u2014 Windstream Fiber","sourceUrl":"https://services2.arcgis.com/WbGEgSzGTEPg4fr6/arcgis/rest/services/Fiber_Layer_AGOL/FeatureServer/0","name":"Fiber_Layer_AGOL \u2014 Windstream Fiber","carrier":"Not published","routeStatus":"Unknown","category":"unknown","evidence":"agency_route","dataDate":null,"metadataModified":"2023-12-22T14:55:19+00:00","retrievedAt":"2026-09-18T02:36:48.187051+00:00","networkType":"Published fiber route; network class not specified","serviceability":"Unconfirmed","routeDiversity":"Unconfirmed","states":["NC"]},"bbox":[-80.8976390522522,35.7753796473586,-80.8975785704565,35.7755111724628]},{"type":"Feature","geometry":{"type":"LineString","coordinates":[[-80.8979209538559,35.7757039466373],[-80.8980294721743,35.7755912312344]]},"properties":{"id":"arcgis-164-0-b496f4322a9f86fb","sourceId":"arcgis-164-0","source":"Fiber_Layer_AGOL \u2014 Windstream Fiber","sourceUrl":"https://services2.arcgis.com/WbGEgSzGTEPg4fr6/arcgis/rest/services/Fiber_Layer_AGOL/FeatureServer/0","name":"Fiber_Layer_AGOL \u2014 Windstream Fiber","carrier":"Not published","routeStatus":"Unknown","category":"unknown","evidence":"agency_route","dataDate":null,"metadataModified":"2023-12-22T14:55:19+00:00","retrievedAt":"2026-09-18T02:36:48.187051+00:00","networkType":"Published fiber route; network class not specified","serviceability":"Unconfirmed","routeDiversity":"Unconfirmed","states":["NC"]},"bbox":[-80.8980294721743,35.7755912312344,-80.8979209538559,35.7757039466373]},{"type":"Feature","geometry":{"type":"LineString","coordinates":[[-80.9093662989496,35.7791913491212],[-80.9090488737524,35.7790677223603],[-80.9090009344841,35.7790434854126],[-80.9089663912964,35.7790281445256],[-80.9085804278468,35.7788645499121],[-80.9082131067171,35.7787133534962],[-80.9075934242595,35.7784536988432],[-80.907140038269,35.7782613754991],[-80.9066866933192,35.7780853844099],[-80.9061362731104,35.7778601759741],[-80.905605170234,35.7776422339866],[-80.9054644898325,35.7777865872033],[-80.9053244190434,35.7779872564827],[-80.9050435028305,35.7782594749016],[-80.9047755530361,35.7785013714148],[-80.9045689642494,35.7786746701175]]},"properties":{"id":"arcgis-164-0-1c4635c1af1cdf74","sourceId":"arcgis-164-0","source":"Fiber_Layer_AGOL \u2014 Windstream Fiber","sourceUrl":"https://services2.arcgis.com/WbGEgSzGTEPg4fr6/arcgis/rest/services/Fiber_Layer_AGOL/FeatureServer/0","name":"Fiber_Layer_AGOL \u2014 Windstream Fiber","carrier":"Not published","routeStatus":"Unknown","category":"unknown","evidence":"agency_route","dataDate":null,"metadataModified":"2023-12-22T14:55:19+00:00","retrievedAt":"2026-09-18T02:36:48.187051+00:00","networkType":"Published fiber route; network class not specified","serviceability":"Unconfirmed","routeDiversity":"Unconfirmed","states":["NC"]},"bbox":[-80.9093662989496,35.7776422339866,-80.9045689642494,35.7791913491212]},{"type":"Feature","geometry":{"type":"LineString","coordinates":[[-80.9093662989496,35.7791913491212],[-80.9095843407352,35.7792721151685],[-80.9099206270887,35.7793672664384],[-80.9104907128365,35.7797494491525],[-80.9116012250244,35.7805389382465],[-80.9123415128957,35.7809862718045],[-80.9138532856398,35.7818733877047],[-80.9148278371571,35.7823513807627],[-80.9166796576444,35.783169690609],[-80.9177642004463,35.783634477786],[-80.91869219957,35.7839255398811],[-80.9188573462028,35.7840851636778]]},"properties":{"id":"arcgis-164-0-935af99dda09af94","sourceId":"arcgis-164-0","source":"Fiber_Layer_AGOL \u2014 Windstream Fiber","sourceUrl":"https://services2.arcgis.com/WbGEgSzGTEPg4fr6/arcgis/rest/services/Fiber_Layer_AGOL/FeatureServer/0","name":"Fiber_Layer_AGOL \u2014 Windstream Fiber","carrier":"Not published","routeStatus":"Unknown","category":"unknown","evidence":"agency_route","dataDate":null,"metadataModified":"2023-12-22T14:55:19+00:00","retrievedAt":"2026-09-18T02:36:48.187051+00:00","networkType":"Published fiber route; network class not specified","serviceability":"Unconfirmed","routeDiversity":"Unconfirmed","states":["NC"]},"bbox":[-80.9188573462028,35.7791913491212,-80.9093662989496,35.7840851636778]},{"type":"Feature","geometry":{"type":"LineString","coordinates":[[-80.8938596834603,35.7659061612104],[-80.8937997052578,35.76600305622],[-80.8934806088344,35.7659952153995],[-80.8927840127825,35.7660389768094],[-80.8925917705407,35.7660320063325],[-80.8920912757024,35.766002212564],[-80.8916333224739,35.765962265773],[-80.8914979622879,35.7659720868895],[-80.8914689478941,35.7663006687255],[-80.8914417006092,35.7665580388422],[-80.8914253876471,35.7667669749104],[-80.8914084240141,35.7670320130881],[-80.8913933119569,35.7673303098772],[-80.8913664505683,35.7676428157072],[-80.8913413298843,35.7678816022634],[-80.8913254401075,35.7681254092981],[-80.8913042194875,35.7683411070503],[-80.891286516799,35.7686487520172],[-80.8908822442959,35.7687336247414],[-80.8904754923033,35.7687126242467],[-80.8900058279878,35.7686921344316],[-80.8898930654013,35.7686873699565],[-80.8895627922763,35.7686695393447],[-80.8891783113491,35.7686556345697],[-80.8888184703069,35.768632957001],[-80.8883292476637,35.7686059242985],[-80.887845407779,35.7685734782754],[-80.8873705061639,35.7685392781195],[-80.8869568642653,35.7685176334358],[-80.8868208901352,35.7685178865516],[-80.8868173983718,35.7685758572473],[-80.8867987500232,35.7688609069597],[-80.8867835729652,35.7692267331241],[-80.8867553875106,35.7695321567806],[-80.8867294062481,35.7699831247041],[-80.8867138427188,35.7701878443624],[-80.8867015227742,35.7704377758359],[-80.8866781771083,35.7707467953162],[-80.886654955831,35.771078514634],[-80.8866257474435,35.7713489492112],[-80.8866198722482,35.7716590871865],[-80.8866025803134,35.7720408681837],[-80.8865958138318,35.7724866771188],[-80.886576038063,35.7726518855973],[-80.8865746218467,35.7736082728205],[-80.8865703824675,35.7737386488103],[-80.886564723331,35.7739749199152],[-80.8864399366762,35.7739978623291],[-80.8860121184245,35.7739811548084],[-80.8856005488637,35.7739702370492],[-80.8853550201984,35.773961147204],[-80.884992904629,35.7739496746354],[-80.8846540214654,35.7739368300184],[-80.8844500148933,35.7739247573463],[-80.883822302477,35.7738904396747],[-80.8834390083113,35.7738709736443],[-80.8831397645531,35.7738748532578],[-80.882641093238,35.7738391798246],[-80.8821986568851,35.7738151041074],[-80.8821738747073,35.7738143340418],[-80.8821648782584,35.7740781703169],[-80.8821453339876,35.7743593721242],[-80.8821231502122,35.7747311972364],[-80.8820854877131,35.7751034120274],[-80.8820487162381,35.7755312900618],[-80.8820249790487,35.775848556368],[-80.8820356903696,35.7761749265661],[-80.8818448886203,35.7764500088136],[-80.8818569382523,35.7765552403333]]},"properties":{"id":"arcgis-164-1-67e5aa27ed16963b","sourceId":"arcgis-164-1","source":"Fiber_Layer_AGOL \u2014 Statesville_Fiber_Optic_Cable_Ring","sourceUrl":"https://services2.arcgis.com/WbGEgSzGTEPg4fr6/arcgis/rest/services/Fiber_Layer_AGOL/FeatureServer/1","name":"Fiber_Layer_AGOL \u2014 Statesville_Fiber_Optic_Cable_Ring","carrier":"Not published","routeStatus":"Unknown","category":"unknown","evidence":"agency_route","dataDate":null,"metadataModified":"2023-12-22T14:55:19+00:00","retrievedAt":"2026-09-18T02:36:48.513926+00:00","networkType":"Published fiber route; network class not specified","serviceability":"Unconfirmed","routeDiversity":"Unconfirmed","states":["NC"]},"bbox":[-80.8938596834603,35.7659061612104,-80.8818448886203,35.7765552403333]},{"type":"Feature","geometry":{"type":"LineString","coordinates":[[-80.8820503784615,35.7770156214541],[-80.8822553920878,35.777445172169],[-80.8824676899153,35.7779736584434],[-80.8826736867037,35.7784004751559],[-80.8827684757161,35.7789152846153],[-80.8828313273184,35.7792698698157],[-80.8830257785347,35.7796251801472],[-80.8831588545432,35.7798805010144],[-80.8832992234494,35.7801402994401],[-80.8835212329857,35.7805584577507],[-80.8837749959717,35.7809981979459],[-80.8839628836707,35.780913302015],[-80.8843154074804,35.7807943343423],[-80.8847201991754,35.7806622711966],[-80.885116463647,35.7805284283549],[-80.8855056450855,35.7803951490981],[-80.8857947001251,35.7802971134188],[-80.8859380800896,35.7802779380673],[-80.886062132068,35.780522581114],[-80.8861640296943,35.7807089340153],[-80.8862304873251,35.7808324732591],[-80.8863646478771,35.7810958243662],[-80.8865311609019,35.7814044220934],[-80.8865390669878,35.7816661096167],[-80.8861425657236,35.7818040787312],[-80.885864789078,35.7818162199209],[-80.885744648348,35.7818566922481],[-80.8855928957154,35.7819188022192],[-80.8851282002629,35.7820820587447],[-80.8847789260458,35.7821936320022],[-80.8844610534909,35.7822827848276],[-80.8844485064188,35.7825224899847],[-80.8845835069119,35.7827513671219],[-80.8846593116925,35.7829403902998],[-80.8847319682478,35.7830672717952],[-80.8847631737025,35.7831316198215],[-80.8849322670982,35.7834598738556],[-80.8852312084577,35.7836645826445],[-80.8853750240619,35.7839773138856],[-80.8854932219013,35.7841919240912],[-80.8855843227482,35.7843624454094],[-80.885638136226,35.7844641910688],[-80.8857709794027,35.7847067400102]]},"properties":{"id":"arcgis-164-1-0d47c059c0a58e8d","sourceId":"arcgis-164-1","source":"Fiber_Layer_AGOL \u2014 Statesville_Fiber_Optic_Cable_Ring","sourceUrl":"https://services2.arcgis.com/WbGEgSzGTEPg4fr6/arcgis/rest/services/Fiber_Layer_AGOL/FeatureServer/1","name":"Fiber_Layer_AGOL \u2014 Statesville_Fiber_Optic_Cable_Ring","carrier":"Not published","routeStatus":"Unknown","category":"unknown","evidence":"agency_route","dataDate":null,"metadataModified":"2023-12-22T14:55:19+00:00","retrievedAt":"2026-09-18T02:36:48.513926+00:00","networkType":"Published fiber route; network class not specified","serviceability":"Unconfirmed","routeDiversity":"Unconfirmed","states":["NC"]},"bbox":[-80.8865390669878,35.7770156214541,-80.8820503784615,35.7847067400102]},{"type":"Feature","geometry":{"type":"LineString","coordinates":[[-80.8857709794027,35.7847067400102],[-80.8866149668402,35.7863797770297]]},"properties":{"id":"arcgis-164-1-8c50fa173962706b","sourceId":"arcgis-164-1","source":"Fiber_Layer_AGOL \u2014 Statesville_Fiber_Optic_Cable_Ring","sourceUrl":"https://services2.arcgis.com/WbGEgSzGTEPg4fr6/arcgis/rest/services/Fiber_Layer_AGOL/FeatureServer/1","name":"Fiber_Layer_AGOL \u2014 Statesville_Fiber_Optic_Cable_Ring","carrier":"Not published","routeStatus":"Unknown","category":"unknown","evidence":"agency_route","dataDate":null,"metadataModified":"2023-12-22T14:55:19+00:00","retrievedAt":"2026-09-18T02:36:48.513926+00:00","networkType":"Published fiber route; network class not specified","serviceability":"Unconfirmed","routeDiversity":"Unconfirmed","states":["NC"]},"bbox":[-80.8866149668402,35.7847067400102,-80.8857709794027,35.7863797770297]},{"type":"Feature","geometry":{"type":"LineString","coordinates":[[-80.8866149668402,35.7863797770297],[-80.8867143346344,35.7865842778493],[-80.8867618567562,35.7866830886622],[-80.8869214988254,35.7868341566373],[-80.8872148482571,35.7867398685781],[-80.8874918644408,35.7866500032312],[-80.8878510911818,35.7865267759813],[-80.8880522339373,35.7864584366036],[-80.8881147385954,35.7864755484195],[-80.8882060969305,35.7866366088014],[-80.8883162483715,35.7868576713423],[-80.8884939698383,35.7869314802651],[-80.8885943441899,35.7871275854095],[-80.8887420941164,35.7874200146459],[-80.8889306739112,35.7877894878399],[-80.8888281138192,35.78816945213],[-80.8894095588485,35.7879434731152],[-80.8897460634276,35.7878176367524],[-80.8898052088,35.7877503982492],[-80.8896281851868,35.78741161822],[-80.8894526695044,35.7870825724193],[-80.8892593703793,35.7867046809498],[-80.8895126945304,35.7866815291695],[-80.8897658114876,35.7867069522646],[-80.8901407942816,35.7867317326208],[-80.8902695424933,35.7867359453743]]},"properties":{"id":"arcgis-164-1-73d9d78bc2d60b77","sourceId":"arcgis-164-1","source":"Fiber_Layer_AGOL \u2014 Statesville_Fiber_Optic_Cable_Ring","sourceUrl":"https://services2.arcgis.com/WbGEgSzGTEPg4fr6/arcgis/rest/services/Fiber_Layer_AGOL/FeatureServer/1","name":"Fiber_Layer_AGOL \u2014 Statesville_Fiber_Optic_Cable_Ring","carrier":"Not published","routeStatus":"Unknown","category":"unknown","evidence":"agency_route","dataDate":null,"metadataModified":"2023-12-22T14:55:19+00:00","retrievedAt":"2026-09-18T02:36:48.513926+00:00","networkType":"Published fiber route; network class not specified","serviceability":"Unconfirmed","routeDiversity":"Unconfirmed","states":["NC"]},"bbox":[-80.8902695424933,35.7863797770297,-80.8866149668402,35.78816945213]},{"type":"Feature","geometry":{"type":"LineString","coordinates":[[-80.890290490964,35.7867104893422],[-80.8902918060042,35.7867226868997],[-80.8902930538392,35.7867342622566],[-80.8902997058613,35.7867959508792],[-80.8903057514265,35.7868613524962],[-80.890310484264,35.7869146922822],[-80.8903216145047,35.7870161659263],[-80.8909132767613,35.7870151207948],[-80.8909577039789,35.7869932753686],[-80.8910325982065,35.7870144890638],[-80.8910334401621,35.7871145579205]]},"properties":{"id":"arcgis-164-1-870f9944741cc5cf","sourceId":"arcgis-164-1","source":"Fiber_Layer_AGOL \u2014 Statesville_Fiber_Optic_Cable_Ring","sourceUrl":"https://services2.arcgis.com/WbGEgSzGTEPg4fr6/arcgis/rest/services/Fiber_Layer_AGOL/FeatureServer/1","name":"Fiber_Layer_AGOL \u2014 Statesville_Fiber_Optic_Cable_Ring","carrier":"Not published","routeStatus":"Unknown","category":"unknown","evidence":"agency_route","dataDate":null,"metadataModified":"2023-12-22T14:55:19+00:00","retrievedAt":"2026-09-18T02:36:48.513926+00:00","networkType":"Published fiber route; network class not specified","serviceability":"Unconfirmed","routeDiversity":"Unconfirmed","states":["NC"]},"bbox":[-80.8910334401621,35.7867104893422,-80.890290490964,35.7871145579205]},{"type":"Feature","geometry":{"type":"LineString","coordinates":[[-80.8920608353527,35.7741235185766],[-80.891996177298,35.7741972882782],[-80.8918655499922,35.7746176941441],[-80.891993543581,35.774818094783],[-80.8926580500954,35.7749036869232],[-80.8929990042103,35.7749499871597],[-80.8932178911615,35.7749745526017],[-80.8937599821624,35.7750325621195],[-80.8942065256179,35.7750844428468],[-80.8947638987924,35.7751568976442],[-80.8953986282738,35.7752340717814],[-80.8958488374109,35.7752880053184],[-80.8963100269339,35.7753616670715],[-80.8969946115327,35.7754420603448],[-80.8975753304763,35.7755176970071],[-80.8979087545416,35.775702757591],[-80.8983384877239,35.7761100259286],[-80.8985026892214,35.7762730388489],[-80.8988378686453,35.7764957490623],[-80.8992447506785,35.7766837996871],[-80.8993986187912,35.7767540818885],[-80.8998871901707,35.7769643976335],[-80.9002292051627,35.7771135866177],[-80.9007814315327,35.7773364310955],[-80.9011846033812,35.7774990304147],[-80.9017298833939,35.7777211794292],[-80.9020683800479,35.7778478173966],[-80.9022390954032,35.7779086997795],[-80.9026721548238,35.7780677452161],[-80.903076417568,35.7782109352432],[-80.9035771643031,35.7783978178463],[-80.9040821023074,35.7785793139892],[-80.9045878743513,35.7786668360469],[-80.9047816703968,35.7785060973046],[-80.905050622404,35.7782639520169],[-80.9053186818921,35.7780051664521],[-80.9054952990411,35.7777892712508],[-80.9056061632844,35.7776620601341],[-80.9061298663183,35.777871152402],[-80.9066731786986,35.7780982019017],[-80.9071178173753,35.7782786181605],[-80.9075834081193,35.7784689278226],[-80.9082014783689,35.7787244207363],[-80.9085667191065,35.7788774886795],[-80.908951617914,35.7790446977779],[-80.9089862444473,35.7790606797994],[-80.909036319084,35.7790803899533],[-80.9093506206826,35.7792130359597],[-80.9093918556625,35.7793195701898],[-80.9092828396446,35.7795275491476],[-80.909150690108,35.7797763179032],[-80.9090886464862,35.7798902261394],[-80.9088803554359,35.780289357182],[-80.9087039817212,35.7806248413816],[-80.9084987697444,35.7810048672509],[-80.9082931085499,35.7813917719439],[-80.9081717216642,35.7816176347066],[-80.9080517188998,35.7817833602712],[-80.9079159260449,35.7820264373316],[-80.9078319497877,35.7823671628251],[-80.9076638967478,35.7825445586735],[-80.9075030965739,35.7827237951659],[-80.9073326678479,35.7829155013106],[-80.907211121422,35.7828246823794],[-80.9070210730775,35.7826877201233],[-80.9068200894529,35.7825493700432],[-80.906481097463,35.7823198527361],[-80.9061620220324,35.7820997320927],[-80.9059823037211,35.7819746859115],[-80.9058750152543,35.78190601172],[-80.9057371825269,35.7818105635793],[-80.90549241945,35.7816441299994],[-80.9052456653198,35.7814778568939],[-80.9049185605113,35.781274614978],[-80.9046522110402,35.7811130906634],[-80.9043494928486,35.7812096748132],[-80.9039524191536,35.7813430541739],[-80.9035112068963,35.7814928596065],[-80.9031230526819,35.7816198692025],[-80.9029608692726,35.7816725701353],[-80.9026483999749,35.781777378926],[-80.9022039662009,35.7819256504036],[-80.9017356876786,35.7820834229729],[-80.9013245097214,35.7822240131021],[-80.9009588095477,35.7823445529591],[-80.9005029129376,35.7824976100076],[-80.9001107261603,35.7826307200464],[-80.8996858238695,35.7827705594069],[-80.8994848077322,35.7828385539894],[-80.8992274130811,35.7829235119623],[-80.8989260467318,35.7830232327988],[-80.8987003190507,35.7830947809827],[-80.8982519645366,35.7832474360181],[-80.89775304373,35.7834146107202],[-80.8974305336115,35.7835207621902],[-80.8971200688607,35.7836282802974],[-80.8967340940835,35.7836540383095],[-80.8965386772433,35.7837174115818],[-80.8961221125143,35.7838613744012],[-80.8957207334697,35.7839974005748],[-80.8953036922768,35.7841381486716],[-80.895000724861,35.7842437785739],[-80.8948406652281,35.784294112266],[-80.8944392775791,35.7844316037209],[-80.8941669394574,35.7845242431571],[-80.8940090026987,35.7845761212635],[-80.8938469204794,35.7846280627083],[-80.8934246823108,35.7847723323984],[-80.8932949901003,35.7849240937597],[-80.8929179506893,35.7850401199385],[-80.8925507111063,35.785156542598],[-80.89231152669,35.7852326095966],[-80.8921496617242,35.785283864723],[-80.8919822615386,35.7853315851522],[-80.8918042664811,35.7853895306894],[-80.8916002681488,35.7854168048445],[-80.8912982383681,35.7854087417385],[-80.891071053843,35.7854017454466],[-80.8907652984952,35.7853923847946],[-80.8902968388305,35.7855188980367]]},"properties":{"id":"arcgis-164-1-715473fcd11081a5","sourceId":"arcgis-164-1","source":"Fiber_Layer_AGOL \u2014 Statesville_Fiber_Optic_Cable_Ring","sourceUrl":"https://services2.arcgis.com/WbGEgSzGTEPg4fr6/arcgis/rest/services/Fiber_Layer_AGOL/FeatureServer/1","name":"Fiber_Layer_AGOL \u2014 Statesville_Fiber_Optic_Cable_Ring","carrier":"Not published","routeStatus":"Unknown","category":"unknown","evidence":"agency_route","dataDate":null,"metadataModified":"2023-12-22T14:55:19+00:00","retrievedAt":"2026-09-18T02:36:48.513926+00:00","networkType":"Published fiber route; network class not specified","serviceability":"Unconfirmed","routeDiversity":"Unconfirmed","states":["NC"]},"bbox":[-80.9093918556625,35.7741235185766,-80.8902968388305,35.7855188980367]},{"type":"Feature","geometry":{"type":"LineString","coordinates":[[-80.890352730764,35.7867383791507],[-80.8903599051525,35.7868024689297],[-80.8903667037002,35.7868556127596],[-80.8903777740417,35.7869711419622],[-80.8908782616111,35.7869696913041],[-80.8911043819351,35.7869027145418],[-80.8911077008115,35.787001931781],[-80.8910474158537,35.7871143409726]]},"properties":{"id":"arcgis-164-1-c7864352eeffbf46","sourceId":"arcgis-164-1","source":"Fiber_Layer_AGOL \u2014 Statesville_Fiber_Optic_Cable_Ring","sourceUrl":"https://services2.arcgis.com/WbGEgSzGTEPg4fr6/arcgis/rest/services/Fiber_Layer_AGOL/FeatureServer/1","name":"Fiber_Layer_AGOL \u2014 Statesville_Fiber_Optic_Cable_Ring","carrier":"Not published","routeStatus":"Unknown","category":"unknown","evidence":"agency_route","dataDate":null,"metadataModified":"2023-12-22T14:55:19+00:00","retrievedAt":"2026-09-18T02:36:48.513926+00:00","networkType":"Published fiber route; network class not specified","serviceability":"Unconfirmed","routeDiversity":"Unconfirmed","states":["NC"]},"bbox":[-80.8911077008115,35.7867383791507,-80.890352730764,35.7871143409726]},{"type":"Feature","geometry":{"type":"LineString","coordinates":[[-80.8920608353527,35.7741235185766],[-80.892103733017,35.7741052980029],[-80.892155080553,35.7738265677461],[-80.8921791693273,35.7734987662455],[-80.8922048078644,35.7731782527689],[-80.8922149081424,35.7730492629392],[-80.8922287228435,35.7728399648195],[-80.8922591348242,35.7724904846137],[-80.892268701455,35.7723091821197],[-80.8923325370086,35.7716255589809],[-80.8928698355837,35.7716580248078],[-80.8934043756469,35.7716834443833],[-80.8934063281813,35.7715622258276],[-80.8941039348051,35.7716038685597],[-80.8948116893649,35.7716323289195],[-80.8953306558788,35.7716612494034]]},"properties":{"id":"arcgis-164-1-057687b3e4e8e6df","sourceId":"arcgis-164-1","source":"Fiber_Layer_AGOL \u2014 Statesville_Fiber_Optic_Cable_Ring","sourceUrl":"https://services2.arcgis.com/WbGEgSzGTEPg4fr6/arcgis/rest/services/Fiber_Layer_AGOL/FeatureServer/1","name":"Fiber_Layer_AGOL \u2014 Statesville_Fiber_Optic_Cable_Ring","carrier":"Not published","routeStatus":"Unknown","category":"unknown","evidence":"agency_route","dataDate":null,"metadataModified":"2023-12-22T14:55:19+00:00","retrievedAt":"2026-09-18T02:36:48.513926+00:00","networkType":"Published fiber route; network class not specified","serviceability":"Unconfirmed","routeDiversity":"Unconfirmed","states":["NC"]},"bbox":[-80.8953306558788,35.7715622258276,-80.8920608353527,35.7741235185766]},{"type":"Feature","geometry":{"type":"LineString","coordinates":[[-80.8938596834603,35.7659061612104],[-80.8938345550461,35.7659830191055],[-80.8938808870336,35.7659850229871],[-80.8938918661774,35.7661148926299],[-80.8938232715995,35.7665498343707],[-80.893821697482,35.7669212599986],[-80.8937587436577,35.7676061786947],[-80.893732113103,35.7678531705491],[-80.8936917630572,35.768470500112],[-80.8936549269525,35.7688823331726],[-80.8936437403731,35.7690968728806],[-80.893612461807,35.7695308470768],[-80.8935784243006,35.7699236713677],[-80.8935229389324,35.7702920357018],[-80.8939446446028,35.7702908319106],[-80.8941698767452,35.7703324588751],[-80.8948275430693,35.7703849677506],[-80.8957079467384,35.7704555831788],[-80.8960323351853,35.7704031926469],[-80.896463940082,35.7703316956907],[-80.8970189235194,35.7701211421822],[-80.8973025862733,35.7700063903541],[-80.8984268832326,35.7698059640624],[-80.8982933724363,35.7701856359178]]},"properties":{"id":"arcgis-164-1-c468be102722b87c","sourceId":"arcgis-164-1","source":"Fiber_Layer_AGOL \u2014 Statesville_Fiber_Optic_Cable_Ring","sourceUrl":"https://services2.arcgis.com/WbGEgSzGTEPg4fr6/arcgis/rest/services/Fiber_Layer_AGOL/FeatureServer/1","name":"Fiber_Layer_AGOL \u2014 Statesville_Fiber_Optic_Cable_Ring","carrier":"Not published","routeStatus":"Unknown","category":"unknown","evidence":"agency_route","dataDate":null,"metadataModified":"2023-12-22T14:55:19+00:00","retrievedAt":"2026-09-18T02:36:48.513926+00:00","networkType":"Published fiber route; network class not specified","serviceability":"Unconfirmed","routeDiversity":"Unconfirmed","states":["NC"]},"bbox":[-80.8984268832326,35.7659061612104,-80.8935229389324,35.7704555831788]},{"type":"Feature","geometry":{"type":"LineString","coordinates":[[-80.8903057214618,35.7867418731157],[-80.8903129240371,35.7868062100686],[-80.8903196890868,35.7868591039975],[-80.8903333795151,35.7870019639048],[-80.8903339502682,35.7870098722089],[-80.8908925458318,35.7870040511556],[-80.891028375969,35.7869620720187],[-80.8910344992616,35.7870103908848],[-80.8910469447469,35.7870301330404],[-80.8910404089846,35.7871136358677]]},"properties":{"id":"arcgis-164-1-4e1b51af66a593b3","sourceId":"arcgis-164-1","source":"Fiber_Layer_AGOL \u2014 Statesville_Fiber_Optic_Cable_Ring","sourceUrl":"https://services2.arcgis.com/WbGEgSzGTEPg4fr6/arcgis/rest/services/Fiber_Layer_AGOL/FeatureServer/1","name":"Fiber_Layer_AGOL \u2014 Statesville_Fiber_Optic_Cable_Ring","carrier":"Not published","routeStatus":"Unknown","category":"unknown","evidence":"agency_route","dataDate":null,"metadataModified":"2023-12-22T14:55:19+00:00","retrievedAt":"2026-09-18T02:36:48.513926+00:00","networkType":"Published fiber route; network class not specified","serviceability":"Unconfirmed","routeDiversity":"Unconfirmed","states":["NC"]},"bbox":[-80.8910469447469,35.7867418731157,-80.8903057214618,35.7871136358677]},{"type":"Feature","geometry":{"type":"LineString","coordinates":[[-80.8902485695605,35.7867611660249],[-80.8902526568759,35.7867990782458],[-80.8902586747552,35.7868641834446],[-80.8902634027621,35.7869174656251],[-80.8902753715545,35.787045769339],[-80.8909259218933,35.7870434030819],[-80.8909985666858,35.7870752292676],[-80.8910239754954,35.7871155187162]]},"properties":{"id":"arcgis-164-1-4264457da7c0dd42","sourceId":"arcgis-164-1","source":"Fiber_Layer_AGOL \u2014 Statesville_Fiber_Optic_Cable_Ring","sourceUrl":"https://services2.arcgis.com/WbGEgSzGTEPg4fr6/arcgis/rest/services/Fiber_Layer_AGOL/FeatureServer/1","name":"Fiber_Layer_AGOL \u2014 Statesville_Fiber_Optic_Cable_Ring","carrier":"Not published","routeStatus":"Unknown","category":"unknown","evidence":"agency_route","dataDate":null,"metadataModified":"2023-12-22T14:55:19+00:00","retrievedAt":"2026-09-18T02:36:48.513926+00:00","networkType":"Published fiber route; network class not specified","serviceability":"Unconfirmed","routeDiversity":"Unconfirmed","states":["NC"]},"bbox":[-80.8910239754954,35.7867611660249,-80.8902485695605,35.7871155187162]},{"type":"Feature","geometry":{"type":"LineString","coordinates":[[-80.8953306558788,35.7716612494034],[-80.8959600318352,35.7716108397836],[-80.8967274548605,35.7714568932734],[-80.8973146024847,35.7712949042386],[-80.8978406564198,35.7711349380193],[-80.8982913721475,35.7709526575605],[-80.89871538588,35.7707920240584],[-80.8988014131022,35.7704878364003],[-80.8983580416299,35.7703650411181]]},"properties":{"id":"arcgis-164-1-cc07f9f9bd8f4e15","sourceId":"arcgis-164-1","source":"Fiber_Layer_AGOL \u2014 Statesville_Fiber_Optic_Cable_Ring","sourceUrl":"https://services2.arcgis.com/WbGEgSzGTEPg4fr6/arcgis/rest/services/Fiber_Layer_AGOL/FeatureServer/1","name":"Fiber_Layer_AGOL \u2014 Statesville_Fiber_Optic_Cable_Ring","carrier":"Not published","routeStatus":"Unknown","category":"unknown","evidence":"agency_route","dataDate":null,"metadataModified":"2023-12-22T14:55:19+00:00","retrievedAt":"2026-09-18T02:36:48.513926+00:00","networkType":"Published fiber route; network class not specified","serviceability":"Unconfirmed","routeDiversity":"Unconfirmed","states":["NC"]},"bbox":[-80.8988014131022,35.7703650411181,-80.8953306558788,35.7716612494034]},{"type":"Feature","geometry":{"type":"LineString","coordinates":[[-80.8859380800896,35.7802779380673],[-80.8861866701379,35.7801717824272],[-80.8865630931014,35.7800004048955],[-80.8868335770106,35.7799005682369],[-80.8871458292373,35.779799774651],[-80.8874827853244,35.7797254082633],[-80.8875833624506,35.7797269428009],[-80.887724095909,35.7800081577185],[-80.887902758045,35.7803449457766],[-80.8880767264587,35.7806883242043],[-80.8882818382564,35.7810955159357],[-80.8883817997012,35.781295307861],[-80.8884432864983,35.7814266867671],[-80.8885888255477,35.781703223029],[-80.8886615938117,35.7818460878913],[-80.888729351525,35.7820403504438],[-80.8888511443571,35.7822225973074],[-80.8889813073709,35.782456763609],[-80.88910658282,35.7826995329091],[-80.8893064964618,35.7830766146874],[-80.8893302405153,35.7831212901689],[-80.8894229023946,35.7833024043124],[-80.8894951218894,35.7834356247344],[-80.8896346646982,35.7836984632509]]},"properties":{"id":"arcgis-164-1-ef50d0a6bdd78ce1","sourceId":"arcgis-164-1","source":"Fiber_Layer_AGOL \u2014 Statesville_Fiber_Optic_Cable_Ring","sourceUrl":"https://services2.arcgis.com/WbGEgSzGTEPg4fr6/arcgis/rest/services/Fiber_Layer_AGOL/FeatureServer/1","name":"Fiber_Layer_AGOL \u2014 Statesville_Fiber_Optic_Cable_Ring","carrier":"Not published","routeStatus":"Unknown","category":"unknown","evidence":"agency_route","dataDate":null,"metadataModified":"2023-12-22T14:55:19+00:00","retrievedAt":"2026-09-18T02:36:48.513926+00:00","networkType":"Published fiber route; network class not specified","serviceability":"Unconfirmed","routeDiversity":"Unconfirmed","states":["NC"]},"bbox":[-80.8896346646982,35.7797254082633,-80.8859380800896,35.7836984632509]},{"type":"Feature","geometry":{"type":"LineString","coordinates":[[-80.8899344283673,35.7842883568646],[-80.8900921336288,35.7845970403865],[-80.8902188711795,35.7848539863068],[-80.890364678222,35.7851569410998],[-80.8902968388305,35.7855188980367],[-80.8902918484332,35.7857284384636],[-80.8902859819239,35.7859066967116],[-80.890182301278,35.7861778889517],[-80.8902777789111,35.7865083083202]]},"properties":{"id":"arcgis-164-1-c56d778651098917","sourceId":"arcgis-164-1","source":"Fiber_Layer_AGOL \u2014 Statesville_Fiber_Optic_Cable_Ring","sourceUrl":"https://services2.arcgis.com/WbGEgSzGTEPg4fr6/arcgis/rest/services/Fiber_Layer_AGOL/FeatureServer/1","name":"Fiber_Layer_AGOL \u2014 Statesville_Fiber_Optic_Cable_Ring","carrier":"Not published","routeStatus":"Unknown","category":"unknown","evidence":"agency_route","dataDate":null,"metadataModified":"2023-12-22T14:55:19+00:00","retrievedAt":"2026-09-18T02:36:48.513926+00:00","networkType":"Published fiber route; network class not specified","serviceability":"Unconfirmed","routeDiversity":"Unconfirmed","states":["NC"]},"bbox":[-80.890364678222,35.7842883568646,-80.8899344283673,35.7865083083202]},{"type":"Feature","geometry":{"type":"LineString","coordinates":[[-80.8851294194161,35.7820844775487],[-80.8851798907557,35.7821846109967],[-80.8851723196822,35.7823630234292]]},"properties":{"id":"arcgis-164-1-1e018d158bad1715","sourceId":"arcgis-164-1","source":"Fiber_Layer_AGOL \u2014 Statesville_Fiber_Optic_Cable_Ring","sourceUrl":"https://services2.arcgis.com/WbGEgSzGTEPg4fr6/arcgis/rest/services/Fiber_Layer_AGOL/FeatureServer/1","name":"Fiber_Layer_AGOL \u2014 Statesville_Fiber_Optic_Cable_Ring","carrier":"Not published","routeStatus":"Unknown","category":"unknown","evidence":"agency_route","dataDate":null,"metadataModified":"2023-12-22T14:55:19+00:00","retrievedAt":"2026-09-18T02:36:48.513926+00:00","networkType":"Published fiber route; network class not specified","serviceability":"Unconfirmed","routeDiversity":"Unconfirmed","states":["NC"]},"bbox":[-80.8851798907557,35.7820844775487,-80.8851294194161,35.7823630234292]},{"type":"Feature","geometry":{"type":"LineString","coordinates":[[-80.8749076455885,35.7954643043467],[-80.8751481883029,35.795437918823],[-80.8756605038337,35.7952913467729],[-80.8759968144957,35.7951797051281],[-80.8762337515888,35.7950956859625],[-80.8763262288646,35.795466627314],[-80.8764653361575,35.7958089408435],[-80.8765706795762,35.7960511190761],[-80.8766965492942,35.7963596361302],[-80.8767528485229,35.796688493382],[-80.8767596732926,35.7969389781474],[-80.8767755741508,35.7972883978956],[-80.8768014691871,35.7977742994259],[-80.876804300021,35.7981981147117],[-80.876846945461,35.7986075290932],[-80.876832870437,35.7989107325834],[-80.8768445434126,35.7991864304334],[-80.8768593037213,35.7996224095891],[-80.8768665741703,35.7998387213409],[-80.87688871149,35.8003455536476],[-80.8769095316584,35.8009486167921],[-80.8769304113035,35.8012676591148],[-80.8769467976254,35.8013793890245],[-80.8770799767501,35.8018360828538],[-80.8771728366029,35.8020963490896],[-80.8773746089786,35.8024701873959],[-80.8776354350448,35.8029711064364],[-80.8779090187096,35.8034962913113],[-80.8782035935211,35.8040707352513],[-80.8784875604931,35.8046163480021],[-80.8786058904153,35.8048345648526],[-80.8787458568445,35.805109530806],[-80.8790266455379,35.8056431643498],[-80.8790985874858,35.8061458026753],[-80.8791706799729,35.8064744577077],[-80.8793958030786,35.8074577392249],[-80.8799974121781,35.80733004258],[-80.8807120368968,35.8073089487052],[-80.8814417517153,35.8071977058874],[-80.8814688800286,35.8070113170924],[-80.8822719531699,35.8068849777137],[-80.8831421306145,35.8067453013239],[-80.8839451985205,35.8066189518087],[-80.8847733154172,35.8064881103903],[-80.8855293855059,35.8063747719343],[-80.8863947787577,35.8062892450854],[-80.8872360873612,35.8062065443802],[-80.8872018179059,35.8064531518443]]},"properties":{"id":"arcgis-164-1-59757fed08a6557f","sourceId":"arcgis-164-1","source":"Fiber_Layer_AGOL \u2014 Statesville_Fiber_Optic_Cable_Ring","sourceUrl":"https://services2.arcgis.com/WbGEgSzGTEPg4fr6/arcgis/rest/services/Fiber_Layer_AGOL/FeatureServer/1","name":"Fiber_Layer_AGOL \u2014 Statesville_Fiber_Optic_Cable_Ring","carrier":"Not published","routeStatus":"Unknown","category":"unknown","evidence":"agency_route","dataDate":null,"metadataModified":"2023-12-22T14:55:19+00:00","retrievedAt":"2026-09-18T02:36:48.513926+00:00","networkType":"Published fiber route; network class not specified","serviceability":"Unconfirmed","routeDiversity":"Unconfirmed","states":["NC"]},"bbox":[-80.8872360873612,35.7950956859625,-80.8749076455885,35.8074577392249]},{"type":"Feature","geometry":{"type":"LineString","coordinates":[[-80.8982757864132,35.8064835757562],[-80.8982248888704,35.8064410641866],[-80.8977764768581,35.8060012616101],[-80.8972788579427,35.8053315809454],[-80.8969387554987,35.8048513422627],[-80.8965524384734,35.8043643521222],[-80.895395154351,35.804649809855],[-80.8945697195714,35.8048390085668],[-80.893750682685,35.80504141824],[-80.8930570277759,35.8052183561006],[-80.8924762818584,35.8055070361089],[-80.8918837790215,35.8058068345986],[-80.8912575243948,35.8060993343781],[-80.8906002885009,35.8062342931392],[-80.8899264847128,35.806372527115],[-80.8893327489291,35.8064025998797],[-80.8884705033823,35.8064216006692],[-80.8879431401084,35.8063848808417],[-80.8872018179059,35.8064531518443]]},"properties":{"id":"arcgis-164-1-f401c75b404f20a7","sourceId":"arcgis-164-1","source":"Fiber_Layer_AGOL \u2014 Statesville_Fiber_Optic_Cable_Ring","sourceUrl":"https://services2.arcgis.com/WbGEgSzGTEPg4fr6/arcgis/rest/services/Fiber_Layer_AGOL/FeatureServer/1","name":"Fiber_Layer_AGOL \u2014 Statesville_Fiber_Optic_Cable_Ring","carrier":"Not published","routeStatus":"Unknown","category":"unknown","evidence":"agency_route","dataDate":null,"metadataModified":"2023-12-22T14:55:19+00:00","retrievedAt":"2026-09-18T02:36:48.513926+00:00","networkType":"Published fiber route; network class not specified","serviceability":"Unconfirmed","routeDiversity":"Unconfirmed","states":["NC"]},"bbox":[-80.8982757864132,35.8043643521222,-80.8872018179059,35.8064835757562]},{"type":"Feature","geometry":{"type":"LineString","coordinates":[[-80.8545842815986,35.7965669665324],[-80.8543899809489,35.7963311594784]]},"properties":{"id":"arcgis-164-1-bd3e1d9fe05926ce","sourceId":"arcgis-164-1","source":"Fiber_Layer_AGOL \u2014 Statesville_Fiber_Optic_Cable_Ring","sourceUrl":"https://services2.arcgis.com/WbGEgSzGTEPg4fr6/arcgis/rest/services/Fiber_Layer_AGOL/FeatureServer/1","name":"Fiber_Layer_AGOL \u2014 Statesville_Fiber_Optic_Cable_Ring","carrier":"Not published","routeStatus":"Unknown","category":"unknown","evidence":"agency_route","dataDate":null,"metadataModified":"2023-12-22T14:55:19+00:00","retrievedAt":"2026-09-18T02:36:48.513926+00:00","networkType":"Published fiber route; network class not specified","serviceability":"Unconfirmed","routeDiversity":"Unconfirmed","states":["NC"]},"bbox":[-80.8545842815986,35.7963311594784,-80.8543899809489,35.7965669665324]},{"type":"Feature","geometry":{"type":"LineString","coordinates":[[-80.8694871416957,35.7934305747726],[-80.8695878572946,35.7935068863542],[-80.8697507055227,35.7934522552839],[-80.8699748554149,35.7933727131109]]},"properties":{"id":"arcgis-164-1-bd7ac79207c8d01b","sourceId":"arcgis-164-1","source":"Fiber_Layer_AGOL \u2014 Statesville_Fiber_Optic_Cable_Ring","sourceUrl":"https://services2.arcgis.com/WbGEgSzGTEPg4fr6/arcgis/rest/services/Fiber_Layer_AGOL/FeatureServer/1","name":"Fiber_Layer_AGOL \u2014 Statesville_Fiber_Optic_Cable_Ring","carrier":"Not published","routeStatus":"Unknown","category":"unknown","evidence":"agency_route","dataDate":null,"metadataModified":"2023-12-22T14:55:19+00:00","retrievedAt":"2026-09-18T02:36:48.513926+00:00","networkType":"Published fiber route; network class not specified","serviceability":"Unconfirmed","routeDiversity":"Unconfirmed","states":["NC"]},"bbox":[-80.8699748554149,35.7933727131109,-80.8694871416957,35.7935068863542]},{"type":"Feature","geometry":{"type":"LineString","coordinates":[[-80.8699748554149,35.7933727131109],[-80.8698946027396,35.7934093612012],[-80.8693699416469,35.7935868514056],[-80.8689245998439,35.7937346243475],[-80.8690833975691,35.793862279097]]},"properties":{"id":"arcgis-164-1-e9e688e1e2a9d3cf","sourceId":"arcgis-164-1","source":"Fiber_Layer_AGOL \u2014 Statesville_Fiber_Optic_Cable_Ring","sourceUrl":"https://services2.arcgis.com/WbGEgSzGTEPg4fr6/arcgis/rest/services/Fiber_Layer_AGOL/FeatureServer/1","name":"Fiber_Layer_AGOL \u2014 Statesville_Fiber_Optic_Cable_Ring","carrier":"Not published","routeStatus":"Unknown","category":"unknown","evidence":"agency_route","dataDate":null,"metadataModified":"2023-12-22T14:55:19+00:00","retrievedAt":"2026-09-18T02:36:48.513926+00:00","networkType":"Published fiber route; network class not specified","serviceability":"Unconfirmed","routeDiversity":"Unconfirmed","states":["NC"]},"bbox":[-80.8699748554149,35.7933727131109,-80.8689245998439,35.793862279097]},{"type":"Feature","geometry":{"type":"LineString","coordinates":[[-80.8557966704297,35.8043853247808],[-80.8545529228916,35.8050468396392]]},"properties":{"id":"arcgis-164-1-451f91054dc00f77","sourceId":"arcgis-164-1","source":"Fiber_Layer_AGOL \u2014 Statesville_Fiber_Optic_Cable_Ring","sourceUrl":"https://services2.arcgis.com/WbGEgSzGTEPg4fr6/arcgis/rest/services/Fiber_Layer_AGOL/FeatureServer/1","name":"Fiber_Layer_AGOL \u2014 Statesville_Fiber_Optic_Cable_Ring","carrier":"Not published","routeStatus":"Unknown","category":"unknown","evidence":"agency_route","dataDate":null,"metadataModified":"2023-12-22T14:55:19+00:00","retrievedAt":"2026-09-18T02:36:48.513926+00:00","networkType":"Published fiber route; network class not specified","serviceability":"Unconfirmed","routeDiversity":"Unconfirmed","states":["NC"]},"bbox":[-80.8557966704297,35.8043853247808,-80.8545529228916,35.8050468396392]},{"type":"Feature","geometry":{"type":"LineString","coordinates":[[-80.8545529228916,35.8050468396392],[-80.8544042196097,35.8047662278136],[-80.8542838722168,35.8045612161937],[-80.8543286643033,35.8042305137394],[-80.8542772574019,35.8041647800881]]},"properties":{"id":"arcgis-164-1-d670259abea386e5","sourceId":"arcgis-164-1","source":"Fiber_Layer_AGOL \u2014 Statesville_Fiber_Optic_Cable_Ring","sourceUrl":"https://services2.arcgis.com/WbGEgSzGTEPg4fr6/arcgis/rest/services/Fiber_Layer_AGOL/FeatureServer/1","name":"Fiber_Layer_AGOL \u2014 Statesville_Fiber_Optic_Cable_Ring","carrier":"Not published","routeStatus":"Unknown","category":"unknown","evidence":"agency_route","dataDate":null,"metadataModified":"2023-12-22T14:55:19+00:00","retrievedAt":"2026-09-18T02:36:48.513926+00:00","networkType":"Published fiber route; network class not specified","serviceability":"Unconfirmed","routeDiversity":"Unconfirmed","states":["NC"]},"bbox":[-80.8545529228916,35.8041647800881,-80.8542772574019,35.8050468396392]},{"type":"Feature","geometry":{"type":"LineString","coordinates":[[-80.8545842821162,35.7965669665945],[-80.8545838755072,35.7971134569484],[-80.8545946121053,35.7976160000469],[-80.8545877228196,35.7981567760456],[-80.8548606094292,35.7987480588275],[-80.8550453630979,35.7991064599104],[-80.8555052989654,35.7986701533583],[-80.8558814667217,35.798459278771],[-80.8564886676796,35.7980987170126],[-80.8570227328619,35.7979360499274],[-80.8575089641203,35.7979208561886],[-80.8577916080169,35.7979091508469],[-80.8583614840383,35.7979041606035],[-80.8589968163217,35.7979068603038],[-80.8595345559863,35.7979981767722],[-80.8601400117871,35.7981261342003],[-80.8607091873829,35.7982602942038],[-80.8612888164107,35.7986154028574],[-80.8614572470409,35.7987138108164],[-80.8613475436808,35.7993641099349],[-80.8613044806868,35.7998264772491],[-80.8612221294167,35.8004649361701],[-80.8610745054371,35.8010849637672],[-80.8609159077308,35.8016716960099],[-80.8608448632264,35.8019867656476]]},"properties":{"id":"arcgis-164-1-b4865b6a7ed4a912","sourceId":"arcgis-164-1","source":"Fiber_Layer_AGOL \u2014 Statesville_Fiber_Optic_Cable_Ring","sourceUrl":"https://services2.arcgis.com/WbGEgSzGTEPg4fr6/arcgis/rest/services/Fiber_Layer_AGOL/FeatureServer/1","name":"Fiber_Layer_AGOL \u2014 Statesville_Fiber_Optic_Cable_Ring","carrier":"Not published","routeStatus":"Unknown","category":"unknown","evidence":"agency_route","dataDate":null,"metadataModified":"2023-12-22T14:55:19+00:00","retrievedAt":"2026-09-18T02:36:48.513926+00:00","networkType":"Published fiber route; network class not specified","serviceability":"Unconfirmed","routeDiversity":"Unconfirmed","states":["NC"]},"bbox":[-80.8614572470409,35.7965669665945,-80.8545838755072,35.8019867656476]},{"type":"Feature","geometry":{"type":"LineString","coordinates":[[-80.860844842298,35.801986721794],[-80.860832974298,35.8019859258254],[-80.8607622854931,35.8023107558401],[-80.8605897934076,35.8024596341424],[-80.8599798109711,35.8030058957212],[-80.859306771991,35.8033362274158],[-80.8587419359847,35.8035262692471],[-80.8582533369846,35.8036727178158],[-80.857472039754,35.8039077469876],[-80.8569549792781,35.8040687189966],[-80.8564503468194,35.8042286366904],[-80.8557966697368,35.8043853250629]]},"properties":{"id":"arcgis-164-1-6b4c993d87b0b0ef","sourceId":"arcgis-164-1","source":"Fiber_Layer_AGOL \u2014 Statesville_Fiber_Optic_Cable_Ring","sourceUrl":"https://services2.arcgis.com/WbGEgSzGTEPg4fr6/arcgis/rest/services/Fiber_Layer_AGOL/FeatureServer/1","name":"Fiber_Layer_AGOL \u2014 Statesville_Fiber_Optic_Cable_Ring","carrier":"Not published","routeStatus":"Unknown","category":"unknown","evidence":"agency_route","dataDate":null,"metadataModified":"2023-12-22T14:55:19+00:00","retrievedAt":"2026-09-18T02:36:48.513926+00:00","networkType":"Published fiber route; network class not specified","serviceability":"Unconfirmed","routeDiversity":"Unconfirmed","states":["NC"]},"bbox":[-80.860844842298,35.8019859258254,-80.8557966697368,35.8043853250629]},{"type":"Feature","geometry":{"type":"LineString","coordinates":[[-80.9098792855557,35.7794101724567],[-80.9103690511991,35.7798335387486],[-80.9108325985833,35.7802312417961],[-80.9110914763581,35.7804501060252],[-80.9113727001437,35.7805488362586],[-80.9121510485433,35.7803740698196],[-80.9125743961946,35.7802838569553],[-80.9132088006418,35.7805297097219],[-80.9134625936321,35.7806337287635],[-80.9134548454211,35.7807389738651],[-80.9134653641464,35.7810784213021],[-80.9134754076517,35.7812176893917],[-80.9134929034438,35.7818452590623],[-80.9134895832024,35.782167645418],[-80.9130493908534,35.7822142520064],[-80.9130370754827,35.7825415151833],[-80.9130316084046,35.7827514654259],[-80.9130194195353,35.7830309933939],[-80.9130026976693,35.7833960232224],[-80.9129963514911,35.783866914842],[-80.9129977128273,35.7841912783528],[-80.9129981905167,35.7842629273589],[-80.9131837952907,35.7843528391264],[-80.9131062538883,35.7845609750637],[-80.9133789869694,35.784713558713],[-80.9137021378525,35.7848980519854],[-80.9141991452611,35.7851775732114],[-80.9144784167195,35.7853333250729],[-80.9148495074443,35.7855388369774],[-80.9151700356815,35.7857179333352],[-80.9156191098656,35.7859656263738],[-80.9161164637339,35.786200738689],[-80.9167196696893,35.7864367501458],[-80.9172626815559,35.7866508482584],[-80.9175581850837,35.7867666865783],[-80.9179112978244,35.786903944905],[-80.9183172949567,35.7870644019018],[-80.9186010097734,35.7871738729915],[-80.9190343051111,35.7873419671074],[-80.9193357625167,35.7874554499965],[-80.919855436491,35.787657824161],[-80.9202056902659,35.7877898110827],[-80.9206362804887,35.7879545507302],[-80.9210333337914,35.7881120611405],[-80.9214231564308,35.7882643338562],[-80.9219944920607,35.7884889087351],[-80.922523906662,35.788694784421],[-80.9226966369072,35.788761475555],[-80.9231204488775,35.7889351230693],[-80.9234184744794,35.7890396557889],[-80.9236356927216,35.7891238032142],[-80.9239260321024,35.7892334080717],[-80.9242772766898,35.7893687457436],[-80.9247445419608,35.7895495155878],[-80.925137531794,35.7897018166777],[-80.925531091537,35.789852895878],[-80.9259253650541,35.7900061000197],[-80.926355895188,35.7901728400363],[-80.9270038864619,35.7904190112207],[-80.9274211844968,35.7905839482573],[-80.9279194215682,35.7907753154567],[-80.9281543715236,35.790864275061],[-80.9283829115218,35.7909535331126],[-80.9287307894785,35.791091450049],[-80.9291699150734,35.7912602113941],[-80.9294997716756,35.7913870714362],[-80.9298882105354,35.7915553934222],[-80.9302738150287,35.7917061895543],[-80.9307798152101,35.7919046631336],[-80.9313785885035,35.7921231288701],[-80.9317853496212,35.792280420125],[-80.9324770191281,35.7925519759076],[-80.9327228235545,35.7926455786177],[-80.9331283004723,35.7928015542868],[-80.9334012175342,35.7929099871047],[-80.9335798051544,35.7929779727962],[-80.9338193855426,35.7930664262137],[-80.9343684711788,35.7932796133897],[-80.9349647585745,35.7932944669928],[-80.9357577570135,35.7936011784127],[-80.936715498341,35.7940416258102],[-80.9373764233218,35.7944735528963],[-80.9375527207345,35.7946532096811],[-80.9378902044767,35.7950078000355],[-80.9382082680494,35.7955658971711],[-80.9393076310889,35.7957590235717],[-80.9395860601267,35.7958034405532],[-80.9401669810685,35.7959157920915],[-80.940854572662,35.7960659187929],[-80.9408455423573,35.7964811481264],[-80.9408500219626,35.7967362999486],[-80.9408334046475,35.7969361627997],[-80.9408167242297,35.7973588079978],[-80.9411531790434,35.7973721794446],[-80.9411833104537,35.7976814620924],[-80.9417371595621,35.7977874177224],[-80.9421447594694,35.7978837671488],[-80.9422432371642,35.7980672125828],[-80.9423371362221,35.798302760721]]},"properties":{"id":"arcgis-164-1-406ff1a18989f681","sourceId":"arcgis-164-1","source":"Fiber_Layer_AGOL \u2014 Statesville_Fiber_Optic_Cable_Ring","sourceUrl":"https://services2.arcgis.com/WbGEgSzGTEPg4fr6/arcgis/rest/services/Fiber_Layer_AGOL/FeatureServer/1","name":"Fiber_Layer_AGOL \u2014 Statesville_Fiber_Optic_Cable_Ring","carrier":"Not published","routeStatus":"Unknown","category":"unknown","evidence":"agency_route","dataDate":null,"metadataModified":"2023-12-22T14:55:19+00:00","retrievedAt":"2026-09-18T02:36:48.513926+00:00","networkType":"Published fiber route; network class not specified","serviceability":"Unconfirmed","routeDiversity":"Unconfirmed","states":["NC"]},"bbox":[-80.9423371362221,35.7794101724567,-80.9098792855557,35.798302760721]},{"type":"Feature","geometry":{"type":"LineString","coordinates":[[-80.9098792855557,35.7794101724567],[-80.9095895346098,35.7793057730929]]},"properties":{"id":"arcgis-164-1-1540b9f749ea8a5b","sourceId":"arcgis-164-1","source":"Fiber_Layer_AGOL \u2014 Statesville_Fiber_Optic_Cable_Ring","sourceUrl":"https://services2.arcgis.com/WbGEgSzGTEPg4fr6/arcgis/rest/services/Fiber_Layer_AGOL/FeatureServer/1","name":"Fiber_Layer_AGOL \u2014 Statesville_Fiber_Optic_Cable_Ring","carrier":"Not published","routeStatus":"Unknown","category":"unknown","evidence":"agency_route","dataDate":null,"metadataModified":"2023-12-22T14:55:19+00:00","retrievedAt":"2026-09-18T02:36:48.513926+00:00","networkType":"Published fiber route; network class not specified","serviceability":"Unconfirmed","routeDiversity":"Unconfirmed","states":["NC"]},"bbox":[-80.9098792855557,35.7793057730929,-80.9095895346098,35.7794101724567]},{"type":"Feature","geometry":{"type":"LineString","coordinates":[[-80.9427985196373,35.7981203652384],[-80.9425485657774,35.7982974462362],[-80.9423371362221,35.798302760721]]},"properties":{"id":"arcgis-164-1-c22586bbb5441b71","sourceId":"arcgis-164-1","source":"Fiber_Layer_AGOL \u2014 Statesville_Fiber_Optic_Cable_Ring","sourceUrl":"https://services2.arcgis.com/WbGEgSzGTEPg4fr6/arcgis/rest/services/Fiber_Layer_AGOL/FeatureServer/1","name":"Fiber_Layer_AGOL \u2014 Statesville_Fiber_Optic_Cable_Ring","carrier":"Not published","routeStatus":"Unknown","category":"unknown","evidence":"agency_route","dataDate":null,"metadataModified":"2023-12-22T14:55:19+00:00","retrievedAt":"2026-09-18T02:36:48.513926+00:00","networkType":"Published fiber route; network class not specified","serviceability":"Unconfirmed","routeDiversity":"Unconfirmed","states":["NC"]},"bbox":[-80.9427985196373,35.7981203652384,-80.9423371362221,35.798302760721]},{"type":"Feature","geometry":{"type":"LineString","coordinates":[[-80.9423371362221,35.798302760721],[-80.941997040514,35.7982521378881],[-80.9413434706445,35.7983980957514],[-80.9406719335373,35.7985616425514],[-80.9400275049209,35.7986919642187],[-80.9398296920167,35.7983694901469],[-80.9396392023543,35.7980416857236],[-80.9394524207508,35.7977259472799],[-80.9392654181644,35.7973834453086],[-80.939140539509,35.7971643636394],[-80.9389293423643,35.796800682079],[-80.9386312624255,35.796319677137],[-80.9384347799345,35.7959607801574],[-80.9382082680494,35.7955658971711],[-80.9376011769577,35.7955735614192],[-80.9371806509009,35.7955910622886],[-80.9369264703361,35.7956175890678],[-80.9364090346736,35.7957069484511],[-80.9358877546632,35.7958259741063],[-80.9352693874921,35.7959702891186],[-80.9347530818432,35.7960853976189],[-80.9342724358601,35.7961924146617],[-80.9337149743341,35.7963378678425],[-80.9331379980888,35.7964914802254],[-80.9326864276909,35.7965858853445],[-80.9323833423991,35.7959720751782],[-80.9321292881322,35.7954629254244],[-80.9320255345354,35.7953347479756],[-80.931883267808,35.7951999357106],[-80.9314176423322,35.7953230612613],[-80.9308419970292,35.7954725471134],[-80.9302007320766,35.7956161732914],[-80.9295453720535,35.7957813228511],[-80.928916160815,35.795945601379],[-80.9282554067915,35.7960958101596],[-80.9276288465289,35.7962719786667],[-80.9269865912011,35.7964376858241],[-80.9263586654206,35.7965880149302],[-80.9256923422473,35.7967472334275],[-80.9251544942252,35.7968814036126],[-80.9251085153262,35.7970425508042],[-80.9244144793085,35.7973541663675],[-80.9239533671516,35.7975886125934],[-80.9232910584251,35.7979324551776],[-80.9227334504731,35.7981524298294],[-80.9221006158024,35.7984175434521],[-80.921718342395,35.7985311729767],[-80.921152011957,35.7986028518879],[-80.920554251797,35.7986033601046],[-80.9200209521029,35.7986079512074],[-80.9194028617912,35.7986106952647],[-80.9187077965002,35.7986949212652],[-80.918064267597,35.798841174165],[-80.9174237009016,35.7990053431215],[-80.916563866714,35.7992224002159],[-80.9157225288559,35.7994253817163],[-80.915502680895,35.7994937034221],[-80.9150315085454,35.7996065952723],[-80.9143349874386,35.7997853697677],[-80.913449873754,35.8000081927598],[-80.9127914682123,35.8001681033245],[-80.9122319837656,35.8003207873297],[-80.9115614525394,35.8004896774423],[-80.9108145670668,35.8006760460692],[-80.9099166371837,35.8009040031948],[-80.9092185894638,35.8012515569512],[-80.9089088785282,35.8014042238288],[-80.9087746036269,35.801465557164],[-80.9080843672922,35.801695280605],[-80.9076342480615,35.802074600171],[-80.9071692419938,35.8024702211776],[-80.906853504144,35.8027833967659],[-80.9072618690223,35.8031790503774],[-80.9075591185927,35.8034617737677],[-80.9075493006345,35.803887014108],[-80.9071894655574,35.8041163729282],[-80.9068339107959,35.8044509690842],[-80.9065093855354,35.804762770031],[-80.9060590954893,35.805194932648],[-80.905847040033,35.805388498168],[-80.9056992786525,35.8054217307661],[-80.9052654076073,35.8055285373771],[-80.904607554441,35.8056738093359],[-80.9039505153685,35.8058281836691],[-80.9032987502757,35.8059803372767],[-80.9026050283105,35.8061358271631],[-80.9022089451181,35.8062260734242],[-80.9015160421126,35.8063373607734],[-80.9007632860459,35.8064911884084],[-80.900170981526,35.8065737464305],[-80.8996006905517,35.8066752567979],[-80.8990616621632,35.8067720969826],[-80.8982757864132,35.8064835757562]]},"properties":{"id":"arcgis-164-1-88714a477c895e3d","sourceId":"arcgis-164-1","source":"Fiber_Layer_AGOL \u2014 Statesville_Fiber_Optic_Cable_Ring","sourceUrl":"https://services2.arcgis.com/WbGEgSzGTEPg4fr6/arcgis/rest/services/Fiber_Layer_AGOL/FeatureServer/1","name":"Fiber_Layer_AGOL \u2014 Statesville_Fiber_Optic_Cable_Ring","carrier":"Not published","routeStatus":"Unknown","category":"unknown","evidence":"agency_route","dataDate":null,"metadataModified":"2023-12-22T14:55:19+00:00","retrievedAt":"2026-09-18T02:36:48.513926+00:00","networkType":"Published fiber route; network class not specified","serviceability":"Unconfirmed","routeDiversity":"Unconfirmed","states":["NC"]},"bbox":[-80.9423371362221,35.7951999357106,-80.8982757864132,35.8067720969826]},{"type":"Feature","geometry":{"type":"LineString","coordinates":[[-80.8982757864132,35.8064835757562],[-80.8980556136267,35.8068747589772],[-80.8981012727968,35.8070486323089],[-80.8980888303604,35.8071333544082]]},"properties":{"id":"arcgis-164-1-a757b79c18804947","sourceId":"arcgis-164-1","source":"Fiber_Layer_AGOL \u2014 Statesville_Fiber_Optic_Cable_Ring","sourceUrl":"https://services2.arcgis.com/WbGEgSzGTEPg4fr6/arcgis/rest/services/Fiber_Layer_AGOL/FeatureServer/1","name":"Fiber_Layer_AGOL \u2014 Statesville_Fiber_Optic_Cable_Ring","carrier":"Not published","routeStatus":"Unknown","category":"unknown","evidence":"agency_route","dataDate":null,"metadataModified":"2023-12-22T14:55:19+00:00","retrievedAt":"2026-09-18T02:36:48.513926+00:00","networkType":"Published fiber route; network class not specified","serviceability":"Unconfirmed","routeDiversity":"Unconfirmed","states":["NC"]},"bbox":[-80.8982757864132,35.8064835757562,-80.8980556136267,35.8071333544082]},{"type":"Feature","geometry":{"type":"LineString","coordinates":[[-80.8575024830416,35.7893540311053],[-80.8576030073614,35.789234247833],[-80.8578130646041,35.788646822871],[-80.857903833993,35.7883929386294],[-80.8580526641456,35.7879967118071],[-80.8581632909525,35.7876862789789],[-80.8582871188286,35.7873702176071],[-80.8584790202105,35.7868022031725],[-80.8586163125335,35.7864266767341],[-80.8587646406419,35.7860053513667],[-80.8590711270868,35.7856223717033],[-80.8591587167394,35.785401198744],[-80.8592217415441,35.7851269263271],[-80.8593877757034,35.7847219407441],[-80.8595252287243,35.7843301122248],[-80.8596201587419,35.7840859863279],[-80.8596442630392,35.7836905437809],[-80.8595346492326,35.7830096268082],[-80.8594540028973,35.7824625018512],[-80.8594032487506,35.7821625835929],[-80.8593458351939,35.7818233163424],[-80.8592783914781,35.7813331456577],[-80.8591899939295,35.7807767638743],[-80.8591086192061,35.7802482889242],[-80.8588404711762,35.7798857116155],[-80.8587782441356,35.7793503442419],[-80.8587191487036,35.7787536421542],[-80.8586594885536,35.7783073272343],[-80.8586326375451,35.778218929971],[-80.858604141231,35.7778000066682],[-80.858561939756,35.7772744526647],[-80.8585344957267,35.7768896440587],[-80.8586486156662,35.7764711263245],[-80.8586145449593,35.7758657678118],[-80.8586924367884,35.7753260411665],[-80.8587377489206,35.7749917466626],[-80.8587741237143,35.7746938631789],[-80.8587990177706,35.7744104743386],[-80.8587463872928,35.7741161442394],[-80.8583746103173,35.7740541611823],[-80.8579823273621,35.773963703],[-80.8575856883536,35.7738028403866],[-80.8567447928614,35.7734160437223],[-80.8563768508124,35.7734075292315],[-80.8558469120167,35.7733708174397],[-80.8555161409664,35.7733387826084],[-80.8548481311929,35.7733046530144],[-80.8541813740296,35.7732631273043],[-80.8535647065515,35.7732210781935],[-80.8529034604486,35.7731801080167],[-80.8522221316309,35.7731492353911],[-80.8515631755604,35.7731146851021],[-80.8510570563428,35.7731017678223],[-80.8511101985459,35.7725665206338],[-80.851170780637,35.7720748362468],[-80.851194202668,35.7717375985771],[-80.8512175539809,35.7714484679381],[-80.8512448440631,35.7710857598244],[-80.851289440527,35.7707023767676],[-80.8513070421998,35.7702481770961],[-80.8513394584129,35.7697827511168],[-80.8513646415271,35.7694663102035],[-80.8513858723056,35.7690551948177],[-80.851400252453,35.7687446119314],[-80.8514208302386,35.7685087469952],[-80.85171804263,35.7681370162489],[-80.8519784580528,35.7678305442907],[-80.8521123897526,35.7676385507743],[-80.8526311351084,35.7678966948271],[-80.8531368503909,35.7681359275793],[-80.8536532503516,35.7683980669365],[-80.8540326304465,35.7685829531737],[-80.8545858997237,35.7688536073142],[-80.8550432372254,35.769076229381],[-80.8556099895008,35.7693882428323],[-80.8560471350714,35.7696003462579],[-80.856462776692,35.769807149626],[-80.8567906994693,35.7699591234064],[-80.8570079397687,35.7700649266928],[-80.8573808191954,35.770249240951],[-80.8579435574839,35.7705254475667],[-80.8583419899864,35.7707086614329],[-80.8591260622778,35.7710976351822],[-80.8594932121598,35.7712770271662],[-80.8599840227938,35.7714954408362],[-80.8604022407025,35.7717047338363],[-80.8610543736874,35.7720908532869],[-80.8613845898718,35.7721717169263],[-80.8617650334121,35.7722765717474],[-80.8626368875157,35.7725182989814],[-80.8634802744038,35.7727626381227],[-80.8640475323534,35.7729113191624],[-80.8643884689954,35.7729869099503],[-80.8648275356655,35.7730832077618],[-80.8654941278572,35.7732913732486],[-80.866208909476,35.7732024802193],[-80.8668054985929,35.7732253349077],[-80.8674808007638,35.7732296511051],[-80.8680548347041,35.7732167762817],[-80.8687439776024,35.7732294483168],[-80.8690788886865,35.7732590605929],[-80.869576491187,35.7733075909627],[-80.8700951717905,35.7733546579781],[-80.8705710656377,35.7733944268301],[-80.8707934065387,35.7734135910635],[-80.8712915064728,35.7734678467024],[-80.8718228978021,35.7735042590461],[-80.8722697556384,35.7735385626472],[-80.8727782119016,35.773571081801],[-80.8731878657253,35.7735957832943],[-80.8736472362495,35.7736240206163],[-80.8739617451646,35.7736466482909],[-80.874381047508,35.7736724567377],[-80.8747614871799,35.7736957436227],[-80.8753270651329,35.7737231124062],[-80.8759133620475,35.7737575328867],[-80.8764679202873,35.7737959508966],[-80.8764612985932,35.7740518950532],[-80.8764403880547,35.7743524981765],[-80.8764167756459,35.7747051652105],[-80.8764032765399,35.775028366628],[-80.8763824581718,35.7753270020339],[-80.87636035413,35.7756298798646],[-80.8763788421868,35.7758215491176],[-80.8764979909901,35.7760579590463],[-80.8771416495007,35.7760867328846],[-80.8776520048192,35.7761006163273],[-80.8781251339895,35.7761242967553],[-80.8786727289626,35.7761373186382],[-80.8788178968326,35.7761580769318],[-80.879259227993,35.7761478960541],[-80.8794322481114,35.7761486359619],[-80.8796804794544,35.776166528181],[-80.8800460506352,35.776175130804],[-80.8803768274759,35.7761905376596],[-80.8807320440073,35.7762127873224],[-80.8810596502392,35.7762207100981],[-80.8813576859782,35.7762302525842],[-80.881731274748,35.7762324292934],[-80.8820328667175,35.7761723873785],[-80.8820187825034,35.7758485890078],[-80.8821024307445,35.7747303679794],[-80.8821471346673,35.7740768145803],[-80.8821604858773,35.773801781903],[-80.8826414176272,35.7738343905097],[-80.8831398460319,35.7738724134198],[-80.8834391031478,35.7738681576706],[-80.8839164351812,35.7738921245823],[-80.8843100329925,35.773849470877],[-80.8843222091786,35.7736634059943],[-80.8843326409444,35.773532671094],[-80.884352820927,35.7730168702668],[-80.8843597876824,35.7728343197668],[-80.8843677034673,35.7723924420227],[-80.8843905200266,35.7718838059558],[-80.8844019504077,35.7715117983054],[-80.8844125746159,35.7712764213126],[-80.8844402303407,35.7710901176546],[-80.884958837083,35.7711410269052],[-80.88522372672,35.7711514449682],[-80.8856040145346,35.7711750121469],[-80.8861280705424,35.7713201812972],[-80.8866202469315,35.7713424317624],[-80.8870584377394,35.771354736442],[-80.8875383476087,35.7713697186775],[-80.8880841162718,35.7714061464116],[-80.8886145302587,35.7714238609794],[-80.8891314776033,35.7714581084538],[-80.8896644960902,35.7714929094459],[-80.8900802646418,35.7715001556189],[-80.8905884829152,35.7715408348414],[-80.8911556183365,35.7715604988863],[-80.8915026914113,35.7715772350587],[-80.8919159605669,35.7716088347241],[-80.8923327959797,35.7716291105125],[-80.8928737809147,35.7716721370327],[-80.8934119276734,35.7716955866175],[-80.8934155350536,35.7715691207894],[-80.8941048616036,35.7716140168716],[-80.8948064072838,35.7716388965596],[-80.8947666383457,35.7711312851396],[-80.8947787145117,35.770911768773],[-80.8948291787553,35.7704023775207],[-80.8957077186799,35.7704614285188],[-80.8960334014479,35.7704117773636],[-80.8964640541757,35.7703408559707],[-80.8970203146538,35.770129802067],[-80.8973031440133,35.7700170113849],[-80.8984071198409,35.7698187742805],[-80.8982725939225,35.7701822978334]]},"properties":{"id":"arcgis-164-1-7efb46ab94a6cc52","sourceId":"arcgis-164-1","source":"Fiber_Layer_AGOL \u2014 Statesville_Fiber_Optic_Cable_Ring","sourceUrl":"https://services2.arcgis.com/WbGEgSzGTEPg4fr6/arcgis/rest/services/Fiber_Layer_AGOL/FeatureServer/1","name":"Fiber_Layer_AGOL \u2014 Statesville_Fiber_Optic_Cable_Ring","carrier":"Not published","routeStatus":"Unknown","category":"unknown","evidence":"agency_route","dataDate":null,"metadataModified":"2023-12-22T14:55:19+00:00","retrievedAt":"2026-09-18T02:36:48.513926+00:00","networkType":"Published fiber route; network class not specified","serviceability":"Unconfirmed","routeDiversity":"Unconfirmed","states":["NC"]},"bbox":[-80.8984071198409,35.7676385507743,-80.8510570563428,35.7893540311053]},{"type":"Feature","geometry":{"type":"LineString","coordinates":[[-80.8813576859782,35.7762302525842],[-80.8814607109019,35.7763957636082]]},"properties":{"id":"arcgis-164-1-b8a792eb92160877","sourceId":"arcgis-164-1","source":"Fiber_Layer_AGOL \u2014 Statesville_Fiber_Optic_Cable_Ring","sourceUrl":"https://services2.arcgis.com/WbGEgSzGTEPg4fr6/arcgis/rest/services/Fiber_Layer_AGOL/FeatureServer/1","name":"Fiber_Layer_AGOL \u2014 Statesville_Fiber_Optic_Cable_Ring","carrier":"Not published","routeStatus":"Unknown","category":"unknown","evidence":"agency_route","dataDate":null,"metadataModified":"2023-12-22T14:55:19+00:00","retrievedAt":"2026-09-18T02:36:48.513926+00:00","networkType":"Published fiber route; network class not specified","serviceability":"Unconfirmed","routeDiversity":"Unconfirmed","states":["NC"]},"bbox":[-80.8814607109019,35.7762302525842,-80.8813576859782,35.7763957636082]},{"type":"Feature","geometry":{"type":"LineString","coordinates":[[-80.9423371362221,35.798302760721],[-80.942314876246,35.7983050691649],[-80.9419985210075,35.7982680295606],[-80.9413443529222,35.7984093559846],[-80.9406784061289,35.7985742363257],[-80.9400308008669,35.7986993194467],[-80.9400875451995,35.7987939849879],[-80.9403457827706,35.7992318028741],[-80.940398081268,35.7998234856743],[-80.9407408925526,35.8003436149327],[-80.9410299614844,35.8008350992781],[-80.9413140172858,35.8013185501024],[-80.9416102218763,35.8018151381684],[-80.9419072717463,35.8023164963292],[-80.9421961030154,35.8028087821379],[-80.9425251444936,35.8033554570178],[-80.9428134307789,35.8038417901224],[-80.9431391675507,35.8043687657204],[-80.9431404954128,35.8043710623242]]},"properties":{"id":"arcgis-164-1-99c22af2135b98ce","sourceId":"arcgis-164-1","source":"Fiber_Layer_AGOL \u2014 Statesville_Fiber_Optic_Cable_Ring","sourceUrl":"https://services2.arcgis.com/WbGEgSzGTEPg4fr6/arcgis/rest/services/Fiber_Layer_AGOL/FeatureServer/1","name":"Fiber_Layer_AGOL \u2014 Statesville_Fiber_Optic_Cable_Ring","carrier":"Not published","routeStatus":"Unknown","category":"unknown","evidence":"agency_route","dataDate":null,"metadataModified":"2023-12-22T14:55:19+00:00","retrievedAt":"2026-09-18T02:36:48.513926+00:00","networkType":"Published fiber route; network class not specified","serviceability":"Unconfirmed","routeDiversity":"Unconfirmed","states":["NC"]},"bbox":[-80.9431404954128,35.7982680295606,-80.9400308008669,35.8043710623242]},{"type":"Feature","geometry":{"type":"LineString","coordinates":[[-80.8519784580528,35.7678305442907],[-80.8515914991335,35.7676476339723],[-80.8512359723801,35.7674713620442],[-80.8508270100926,35.7672899458206],[-80.8504783247243,35.7671077232908],[-80.849967286578,35.7668648499015],[-80.8494815985991,35.7666195574418],[-80.8490378074713,35.7664110087518],[-80.8486145660888,35.7661823233723],[-80.8480401363279,35.7658911658543],[-80.8474958509205,35.7656298226892],[-80.8469675789062,35.7653668279261],[-80.8464243123179,35.7651046928961],[-80.8458473104689,35.7648556328491],[-80.8451256697975,35.7645584468118],[-80.8446386507474,35.7643626056507],[-80.8440273045806,35.7641487796053],[-80.8434497707741,35.7639421438679],[-80.842713635882,35.7636784340052],[-80.8419464932999,35.7634100077871],[-80.8412211150228,35.7631553838557],[-80.8404952475095,35.7628901352198],[-80.8397487197991,35.7626276492125],[-80.8391477764911,35.7624256543292],[-80.83846522709,35.7622170922899],[-80.8377113544216,35.7619893027118],[-80.8371324309543,35.7618286205706],[-80.8365582063858,35.7616996166893],[-80.8359173837355,35.7615655136694],[-80.8352852671062,35.7614460968138],[-80.834799164526,35.7613588313661],[-80.8341744784548,35.7612481955713],[-80.8335889117425,35.7611429157175],[-80.8330352334175,35.7610350652088],[-80.8323846355036,35.7609140301468],[-80.8317450485689,35.7607969224426],[-80.8310710275942,35.7606732550626],[-80.830448450224,35.7605585487825],[-80.8297771282984,35.7604384775964],[-80.8291186816384,35.760317425945],[-80.8284618295178,35.7601937712251],[-80.8278190652695,35.7600741962968],[-80.8271236887277,35.7599569696888],[-80.8269277764742,35.7599142198868],[-80.8264812734365,35.7598203882962],[-80.8258552230236,35.759686452002],[-80.8252801067563,35.7594916432513],[-80.8246971131734,35.7592782130283],[-80.8241656867144,35.7590504589352],[-80.8236242318167,35.7587976368165],[-80.8229531315425,35.758500377166],[-80.8223490940093,35.758223011629],[-80.8217699180308,35.7579536921364],[-80.8211860820898,35.7576774511723],[-80.8206564956396,35.7574295906115],[-80.8201700467146,35.7572145828168],[-80.8195684968614,35.7569391687129],[-80.8189952029431,35.7567056821617],[-80.8185773294665,35.7565370591109],[-80.8182154252097,35.7564234614325],[-80.8174884623023,35.7562578608928],[-80.8170806650622,35.7561627422719],[-80.8163008513903,35.7559933157446],[-80.8157141314583,35.7558703002645],[-80.8150608833109,35.7557316580488],[-80.8144778366672,35.7556069051146],[-80.8138489391265,35.7554707973449],[-80.8132127034351,35.7553354789581],[-80.8123778414704,35.7551668011996],[-80.8115487674555,35.7549792110176],[-80.8107734127309,35.7548129581946],[-80.810008932601,35.7546327503773],[-80.80926014518,35.754499777676],[-80.8085157245051,35.754339298372],[-80.8077459682803,35.7541804987532],[-80.8071726761239,35.7538254005684],[-80.8063755379478,35.75372451989],[-80.8055714011537,35.7536780018122],[-80.8047873317306,35.7536808176231],[-80.8041723704014,35.7539278933051],[-80.8033562796629,35.7539204076815],[-80.8025900744832,35.7539098080911],[-80.801832875122,35.7538691027681],[-80.8010549385737,35.7538103440308],[-80.8002937133008,35.7537323621178],[-80.7995296764794,35.7536294860477],[-80.798803810529,35.7535195676806],[-80.7980763218299,35.7534126267935],[-80.7972930003169,35.7533080120864],[-80.79655519716,35.75318831395],[-80.7958037068846,35.7530674149999],[-80.7950422231689,35.7529570187847],[-80.7937910524312,35.752761647012],[-80.7931931150315,35.7526750428435],[-80.7926039896779,35.7525876290044],[-80.79235436909,35.7528344539163],[-80.7921915066114,35.7528295371805],[-80.7919504361187,35.7524905119795],[-80.7911799504457,35.7523857666372],[-80.7904404376098,35.7522859871523],[-80.7896701471866,35.7521789333213],[-80.7889078485438,35.7520837047913],[-80.7881483815377,35.7519853594281],[-80.7873887285116,35.7518817590544],[-80.7866320600676,35.7518299399942],[-80.7858697699951,35.7517286568837],[-80.7852599305275,35.7516466374221]]},"properties":{"id":"arcgis-164-1-8c7d1cb062c079e7","sourceId":"arcgis-164-1","source":"Fiber_Layer_AGOL \u2014 Statesville_Fiber_Optic_Cable_Ring","sourceUrl":"https://services2.arcgis.com/WbGEgSzGTEPg4fr6/arcgis/rest/services/Fiber_Layer_AGOL/FeatureServer/1","name":"Fiber_Layer_AGOL \u2014 Statesville_Fiber_Optic_Cable_Ring","carrier":"Not published","routeStatus":"Unknown","category":"unknown","evidence":"agency_route","dataDate":null,"metadataModified":"2023-12-22T14:55:19+00:00","retrievedAt":"2026-09-18T02:36:48.513926+00:00","networkType":"Published fiber route; network class not specified","serviceability":"Unconfirmed","routeDiversity":"Unconfirmed","states":["NC"]},"bbox":[-80.8519784580528,35.7516466374221,-80.7852599305275,35.7678305442907]},{"type":"Feature","geometry":{"type":"LineString","coordinates":[[-80.7856588295574,35.750831006185],[-80.7859699564681,35.7507597846248]]},"properties":{"id":"arcgis-164-1-b7fdb686a613f6a6","sourceId":"arcgis-164-1","source":"Fiber_Layer_AGOL \u2014 Statesville_Fiber_Optic_Cable_Ring","sourceUrl":"https://services2.arcgis.com/WbGEgSzGTEPg4fr6/arcgis/rest/services/Fiber_Layer_AGOL/FeatureServer/1","name":"Fiber_Layer_AGOL \u2014 Statesville_Fiber_Optic_Cable_Ring","carrier":"Not published","routeStatus":"Unknown","category":"unknown","evidence":"agency_route","dataDate":null,"metadataModified":"2023-12-22T14:55:19+00:00","retrievedAt":"2026-09-18T02:36:48.513926+00:00","networkType":"Published fiber route; network class not specified","serviceability":"Unconfirmed","routeDiversity":"Unconfirmed","states":["NC"]},"bbox":[-80.7859699564681,35.7507597846248,-80.7856588295574,35.750831006185]},{"type":"Feature","geometry":{"type":"LineString","coordinates":[[-80.7852599305275,35.7516466374221],[-80.7852233063448,35.7516429977359],[-80.7853669163101,35.7510702377586],[-80.7856588295574,35.750831006185]]},"properties":{"id":"arcgis-164-1-48338537eda17ade","sourceId":"arcgis-164-1","source":"Fiber_Layer_AGOL \u2014 Statesville_Fiber_Optic_Cable_Ring","sourceUrl":"https://services2.arcgis.com/WbGEgSzGTEPg4fr6/arcgis/rest/services/Fiber_Layer_AGOL/FeatureServer/1","name":"Fiber_Layer_AGOL \u2014 Statesville_Fiber_Optic_Cable_Ring","carrier":"Not published","routeStatus":"Unknown","category":"unknown","evidence":"agency_route","dataDate":null,"metadataModified":"2023-12-22T14:55:19+00:00","retrievedAt":"2026-09-18T02:36:48.513926+00:00","networkType":"Published fiber route; network class not specified","serviceability":"Unconfirmed","routeDiversity":"Unconfirmed","states":["NC"]},"bbox":[-80.7856588295574,35.750831006185,-80.7852233063448,35.7516466374221]},{"type":"Feature","geometry":{"type":"LineString","coordinates":[[-80.8229520729126,35.7585027747814],[-80.8236198488309,35.7588041707287],[-80.8241614223472,35.7590578376004],[-80.8246935539333,35.75928576325],[-80.8252762267044,35.7594981101857],[-80.8258520396812,35.7596930112802],[-80.8261485323345,35.75991632194],[-80.8264564981672,35.7602461273373],[-80.8268260600507,35.7602859097855],[-80.8268265797679,35.7602887453268],[-80.8266031826239,35.760265384818],[-80.8264558809161,35.7602511209996],[-80.8258202241663,35.7601579421359],[-80.8255192980704,35.7601444532167]]},"properties":{"id":"arcgis-164-1-2b9d3c0994de0287","sourceId":"arcgis-164-1","source":"Fiber_Layer_AGOL \u2014 Statesville_Fiber_Optic_Cable_Ring","sourceUrl":"https://services2.arcgis.com/WbGEgSzGTEPg4fr6/arcgis/rest/services/Fiber_Layer_AGOL/FeatureServer/1","name":"Fiber_Layer_AGOL \u2014 Statesville_Fiber_Optic_Cable_Ring","carrier":"Not published","routeStatus":"Unknown","category":"unknown","evidence":"agency_route","dataDate":null,"metadataModified":"2023-12-22T14:55:19+00:00","retrievedAt":"2026-09-18T02:36:48.513926+00:00","networkType":"Published fiber route; network class not specified","serviceability":"Unconfirmed","routeDiversity":"Unconfirmed","states":["NC"]},"bbox":[-80.8268265797679,35.7585027747814,-80.8229520729126,35.7602887453268]},{"type":"Feature","geometry":{"type":"LineString","coordinates":[[-80.8377113544216,35.7619893027118],[-80.8374503708079,35.7616679728759],[-80.8374004785583,35.7615866942374],[-80.8374547660039,35.7611686493915],[-80.8375402120511,35.7606339539119],[-80.8376147324796,35.7600908777728],[-80.83772745399,35.7593781442901],[-80.8378133365222,35.7589796806089],[-80.8379059541059,35.7585742159419],[-80.8380714066295,35.7578565632852],[-80.838193094092,35.7573609921544],[-80.8382261423412,35.7571983450142],[-80.8382912000389,35.7568726183092],[-80.8384422194202,35.7563493270903],[-80.8385190545678,35.7560797772407],[-80.838612274326,35.7557332329705],[-80.8387119101335,35.7552477950074],[-80.8388577209784,35.754516265221],[-80.8389072116663,35.7537019709815],[-80.8389130173347,35.7535511947692],[-80.8389561711063,35.752904539079],[-80.8389814515595,35.7522104093806],[-80.8389944860232,35.7517999729709],[-80.8389952430626,35.7516918799121],[-80.8389920303533,35.7515612811908],[-80.8391414690808,35.751100839684]]},"properties":{"id":"arcgis-164-1-b15650a9709e59f6","sourceId":"arcgis-164-1","source":"Fiber_Layer_AGOL \u2014 Statesville_Fiber_Optic_Cable_Ring","sourceUrl":"https://services2.arcgis.com/WbGEgSzGTEPg4fr6/arcgis/rest/services/Fiber_Layer_AGOL/FeatureServer/1","name":"Fiber_Layer_AGOL \u2014 Statesville_Fiber_Optic_Cable_Ring","carrier":"Not published","routeStatus":"Unknown","category":"unknown","evidence":"agency_route","dataDate":null,"metadataModified":"2023-12-22T14:55:19+00:00","retrievedAt":"2026-09-18T02:36:48.513926+00:00","networkType":"Published fiber route; network class not specified","serviceability":"Unconfirmed","routeDiversity":"Unconfirmed","states":["NC"]},"bbox":[-80.8391414690808,35.751100839684,-80.8374004785583,35.7619893027118]},{"type":"Feature","geometry":{"type":"LineString","coordinates":[[-80.8391414690808,35.751100839684],[-80.8392893357036,35.751106031928]]},"properties":{"id":"arcgis-164-1-a10828243b1492df","sourceId":"arcgis-164-1","source":"Fiber_Layer_AGOL \u2014 Statesville_Fiber_Optic_Cable_Ring","sourceUrl":"https://services2.arcgis.com/WbGEgSzGTEPg4fr6/arcgis/rest/services/Fiber_Layer_AGOL/FeatureServer/1","name":"Fiber_Layer_AGOL \u2014 Statesville_Fiber_Optic_Cable_Ring","carrier":"Not published","routeStatus":"Unknown","category":"unknown","evidence":"agency_route","dataDate":null,"metadataModified":"2023-12-22T14:55:19+00:00","retrievedAt":"2026-09-18T02:36:48.513926+00:00","networkType":"Published fiber route; network class not specified","serviceability":"Unconfirmed","routeDiversity":"Unconfirmed","states":["NC"]},"bbox":[-80.8392893357036,35.751100839684,-80.8391414690808,35.751106031928]},{"type":"Feature","geometry":{"type":"LineString","coordinates":[[-80.8391414690808,35.751100839684],[-80.8391428226545,35.750917263434],[-80.8389767422206,35.7504289499832],[-80.8389606355701,35.7502614570439],[-80.8389174862357,35.7498028269139],[-80.8388911868538,35.7493690158589],[-80.8388540263796,35.7489758671836],[-80.8388080937747,35.7486386055585],[-80.8387846221141,35.7481561360315],[-80.8387905974248,35.7477161289922],[-80.838802668562,35.7473283533461],[-80.8388306561761,35.7469466568466],[-80.8388590099204,35.7464893551961],[-80.8388730005418,35.7461143878718],[-80.8389005305152,35.74564684567],[-80.8389157225271,35.745252108041],[-80.8389330161323,35.7448354535953],[-80.8389555987789,35.7444104316359],[-80.8389818925951,35.7439608487453],[-80.8389971896908,35.7435340777834],[-80.8390002899727,35.7432770459043],[-80.8390203594937,35.7429492930363],[-80.8390381685823,35.7425775535769],[-80.8390614981159,35.7420471651033],[-80.8390976149443,35.7414558712141],[-80.8391257946648,35.740919831624],[-80.8393194875887,35.7409236290385]]},"properties":{"id":"arcgis-164-1-6eac028f2e580984","sourceId":"arcgis-164-1","source":"Fiber_Layer_AGOL \u2014 Statesville_Fiber_Optic_Cable_Ring","sourceUrl":"https://services2.arcgis.com/WbGEgSzGTEPg4fr6/arcgis/rest/services/Fiber_Layer_AGOL/FeatureServer/1","name":"Fiber_Layer_AGOL \u2014 Statesville_Fiber_Optic_Cable_Ring","carrier":"Not published","routeStatus":"Unknown","category":"unknown","evidence":"agency_route","dataDate":null,"metadataModified":"2023-12-22T14:55:19+00:00","retrievedAt":"2026-09-18T02:36:48.513926+00:00","networkType":"Published fiber route; network class not specified","serviceability":"Unconfirmed","routeDiversity":"Unconfirmed","states":["NC"]},"bbox":[-80.8393194875887,35.740919831624,-80.8387846221141,35.751100839684]},{"type":"Feature","geometry":{"type":"LineString","coordinates":[[-80.8587990177706,35.7744104743386],[-80.8588244694534,35.774135087714],[-80.858946440245,35.7741451125518],[-80.8591920054644,35.7741802084145],[-80.8592783051685,35.7741308211141],[-80.8594723283788,35.7741409787848],[-80.8596901676634,35.7742488047209],[-80.860123253179,35.7743068337814],[-80.8605044401924,35.7743484696074],[-80.860922950634,35.7744086927661],[-80.8613421795126,35.7744610243733],[-80.8616574830134,35.7744933664362],[-80.8621654177477,35.7745642274505],[-80.8620928164043,35.7750196565555],[-80.8620684772555,35.775191719128],[-80.8619986013572,35.7755414546918],[-80.8618375674721,35.7759786997231],[-80.8613165805209,35.7760128941579],[-80.8612093995403,35.7760119563838],[-80.8613294087138,35.7762939815725],[-80.8612465551573,35.7769275962135],[-80.8610868118373,35.7768529639797]]},"properties":{"id":"arcgis-164-1-39a0f8f63f0d1e9f","sourceId":"arcgis-164-1","source":"Fiber_Layer_AGOL \u2014 Statesville_Fiber_Optic_Cable_Ring","sourceUrl":"https://services2.arcgis.com/WbGEgSzGTEPg4fr6/arcgis/rest/services/Fiber_Layer_AGOL/FeatureServer/1","name":"Fiber_Layer_AGOL \u2014 Statesville_Fiber_Optic_Cable_Ring","carrier":"Not published","routeStatus":"Unknown","category":"unknown","evidence":"agency_route","dataDate":null,"metadataModified":"2023-12-22T14:55:19+00:00","retrievedAt":"2026-09-18T02:36:48.513926+00:00","networkType":"Published fiber route; network class not specified","serviceability":"Unconfirmed","routeDiversity":"Unconfirmed","states":["NC"]},"bbox":[-80.8621654177477,35.7741308211141,-80.8587990177706,35.7769275962135]},{"type":"Feature","geometry":{"type":"LineString","coordinates":[[-80.8983540364455,35.7703518576391],[-80.8988146487024,35.7704826978846],[-80.8987239231093,35.7707895551514],[-80.8993366184794,35.7705692817825],[-80.899829150257,35.7704279057728],[-80.9004947803033,35.770247987203],[-80.9009851828584,35.7701183638289],[-80.9016589786298,35.7699497073599],[-80.9019519063763,35.7698390893184],[-80.9021553494695,35.7697828536319],[-80.9026288779352,35.7696406973178],[-80.9031920003645,35.7694331019894],[-80.9037095247507,35.769250484559],[-80.9040171590563,35.7691519272975],[-80.9048893105518,35.7688477950312],[-80.9056733076725,35.7685738823945],[-80.906482789159,35.7682980033581],[-80.9072718582536,35.7680340211434],[-80.9076671876999,35.7682425871971],[-80.9078633810581,35.7684135953375],[-80.9082964704758,35.7686035258673],[-80.9085692659493,35.7688772816385],[-80.9086361926511,35.7695128591058],[-80.9087104740703,35.7701647377167],[-80.9089819075354,35.7708543953963],[-80.9081128239799,35.7712976507946],[-80.9075438597058,35.7716826517],[-80.9070033868166,35.7721948822074],[-80.9068588897288,35.7725751666606],[-80.9067627182544,35.7730232209741],[-80.9066701872508,35.7734489742365],[-80.9065661038277,35.7738973008392],[-80.9064749313224,35.7742932898648],[-80.906551700739,35.7745460791784],[-80.9064710250437,35.774926451892],[-80.9064017355481,35.7752329522384],[-80.9063316813133,35.7755283840011],[-80.906266492199,35.7758548074218],[-80.9061955254869,35.7761462073294],[-80.9061890751814,35.7765847175571],[-80.9060012251745,35.7769356007115],[-80.9058271981799,35.7772610537794],[-80.9056081853527,35.7776562741581],[-80.90613223213,35.7778636643952],[-80.9066757701396,35.7780920743378],[-80.9071213664479,35.778270643724],[-80.907586122204,35.7784607320563],[-80.9082044277511,35.7787181351769],[-80.9085681778115,35.77887174664],[-80.9090396168373,35.7790661800441],[-80.9093584807537,35.7791993846826]]},"properties":{"id":"arcgis-164-1-8736c850c01ea01d","sourceId":"arcgis-164-1","source":"Fiber_Layer_AGOL \u2014 Statesville_Fiber_Optic_Cable_Ring","sourceUrl":"https://services2.arcgis.com/WbGEgSzGTEPg4fr6/arcgis/rest/services/Fiber_Layer_AGOL/FeatureServer/1","name":"Fiber_Layer_AGOL \u2014 Statesville_Fiber_Optic_Cable_Ring","carrier":"Not published","routeStatus":"Unknown","category":"unknown","evidence":"agency_route","dataDate":null,"metadataModified":"2023-12-22T14:55:19+00:00","retrievedAt":"2026-09-18T02:36:48.513926+00:00","networkType":"Published fiber route; network class not specified","serviceability":"Unconfirmed","routeDiversity":"Unconfirmed","states":["NC"]},"bbox":[-80.9093584807537,35.7680340211434,-80.8983540364455,35.7791993846826]},{"type":"Feature","geometry":{"type":"LineString","coordinates":[[-80.8865703824675,35.7737386488103],[-80.8865637682684,35.7741730240101],[-80.8865547324065,35.7744219892306],[-80.8865273874865,35.7748218601686],[-80.8869469011094,35.7747855912689],[-80.8873561368319,35.774741479294],[-80.8877610743874,35.7746235178916],[-80.8880549442546,35.7745400502876],[-80.8883948421046,35.7744385666042],[-80.888778118703,35.7744449229591],[-80.8891818587812,35.7744913978787],[-80.8896831713997,35.7745986600688],[-80.8895829725005,35.7744068139262],[-80.889606005474,35.7741193603366],[-80.8896347814943,35.7737209392394]]},"properties":{"id":"arcgis-164-1-355882e61f74a70a","sourceId":"arcgis-164-1","source":"Fiber_Layer_AGOL \u2014 Statesville_Fiber_Optic_Cable_Ring","sourceUrl":"https://services2.arcgis.com/WbGEgSzGTEPg4fr6/arcgis/rest/services/Fiber_Layer_AGOL/FeatureServer/1","name":"Fiber_Layer_AGOL \u2014 Statesville_Fiber_Optic_Cable_Ring","carrier":"Not published","routeStatus":"Unknown","category":"unknown","evidence":"agency_route","dataDate":null,"metadataModified":"2023-12-22T14:55:19+00:00","retrievedAt":"2026-09-18T02:36:48.513926+00:00","networkType":"Published fiber route; network class not specified","serviceability":"Unconfirmed","routeDiversity":"Unconfirmed","states":["NC"]},"bbox":[-80.8896831713997,35.7737209392394,-80.8865273874865,35.7748218601686]},{"type":"Feature","geometry":{"type":"LineString","coordinates":[[-80.8896347814943,35.7737209392394],[-80.889990796819,35.7737393071694]]},"properties":{"id":"arcgis-164-1-6ff0616942184d81","sourceId":"arcgis-164-1","source":"Fiber_Layer_AGOL \u2014 Statesville_Fiber_Optic_Cable_Ring","sourceUrl":"https://services2.arcgis.com/WbGEgSzGTEPg4fr6/arcgis/rest/services/Fiber_Layer_AGOL/FeatureServer/1","name":"Fiber_Layer_AGOL \u2014 Statesville_Fiber_Optic_Cable_Ring","carrier":"Not published","routeStatus":"Unknown","category":"unknown","evidence":"agency_route","dataDate":null,"metadataModified":"2023-12-22T14:55:19+00:00","retrievedAt":"2026-09-18T02:36:48.513926+00:00","networkType":"Published fiber route; network class not specified","serviceability":"Unconfirmed","routeDiversity":"Unconfirmed","states":["NC"]},"bbox":[-80.889990796819,35.7737209392394,-80.8896347814943,35.7737393071694]},{"type":"Feature","geometry":{"type":"LineString","coordinates":[[-80.8818569382523,35.7765552403333],[-80.8820503784615,35.7770156214541]]},"properties":{"id":"arcgis-164-1-95e176eb6ae89416","sourceId":"arcgis-164-1","source":"Fiber_Layer_AGOL \u2014 Statesville_Fiber_Optic_Cable_Ring","sourceUrl":"https://services2.arcgis.com/WbGEgSzGTEPg4fr6/arcgis/rest/services/Fiber_Layer_AGOL/FeatureServer/1","name":"Fiber_Layer_AGOL \u2014 Statesville_Fiber_Optic_Cable_Ring","carrier":"Not published","routeStatus":"Unknown","category":"unknown","evidence":"agency_route","dataDate":null,"metadataModified":"2023-12-22T14:55:19+00:00","retrievedAt":"2026-09-18T02:36:48.513926+00:00","networkType":"Published fiber route; network class not specified","serviceability":"Unconfirmed","routeDiversity":"Unconfirmed","states":["NC"]},"bbox":[-80.8820503784615,35.7765552403333,-80.8818569382523,35.7770156214541]},{"type":"Feature","geometry":{"type":"LineString","coordinates":[[-80.9040171590563,35.7691519272975],[-80.903987565955,35.769307886442],[-80.9040134057643,35.7695818046536]]},"properties":{"id":"arcgis-164-1-c6c9e4766023cdae","sourceId":"arcgis-164-1","source":"Fiber_Layer_AGOL \u2014 Statesville_Fiber_Optic_Cable_Ring","sourceUrl":"https://services2.arcgis.com/WbGEgSzGTEPg4fr6/arcgis/rest/services/Fiber_Layer_AGOL/FeatureServer/1","name":"Fiber_Layer_AGOL \u2014 Statesville_Fiber_Optic_Cable_Ring","carrier":"Not published","routeStatus":"Unknown","category":"unknown","evidence":"agency_route","dataDate":null,"metadataModified":"2023-12-22T14:55:19+00:00","retrievedAt":"2026-09-18T02:36:48.513926+00:00","networkType":"Published fiber route; network class not specified","serviceability":"Unconfirmed","routeDiversity":"Unconfirmed","states":["NC"]},"bbox":[-80.9040171590563,35.7691519272975,-80.903987565955,35.7695818046536]},{"type":"Feature","geometry":{"type":"LineString","coordinates":[[-80.9093584807537,35.7791993846826],[-80.9095895346098,35.7793057730929]]},"properties":{"id":"arcgis-164-1-29cd9abbc0625fcf","sourceId":"arcgis-164-1","source":"Fiber_Layer_AGOL \u2014 Statesville_Fiber_Optic_Cable_Ring","sourceUrl":"https://services2.arcgis.com/WbGEgSzGTEPg4fr6/arcgis/rest/services/Fiber_Layer_AGOL/FeatureServer/1","name":"Fiber_Layer_AGOL \u2014 Statesville_Fiber_Optic_Cable_Ring","carrier":"Not published","routeStatus":"Unknown","category":"unknown","evidence":"agency_route","dataDate":null,"metadataModified":"2023-12-22T14:55:19+00:00","retrievedAt":"2026-09-18T02:36:48.513926+00:00","networkType":"Published fiber route; network class not specified","serviceability":"Unconfirmed","routeDiversity":"Unconfirmed","states":["NC"]},"bbox":[-80.9095895346098,35.7791993846826,-80.9093584807537,35.7793057730929]},{"type":"Feature","geometry":{"type":"LineString","coordinates":[[-80.9167196696893,35.7864367501458],[-80.9167233385156,35.7864559351465],[-80.9172597105289,35.7866648377695],[-80.9175542450302,35.7867815225423],[-80.9179090026152,35.7869179679663],[-80.9183108116536,35.7870732333159],[-80.9185959358421,35.7871852127623],[-80.9190363252167,35.7873545933857],[-80.9194307492841,35.786399928471]]},"properties":{"id":"arcgis-164-1-02429c487b49c021","sourceId":"arcgis-164-1","source":"Fiber_Layer_AGOL \u2014 Statesville_Fiber_Optic_Cable_Ring","sourceUrl":"https://services2.arcgis.com/WbGEgSzGTEPg4fr6/arcgis/rest/services/Fiber_Layer_AGOL/FeatureServer/1","name":"Fiber_Layer_AGOL \u2014 Statesville_Fiber_Optic_Cable_Ring","carrier":"Not published","routeStatus":"Unknown","category":"unknown","evidence":"agency_route","dataDate":null,"metadataModified":"2023-12-22T14:55:19+00:00","retrievedAt":"2026-09-18T02:36:48.513926+00:00","networkType":"Published fiber route; network class not specified","serviceability":"Unconfirmed","routeDiversity":"Unconfirmed","states":["NC"]},"bbox":[-80.9194307492841,35.786399928471,-80.9167196696893,35.7873545933857]},{"type":"Feature","geometry":{"type":"LineString","coordinates":[[-80.9431404954128,35.8043710623242],[-80.9434656541827,35.8049332528728],[-80.943357768718,35.8052087889162],[-80.9429143220226,35.805431624208],[-80.9423086728559,35.8055300434941],[-80.9419316916851,35.805722658117],[-80.9414038770098,35.8061213553251],[-80.940879899505,35.8065049247909]]},"properties":{"id":"arcgis-164-1-4c0dcb9e2d6386d8","sourceId":"arcgis-164-1","source":"Fiber_Layer_AGOL \u2014 Statesville_Fiber_Optic_Cable_Ring","sourceUrl":"https://services2.arcgis.com/WbGEgSzGTEPg4fr6/arcgis/rest/services/Fiber_Layer_AGOL/FeatureServer/1","name":"Fiber_Layer_AGOL \u2014 Statesville_Fiber_Optic_Cable_Ring","carrier":"Not published","routeStatus":"Unknown","category":"unknown","evidence":"agency_route","dataDate":null,"metadataModified":"2023-12-22T14:55:19+00:00","retrievedAt":"2026-09-18T02:36:48.513926+00:00","networkType":"Published fiber route; network class not specified","serviceability":"Unconfirmed","routeDiversity":"Unconfirmed","states":["NC"]},"bbox":[-80.9434656541827,35.8043710623242,-80.940879899505,35.8065049247909]},{"type":"Feature","geometry":{"type":"LineString","coordinates":[[-80.8784875604931,35.8046163480021],[-80.8784818102324,35.8046403533869],[-80.8785950356442,35.8048361096958],[-80.8787334564658,35.8051129520699],[-80.8783426476586,35.8053039969371]]},"properties":{"id":"arcgis-164-1-aadfdfa4ee25124e","sourceId":"arcgis-164-1","source":"Fiber_Layer_AGOL \u2014 Statesville_Fiber_Optic_Cable_Ring","sourceUrl":"https://services2.arcgis.com/WbGEgSzGTEPg4fr6/arcgis/rest/services/Fiber_Layer_AGOL/FeatureServer/1","name":"Fiber_Layer_AGOL \u2014 Statesville_Fiber_Optic_Cable_Ring","carrier":"Not published","routeStatus":"Unknown","category":"unknown","evidence":"agency_route","dataDate":null,"metadataModified":"2023-12-22T14:55:19+00:00","retrievedAt":"2026-09-18T02:36:48.513926+00:00","networkType":"Published fiber route; network class not specified","serviceability":"Unconfirmed","routeDiversity":"Unconfirmed","states":["NC"]},"bbox":[-80.8787334564658,35.8046163480021,-80.8783426476586,35.8053039969371]},{"type":"Feature","geometry":{"type":"LineString","coordinates":[[-80.8608448632264,35.8019867656476],[-80.8612366183287,35.8017708858451],[-80.8620604604541,35.8013607476593],[-80.8625549658595,35.8012623375003],[-80.8629812645599,35.801081230048],[-80.8635920153539,35.8008321578516],[-80.8639503229651,35.800639804846],[-80.8643566482756,35.8004103343155],[-80.8644881688733,35.8003430110496],[-80.8649712880492,35.8000784308846],[-80.8656024902291,35.7997341797609],[-80.8660247001094,35.7995083438822],[-80.8662665054831,35.7993717731256],[-80.8666869107659,35.7991577558981],[-80.8670594095704,35.7989414657078],[-80.8674384156019,35.7987368806082],[-80.8678344192289,35.7985167388957],[-80.8681582118297,35.7983385238174],[-80.8686209494817,35.7980634889841],[-80.8689042699679,35.7978898041587],[-80.8687712567877,35.7977229505566],[-80.868586832514,35.7974995058461],[-80.8682039563302,35.7970361565707],[-80.8679733793117,35.7967328805645],[-80.86764107439,35.7966672695881],[-80.8668945718258,35.7965311579113],[-80.8666892873751,35.7959477696617],[-80.8665656495812,35.795572557247],[-80.8665071931706,35.7953986081041],[-80.8669503251079,35.7952835610802],[-80.8674285627538,35.7951547195978],[-80.8679359039402,35.7950215220007],[-80.8683782181536,35.7948994631734],[-80.868849812601,35.7947714030437],[-80.8693293174058,35.7946440689003],[-80.8692016494814,35.794254693216],[-80.8690800093794,35.7938660587771],[-80.8689131272684,35.793733079378],[-80.8693640752437,35.7935749451662],[-80.8699748554149,35.7933727131109],[-80.8704905786899,35.7931909103745],[-80.8708740319836,35.7930533422058],[-80.8710177399025,35.7930064821766],[-80.8714500905527,35.7928676085786],[-80.8717274879212,35.7927729843241],[-80.8720584393249,35.7926680978029],[-80.8721307681936,35.7926051299159],[-80.8723141469747,35.7929721063055],[-80.8725104018826,35.7933772289012],[-80.8727009974242,35.7937657522853],[-80.8728540726721,35.7940755760371],[-80.8730551831858,35.7944900761743]]},"properties":{"id":"arcgis-164-1-2d1e9b7cc753a443","sourceId":"arcgis-164-1","source":"Fiber_Layer_AGOL \u2014 Statesville_Fiber_Optic_Cable_Ring","sourceUrl":"https://services2.arcgis.com/WbGEgSzGTEPg4fr6/arcgis/rest/services/Fiber_Layer_AGOL/FeatureServer/1","name":"Fiber_Layer_AGOL \u2014 Statesville_Fiber_Optic_Cable_Ring","carrier":"Not published","routeStatus":"Unknown","category":"unknown","evidence":"agency_route","dataDate":null,"metadataModified":"2023-12-22T14:55:19+00:00","retrievedAt":"2026-09-18T02:36:48.513926+00:00","networkType":"Published fiber route; network class not specified","serviceability":"Unconfirmed","routeDiversity":"Unconfirmed","states":["NC"]},"bbox":[-80.8730551831858,35.7926051299159,-80.8608448632264,35.8019867656476]},{"type":"Feature","geometry":{"type":"LineString","coordinates":[[-80.8731247034234,35.795561957855],[-80.8731337579737,35.7955715981125],[-80.8735580516867,35.7955316112823],[-80.8740537053626,35.795486897686],[-80.8748179429566,35.7954829484821],[-80.8749076455885,35.7954643043467]]},"properties":{"id":"arcgis-164-1-584f28340e3715b5","sourceId":"arcgis-164-1","source":"Fiber_Layer_AGOL \u2014 Statesville_Fiber_Optic_Cable_Ring","sourceUrl":"https://services2.arcgis.com/WbGEgSzGTEPg4fr6/arcgis/rest/services/Fiber_Layer_AGOL/FeatureServer/1","name":"Fiber_Layer_AGOL \u2014 Statesville_Fiber_Optic_Cable_Ring","carrier":"Not published","routeStatus":"Unknown","category":"unknown","evidence":"agency_route","dataDate":null,"metadataModified":"2023-12-22T14:55:19+00:00","retrievedAt":"2026-09-18T02:36:48.513926+00:00","networkType":"Published fiber route; network class not specified","serviceability":"Unconfirmed","routeDiversity":"Unconfirmed","states":["NC"]},"bbox":[-80.8749076455885,35.7954643043467,-80.8731247034234,35.7955715981125]},{"type":"Feature","geometry":{"type":"LineString","coordinates":[[-80.8575024830416,35.7893540311053],[-80.8573670798363,35.7896183902214],[-80.8572466170023,35.7897343916491],[-80.8568292933601,35.790066561888],[-80.8563841917711,35.790572009862],[-80.8554019288303,35.7904635035627],[-80.855294808253,35.7904341450625]]},"properties":{"id":"arcgis-164-1-81583c4a39b10733","sourceId":"arcgis-164-1","source":"Fiber_Layer_AGOL \u2014 Statesville_Fiber_Optic_Cable_Ring","sourceUrl":"https://services2.arcgis.com/WbGEgSzGTEPg4fr6/arcgis/rest/services/Fiber_Layer_AGOL/FeatureServer/1","name":"Fiber_Layer_AGOL \u2014 Statesville_Fiber_Optic_Cable_Ring","carrier":"Not published","routeStatus":"Unknown","category":"unknown","evidence":"agency_route","dataDate":null,"metadataModified":"2023-12-22T14:55:19+00:00","retrievedAt":"2026-09-18T02:36:48.513926+00:00","networkType":"Published fiber route; network class not specified","serviceability":"Unconfirmed","routeDiversity":"Unconfirmed","states":["NC"]},"bbox":[-80.8575024830416,35.7893540311053,-80.855294808253,35.790572009862]},{"type":"Feature","geometry":{"type":"LineString","coordinates":[[-80.8575024830416,35.7893540311053],[-80.8573983106369,35.7896340058148],[-80.8568424865411,35.7900780225832],[-80.8572322509938,35.7901950951909],[-80.8565506095223,35.7907627875343],[-80.856170293618,35.791694997141],[-80.855712806583,35.7927896981962],[-80.8554436168718,35.7938626394231]]},"properties":{"id":"arcgis-164-1-1f852684744b923e","sourceId":"arcgis-164-1","source":"Fiber_Layer_AGOL \u2014 Statesville_Fiber_Optic_Cable_Ring","sourceUrl":"https://services2.arcgis.com/WbGEgSzGTEPg4fr6/arcgis/rest/services/Fiber_Layer_AGOL/FeatureServer/1","name":"Fiber_Layer_AGOL \u2014 Statesville_Fiber_Optic_Cable_Ring","carrier":"Not published","routeStatus":"Unknown","category":"unknown","evidence":"agency_route","dataDate":null,"metadataModified":"2023-12-22T14:55:19+00:00","retrievedAt":"2026-09-18T02:36:48.513926+00:00","networkType":"Published fiber route; network class not specified","serviceability":"Unconfirmed","routeDiversity":"Unconfirmed","states":["NC"]},"bbox":[-80.8575024830416,35.7893540311053,-80.8554436168718,35.7938626394231]},{"type":"Feature","geometry":{"type":"LineString","coordinates":[[-80.8545842821162,35.7965669665945],[-80.8545958541459,35.7962074108153],[-80.8546007931665,35.7957507647427],[-80.8547422584593,35.795333088993],[-80.8548408758878,35.795024357622],[-80.8550120958956,35.7945465141714],[-80.8552308455075,35.7938904220249],[-80.8554436168718,35.7938626394231]]},"properties":{"id":"arcgis-164-1-720969d8bf0ce42b","sourceId":"arcgis-164-1","source":"Fiber_Layer_AGOL \u2014 Statesville_Fiber_Optic_Cable_Ring","sourceUrl":"https://services2.arcgis.com/WbGEgSzGTEPg4fr6/arcgis/rest/services/Fiber_Layer_AGOL/FeatureServer/1","name":"Fiber_Layer_AGOL \u2014 Statesville_Fiber_Optic_Cable_Ring","carrier":"Not published","routeStatus":"Unknown","category":"unknown","evidence":"agency_route","dataDate":null,"metadataModified":"2023-12-22T14:55:19+00:00","retrievedAt":"2026-09-18T02:36:48.513926+00:00","networkType":"Published fiber route; network class not specified","serviceability":"Unconfirmed","routeDiversity":"Unconfirmed","states":["NC"]},"bbox":[-80.8554436168718,35.7938626394231,-80.8545842821162,35.7965669665945]},{"type":"Feature","geometry":{"type":"LineString","coordinates":[[-80.8846593116925,35.7829403902998],[-80.8846620608244,35.7829169753402],[-80.8845870344021,35.782749817852],[-80.8844527694611,35.7825215982564],[-80.8844645521499,35.7822853171219],[-80.8847802143804,35.7821991148577],[-80.8851294194161,35.7820844775487],[-80.885430346305,35.7819858147205],[-80.8857475419377,35.7818662034144],[-80.885865639512,35.781828351841],[-80.8859622101949,35.7818949528599],[-80.8861010245342,35.7821762667495],[-80.886118807752,35.7822168638667],[-80.8862311411307,35.7824139136947],[-80.886001994585,35.7826179250371]]},"properties":{"id":"arcgis-164-1-0c7da956e412b86b","sourceId":"arcgis-164-1","source":"Fiber_Layer_AGOL \u2014 Statesville_Fiber_Optic_Cable_Ring","sourceUrl":"https://services2.arcgis.com/WbGEgSzGTEPg4fr6/arcgis/rest/services/Fiber_Layer_AGOL/FeatureServer/1","name":"Fiber_Layer_AGOL \u2014 Statesville_Fiber_Optic_Cable_Ring","carrier":"Not published","routeStatus":"Unknown","category":"unknown","evidence":"agency_route","dataDate":null,"metadataModified":"2023-12-22T14:55:19+00:00","retrievedAt":"2026-09-18T02:36:48.513926+00:00","networkType":"Published fiber route; network class not specified","serviceability":"Unconfirmed","routeDiversity":"Unconfirmed","states":["NC"]},"bbox":[-80.8862311411307,35.781828351841,-80.8844527694611,35.7829403902998]},{"type":"Feature","geometry":{"type":"LineString","coordinates":[[-80.886001994585,35.7826179250371],[-80.8867265268153,35.7827363641907]]},"properties":{"id":"arcgis-164-1-27d2433e112bca20","sourceId":"arcgis-164-1","source":"Fiber_Layer_AGOL \u2014 Statesville_Fiber_Optic_Cable_Ring","sourceUrl":"https://services2.arcgis.com/WbGEgSzGTEPg4fr6/arcgis/rest/services/Fiber_Layer_AGOL/FeatureServer/1","name":"Fiber_Layer_AGOL \u2014 Statesville_Fiber_Optic_Cable_Ring","carrier":"Not published","routeStatus":"Unknown","category":"unknown","evidence":"agency_route","dataDate":null,"metadataModified":"2023-12-22T14:55:19+00:00","retrievedAt":"2026-09-18T02:36:48.513926+00:00","networkType":"Published fiber route; network class not specified","serviceability":"Unconfirmed","routeDiversity":"Unconfirmed","states":["NC"]},"bbox":[-80.8867265268153,35.7826179250371,-80.886001994585,35.7827363641907]},{"type":"Feature","geometry":{"type":"LineString","coordinates":[[-80.885865639512,35.781828351841],[-80.8861434702093,35.7818124541396],[-80.8865424253398,35.7816754314638],[-80.8872279074748,35.7813429349578],[-80.8875548764511,35.7812311700921],[-80.8879917315386,35.7810791104294],[-80.8882774488305,35.7810997561513],[-80.8883778644543,35.7812980093795],[-80.8884391861673,35.7814281936463],[-80.888585643502,35.781704636343],[-80.888657085913,35.7818477191939],[-80.8887234204436,35.7820421065871]]},"properties":{"id":"arcgis-164-1-ffd29f64838ef02e","sourceId":"arcgis-164-1","source":"Fiber_Layer_AGOL \u2014 Statesville_Fiber_Optic_Cable_Ring","sourceUrl":"https://services2.arcgis.com/WbGEgSzGTEPg4fr6/arcgis/rest/services/Fiber_Layer_AGOL/FeatureServer/1","name":"Fiber_Layer_AGOL \u2014 Statesville_Fiber_Optic_Cable_Ring","carrier":"Not published","routeStatus":"Unknown","category":"unknown","evidence":"agency_route","dataDate":null,"metadataModified":"2023-12-22T14:55:19+00:00","retrievedAt":"2026-09-18T02:36:48.513926+00:00","networkType":"Published fiber route; network class not specified","serviceability":"Unconfirmed","routeDiversity":"Unconfirmed","states":["NC"]},"bbox":[-80.8887234204436,35.7810791104294,-80.885865639512,35.7820421065871]},{"type":"Feature","geometry":{"type":"LineString","coordinates":[[-80.8887234204436,35.7820421065871],[-80.8879391085058,35.7822743090884]]},"properties":{"id":"arcgis-164-1-5ba293178a9a8d7d","sourceId":"arcgis-164-1","source":"Fiber_Layer_AGOL \u2014 Statesville_Fiber_Optic_Cable_Ring","sourceUrl":"https://services2.arcgis.com/WbGEgSzGTEPg4fr6/arcgis/rest/services/Fiber_Layer_AGOL/FeatureServer/1","name":"Fiber_Layer_AGOL \u2014 Statesville_Fiber_Optic_Cable_Ring","carrier":"Not published","routeStatus":"Unknown","category":"unknown","evidence":"agency_route","dataDate":null,"metadataModified":"2023-12-22T14:55:19+00:00","retrievedAt":"2026-09-18T02:36:48.513926+00:00","networkType":"Published fiber route; network class not specified","serviceability":"Unconfirmed","routeDiversity":"Unconfirmed","states":["NC"]},"bbox":[-80.8887234204436,35.7820421065871,-80.8879391085058,35.7822743090884]},{"type":"Feature","geometry":{"type":"LineString","coordinates":[[-80.8896346646982,35.7836984632509],[-80.8897610602568,35.7839677908564],[-80.8899344283673,35.7842883568646]]},"properties":{"id":"arcgis-164-1-af99d7b64d6d18e2","sourceId":"arcgis-164-1","source":"Fiber_Layer_AGOL \u2014 Statesville_Fiber_Optic_Cable_Ring","sourceUrl":"https://services2.arcgis.com/WbGEgSzGTEPg4fr6/arcgis/rest/services/Fiber_Layer_AGOL/FeatureServer/1","name":"Fiber_Layer_AGOL \u2014 Statesville_Fiber_Optic_Cable_Ring","carrier":"Not published","routeStatus":"Unknown","category":"unknown","evidence":"agency_route","dataDate":null,"metadataModified":"2023-12-22T14:55:19+00:00","retrievedAt":"2026-09-18T02:36:48.513926+00:00","networkType":"Published fiber route; network class not specified","serviceability":"Unconfirmed","routeDiversity":"Unconfirmed","states":["NC"]},"bbox":[-80.8899344283673,35.7836984632509,-80.8896346646982,35.7842883568646]},{"type":"Feature","geometry":{"type":"LineString","coordinates":[[-80.8902777789111,35.7865083083202],[-80.8911381500632,35.7870382172178]]},"properties":{"id":"arcgis-164-1-4ac253e240e9afd9","sourceId":"arcgis-164-1","source":"Fiber_Layer_AGOL \u2014 Statesville_Fiber_Optic_Cable_Ring","sourceUrl":"https://services2.arcgis.com/WbGEgSzGTEPg4fr6/arcgis/rest/services/Fiber_Layer_AGOL/FeatureServer/1","name":"Fiber_Layer_AGOL \u2014 Statesville_Fiber_Optic_Cable_Ring","carrier":"Not published","routeStatus":"Unknown","category":"unknown","evidence":"agency_route","dataDate":null,"metadataModified":"2023-12-22T14:55:19+00:00","retrievedAt":"2026-09-18T02:36:48.513926+00:00","networkType":"Published fiber route; network class not specified","serviceability":"Unconfirmed","routeDiversity":"Unconfirmed","states":["NC"]},"bbox":[-80.8911381500632,35.7865083083202,-80.8902777789111,35.7870382172178]},{"type":"Feature","geometry":{"type":"LineString","coordinates":[[-80.8902695424933,35.7867359453743],[-80.8910108534084,35.7871224177922]]},"properties":{"id":"arcgis-164-1-7e4cc867736f1924","sourceId":"arcgis-164-1","source":"Fiber_Layer_AGOL \u2014 Statesville_Fiber_Optic_Cable_Ring","sourceUrl":"https://services2.arcgis.com/WbGEgSzGTEPg4fr6/arcgis/rest/services/Fiber_Layer_AGOL/FeatureServer/1","name":"Fiber_Layer_AGOL \u2014 Statesville_Fiber_Optic_Cable_Ring","carrier":"Not published","routeStatus":"Unknown","category":"unknown","evidence":"agency_route","dataDate":null,"metadataModified":"2023-12-22T14:55:19+00:00","retrievedAt":"2026-09-18T02:36:48.513926+00:00","networkType":"Published fiber route; network class not specified","serviceability":"Unconfirmed","routeDiversity":"Unconfirmed","states":["NC"]},"bbox":[-80.8910108534084,35.7867359453743,-80.8902695424933,35.7871224177922]},{"type":"Feature","geometry":{"type":"LineString","coordinates":[[-80.8730551831858,35.7944900761743],[-80.8730878971986,35.7947203274238],[-80.8732081049211,35.7948772279514],[-80.8732191587319,35.794988178656],[-80.8731846164281,35.795185425097],[-80.8731473236299,35.7952067545978]]},"properties":{"id":"arcgis-164-1-ad0823023c327ac6","sourceId":"arcgis-164-1","source":"Fiber_Layer_AGOL \u2014 Statesville_Fiber_Optic_Cable_Ring","sourceUrl":"https://services2.arcgis.com/WbGEgSzGTEPg4fr6/arcgis/rest/services/Fiber_Layer_AGOL/FeatureServer/1","name":"Fiber_Layer_AGOL \u2014 Statesville_Fiber_Optic_Cable_Ring","carrier":"Not published","routeStatus":"Unknown","category":"unknown","evidence":"agency_route","dataDate":null,"metadataModified":"2023-12-22T14:55:19+00:00","retrievedAt":"2026-09-18T02:36:48.513926+00:00","networkType":"Published fiber route; network class not specified","serviceability":"Unconfirmed","routeDiversity":"Unconfirmed","states":["NC"]},"bbox":[-80.8732191587319,35.7944900761743,-80.8730551831858,35.7952067545978]},{"type":"Feature","geometry":{"type":"LineString","coordinates":[[-80.8731473236299,35.7952067545978],[-80.8730768430253,35.7952470651513],[-80.8731141497617,35.7953008592252],[-80.8731247034234,35.795561957855]]},"properties":{"id":"arcgis-164-1-8acaa542469e4353","sourceId":"arcgis-164-1","source":"Fiber_Layer_AGOL \u2014 Statesville_Fiber_Optic_Cable_Ring","sourceUrl":"https://services2.arcgis.com/WbGEgSzGTEPg4fr6/arcgis/rest/services/Fiber_Layer_AGOL/FeatureServer/1","name":"Fiber_Layer_AGOL \u2014 Statesville_Fiber_Optic_Cable_Ring","carrier":"Not published","routeStatus":"Unknown","category":"unknown","evidence":"agency_route","dataDate":null,"metadataModified":"2023-12-22T14:55:19+00:00","retrievedAt":"2026-09-18T02:36:48.513926+00:00","networkType":"Published fiber route; network class not specified","serviceability":"Unconfirmed","routeDiversity":"Unconfirmed","states":["NC"]},"bbox":[-80.8731473236299,35.7952067545978,-80.8730768430253,35.795561957855]},{"type":"Feature","geometry":{"type":"LineString","coordinates":[[-80.8987169415507,35.7707919448141],[-80.8986587334149,35.7708038750137],[-80.8986570840954,35.7708047715849],[-80.8986556399592,35.7708058795171],[-80.8986544412017,35.7708071675324],[-80.8986535223622,35.7708085990318],[-80.8986529068799,35.7708101357866],[-80.8986526136438,35.7708117342298],[-80.8986526493581,35.7708133500828],[-80.8986530140921,35.7708149391704],[-80.8986536979419,35.7708164565715],[-80.8986546811147,35.7708178602235],[-80.8986559361619,35.7708191117895],[-80.8986574279579,35.7708201757565],[-80.8986591171015,35.7708210229889],[-80.8986609543879,35.7708216308143],[-80.8986628907177,35.7708219810665],[-80.8986648705684,35.7708220646945],[-80.8986668407984,35.770821879822],[-80.8986687461812,35.7708214300146],[-80.89867053285,35.7708207296347],[-80.8987169415507,35.7707919448141],[-80.8987623015824,35.7707625019933],[-80.8987642723475,35.7707621043542],[-80.8987662971558,35.7707619826365],[-80.898768317485,35.7707621413587],[-80.8987702767912,35.7707625750915],[-80.8987721183829,35.7707632720978],[-80.8987737897799,35.7707642115594],[-80.8987752427984,35.7707653671822],[-80.8987764357201,35.770766705359],[-80.8987773355885,35.7707681887404],[-80.8987779148492,35.7707697744832],[-80.8987781591537,35.7707714168341],[-80.8987780596825,35.7707730699536],[-80.8987776197166,35.7707746851088],[-80.8987768525736,35.7707762170166],[-80.898775779333,35.7707776211743],[-80.8987744322589,35.7707788583139],[-80.8987728470176,35.7707798927204],[-80.8987169415507,35.7707919448141]]},"properties":{"id":"arcgis-164-2-5a1436b883a2866f","sourceId":"arcgis-164-2","source":"Fiber_Layer_AGOL \u2014 Statesville_Fiber_Extras","sourceUrl":"https://services2.arcgis.com/WbGEgSzGTEPg4fr6/arcgis/rest/services/Fiber_Layer_AGOL/FeatureServer/2","name":"Fiber_Layer_AGOL \u2014 Statesville_Fiber_Extras","carrier":"Not published","routeStatus":"Unknown","category":"unknown","evidence":"agency_route","dataDate":null,"metadataModified":"2023-12-22T14:55:19+00:00","retrievedAt":"2026-09-18T02:37:01.936831+00:00","networkType":"Published fiber route; network class not specified","serviceability":"Unconfirmed","routeDiversity":"Unconfirmed","states":["NC"]},"bbox":[-80.8987781591537,35.7707619826365,-80.8986526136438,35.7708220646945]},{"type":"Feature","geometry":{"type":"LineString","coordinates":[[-80.9037095247507,35.769250484559],[-80.9036468471275,35.7692769355808],[-80.9036458167891,35.7692781371744],[-80.9036450559962,35.7692794643726],[-80.9036445859736,35.7692808789803],[-80.9036444212053,35.7692823384],[-80.9036445673081,35.7692837992713],[-80.9036450199468,35.7692852183894],[-80.903645763707,35.769286551821],[-80.9036467789001,35.7692877620103],[-80.9036480336735,35.7692888115918],[-80.9036494907944,35.7692896695943],[-80.9036511076496,35.7692903114417],[-80.9036528361818,35.7692907162487],[-80.9036546241438,35.7692908731124],[-80.9036564183313,35.7692907774551],[-80.9036581657094,35.7692904319091],[-80.9036598145188,35.7692898462982],[-80.9036613154026,35.7692890385229],[-80.9037095247507,35.769250484559],[-80.9037558617132,35.769268681213],[-80.9037577199845,35.7692690524376],[-80.9037596275213,35.7692691668625],[-80.9037615322885,35.7692690225966],[-80.9037633812938,35.7692686240742],[-80.9037651238837,35.7692679811023],[-80.9037667118069,35.7692671115637],[-80.9037681014052,35.7692660404818],[-80.903769253507,35.7692647955144],[-80.9037701368932,35.7692634132097],[-80.9037707281062,35.7692619308967],[-80.9037710092812,35.7692603885211],[-80.9037709736958,35.7692588294605],[-80.9037706212834,35.7692572978902],[-80.9037699629504,35.7692558342076],[-80.9037690162379,35.7692544787069],[-80.9037678075117,35.7692532706421],[-80.9037663696242,35.7692522428559],[-80.9037647430407,35.7692514226626],[-80.9037629725434,35.7692508328016],[-80.903761106105,35.7692504905531],[-80.9037095247507,35.769250484559]]},"properties":{"id":"arcgis-164-2-9a9ee6fa3b4761ee","sourceId":"arcgis-164-2","source":"Fiber_Layer_AGOL \u2014 Statesville_Fiber_Extras","sourceUrl":"https://services2.arcgis.com/WbGEgSzGTEPg4fr6/arcgis/rest/services/Fiber_Layer_AGOL/FeatureServer/2","name":"Fiber_Layer_AGOL \u2014 Statesville_Fiber_Extras","carrier":"Not published","routeStatus":"Unknown","category":"unknown","evidence":"agency_route","dataDate":null,"metadataModified":"2023-12-22T14:55:19+00:00","retrievedAt":"2026-09-18T02:37:01.936831+00:00","networkType":"Published fiber route; network class not specified","serviceability":"Unconfirmed","routeDiversity":"Unconfirmed","states":["NC"]},"bbox":[-80.9037710092812,35.769250484559,-80.9036444212053,35.7692908731124]},{"type":"Feature","geometry":{"type":"LineString","coordinates":[[-80.8874731478463,35.7796838884205],[-80.8873974926165,35.7797260611918],[-80.8873946696457,35.7797264647107],[-80.8873918036153,35.7797264776368],[-80.887388975336,35.7797260996058],[-80.8873862645541,35.7797253412766],[-80.887383747703,35.779724224031],[-80.8873814957478,35.7797227793711],[-80.8873795721848,35.7797210480305],[-80.8873780312508,35.779719078826],[-80.8873769163941,35.7797169272816],[-80.8873762590491,35.7797146540622],[-80.8873760777502,35.7797123232636],[-80.8873763776095,35.779710000605],[-80.887377150172,35.7797077515763],[-80.8873783736544,35.779705639591],[-80.8873800135594,35.7797037241989],[-80.8873820236481,35.7797020594062],[-80.8873843472441,35.7797006921536],[-80.8874731478463,35.7796838884205],[-80.8875548256537,35.7796988559618],[-80.8875577188671,35.7796993722526],[-80.887560678073,35.779699472771],[-80.8875636139799,35.779699154484],[-80.887566437999,35.7796984269957],[-80.8875690649179,35.7796973122573],[-80.8875714154714,35.7796958439053],[-80.8875734187336,35.779694066246],[-80.8875750142575,35.7796920329188],[-80.8875761538997,35.7796898052776],[-80.8875768032723,35.7796874505399],[-80.8875769427812,35.7796850397577],[-80.8875765682168,35.7796826456746],[-80.8875756908813,35.7796803405299],[-80.8875743372477,35.7796781938796],[-80.8875725481607,35.779676270497],[-80.8875703776046,35.7796746284186],[-80.8875678910742,35.7796733171927],[-80.8875651635984,35.7796723763845],[-80.8875622774765,35.7796718343821],[-80.8875593197949,35.77967170754],[-80.8874731478463,35.7796838884205]]},"properties":{"id":"arcgis-164-2-ecbc7b51582df6a9","sourceId":"arcgis-164-2","source":"Fiber_Layer_AGOL \u2014 Statesville_Fiber_Extras","sourceUrl":"https://services2.arcgis.com/WbGEgSzGTEPg4fr6/arcgis/rest/services/Fiber_Layer_AGOL/FeatureServer/2","name":"Fiber_Layer_AGOL \u2014 Statesville_Fiber_Extras","carrier":"Not published","routeStatus":"Unknown","category":"unknown","evidence":"agency_route","dataDate":null,"metadataModified":"2023-12-22T14:55:19+00:00","retrievedAt":"2026-09-18T02:37:01.936831+00:00","networkType":"Published fiber route; network class not specified","serviceability":"Unconfirmed","routeDiversity":"Unconfirmed","states":["NC"]},"bbox":[-80.8875769427812,35.77967170754,-80.8873760777502,35.7797264776368]},{"type":"Feature","geometry":{"type":"LineString","coordinates":[[-80.8884405917472,35.7814212032113],[-80.8884424284006,35.7814236250319],[-80.8884447483173,35.781425753583],[-80.8884474836254,35.7814275250082],[-80.8884505523287,35.7814288864884],[-80.8884538616658,35.7814297979922],[-80.8884573147464,35.7814302321736],[-80.8884608072539,35.7814301753242],[-80.8884642363776,35.7814296308409],[-80.8884674995592,35.7814286129347],[-80.888470499064,35.7814271528707],[-80.8884731462995,35.781425294393],[-80.8884753606883,35.7814230928414],[-80.8884770784948,35.7814206141124],[-80.8884782472112,35.7814179311405],[-80.888478831087,35.7814151238127],[-80.8884788155109,35.781412277097],[-80.8884781980163,35.7814094748718],[-80.888476777356,35.7814070060346],[-80.8884748729607,35.7814047628614],[-80.8884725404947,35.7814028075947],[-80.8884698420685,35.7814011942633],[-80.8884668528323,35.7813999667777],[-80.8884636554885,35.7813991608172],[-80.8884603379117,35.7813987966558],[-80.8884569933166,35.7813988863709],[-80.8884537123275,35.7813994258529],[-80.888450586422,35.7814004001612],[-80.8884477024014,35.7814017836094],[-80.8884451390099,35.7814035371134],[-80.8884429670397,35.7814056126975],[-80.8884412470981,35.7814079526272],[-80.8884400274585,35.7814104921471],[-80.8884393407851,35.7814131613349],[-80.8884392052596,35.7814158859852],[-80.8884396268982,35.7814185920813],[-80.8884405917472,35.7814212032113]]},"properties":{"id":"arcgis-164-2-1ef0c5d8e01ab25f","sourceId":"arcgis-164-2","source":"Fiber_Layer_AGOL \u2014 Statesville_Fiber_Extras","sourceUrl":"https://services2.arcgis.com/WbGEgSzGTEPg4fr6/arcgis/rest/services/Fiber_Layer_AGOL/FeatureServer/2","name":"Fiber_Layer_AGOL \u2014 Statesville_Fiber_Extras","carrier":"Not published","routeStatus":"Unknown","category":"unknown","evidence":"agency_route","dataDate":null,"metadataModified":"2023-12-22T14:55:19+00:00","retrievedAt":"2026-09-18T02:37:01.936831+00:00","networkType":"Published fiber route; network class not specified","serviceability":"Unconfirmed","routeDiversity":"Unconfirmed","states":["NC"]},"bbox":[-80.888478831087,35.7813987966558,-80.8884392052596,35.7814302321736]},{"type":"Feature","geometry":{"type":"LineString","coordinates":[[-80.8891646469693,35.7826947286531],[-80.8891990474729,35.7827320378779],[-80.8891996569398,35.7827336437926],[-80.8891999266735,35.7827353103109],[-80.889199849008,35.7827369900685],[-80.8891994261506,35.782738635325],[-80.8891986701193,35.7827401993203],[-80.8891976024013,35.7827416376041],[-80.8891962533423,35.7827429092989],[-80.8891946612839,35.7827439782617],[-80.8891928714741,35.7827448141116],[-80.8891909347812,35.7827453930927],[-80.8891889062481,35.7827456987498],[-80.8891868435279,35.7827457223958],[-80.8891848052452,35.7827454633586],[-80.8891828493301,35.7827449290004],[-80.889181031372,35.7827441345082],[-80.8891794030391,35.7827431024622],[-80.8891780106102,35.7827418621945],[-80.8891768936598,35.7827404489545],[-80.8891760839327,35.7827389029083],[-80.8891646469693,35.7826947286531],[-80.8891545830452,35.7826463954929],[-80.8891535982822,35.7826447272647],[-80.8891522817951,35.78264321858],[-80.8891506714311,35.782641912811],[-80.8891488134856,35.7826408474968],[-80.8891467613715,35.7826400532632],[-80.8891445740839,35.7826395529433],[-80.889142314504,35.7826393609206],[-80.8891400475911,35.7826394827153],[-80.8891378385153,35.7826399148261],[-80.8891357507842,35.7826406448305],[-80.8891338444167,35.7826416517419],[-80.889132174218,35.7826429066132],[-80.8891307882035,35.782644373369],[-80.8891297262192,35.7826460098422],[-80.8891290187953,35.7826477689867],[-80.8891286862693,35.78264960023],[-80.8891287382008,35.7826514509267],[-80.8891291730968,35.7826532678721],[-80.8891299784547,35.7826549988318],[-80.8891646469693,35.7826947286531]]},"properties":{"id":"arcgis-164-2-309e89e49e7d7a77","sourceId":"arcgis-164-2","source":"Fiber_Layer_AGOL \u2014 Statesville_Fiber_Extras","sourceUrl":"https://services2.arcgis.com/WbGEgSzGTEPg4fr6/arcgis/rest/services/Fiber_Layer_AGOL/FeatureServer/2","name":"Fiber_Layer_AGOL \u2014 Statesville_Fiber_Extras","carrier":"Not published","routeStatus":"Unknown","category":"unknown","evidence":"agency_route","dataDate":null,"metadataModified":"2023-12-22T14:55:19+00:00","retrievedAt":"2026-09-18T02:37:01.936831+00:00","networkType":"Published fiber route; network class not specified","serviceability":"Unconfirmed","routeDiversity":"Unconfirmed","states":["NC"]},"bbox":[-80.8891999266735,35.7826393609206,-80.8891286862693,35.7827457223958]},{"type":"Feature","geometry":{"type":"LineString","coordinates":[[-80.8904494292107,35.7854765366394],[-80.8903840930978,35.785524445067],[-80.8903819012269,35.7855249145079],[-80.8903796107231,35.7855249509538],[-80.8903772835016,35.7855245525422],[-80.8903749851111,35.7855237308771],[-80.8903727779933,35.7855225066257],[-80.8903707216086,35.7855209149254],[-80.8903688733951,35.7855189990587],[-80.8903672832597,35.7855168114399],[-80.8903659957053,35.7855144099765],[-80.890365044449,35.7855118644624],[-80.8903644564874,35.7855092411904],[-80.8903642479256,35.7855066138338],[-80.8903644237458,35.7855040535343],[-80.8903649800607,35.7855016306697],[-80.8903659006911,35.7854994103994],[-80.8903671627582,35.7854974552823],[-80.8903687287527,35.7854958172863],[-80.8903705576998,35.7854945421225],[-80.8904494292107,35.7854765366394],[-80.890522991642,35.7854895576756],[-80.8905255941951,35.7854890025262],[-80.8905280068013,35.7854879418754],[-80.8905301615628,35.7854864056251],[-80.8905319986397,35.7854844370749],[-80.8905334650811,35.7854820902354],[-80.8905345215238,35.7854794324289],[-80.8905351376001,35.7854765371484],[-80.89053529751,35.785473485775],[-80.8905349944068,35.7854703640577],[-80.890534238076,35.7854672592909],[-80.8905330493418,35.7854642576958],[-80.8905314622795,35.7854614443866],[-80.8905295196437,35.7854588971308],[-80.8905272784196,35.7854566871643],[-80.8905247987419,35.7854548784624],[-80.8905221514892,35.7854535213108],[-80.8905194104998,35.7854526506239],[-80.8905166538257,35.7854522922356],[-80.8904494292107,35.7854765366394]]},"properties":{"id":"arcgis-164-2-8e6155b3fb751607","sourceId":"arcgis-164-2","source":"Fiber_Layer_AGOL \u2014 Statesville_Fiber_Extras","sourceUrl":"https://services2.arcgis.com/WbGEgSzGTEPg4fr6/arcgis/rest/services/Fiber_Layer_AGOL/FeatureServer/2","name":"Fiber_Layer_AGOL \u2014 Statesville_Fiber_Extras","carrier":"Not published","routeStatus":"Unknown","category":"unknown","evidence":"agency_route","dataDate":null,"metadataModified":"2023-12-22T14:55:19+00:00","retrievedAt":"2026-09-18T02:37:01.936831+00:00","networkType":"Published fiber route; network class not specified","serviceability":"Unconfirmed","routeDiversity":"Unconfirmed","states":["NC"]},"bbox":[-80.89053529751,35.7854522922356,-80.8903642479256,35.7855249509538]},{"type":"Feature","geometry":{"type":"LineString","coordinates":[[-80.893643740192,35.7690968728544],[-80.8936565607085,35.7691784835362],[-80.8936566058767,35.7691809373613],[-80.8936561502647,35.7691833632093],[-80.8936552065323,35.7691856936739],[-80.893653800903,35.769187863999],[-80.8936519724344,35.7691898138783],[-80.8936497719337,35.7691914891311],[-80.8936472605456,35.7691928432077],[-80.8936445080534,35.7691938384824],[-80.8936415909399,35.7691944473001],[-80.8936385902623,35.7691946527435],[-80.8936355893995,35.7691944491041],[-80.8936326717357,35.7691938420404],[-80.8936299183435,35.7691928484206],[-80.8936274057304,35.7691914958543],[-80.893625203714,35.7691898219248],[-80.8936233734809,35.7691878731452],[-80.8936219658875,35.7691857036657],[-80.893621020046,35.7691833737692],[-80.8936205622384,35.7691809481958],[-80.8936206051855,35.7691784943442],[-80.8936211476939,35.769176080399],[-80.893643740192,35.7690968728544],[-80.8936655546803,35.7690221885576],[-80.8936659486525,35.7690197996779],[-80.8936658487273,35.7690173906934],[-80.8936652576981,35.7690150289513],[-80.8936641920883,35.7690127804781],[-80.8936626816888,35.7690107081337],[-80.8936607687255,35.7690088698538],[-80.8936585066783,35.7690073170306],[-80.8936559587866,35.7690060930761],[-80.893653196281,35.7690052322077],[-80.893650296392,35.7690047584925],[-80.8936473401908,35.7690046851741],[-80.8936444103229,35.7690050143022],[-80.8936415886976,35.7690057366753],[-80.8936389541983,35.7690068320985],[-80.8936365804766,35.7690082699473],[-80.8936345338941,35.7690100100242],[-80.8936328716663,35.7690120036826],[-80.8936316402636,35.7690141951863],[-80.893630874112,35.7690165232681],[-80.8936305946307,35.7690189228427],[-80.8936308096329,35.7690213268259],[-80.893643740192,35.7690968728544]]},"properties":{"id":"arcgis-164-2-c315d6dc66a96cbf","sourceId":"arcgis-164-2","source":"Fiber_Layer_AGOL \u2014 Statesville_Fiber_Extras","sourceUrl":"https://services2.arcgis.com/WbGEgSzGTEPg4fr6/arcgis/rest/services/Fiber_Layer_AGOL/FeatureServer/2","name":"Fiber_Layer_AGOL \u2014 Statesville_Fiber_Extras","carrier":"Not published","routeStatus":"Unknown","category":"unknown","evidence":"agency_route","dataDate":null,"metadataModified":"2023-12-22T14:55:19+00:00","retrievedAt":"2026-09-18T02:37:01.936831+00:00","networkType":"Published fiber route; network class not specified","serviceability":"Unconfirmed","routeDiversity":"Unconfirmed","states":["NC"]},"bbox":[-80.8936659486525,35.7690046851741,-80.8936205622384,35.7691946527435]},{"type":"Feature","geometry":{"type":"LineString","coordinates":[[-80.8938918657585,35.7661148927853],[-80.893896596376,35.7661944486563],[-80.8938961192022,35.7661968030031],[-80.8938951543329,35.7661990559576],[-80.8938937302808,35.7662011409431],[-80.8938918891275,35.7662029963468],[-80.8938896852806,35.7662045673399],[-80.8938871838655,35.7662058074985],[-80.893884458801,35.7662066801748],[-80.8938815906148,35.7662071595806],[-80.8938786640641,35.7662072315491],[-80.8938757656308,35.7662068939535],[-80.8938729809658,35.7662061567701],[-80.8938703923582,35.7662050417832],[-80.8938680763033,35.7662035819416],[-80.8938661012425,35.7662018203847],[-80.8938645255401,35.7661998091678],[-80.8938633957595,35.7661976077241],[-80.8938627452865,35.7661952811079],[-80.8938625933431,35.7661928980725],[-80.8938629444192,35.7661905290383],[-80.8938918657585,35.7661148927853],[-80.89389943427,35.7660391285295],[-80.893899425879,35.7660372482847],[-80.8938990259416,35.7660353964959],[-80.8938982460692,35.7660336269269],[-80.8938971089044,35.7660319909544],[-80.893895647463,35.7660305360763],[-80.8938939041756,35.7660293045327],[-80.8938919296558,35.7660283320795],[-80.8938897812308,35.7660276469503],[-80.8938875212766,35.7660272690369],[-80.8938852154076,35.7660272093113],[-80.8938829305709,35.7660274695076],[-80.8938807331033,35.7660280420714],[-80.8938786868047,35.7660289103792],[-80.8938768510862,35.766030049221],[-80.8938752792451,35.7660314255324],[-80.8938740169172,35.7660329993543],[-80.8938731007524,35.7660347249933],[-80.89387255735,35.7660365523481],[-80.8938724024869,35.7660384283644],[-80.8938726406594,35.7660402985749],[-80.8938918657585,35.7661148927853]]},"properties":{"id":"arcgis-164-2-1adfac02dcea4199","sourceId":"arcgis-164-2","source":"Fiber_Layer_AGOL \u2014 Statesville_Fiber_Extras","sourceUrl":"https://services2.arcgis.com/WbGEgSzGTEPg4fr6/arcgis/rest/services/Fiber_Layer_AGOL/FeatureServer/2","name":"Fiber_Layer_AGOL \u2014 Statesville_Fiber_Extras","carrier":"Not published","routeStatus":"Unknown","category":"unknown","evidence":"agency_route","dataDate":null,"metadataModified":"2023-12-22T14:55:19+00:00","retrievedAt":"2026-09-18T02:37:01.936831+00:00","networkType":"Published fiber route; network class not specified","serviceability":"Unconfirmed","routeDiversity":"Unconfirmed","states":["NC"]},"bbox":[-80.89389943427,35.7660272093113,-80.8938625933431,35.7662072315491]},{"type":"Feature","geometry":{"type":"LineString","coordinates":[[-80.8937997052578,35.76600305622],[-80.8937414502553,35.7660139526284],[-80.8937389397898,35.7660136887571],[-80.8937365208025,35.7660130799872],[-80.8937342656302,35.7660121450274],[-80.8937322379325,35.766010909933],[-80.8937304983049,35.7660094116253],[-80.8937290964546,35.7660076944071],[-80.8937280744327,35.766005806306],[-80.8937274612537,35.7660038054693],[-80.8937272759174,35.7660017474951],[-80.8937275220906,35.7659996945309],[-80.8937281945315,35.7659977061579],[-80.8937292724543,35.7659958394945],[-80.8937307250798,35.7659941500116],[-80.8937325092965,35.7659926861596],[-80.8937345730422,35.7659914920206],[-80.8937368562822,35.7659906018841],[-80.8937392921363,35.7659900411309],[-80.8937418102175,35.7659898270825],[-80.8937997052578,35.76600305622],[-80.8938566513047,35.7660160512703],[-80.8938587706245,35.7660162860628],[-80.8938609085405,35.7660162284762],[-80.8938630042375,35.7660158794563],[-80.8938649982591,35.7660152507457],[-80.8938668356562,35.7660143576233],[-80.8938684639865,35.7660132279498],[-80.8938698363789,35.7660118913024],[-80.8938709161244,35.7660103861156],[-80.8938716710428,35.766008755261],[-80.893872081201,35.7660070450253],[-80.8938721344275,35.7660053024768],[-80.8938718285654,35.7660035772319],[-80.8938711735999,35.7660019178171],[-80.8938701861294,35.7660003717544],[-80.8938688958946,35.7659989809523],[-80.8938673392493,35.7659977863151],[-80.8938655579074,35.7659968214515],[-80.8938636044712,35.7659961125889],[-80.8938615325009,35.7659956796291],[-80.893859400938,35.7659955360797],[-80.8937997052578,35.76600305622]]},"properties":{"id":"arcgis-164-2-49702b6f18dfd9d4","sourceId":"arcgis-164-2","source":"Fiber_Layer_AGOL \u2014 Statesville_Fiber_Extras","sourceUrl":"https://services2.arcgis.com/WbGEgSzGTEPg4fr6/arcgis/rest/services/Fiber_Layer_AGOL/FeatureServer/2","name":"Fiber_Layer_AGOL \u2014 Statesville_Fiber_Extras","carrier":"Not published","routeStatus":"Unknown","category":"unknown","evidence":"agency_route","dataDate":null,"metadataModified":"2023-12-22T14:55:19+00:00","retrievedAt":"2026-09-18T02:37:01.936831+00:00","networkType":"Published fiber route; network class not specified","serviceability":"Unconfirmed","routeDiversity":"Unconfirmed","states":["NC"]},"bbox":[-80.8938721344275,35.7659898270825,-80.8937272759174,35.7660162860628]},{"type":"Feature","geometry":{"type":"LineString","coordinates":[[-80.8914689478941,35.7663006687255],[-80.8914790535375,35.7663519493078],[-80.8914788589255,35.7663537499438],[-80.8914782995779,35.7663555156767],[-80.8914773930699,35.7663571939454],[-80.8914761626742,35.7663587393133],[-80.891474646017,35.7663601052186],[-80.891472882104,35.7663612567984],[-80.8914709265062,35.7663621580305],[-80.8914688295397,35.7663627846941],[-80.8914666527253,35.7663631187051],[-80.8914644600063,35.7663631509568],[-80.8914623099655,35.7663628796378],[-80.8914602658619,35.7663623136823],[-80.8914583844675,35.7663614684358],[-80.8914567205531,35.76636036829],[-80.8914553201706,35.7663590431811],[-80.8914542240746,35.7663575330441],[-80.8914534619625,35.7663558779858],[-80.891453057129,35.7663541281291],[-80.8914689478941,35.7663006687255],[-80.8914843720226,35.7662506702558],[-80.8914847838541,35.7662489347609],[-80.8914848357946,35.7662471823176],[-80.8914845213052,35.7662454644137],[-80.8914838548136,35.7662438304083],[-80.8914828518322,35.766242328742],[-80.8914815443331,35.7662410021908],[-80.891479968627,35.7662398898572],[-80.8914781697228,35.7662390243981],[-80.8914762023915,35.7662384302052],[-80.8914741212568,35.7662381253619],[-80.8914719895774,35.7662381188023],[-80.8914698681686,35.7662384095819],[-80.8914678176982,35.7662389904479],[-80.8914658985816,35.7662398433333],[-80.8914641666844,35.7662409448326],[-80.8914626731964,35.766242260795],[-80.8914614604408,35.7662437563056],[-80.8914605638322,35.7662453848375],[-80.8914600099394,35.7662471000009],[-80.8914598152741,35.7662488510547],[-80.8914689478941,35.7663006687255]]},"properties":{"id":"arcgis-164-2-2913623a198ddcd3","sourceId":"arcgis-164-2","source":"Fiber_Layer_AGOL \u2014 Statesville_Fiber_Extras","sourceUrl":"https://services2.arcgis.com/WbGEgSzGTEPg4fr6/arcgis/rest/services/Fiber_Layer_AGOL/FeatureServer/2","name":"Fiber_Layer_AGOL \u2014 Statesville_Fiber_Extras","carrier":"Not published","routeStatus":"Unknown","category":"unknown","evidence":"agency_route","dataDate":null,"metadataModified":"2023-12-22T14:55:19+00:00","retrievedAt":"2026-09-18T02:37:01.936831+00:00","networkType":"Published fiber route; network class not specified","serviceability":"Unconfirmed","routeDiversity":"Unconfirmed","states":["NC"]},"bbox":[-80.8914848357946,35.7662381188023,-80.891453057129,35.7663631509568]},{"type":"Feature","geometry":{"type":"LineString","coordinates":[[-80.8912867447638,35.7686484248348],[-80.8912051243746,35.7686790148156],[-80.8912023735592,35.7686791666137],[-80.8911996303551,35.7686789342499],[-80.891196976779,35.7686783245644],[-80.8911944884654,35.7686773553145],[-80.8911922401751,35.7686760541874],[-80.8911902958641,35.7686744598568],[-80.8911887141489,35.7686726191924],[-80.8911875394185,35.7686705855956],[-80.8911868073635,35.7686684189134],[-80.8911865393624,35.7686661819196],[-80.8911867425031,35.7686639412159],[-80.8911874116467,35.7686617608894],[-80.8911885272795,35.7686597052503],[-80.8911900554075,35.7686578343262],[-80.8911919530849,35.768656203776],[-80.8911941627596,35.768654859569],[-80.8911966223297,35.7686538423359],[-80.8912867447638,35.7686484248348],[-80.8913067393875,35.7685941832682],[-80.8913066666945,35.7685920676501],[-80.8913061646375,35.7685899920555],[-80.8913052477919,35.7685880121517],[-80.8913039407065,35.7685861843527],[-80.8913022788188,35.7685845576912],[-80.8913003096878,35.7685831792088],[-80.891298087254,35.7685820850296],[-80.8912956730934,35.768581306652],[-80.8912931340574,35.7685808646739],[-80.8912905401468,35.7685807724326],[-80.8912879633205,35.7685810324165],[-80.8912854752848,35.7685816363002],[-80.8912831442602,35.7685825685999],[-80.8912810360028,35.7685838030525],[-80.891279207233,35.7685853054211],[-80.8912777100583,35.7685870334271],[-80.8912765843176,35.7685889404748],[-80.8912758630678,35.7685909737633],[-80.8912755648643,35.7685930753078],[-80.8912867447638,35.7686484248348]]},"properties":{"id":"arcgis-164-2-2a03bde253ae5e76","sourceId":"arcgis-164-2","source":"Fiber_Layer_AGOL \u2014 Statesville_Fiber_Extras","sourceUrl":"https://services2.arcgis.com/WbGEgSzGTEPg4fr6/arcgis/rest/services/Fiber_Layer_AGOL/FeatureServer/2","name":"Fiber_Layer_AGOL \u2014 Statesville_Fiber_Extras","carrier":"Not published","routeStatus":"Unknown","category":"unknown","evidence":"agency_route","dataDate":null,"metadataModified":"2023-12-22T14:55:19+00:00","retrievedAt":"2026-09-18T02:37:01.936831+00:00","networkType":"Published fiber route; network class not specified","serviceability":"Unconfirmed","routeDiversity":"Unconfirmed","states":["NC"]},"bbox":[-80.8913067393875,35.7685807724326,-80.8911865393624,35.7686791666137]},{"type":"Feature","geometry":{"type":"LineString","coordinates":[[-80.8868200323423,35.7685159201249],[-80.8868323547306,35.7686007965965],[-80.8868324336756,35.7686031852761],[-80.8868320220504,35.7686055509045],[-80.8868311326953,35.7686078274724],[-80.8868297895717,35.768609951503],[-80.8868280311,35.7686118629013],[-80.8868259058205,35.7686135086279],[-80.8868234723727,35.7686148417971],[-80.8868208018119,35.7686158261494],[-80.8868179653825,35.7686164335356],[-80.8868150456389,35.7686166464496],[-80.8868121232182,35.7686164600363],[-80.8868092789676,35.7686158784519],[-80.8868065951345,35.7686149184528],[-80.8868041442456,35.7686136068619],[-80.8868019957412,35.768611980467],[-80.8868002115319,35.7686100851876],[-80.8867988392999,35.7686079734739],[-80.8867979191556,35.7686057051059],[-80.8867974757913,35.7686033428066],[-80.8867975218412,35.7686009539936],[-80.8867980566282,35.7685986044876],[-80.8868200323423,35.7685159201249],[-80.8868991402901,35.7685276032605],[-80.8869019478064,35.7685267997911],[-80.8869045474346,35.7685256200068],[-80.8869068658662,35.7685240983991],[-80.88690883332,35.7685222784203],[-80.8869103946419,35.7685202141139],[-80.8869115036295,35.7685179638923],[-80.8869121297078,35.7685155922366],[-80.886912253507,35.7685131697645],[-80.8869118721807,35.7685107641334],[-80.8869109973414,35.7685084463826],[-80.8869096526601,35.7685062828572],[-80.8869078772042,35.7685043360576],[-80.8869057242693,35.7685026619532],[-80.8869032536382,35.7685013101022],[-80.8869005380895,35.7685003181421],[-80.8868976546361,35.768499715531],[-80.8868200323423,35.7685159201249]]},"properties":{"id":"arcgis-164-2-489125624bd6aa1e","sourceId":"arcgis-164-2","source":"Fiber_Layer_AGOL \u2014 Statesville_Fiber_Extras","sourceUrl":"https://services2.arcgis.com/WbGEgSzGTEPg4fr6/arcgis/rest/services/Fiber_Layer_AGOL/FeatureServer/2","name":"Fiber_Layer_AGOL \u2014 Statesville_Fiber_Extras","carrier":"Not published","routeStatus":"Unknown","category":"unknown","evidence":"agency_route","dataDate":null,"metadataModified":"2023-12-22T14:55:19+00:00","retrievedAt":"2026-09-18T02:37:01.936831+00:00","networkType":"Published fiber route; network class not specified","serviceability":"Unconfirmed","routeDiversity":"Unconfirmed","states":["NC"]},"bbox":[-80.886912253507,35.768499715531,-80.8867974757913,35.7686166464496]},{"type":"Feature","geometry":{"type":"LineString","coordinates":[[-80.8865647667904,35.7739750283246],[-80.8864902156975,35.7740055126973],[-80.8864867635313,35.7740059574205],[-80.8864832690521,35.7740059159846],[-80.8864798351662,35.7740053895001],[-80.886476561799,35.7740043935481],[-80.8864735447466,35.7740029563947],[-80.8864708735063,35.7740011208275],[-80.8864686256632,35.773998940637],[-80.8864668668695,35.773996479715],[-80.8864656485904,35.7739938102865],[-80.8864650080625,35.7739910111075],[-80.8864649615742,35.7739881639631],[-80.8864655132707,35.7739853517277],[-80.8864666451803,35.7739826576185],[-80.8864683248504,35.7739801605693],[-80.8864705030935,35.7739779334625],[-80.8864731150515,35.7739760413098],[-80.8864760846183,35.7739745411834],[-80.8864793253782,35.7739734749896],[-80.8865647667904,35.7739750283246],[-80.8866046716669,35.7739071306672],[-80.8866051635189,35.7739038397555],[-80.886604960188,35.7739005289606],[-80.8866040672405,35.7738972946575],[-80.8866025112334,35.7738942319948],[-80.8866003373962,35.7738914304227],[-80.8865976084628,35.7738889710066],[-80.8865944057986,35.7738869273116],[-80.8865908225965,35.773885358295],[-80.8865869628346,35.7738843110278],[-80.8865829411081,35.7738838134847],[-80.8865788739719,35.773883882792],[-80.8865748808354,35.7738845161987],[-80.8865710785395,35.7738856956678],[-80.8865675790811,35.7738873852073],[-80.8865644842106,35.7738895363628],[-80.8865618842624,35.7738920855312],[-80.886559854964,35.7738949594186],[-80.8865584573727,35.7738980723378],[-80.8865577314296,35.7739013344208],[-80.8865647667904,35.7739750283246]]},"properties":{"id":"arcgis-164-2-d06b93b45d2e48cf","sourceId":"arcgis-164-2","source":"Fiber_Layer_AGOL \u2014 Statesville_Fiber_Extras","sourceUrl":"https://services2.arcgis.com/WbGEgSzGTEPg4fr6/arcgis/rest/services/Fiber_Layer_AGOL/FeatureServer/2","name":"Fiber_Layer_AGOL \u2014 Statesville_Fiber_Extras","carrier":"Not published","routeStatus":"Unknown","category":"unknown","evidence":"agency_route","dataDate":null,"metadataModified":"2023-12-22T14:55:19+00:00","retrievedAt":"2026-09-18T02:37:01.936831+00:00","networkType":"Published fiber route; network class not specified","serviceability":"Unconfirmed","routeDiversity":"Unconfirmed","states":["NC"]},"bbox":[-80.8866051635189,35.7738838134847,-80.8864649615742,35.7740059574205]},{"type":"Feature","geometry":{"type":"LineString","coordinates":[[-80.8821024307445,35.7747303679794],[-80.8821133840908,35.7747902877888],[-80.8821133645489,35.7747925382529],[-80.8821128829011,35.7747947543882],[-80.8821119543092,35.774796874658],[-80.882110603909,35.774798838273],[-80.8821088702319,35.7748005896456],[-80.882106801972,35.7748020820467],[-80.8821044578181,35.7748032703955],[-80.8821019012177,35.7748041239618],[-80.8820992068027,35.7748046172517],[-80.8820964494988,35.7748047373878],[-80.882093705547,35.7748044804875],[-80.882091052546,35.7748038534652],[-80.8820885661341,35.774802874084],[-80.8820863144396,35.7748015701392],[-80.8820843624827,35.7747999784896],[-80.8820827632661,35.7747981424899],[-80.8820815633879,35.7747961155107],[-80.8820807962389,35.7747939538308],[-80.8820804820234,35.7747917175391],[-80.882080631077,35.7747894704829],[-80.8820812381905,35.7747872740452],[-80.8821024307445,35.7747303679794],[-80.8821242967442,35.7746726437515],[-80.8821243790767,35.7746700966226],[-80.8821239309773,35.7746675739175],[-80.8821229641392,35.7746651502803],[-80.8821215067175,35.7746628946922],[-80.8821196023073,35.7746608740924],[-80.8821173042048,35.7746591444524],[-80.8821146800193,35.7746577588178],[-80.8821118058503,35.7746567547776],[-80.8821087642439,35.7746561617074],[-80.8821056430446,35.7746559989845],[-80.8821025330163,35.7746562688124],[-80.8820995247129,35.7746569643827],[-80.8820967039505,35.7746580654379],[-80.8820941529553,35.774659540056],[-80.8820919459604,35.7746613456208],[-80.8820901470161,35.7746634297565],[-80.8820888067344,35.7746657330832],[-80.8820879655652,35.7746681873628],[-80.8820876462226,35.7746707228282],[-80.8821024307445,35.7747303679794]]},"properties":{"id":"arcgis-164-2-8d7095d66217c74d","sourceId":"arcgis-164-2","source":"Fiber_Layer_AGOL \u2014 Statesville_Fiber_Extras","sourceUrl":"https://services2.arcgis.com/WbGEgSzGTEPg4fr6/arcgis/rest/services/Fiber_Layer_AGOL/FeatureServer/2","name":"Fiber_Layer_AGOL \u2014 Statesville_Fiber_Extras","carrier":"Not published","routeStatus":"Unknown","category":"unknown","evidence":"agency_route","dataDate":null,"metadataModified":"2023-12-22T14:55:19+00:00","retrievedAt":"2026-09-18T02:37:01.936831+00:00","networkType":"Published fiber route; network class not specified","serviceability":"Unconfirmed","routeDiversity":"Unconfirmed","states":["NC"]},"bbox":[-80.8821243790767,35.7746559989845,-80.8820804820234,35.7748047373878]},{"type":"Feature","geometry":{"type":"LineString","coordinates":[[-80.883000199064,35.7796316752569],[-80.8830427108781,35.7796856370407],[-80.8830437939989,35.7796875576545],[-80.8830444678419,35.7796895987914],[-80.8830447134406,35.7796917029995],[-80.8830445238821,35.7796938110519],[-80.8830439045018,35.7796958636131],[-80.8830428727334,35.7796978029101],[-80.883041457618,35.7796995743572],[-80.8830396989867,35.7797011280938],[-80.8830376463397,35.7797024203869],[-80.8830353574528,35.7797034148622],[-80.8830328967511,35.7797040835285],[-80.8830303334959,35.7797044075647],[-80.8830277398352,35.7797043778502],[-80.8830251887726,35.7797039952214],[-80.8830227521127,35.779703270448],[-80.8830204984402,35.7797022239304],[-80.8830184911891,35.7797008851248],[-80.8830167868574,35.7796992917144],[-80.8830154334168,35.7796974885491],[-80.8830144689626,35.7796955263823],[-80.8830139206412,35.7796934604431],[-80.883000199064,35.7796316752569],[-80.8829922187967,35.7795779660938],[-80.882990866979,35.7795758970335],[-80.8829891111586,35.7795740403309],[-80.8829870003805,35.779572447849],[-80.8829845936048,35.7795711640703],[-80.8829819580593,35.7795702248543],[-80.8829791673624,35.7795696564359],[-80.8829762994658,35.7795694746926],[-80.882973434478,35.779569684701],[-80.8829706524261,35.779570280595],[-80.8829680310206,35.7795712457297],[-80.8829656434847,35.7795725531461],[-80.8829635565089,35.7795741663243],[-80.8829618283883,35.7795760402039],[-80.8829605073942,35.7795781224421],[-80.8829596304257,35.7795803548763],[-80.882959221979,35.7795826751481],[-80.8829592934633,35.779585018446],[-80.8829598428817,35.7795873193151],[-80.883000199064,35.7796316752569]]},"properties":{"id":"arcgis-164-2-9dae410d84f01b9e","sourceId":"arcgis-164-2","source":"Fiber_Layer_AGOL \u2014 Statesville_Fiber_Extras","sourceUrl":"https://services2.arcgis.com/WbGEgSzGTEPg4fr6/arcgis/rest/services/Fiber_Layer_AGOL/FeatureServer/2","name":"Fiber_Layer_AGOL \u2014 Statesville_Fiber_Extras","carrier":"Not published","routeStatus":"Unknown","category":"unknown","evidence":"agency_route","dataDate":null,"metadataModified":"2023-12-22T14:55:19+00:00","retrievedAt":"2026-09-18T02:37:01.936831+00:00","networkType":"Published fiber route; network class not specified","serviceability":"Unconfirmed","routeDiversity":"Unconfirmed","states":["NC"]},"bbox":[-80.8830447134406,35.7795694746926,-80.882959221979,35.7797044075647]},{"type":"Feature","geometry":{"type":"LineString","coordinates":[[-80.8859149135934,35.7803122429632],[-80.8859178178183,35.780311251417],[-80.8859204831635,35.780309884035],[-80.8859228363723,35.7803081780118],[-80.8859248132873,35.7803061812189],[-80.8859263609161,35.7803039458628],[-80.8859274364501,35.7803015339085],[-80.8859280104365,35.7802990107207],[-80.8859280678832,35.7802964450459],[-80.8859276070906,35.7802939063265],[-80.8859266407359,35.7802914637821],[-80.8859251947257,35.7802891846245],[-80.8859233080904,35.780287129552],[-80.8859210330265,35.7802853545512],[-80.8859184315368,35.7802839091464],[-80.8859155731136,35.7802828319282],[-80.885912536971,35.7802821514197],[-80.8859094043251,35.780281887098],[-80.8859062804825,35.7802823799053],[-80.885903302503,35.7802832923591],[-80.8859005550177,35.7802846006116],[-80.885898117919,35.7802862673654],[-80.8858960586607,35.7802882437966],[-80.8858944368081,35.7802904748925],[-80.8858932995303,35.7802928959159],[-80.8858926773234,35.7802954387817],[-80.8858925883919,35.7802980301861],[-80.8858930365637,35.7803005970478],[-80.8858940079505,35.7803030656582],[-80.8858954754771,35.7803053661191],[-80.8858973966901,35.7803074332779],[-80.8858997170761,35.7803092066759],[-80.8859023713147,35.7803106368402],[-80.8859052821299,35.780311683498],[-80.8859083680326,35.7803123154564],[-80.8859115401281,35.7803125160619],[-80.885914708647,35.7803122785906]]},"properties":{"id":"arcgis-164-2-8a95985d492a1743","sourceId":"arcgis-164-2","source":"Fiber_Layer_AGOL \u2014 Statesville_Fiber_Extras","sourceUrl":"https://services2.arcgis.com/WbGEgSzGTEPg4fr6/arcgis/rest/services/Fiber_Layer_AGOL/FeatureServer/2","name":"Fiber_Layer_AGOL \u2014 Statesville_Fiber_Extras","carrier":"Not published","routeStatus":"Unknown","category":"unknown","evidence":"agency_route","dataDate":null,"metadataModified":"2023-12-22T14:55:19+00:00","retrievedAt":"2026-09-18T02:37:01.936831+00:00","networkType":"Published fiber route; network class not specified","serviceability":"Unconfirmed","routeDiversity":"Unconfirmed","states":["NC"]},"bbox":[-80.8859280678832,35.780281887098,-80.8858925883919,35.7803125160619]},{"type":"Feature","geometry":{"type":"LineString","coordinates":[[-80.8859543363065,35.7803078697081],[-80.8859571612752,35.7803099318883],[-80.885960380074,35.7803115660658],[-80.8859638975221,35.7803127232301],[-80.8859676065677,35.7803133671752],[-80.8859713972615,35.7803134797704],[-80.8859751544606,35.7803130573892],[-80.8859787645065,35.7803121126097],[-80.8859821218393,35.7803106732099],[-80.8859851235103,35.780308784056],[-80.8859876789881,35.7803065006402],[-80.8859897124338,35.7803038917497],[-80.8859911626166,35.7803010358622],[-80.8859919850839,35.7802980193089],[-80.8859921564796,35.7802949317006],[-80.8859916712478,35.7802918668801],[-80.8859905436762,35.7802889156781],[-80.8859883847659,35.7802865709312],[-80.8859857798007,35.7802845495192],[-80.885982798693,35.7802829080562],[-80.8859795254803,35.7802816921191],[-80.8859760505412,35.7802809345659],[-80.8859724695318,35.7802806573548],[-80.8859688810688,35.7802808670723],[-80.8859653857077,35.7802815585557],[-80.885962078138,35.7802827123086],[-80.8859590516491,35.7802842962356],[-80.885956389325,35.7802862675809],[-80.885954164002,35.7802885711264],[-80.8859524383742,35.7802911436978],[-80.8859512594425,35.7802939133481],[-80.8859506608314,35.7802968038303],[-80.8859506572598,35.7802997346825],[-80.8859512501964,35.7803026265494],[-80.885952423352,35.7803053976461],[-80.8859541439744,35.7803079718517]]},"properties":{"id":"arcgis-164-2-6d6cb5bbe89da29b","sourceId":"arcgis-164-2","source":"Fiber_Layer_AGOL \u2014 Statesville_Fiber_Extras","sourceUrl":"https://services2.arcgis.com/WbGEgSzGTEPg4fr6/arcgis/rest/services/Fiber_Layer_AGOL/FeatureServer/2","name":"Fiber_Layer_AGOL \u2014 Statesville_Fiber_Extras","carrier":"Not published","routeStatus":"Unknown","category":"unknown","evidence":"agency_route","dataDate":null,"metadataModified":"2023-12-22T14:55:19+00:00","retrievedAt":"2026-09-18T02:37:01.936831+00:00","networkType":"Published fiber route; network class not specified","serviceability":"Unconfirmed","routeDiversity":"Unconfirmed","states":["NC"]},"bbox":[-80.8859921564796,35.7802806573548,-80.8859506572598,35.7803134797704]},{"type":"Feature","geometry":{"type":"LineString","coordinates":[[-80.8861410030486,35.781804673581],[-80.8860567311209,35.7818236885048],[-80.8860538356395,35.781823728829],[-80.8860509737494,35.7818233593493],[-80.8860482353269,35.7818225912954],[-80.8860457016737,35.7818214477489],[-80.8860434488139,35.7818199626917],[-80.8860415475363,35.7818181828074],[-80.8860400532721,35.7818161604267],[-80.8860390117304,35.7818139579472],[-80.8860384554328,35.7818116415769],[-80.8860384003957,35.7818092813852],[-80.8860388483004,35.7818069494667],[-80.8860397864084,35.7818047163358],[-80.8860411853082,35.7818026491596],[-80.886043002212,35.7818008108043],[-80.8860451842309,35.7817992579821],[-80.886047662741,35.781798036831],[-80.8860503633574,35.7817971836613],[-80.886053205955,35.7817967258573],[-80.8860561012253,35.7817966765213],[-80.8861410030486,35.781804673581],[-80.8862388485664,35.7817858414703],[-80.8862415206689,35.7817841927082],[-80.8862438186948,35.7817822062648],[-80.8862456786119,35.781779935419],[-80.886247051039,35.7817774449424],[-80.886247896632,35.7817748030573],[-80.8862481905507,35.7817720831702],[-80.8862479257131,35.7817693611174],[-80.8862471105411,35.7817667133964],[-80.8862457655175,35.7817642118105],[-80.8862439299257,35.7817619278718],[-80.8862416539199,35.7817599248107],[-80.8862390007151,35.78175825664],[-80.8862360444598,35.7817569717945],[-80.886232867814,35.7817561041528],[-80.8862295576721,35.7817556794146],[-80.8862262072279,35.7817557087578],[-80.8862229094021,35.7817561916451],[-80.8862197556942,35.7817571140386],[-80.8861410030486,35.781804673581]]},"properties":{"id":"arcgis-164-2-15d6330a40e26bf8","sourceId":"arcgis-164-2","source":"Fiber_Layer_AGOL \u2014 Statesville_Fiber_Extras","sourceUrl":"https://services2.arcgis.com/WbGEgSzGTEPg4fr6/arcgis/rest/services/Fiber_Layer_AGOL/FeatureServer/2","name":"Fiber_Layer_AGOL \u2014 Statesville_Fiber_Extras","carrier":"Not published","routeStatus":"Unknown","category":"unknown","evidence":"agency_route","dataDate":null,"metadataModified":"2023-12-22T14:55:19+00:00","retrievedAt":"2026-09-18T02:37:01.936831+00:00","networkType":"Published fiber route; network class not specified","serviceability":"Unconfirmed","routeDiversity":"Unconfirmed","states":["NC"]},"bbox":[-80.8862481905507,35.7817556794146,-80.8860384003957,35.781823728829]},{"type":"Feature","geometry":{"type":"LineString","coordinates":[[-80.8846893813261,35.7829094244407],[-80.8846893904622,35.7829122378974],[-80.8846888289554,35.7829150142061],[-80.8846877115891,35.7829176756089],[-80.8846860698833,35.7829201503991],[-80.8846839476074,35.7829223702865],[-80.8846814052676,35.7829242730326],[-80.8846785113635,35.7829258070933],[-80.8846753456648,35.7829269297652],[-80.8846719959767,35.7829276108415],[-80.8846685536953,35.7829278317796],[-80.8846651148927,35.7829275847826],[-80.8846617727011,35.782926878326],[-80.8846586204834,35.7829257307985],[-80.8846557441971,35.7829241751276],[-80.8846532233526,35.7829222524536],[-80.8846511267158,35.7829200176062],[-80.8846502489365,35.7829173401936],[-80.8846499334775,35.7829145801575],[-80.8846501899283,35.7829118166822],[-80.8846510112471,35.7829091274059],[-80.8846523737607,35.7829065884213],[-80.8846542381862,35.7829042706538],[-80.8846565540763,35.7829022406935],[-80.8846592541841,35.7829005563757],[-80.8846622632269,35.7828992630389],[-80.8846654947157,35.7828983998845],[-80.8846688584443,35.7828979890427],[-80.8846722584878,35.7828980446187],[-80.8846755996073,35.782898562677],[-80.88467878746,35.782899530253],[-80.8846817306427,35.78290091811],[-80.8846843464321,35.7829026896645],[-80.8846865616805,35.782904791958],[-80.88468831311,35.7829071682732],[-80.8846895515259,35.7829097490538]]},"properties":{"id":"arcgis-164-2-89065b08ba80f112","sourceId":"arcgis-164-2","source":"Fiber_Layer_AGOL \u2014 Statesville_Fiber_Extras","sourceUrl":"https://services2.arcgis.com/WbGEgSzGTEPg4fr6/arcgis/rest/services/Fiber_Layer_AGOL/FeatureServer/2","name":"Fiber_Layer_AGOL \u2014 Statesville_Fiber_Extras","carrier":"Not published","routeStatus":"Unknown","category":"unknown","evidence":"agency_route","dataDate":null,"metadataModified":"2023-12-22T14:55:19+00:00","retrievedAt":"2026-09-18T02:37:01.936831+00:00","networkType":"Published fiber route; network class not specified","serviceability":"Unconfirmed","routeDiversity":"Unconfirmed","states":["NC"]},"bbox":[-80.8846895515259,35.7828979890427,-80.8846499334775,35.7829278317796]},{"type":"Feature","geometry":{"type":"LineString","coordinates":[[-80.8847112759247,35.7829561280362],[-80.8847119921794,35.7829587105849],[-80.8847121732588,35.7829613537013],[-80.884711815271,35.782963985325],[-80.8847109264476,35.7829665314053],[-80.8847095328418,35.7829689230246],[-80.884707672735,35.7829710937808],[-80.8847053967009,35.7829729824905],[-80.8847027688574,35.7829745394805],[-80.8846998600632,35.7829757194804],[-80.8846967525519,35.782976490567],[-80.8846935310207,35.7829768315965],[-80.8846902837581,35.7829767330895],[-80.8846871015583,35.7829761981488],[-80.8846840721496,35.7829752407425],[-80.8846812802575,35.7829738884081],[-80.8846788008427,35.7829721769474],[-80.884676703651,35.7829701557658],[-80.8846750452407,35.7829678780784],[-80.8846740862906,35.78296523077],[-80.8846737048296,35.7829624870808],[-80.8846739116793,35.7829597315849],[-80.8846747010089,35.7829570464094],[-80.884676048186,35.7829545139725],[-80.8846779140119,35.782952208804],[-80.8846802404025,35.7829502021199],[-80.8846829579408,35.7829485535922],[-80.8846859859405,35.782947314052],[-80.8846892301076,35.7829465201167],[-80.884692594727,35.7829461949035],[-80.8846959782811,35.7829463498995],[-80.8846992766623,35.7829469804051],[-80.8847023920414,35.7829480662976],[-80.8847052296137,35.7829495747867],[-80.8847077031487,35.7829514612298],[-80.8847097393728,35.7829536672613],[-80.8847112759247,35.7829561280362]]},"properties":{"id":"arcgis-164-2-b532be98ba0a2347","sourceId":"arcgis-164-2","source":"Fiber_Layer_AGOL \u2014 Statesville_Fiber_Extras","sourceUrl":"https://services2.arcgis.com/WbGEgSzGTEPg4fr6/arcgis/rest/services/Fiber_Layer_AGOL/FeatureServer/2","name":"Fiber_Layer_AGOL \u2014 Statesville_Fiber_Extras","carrier":"Not published","routeStatus":"Unknown","category":"unknown","evidence":"agency_route","dataDate":null,"metadataModified":"2023-12-22T14:55:19+00:00","retrievedAt":"2026-09-18T02:37:01.936831+00:00","networkType":"Published fiber route; network class not specified","serviceability":"Unconfirmed","routeDiversity":"Unconfirmed","states":["NC"]},"bbox":[-80.8847121732588,35.7829461949035,-80.8846737048296,35.7829768315965]},{"type":"Feature","geometry":{"type":"LineString","coordinates":[[-80.8855964602459,35.7844766431915],[-80.8855908335929,35.7844763291168],[-80.885585361111,35.7844752247403],[-80.8855802061995,35.7844733626911],[-80.8855755261684,35.7844707991323],[-80.8855714633477,35.7844676120947],[-80.885568141707,35.784463898825],[-80.8855656623473,35.7844597722495],[-80.885564100099,35.7844553574207],[-80.8855635012469,35.7844507888479],[-80.8855638867222,35.7844462050389],[-80.8855652420643,35.7844417450493],[-80.8855675283972,35.7844375447066],[-80.8855706734553,35.7844337313399],[-80.8855745848128,35.7844304217725],[-80.8855791419746,35.7844277152321],[-80.8855842063714,35.7844256949988],[-80.8855896245101,35.784424421145],[-80.8855952313752,35.7844239340879],[-80.8856008568975,35.7844242472783],[-80.8856063305032,35.7844253525383],[-80.8856114854123,35.7844272145864],[-80.885616165442,35.7844297781438],[-80.8856202271356,35.7844329642959],[-80.8856235487774,35.7844366775642],[-80.8856260281393,35.7844408041385],[-80.8856275914967,35.7844452189494],[-80.8856281892463,35.784449787539],[-80.8856278049017,35.7844543722323],[-80.8856264484358,35.7844588313385],[-80.8856241632324,35.7844630325664],[-80.8856210170487,35.7844668450503],[-80.8856171068183,35.7844701555033],[-80.8856125496554,35.784472862045],[-80.8856074852564,35.7844748822794],[-80.8856020670936,35.7844761552329],[-80.8855964602459,35.7844766431915]]},"properties":{"id":"arcgis-164-2-503b3feda720d5e0","sourceId":"arcgis-164-2","source":"Fiber_Layer_AGOL \u2014 Statesville_Fiber_Extras","sourceUrl":"https://services2.arcgis.com/WbGEgSzGTEPg4fr6/arcgis/rest/services/Fiber_Layer_AGOL/FeatureServer/2","name":"Fiber_Layer_AGOL \u2014 Statesville_Fiber_Extras","carrier":"Not published","routeStatus":"Unknown","category":"unknown","evidence":"agency_route","dataDate":null,"metadataModified":"2023-12-22T14:55:19+00:00","retrievedAt":"2026-09-18T02:37:01.936831+00:00","networkType":"Published fiber route; network class not specified","serviceability":"Unconfirmed","routeDiversity":"Unconfirmed","states":["NC"]},"bbox":[-80.8856281892463,35.7844239340879,-80.8855635012469,35.7844766431915]},{"type":"Feature","geometry":{"type":"LineString","coordinates":[[-80.8856249354704,35.7845355899605],[-80.8856189111127,35.7845352540967],[-80.885613049577,35.7845340719036],[-80.8856075297888,35.7845320775733],[-80.8856025180112,35.7845293316376],[-80.8855981678022,35.7845259191656],[-80.8855946110206,35.7845219435925],[-80.8855919555505,35.78451752405],[-80.8855902820043,35.7845127963191],[-80.8855896413011,35.7845079038525],[-80.885590053497,35.7845029950881],[-80.8855915054688,35.7844982189773],[-80.8855939530415,35.7844937213462],[-80.8855973219266,35.7844896376688],[-80.8856015099336,35.7844860930331],[-80.8856063901204,35.7844831948801],[-80.8856118140688,35.7844810311499],[-80.8856176162459,35.7844796675103],[-80.8856236205974,35.7844791454511],[-80.885629644951,35.7844794813147],[-80.885635506504,35.7844806644082],[-80.8856410262893,35.7844826587373],[-80.8856460380444,35.7844854037702],[-80.8856503882532,35.7844888162406],[-80.8856539450571,35.7844927927133],[-80.8856566005088,35.7844972113533],[-80.8856582740585,35.7845019390833],[-80.8856589147659,35.7845068315496],[-80.8856585025951,35.7845117412154],[-80.885657050606,35.7845165164258],[-80.8856546030571,35.7845210149593],[-80.8856512341736,35.7845250986382],[-80.8856470461668,35.7845286432756],[-80.8856421659787,35.7845315414302],[-80.8856367420277,35.7845337051616],[-80.8856309398471,35.7845350688021],[-80.8856249354704,35.7845355899605]]},"properties":{"id":"arcgis-164-2-b1f946a7e4673bbc","sourceId":"arcgis-164-2","source":"Fiber_Layer_AGOL \u2014 Statesville_Fiber_Extras","sourceUrl":"https://services2.arcgis.com/WbGEgSzGTEPg4fr6/arcgis/rest/services/Fiber_Layer_AGOL/FeatureServer/2","name":"Fiber_Layer_AGOL \u2014 Statesville_Fiber_Extras","carrier":"Not published","routeStatus":"Unknown","category":"unknown","evidence":"agency_route","dataDate":null,"metadataModified":"2023-12-22T14:55:19+00:00","retrievedAt":"2026-09-18T02:37:01.936831+00:00","networkType":"Published fiber route; network class not specified","serviceability":"Unconfirmed","routeDiversity":"Unconfirmed","states":["NC"]},"bbox":[-80.8856589147659,35.7844791454511,-80.8855896413011,35.7845355899605]},{"type":"Feature","geometry":{"type":"LineString","coordinates":[[-80.8871935267165,35.7868124229264],[-80.8871867665883,35.7868120471501],[-80.8871801900364,35.7868107192453],[-80.8871739950046,35.7868084821223],[-80.8871683722412,35.786805402242],[-80.8871634909841,35.7868015725421],[-80.8871595000453,35.7867971115192],[-80.8871565198381,35.7867921534349],[-80.8871546423973,35.7867868492182],[-80.8871539234696,35.7867813593745],[-80.8871543857684,35.7867758512319],[-80.8871560155084,35.7867704926839],[-80.8871587611526,35.7867654458981],[-80.8871625410704,35.7867608635918],[-80.8871672401559,35.7867568863797],[-80.8871727162759,35.7867536345607],[-80.887178801354,35.7867512071994],[-80.8871853111983,35.7867496765651],[-80.8871920489047,35.7867490916848],[-80.8871988090277,35.7867494674607],[-80.887205385575,35.7867507953645],[-80.8872115794973,35.7867530325031],[-80.8872172033646,35.7867561123644],[-80.8872220846215,35.7867599420621],[-80.8872260755619,35.7867644030831],[-80.8872290546664,35.7867693611828],[-80.8872309332177,35.7867746653813],[-80.8872316510445,35.7867801552417],[-80.8872311887509,35.7867856633845],[-80.8872295601216,35.7867910219163],[-80.887226814481,35.7867960687037],[-80.8872230334592,35.7868006510291],[-80.8872183343738,35.7868046282433],[-80.8872128593582,35.7868078800472],[-80.887206774277,35.7868103074101],[-80.8872002633222,35.7868118380627],[-80.8871935267165,35.7868124229264]]},"properties":{"id":"arcgis-164-2-4a09d824eba86e8c","sourceId":"arcgis-164-2","source":"Fiber_Layer_AGOL \u2014 Statesville_Fiber_Extras","sourceUrl":"https://services2.arcgis.com/WbGEgSzGTEPg4fr6/arcgis/rest/services/Fiber_Layer_AGOL/FeatureServer/2","name":"Fiber_Layer_AGOL \u2014 Statesville_Fiber_Extras","carrier":"Not published","routeStatus":"Unknown","category":"unknown","evidence":"agency_route","dataDate":null,"metadataModified":"2023-12-22T14:55:19+00:00","retrievedAt":"2026-09-18T02:37:01.936831+00:00","networkType":"Published fiber route; network class not specified","serviceability":"Unconfirmed","routeDiversity":"Unconfirmed","states":["NC"]},"bbox":[-80.8872316510445,35.7867490916848,-80.8871539234696,35.7868124229264]},{"type":"Feature","geometry":{"type":"LineString","coordinates":[[-80.8872777076338,35.78679090796],[-80.8872703858098,35.7867905003227],[-80.8872632612369,35.7867890628155],[-80.8872565517881,35.7867866389411],[-80.8872504605463,35.7867833021815],[-80.8872451724649,35.7867791551473],[-80.8872408486695,35.7867743224546],[-80.8872376209489,35.7867689517116],[-80.8872355871417,35.7867632054766],[-80.8872348088612,35.7867572585885],[-80.8872353091573,35.7867512927941],[-80.8872370734123,35.7867454877192],[-80.8872400482137,35.7867400199847],[-80.8872441434403,35.786735057765],[-80.8872492330948,35.7867307490557],[-80.8872551642571,35.7867272260424],[-80.8872617568738,35.786724596089],[-80.8872688081197,35.7867229389655],[-80.8872761067333,35.786722304823],[-80.8872834296571,35.7867227124427],[-80.8872905542246,35.7867241499488],[-80.8872972636693,35.7867265738214],[-80.8873033549087,35.7867299105788],[-80.8873086418839,35.7867340576277],[-80.8873129656811,35.786738890318],[-80.8873161934266,35.7867442619601],[-80.887318227218,35.7867500072927],[-80.8873190055046,35.7867559541803],[-80.8873185052356,35.7867619208762],[-80.8873167409861,35.7867677259523],[-80.8873137661678,35.7867731927874],[-80.8873096709646,35.7867781559106],[-80.8873045812894,35.7867824637211],[-80.8872986501252,35.7867859867368],[-80.8872920586106,35.786788616675],[-80.8872850062535,35.7867902738169],[-80.8872777076338,35.78679090796]]},"properties":{"id":"arcgis-164-2-4aed76daf87a960d","sourceId":"arcgis-164-2","source":"Fiber_Layer_AGOL \u2014 Statesville_Fiber_Extras","sourceUrl":"https://services2.arcgis.com/WbGEgSzGTEPg4fr6/arcgis/rest/services/Fiber_Layer_AGOL/FeatureServer/2","name":"Fiber_Layer_AGOL \u2014 Statesville_Fiber_Extras","carrier":"Not published","routeStatus":"Unknown","category":"unknown","evidence":"agency_route","dataDate":null,"metadataModified":"2023-12-22T14:55:19+00:00","retrievedAt":"2026-09-18T02:37:01.936831+00:00","networkType":"Published fiber route; network class not specified","serviceability":"Unconfirmed","routeDiversity":"Unconfirmed","states":["NC"]},"bbox":[-80.8873190055046,35.786722304823,-80.8872348088612,35.78679090796]},{"type":"Feature","geometry":{"type":"LineString","coordinates":[[-80.8884910551122,35.7869322205105],[-80.8885381620778,35.7869668111896],[-80.8885394093061,35.7869681504218],[-80.8885403508053,35.7869696638766],[-80.8885409623808,35.7869713104597],[-80.888541224115,35.7869730427003],[-80.8885411304685,35.7869748129044],[-80.8885406836228,35.7869765723569],[-80.8885398967779,35.786978270369],[-80.888538790981,35.7869798606377],[-80.8885373961692,35.786981298525],[-80.8885357534456,35.7869825437276],[-80.8885339084631,35.7869835612805],[-80.8885319103826,35.7869843242779],[-80.8885298172969,35.7869848092817],[-80.8885276875306,35.7869850027665],[-80.8885255796605,35.7869849020213],[-80.8885235523268,35.7869845070385],[-80.8885216633583,35.7869838304442],[-80.8885199640736,35.7869828903744],[-80.8885185026842,35.7869817140284],[-80.8885173208702,35.7869803332141],[-80.8884910551122,35.7869322205105],[-80.8884593520758,35.7868958431376],[-80.8884576170039,35.7868947918351],[-80.8884556681261,35.786894013397],[-80.8884535602267,35.786893532216],[-80.8884513521979,35.7868933590988],[-80.8884491072933,35.7868935020799],[-80.8884468906629,35.7868939556418],[-80.8884447628429,35.786894706225],[-80.8884427864345,35.7868957339275],[-80.8884410182773,35.7868970090199],[-80.8884395050884,35.786898494718],[-80.8884382934587,35.7869001488302],[-80.8884374165804,35.7869019239638],[-80.8884368976709,35.786903771979],[-80.8884367542697,35.7869056385139],[-80.8884369873476,35.7869074703644],[-80.8884375945991,35.7869092161806],[-80.8884385538315,35.7869108258222],[-80.8884398418513,35.7869122536721],[-80.8884414201068,35.7869134597601],[-80.8884432435367,35.786914409626],[-80.8884910551122,35.7869322205105]]},"properties":{"id":"arcgis-164-2-77805f0500eca749","sourceId":"arcgis-164-2","source":"Fiber_Layer_AGOL \u2014 Statesville_Fiber_Extras","sourceUrl":"https://services2.arcgis.com/WbGEgSzGTEPg4fr6/arcgis/rest/services/Fiber_Layer_AGOL/FeatureServer/2","name":"Fiber_Layer_AGOL \u2014 Statesville_Fiber_Extras","carrier":"Not published","routeStatus":"Unknown","category":"unknown","evidence":"agency_route","dataDate":null,"metadataModified":"2023-12-22T14:55:19+00:00","retrievedAt":"2026-09-18T02:37:01.936831+00:00","networkType":"Published fiber route; network class not specified","serviceability":"Unconfirmed","routeDiversity":"Unconfirmed","states":["NC"]},"bbox":[-80.888541224115,35.7868933590988,-80.8884367542697,35.7869850027665]},{"type":"Feature","geometry":{"type":"LineString","coordinates":[[-80.8897798859294,35.787767681672],[-80.8897757170097,35.7877674497483],[-80.8897716605111,35.7877666310039],[-80.8897678398346,35.7877652505698],[-80.8897643721455,35.787763350802],[-80.8897613605882,35.7877609896],[-80.8897588997749,35.787758238518],[-80.889757061344,35.7877551802846],[-80.8897559039138,35.7877519086486],[-80.8897554596847,35.7877485231774],[-80.8897557454352,35.7877451263824],[-80.8897567491876,35.7877418212209],[-80.8897584434163,35.7877387081869],[-80.8897607750309,35.7877358827618],[-80.8897636729706,35.7877334289865],[-80.8897670494158,35.7877314239497],[-80.8897708028325,35.7877299260211],[-80.8897748181614,35.7877289829624],[-80.889778973202,35.7877286210097],[-80.8897831432468,35.7877288538174],[-80.8897871986165,35.7877296716773],[-80.8897910192916,35.7877310521109],[-80.889794488086,35.7877329518607],[-80.8897974985372,35.7877353130791],[-80.8897999604571,35.7877380641432],[-80.8898017977833,35.7877411223931],[-80.8898029563211,35.7877443940115],[-80.8898033994463,35.7877477794996],[-80.8898031148248,35.7877511771788],[-80.8898021099471,35.7877544814567],[-80.8898004157197,35.7877575944913],[-80.889798085233,35.7877604208012],[-80.8897951861664,35.7877628736932],[-80.8897918097205,35.7877648787308],[-80.8897880563026,35.78776637666],[-80.889784040993,35.7877673206203],[-80.8897798859294,35.787767681672]]},"properties":{"id":"arcgis-164-2-8f83eab080e8970f","sourceId":"arcgis-164-2","source":"Fiber_Layer_AGOL \u2014 Statesville_Fiber_Extras","sourceUrl":"https://services2.arcgis.com/WbGEgSzGTEPg4fr6/arcgis/rest/services/Fiber_Layer_AGOL/FeatureServer/2","name":"Fiber_Layer_AGOL \u2014 Statesville_Fiber_Extras","carrier":"Not published","routeStatus":"Unknown","category":"unknown","evidence":"agency_route","dataDate":null,"metadataModified":"2023-12-22T14:55:19+00:00","retrievedAt":"2026-09-18T02:37:01.936831+00:00","networkType":"Published fiber route; network class not specified","serviceability":"Unconfirmed","routeDiversity":"Unconfirmed","states":["NC"]},"bbox":[-80.8898033994463,35.7877286210097,-80.8897554596847,35.787767681672]},{"type":"Feature","geometry":{"type":"LineString","coordinates":[[-80.8949991985615,35.7842443197823],[-80.8949277050169,35.7842870977713],[-80.8949252959066,35.7842881620628],[-80.894922700562,35.7842888803682],[-80.8949199948315,35.7842892316744],[-80.8949172548376,35.7842892066837],[-80.8949145580414,35.7842888059943],[-80.8949119843692,35.7842880409839],[-80.8949096051317,35.7842869330808],[-80.8949074885538,35.7842855136781],[-80.8949056964782,35.7842838250861],[-80.8949042786868,35.7842819143104],[-80.8949032762831,35.7842798357033],[-80.8949027194372,35.7842776491966],[-80.8949026217928,35.7842754176836],[-80.8949029870397,35.7842732042122],[-80.8949038045113,35.7842710729554],[-80.8949050523965,35.7842690846534],[-80.8949066922102,35.7842672966997],[-80.8949086797474,35.7842657584633],[-80.8949109563195,35.784264515031],[-80.8949134574972,35.7842636025638],[-80.8949991985615,35.7842443197823],[-80.8950891059352,35.7842336653534],[-80.8950920504104,35.7842324070195],[-80.8950946847255,35.7842307550448],[-80.8950969292418,35.7842287575466],[-80.8950987201003,35.7842264750177],[-80.8951000002675,35.7842239759586],[-80.8951007338508,35.7842213339496],[-80.8951008983766,35.784218628673],[-80.8951004890886,35.7842159404367],[-80.8950995178411,35.7842133501922],[-80.8950980129726,35.7842109341265],[-80.8950960215808,35.784208766332],[-80.895093600464,35.784206909932],[-80.8950908239475,35.784205420565],[-80.8950877738444,35.7842043429353],[-80.8950845416476,35.7842037098766],[-80.8950812240208,35.7842035388167],[-80.8950779195863,35.7842038363351],[-80.8950747276921,35.7842045927725],[-80.8949991985615,35.7842443197823]]},"properties":{"id":"arcgis-164-2-7bc93b480d428eca","sourceId":"arcgis-164-2","source":"Fiber_Layer_AGOL \u2014 Statesville_Fiber_Extras","sourceUrl":"https://services2.arcgis.com/WbGEgSzGTEPg4fr6/arcgis/rest/services/Fiber_Layer_AGOL/FeatureServer/2","name":"Fiber_Layer_AGOL \u2014 Statesville_Fiber_Extras","carrier":"Not published","routeStatus":"Unknown","category":"unknown","evidence":"agency_route","dataDate":null,"metadataModified":"2023-12-22T14:55:19+00:00","retrievedAt":"2026-09-18T02:37:01.936831+00:00","networkType":"Published fiber route; network class not specified","serviceability":"Unconfirmed","routeDiversity":"Unconfirmed","states":["NC"]},"bbox":[-80.8951008983766,35.7842035388167,-80.8949026217928,35.7842892316744]},{"type":"Feature","geometry":{"type":"LineString","coordinates":[[-80.8982521742321,35.7832473669404],[-80.8981713143109,35.7832869789036],[-80.8981691786329,35.7832874340883],[-80.8981669806346,35.7832875909437],[-80.8981647799326,35.7832874440331],[-80.8981626418848,35.7832869968457],[-80.8981606265519,35.7832862628696],[-80.8981587919515,35.7832852628371],[-80.8981571907412,35.7832840247759],[-80.8981558669418,35.7832825858632],[-80.8981548601929,35.7832809851478],[-80.8981541981373,35.7832792690774],[-80.8981539007398,35.7832774869237],[-80.8981539747358,35.7832756899677],[-80.8981544201824,35.7832739277914],[-80.8981552228229,35.7832722529045],[-80.8981563593833,35.7832707107449],[-80.8981577988694,35.7832693477726],[-80.8981595001215,35.7832682015906],[-80.8981614130053,35.7832673045329],[-80.8982521742321,35.7832473669404],[-80.8983240626831,35.7832358558901],[-80.8983260741372,35.7832353404344],[-80.898327953229,35.7832345592936],[-80.8983296451466,35.7832335340567],[-80.8983311052224,35.7832322942679],[-80.898332291085,35.7832308730419],[-80.8983331705074,35.7832293114486],[-80.8983337190676,35.783227653141],[-80.8983339212125,35.7832259425355],[-80.8983337714487,35.783224228399],[-80.8983332731091,35.7832225584595],[-80.8983324416922,35.7832209802554],[-80.8983312992058,35.7832195358145],[-80.8983298776109,35.7832182670096],[-80.8983282175261,35.783217207465],[-80.8983263628455,35.7832163889509],[-80.8983243682903,35.7832158331523],[-80.8983222873064,35.7832155545619],[-80.8983201787639,35.7832155630802],[-80.8983181012576,35.7832158568928],[-80.8983161121287,35.7832164278939],[-80.898314267443,35.7832172607858],[-80.8982521742321,35.7832473669404]]},"properties":{"id":"arcgis-164-2-7467400a01e9c564","sourceId":"arcgis-164-2","source":"Fiber_Layer_AGOL \u2014 Statesville_Fiber_Extras","sourceUrl":"https://services2.arcgis.com/WbGEgSzGTEPg4fr6/arcgis/rest/services/Fiber_Layer_AGOL/FeatureServer/2","name":"Fiber_Layer_AGOL \u2014 Statesville_Fiber_Extras","carrier":"Not published","routeStatus":"Unknown","category":"unknown","evidence":"agency_route","dataDate":null,"metadataModified":"2023-12-22T14:55:19+00:00","retrievedAt":"2026-09-18T02:37:01.936831+00:00","networkType":"Published fiber route; network class not specified","serviceability":"Unconfirmed","routeDiversity":"Unconfirmed","states":["NC"]},"bbox":[-80.8983339212125,35.7832155545619,-80.8981539007398,35.7832875909437]},{"type":"Feature","geometry":{"type":"LineString","coordinates":[[-80.904349582755,35.7812091703655],[-80.9042598340765,35.7812564512369],[-80.9042568258986,35.7812569670483],[-80.9042537525363,35.7812570637754],[-80.9042507035285,35.7812567382153],[-80.904247765393,35.7812559998338],[-80.9042450215842,35.7812548689623],[-80.9042425492395,35.7812533795539],[-80.9042404190089,35.7812515719737],[-80.9042386929709,35.7812494984401],[-80.9042374189751,35.7812472177047],[-80.9042366328758,35.7812447959189],[-80.9042363572769,35.7812423003423],[-80.9042366004902,35.7812398020644],[-80.9042373553654,35.7812373733175],[-80.9042386013751,35.7812350820358],[-80.9042403013604,35.7812329946104],[-80.9042424080177,35.7812311694772],[-80.9042448606028,35.7812296580704],[-80.904349582755,35.7812091703655],[-80.9044304760293,35.7812119714853],[-80.9044339249177,35.7812118950264],[-80.9044373083901,35.7812113426917],[-80.9044405272517,35.7812103304564],[-80.9044434892826,35.7812088886104],[-80.9044461080473,35.7812070581717],[-80.9044483073611,35.7812048926187],[-80.9044500256284,35.7812024542173],[-80.9044512102922,35.7811998132053],[-80.9044518277875,35.7811970476374],[-80.9044518622653,35.7811942361926],[-80.9044513101271,35.7811914609646],[-80.9044501887446,35.7811888019159],[-80.9044485298242,35.7811863369824],[-80.9044463814916,35.7811841366306],[-80.9044438072071,35.7811822647771],[-80.9044408801723,35.781180776171],[-80.9044376854781,35.7811797136558],[-80.9044343167657,35.7811791073204],[-80.9044308707399,35.7811789763875],[-80.9044274459136,35.7811793229229],[-80.904349582755,35.7812091703655]]},"properties":{"id":"arcgis-164-2-6827e095e8ef3f33","sourceId":"arcgis-164-2","source":"Fiber_Layer_AGOL \u2014 Statesville_Fiber_Extras","sourceUrl":"https://services2.arcgis.com/WbGEgSzGTEPg4fr6/arcgis/rest/services/Fiber_Layer_AGOL/FeatureServer/2","name":"Fiber_Layer_AGOL \u2014 Statesville_Fiber_Extras","carrier":"Not published","routeStatus":"Unknown","category":"unknown","evidence":"agency_route","dataDate":null,"metadataModified":"2023-12-22T14:55:19+00:00","retrievedAt":"2026-09-18T02:37:01.936831+00:00","networkType":"Published fiber route; network class not specified","serviceability":"Unconfirmed","routeDiversity":"Unconfirmed","states":["NC"]},"bbox":[-80.9044518622653,35.7811789763875,-80.9042363572769,35.7812570637754]},{"type":"Feature","geometry":{"type":"LineString","coordinates":[[-80.9075029774683,35.7827239520906],[-80.907471912069,35.7827793179262],[-80.9074699844576,35.7827813215145],[-80.9074676591528,35.7827830221125],[-80.9074650068519,35.7827843681288],[-80.9074621084605,35.7827853186298],[-80.9074590518389,35.7827858460961],[-80.9074559295052,35.7827859328518],[-80.907452835466,35.7827855774248],[-80.9074498651099,35.782784790041],[-80.9074471064027,35.7827835945654],[-80.9074446442901,35.7827820275311],[-80.9074425528916,35.7827801355576],[-80.9074408955649,35.7827779780538],[-80.9074397224811,35.7827756182414],[-80.9074390707524,35.7827731285614],[-80.9074389576474,35.7827705844702],[-80.9074393882904,35.7827680625161],[-80.9074403479198,35.7827656404597],[-80.9074418094596,35.7827633899443],[-80.9074437280961,35.782761381088],[-80.9075029774683,35.7827239520906],[-80.9075506130399,35.7826953792547],[-80.9075517236044,35.7826931180069],[-80.9075523478264,35.7826907354593],[-80.9075524685409,35.7826883012967],[-80.9075520807916,35.7826858868163],[-80.9075511961261,35.7826835594502],[-80.9075498416182,35.7826813881906],[-80.9075480541461,35.7826794355659],[-80.9075458870504,35.7826777584371],[-80.9075434023061,35.7826764045154],[-80.9075406716299,35.782675412344],[-80.9075377742884,35.7826748122345],[-80.9075347947595,35.7826746208941],[-80.9075318172446,35.782674843315],[-80.9075289301352,35.7826754745068],[-80.9075262148256,35.7826764942632],[-80.9075237525191,35.7826778742675],[-80.907521611977,35.7826795746779],[-80.9075029774683,35.7827239520906]]},"properties":{"id":"arcgis-164-2-cc9a81a35359abd5","sourceId":"arcgis-164-2","source":"Fiber_Layer_AGOL \u2014 Statesville_Fiber_Extras","sourceUrl":"https://services2.arcgis.com/WbGEgSzGTEPg4fr6/arcgis/rest/services/Fiber_Layer_AGOL/FeatureServer/2","name":"Fiber_Layer_AGOL \u2014 Statesville_Fiber_Extras","carrier":"Not published","routeStatus":"Unknown","category":"unknown","evidence":"agency_route","dataDate":null,"metadataModified":"2023-12-22T14:55:19+00:00","retrievedAt":"2026-09-18T02:37:01.936831+00:00","networkType":"Published fiber route; network class not specified","serviceability":"Unconfirmed","routeDiversity":"Unconfirmed","states":["NC"]},"bbox":[-80.9075524685409,35.7826746208941,-80.9074389576474,35.7827859328518]},{"type":"Feature","geometry":{"type":"LineString","coordinates":[[-80.909088605229,35.7798908217829],[-80.9090600723805,35.7799570711165],[-80.9090584404309,35.7799585192769],[-80.9090565146249,35.779959704294],[-80.90905435381,35.7799605882839],[-80.9090520215552,35.7799611459093],[-80.9090495904686,35.7799613598051],[-80.9090471312224,35.7799612243562],[-80.9090447224222,35.7799607419366],[-80.909042433039,35.7799599285941],[-80.9090403355745,35.7799588093362],[-80.9090384905141,35.7799574156695],[-80.9090369564505,35.7799557926525],[-80.9090357776416,35.7799539873717],[-80.9090349908171,35.7799520560468],[-80.9090346194564,35.7799500560063],[-80.909034676044,35.7799480474558],[-80.9090351564966,35.779946091762],[-80.9090360489468,35.7799442486106],[-80.9090887838553,35.7798905620528],[-80.9091254553369,35.7798347878166],[-80.9091256533326,35.7798332395245],[-80.9091256451585,35.7798313933592],[-80.9091252534011,35.779829560418],[-80.9091244904599,35.7798277973017],[-80.9091233773686,35.7798261514606],[-80.9091219474114,35.7798246737591],[-80.9091202403164,35.7798234068472],[-80.9091183077854,35.7798223850733],[-80.9091162047953,35.7798216409317],[-80.9091139926821,35.7798211950973],[-80.9091117348022,35.7798210600997],[-80.9091094987227,35.7798212393876],[-80.9091073474173,35.7798217292694],[-80.9091053457733,35.7798225134024],[-80.9091035497459,35.779823571978],[-80.9091020127592,35.7798248717044],[-80.9091007781992,35.7798263758414],[-80.909099882646,35.779828040543],[-80.9090993526202,35.7798298176135],[-80.909088605229,35.7798908217829]]},"properties":{"id":"arcgis-164-2-72bc2febaed032ff","sourceId":"arcgis-164-2","source":"Fiber_Layer_AGOL \u2014 Statesville_Fiber_Extras","sourceUrl":"https://services2.arcgis.com/WbGEgSzGTEPg4fr6/arcgis/rest/services/Fiber_Layer_AGOL/FeatureServer/2","name":"Fiber_Layer_AGOL \u2014 Statesville_Fiber_Extras","carrier":"Not published","routeStatus":"Unknown","category":"unknown","evidence":"agency_route","dataDate":null,"metadataModified":"2023-12-22T14:55:19+00:00","retrievedAt":"2026-09-18T02:37:01.936831+00:00","networkType":"Published fiber route; network class not specified","serviceability":"Unconfirmed","routeDiversity":"Unconfirmed","states":["NC"]},"bbox":[-80.9091256533326,35.7798210600997,-80.9090346194564,35.7799613598051]},{"type":"Feature","geometry":{"type":"LineString","coordinates":[[-80.9090109748442,35.7791008421662],[-80.9090078686682,35.7791006699772],[-80.9090048473057,35.7791000601278],[-80.9090020019518,35.7790990328249],[-80.9089994173997,35.7790976182926],[-80.9089971743172,35.7790958594407],[-80.9089953403348,35.7790938092998],[-80.9089939711733,35.7790915319055],[-80.9089931082408,35.7790890942222],[-80.908992776569,35.7790865724859],[-80.9089929889824,35.7790840413211],[-80.9089937362723,35.7790815793035],[-80.9089949969588,35.7790792606936],[-80.9089967339514,35.7790771545875],[-80.9089988912745,35.7790753267711],[-80.9090014071675,35.7790738323031],[-80.9090042019413,35.7790727166064],[-80.9090071934186,35.7790720134232],[-80.9090102880442,35.7790717431514],[-80.9090133942404,35.7790719162415],[-80.9090164155806,35.7790725251896],[-80.9090192620398,35.7790735524748],[-80.9090218455067,35.7790749679252],[-80.909024088568,35.7790767258755],[-80.9090259225507,35.7790787760159],[-80.9090272917128,35.7790810534099],[-80.9090281557522,35.7790834910757],[-80.9090284863192,35.7790860128291],[-80.9090282750128,35.7790885439767],[-80.909027526618,35.7790910060119],[-80.9090262659535,35.7790933255233],[-80.9090245300459,35.7790954307113],[-80.909022371617,35.7790972585454],[-80.9090198557237,35.7790987530138],[-80.9090170609492,35.7790998687109],[-80.9090140694922,35.7791005727955],[-80.9090109748442,35.7791008421662]]},"properties":{"id":"arcgis-164-2-ada3bd31d97b26e7","sourceId":"arcgis-164-2","source":"Fiber_Layer_AGOL \u2014 Statesville_Fiber_Extras","sourceUrl":"https://services2.arcgis.com/WbGEgSzGTEPg4fr6/arcgis/rest/services/Fiber_Layer_AGOL/FeatureServer/2","name":"Fiber_Layer_AGOL \u2014 Statesville_Fiber_Extras","carrier":"Not published","routeStatus":"Unknown","category":"unknown","evidence":"agency_route","dataDate":null,"metadataModified":"2023-12-22T14:55:19+00:00","retrievedAt":"2026-09-18T02:37:01.936831+00:00","networkType":"Published fiber route; network class not specified","serviceability":"Unconfirmed","routeDiversity":"Unconfirmed","states":["NC"]},"bbox":[-80.9090284863192,35.7790717431514,-80.908992776569,35.7791008421662]},{"type":"Feature","geometry":{"type":"LineString","coordinates":[[-80.9089674161858,35.7790809821035],[-80.9089645182615,35.7790808210739],[-80.9089616981115,35.779080252244],[-80.9089590424433,35.7790792931868],[-80.9089566304994,35.7790779733116],[-80.9089545373115,35.7790763311092],[-80.9089528260653,35.7790744187783],[-80.9089515478878,35.7790722932145],[-80.9089507419113,35.7790700187132],[-80.9089504329974,35.7790676643011],[-80.9089506306102,35.7790653028523],[-80.9089513286674,35.77906300478],[-80.9089525056039,35.7790608407398],[-80.9089541253288,35.7790588753047],[-80.9089561395014,35.7790571696335],[-80.908958487382,35.7790557751626],[-80.9089610958319,35.7790547336063],[-80.9089638870548,35.779054076835],[-80.9089667752368,35.7790538251254],[-80.908969674266,35.7790539861377],[-80.9089724933092,35.7790545549847],[-80.9089751500827,35.7790555140243],[-80.9089775609203,35.7790568339164],[-80.9089796540869,35.7790584752173],[-80.9089813664606,35.7790603884317],[-80.9089826446386,35.7790625139952],[-80.9089834495101,35.7790647885136],[-80.9089837584037,35.7790671420245],[-80.9089835608131,35.7790695043745],[-80.9089828638626,35.7790718024297],[-80.9089816869269,35.7790739664701],[-80.9089800660751,35.7790759310217],[-80.9089780519025,35.7790776366933],[-80.9089757051488,35.7790790320484],[-80.9089730966984,35.779080073605],[-80.9089703054746,35.7790807303765],[-80.9089674161858,35.7790809821035]]},"properties":{"id":"arcgis-164-2-707f1f9fca8d2aa0","sourceId":"arcgis-164-2","source":"Fiber_Layer_AGOL \u2014 Statesville_Fiber_Extras","sourceUrl":"https://services2.arcgis.com/WbGEgSzGTEPg4fr6/arcgis/rest/services/Fiber_Layer_AGOL/FeatureServer/2","name":"Fiber_Layer_AGOL \u2014 Statesville_Fiber_Extras","carrier":"Not published","routeStatus":"Unknown","category":"unknown","evidence":"agency_route","dataDate":null,"metadataModified":"2023-12-22T14:55:19+00:00","retrievedAt":"2026-09-18T02:37:01.936831+00:00","networkType":"Published fiber route; network class not specified","serviceability":"Unconfirmed","routeDiversity":"Unconfirmed","states":["NC"]},"bbox":[-80.9089837584037,35.7790538251254,-80.9089504329974,35.7790809821035]},{"type":"Feature","geometry":{"type":"LineString","coordinates":[[-80.9040819401326,35.7785791452375],[-80.9041635762969,35.7786078343618],[-80.9041658835632,35.7786082833054],[-80.9041682505672,35.7786084031654],[-80.904170608679,35.7786081923103],[-80.9041728872271,35.7786076563523],[-80.9041750190909,35.778606810765],[-80.9041769428915,35.778605679947],[-80.9041786019069,35.778604298141],[-80.9041799462204,35.7786027066953],[-80.9041809359532,35.7786009504073],[-80.9041815435823,35.7785990819948],[-80.9041817504958,35.778597156741],[-80.9041815502889,35.7785952315411],[-80.9041809498066,35.7785933621816],[-80.9041799658256,35.7785916033924],[-80.9041786272454,35.7785900079108],[-80.9041769738968,35.7785886228943],[-80.9041750542883,35.7785874881522],[-80.9041729245213,35.7785866370651],[-80.9041706482686,35.7785860956828],[-80.9040819401326,35.7785791452375],[-80.9040094453372,35.7785676050286],[-80.9040074406391,35.7785661452675],[-80.9040057651741,35.7785644315432],[-80.904004466557,35.7785625126945],[-80.9040035825975,35.7785604440241],[-80.9040031378774,35.7785582828443],[-80.9040031449406,35.7785560920648],[-80.9040036030178,35.7785539330003],[-80.9040044991959,35.7785518680567],[-80.9040058093758,35.7785499544059],[-80.9040074950389,35.7785482476422],[-80.90400950865,35.7785467962884],[-80.9040117936145,35.7785456399944],[-80.9040142832783,35.7785448140591],[-80.9040169084579,35.7785443402989],[-80.9040195942489,35.7785442325058],[-80.9040222633018,35.7785444945933],[-80.9040248412882,35.7785451178067],[-80.9040819401326,35.7785791452375]]},"properties":{"id":"arcgis-164-2-79ec16d90098b677","sourceId":"arcgis-164-2","source":"Fiber_Layer_AGOL \u2014 Statesville_Fiber_Extras","sourceUrl":"https://services2.arcgis.com/WbGEgSzGTEPg4fr6/arcgis/rest/services/Fiber_Layer_AGOL/FeatureServer/2","name":"Fiber_Layer_AGOL \u2014 Statesville_Fiber_Extras","carrier":"Not published","routeStatus":"Unknown","category":"unknown","evidence":"agency_route","dataDate":null,"metadataModified":"2023-12-22T14:55:19+00:00","retrievedAt":"2026-09-18T02:37:01.936831+00:00","networkType":"Published fiber route; network class not specified","serviceability":"Unconfirmed","routeDiversity":"Unconfirmed","states":["NC"]},"bbox":[-80.9041817504958,35.7785442325058,-80.9040031378774,35.7786084031654]},{"type":"Feature","geometry":{"type":"LineString","coordinates":[[-80.8983385502719,35.776110004219],[-80.8983756430388,35.7761667783515],[-80.8983775616564,35.7761682539697],[-80.8983797589472,35.7761694421706],[-80.8983821721787,35.7761703096745],[-80.8983847310467,35.7761708305317],[-80.898387362183,35.7761709896587],[-80.8983899869227,35.776170781971],[-80.8983925313206,35.7761702149315],[-80.89839491941,35.7761693041484],[-80.8983970843251,35.7761680759062],[-80.8983989616232,35.7761665654666],[-80.8984004970473,35.7761648178493],[-80.8984016453142,35.7761628833431],[-80.898402374559,35.7761608183382],[-80.8984026629335,35.7761586817733],[-80.8984025019442,35.776156535985],[-80.8984018963893,35.7761544440041],[-80.8984008631893,35.7761524668695],[-80.8983994335139,35.7761506599891],[-80.8983976484859,35.7761490786155],[-80.8983385502719,35.776110004219],[-80.898278332614,35.776080595197],[-80.8982767079075,35.7760791041786],[-80.8982754093298,35.7760774151544],[-80.8982744700298,35.7760755735848],[-80.8982739177748,35.7760736313247],[-80.8982737670831,35.7760716413369],[-80.8982740214565,35.7760696585588],[-80.8982746744017,35.7760677362808],[-80.8982757084091,35.7760659297678],[-80.898277094741,35.7760642872476],[-80.8982787957285,35.7760628534814],[-80.8982807636226,35.7760616679782],[-80.8982829450184,35.7760607649261],[-80.8982852785161,35.7760601678198],[-80.8982877025464,35.7760598929445],[-80.898290147588,35.7760599476941],[-80.8982925483733,35.7760603321845],[-80.8982948382331,35.776061033932],[-80.8982969547945,35.776062034977],[-80.8983385502719,35.776110004219]]},"properties":{"id":"arcgis-164-2-305a034cdab035c6","sourceId":"arcgis-164-2","source":"Fiber_Layer_AGOL \u2014 Statesville_Fiber_Extras","sourceUrl":"https://services2.arcgis.com/WbGEgSzGTEPg4fr6/arcgis/rest/services/Fiber_Layer_AGOL/FeatureServer/2","name":"Fiber_Layer_AGOL \u2014 Statesville_Fiber_Extras","carrier":"Not published","routeStatus":"Unknown","category":"unknown","evidence":"agency_route","dataDate":null,"metadataModified":"2023-12-22T14:55:19+00:00","retrievedAt":"2026-09-18T02:37:01.936831+00:00","networkType":"Published fiber route; network class not specified","serviceability":"Unconfirmed","routeDiversity":"Unconfirmed","states":["NC"]},"bbox":[-80.8984026629335,35.7760598929445,-80.8982737670831,35.7761709896587]},{"type":"Feature","geometry":{"type":"LineString","coordinates":[[-80.8928668424481,35.7716571382622],[-80.892954013413,35.7716737000931],[-80.8929564393655,35.771673890471],[-80.8929588697001,35.7716737481235],[-80.8929612369834,35.7716732750002],[-80.8929634740986,35.7716724865685],[-80.8929655173724,35.7716714036511],[-80.8929673088931,35.7716700568979],[-80.8929687986791,35.7716684849493],[-80.8929699446161,35.7716667317322],[-80.8929707135839,35.7716648473445],[-80.8929710857953,35.7716628843812],[-80.8929710481825,35.7716608989392],[-80.8929706042434,35.7716589459562],[-80.8929697641321,35.7716570811679],[-80.8929685545265,35.7716553573488],[-80.8929670064222,35.7716538226988],[-80.8929651651062,35.7716525215894],[-80.8929630822891,35.7716514892773],[-80.8929608173169,35.7716507563931],[-80.892958433706,35.7716503426843],[-80.8929559992057,35.771650259719],[-80.8928668424481,35.7716571382622],[-80.8927805719257,35.7716633137838],[-80.8927784080693,35.7716630255723],[-80.8927763347131,35.7716624447666],[-80.8927744097598,35.7716615875955],[-80.8927726891326,35.7716604802354],[-80.8927712210769,35.7716591516862],[-80.8927700485626,35.7716576418482],[-80.8927692035434,35.7716559925958],[-80.8927687114648,35.7716542513135],[-80.8927685856291,35.7716524664763],[-80.8927688294711,35.7716506903181],[-80.8927694353251,35.7716489734429],[-80.8927703877006,35.7716473629699],[-80.8927716578371,35.7716459062244],[-80.8927732112977,35.7716446443096],[-80.8927750024819,35.7716436139946],[-80.8927769811338,35.771642842204],[-80.8927790902999,35.7716423532624],[-80.8927812705405,35.7716421598129],[-80.892783458951,35.7716422682423],[-80.8928668424481,35.7716571382622]]},"properties":{"id":"arcgis-164-2-dc6f895ae7454e60","sourceId":"arcgis-164-2","source":"Fiber_Layer_AGOL \u2014 Statesville_Fiber_Extras","sourceUrl":"https://services2.arcgis.com/WbGEgSzGTEPg4fr6/arcgis/rest/services/Fiber_Layer_AGOL/FeatureServer/2","name":"Fiber_Layer_AGOL \u2014 Statesville_Fiber_Extras","carrier":"Not published","routeStatus":"Unknown","category":"unknown","evidence":"agency_route","dataDate":null,"metadataModified":"2023-12-22T14:55:19+00:00","retrievedAt":"2026-09-18T02:37:01.936831+00:00","networkType":"Published fiber route; network class not specified","serviceability":"Unconfirmed","routeDiversity":"Unconfirmed","states":["NC"]},"bbox":[-80.8929710857953,35.7716421598129,-80.8927685856291,35.771673890471]},{"type":"Feature","geometry":{"type":"LineString","coordinates":[[-80.8980747111054,35.8071103677981],[-80.8980712058064,35.8071101729385],[-80.8980677952998,35.8071094852097],[-80.898064583212,35.8071083255081],[-80.8980616671409,35.8071067290708],[-80.8980591356898,35.8071047444044],[-80.8980570657755,35.8071024318124],[-80.8980555202913,35.8070998615615],[-80.898054546196,35.8070971117476],[-80.8980541730868,35.8070942659224],[-80.8980544123005,35.8070914105549],[-80.8980552565685,35.8070886324039],[-80.8980566802383,35.8070860158821],[-80.8980586400522,35.8070836404913],[-80.8980610764623,35.8070815784064],[-80.8980639154395,35.8070798922829],[-80.8980670707228,35.8070786333527],[-80.8980704464408,35.8070778398677],[-80.8980739400239,35.8070775359376],[-80.8980774453214,35.8070777307972],[-80.8980808558268,35.8070784185256],[-80.8980840679136,35.8070795782268],[-80.8980869839842,35.8070811746637],[-80.8980895154353,35.8070831593294],[-80.89809158535,35.807085471921],[-80.8980931308351,35.8070880421714],[-80.8980941049316,35.807090791985],[-80.8980944780422,35.8070936378101],[-80.8980942388299,35.8070964931777],[-80.8980933945631,35.807099271329],[-80.8980919708943,35.8071018878511],[-80.8980900110809,35.8071042632424],[-80.8980875746709,35.8071063253279],[-80.8980847356933,35.8071080114519],[-80.898081580409,35.8071092703826],[-80.8980782046898,35.8071100638679],[-80.8980747111054,35.8071103677981]]},"properties":{"id":"arcgis-164-2-a9372f3a6477fdfd","sourceId":"arcgis-164-2","source":"Fiber_Layer_AGOL \u2014 Statesville_Fiber_Extras","sourceUrl":"https://services2.arcgis.com/WbGEgSzGTEPg4fr6/arcgis/rest/services/Fiber_Layer_AGOL/FeatureServer/2","name":"Fiber_Layer_AGOL \u2014 Statesville_Fiber_Extras","carrier":"Not published","routeStatus":"Unknown","category":"unknown","evidence":"agency_route","dataDate":null,"metadataModified":"2023-12-22T14:55:19+00:00","retrievedAt":"2026-09-18T02:37:01.936831+00:00","networkType":"Published fiber route; network class not specified","serviceability":"Unconfirmed","routeDiversity":"Unconfirmed","states":["NC"]},"bbox":[-80.8980944780422,35.8070775359376,-80.8980541730868,35.8071103677981]},{"type":"Feature","geometry":{"type":"LineString","coordinates":[[-80.8794723870444,35.8074411423981],[-80.8794649990989,35.8074407298772],[-80.8794578105782,35.8074392793614],[-80.8794510404923,35.8074368334489],[-80.8794448942233,35.8074334674022],[-80.879439560081,35.8074292837921],[-80.8794351981345,35.8074244081624],[-80.8794319413613,35.8074189908151],[-80.8794298898218,35.8074131942795],[-80.8794291051701,35.8074071951996],[-80.8794296104864,35.8074011771248],[-80.8794313911737,35.8073953214811],[-80.8794343938308,35.8073898066872],[-80.8794385260637,35.8073848000434],[-80.8794436619542,35.8073804549431],[-80.8794496473822,35.8073769017763],[-80.8794562989403,35.8073742488466],[-80.8794634148916,35.807372577696],[-80.8794707783846,35.8073719385469],[-80.8794781663029,35.8073723501662],[-80.8794853547971,35.8073737997798],[-80.8794921248788,35.8073762456904],[-80.8794982711453,35.8073796117348],[-80.8795036052874,35.8073837953424],[-80.8795079672358,35.8073886709697],[-80.8795112240339,35.8073940892162],[-80.8795132755787,35.8073998857504],[-80.8795140602156,35.8074058839287],[-80.8795135549265,35.807411902905],[-80.8795117742239,35.8074177576486],[-80.879508771571,35.8074232724444],[-80.8795046393405,35.8074282790906],[-80.8794995034502,35.8074326241933],[-80.8794935180203,35.8074361773625],[-80.8794868664584,35.8074388302942],[-80.8794797505226,35.8074405023473],[-80.8794723870444,35.8074411423981]]},"properties":{"id":"arcgis-164-2-1b2d4845aa3ddbe6","sourceId":"arcgis-164-2","source":"Fiber_Layer_AGOL \u2014 Statesville_Fiber_Extras","sourceUrl":"https://services2.arcgis.com/WbGEgSzGTEPg4fr6/arcgis/rest/services/Fiber_Layer_AGOL/FeatureServer/2","name":"Fiber_Layer_AGOL \u2014 Statesville_Fiber_Extras","carrier":"Not published","routeStatus":"Unknown","category":"unknown","evidence":"agency_route","dataDate":null,"metadataModified":"2023-12-22T14:55:19+00:00","retrievedAt":"2026-09-18T02:37:01.936831+00:00","networkType":"Published fiber route; network class not specified","serviceability":"Unconfirmed","routeDiversity":"Unconfirmed","states":["NC"]},"bbox":[-80.8795140602156,35.8073719385469,-80.8794291051701,35.8074411423981]},{"type":"Feature","geometry":{"type":"LineString","coordinates":[[-80.8794295188231,35.807434179641],[-80.8794214471803,35.8074337298835],[-80.8794135948266,35.8074321444629],[-80.8794061997466,35.807429472897],[-80.8793994851491,35.8074257955823],[-80.879393658402,35.8074212256139],[-80.8793888931017,35.8074158991447],[-80.8793853358361,35.8074099806911],[-80.8793830947866,35.8074036488838],[-80.8793822363886,35.8073970956189],[-80.8793827896306,35.8073905205815],[-80.8793847348238,35.8073841242076],[-80.8793880144977,35.8073781003038],[-80.8793925288494,35.8073726307089],[-80.8793981401473,35.8073678843239],[-80.8794046779281,35.8073640026085],[-80.8794119435476,35.8073611049194],[-80.8794197177147,35.8073592793796],[-80.8794277615358,35.8073585801575],[-80.8794358331921,35.8073590308158],[-80.8794436855182,35.8073606153338],[-80.8794510816784,35.8073632859793],[-80.8794577951668,35.8073669633082],[-80.8794636230408,35.8073715341579],[-80.8794683872162,35.80737685974],[-80.8794719444865,35.8073827781913],[-80.8794741866696,35.807389110881],[-80.8794750439477,35.8073956632612],[-80.8794744918195,35.807402238282],[-80.8794725455266,35.8074086346744],[-80.8794692658787,35.8074146594815],[-80.8794647515089,35.8074201281781],[-80.8794591402323,35.8074248754672],[-80.8794526024491,35.8074287571855],[-80.8794453368251,35.8074316548769],[-80.8794375637788,35.8074334813024],[-80.8794295188231,35.807434179641]]},"properties":{"id":"arcgis-164-2-9afef11cacecb26b","sourceId":"arcgis-164-2","source":"Fiber_Layer_AGOL \u2014 Statesville_Fiber_Extras","sourceUrl":"https://services2.arcgis.com/WbGEgSzGTEPg4fr6/arcgis/rest/services/Fiber_Layer_AGOL/FeatureServer/2","name":"Fiber_Layer_AGOL \u2014 Statesville_Fiber_Extras","carrier":"Not published","routeStatus":"Unknown","category":"unknown","evidence":"agency_route","dataDate":null,"metadataModified":"2023-12-22T14:55:19+00:00","retrievedAt":"2026-09-18T02:37:01.936831+00:00","networkType":"Published fiber route; network class not specified","serviceability":"Unconfirmed","routeDiversity":"Unconfirmed","states":["NC"]},"bbox":[-80.8794750439477,35.8073585801575,-80.8793822363886,35.807434179641]},{"type":"Feature","geometry":{"type":"LineString","coordinates":[[-80.8784755940592,35.8046672642692],[-80.8784710486492,35.8046670107063],[-80.8784666278477,35.8046661187648],[-80.8784624628427,35.8046646143688],[-80.8784586830707,35.8046625433021],[-80.8784554017925,35.804659969628],[-80.8784527181809,35.804656970248],[-80.8784507151703,35.8046536376393],[-80.8784494537376,35.8046500718297],[-80.8784489707309,35.8046463822337],[-80.8784492820004,35.8046426794914],[-80.8784503769089,35.8046390773555],[-80.8784522236952,35.8046356853966],[-80.8784547660722,35.8046326054504],[-80.8784579254599,35.8046299324838],[-80.8784616063495,35.8046277473013],[-80.878465698495,35.8046261156085],[-80.8784700757857,35.8046250871291],[-80.8784746050549,35.8046246936654],[-80.8784791504624,35.8046249472281],[-80.8784835712828,35.8046258400703],[-80.8784877362861,35.8046273444657],[-80.8784915160363,35.8046294146304],[-80.8784947984416,35.8046319891876],[-80.8784974809267,35.8046349876826],[-80.8784994839597,35.8046383211917],[-80.8785007464798,35.8046418860826],[-80.8785012284035,35.8046455765966],[-80.8785009182216,35.8046492784207],[-80.8784998222091,35.8046528805743],[-80.8784979754244,35.8046562725338],[-80.8784954330483,35.8046593524809],[-80.8784922736607,35.8046620254484],[-80.8784885927912,35.804664211533],[-80.8784845006442,35.8046658432266],[-80.8784801233306,35.8046668708053],[-80.8784755940592,35.8046672642692]]},"properties":{"id":"arcgis-164-2-25c0f4bcef5035ff","sourceId":"arcgis-164-2","source":"Fiber_Layer_AGOL \u2014 Statesville_Fiber_Extras","sourceUrl":"https://services2.arcgis.com/WbGEgSzGTEPg4fr6/arcgis/rest/services/Fiber_Layer_AGOL/FeatureServer/2","name":"Fiber_Layer_AGOL \u2014 Statesville_Fiber_Extras","carrier":"Not published","routeStatus":"Unknown","category":"unknown","evidence":"agency_route","dataDate":null,"metadataModified":"2023-12-22T14:55:19+00:00","retrievedAt":"2026-09-18T02:37:01.936831+00:00","networkType":"Published fiber route; network class not specified","serviceability":"Unconfirmed","routeDiversity":"Unconfirmed","states":["NC"]},"bbox":[-80.8785012284035,35.8046246936654,-80.8784489707309,35.8046672642692]},{"type":"Feature","geometry":{"type":"LineString","coordinates":[[-80.8740727510664,35.7954384366892],[-80.8740682527304,35.7954381858515],[-80.8740638758301,35.7954373020958],[-80.8740597537706,35.7954358122181],[-80.8740560115673,35.7954337629764],[-80.8740527634874,35.7954312148166],[-80.8740501087087,35.7954282455451],[-80.8740481256853,35.7954249459081],[-80.8740468764874,35.7954214159189],[-80.8740463990174,35.7954177631745],[-80.8740467069056,35.7954140983496],[-80.8740477916592,35.7954105324594],[-80.8740496203878,35.7954071741896],[-80.8740521356989,35.7954041253912],[-80.8740552633993,35.7954014791582],[-80.8740589079657,35.7953993153905],[-80.8740629580758,35.7953977007083],[-80.8740672909072,35.7953966829775],[-80.8740717744128,35.7953962939786],[-80.8740762727466,35.7953965448162],[-80.8740806496448,35.7953974285715],[-80.8740847716818,35.7953989175473],[-80.8740885139051,35.7954009676893],[-80.874091761985,35.7954035158482],[-80.8740944178704,35.7954064851018],[-80.8740963997892,35.7954097847551],[-80.8740976489892,35.7954133147437],[-80.8740981264613,35.795416967488],[-80.8740978185755,35.795420632313],[-80.8740967338239,35.7954241982037],[-80.8740949062031,35.795427556457],[-80.8740923897867,35.7954306052734],[-80.8740892620864,35.7954332515073],[-80.8740856174984,35.7954354143747],[-80.8740815674078,35.7954370299588],[-80.8740772345743,35.7954380476902],[-80.8740727510664,35.7954384366892]]},"properties":{"id":"arcgis-164-2-b831267d797abeef","sourceId":"arcgis-164-2","source":"Fiber_Layer_AGOL \u2014 Statesville_Fiber_Extras","sourceUrl":"https://services2.arcgis.com/WbGEgSzGTEPg4fr6/arcgis/rest/services/Fiber_Layer_AGOL/FeatureServer/2","name":"Fiber_Layer_AGOL \u2014 Statesville_Fiber_Extras","carrier":"Not published","routeStatus":"Unknown","category":"unknown","evidence":"agency_route","dataDate":null,"metadataModified":"2023-12-22T14:55:19+00:00","retrievedAt":"2026-09-18T02:37:01.936831+00:00","networkType":"Published fiber route; network class not specified","serviceability":"Unconfirmed","routeDiversity":"Unconfirmed","states":["NC"]},"bbox":[-80.8740981264613,35.7953962939786,-80.8740463990174,35.7954384366892]},{"type":"Feature","geometry":{"type":"LineString","coordinates":[[-80.8717202099694,35.7928652316192],[-80.8717162582918,35.7928650110393],[-80.8717124136624,35.792864234739],[-80.8717087928984,35.7928629263058],[-80.871705506015,35.7928611254959],[-80.8717026528824,35.7928588870259],[-80.8717003201917,35.7928562789107],[-80.8716985788204,35.7928533803965],[-80.8716974816792,35.7928502795533],[-80.8716970621041,35.7928470705986],[-80.8716973328436,35.7928438510349],[-80.8716982856713,35.7928407186871],[-80.871699891636,35.7928377687298],[-80.8717021019412,35.7928350907961],[-80.8717048494278,35.7928327662535],[-80.8717080506149,35.7928308657321],[-80.871711608236,35.7928294469782],[-80.8717154141947,35.7928285531],[-80.871719352849,35.7928282112574],[-80.8717233045247,35.7928284318372],[-80.8717271491525,35.7928292081372],[-80.8717307699153,35.7928305165698],[-80.871734056798,35.792832317379],[-80.8717369099305,35.7928345558483],[-80.8717392426218,35.7928371639629],[-80.8717409839942,35.7928400624765],[-80.871742081137,35.7928431633193],[-80.8717425007139,35.7928463722738],[-80.8717422299761,35.7928495918376],[-80.87174127715,35.7928527241858],[-80.8717396711865,35.7928556741437],[-80.871737460882,35.792858352078],[-80.8717347133955,35.7928606766213],[-80.8717315122078,35.7928625771434],[-80.8717279545856,35.7928639958978],[-80.8717241486253,35.7928648897764],[-80.8717202099694,35.7928652316192]]},"properties":{"id":"arcgis-164-2-ace056b18fb83b13","sourceId":"arcgis-164-2","source":"Fiber_Layer_AGOL \u2014 Statesville_Fiber_Extras","sourceUrl":"https://services2.arcgis.com/WbGEgSzGTEPg4fr6/arcgis/rest/services/Fiber_Layer_AGOL/FeatureServer/2","name":"Fiber_Layer_AGOL \u2014 Statesville_Fiber_Extras","carrier":"Not published","routeStatus":"Unknown","category":"unknown","evidence":"agency_route","dataDate":null,"metadataModified":"2023-12-22T14:55:19+00:00","retrievedAt":"2026-09-18T02:37:01.936831+00:00","networkType":"Published fiber route; network class not specified","serviceability":"Unconfirmed","routeDiversity":"Unconfirmed","states":["NC"]},"bbox":[-80.8717425007139,35.7928282112574,-80.8716970621041,35.7928652316192]},{"type":"Feature","geometry":{"type":"LineString","coordinates":[[-80.8695198358607,35.7934485835654],[-80.8695160245639,35.7934483706995],[-80.8695123170548,35.7934476216515],[-80.8695088245278,35.7934463599573],[-80.8695056540657,35.793444622738],[-80.869502902065,35.7934424635061],[-80.8695006530466,35.7934399485769],[-80.8694989729149,35.7934371526651],[-80.8694979156571,35.7934341614864],[-80.8694975110511,35.7934310665367],[-80.8694977723244,35.793427961369],[-80.8694986905825,35.7934249398757],[-80.8695002403185,35.7934220953026],[-80.8695023725886,35.7934195122404],[-80.8695050217325,35.7934172701269],[-80.8695081096725,35.7934154377728],[-80.8695115413855,35.793414068923],[-80.8695152116428,35.7934132066614],[-80.8695190115023,35.7934128770001],[-80.8695228227974,35.7934130898659],[-80.869526530305,35.7934138389135],[-80.8695300228517,35.7934151015085],[-80.8695331932923,35.7934168378259],[-80.869535945293,35.7934189970573],[-80.8695381943328,35.793421512887],[-80.8695398744655,35.7934243087982],[-80.8695409317039,35.7934272990754],[-80.8695413363116,35.793430394025],[-80.8695410750608,35.793433500094],[-80.8695401567832,35.7934365206864],[-80.8695386070692,35.7934393661611],[-80.8695364747997,35.7934419492239],[-80.8695338256351,35.7934441904369],[-80.8695307377154,35.7934460236929],[-80.8695273059806,35.793447391642],[-80.8695236346156,35.7934482539209],[-80.8695198358607,35.7934485835654]]},"properties":{"id":"arcgis-164-2-0f01413d1d5ff18c","sourceId":"arcgis-164-2","source":"Fiber_Layer_AGOL \u2014 Statesville_Fiber_Extras","sourceUrl":"https://services2.arcgis.com/WbGEgSzGTEPg4fr6/arcgis/rest/services/Fiber_Layer_AGOL/FeatureServer/2","name":"Fiber_Layer_AGOL \u2014 Statesville_Fiber_Extras","carrier":"Not published","routeStatus":"Unknown","category":"unknown","evidence":"agency_route","dataDate":null,"metadataModified":"2023-12-22T14:55:19+00:00","retrievedAt":"2026-09-18T02:37:01.936831+00:00","networkType":"Published fiber route; network class not specified","serviceability":"Unconfirmed","routeDiversity":"Unconfirmed","states":["NC"]},"bbox":[-80.8695413363116,35.7934128770001,-80.8694975110511,35.7934485835654]},{"type":"Feature","geometry":{"type":"LineString","coordinates":[[-80.8689970169759,35.7938055071606],[-80.8689856014398,35.7938041326077],[-80.8689807299978,35.7938001812435],[-80.8689852578226,35.7937959675904],[-80.8689965321215,35.7937939600815],[-80.8690079487624,35.7937953346164],[-80.8690128190994,35.7937992859965],[-80.8690082912758,35.7938034996506],[-80.8689970169759,35.7938055071606]]},"properties":{"id":"arcgis-164-2-b2468c977f6d953d","sourceId":"arcgis-164-2","source":"Fiber_Layer_AGOL \u2014 Statesville_Fiber_Extras","sourceUrl":"https://services2.arcgis.com/WbGEgSzGTEPg4fr6/arcgis/rest/services/Fiber_Layer_AGOL/FeatureServer/2","name":"Fiber_Layer_AGOL \u2014 Statesville_Fiber_Extras","carrier":"Not published","routeStatus":"Unknown","category":"unknown","evidence":"agency_route","dataDate":null,"metadataModified":"2023-12-22T14:55:19+00:00","retrievedAt":"2026-09-18T02:37:01.936831+00:00","networkType":"Published fiber route; network class not specified","serviceability":"Unconfirmed","routeDiversity":"Unconfirmed","states":["NC"]},"bbox":[-80.8690128190994,35.7937939600815,-80.8689807299978,35.7938055071606]},{"type":"Feature","geometry":{"type":"LineString","coordinates":[[-80.8690530477397,35.7936855991811],[-80.8690503166977,35.7936807080744],[-80.8690519246898,35.7936767925341],[-80.8690569310779,35.7936761459813],[-80.8690624013229,35.7936791478921],[-80.8690651323655,35.7936840389986],[-80.8690635243738,35.793687954539],[-80.8690585190912,35.7936886010751],[-80.8690530477397,35.7936855991811]]},"properties":{"id":"arcgis-164-2-3ac8f4ed9ccb9373","sourceId":"arcgis-164-2","source":"Fiber_Layer_AGOL \u2014 Statesville_Fiber_Extras","sourceUrl":"https://services2.arcgis.com/WbGEgSzGTEPg4fr6/arcgis/rest/services/Fiber_Layer_AGOL/FeatureServer/2","name":"Fiber_Layer_AGOL \u2014 Statesville_Fiber_Extras","carrier":"Not published","routeStatus":"Unknown","category":"unknown","evidence":"agency_route","dataDate":null,"metadataModified":"2023-12-22T14:55:19+00:00","retrievedAt":"2026-09-18T02:37:01.936831+00:00","networkType":"Published fiber route; network class not specified","serviceability":"Unconfirmed","routeDiversity":"Unconfirmed","states":["NC"]},"bbox":[-80.8690651323655,35.7936761459813,-80.8690503166977,35.7936886010751]},{"type":"Feature","geometry":{"type":"LineString","coordinates":[[-80.8693578209798,35.7935868994556],[-80.8693543561525,35.7935820015845],[-80.8693554620019,35.7935779044297],[-80.869360492497,35.7935770086806],[-80.8693664998657,35.7935798391649],[-80.8693699647145,35.7935847379368],[-80.8693688577595,35.7935888351087],[-80.869363827243,35.793589729957],[-80.8693578209798,35.7935868994556]]},"properties":{"id":"arcgis-164-2-f33fd8986a34b0de","sourceId":"arcgis-164-2","source":"Fiber_Layer_AGOL \u2014 Statesville_Fiber_Extras","sourceUrl":"https://services2.arcgis.com/WbGEgSzGTEPg4fr6/arcgis/rest/services/Fiber_Layer_AGOL/FeatureServer/2","name":"Fiber_Layer_AGOL \u2014 Statesville_Fiber_Extras","carrier":"Not published","routeStatus":"Unknown","category":"unknown","evidence":"agency_route","dataDate":null,"metadataModified":"2023-12-22T14:55:19+00:00","retrievedAt":"2026-09-18T02:37:01.936831+00:00","networkType":"Published fiber route; network class not specified","serviceability":"Unconfirmed","routeDiversity":"Unconfirmed","states":["NC"]},"bbox":[-80.8693699647145,35.7935770086806,-80.8693543561525,35.793589729957]},{"type":"Feature","geometry":{"type":"LineString","coordinates":[[-80.8695924996753,35.79351356464],[-80.8695891496587,35.7935087993369],[-80.8695902458698,35.7935048123106],[-80.8695951451886,35.7935039383976],[-80.8696009770461,35.7935066913303],[-80.8696043270633,35.7935114566332],[-80.8696032308528,35.7935154436596],[-80.8695983326186,35.7935163166548],[-80.8695924996753,35.79351356464]]},"properties":{"id":"arcgis-164-2-2a95e10dfb7080ed","sourceId":"arcgis-164-2","source":"Fiber_Layer_AGOL \u2014 Statesville_Fiber_Extras","sourceUrl":"https://services2.arcgis.com/WbGEgSzGTEPg4fr6/arcgis/rest/services/Fiber_Layer_AGOL/FeatureServer/2","name":"Fiber_Layer_AGOL \u2014 Statesville_Fiber_Extras","carrier":"Not published","routeStatus":"Unknown","category":"unknown","evidence":"agency_route","dataDate":null,"metadataModified":"2023-12-22T14:55:19+00:00","retrievedAt":"2026-09-18T02:37:01.936831+00:00","networkType":"Published fiber route; network class not specified","serviceability":"Unconfirmed","routeDiversity":"Unconfirmed","states":["NC"]},"bbox":[-80.8696043270633,35.7935039383976,-80.8695891496587,35.7935163166548]},{"type":"Feature","geometry":{"type":"LineString","coordinates":[[-80.8666108888291,35.7957987171979],[-80.8666068502952,35.7957984914941],[-80.866602922586,35.7957976979512],[-80.8665992224503,35.7957963609241],[-80.8665958636717,35.7957945201384],[-80.8665929482614,35.7957922326287],[-80.8665905641423,35.7957895682662],[-80.8665887850648,35.7957866061546],[-80.8665876640335,35.7957834374345],[-80.8665872353521,35.7957801580407],[-80.8665875124119,35.795776868736],[-80.8665884864186,35.7957736679183],[-80.8665901275405,35.7957706534065],[-80.8665923869958,35.7957679169992],[-80.8665951947782,35.7957655418054],[-80.8665984662307,35.7957635994389],[-80.8666021009403,35.7957621500355],[-80.8666059903556,35.7957612367272],[-80.8666100156162,35.7957608874785],[-80.8666140530421,35.7957611131991],[-80.8666179818557,35.7957619067247],[-80.8666216819902,35.7957632437513],[-80.8666250407681,35.7957650845362],[-80.8666279561783,35.7957673720452],[-80.8666303403188,35.7957700373081],[-80.8666321193766,35.7957729985181],[-80.8666332404095,35.7957761672377],[-80.8666336690927,35.7957794466313],[-80.8666333920556,35.7957827368374],[-80.8666324180506,35.7957859376554],[-80.8666307769092,35.7957889512666],[-80.8666285174546,35.7957916876746],[-80.8666257096723,35.7957940628691],[-80.8666224382191,35.7957960052363],[-80.8666188035084,35.7957974546403],[-80.8666149140916,35.795798367949],[-80.8666108888291,35.7957987171979]]},"properties":{"id":"arcgis-164-2-a74ea4ebcc84ff17","sourceId":"arcgis-164-2","source":"Fiber_Layer_AGOL \u2014 Statesville_Fiber_Extras","sourceUrl":"https://services2.arcgis.com/WbGEgSzGTEPg4fr6/arcgis/rest/services/Fiber_Layer_AGOL/FeatureServer/2","name":"Fiber_Layer_AGOL \u2014 Statesville_Fiber_Extras","carrier":"Not published","routeStatus":"Unknown","category":"unknown","evidence":"agency_route","dataDate":null,"metadataModified":"2023-12-22T14:55:19+00:00","retrievedAt":"2026-09-18T02:37:01.936831+00:00","networkType":"Published fiber route; network class not specified","serviceability":"Unconfirmed","routeDiversity":"Unconfirmed","states":["NC"]},"bbox":[-80.8666336690927,35.7957608874785,-80.8665872353521,35.7957987171979]},{"type":"Feature","geometry":{"type":"LineString","coordinates":[[-80.8682399735478,35.7970657089173],[-80.8682360513012,35.7970654904984],[-80.8682322346929,35.7970647196441],[-80.8682286404738,35.7970634207074],[-80.8682253779845,35.7970616325795],[-80.8682225458792,35.7970594105417],[-80.8682202298083,35.7970568217948],[-80.8682185012923,35.7970539445739],[-80.8682174121488,35.7970508664312],[-80.8682169966423,35.7970476814988],[-80.868217264723,35.7970444851827],[-80.8682182109377,35.7970413767316],[-80.8682198053313,35.7970384485574],[-80.8682219990609,35.797035789756],[-80.8682247276302,35.7970334824511],[-80.8682279052351,35.7970315964723],[-80.8682314369093,35.7970301882672],[-80.8682352141008,35.7970293009692],[-80.8682391245642,35.7970289615414],[-80.8682430468298,35.7970291808615],[-80.8682468634365,35.7970299517155],[-80.8682504576545,35.7970312506516],[-80.8682537201222,35.7970330378777],[-80.8682565522275,35.7970352599148],[-80.8682588683197,35.7970378495622],[-80.8682605968368,35.7970407267825],[-80.8682616859611,35.7970438040236],[-80.86826210149,35.7970469898572],[-80.8682618333904,35.7970501852721],[-80.868260887198,35.7970532946248],[-80.8682592928055,35.7970562227995],[-80.8682570979497,35.7970588807173],[-80.8682543704866,35.7970611880059],[-80.868251192902,35.7970630748865],[-80.8682476612266,35.7970644830922],[-80.8682438829067,35.7970653695064],[-80.8682399735478,35.7970657089173]]},"properties":{"id":"arcgis-164-2-5f28fa712c52657d","sourceId":"arcgis-164-2","source":"Fiber_Layer_AGOL \u2014 Statesville_Fiber_Extras","sourceUrl":"https://services2.arcgis.com/WbGEgSzGTEPg4fr6/arcgis/rest/services/Fiber_Layer_AGOL/FeatureServer/2","name":"Fiber_Layer_AGOL \u2014 Statesville_Fiber_Extras","carrier":"Not published","routeStatus":"Unknown","category":"unknown","evidence":"agency_route","dataDate":null,"metadataModified":"2023-12-22T14:55:19+00:00","retrievedAt":"2026-09-18T02:37:01.936831+00:00","networkType":"Published fiber route; network class not specified","serviceability":"Unconfirmed","routeDiversity":"Unconfirmed","states":["NC"]},"bbox":[-80.86826210149,35.7970289615414,-80.8682169966423,35.7970657089173]},{"type":"Feature","geometry":{"type":"LineString","coordinates":[[-80.8671234248807,35.7989608143884],[-80.8671183213928,35.7989605292935],[-80.8671133562496,35.7989595262893],[-80.8671086806627,35.798957836414],[-80.8671044352396,35.7989555107013],[-80.8671007510691,35.7989526192621],[-80.867097738659,35.7989492514544],[-80.8670954899619,35.7989455077382],[-80.867094072927,35.7989415033655],[-80.8670935312922,35.7989373593683],[-80.8670938812448,35.7989332017081],[-80.8670951124234,35.7989291567533],[-80.8670971867081,35.7989253467903],[-80.8671000415179,35.7989218890711],[-80.8671035896028,35.7989188868021],[-80.8671077246582,35.7989164326634],[-80.8671123189247,35.7989146007327],[-80.8671172353774,35.7989134471996],[-80.8671223220909,35.7989130059446],[-80.8671274255758,35.7989132910394],[-80.8671323906956,35.7989142931418],[-80.8671370663012,35.7989159839174],[-80.8671413117231,35.798918309629],[-80.8671449958727,35.7989212001658],[-80.8671480083046,35.7989245688736],[-80.8671502569827,35.7989283116876],[-80.8671516740201,35.7989323160597],[-80.8671522156578,35.7989364600567],[-80.8671518657291,35.7989406186183],[-80.8671506345531,35.7989446635736],[-80.8671485602497,35.7989484726363],[-80.8671457054618,35.7989519312578],[-80.8671421573562,35.7989549326268],[-80.8671380223,35.7989573867666],[-80.8671334280316,35.7989592186983],[-80.8671285115971,35.7989603731332],[-80.8671234248807,35.7989608143884]]},"properties":{"id":"arcgis-164-2-488e2865e8ae40e4","sourceId":"arcgis-164-2","source":"Fiber_Layer_AGOL \u2014 Statesville_Fiber_Extras","sourceUrl":"https://services2.arcgis.com/WbGEgSzGTEPg4fr6/arcgis/rest/services/Fiber_Layer_AGOL/FeatureServer/2","name":"Fiber_Layer_AGOL \u2014 Statesville_Fiber_Extras","carrier":"Not published","routeStatus":"Unknown","category":"unknown","evidence":"agency_route","dataDate":null,"metadataModified":"2023-12-22T14:55:19+00:00","retrievedAt":"2026-09-18T02:37:01.936831+00:00","networkType":"Published fiber route; network class not specified","serviceability":"Unconfirmed","routeDiversity":"Unconfirmed","states":["NC"]},"bbox":[-80.8671522156578,35.7989130059446,-80.8670935312922,35.7989608143884]},{"type":"Feature","geometry":{"type":"LineString","coordinates":[[-80.8634115973777,35.8009560747395],[-80.8634065425335,35.8009557923496],[-80.8634016240034,35.8009547983972],[-80.8633969919157,35.8009531248433],[-80.8633927868376,35.8009508209231],[-80.8633891365391,35.8009479568027],[-80.8633861525915,35.8009446200237],[-80.8633839258596,35.8009409119673],[-80.8633825220141,35.8009369452175],[-80.8633819858948,35.8009328407907],[-80.8633823325149,35.8009287219623],[-80.8633835526134,35.8009247150833],[-80.8633856069367,35.8009209415546],[-80.8633884361533,35.800917515872],[-80.8633919508354,35.8009145430752],[-80.8633960468008,35.8009121122027],[-80.8634005984962,35.8009102972941],[-80.8634054677843,35.8009091545519],[-80.8634105060533,35.8009087178013],[-80.8634155620007,35.8009090001741],[-80.8634204805074,35.8009099932247],[-80.8634251126139,35.8009116676791],[-80.8634293176908,35.800913971598],[-80.8634329668623,35.8009168348331],[-80.8634359508108,35.8009201716109],[-80.8634381786508,35.8009238796495],[-80.8634395813925,35.8009278464156],[-80.8634401186417,35.8009319517264],[-80.8634397708975,35.8009360696707],[-80.8634385519079,35.8009400765333],[-80.8634364964804,35.8009438500799],[-80.8634336683711,35.8009472757466],[-80.8634301537098,35.8009502494457],[-80.8634260577435,35.8009526803194],[-80.8634215060256,35.8009544943277],[-80.8634166367557,35.8009556379717],[-80.8634115973777,35.8009560747395]]},"properties":{"id":"arcgis-164-2-fb25d70003b6289d","sourceId":"arcgis-164-2","source":"Fiber_Layer_AGOL \u2014 Statesville_Fiber_Extras","sourceUrl":"https://services2.arcgis.com/WbGEgSzGTEPg4fr6/arcgis/rest/services/Fiber_Layer_AGOL/FeatureServer/2","name":"Fiber_Layer_AGOL \u2014 Statesville_Fiber_Extras","carrier":"Not published","routeStatus":"Unknown","category":"unknown","evidence":"agency_route","dataDate":null,"metadataModified":"2023-12-22T14:55:19+00:00","retrievedAt":"2026-09-18T02:37:01.936831+00:00","networkType":"Published fiber route; network class not specified","serviceability":"Unconfirmed","routeDiversity":"Unconfirmed","states":["NC"]},"bbox":[-80.8634401186417,35.8009087178013,-80.8633819858948,35.8009560747395]},{"type":"Feature","geometry":{"type":"LineString","coordinates":[[-80.860873315053,35.802026463893],[-80.8608681216437,35.8020261735969],[-80.8608630696891,35.8020251536332],[-80.8608583114894,35.80202343413],[-80.8608539932053,35.8020210669447],[-80.8608502437958,35.8020181258334],[-80.8608471792557,35.8020146982727],[-80.8608448916369,35.8020108892335],[-80.8608434500093,35.802006814855],[-80.8608428992716,35.8020025988582],[-80.8608432556225,35.8019983681064],[-80.8608445087737,35.8019942525722],[-80.8608466195293,35.801990376359],[-80.8608495242324,35.8019868585349],[-80.8608531356631,35.8019838041039],[-80.8608573420158,35.8019813076274],[-80.8608620177332,35.8019794431427],[-80.8608670192056,35.8019782696373],[-80.8608721956056,35.801977820967],[-80.8608773879054,35.8019781112798],[-80.8608824398574,35.8019791312429],[-80.8608871980758,35.8019808516464],[-80.8608915174441,35.8019832179125],[-80.8608952657473,35.8019861590395],[-80.8608983313946,35.801989586582],[-80.8609006190153,35.8019933956203],[-80.8609020595393,35.801997470015],[-80.8609026103008,35.8020016869128],[-80.8609022539322,35.8020059167635],[-80.8609010018901,35.8020100322814],[-80.8608988911365,35.8020139084955],[-80.8608959853491,35.8020174272389],[-80.860892375004,35.802020480753],[-80.8608881675648,35.8020229781487],[-80.8608834918249,35.8020248417332],[-80.8608784903497,35.8020260152393],[-80.860873315053,35.802026463893]]},"properties":{"id":"arcgis-164-2-b23810e2bc2dc7ae","sourceId":"arcgis-164-2","source":"Fiber_Layer_AGOL \u2014 Statesville_Fiber_Extras","sourceUrl":"https://services2.arcgis.com/WbGEgSzGTEPg4fr6/arcgis/rest/services/Fiber_Layer_AGOL/FeatureServer/2","name":"Fiber_Layer_AGOL \u2014 Statesville_Fiber_Extras","carrier":"Not published","routeStatus":"Unknown","category":"unknown","evidence":"agency_route","dataDate":null,"metadataModified":"2023-12-22T14:55:19+00:00","retrievedAt":"2026-09-18T02:37:01.936831+00:00","networkType":"Published fiber route; network class not specified","serviceability":"Unconfirmed","routeDiversity":"Unconfirmed","states":["NC"]},"bbox":[-80.8609026103008,35.801977820967,-80.8608428992716,35.802026463893]},{"type":"Feature","geometry":{"type":"LineString","coordinates":[[-80.8608913530532,35.8019551577691],[-80.8608856366574,35.8019548385],[-80.8608800755025,35.80195371543],[-80.8608748385653,35.8019518220384],[-80.8608700843406,35.8019492172063],[-80.8608659573783,35.8019459789593],[-80.8608625838989,35.801942206337],[-80.8608600661383,35.8019380140712],[-80.8608584789465,35.801933529031],[-80.8608578730434,35.8019288874693],[-80.8608582649805,35.8019242315695],[-80.8608596446974,35.8019197012171],[-80.8608619677993,35.8019154350188],[-80.8608651653259,35.8019115620402],[-80.860869140392,35.8019082000539],[-80.8608737714225,35.8019054518841],[-80.8608789175597,35.801903399915],[-80.8608844231294,35.8019021078258],[-80.8608901208144,35.8019016142318],[-80.8608958372064,35.8019019335008],[-80.860901398358,35.8019030565701],[-80.8609066352927,35.8019049499605],[-80.8609113895159,35.8019075547912],[-80.8609155164781,35.8019107930368],[-80.8609188899379,35.8019145647564],[-80.8609214077216,35.8019187579223],[-80.8609229949166,35.8019232429616],[-80.8609236008026,35.8019278836219],[-80.86092320889,35.801932540423],[-80.8609218291764,35.8019370707762],[-80.8609195060771,35.8019413369755],[-80.8609163085519,35.8019452099555],[-80.860912333486,35.8019485719433],[-80.8609077024543,35.8019513201146],[-80.8609025563148,35.8019533720849],[-80.8608970507419,35.8019546641748],[-80.8608913530532,35.8019551577691]]},"properties":{"id":"arcgis-164-2-bdeab429d9804933","sourceId":"arcgis-164-2","source":"Fiber_Layer_AGOL \u2014 Statesville_Fiber_Extras","sourceUrl":"https://services2.arcgis.com/WbGEgSzGTEPg4fr6/arcgis/rest/services/Fiber_Layer_AGOL/FeatureServer/2","name":"Fiber_Layer_AGOL \u2014 Statesville_Fiber_Extras","carrier":"Not published","routeStatus":"Unknown","category":"unknown","evidence":"agency_route","dataDate":null,"metadataModified":"2023-12-22T14:55:19+00:00","retrievedAt":"2026-09-18T02:37:01.936831+00:00","networkType":"Published fiber route; network class not specified","serviceability":"Unconfirmed","routeDiversity":"Unconfirmed","states":["NC"]},"bbox":[-80.8609236008026,35.8019016142318,-80.8608578730434,35.8019551577691]},{"type":"Feature","geometry":{"type":"LineString","coordinates":[[-80.8614225656743,35.7987779773199],[-80.8614177325632,35.7987777067873],[-80.8614130298897,35.7987767572379],[-80.8614086021427,35.7987751562135],[-80.8614045821409,35.7987729530703],[-80.8614010931622,35.7987702153402],[-80.8613982400113,35.7987670252613],[-80.8613961101256,35.7987634797609],[-80.8613947690884,35.7987596878197],[-80.8613942560385,35.7987557633298],[-80.8613945880942,35.7987518250273],[-80.8613957536756,35.798747994791],[-80.8613977188922,35.7987443867273],[-80.8614004232221,35.7987411117434],[-80.86140378375,35.7987382693692],[-80.8614076995298,35.7987359449858],[-80.8614120516054,35.7987342107275],[-80.8614167061424,35.7987331173196],[-80.8614215245288,35.7987327002353],[-80.8614263576164,35.7987329698664],[-80.8614310603083,35.7987339203166],[-80.8614354880328,35.798735520439],[-80.8614395080336,35.7987377235812],[-80.8614429981183,35.7987404612933],[-80.8614458501639,35.7987436513881],[-80.8614479800513,35.7987471968876],[-80.8614493211115,35.7987509897294],[-80.861449834164,35.7987549142191],[-80.8614495020903,35.7987588516207],[-80.861448336532,35.7987626827586],[-80.8614463712965,35.7987662899218],[-80.8614436669676,35.7987695649068],[-80.8614403064606,35.7987724081833],[-80.8614363906591,35.7987747316665],[-80.8614320386026,35.7987764668268],[-80.8614273840427,35.7987775593341],[-80.8614225656743,35.7987779773199]]},"properties":{"id":"arcgis-164-2-5a749ae3dfb3eb02","sourceId":"arcgis-164-2","source":"Fiber_Layer_AGOL \u2014 Statesville_Fiber_Extras","sourceUrl":"https://services2.arcgis.com/WbGEgSzGTEPg4fr6/arcgis/rest/services/Fiber_Layer_AGOL/FeatureServer/2","name":"Fiber_Layer_AGOL \u2014 Statesville_Fiber_Extras","carrier":"Not published","routeStatus":"Unknown","category":"unknown","evidence":"agency_route","dataDate":null,"metadataModified":"2023-12-22T14:55:19+00:00","retrievedAt":"2026-09-18T02:37:01.936831+00:00","networkType":"Published fiber route; network class not specified","serviceability":"Unconfirmed","routeDiversity":"Unconfirmed","states":["NC"]},"bbox":[-80.861449834164,35.7987327002353,-80.8613942560385,35.7987779773199]},{"type":"Feature","geometry":{"type":"LineString","coordinates":[[-80.8606792680988,35.7983042059686],[-80.8606738909923,35.7983039049504],[-80.8606686602651,35.7983028480454],[-80.86066373491,35.7983010679838],[-80.8606592622076,35.7982986175078],[-80.8606553811078,35.7982955720241],[-80.8606522076828,35.7982920226144],[-80.8606498396356,35.7982880795722],[-80.8606483471799,35.7982838608229],[-80.8606477775283,35.7982794945594],[-80.8606481459382,35.7982751148718],[-80.8606494432688,35.7982708535181],[-80.8606516282381,35.7982668400428],[-80.8606546361684,35.7982631971356],[-80.8606583755432,35.7982600352751],[-80.8606627312643,35.7982574499746],[-80.860667571267,35.7982555207797],[-80.8606727496945,35.798254304909],[-80.8606781091719,35.7982538399243],[-80.860683485169,35.7982541409592],[-80.8606887158932,35.7982551978637],[-80.8606936423522,35.7982569779074],[-80.8606981139472,35.798259428399],[-80.8607019950677,35.7982624747826],[-80.8607051684729,35.7982660232898],[-80.8607075376284,35.798269966314],[-80.8607090289807,35.7982741850796],[-80.8607095997417,35.7982785513259],[-80.860709230229,35.7982829310306],[-80.8607079329013,35.798287192385],[-80.8607057479343,35.7982912058612],[-80.8607027400053,35.7982948487697],[-80.8606990017366,35.7982980106146],[-80.8606946460146,35.7983005959164],[-80.8606898049037,35.7983025251292],[-80.8606846264733,35.7983037410006],[-80.8606792680988,35.7983042059686]]},"properties":{"id":"arcgis-164-2-c1103188fd8458cf","sourceId":"arcgis-164-2","source":"Fiber_Layer_AGOL \u2014 Statesville_Fiber_Extras","sourceUrl":"https://services2.arcgis.com/WbGEgSzGTEPg4fr6/arcgis/rest/services/Fiber_Layer_AGOL/FeatureServer/2","name":"Fiber_Layer_AGOL \u2014 Statesville_Fiber_Extras","carrier":"Not published","routeStatus":"Unknown","category":"unknown","evidence":"agency_route","dataDate":null,"metadataModified":"2023-12-22T14:55:19+00:00","retrievedAt":"2026-09-18T02:37:01.936831+00:00","networkType":"Published fiber route; network class not specified","serviceability":"Unconfirmed","routeDiversity":"Unconfirmed","states":["NC"]},"bbox":[-80.8607095997417,35.7982538399243,-80.8606477775283,35.7983042059686]},{"type":"Feature","geometry":{"type":"LineString","coordinates":[[-80.8582688030604,35.7979448641277],[-80.8582645206903,35.7979446247368],[-80.8582603550568,35.7979437831688],[-80.8582564317789,35.7979423645526],[-80.8582528691677,35.7979404130602],[-80.8582497781221,35.7979379874002],[-80.8582472510673,35.7979351609874],[-80.8582453641052,35.7979320192047],[-80.858244175908,35.7979286594203],[-80.8582437219803,35.7979251820604],[-80.8582440158274,35.7979216932955],[-80.8582450488104,35.7979182987325],[-80.8582467901255,35.7979151025132],[-80.8582491855529,35.7979122010232],[-80.8582521629874,35.7979096828073],[-80.8582556323148,35.7979076231626],[-80.8582594887917,35.7979060867913],[-80.8582636128392,35.797905118789],[-80.858267881187,35.7979047480808],[-80.8582721635756,35.7979049883727],[-80.8582763303135,35.7979058299235],[-80.8582802535692,35.7979072476379],[-80.8582838150942,35.7979092000476],[-80.8582869061397,35.7979116257067],[-80.8582894343014,35.7979144521019],[-80.8582913201378,35.7979175929996],[-80.8582925094638,35.7979209536679],[-80.8582929633935,35.7979244310276],[-80.8582926695485,35.7979279197925],[-80.8582916354405,35.7979313134716],[-80.8582898952537,35.7979345105758],[-80.8582874998271,35.7979374120667],[-80.8582845212864,35.7979399303002],[-80.8582810519378,35.7979419890446],[-80.8582771965864,35.7979435263009],[-80.8582730714309,35.7979444943204],[-80.8582688030604,35.7979448641277]]},"properties":{"id":"arcgis-164-2-ab36aa43accd3faf","sourceId":"arcgis-164-2","source":"Fiber_Layer_AGOL \u2014 Statesville_Fiber_Extras","sourceUrl":"https://services2.arcgis.com/WbGEgSzGTEPg4fr6/arcgis/rest/services/Fiber_Layer_AGOL/FeatureServer/2","name":"Fiber_Layer_AGOL \u2014 Statesville_Fiber_Extras","carrier":"Not published","routeStatus":"Unknown","category":"unknown","evidence":"agency_route","dataDate":null,"metadataModified":"2023-12-22T14:55:19+00:00","retrievedAt":"2026-09-18T02:37:01.936831+00:00","networkType":"Published fiber route; network class not specified","serviceability":"Unconfirmed","routeDiversity":"Unconfirmed","states":["NC"]},"bbox":[-80.8582929633935,35.7979047480808,-80.8582437219803,35.7979448641277]},{"type":"Feature","geometry":{"type":"LineString","coordinates":[[-80.8558211290433,35.798529686933],[-80.855817550235,35.798529487223],[-80.8558140682921,35.7985287830029],[-80.8558107888814,35.798527597905],[-80.8558078112806,35.7985259664772],[-80.8558052273758,35.7985239387049],[-80.8558031149208,35.7985215756071],[-80.8558015386639,35.7985189501204],[-80.8558005457994,35.7985161417588],[-80.8558001659466,35.7985132357136],[-80.8558004121735,35.7985103192305],[-80.8558012754862,35.7985074825963],[-80.8558027312805,35.7985048109262],[-80.8558047338312,35.7985023851498],[-80.8558072229083,35.7985002810087],[-80.8558101224648,35.7984985600614],[-80.8558133451847,35.7984972750231],[-80.855816792401,35.7984964661609],[-80.8558203606287,35.7984961566869],[-80.8558239405625,35.7984963572812],[-80.8558274224834,35.7984970605998],[-80.8558307019138,35.7984982465984],[-80.855833679514,35.7984998780258],[-80.8558362634187,35.7985019057974],[-80.8558383758536,35.7985042679935],[-80.8558399521114,35.7985068934798],[-80.8558409449771,35.798509701841],[-80.855841324852,35.7985126087873],[-80.8558410786059,35.7985155243693],[-80.8558402153152,35.7985183619049],[-80.855838760628,35.7985210335586],[-80.8558367569511,35.7985234584511],[-80.8558342667885,35.7985255635109],[-80.8558313672316,35.7985272844587],[-80.85582814449,35.7985285685964],[-80.8558246972932,35.7985293783601],[-80.8558211290433,35.798529686933]]},"properties":{"id":"arcgis-164-2-639dbae18880d8d4","sourceId":"arcgis-164-2","source":"Fiber_Layer_AGOL \u2014 Statesville_Fiber_Extras","sourceUrl":"https://services2.arcgis.com/WbGEgSzGTEPg4fr6/arcgis/rest/services/Fiber_Layer_AGOL/FeatureServer/2","name":"Fiber_Layer_AGOL \u2014 Statesville_Fiber_Extras","carrier":"Not published","routeStatus":"Unknown","category":"unknown","evidence":"agency_route","dataDate":null,"metadataModified":"2023-12-22T14:55:19+00:00","retrievedAt":"2026-09-18T02:37:01.936831+00:00","networkType":"Published fiber route; network class not specified","serviceability":"Unconfirmed","routeDiversity":"Unconfirmed","states":["NC"]},"bbox":[-80.855841324852,35.7984961566869,-80.8558001659466,35.798529686933]},{"type":"Feature","geometry":{"type":"LineString","coordinates":[[-80.8546189130579,35.7962924603403],[-80.8546143947826,35.7962922072852],[-80.8546100002677,35.7962913194956],[-80.85460586068,35.7962898229214],[-80.8546021032167,35.7962877634056],[-80.8545988421936,35.7962852041158],[-80.8545961756442,35.7962822219901],[-80.8545941853197,35.7962789077365],[-80.8545929322025,35.7962753631974],[-80.8545924530218,35.7962716941902],[-80.8545927636558,35.7962680140619],[-80.8545938533518,35.7962644329584],[-80.8545956903198,35.7962610604449],[-80.8545982182899,35.7962580001484],[-80.8546013596649,35.7962553424982],[-80.8546050200903,35.7962531709667],[-80.8546090881645,35.7962515494527],[-80.8546134388816,35.7962505276386],[-80.8546179424181,35.7962501381514],[-80.8546224595642,35.7962503903221],[-80.8546268552039,35.7962512789955],[-80.8546309936632,35.7962527746847],[-80.8546347511257,35.7962548341996],[-80.8546380132548,35.7962573934716],[-80.8546406786988,35.7962603756133],[-80.8546426690247,35.7962636898662],[-80.8546439232501,35.796267234388],[-80.8546444013269,35.7962709034118],[-80.8546440918015,35.7962745835234],[-80.8546430010014,35.7962781646441],[-80.854641165141,35.7962815371415],[-80.8546386371925,35.79628459834],[-80.854635495797,35.79628725509],[-80.8546318353915,35.7962894275237],[-80.8546277672951,35.7962910481371],[-80.8546234165761,35.7962920699517],[-80.8546189130579,35.7962924603403]]},"properties":{"id":"arcgis-164-2-913047fb380af023","sourceId":"arcgis-164-2","source":"Fiber_Layer_AGOL \u2014 Statesville_Fiber_Extras","sourceUrl":"https://services2.arcgis.com/WbGEgSzGTEPg4fr6/arcgis/rest/services/Fiber_Layer_AGOL/FeatureServer/2","name":"Fiber_Layer_AGOL \u2014 Statesville_Fiber_Extras","carrier":"Not published","routeStatus":"Unknown","category":"unknown","evidence":"agency_route","dataDate":null,"metadataModified":"2023-12-22T14:55:19+00:00","retrievedAt":"2026-09-18T02:37:01.936831+00:00","networkType":"Published fiber route; network class not specified","serviceability":"Unconfirmed","routeDiversity":"Unconfirmed","states":["NC"]},"bbox":[-80.8546444013269,35.7962501381514,-80.8545924530218,35.7962924603403]},{"type":"Feature","geometry":{"type":"LineString","coordinates":[[-80.8544014470755,35.7963869539095],[-80.8543981930619,35.7963867717971],[-80.8543950273003,35.7963861321039],[-80.854392045981,35.7963850542666],[-80.8543893396898,35.7963835710349],[-80.854386990656,35.7963817274759],[-80.8543850702538,35.7963795796054],[-80.8543836368337,35.7963771926854],[-80.8543827339494,35.796374639241],[-80.8543823890344,35.7963719968576],[-80.8543826125689,35.7963693458226],[-80.8543833977608,35.7963667666863],[-80.8543847207523,35.7963643378145],[-80.8543865413451,35.7963621330072],[-80.8543888042212,35.7963602192564],[-80.8543914406244,35.7963586547104],[-80.8543943704489,35.796357486907],[-80.8543975046735,35.7963567513294],[-80.8544007480664,35.7963564703278],[-80.8544040020788,35.7963566524401],[-80.8544071678392,35.7963572921332],[-80.8544101491577,35.79635836997],[-80.8544128554485,35.7963598532013],[-80.8544152044823,35.7963616967598],[-80.8544171248848,35.7963638446298],[-80.8544185583057,35.7963662315495],[-80.8544194611911,35.7963687849936],[-80.8544198061072,35.7963714273769],[-80.8544195825739,35.796374078412],[-80.8544187973831,35.7963766575485],[-80.8544174743924,35.7963790864206],[-80.8544156538001,35.7963812912284],[-80.854413390924,35.7963832049797],[-80.8544107545204,35.7963847695262],[-80.8544078246952,35.79638593733],[-80.8544046904696,35.7963866729078],[-80.8544014470755,35.7963869539095]]},"properties":{"id":"arcgis-164-2-8766820c5a06873b","sourceId":"arcgis-164-2","source":"Fiber_Layer_AGOL \u2014 Statesville_Fiber_Extras","sourceUrl":"https://services2.arcgis.com/WbGEgSzGTEPg4fr6/arcgis/rest/services/Fiber_Layer_AGOL/FeatureServer/2","name":"Fiber_Layer_AGOL \u2014 Statesville_Fiber_Extras","carrier":"Not published","routeStatus":"Unknown","category":"unknown","evidence":"agency_route","dataDate":null,"metadataModified":"2023-12-22T14:55:19+00:00","retrievedAt":"2026-09-18T02:37:01.936831+00:00","networkType":"Published fiber route; network class not specified","serviceability":"Unconfirmed","routeDiversity":"Unconfirmed","states":["NC"]},"bbox":[-80.8544198061072,35.7963564703278,-80.8543823890344,35.7963869539095]},{"type":"Feature","geometry":{"type":"LineString","coordinates":[[-80.8558758486725,35.8043652300985],[-80.8558697099362,35.804364886374],[-80.8558637362135,35.8043636801106],[-80.8558581109068,35.8043616463776],[-80.8558530047846,35.8043588483833],[-80.8558485724973,35.8043553703156],[-80.8558449492785,35.8043513182941],[-80.8558422452903,35.8043468150474],[-80.8558405411356,35.8043419972762],[-80.855839890009,35.804337012917],[-80.8558403119378,35.8043320113127],[-80.8558417938233,35.8043271450152],[-80.8558442892964,35.8043225634774],[-80.8558477251274,35.8043184030385],[-80.8558519947331,35.8043147933341],[-80.8558569688675,35.8043118409058],[-80.8558624969348,35.8043096381967],[-80.8558684099976,35.8043082499831],[-80.8558745297928,35.8043077204485],[-80.8558806696104,35.8043080632548],[-80.8558866422437,35.8043092704355],[-80.8558922675474,35.8043113041672],[-80.8558973736679,35.8043141021599],[-80.8559018059551,35.8043175802258],[-80.8559054291752,35.8043216322456],[-80.8559081342723,35.8043261354741],[-80.8559098373038,35.80433095236],[-80.8559104884554,35.8043359376201],[-80.8559100665309,35.8043409392247],[-80.8559085846286,35.8043458046217],[-80.855906089179,35.804350387062],[-80.8559026544353,35.8043545465844],[-80.8558983848504,35.8043581571918],[-80.8558934106939,35.8043611087206],[-80.8558878826447,35.8043633123322],[-80.8558819684513,35.8043646996625],[-80.8558758486725,35.8043652300985]]},"properties":{"id":"arcgis-164-2-913c8332d029bf61","sourceId":"arcgis-164-2","source":"Fiber_Layer_AGOL \u2014 Statesville_Fiber_Extras","sourceUrl":"https://services2.arcgis.com/WbGEgSzGTEPg4fr6/arcgis/rest/services/Fiber_Layer_AGOL/FeatureServer/2","name":"Fiber_Layer_AGOL \u2014 Statesville_Fiber_Extras","carrier":"Not published","routeStatus":"Unknown","category":"unknown","evidence":"agency_route","dataDate":null,"metadataModified":"2023-12-22T14:55:19+00:00","retrievedAt":"2026-09-18T02:37:01.936831+00:00","networkType":"Published fiber route; network class not specified","serviceability":"Unconfirmed","routeDiversity":"Unconfirmed","states":["NC"]},"bbox":[-80.8559104884554,35.8043077204485,-80.855839890009,35.8043652300985]},{"type":"Feature","geometry":{"type":"LineString","coordinates":[[-80.8608037218403,35.8020236710494],[-80.8607998126689,35.8020234530899],[-80.8607960092344,35.8020226845047],[-80.8607924283136,35.8020213905553],[-80.8607891769962,35.8020196083705],[-80.8607863550644,35.8020173941222],[-80.8607840481468,35.8020148141148],[-80.8607823255694,35.8020119475228],[-80.8607812402097,35.8020088800823],[-80.8607808263257,35.802005705927],[-80.8607810939008,35.802002522266],[-80.8607820373688,35.8019994238414],[-80.8607836268264,35.8019965057668],[-80.8607858134402,35.8019938580361],[-80.8607885315133,35.801991559181],[-80.8607916985485,35.8019896789753],[-80.8607952174184,35.8019882765979],[-80.8607989828168,35.8019873924213],[-80.8608028792115,35.8019870552547],[-80.8608067883812,35.8019872732141],[-80.8608105907078,35.8019880418159],[-80.8608141727337,35.8019893357479],[-80.8608174240504,35.8019911179321],[-80.8608202459822,35.8019933321797],[-80.8608225529003,35.8019959121864],[-80.8608242743725,35.8019987787947],[-80.8608253597338,35.8020018462348],[-80.8608257747257,35.8020050203731],[-80.8608255060461,35.8020082040511],[-80.8608245625797,35.802011302476],[-80.8608229742295,35.8020142205343],[-80.8608207876164,35.8020168682656],[-80.8608180684371,35.8020191671382],[-80.8608149025076,35.8020210473277],[-80.8608113825303,35.8020224497226],[-80.8608076171305,35.8020233338996],[-80.8608037218403,35.8020236710494]]},"properties":{"id":"arcgis-164-2-46010a8244d9260b","sourceId":"arcgis-164-2","source":"Fiber_Layer_AGOL \u2014 Statesville_Fiber_Extras","sourceUrl":"https://services2.arcgis.com/WbGEgSzGTEPg4fr6/arcgis/rest/services/Fiber_Layer_AGOL/FeatureServer/2","name":"Fiber_Layer_AGOL \u2014 Statesville_Fiber_Extras","carrier":"Not published","routeStatus":"Unknown","category":"unknown","evidence":"agency_route","dataDate":null,"metadataModified":"2023-12-22T14:55:19+00:00","retrievedAt":"2026-09-18T02:37:01.936831+00:00","networkType":"Published fiber route; network class not specified","serviceability":"Unconfirmed","routeDiversity":"Unconfirmed","states":["NC"]},"bbox":[-80.8608257747257,35.8019870552547,-80.8607808263257,35.8020236710494]},{"type":"Feature","geometry":{"type":"LineString","coordinates":[[-80.9104125890402,35.7798608225837],[-80.9104077702097,35.7798605555869],[-80.9104030813751,35.7798596095164],[-80.9103986648813,35.779858015496],[-80.910394655694,35.7798558200903],[-80.9103911748912,35.7798530908169],[-80.9103883284302,35.7798499107559],[-80.9103862037652,35.779846375899],[-80.9103848631913,35.7798425943519],[-80.9103843503518,35.7798386808238],[-80.9103846779883,35.7798347532124],[-80.9103858389996,35.7798309324317],[-80.9103877951699,35.7798273335728],[-80.910390489355,35.7798240666148],[-80.9103938386982,35.7798212302201],[-80.9103977412439,35.7798189107299],[-80.9104020791923,35.7798171794079],[-80.910406719898,35.7798160879175],[-80.9104115225275,35.7798156691189],[-80.9104163424826,35.7798159369994],[-80.9104210312936,35.7798168821681],[-80.9104254477855,35.7798184761878],[-80.9104294569718,35.7798206715924],[-80.9104329377745,35.7798234008648],[-80.9104357831304,35.7798265809422],[-80.910437908903,35.7798301157809],[-80.9104392483732,35.7798338973447],[-80.9104397623425,35.7798378117565],[-80.9104394335815,35.7798417384842],[-80.9104382736785,35.7798455592481],[-80.91043631751,35.7798491581077],[-80.9104336233259,35.7798524250667],[-80.9104302739828,35.7798552614624],[-80.9104263714363,35.7798575809536],[-80.9104220334862,35.7798593122765],[-80.9104173927996,35.7798604046687],[-80.9104125890402,35.7798608225837]]},"properties":{"id":"arcgis-164-2-3526e865295afb7b","sourceId":"arcgis-164-2","source":"Fiber_Layer_AGOL \u2014 Statesville_Fiber_Extras","sourceUrl":"https://services2.arcgis.com/WbGEgSzGTEPg4fr6/arcgis/rest/services/Fiber_Layer_AGOL/FeatureServer/2","name":"Fiber_Layer_AGOL \u2014 Statesville_Fiber_Extras","carrier":"Not published","routeStatus":"Unknown","category":"unknown","evidence":"agency_route","dataDate":null,"metadataModified":"2023-12-22T14:55:19+00:00","retrievedAt":"2026-09-18T02:37:01.936831+00:00","networkType":"Published fiber route; network class not specified","serviceability":"Unconfirmed","routeDiversity":"Unconfirmed","states":["NC"]},"bbox":[-80.9104397623425,35.7798156691189,-80.9103843503518,35.7798608225837]},{"type":"Feature","geometry":{"type":"LineString","coordinates":[[-80.91262013899,35.7803492293866],[-80.912615294623,35.780348960173],[-80.9126105801913,35.7803480100812],[-80.9126061401686,35.7803464065928],[-80.9126021096076,35.7803441998748],[-80.9125986106736,35.7803414565238],[-80.9125957493267,35.7803382596183],[-80.9125936130457,35.7803347060494],[-80.9125922652562,35.7803309048056],[-80.9125917495835,35.7803269696938],[-80.9125920788578,35.7803230222165],[-80.9125932459173,35.7803191805841],[-80.9125952126342,35.7803155634932],[-80.9125979206972,35.7803122782376],[-80.912601287337,35.7803094270862],[-80.9126052105785,35.7803070954804],[-80.9126095715171,35.7803053547036],[-80.9126142375081,35.7803042564216],[-80.9126190655701,35.7803038362355],[-80.9126239099132,35.7803041045478],[-80.9126286243637,35.7803050555402],[-80.9126330643633,35.7803066581266],[-80.9126370949233,35.7803088648437],[-80.9126405938571,35.7803116081935],[-80.9126434552049,35.780314805098],[-80.9126455925935,35.7803183586487],[-80.9126469393007,35.7803221608105],[-80.9126474549547,35.7803260950209],[-80.9126471257044,35.7803300433995],[-80.9126459597319,35.7803338841139],[-80.9126439919323,35.7803375021241],[-80.9126412838489,35.7803407864795],[-80.9126379172093,35.7803436376321],[-80.9126339939669,35.7803459692389],[-80.912629633048,35.7803477109177],[-80.9126249670334,35.780348808299],[-80.91262013899,35.7803492293866]]},"properties":{"id":"arcgis-164-2-2be209407193b0a2","sourceId":"arcgis-164-2","source":"Fiber_Layer_AGOL \u2014 Statesville_Fiber_Extras","sourceUrl":"https://services2.arcgis.com/WbGEgSzGTEPg4fr6/arcgis/rest/services/Fiber_Layer_AGOL/FeatureServer/2","name":"Fiber_Layer_AGOL \u2014 Statesville_Fiber_Extras","carrier":"Not published","routeStatus":"Unknown","category":"unknown","evidence":"agency_route","dataDate":null,"metadataModified":"2023-12-22T14:55:19+00:00","retrievedAt":"2026-09-18T02:37:01.936831+00:00","networkType":"Published fiber route; network class not specified","serviceability":"Unconfirmed","routeDiversity":"Unconfirmed","states":["NC"]},"bbox":[-80.9126474549547,35.7803038362355,-80.9125917495835,35.7803492293866]},{"type":"Feature","geometry":{"type":"LineString","coordinates":[[-80.9129659742468,35.7839248072503],[-80.9129604118005,35.7839244988394],[-80.9129549990034,35.7839234073707],[-80.9129499015194,35.7839215672044],[-80.912945273337,35.7839190336191],[-80.9129412556846,35.7839158837298],[-80.9129379703091,35.7839122129879],[-80.9129355172219,35.7839081334132],[-80.9129339701463,35.7839037682562],[-80.9129333776033,35.78389925108],[-80.9129337561039,35.783894718655],[-80.9129350956377,35.7838903090692],[-80.9129373539715,35.7838861546063],[-80.9129404633496,35.7838823843448],[-80.9129443290682,35.7838791106573],[-80.9129488339844,35.7838764327466],[-80.9129538406639,35.7838744339067],[-80.912959196741,35.7838731742268],[-80.9129647415538,35.7838726904874],[-80.9129703040178,35.7838729997993],[-80.9129757156845,35.7838740903836],[-80.9129808131661,35.7838759305488],[-80.9129854413472,35.7838784641328],[-80.9129894589995,35.7838816140207],[-80.912992744376,35.7838852847612],[-80.9129951985715,35.7838893643175],[-80.912996744544,35.7838937294911],[-80.9129973370905,35.7838982466669],[-80.9129969585934,35.7839027790921],[-80.9129956201901,35.7839071895624],[-80.9129933618374,35.7839113431252],[-80.9129902524819,35.7839151142892],[-80.9129863856575,35.7839183879955],[-80.9129818818249,35.783921064989],[-80.9129768751432,35.78392306383],[-80.9129715179784,35.7839243244292],[-80.9129659742468,35.7839248072503]]},"properties":{"id":"arcgis-164-2-028519e87af5e4b3","sourceId":"arcgis-164-2","source":"Fiber_Layer_AGOL \u2014 Statesville_Fiber_Extras","sourceUrl":"https://services2.arcgis.com/WbGEgSzGTEPg4fr6/arcgis/rest/services/Fiber_Layer_AGOL/FeatureServer/2","name":"Fiber_Layer_AGOL \u2014 Statesville_Fiber_Extras","carrier":"Not published","routeStatus":"Unknown","category":"unknown","evidence":"agency_route","dataDate":null,"metadataModified":"2023-12-22T14:55:19+00:00","retrievedAt":"2026-09-18T02:37:01.936831+00:00","networkType":"Published fiber route; network class not specified","serviceability":"Unconfirmed","routeDiversity":"Unconfirmed","states":["NC"]},"bbox":[-80.9129973370905,35.7838726904874,-80.9129333776033,35.7839248072503]},{"type":"Feature","geometry":{"type":"LineString","coordinates":[[-80.9167214751155,35.7864362727869],[-80.9167164220994,35.7864359925897],[-80.9167115060312,35.7864350016509],[-80.9167068747787,35.7864333300981],[-80.916702671171,35.7864310288733],[-80.9166990218953,35.786428168104],[-80.9166960374119,35.7864248334986],[-80.9166938086788,35.7864211282013],[-80.9166924036198,35.7864171638322],[-80.916691864913,35.7864130605219],[-80.916692208799,35.7864089433249],[-80.9166934249741,35.7864049377132],[-80.916695476484,35.7864011650705],[-80.9166983007438,35.7863977390701],[-80.9167018117506,35.7863947656404],[-80.9167059042933,35.7863923338832],[-80.9167104517841,35.7863905179109],[-80.9167153172323,35.7863893730679],[-80.9167203532022,35.7863889341285],[-80.9167254062368,35.7863892152267],[-80.916730322281,35.7863902052638],[-80.9167349524255,35.7863918768331],[-80.9167391560322,35.7863941780568],[-80.916742806435,35.7863970397088],[-80.916745790898,35.7864003734118],[-80.9167480185269,35.7864040787256],[-80.9167494235883,35.7864080430942],[-80.916749962298,35.7864121464042],[-80.916749618415,35.7864162636013],[-80.9167484022425,35.7864202692136],[-80.9167463507559,35.7864240427583],[-80.9167435275819,35.7864274678412],[-80.9167400154693,35.7864304412895],[-80.9167359240316,35.7864328730304],[-80.916731376539,35.7864346890037],[-80.9167265099823,35.7864358338646],[-80.9167214751155,35.7864362727869]]},"properties":{"id":"arcgis-164-2-d769288a4755a9c8","sourceId":"arcgis-164-2","source":"Fiber_Layer_AGOL \u2014 Statesville_Fiber_Extras","sourceUrl":"https://services2.arcgis.com/WbGEgSzGTEPg4fr6/arcgis/rest/services/Fiber_Layer_AGOL/FeatureServer/2","name":"Fiber_Layer_AGOL \u2014 Statesville_Fiber_Extras","carrier":"Not published","routeStatus":"Unknown","category":"unknown","evidence":"agency_route","dataDate":null,"metadataModified":"2023-12-22T14:55:19+00:00","retrievedAt":"2026-09-18T02:37:01.936831+00:00","networkType":"Published fiber route; network class not specified","serviceability":"Unconfirmed","routeDiversity":"Unconfirmed","states":["NC"]},"bbox":[-80.916749962298,35.7863889341285,-80.916691864913,35.7864362727869]},{"type":"Feature","geometry":{"type":"LineString","coordinates":[[-80.9214391308624,35.7882679953543],[-80.9214335957787,35.7882676886969],[-80.9214282103772,35.7882666034782],[-80.9214231369949,35.7882647731982],[-80.921418531825,35.7882622521885],[-80.9214145327933,35.7882591176066],[-80.921411263897,35.7882554657614],[-80.921408821782,35.7882514060144],[-80.9214072824436,35.7882470633785],[-80.9214066921428,35.7882425687445],[-80.9214070684908,35.7882380579626],[-80.9214084004062,35.7882336700402],[-80.9214106478581,35.7882295363277],[-80.9214137419521,35.7882257841229],[-80.9214175880122,35.7882225267064],[-80.9214220699842,35.7882198623701],[-80.9214270526046,35.7882178725804],[-80.9214323824211,35.7882166183556],[-80.9214378998944,35.7882161373708],[-80.9214434349746,35.788216444028],[-80.9214488203943,35.7882175301472],[-80.9214538937743,35.7882193604261],[-80.9214584989429,35.7882218814346],[-80.921462497953,35.7882250151139],[-80.9214657668718,35.7882286678589],[-80.9214682089676,35.7882327267036],[-80.9214697483304,35.78823707024],[-80.9214703386346,35.7882415648737],[-80.9214699622687,35.7882460747546],[-80.9214686303779,35.7882504635788],[-80.9214663829069,35.7882545963912],[-80.9214632888358,35.7882583494985],[-80.9214594427758,35.7882616069164],[-80.9214549608027,35.788264271254],[-80.9214499781587,35.7882662601437],[-80.9214446483392,35.7882675143693],[-80.9214391308624,35.7882679953543]]},"properties":{"id":"arcgis-164-2-b0ccb6171176597f","sourceId":"arcgis-164-2","source":"Fiber_Layer_AGOL \u2014 Statesville_Fiber_Extras","sourceUrl":"https://services2.arcgis.com/WbGEgSzGTEPg4fr6/arcgis/rest/services/Fiber_Layer_AGOL/FeatureServer/2","name":"Fiber_Layer_AGOL \u2014 Statesville_Fiber_Extras","carrier":"Not published","routeStatus":"Unknown","category":"unknown","evidence":"agency_route","dataDate":null,"metadataModified":"2023-12-22T14:55:19+00:00","retrievedAt":"2026-09-18T02:37:01.936831+00:00","networkType":"Published fiber route; network class not specified","serviceability":"Unconfirmed","routeDiversity":"Unconfirmed","states":["NC"]},"bbox":[-80.9214703386346,35.7882161373708,-80.9214066921428,35.7882679953543]},{"type":"Feature","geometry":{"type":"LineString","coordinates":[[-80.9259463119247,35.790010944438],[-80.9259410348657,35.7900106528359],[-80.9259359005433,35.7900096179356],[-80.9259310635576,35.7900078733533],[-80.9259266733859,35.7900054699151],[-80.9259228612607,35.7900024821747],[-80.9259197433159,35.7899990011519],[-80.9259174160984,35.7899951316985],[-80.9259159476767,35.7899909908364],[-80.9259153853401,35.7899867058325],[-80.9259157432395,35.7899824062805],[-80.925917013426,35.7899782230252],[-80.925919154662,35.7899742829298],[-80.9259221045015,35.7899707050795],[-80.9259257715054,35.7899675991009],[-80.9259300439608,35.7899650596157],[-80.9259347931133,35.7899631625832],[-80.9259398754222,35.7899619670676],[-80.9259451346008,35.7899615079942],[-80.925950411678,35.7899618004972],[-80.925955545976,35.7899628344958],[-80.925960381875,35.7899645799958],[-80.92596477313,35.7899669825141],[-80.9259685852551,35.7899699702532],[-80.9259717020949,35.7899734512923],[-80.9259740304418,35.7899773216284],[-80.9259754977388,35.7899814616061],[-80.9259760611845,35.7899857465923],[-80.9259757021823,35.7899900461619],[-80.9259744331047,35.7899942294003],[-80.9259722907863,35.7899981704153],[-80.9259693420326,35.7900017473481],[-80.9259656750288,35.790004853328],[-80.9259614025724,35.7900073928144],[-80.9259566523119,35.7900092898655],[-80.9259515711278,35.7900104862654],[-80.9259463119247,35.790010944438]]},"properties":{"id":"arcgis-164-2-54e703c7254ad724","sourceId":"arcgis-164-2","source":"Fiber_Layer_AGOL \u2014 Statesville_Fiber_Extras","sourceUrl":"https://services2.arcgis.com/WbGEgSzGTEPg4fr6/arcgis/rest/services/Fiber_Layer_AGOL/FeatureServer/2","name":"Fiber_Layer_AGOL \u2014 Statesville_Fiber_Extras","carrier":"Not published","routeStatus":"Unknown","category":"unknown","evidence":"agency_route","dataDate":null,"metadataModified":"2023-12-22T14:55:19+00:00","retrievedAt":"2026-09-18T02:37:01.936831+00:00","networkType":"Published fiber route; network class not specified","serviceability":"Unconfirmed","routeDiversity":"Unconfirmed","states":["NC"]},"bbox":[-80.9259760611845,35.7899615079942,-80.9259153853401,35.790010944438]},{"type":"Feature","geometry":{"type":"LineString","coordinates":[[-80.9303365813161,35.7917280411234],[-80.930331039304,35.7917277340746],[-80.9303256468733,35.7917266475533],[-80.9303205674777,35.79172481503],[-80.93031595626,35.7917222926447],[-80.9303119533082,35.7917191548064],[-80.9303086793385,35.7917154987683],[-80.9303062343742,35.7917114356347],[-80.9303046932571,35.7917070877267],[-80.9303041012015,35.7917025877515],[-80.9303044780679,35.7916980724239],[-80.9303058105345,35.7916936789848],[-80.9303080597324,35.7916895405719],[-80.9303111567567,35.7916857835871],[-80.9303150080673,35.7916825222011],[-80.9303194954038,35.7916798547495],[-80.9303244823997,35.7916778627257],[-80.9303298189212,35.7916766071067],[-80.9303353420864,35.7916761247308],[-80.9303408840951,35.7916764317795],[-80.9303462765011,35.791677517399],[-80.9303513547882,35.7916793499388],[-80.9303559660261,35.7916818732239],[-80.9303599700838,35.7916850110433],[-80.9303632440546,35.79168866708],[-80.930365687915,35.79169273023],[-80.9303672301412,35.7916970781198],[-80.9303678222003,35.7917015780947],[-80.9303674453374,35.7917060934224],[-80.9303661117678,35.7917104868798],[-80.9303638625508,35.7917146243925],[-80.9303607655279,35.7917183813787],[-80.930356915345,35.7917216436496],[-80.9303524280074,35.7917243111026],[-80.9303474410093,35.7917263031276],[-80.9303421044849,35.7917275587472],[-80.9303365813161,35.7917280411234]]},"properties":{"id":"arcgis-164-2-fd023e305100f00a","sourceId":"arcgis-164-2","source":"Fiber_Layer_AGOL \u2014 Statesville_Fiber_Extras","sourceUrl":"https://services2.arcgis.com/WbGEgSzGTEPg4fr6/arcgis/rest/services/Fiber_Layer_AGOL/FeatureServer/2","name":"Fiber_Layer_AGOL \u2014 Statesville_Fiber_Extras","carrier":"Not published","routeStatus":"Unknown","category":"unknown","evidence":"agency_route","dataDate":null,"metadataModified":"2023-12-22T14:55:19+00:00","retrievedAt":"2026-09-18T02:37:01.936831+00:00","networkType":"Published fiber route; network class not specified","serviceability":"Unconfirmed","routeDiversity":"Unconfirmed","states":["NC"]},"bbox":[-80.9303678222003,35.7916761247308,-80.9303041012015,35.7917280411234]},{"type":"Feature","geometry":{"type":"LineString","coordinates":[[-80.9314116341438,35.7921329056399],[-80.9314051093487,35.7921325448039],[-80.9313987595907,35.7921312661593],[-80.9313927794241,35.792129108091],[-80.9313873507974,35.7921261371311],[-80.9313826363095,35.7921224435575],[-80.9313787813563,35.7921181386555],[-80.9313759030497,35.7921133539921],[-80.9313740878536,35.7921082351431],[-80.9313733914555,35.7921029362853],[-80.931373834342,35.7920976202675],[-80.9313754037524,35.7920924477608],[-80.9313780514244,35.7920875754918],[-80.9313816979098,35.792083151666],[-80.9313862324461,35.7920793105615],[-80.9313915151252,35.792076170691],[-80.9313973877179,35.7920738247141],[-80.9314036716121,35.7920723457803],[-80.9314101742339,35.7920717784118],[-80.9314167001301,35.79207213923],[-80.9314230487777,35.7920734178913],[-80.931429028941,35.792075575958],[-80.9314344586503,35.7920785459974],[-80.9314391720536,35.7920822404878],[-80.9314430270082,35.792086545388],[-80.9314459064239,35.7920913300322],[-80.9314477216241,35.7920964488802],[-80.9314484180056,35.7921017468365],[-80.9314479751455,35.7921070637557],[-80.9314464057394,35.7921122362632],[-80.9314437569647,35.7921171085513],[-80.9314401104811,35.7921215323789],[-80.9314355770296,35.7921253725667],[-80.9314302932644,35.7921285133576],[-80.9314244206687,35.7921308593361],[-80.9314181378764,35.7921323382535],[-80.9314116341438,35.7921329056399]]},"properties":{"id":"arcgis-164-2-ec21e990d1bf32fb","sourceId":"arcgis-164-2","source":"Fiber_Layer_AGOL \u2014 Statesville_Fiber_Extras","sourceUrl":"https://services2.arcgis.com/WbGEgSzGTEPg4fr6/arcgis/rest/services/Fiber_Layer_AGOL/FeatureServer/2","name":"Fiber_Layer_AGOL \u2014 Statesville_Fiber_Extras","carrier":"Not published","routeStatus":"Unknown","category":"unknown","evidence":"agency_route","dataDate":null,"metadataModified":"2023-12-22T14:55:19+00:00","retrievedAt":"2026-09-18T02:37:01.936831+00:00","networkType":"Published fiber route; network class not specified","serviceability":"Unconfirmed","routeDiversity":"Unconfirmed","states":["NC"]},"bbox":[-80.9314484180056,35.7920717784118,-80.9313733914555,35.7921329056399]},{"type":"Feature","geometry":{"type":"LineString","coordinates":[[-80.9349594175621,35.7933476544246],[-80.9349538310913,35.7933473446842],[-80.9349483951587,35.7933462509427],[-80.9349432753706,35.7933444039257],[-80.9349386268978,35.7933418606684],[-80.9349345910059,35.7933386982603],[-80.9349312906099,35.793335013014],[-80.9349288257629,35.7933309169308],[-80.9349272724646,35.7933265341137],[-80.934926674853,35.7933219981868],[-80.9349270539247,35.7933174467479],[-80.9349283974931,35.7933130179218],[-80.9349306645269,35.7933088466851],[-80.934933786127,35.7933050594422],[-80.9349376676953,35.7933017721873],[-80.9349421909744,35.7932990832602],[-80.9349472185153,35.7932970750784],[-80.9349525979724,35.7932958086597],[-80.9349581653782,35.7932953217671],[-80.9349637518455,35.7932956315073],[-80.9349691877749,35.7932967252482],[-80.9349743075606,35.7932985722641],[-80.9349789560321,35.7933011155201],[-80.9349829908176,35.7933042779443],[-80.9349862912148,35.7933079631892],[-80.9349887560639,35.7933120592714],[-80.9349903104714,35.7933164420701],[-80.9349909080865,35.7933209779967],[-80.9349905279123,35.7933255294533],[-80.9349891843472,35.7933299582801],[-80.9349869184218,35.7933341295003],[-80.9349837968231,35.7933379167445],[-80.934979915255,35.7933412040009],[-80.9349753919963,35.7933438938305],[-80.9349703644532,35.7933459020134],[-80.9349649849716,35.7933471675318],[-80.9349594175621,35.7933476544246]]},"properties":{"id":"arcgis-164-2-2b48eda995319bfd","sourceId":"arcgis-164-2","source":"Fiber_Layer_AGOL \u2014 Statesville_Fiber_Extras","sourceUrl":"https://services2.arcgis.com/WbGEgSzGTEPg4fr6/arcgis/rest/services/Fiber_Layer_AGOL/FeatureServer/2","name":"Fiber_Layer_AGOL \u2014 Statesville_Fiber_Extras","carrier":"Not published","routeStatus":"Unknown","category":"unknown","evidence":"agency_route","dataDate":null,"metadataModified":"2023-12-22T14:55:19+00:00","retrievedAt":"2026-09-18T02:37:01.936831+00:00","networkType":"Published fiber route; network class not specified","serviceability":"Unconfirmed","routeDiversity":"Unconfirmed","states":["NC"]},"bbox":[-80.9349909080865,35.7932953217671,-80.934926674853,35.7933476544246]},{"type":"Feature","geometry":{"type":"LineString","coordinates":[[-80.9349868393943,35.7933030340357],[-80.934981578701,35.7933027434632],[-80.9349764596256,35.7933017123036],[-80.9349716389689,35.7932999732257],[-80.9349672607109,35.7932975780331],[-80.9349634605008,35.7932946002985],[-80.9349603522536,35.7932911301667],[-80.9349580314258,35.7932872725],[-80.9349565672292,35.7932831451987],[-80.9349560058204,35.7932788737411],[-80.9349563624711,35.7932745877024],[-80.9349576281192,35.793270417044],[-80.9349597626456,35.7932664886148],[-80.9349627025307,35.7932629224227],[-80.9349663574068,35.7932598262816],[-80.9349706166516,35.7932572939023],[-80.934975351557,35.793255403056],[-80.9349804174124,35.7932542101316],[-80.9349856602054,35.7932537527343],[-80.9349909208956,35.7932540433066],[-80.9349960399681,35.7932550744656],[-80.9350008617288,35.793256813525],[-80.9350052388794,35.793259208734],[-80.9350090390894,35.7932621864673],[-80.9350121473376,35.7932656565979],[-80.9350144681674,35.7932695142636],[-80.9350159323666,35.7932736415642],[-80.9350164937787,35.7932779130215],[-80.9350161371311,35.7932821990604],[-80.9350148714858,35.7932863697193],[-80.93501273694,35.7932902972484],[-80.9350097970777,35.7932938643428],[-80.9350061422017,35.7932969604852],[-80.935001882956,35.7932994928657],[-80.9349971480485,35.7933013837131],[-80.9349920821905,35.7933025766381],[-80.9349868393943,35.7933030340357]]},"properties":{"id":"arcgis-164-2-ed75148c2168e7b6","sourceId":"arcgis-164-2","source":"Fiber_Layer_AGOL \u2014 Statesville_Fiber_Extras","sourceUrl":"https://services2.arcgis.com/WbGEgSzGTEPg4fr6/arcgis/rest/services/Fiber_Layer_AGOL/FeatureServer/2","name":"Fiber_Layer_AGOL \u2014 Statesville_Fiber_Extras","carrier":"Not published","routeStatus":"Unknown","category":"unknown","evidence":"agency_route","dataDate":null,"metadataModified":"2023-12-22T14:55:19+00:00","retrievedAt":"2026-09-18T02:37:01.936831+00:00","networkType":"Published fiber route; network class not specified","serviceability":"Unconfirmed","routeDiversity":"Unconfirmed","states":["NC"]},"bbox":[-80.9350164937787,35.7932537527343,-80.9349560058204,35.7933030340357]},{"type":"Feature","geometry":{"type":"LineString","coordinates":[[-80.9381920196019,35.7956324753106],[-80.9381859310429,35.7956321385446],[-80.9381800067744,35.7956309463354],[-80.9381744268964,35.7956289336814],[-80.9381693610739,35.7956261618906],[-80.9381649629416,35.7956227159659],[-80.9381613655712,35.7956187001683],[-80.938158679216,35.7956142362512],[-80.9381569845877,35.7956094599602],[-80.9381563338549,35.7956045165101],[-80.9381567472163,35.795599556132],[-80.9381582116868,35.7955947295848],[-80.9381606820956,35.7955901836317],[-80.9381640842968,35.7955860564819],[-80.938168313955,35.7955824733021],[-80.9381732430961,35.7955795425065],[-80.9381787222757,35.7955773539189],[-80.9381845848746,35.7955759732956],[-80.938190652651,35.7955754431388],[-80.9381967400996,35.7955757799221],[-80.938202664386,35.7955769730317],[-80.938208244261,35.7955789856845],[-80.9382133111664,35.7955817565549],[-80.9382177093201,35.7955852033791],[-80.9382213066919,35.795589219175],[-80.9382239930498,35.7955936830908],[-80.9382256865755,35.7955984593986],[-80.9382263373125,35.7956034028483],[-80.9382259239337,35.7956083623254],[-80.9382244605732,35.7956131888559],[-80.9382219901672,35.7956177348102],[-80.9382185879893,35.7956218628627],[-80.9382143583312,35.7956254460442],[-80.9382094291889,35.7956283768415],[-80.9382039500067,35.7956305654305],[-80.9381980873825,35.7956319451534],[-80.9381920196019,35.7956324753106]]},"properties":{"id":"arcgis-164-2-82d85d0800236b22","sourceId":"arcgis-164-2","source":"Fiber_Layer_AGOL \u2014 Statesville_Fiber_Extras","sourceUrl":"https://services2.arcgis.com/WbGEgSzGTEPg4fr6/arcgis/rest/services/Fiber_Layer_AGOL/FeatureServer/2","name":"Fiber_Layer_AGOL \u2014 Statesville_Fiber_Extras","carrier":"Not published","routeStatus":"Unknown","category":"unknown","evidence":"agency_route","dataDate":null,"metadataModified":"2023-12-22T14:55:19+00:00","retrievedAt":"2026-09-18T02:37:01.936831+00:00","networkType":"Published fiber route; network class not specified","serviceability":"Unconfirmed","routeDiversity":"Unconfirmed","states":["NC"]},"bbox":[-80.9382263373125,35.7955754431388,-80.9381563338549,35.7956324753106]},{"type":"Feature","geometry":{"type":"LineString","coordinates":[[-80.9421147364331,35.7979106581979],[-80.9421111563125,35.7979104601389],[-80.9421076736678,35.7979097592859],[-80.9421043929973,35.7979085756095],[-80.9421014147859,35.7979069462729],[-80.9420988287381,35.7979049203309],[-80.942096712694,35.7979025596483],[-80.9420951336484,35.7978999352783],[-80.9420941377737,35.7978971267192],[-80.9420937548231,35.7978942209434],[-80.9420939979361,35.7978913042865],[-80.9420948582152,35.7978884670414],[-80.9420963100409,35.7978857943584],[-80.9420983099871,35.7978833671644],[-80.9421007967774,35.7978812603597],[-80.9421036955805,35.7978795373417],[-80.9421069169251,35.7978782509224],[-80.9421103632289,35.7978774387179],[-80.9421139311194,35.7978771276183],[-80.9421175101107,35.7978773247936],[-80.9421209938818,35.7978780265299],[-80.9421242745297,35.7978792093047],[-80.9421272527406,35.7978808386407],[-80.9421298387883,35.7978828645822],[-80.9421319537483,35.797885226183],[-80.942133533901,35.7978878505349],[-80.9421345297553,35.7978906581925],[-80.942134912729,35.7978935648694],[-80.9421346695959,35.7978964806251],[-80.9421338093181,35.7978993178706],[-80.9421323564088,35.7979019914728],[-80.9421303564416,35.7979044177662],[-80.9421278696513,35.7979065245714],[-80.9421249719539,35.7979082475724],[-80.9421217506301,35.7979095348933],[-80.9421183043033,35.797910346197],[-80.9421147364331,35.7979106581979]]},"properties":{"id":"arcgis-164-2-5aad944dfe8789f6","sourceId":"arcgis-164-2","source":"Fiber_Layer_AGOL \u2014 Statesville_Fiber_Extras","sourceUrl":"https://services2.arcgis.com/WbGEgSzGTEPg4fr6/arcgis/rest/services/Fiber_Layer_AGOL/FeatureServer/2","name":"Fiber_Layer_AGOL \u2014 Statesville_Fiber_Extras","carrier":"Not published","routeStatus":"Unknown","category":"unknown","evidence":"agency_route","dataDate":null,"metadataModified":"2023-12-22T14:55:19+00:00","retrievedAt":"2026-09-18T02:37:01.936831+00:00","networkType":"Published fiber route; network class not specified","serviceability":"Unconfirmed","routeDiversity":"Unconfirmed","states":["NC"]},"bbox":[-80.942134912729,35.7978771276183,-80.9420937548231,35.7979106581979]},{"type":"Feature","geometry":{"type":"LineString","coordinates":[[-80.9421401726862,35.7979427873567],[-80.942136068464,35.7979425606909],[-80.9421320743228,35.7979417571063],[-80.9421283125677,35.7979404007971],[-80.9421248970443,35.7979385323197],[-80.9421219320536,35.797936209511],[-80.9421195077982,35.7979335021526],[-80.9421176959789,35.7979304929422],[-80.9421165541112,35.797927272917],[-80.9421161155482,35.7979239407116],[-80.9421163937754,35.7979205970803],[-80.942117380177,35.7979173440312],[-80.9421190461181,35.7979142793837],[-80.9421213385197,35.7979114968396],[-80.942124189707,35.7979090813182],[-80.9421275128972,35.7979071054222],[-80.9421312066244,35.7979056293671],[-80.9421351591211,35.7979046991086],[-80.9421392493161,35.7979043418189],[-80.9421433535364,35.7979045684846],[-80.9421473476759,35.7979053720688],[-80.9421511094513,35.7979067292786],[-80.9421545238678,35.797908597773],[-80.9421574899646,35.7979109205633],[-80.9421599142206,35.7979136279209],[-80.942161726041,35.7979166371307],[-80.9421628678888,35.7979198562543],[-80.9421633064537,35.7979231884595],[-80.9421630282284,35.7979265320909],[-80.9421620418501,35.7979297860417],[-80.9421603759104,35.7979328506897],[-80.9421580835095,35.7979356332345],[-80.9421552312161,35.7979380487743],[-80.9421519091316,35.7979400246534],[-80.9421482153815,35.7979414998079],[-80.9421442628832,35.7979424300668],[-80.9421401726862,35.7979427873567]]},"properties":{"id":"arcgis-164-2-5b40ac5d2e0b3e23","sourceId":"arcgis-164-2","source":"Fiber_Layer_AGOL \u2014 Statesville_Fiber_Extras","sourceUrl":"https://services2.arcgis.com/WbGEgSzGTEPg4fr6/arcgis/rest/services/Fiber_Layer_AGOL/FeatureServer/2","name":"Fiber_Layer_AGOL \u2014 Statesville_Fiber_Extras","carrier":"Not published","routeStatus":"Unknown","category":"unknown","evidence":"agency_route","dataDate":null,"metadataModified":"2023-12-22T14:55:19+00:00","retrievedAt":"2026-09-18T02:37:01.936831+00:00","networkType":"Published fiber route; network class not specified","serviceability":"Unconfirmed","routeDiversity":"Unconfirmed","states":["NC"]},"bbox":[-80.9421633064537,35.7979043418189,-80.9421161155482,35.7979427873567]},{"type":"Feature","geometry":{"type":"LineString","coordinates":[[-80.9423089581221,35.7983333979276],[-80.9423052406016,35.7983331930493],[-80.9423016222708,35.7983324646149],[-80.9422982154583,35.7983312360759],[-80.942295121734,35.7983295436767],[-80.9422924363991,35.7983274390871],[-80.9422902395929,35.7983249877414],[-80.9422885983323,35.7983222615936],[-80.9422875644509,35.7983193454609],[-80.9422871666179,35.7983163272344],[-80.9422874192089,35.798313298639],[-80.9422883122638,35.7983103517875],[-80.942289821356,35.7983075754175],[-80.9422918976365,35.7983050550497],[-80.9422944809784,35.7983028673694],[-80.9422974910626,35.7983010776643],[-80.94230083627,35.7982997414857],[-80.942304415743,35.7982988983047],[-80.9423081205557,35.7982985741988],[-80.9423118392024,35.7982987799605],[-80.9423154564257,35.7982995084123],[-80.9423188632371,35.7983007369507],[-80.9423219569608,35.7983024293494],[-80.9423246433801,35.7983045330195],[-80.9423268391023,35.7983069852834],[-80.9423284803423,35.7983097105296],[-80.9423295142466,35.7983126275631],[-80.9423299120812,35.7983156457895],[-80.9423296594918,35.798318674385],[-80.9423287664383,35.7983216212367],[-80.9423272573256,35.7983243967061],[-80.9423251810457,35.7983269170745],[-80.9423225977254,35.7983291056566],[-80.9423195876408,35.7983308953622],[-80.9423162424323,35.7983322315414],[-80.9423126629581,35.7983330747227],[-80.9423089581221,35.7983333979276]]},"properties":{"id":"arcgis-164-2-4bb79784a7209f89","sourceId":"arcgis-164-2","source":"Fiber_Layer_AGOL \u2014 Statesville_Fiber_Extras","sourceUrl":"https://services2.arcgis.com/WbGEgSzGTEPg4fr6/arcgis/rest/services/Fiber_Layer_AGOL/FeatureServer/2","name":"Fiber_Layer_AGOL \u2014 Statesville_Fiber_Extras","carrier":"Not published","routeStatus":"Unknown","category":"unknown","evidence":"agency_route","dataDate":null,"metadataModified":"2023-12-22T14:55:19+00:00","retrievedAt":"2026-09-18T02:37:01.936831+00:00","networkType":"Published fiber route; network class not specified","serviceability":"Unconfirmed","routeDiversity":"Unconfirmed","states":["NC"]},"bbox":[-80.9423299120812,35.7982985741988,-80.9422871666179,35.7983333979276]},{"type":"Feature","geometry":{"type":"LineString","coordinates":[[-80.9422973851546,35.7982965763063],[-80.9423183598275,35.7983002338195]]},"properties":{"id":"arcgis-164-2-cd668e314f086e05","sourceId":"arcgis-164-2","source":"Fiber_Layer_AGOL \u2014 Statesville_Fiber_Extras","sourceUrl":"https://services2.arcgis.com/WbGEgSzGTEPg4fr6/arcgis/rest/services/Fiber_Layer_AGOL/FeatureServer/2","name":"Fiber_Layer_AGOL \u2014 Statesville_Fiber_Extras","carrier":"Not published","routeStatus":"Unknown","category":"unknown","evidence":"agency_route","dataDate":null,"metadataModified":"2023-12-22T14:55:19+00:00","retrievedAt":"2026-09-18T02:37:01.936831+00:00","networkType":"Published fiber route; network class not specified","serviceability":"Unconfirmed","routeDiversity":"Unconfirmed","states":["NC"]},"bbox":[-80.9423183598275,35.7982965763063,-80.9422973851546,35.7983002338195]},{"type":"Feature","geometry":{"type":"LineString","coordinates":[[-80.9386030222619,35.7963458619217],[-80.9385981502815,35.7963455932639],[-80.9385934112322,35.7963446382441],[-80.9385889463929,35.7963430279703],[-80.9385848930284,35.7963408107429],[-80.9385813744773,35.7963380540157],[-80.9385784967472,35.7963348408441],[-80.938576347387,35.7963312690012],[-80.938574990976,35.7963274474438],[-80.9385744712496,35.7963234926723],[-80.9385748010362,35.7963195243838],[-80.9385759732538,35.7963156625916],[-80.9385779498053,35.796312026],[-80.9385806713393,35.7963087237344],[-80.9385840550598,35.7963058562786],[-80.9385879990639,35.7963035117989],[-80.9385923833184,35.79630176072],[-80.9385970741063,35.7963006565556],[-80.9386019283644,35.7963002322336],[-80.9386067992576,35.79630050181],[-80.938611539389,35.7963014559105],[-80.9386160031203,35.7963030662011],[-80.9386200565053,35.7963052843287],[-80.9386235761625,35.7963080410372],[-80.9386264538934,35.7963112542078],[-80.9386286032553,35.7963148260498],[-80.9386299585408,35.7963186467231],[-80.9386304793977,35.7963226023778],[-80.9386301485076,35.7963265706842],[-80.938628977377,35.7963304315581],[-80.938627000849,35.7963340690517],[-80.9386242782099,35.7963373713358],[-80.9386208944678,35.7963402378916],[-80.9386169504846,35.7963425832735],[-80.9386125662283,35.7963443343533],[-80.9386078765443,35.7963454385006],[-80.9386030222619,35.7963458619217]]},"properties":{"id":"arcgis-164-2-21c58469caefab1c","sourceId":"arcgis-164-2","source":"Fiber_Layer_AGOL \u2014 Statesville_Fiber_Extras","sourceUrl":"https://services2.arcgis.com/WbGEgSzGTEPg4fr6/arcgis/rest/services/Fiber_Layer_AGOL/FeatureServer/2","name":"Fiber_Layer_AGOL \u2014 Statesville_Fiber_Extras","carrier":"Not published","routeStatus":"Unknown","category":"unknown","evidence":"agency_route","dataDate":null,"metadataModified":"2023-12-22T14:55:19+00:00","retrievedAt":"2026-09-18T02:37:01.936831+00:00","networkType":"Published fiber route; network class not specified","serviceability":"Unconfirmed","routeDiversity":"Unconfirmed","states":["NC"]},"bbox":[-80.9386304793977,35.7963002322336,-80.9385744712496,35.7963458619217]},{"type":"Feature","geometry":{"type":"LineString","coordinates":[[-80.9337324085,35.796366942488],[-80.9337287630984,35.7963667407125],[-80.933725216092,35.7963660262192],[-80.9337218753582,35.7963648216366],[-80.9337188424174,35.7963631614137],[-80.9337162081601,35.7963610981986],[-80.9337140548426,35.7963586937914],[-80.9337124461758,35.7963560211047],[-80.9337114316847,35.7963531613901],[-80.933711042219,35.7963502016042],[-80.9337112898673,35.7963472308046],[-80.9337121668724,35.7963443410686],[-80.9337136465434,35.7963416193647],[-80.9337156832772,35.7963391484539],[-80.9337182157912,35.7963370032329],[-80.933721168164,35.7963352480122],[-80.9337244487515,35.7963339374355],[-80.933727958928,35.7963331118331],[-80.9337315919154,35.7963327945359],[-80.9337352373155,35.7963329963112],[-80.933738784299,35.7963337099031],[-80.9337421250533,35.7963349153865],[-80.9337451579719,35.7963365747076],[-80.9337477922508,35.7963386388233],[-80.9337499455687,35.7963410432299],[-80.9337515542365,35.796343715916],[-80.9337525687289,35.7963465756304],[-80.9337529581961,35.7963495354161],[-80.9337527105278,35.7963525053146],[-80.933751833524,35.7963553950509],[-80.9337503538541,35.7963581167553],[-80.9337483171424,35.7963605885678],[-80.9337457846285,35.7963627337894],[-80.9337428322337,35.7963644881094],[-80.9337395516452,35.7963657986867],[-80.9337360414889,35.7963666251906],[-80.9337324085,35.796366942488]]},"properties":{"id":"arcgis-164-2-10ecd9f66db1b3bb","sourceId":"arcgis-164-2","source":"Fiber_Layer_AGOL \u2014 Statesville_Fiber_Extras","sourceUrl":"https://services2.arcgis.com/WbGEgSzGTEPg4fr6/arcgis/rest/services/Fiber_Layer_AGOL/FeatureServer/2","name":"Fiber_Layer_AGOL \u2014 Statesville_Fiber_Extras","carrier":"Not published","routeStatus":"Unknown","category":"unknown","evidence":"agency_route","dataDate":null,"metadataModified":"2023-12-22T14:55:19+00:00","retrievedAt":"2026-09-18T02:37:01.936831+00:00","networkType":"Published fiber route; network class not specified","serviceability":"Unconfirmed","routeDiversity":"Unconfirmed","states":["NC"]},"bbox":[-80.9337529581961,35.7963327945359,-80.933711042219,35.796366942488]},{"type":"Feature","geometry":{"type":"LineString","coordinates":[[-80.9301922489104,35.7956489333171],[-80.9301890301412,35.7956487553286],[-80.9301858990409,35.7956481242948],[-80.9301829490408,35.7956470603718],[-80.9301802716394,35.7956455954659],[-80.9301779464473,35.7956437733911],[-80.9301760456334,35.795641650701],[-80.9301746260315,35.795639290502],[-80.930173730332,35.7956367660419],[-80.930173386889,35.7956341525981],[-80.930173605381,35.7956315311531],[-80.930174379915,35.7956289793302],[-80.9301756858368,35.7956265768528],[-80.9301774838973,35.7956243946603],[-80.9301797204032,35.7956225012166],[-80.9301823258529,35.7956209517135],[-80.9301852228513,35.7956197951569],[-80.9301883214703,35.795619065426],[-80.9301915293112,35.7956187856209],[-80.9301947469731,35.7956189636268],[-80.9301978780723,35.7956195946604],[-80.9302008280716,35.7956206585831],[-80.9302035054942,35.7956221243897],[-80.9302058306647,35.7956239455628],[-80.9302077315004,35.7956260691537],[-80.9302091521877,35.7956284284336],[-80.930210046782,35.795630952911],[-80.9302103902263,35.7956335663547],[-80.930210171757,35.7956361887009],[-80.9302093983086,35.7956387396053],[-80.9302080912815,35.7956411421006],[-80.9302062932215,35.7956433242935],[-80.9302040567157,35.7956452177377],[-80.9302014512655,35.7956467672413],[-80.9301985553725,35.7956479237807],[-80.9301954556464,35.7956486535294],[-80.9301922489104,35.7956489333171]]},"properties":{"id":"arcgis-164-2-823ec5eeb485d2cf","sourceId":"arcgis-164-2","source":"Fiber_Layer_AGOL \u2014 Statesville_Fiber_Extras","sourceUrl":"https://services2.arcgis.com/WbGEgSzGTEPg4fr6/arcgis/rest/services/Fiber_Layer_AGOL/FeatureServer/2","name":"Fiber_Layer_AGOL \u2014 Statesville_Fiber_Extras","carrier":"Not published","routeStatus":"Unknown","category":"unknown","evidence":"agency_route","dataDate":null,"metadataModified":"2023-12-22T14:55:19+00:00","retrievedAt":"2026-09-18T02:37:01.936831+00:00","networkType":"Published fiber route; network class not specified","serviceability":"Unconfirmed","routeDiversity":"Unconfirmed","states":["NC"]},"bbox":[-80.9302103902263,35.7956187856209,-80.930173386889,35.7956489333171]},{"type":"Feature","geometry":{"type":"LineString","coordinates":[[-80.9256811989646,35.7968029857396],[-80.925675700954,35.7968026813849],[-80.9256703527294,35.7968016038729],[-80.9256653144128,35.7967997858316],[-80.9256607400474,35.7967972834244],[-80.9256567697255,35.7967941710652],[-80.9256535219318,35.7967905451459],[-80.925651096625,35.7967865140706],[-80.9256495675599,35.7967822010818],[-80.9256489810305,35.7967777379695],[-80.9256493546357,35.7967732596819],[-80.9256506772144,35.7967689016215],[-80.9256529087812,35.7967647969419],[-80.9256559815043,35.7967610711236],[-80.9256598006608,35.7967578356476],[-80.9256642524232,35.7967551896757],[-80.9256691993057,35.7967532147137],[-80.9256744933092,35.7967519689943],[-80.9256799715828,35.7967514911518],[-80.9256854695898,35.7967517955063],[-80.9256908178114,35.7967528730177],[-80.9256958561042,35.7967546901568],[-80.9257004304898,35.7967571934639],[-80.92570440079,35.7967603049205],[-80.9257076486062,35.7967639317396],[-80.9257100739152,35.7967679628139],[-80.9257116029618,35.7967722749008],[-80.925712189516,35.7967767389139],[-80.9257118159143,35.7967812172017],[-80.9257104933387,35.7967855752628],[-80.9257082617528,35.7967896790421],[-80.9257051890525,35.7967934057629],[-80.9257013698961,35.7967966412404],[-80.9256969181111,35.7967992863124],[-80.925691971248,35.7968012621766],[-80.9256866772415,35.7968025078968],[-80.9256811989646,35.7968029857396]]},"properties":{"id":"arcgis-164-2-c60f0fff8ffeca07","sourceId":"arcgis-164-2","source":"Fiber_Layer_AGOL \u2014 Statesville_Fiber_Extras","sourceUrl":"https://services2.arcgis.com/WbGEgSzGTEPg4fr6/arcgis/rest/services/Fiber_Layer_AGOL/FeatureServer/2","name":"Fiber_Layer_AGOL \u2014 Statesville_Fiber_Extras","carrier":"Not published","routeStatus":"Unknown","category":"unknown","evidence":"agency_route","dataDate":null,"metadataModified":"2023-12-22T14:55:19+00:00","retrievedAt":"2026-09-18T02:37:01.936831+00:00","networkType":"Published fiber route; network class not specified","serviceability":"Unconfirmed","routeDiversity":"Unconfirmed","states":["NC"]},"bbox":[-80.925712189516,35.7967514911518,-80.9256489810305,35.7968029857396]},{"type":"Feature","geometry":{"type":"LineString","coordinates":[[-80.9205557204916,35.7986036037992],[-80.9205500561525,35.7986032892126],[-80.9205445444351,35.7986021788938],[-80.9205393521001,35.7986003053731],[-80.9205346398702,35.798597726518],[-80.9205305479006,35.7985945194517],[-80.920527201352,35.7985907822687],[-80.9205247025196,35.7985866287495],[-80.9205231274282,35.7985821848083],[-80.9205225235353,35.7985775849229],[-80.920522908581,35.7985729703504],[-80.9205242714812,35.7985684800974],[-80.9205265711991,35.798564250037],[-80.9205297378096,35.7985604110882],[-80.9205336744326,35.7985570774664],[-80.9205382606587,35.7985543511369],[-80.920543360143,35.7985523153845],[-80.9205488150094,35.7985510321972],[-80.9205544601887,35.7985505402372],[-80.9205601256089,35.798550853905],[-80.920565637323,35.7985519642231],[-80.9205708285494,35.7985538377602],[-80.9205755419054,35.7985564174977],[-80.9205796338749,35.7985596245626],[-80.920582979297,35.7985633608604],[-80.9205854781532,35.7985675152795],[-80.9205870532476,35.7985719592201],[-80.920587658229,35.7985765581865],[-80.9205872721022,35.7985811736778],[-80.9205859092053,35.7985856639314],[-80.9205836094684,35.7985898930918],[-80.9205804439869,35.7985937329257],[-80.9205765073641,35.798597066549],[-80.9205719200093,35.7985997919961],[-80.9205668216289,35.7986018277322],[-80.9205613667593,35.7986031109203],[-80.9205557204916,35.7986036037992]]},"properties":{"id":"arcgis-164-2-b8f431c996ff40a5","sourceId":"arcgis-164-2","source":"Fiber_Layer_AGOL \u2014 Statesville_Fiber_Extras","sourceUrl":"https://services2.arcgis.com/WbGEgSzGTEPg4fr6/arcgis/rest/services/Fiber_Layer_AGOL/FeatureServer/2","name":"Fiber_Layer_AGOL \u2014 Statesville_Fiber_Extras","carrier":"Not published","routeStatus":"Unknown","category":"unknown","evidence":"agency_route","dataDate":null,"metadataModified":"2023-12-22T14:55:19+00:00","retrievedAt":"2026-09-18T02:37:01.936831+00:00","networkType":"Published fiber route; network class not specified","serviceability":"Unconfirmed","routeDiversity":"Unconfirmed","states":["NC"]},"bbox":[-80.920587658229,35.7985505402372,-80.9205225235353,35.7986036037992]},{"type":"Feature","geometry":{"type":"LineString","coordinates":[[-80.9165534956596,35.7992244520111],[-80.9165481615113,35.7992241563847],[-80.9165429722437,35.7992231102292],[-80.9165380846615,35.7992213462366],[-80.9165336472112,35.7992189179653],[-80.9165297944073,35.7992158981245],[-80.9165266446415,35.79921237951],[-80.9165242922898,35.7992084688182],[-80.9165228087762,35.7992042848255],[-80.9165222402744,35.7991999548199],[-80.9165226042617,35.7991956092446],[-80.9165238873064,35.7991913817339],[-80.9165260525974,35.799187399979],[-80.916529034392,35.7991837849145],[-80.9165327401432,35.7991806470782],[-80.916537059199,35.7991780801642],[-80.9165418595487,35.7991761637786],[-80.9165469953943,35.7991749561081],[-80.9165523115551,35.7991744929494],[-80.9165576445939,35.799174788593],[-80.9165628338373,35.7991758338467],[-80.9165677214173,35.7991775978384],[-80.9165721588877,35.7991800270096],[-80.9165760116702,35.7991830459479],[-80.916579161437,35.7991865645611],[-80.9165815137906,35.7991904752521],[-80.9165829973284,35.7991946601451],[-80.9165835658334,35.7991989901505],[-80.9165832029341,35.7992033348074],[-80.9165819188076,35.7992075632373],[-80.9165797535188,35.7992115449931],[-80.9165767728316,35.7992151600414],[-80.9165730659744,35.7992182978965],[-80.9165687469175,35.7992208648117],[-80.9165639465659,35.7992227811983],[-80.9165588107174,35.7992239888695],[-80.9165534956596,35.7992244520111]]},"properties":{"id":"arcgis-164-2-cfe9b63fcc234aff","sourceId":"arcgis-164-2","source":"Fiber_Layer_AGOL \u2014 Statesville_Fiber_Extras","sourceUrl":"https://services2.arcgis.com/WbGEgSzGTEPg4fr6/arcgis/rest/services/Fiber_Layer_AGOL/FeatureServer/2","name":"Fiber_Layer_AGOL \u2014 Statesville_Fiber_Extras","carrier":"Not published","routeStatus":"Unknown","category":"unknown","evidence":"agency_route","dataDate":null,"metadataModified":"2023-12-22T14:55:19+00:00","retrievedAt":"2026-09-18T02:37:01.936831+00:00","networkType":"Published fiber route; network class not specified","serviceability":"Unconfirmed","routeDiversity":"Unconfirmed","states":["NC"]},"bbox":[-80.9165835658334,35.7991744929494,-80.9165222402744,35.7992244520111]},{"type":"Feature","geometry":{"type":"LineString","coordinates":[[-80.9071427481694,35.8024827079036],[-80.9071377772784,35.802482431419],[-80.9071329404256,35.8024814568756],[-80.907128385462,35.8024798126104],[-80.9071242507928,35.8024775487442],[-80.9071206608885,35.8024747345476],[-80.9071177250935,35.8024714548534],[-80.9071155332016,35.8024678101262],[-80.9071141520096,35.8024639111068],[-80.9071136219133,35.8024598752599],[-80.9071139613119,35.8024558258037],[-80.9071151576298,35.8024518864407],[-80.9071171760396,35.802448175813],[-80.9071199550157,35.80244480667],[-80.9071234095678,35.802441882212],[-80.9071274355385,35.8024394906133],[-80.9071319096035,35.802437705023],[-80.9071366958232,35.8024365798561],[-80.9071416500262,35.8024361489218],[-80.907146620893,35.8024364245051],[-80.9071514566583,35.8024373999664],[-80.90715601162,35.8024390442307],[-80.907160147373,35.8024413071774],[-80.9071637372773,35.8024441213729],[-80.9071666719669,35.8024474010833],[-80.9071688638606,35.8024510458097],[-80.9071702461613,35.8024549448111],[-80.9071707751541,35.802458980675],[-80.9071704368645,35.8024630301142],[-80.907169239443,35.802466969495],[-80.9071672210563,35.8024706810247],[-80.9071644431663,35.8024740492502],[-80.9071609886143,35.8024769737094],[-80.9071569626427,35.8024793653091],[-80.907152488576,35.8024811509003],[-80.9071477012476,35.8024822760851],[-80.9071427481694,35.8024827079036]]},"properties":{"id":"arcgis-164-2-3ae7df5711cd47d6","sourceId":"arcgis-164-2","source":"Fiber_Layer_AGOL \u2014 Statesville_Fiber_Extras","sourceUrl":"https://services2.arcgis.com/WbGEgSzGTEPg4fr6/arcgis/rest/services/Fiber_Layer_AGOL/FeatureServer/2","name":"Fiber_Layer_AGOL \u2014 Statesville_Fiber_Extras","carrier":"Not published","routeStatus":"Unknown","category":"unknown","evidence":"agency_route","dataDate":null,"metadataModified":"2023-12-22T14:55:19+00:00","retrievedAt":"2026-09-18T02:37:01.936831+00:00","networkType":"Published fiber route; network class not specified","serviceability":"Unconfirmed","routeDiversity":"Unconfirmed","states":["NC"]},"bbox":[-80.9071707751541,35.8024361489218,-80.9071136219133,35.8024827079036]},{"type":"Feature","geometry":{"type":"LineString","coordinates":[[-80.9091847035488,35.8012640662124],[-80.9091781991769,35.8012637056602],[-80.9091718712841,35.8012624300203],[-80.9091659100114,35.8012602777824],[-80.9091604995432,35.801257316378],[-80.9091558013017,35.8012536334282],[-80.9091519596266,35.8012493429654],[-80.9091490915215,35.8012445729729],[-80.9091472834627,35.801239470844],[-80.9091465899741,35.8012341898814],[-80.9091470336697,35.8012288911003],[-80.9091485995309,35.8012237352035],[-80.9091512403742,35.801218879792],[-80.9091548766592,35.8012144712544],[-80.9091593975953,35.8012106447491],[-80.9091646642472,35.8012075151409],[-80.9091705195336,35.8012051786478],[-80.9091767825258,35.8012037057172],[-80.9091832650408,35.8012031407672],[-80.9091897694079,35.8012035013191],[-80.9091960984238,35.8012047778419],[-80.9092020585658,35.8012069291945],[-80.9092074701383,35.8012098905797],[-80.9092121672735,35.801213573545],[-80.9092160089713,35.8012178649071],[-80.9092188770581,35.8012226339969],[-80.9092206851423,35.801227737026],[-80.9092213786357,35.8012330179881],[-80.909220934945,35.8012383167696],[-80.9092193690668,35.8012434717661],[-80.9092167282268,35.8012483271789],[-80.9092130919437,35.8012527357184],[-80.9092085721352,35.8012565631095],[-80.9092033043544,35.8012596918356],[-80.9091974501925,35.8012620292142],[-80.9091911860899,35.8012635021631],[-80.9091847035488,35.8012640662124]]},"properties":{"id":"arcgis-164-2-f382c61e38d104c7","sourceId":"arcgis-164-2","source":"Fiber_Layer_AGOL \u2014 Statesville_Fiber_Extras","sourceUrl":"https://services2.arcgis.com/WbGEgSzGTEPg4fr6/arcgis/rest/services/Fiber_Layer_AGOL/FeatureServer/2","name":"Fiber_Layer_AGOL \u2014 Statesville_Fiber_Extras","carrier":"Not published","routeStatus":"Unknown","category":"unknown","evidence":"agency_route","dataDate":null,"metadataModified":"2023-12-22T14:55:19+00:00","retrievedAt":"2026-09-18T02:37:01.936831+00:00","networkType":"Published fiber route; network class not specified","serviceability":"Unconfirmed","routeDiversity":"Unconfirmed","states":["NC"]},"bbox":[-80.9092213786357,35.8012031407672,-80.9091465899741,35.8012640662124]},{"type":"Feature","geometry":{"type":"LineString","coordinates":[[-80.9060335718588,35.805201205198],[-80.9060265264135,35.8052008141726],[-80.9060196711947,35.8051994321247],[-80.9060132152428,35.8051971008593],[-80.9060073539388,35.8051938930466],[-80.9060022654944,35.8051899041627],[-80.9059981043782,35.8051852552972],[-80.905994997912,35.8051800896005],[-80.9059930393995,35.8051745624745],[-80.9059922881472,35.8051688424741],[-80.9059927692738,35.8051631031963],[-80.90599446586,35.8051575188957],[-80.905997326586,35.8051522598575],[-80.9060012655617,35.805147485188],[-80.906006162263,35.8051433401112],[-80.906011868042,35.8051399504582],[-80.9060182093607,35.8051374190101],[-80.9060249944075,35.8051358244936],[-80.9060320162033,35.8051352125168],[-80.9060390616429,35.8051356035418],[-80.9060459168566,35.8051369855888],[-80.9060523728046,35.8051393168525],[-80.9060582352128,35.8051425246458],[-80.906063323657,35.8051465135274],[-80.9060674836686,35.805151162408],[-80.9060705912445,35.8051563280856],[-80.906072549762,35.8051618552104],[-80.9060732999136,35.8051675752276],[-80.9060728198989,35.8051733144884],[-80.9060711233178,35.80517889879],[-80.9060682625957,35.8051841578299],[-80.9060643236222,35.8051889325016],[-80.9060594269211,35.8051930775806],[-80.9060537211403,35.8051964672358],[-80.9060473787118,35.805198998703],[-80.9060405936602,35.8052005932207],[-80.9060335718588,35.805201205198]]},"properties":{"id":"arcgis-164-2-95300786e32e374d","sourceId":"arcgis-164-2","source":"Fiber_Layer_AGOL \u2014 Statesville_Fiber_Extras","sourceUrl":"https://services2.arcgis.com/WbGEgSzGTEPg4fr6/arcgis/rest/services/Fiber_Layer_AGOL/FeatureServer/2","name":"Fiber_Layer_AGOL \u2014 Statesville_Fiber_Extras","carrier":"Not published","routeStatus":"Unknown","category":"unknown","evidence":"agency_route","dataDate":null,"metadataModified":"2023-12-22T14:55:19+00:00","retrievedAt":"2026-09-18T02:37:01.936831+00:00","networkType":"Published fiber route; network class not specified","serviceability":"Unconfirmed","routeDiversity":"Unconfirmed","states":["NC"]},"bbox":[-80.9060732999136,35.8051352125168,-80.9059922881472,35.805201205198]},{"type":"Feature","geometry":{"type":"LineString","coordinates":[[-80.898283477577,35.8065308883898],[-80.8982795702995,35.8065306715985],[-80.8982757685309,35.8065299050511],[-80.8982721879173,35.8065286121878],[-80.8982689367204,35.8065268318897],[-80.8982661147325,35.8065246193968],[-80.8982638076394,35.8065220418882],[-80.8982620847649,35.8065191767145],[-80.8982609979442,35.8065161105138],[-80.8982605826083,35.8065129382931],[-80.8982608487439,35.806509755456],[-80.8982617908495,35.8065066576473],[-80.8982633779792,35.806503740908],[-80.8982655624022,35.8065010934273],[-80.8982682784761,35.8064987946584],[-80.898271443731,35.8064969144],[-80.8982749610406,35.8064955109597],[-80.8982787240473,35.806494626562],[-80.8982826182901,35.806494288232],[-80.8982865266721,35.806494505006],[-80.8982903284392,35.8064952715531],[-80.8982939090516,35.8064965644158],[-80.8982971602478,35.8064983447132],[-80.8982999822356,35.8065005572054],[-80.8983022893293,35.8065031347134],[-80.898304012226,35.8065060007877],[-80.8983050979208,35.8065090661041],[-80.8983055143647,35.8065122383074],[-80.8983052471246,35.8065154211618],[-80.8983043061268,35.8065185189537],[-80.8983027189984,35.8065214356934],[-80.8983005345759,35.8065240831748],[-80.8982978185021,35.8065263819444],[-80.8982946532467,35.8065282622035],[-80.898291135936,35.8065296656443],[-80.8982873729278,35.8065305500424],[-80.898283477577,35.8065308883898]]},"properties":{"id":"arcgis-164-2-004486bffa5da2a0","sourceId":"arcgis-164-2","source":"Fiber_Layer_AGOL \u2014 Statesville_Fiber_Extras","sourceUrl":"https://services2.arcgis.com/WbGEgSzGTEPg4fr6/arcgis/rest/services/Fiber_Layer_AGOL/FeatureServer/2","name":"Fiber_Layer_AGOL \u2014 Statesville_Fiber_Extras","carrier":"Not published","routeStatus":"Unknown","category":"unknown","evidence":"agency_route","dataDate":null,"metadataModified":"2023-12-22T14:55:19+00:00","retrievedAt":"2026-09-18T02:37:01.936831+00:00","networkType":"Published fiber route; network class not specified","serviceability":"Unconfirmed","routeDiversity":"Unconfirmed","states":["NC"]},"bbox":[-80.8983055143647,35.806494288232,-80.8982605826083,35.8065308883898]},{"type":"Feature","geometry":{"type":"LineString","coordinates":[[-80.8982648599251,35.8065677586186],[-80.898260672269,35.8065675254601],[-80.8982565980625,35.8065667036573],[-80.898252760738,35.8065653183321],[-80.8982492763649,35.8065634109485],[-80.8982462525642,35.8065610402305],[-80.8982437795312,35.806558276893],[-80.8982419323117,35.806555206311],[-80.8982407695267,35.8065519213274],[-80.898240323373,35.8065485206057],[-80.8982406096014,35.8065451093761],[-80.8982416184543,35.8065417905616],[-80.8982433190919,35.8065386647092],[-80.8982456606124,35.806535826368],[-80.8982485709259,35.8065333632049],[-80.8982519632221,35.8065313486925],[-80.8982557326941,35.8065298439624],[-80.8982597653672,35.8065288967668],[-80.8982639401215,35.8065285333329],[-80.8982681277756,35.8065287664913],[-80.8982722019592,35.8065295873926],[-80.8982760393034,35.8065309736184],[-80.8982795236757,35.8065328810013],[-80.8982825474764,35.8065352517185],[-80.8982850205101,35.8065380150552],[-80.8982868666245,35.8065410856538],[-80.8982880305175,35.8065443706197],[-80.898288476652,35.8065477704401],[-80.8982881904468,35.806551182571],[-80.8982871815956,35.8065545013858],[-80.8982854809594,35.8065576272388],[-80.8982831394397,35.8065604655808],[-80.8982802291263,35.8065629287446],[-80.8982768368294,35.8065649432578],[-80.8982730673351,35.8065664470873],[-80.8982690346813,35.8065673951846],[-80.8982648599251,35.8065677586186]]},"properties":{"id":"arcgis-164-2-150cc0752cfc4dcc","sourceId":"arcgis-164-2","source":"Fiber_Layer_AGOL \u2014 Statesville_Fiber_Extras","sourceUrl":"https://services2.arcgis.com/WbGEgSzGTEPg4fr6/arcgis/rest/services/Fiber_Layer_AGOL/FeatureServer/2","name":"Fiber_Layer_AGOL \u2014 Statesville_Fiber_Extras","carrier":"Not published","routeStatus":"Unknown","category":"unknown","evidence":"agency_route","dataDate":null,"metadataModified":"2023-12-22T14:55:19+00:00","retrievedAt":"2026-09-18T02:37:01.936831+00:00","networkType":"Published fiber route; network class not specified","serviceability":"Unconfirmed","routeDiversity":"Unconfirmed","states":["NC"]},"bbox":[-80.898288476652,35.8065285333329,-80.898240323373,35.8065677586186]},{"type":"Feature","geometry":{"type":"LineString","coordinates":[[-80.8982536204135,35.8065230254646],[-80.8982679923493,35.806497354912]]},"properties":{"id":"arcgis-164-2-c340899ba077c666","sourceId":"arcgis-164-2","source":"Fiber_Layer_AGOL \u2014 Statesville_Fiber_Extras","sourceUrl":"https://services2.arcgis.com/WbGEgSzGTEPg4fr6/arcgis/rest/services/Fiber_Layer_AGOL/FeatureServer/2","name":"Fiber_Layer_AGOL \u2014 Statesville_Fiber_Extras","carrier":"Not published","routeStatus":"Unknown","category":"unknown","evidence":"agency_route","dataDate":null,"metadataModified":"2023-12-22T14:55:19+00:00","retrievedAt":"2026-09-18T02:37:01.936831+00:00","networkType":"Published fiber route; network class not specified","serviceability":"Unconfirmed","routeDiversity":"Unconfirmed","states":["NC"]},"bbox":[-80.8982679923493,35.806497354912,-80.8982536204135,35.8065230254646]},{"type":"Feature","geometry":{"type":"LineString","coordinates":[[-80.898077757739,35.8068925432117],[-80.8980742371744,35.8068923474347],[-80.8980708123482,35.8068916570456],[-80.898067586653,35.8068904920698],[-80.8980646583309,35.80688888884],[-80.8980621159424,35.8068868955593],[-80.8980600372811,35.8068845732194],[-80.8980584848643,35.8068819920651],[-80.8980575070178,35.8068792306756],[-80.8980571322599,35.8068763724464],[-80.898057372599,35.8068735046357],[-80.8980582201307,35.8068707148124],[-80.8980596502713,35.806868087199],[-80.8980616184182,35.8068657018221],[-80.8980640642904,35.8068636308393],[-80.8980669152263,35.8068619375859],[-80.8980700850135,35.806860673889],[-80.8980734749113,35.806859876445],[-80.8980769826059,35.8068595711882],[-80.898080503169,35.8068597669651],[-80.898083927994,35.8068604573539],[-80.8980871536882,35.8068616223293],[-80.8980900820098,35.8068632255586],[-80.8980926243982,35.8068652188388],[-80.8980947030599,35.8068675411781],[-80.8980962554776,35.8068701223319],[-80.8980972333253,35.8068728837211],[-80.8980976080847,35.8068757419503],[-80.8980973677258,35.8068786088598],[-80.8980965202165,35.8068813995845],[-80.8980950900769,35.8068840271984],[-80.8980931219305,35.8068864125758],[-80.8980906760584,35.8068884835592],[-80.8980878251221,35.8068901768131],[-80.8980846564402,35.8068914404932],[-80.8980812654349,35.8068922379548],[-80.898077757739,35.8068925432117]]},"properties":{"id":"arcgis-164-2-37930820d4c06126","sourceId":"arcgis-164-2","source":"Fiber_Layer_AGOL \u2014 Statesville_Fiber_Extras","sourceUrl":"https://services2.arcgis.com/WbGEgSzGTEPg4fr6/arcgis/rest/services/Fiber_Layer_AGOL/FeatureServer/2","name":"Fiber_Layer_AGOL \u2014 Statesville_Fiber_Extras","carrier":"Not published","routeStatus":"Unknown","category":"unknown","evidence":"agency_route","dataDate":null,"metadataModified":"2023-12-22T14:55:19+00:00","retrievedAt":"2026-09-18T02:37:01.936831+00:00","networkType":"Published fiber route; network class not specified","serviceability":"Unconfirmed","routeDiversity":"Unconfirmed","states":["NC"]},"bbox":[-80.8980976080847,35.8068595711882,-80.8980571322599,35.8068925432117]},{"type":"Feature","geometry":{"type":"LineString","coordinates":[[-80.8981155592243,35.8071166145787],[-80.8981119976535,35.807116416737],[-80.8981085316731,35.8071157179749],[-80.8981052669096,35.8071145391846],[-80.8981023038181,35.8071129166643],[-80.8980997309805,35.8071108995182],[-80.8980976273182,35.807108549622],[-80.8980960564548,35.807105937203],[-80.8980950667586,35.8071031426431],[-80.8980946878755,35.8071002502214],[-80.898094930729,35.8070973481147],[-80.8980957885419,35.8070945247757],[-80.8980972356666,35.8070918662465],[-80.8980992274793,35.8070894516525],[-80.8981017037834,35.8070873567562],[-80.8981045885561,35.8070856431421],[-80.8981077956059,35.8070843635384],[-80.898111226255,35.8070835573453],[-80.8981147770411,35.8070832487118],[-80.8981183386103,35.8070834465535],[-80.8981218056958,35.8070841452981],[-80.898125069352,35.8070853241052],[-80.8981280335491,35.8070869466077],[-80.8981306052804,35.8070889637705],[-80.8981327089432,35.8070913136661],[-80.8981342798075,35.8070939260846],[-80.8981352695049,35.8070967206442],[-80.8981356483895,35.8070996130658],[-80.8981354055163,35.8071025142714],[-80.8981345477047,35.8071053376106],[-80.8981331006022,35.8071079970415],[-80.8981311087689,35.8071104107348],[-80.8981286324859,35.8071125065329],[-80.8981257477129,35.8071142201475],[-80.8981225406622,35.8071154997517],[-80.8981191100117,35.8071163059451],[-80.8981155592243,35.8071166145787]]},"properties":{"id":"arcgis-164-2-0e21cf606ab1397c","sourceId":"arcgis-164-2","source":"Fiber_Layer_AGOL \u2014 Statesville_Fiber_Extras","sourceUrl":"https://services2.arcgis.com/WbGEgSzGTEPg4fr6/arcgis/rest/services/Fiber_Layer_AGOL/FeatureServer/2","name":"Fiber_Layer_AGOL \u2014 Statesville_Fiber_Extras","carrier":"Not published","routeStatus":"Unknown","category":"unknown","evidence":"agency_route","dataDate":null,"metadataModified":"2023-12-22T14:55:19+00:00","retrievedAt":"2026-09-18T02:37:01.936831+00:00","networkType":"Published fiber route; network class not specified","serviceability":"Unconfirmed","routeDiversity":"Unconfirmed","states":["NC"]},"bbox":[-80.8981356483895,35.8070832487118,-80.8980946878755,35.8071166145787]},{"type":"Feature","geometry":{"type":"LineString","coordinates":[[-80.9427885954752,35.7981645794917],[-80.9427852027355,35.7981643920704],[-80.9427819014879,35.7981637275341],[-80.9427787920393,35.7981626060745],[-80.9427759688685,35.7981610617665],[-80.9427735177563,35.7981591415332],[-80.9427715131786,35.7981569037199],[-80.9427700160433,35.7981544163215],[-80.9427690718401,35.7981517549162],[-80.9427687092581,35.7981490003697],[-80.9427689393141,35.7981462363773],[-80.942769755018,35.7981435469217],[-80.9427711315849,35.7981410137205],[-80.9427730271885,35.7981387137437],[-80.9427753842318,35.798136716875],[-80.9427781310972,35.7981350837882],[-80.9427811843227,35.7981338641037],[-80.9427844511375,35.7981330948812],[-80.9427878322813,35.7981327994929],[-80.9427912250197,35.7981329869141],[-80.9427945262661,35.7981336514501],[-80.9427976357139,35.7981347729093],[-80.9428004588842,35.7981363172168],[-80.9428029099963,35.7981382374496],[-80.9428049145744,35.7981404752624],[-80.9428064117106,35.7981429626604],[-80.9428073559149,35.7981456240654],[-80.9428077184981,35.7981483786118],[-80.9428074884434,35.7981511426042],[-80.9428066727407,35.7981538320601],[-80.9428052961747,35.7981563652617],[-80.9428034005717,35.798158665239],[-80.9428010435284,35.7981606621082],[-80.9427982966626,35.7981622951956],[-80.9427952434363,35.7981635148804],[-80.9427919766203,35.7981642841032],[-80.9427885954752,35.7981645794917]]},"properties":{"id":"arcgis-164-2-547c33cf70106bfe","sourceId":"arcgis-164-2","source":"Fiber_Layer_AGOL \u2014 Statesville_Fiber_Extras","sourceUrl":"https://services2.arcgis.com/WbGEgSzGTEPg4fr6/arcgis/rest/services/Fiber_Layer_AGOL/FeatureServer/2","name":"Fiber_Layer_AGOL \u2014 Statesville_Fiber_Extras","carrier":"Not published","routeStatus":"Unknown","category":"unknown","evidence":"agency_route","dataDate":null,"metadataModified":"2023-12-22T14:55:19+00:00","retrievedAt":"2026-09-18T02:37:01.936831+00:00","networkType":"Published fiber route; network class not specified","serviceability":"Unconfirmed","routeDiversity":"Unconfirmed","states":["NC"]},"bbox":[-80.9428077184981,35.7981327994929,-80.9427687092581,35.7981645794917]},{"type":"Feature","geometry":{"type":"LineString","coordinates":[[-80.9350069259573,35.7933104779138],[-80.9349711500868,35.7932969293757]]},"properties":{"id":"arcgis-164-2-25180fcabf00c7d0","sourceId":"arcgis-164-2","source":"Fiber_Layer_AGOL \u2014 Statesville_Fiber_Extras","sourceUrl":"https://services2.arcgis.com/WbGEgSzGTEPg4fr6/arcgis/rest/services/Fiber_Layer_AGOL/FeatureServer/2","name":"Fiber_Layer_AGOL \u2014 Statesville_Fiber_Extras","carrier":"Not published","routeStatus":"Unknown","category":"unknown","evidence":"agency_route","dataDate":null,"metadataModified":"2023-12-22T14:55:19+00:00","retrievedAt":"2026-09-18T02:37:01.936831+00:00","networkType":"Published fiber route; network class not specified","serviceability":"Unconfirmed","routeDiversity":"Unconfirmed","states":["NC"]},"bbox":[-80.9350069259573,35.7932969293757,-80.9349711500868,35.7933104779138]},{"type":"Feature","geometry":{"type":"LineString","coordinates":[[-80.9090165985449,35.7790564655159],[-80.9090357588549,35.7790648098114]]},"properties":{"id":"arcgis-164-2-bfa7239ad4941c99","sourceId":"arcgis-164-2","source":"Fiber_Layer_AGOL \u2014 Statesville_Fiber_Extras","sourceUrl":"https://services2.arcgis.com/WbGEgSzGTEPg4fr6/arcgis/rest/services/Fiber_Layer_AGOL/FeatureServer/2","name":"Fiber_Layer_AGOL \u2014 Statesville_Fiber_Extras","carrier":"Not published","routeStatus":"Unknown","category":"unknown","evidence":"agency_route","dataDate":null,"metadataModified":"2023-12-22T14:55:19+00:00","retrievedAt":"2026-09-18T02:37:01.936831+00:00","networkType":"Published fiber route; network class not specified","serviceability":"Unconfirmed","routeDiversity":"Unconfirmed","states":["NC"]},"bbox":[-80.9090357588549,35.7790564655159,-80.9090165985449,35.7790648098114]},{"type":"Feature","geometry":{"type":"LineString","coordinates":[[-80.8795028206789,35.8074350241972],[-80.8794619582629,35.8074436976301]]},"properties":{"id":"arcgis-164-2-71634c8a1797aba9","sourceId":"arcgis-164-2","source":"Fiber_Layer_AGOL \u2014 Statesville_Fiber_Extras","sourceUrl":"https://services2.arcgis.com/WbGEgSzGTEPg4fr6/arcgis/rest/services/Fiber_Layer_AGOL/FeatureServer/2","name":"Fiber_Layer_AGOL \u2014 Statesville_Fiber_Extras","carrier":"Not published","routeStatus":"Unknown","category":"unknown","evidence":"agency_route","dataDate":null,"metadataModified":"2023-12-22T14:55:19+00:00","retrievedAt":"2026-09-18T02:37:01.936831+00:00","networkType":"Published fiber route; network class not specified","serviceability":"Unconfirmed","routeDiversity":"Unconfirmed","states":["NC"]},"bbox":[-80.8795028206789,35.8074350241972,-80.8794619582629,35.8074436976301]},{"type":"Feature","geometry":{"type":"LineString","coordinates":[[-80.879378712574,35.8073830938266],[-80.8793876575591,35.8074221637727]]},"properties":{"id":"arcgis-164-2-d5ac1200d397b3f7","sourceId":"arcgis-164-2","source":"Fiber_Layer_AGOL \u2014 Statesville_Fiber_Extras","sourceUrl":"https://services2.arcgis.com/WbGEgSzGTEPg4fr6/arcgis/rest/services/Fiber_Layer_AGOL/FeatureServer/2","name":"Fiber_Layer_AGOL \u2014 Statesville_Fiber_Extras","carrier":"Not published","routeStatus":"Unknown","category":"unknown","evidence":"agency_route","dataDate":null,"metadataModified":"2023-12-22T14:55:19+00:00","retrievedAt":"2026-09-18T02:37:01.936831+00:00","networkType":"Published fiber route; network class not specified","serviceability":"Unconfirmed","routeDiversity":"Unconfirmed","states":["NC"]},"bbox":[-80.8793876575591,35.8073830938266,-80.879378712574,35.8074221637727]},{"type":"Feature","geometry":{"type":"LineString","coordinates":[[-80.873667242007,35.7954139749036],[-80.8735436854391,35.7954485029897]]},"properties":{"id":"arcgis-164-2-9c1a6f453a9102d8","sourceId":"arcgis-164-2","source":"Fiber_Layer_AGOL \u2014 Statesville_Fiber_Extras","sourceUrl":"https://services2.arcgis.com/WbGEgSzGTEPg4fr6/arcgis/rest/services/Fiber_Layer_AGOL/FeatureServer/2","name":"Fiber_Layer_AGOL \u2014 Statesville_Fiber_Extras","carrier":"Not published","routeStatus":"Unknown","category":"unknown","evidence":"agency_route","dataDate":null,"metadataModified":"2023-12-22T14:55:19+00:00","retrievedAt":"2026-09-18T02:37:01.936831+00:00","networkType":"Published fiber route; network class not specified","serviceability":"Unconfirmed","routeDiversity":"Unconfirmed","states":["NC"]},"bbox":[-80.873667242007,35.7954139749036,-80.8735436854391,35.7954485029897]},{"type":"Feature","geometry":{"type":"LineString","coordinates":[[-80.8721910090775,35.7926190370914],[-80.8720979915362,35.7927112766488]]},"properties":{"id":"arcgis-164-2-924972233f76a7cb","sourceId":"arcgis-164-2","source":"Fiber_Layer_AGOL \u2014 Statesville_Fiber_Extras","sourceUrl":"https://services2.arcgis.com/WbGEgSzGTEPg4fr6/arcgis/rest/services/Fiber_Layer_AGOL/FeatureServer/2","name":"Fiber_Layer_AGOL \u2014 Statesville_Fiber_Extras","carrier":"Not published","routeStatus":"Unknown","category":"unknown","evidence":"agency_route","dataDate":null,"metadataModified":"2023-12-22T14:55:19+00:00","retrievedAt":"2026-09-18T02:37:01.936831+00:00","networkType":"Published fiber route; network class not specified","serviceability":"Unconfirmed","routeDiversity":"Unconfirmed","states":["NC"]},"bbox":[-80.8721910090775,35.7926190370914,-80.8720979915362,35.7927112766488]},{"type":"Feature","geometry":{"type":"LineString","coordinates":[[-80.8699661239506,35.7933773528255],[-80.8699231317125,35.7933954828662]]},"properties":{"id":"arcgis-164-2-be0400abaacac4be","sourceId":"arcgis-164-2","source":"Fiber_Layer_AGOL \u2014 Statesville_Fiber_Extras","sourceUrl":"https://services2.arcgis.com/WbGEgSzGTEPg4fr6/arcgis/rest/services/Fiber_Layer_AGOL/FeatureServer/2","name":"Fiber_Layer_AGOL \u2014 Statesville_Fiber_Extras","carrier":"Not published","routeStatus":"Unknown","category":"unknown","evidence":"agency_route","dataDate":null,"metadataModified":"2023-12-22T14:55:19+00:00","retrievedAt":"2026-09-18T02:37:01.936831+00:00","networkType":"Published fiber route; network class not specified","serviceability":"Unconfirmed","routeDiversity":"Unconfirmed","states":["NC"]},"bbox":[-80.8699661239506,35.7933773528255,-80.8699231317125,35.7933954828662]},{"type":"Feature","geometry":{"type":"LineString","coordinates":[[-80.8690500436578,35.7938355483871],[-80.8690602410361,35.7938435820666]]},"properties":{"id":"arcgis-164-2-bfd74c96ea14b64a","sourceId":"arcgis-164-2","source":"Fiber_Layer_AGOL \u2014 Statesville_Fiber_Extras","sourceUrl":"https://services2.arcgis.com/WbGEgSzGTEPg4fr6/arcgis/rest/services/Fiber_Layer_AGOL/FeatureServer/2","name":"Fiber_Layer_AGOL \u2014 Statesville_Fiber_Extras","carrier":"Not published","routeStatus":"Unknown","category":"unknown","evidence":"agency_route","dataDate":null,"metadataModified":"2023-12-22T14:55:19+00:00","retrievedAt":"2026-09-18T02:37:01.936831+00:00","networkType":"Published fiber route; network class not specified","serviceability":"Unconfirmed","routeDiversity":"Unconfirmed","states":["NC"]},"bbox":[-80.8690602410361,35.7938355483871,-80.8690500436578,35.7938435820666]},{"type":"Feature","geometry":{"type":"LineString","coordinates":[[-80.8608425283008,35.8019970098427],[-80.8608448632264,35.8019867656476]]},"properties":{"id":"arcgis-164-2-2e61db0cde242e80","sourceId":"arcgis-164-2","source":"Fiber_Layer_AGOL \u2014 Statesville_Fiber_Extras","sourceUrl":"https://services2.arcgis.com/WbGEgSzGTEPg4fr6/arcgis/rest/services/Fiber_Layer_AGOL/FeatureServer/2","name":"Fiber_Layer_AGOL \u2014 Statesville_Fiber_Extras","carrier":"Not published","routeStatus":"Unknown","category":"unknown","evidence":"agency_route","dataDate":null,"metadataModified":"2023-12-22T14:55:19+00:00","retrievedAt":"2026-09-18T02:37:01.936831+00:00","networkType":"Published fiber route; network class not specified","serviceability":"Unconfirmed","routeDiversity":"Unconfirmed","states":["NC"]},"bbox":[-80.8608448632264,35.8019867656476,-80.8608425283008,35.8019970098427]},{"type":"Feature","geometry":{"type":"LineString","coordinates":[[-80.860832974298,35.8019859258254],[-80.860844842298,35.801986721794]]},"properties":{"id":"arcgis-164-2-e70dd84b7f8ac39d","sourceId":"arcgis-164-2","source":"Fiber_Layer_AGOL \u2014 Statesville_Fiber_Extras","sourceUrl":"https://services2.arcgis.com/WbGEgSzGTEPg4fr6/arcgis/rest/services/Fiber_Layer_AGOL/FeatureServer/2","name":"Fiber_Layer_AGOL \u2014 Statesville_Fiber_Extras","carrier":"Not published","routeStatus":"Unknown","category":"unknown","evidence":"agency_route","dataDate":null,"metadataModified":"2023-12-22T14:55:19+00:00","retrievedAt":"2026-09-18T02:37:01.936831+00:00","networkType":"Published fiber route; network class not specified","serviceability":"Unconfirmed","routeDiversity":"Unconfirmed","states":["NC"]},"bbox":[-80.860844842298,35.8019859258254,-80.860832974298,35.801986721794]},{"type":"Feature","geometry":{"type":"LineString","coordinates":[[-80.8608473856603,35.8019755810335],[-80.8608448632264,35.8019867656476]]},"properties":{"id":"arcgis-164-2-5ad0b1fe41db7454","sourceId":"arcgis-164-2","source":"Fiber_Layer_AGOL \u2014 Statesville_Fiber_Extras","sourceUrl":"https://services2.arcgis.com/WbGEgSzGTEPg4fr6/arcgis/rest/services/Fiber_Layer_AGOL/FeatureServer/2","name":"Fiber_Layer_AGOL \u2014 Statesville_Fiber_Extras","carrier":"Not published","routeStatus":"Unknown","category":"unknown","evidence":"agency_route","dataDate":null,"metadataModified":"2023-12-22T14:55:19+00:00","retrievedAt":"2026-09-18T02:37:01.936831+00:00","networkType":"Published fiber route; network class not specified","serviceability":"Unconfirmed","routeDiversity":"Unconfirmed","states":["NC"]},"bbox":[-80.8608473856603,35.8019755810335,-80.8608448632264,35.8019867656476]},{"type":"Feature","geometry":{"type":"LineString","coordinates":[[-80.854584252856,35.7966059783806],[-80.8545842144479,35.7966577149222]]},"properties":{"id":"arcgis-164-2-ecdd0d384f3d08f6","sourceId":"arcgis-164-2","source":"Fiber_Layer_AGOL \u2014 Statesville_Fiber_Extras","sourceUrl":"https://services2.arcgis.com/WbGEgSzGTEPg4fr6/arcgis/rest/services/Fiber_Layer_AGOL/FeatureServer/2","name":"Fiber_Layer_AGOL \u2014 Statesville_Fiber_Extras","carrier":"Not published","routeStatus":"Unknown","category":"unknown","evidence":"agency_route","dataDate":null,"metadataModified":"2023-12-22T14:55:19+00:00","retrievedAt":"2026-09-18T02:37:01.936831+00:00","networkType":"Published fiber route; network class not specified","serviceability":"Unconfirmed","routeDiversity":"Unconfirmed","states":["NC"]},"bbox":[-80.854584252856,35.7966059783806,-80.8545842144479,35.7966577149222]},{"type":"Feature","geometry":{"type":"LineString","coordinates":[[-80.8564101772866,35.7906067254423],[-80.8564052072996,35.7906064468872],[-80.856400371769,35.7906054703264],[-80.8563958173794,35.7906038232742],[-80.8563916836319,35.7906015576949],[-80.8563880960203,35.7905987419929],[-80.8563851616078,35.7905954610808],[-80.8563829723036,35.790591814526],[-80.8563815937395,35.7905879140155],[-80.8563810662527,35.7905838779326],[-80.8563814081207,35.7905798277009],[-80.8563826067131,35.7905758879197],[-80.8563846271538,35.7905721781183],[-80.8563874078347,35.7905688101194],[-80.8563908647989,35.7905658861703],[-80.8563948916781,35.7905634962387],[-80.8563993662055,35.7905617125042],[-80.8564041546191,35.7905605883908],[-80.8564091083642,35.7905601595173],[-80.8564140783277,35.7905604371712],[-80.8564189138765,35.7905614146326],[-80.8564234682434,35.7905630607828],[-80.85642760199,35.7905653263611],[-80.8564311896222,35.7905681429631],[-80.8564341240354,35.790571423874],[-80.8564363133208,35.7905750695268],[-80.8564376918873,35.7905789700367],[-80.8564382193976,35.7905830070206],[-80.8564378786178,35.7905870563344],[-80.8564366789219,35.7905909961329],[-80.8564346585038,35.7905947068364],[-80.8564318778239,35.7905980748363],[-80.8564284208392,35.7906009978853],[-80.8564243939591,35.7906033878181],[-80.8564199194506,35.7906051724546],[-80.8564151321199,35.7906062956506],[-80.8564101772866,35.7906067254423]]},"properties":{"id":"arcgis-164-2-348164797a5abebc","sourceId":"arcgis-164-2","source":"Fiber_Layer_AGOL \u2014 Statesville_Fiber_Extras","sourceUrl":"https://services2.arcgis.com/WbGEgSzGTEPg4fr6/arcgis/rest/services/Fiber_Layer_AGOL/FeatureServer/2","name":"Fiber_Layer_AGOL \u2014 Statesville_Fiber_Extras","carrier":"Not published","routeStatus":"Unknown","category":"unknown","evidence":"agency_route","dataDate":null,"metadataModified":"2023-12-22T14:55:19+00:00","retrievedAt":"2026-09-18T02:37:01.936831+00:00","networkType":"Published fiber route; network class not specified","serviceability":"Unconfirmed","routeDiversity":"Unconfirmed","states":["NC"]},"bbox":[-80.8564382193976,35.7905601595173,-80.8563810662527,35.7906067254423]},{"type":"Feature","geometry":{"type":"LineString","coordinates":[[-80.8581974427603,35.7876937840991],[-80.8581926047922,35.787693513522],[-80.8581878972293,35.7876925621266],[-80.8581834634753,35.787690959278],[-80.8581794396467,35.7876887542854],[-80.8581759467484,35.7876860129156],[-80.858173090694,35.7876828182942],[-80.8581709589466,35.7876792691535],[-80.8581696159082,35.7876754717894],[-80.8581691029607,35.7876715418645],[-80.8581694350245,35.7876675990503],[-80.8581706027074,35.7876637642912],[-80.8581725699071,35.7876601517267],[-80.8581752761262,35.7876568731638],[-80.8581786417336,35.7876540262777],[-80.8581825614522,35.7876517001197],[-80.8581869184686,35.7876499631822],[-80.8581915779208,35.787648868908],[-80.858196401173,35.7876484509641],[-80.8582012402445,35.7876487215242],[-80.8582059478049,35.7876496729191],[-80.8582103804511,35.7876512757838],[-80.8582144053847,35.7876534807585],[-80.8582178982829,35.7876562221272],[-80.8582207532321,35.7876594167645],[-80.8582228849811,35.7876629659044],[-80.8582242280219,35.7876667632678],[-80.858224740972,35.7876706931926],[-80.8582244088902,35.7876746351057],[-80.8582232412303,35.7876784707665],[-80.8582212751385,35.787682083315],[-80.8582185678144,35.7876853618957],[-80.8582152033132,35.7876882087659],[-80.8582112824877,35.7876905349419],[-80.8582069265756,35.7876922718633],[-80.8582022660152,35.787693366155],[-80.8581974427603,35.7876937840991]]},"properties":{"id":"arcgis-164-2-249fb15b0df94fd0","sourceId":"arcgis-164-2","source":"Fiber_Layer_AGOL \u2014 Statesville_Fiber_Extras","sourceUrl":"https://services2.arcgis.com/WbGEgSzGTEPg4fr6/arcgis/rest/services/Fiber_Layer_AGOL/FeatureServer/2","name":"Fiber_Layer_AGOL \u2014 Statesville_Fiber_Extras","carrier":"Not published","routeStatus":"Unknown","category":"unknown","evidence":"agency_route","dataDate":null,"metadataModified":"2023-12-22T14:55:19+00:00","retrievedAt":"2026-09-18T02:37:01.936831+00:00","networkType":"Published fiber route; network class not specified","serviceability":"Unconfirmed","routeDiversity":"Unconfirmed","states":["NC"]},"bbox":[-80.858224740972,35.7876484509641,-80.8581691029607,35.7876937840991]},{"type":"Feature","geometry":{"type":"LineString","coordinates":[[-80.8594991109151,35.7829942352783],[-80.8594937725166,35.7829939372372],[-80.8594885794784,35.7829928878297],[-80.8594836885506,35.7829911198215],[-80.8594792491974,35.7829886859227],[-80.8594753959171,35.7829856616093],[-80.8594722447589,35.7829821379645],[-80.8594698933225,35.7829782216786],[-80.8594684118484,35.7829740324806],[-80.8594678463906,35.7829696967791],[-80.8594682121812,35.7829653477638],[-80.8594695000584,35.7829611162921],[-80.8594716698314,35.7829571309907],[-80.8594746568122,35.7829535136481],[-80.8594783683527,35.7829503729572],[-80.8594826927342,35.7829478061822],[-80.85948749896,35.7829458901474],[-80.8594926401146,35.7829446829886],[-80.8594979610436,35.7829442213311],[-80.8595032983535,35.78294452029],[-80.8595084913888,35.7829455696969],[-80.8595133823143,35.7829473377041],[-80.8595178216456,35.7829497707006],[-80.8595216760525,35.7829527958969],[-80.8595248261057,35.7829563195574],[-80.8595271775441,35.7829602358423],[-80.8595286590211,35.7829644250396],[-80.8595292255673,35.7829687598227],[-80.8595288586948,35.7829731097562],[-80.8595275708204,35.7829773412285],[-80.8595254010496,35.7829813265309],[-80.8595224151761,35.7829849438578],[-80.859518702509,35.7829880836657],[-80.8595143781471,35.7829906513431],[-80.8595095719194,35.7829925673789],[-80.859504430762,35.7829937745385],[-80.8594991109151,35.7829942352783]]},"properties":{"id":"arcgis-164-2-24b639a36e5eb0f7","sourceId":"arcgis-164-2","source":"Fiber_Layer_AGOL \u2014 Statesville_Fiber_Extras","sourceUrl":"https://services2.arcgis.com/WbGEgSzGTEPg4fr6/arcgis/rest/services/Fiber_Layer_AGOL/FeatureServer/2","name":"Fiber_Layer_AGOL \u2014 Statesville_Fiber_Extras","carrier":"Not published","routeStatus":"Unknown","category":"unknown","evidence":"agency_route","dataDate":null,"metadataModified":"2023-12-22T14:55:19+00:00","retrievedAt":"2026-09-18T02:37:01.936831+00:00","networkType":"Published fiber route; network class not specified","serviceability":"Unconfirmed","routeDiversity":"Unconfirmed","states":["NC"]},"bbox":[-80.8595292255673,35.7829442213311,-80.8594678463906,35.7829942352783]},{"type":"Feature","geometry":{"type":"LineString","coordinates":[[-80.8588839552558,35.7799286149053],[-80.8588804758354,35.7799284200904],[-80.8588770913795,35.7799277361136],[-80.8588739030247,35.7799265830677],[-80.8588710100685,35.7799249973005],[-80.8588684976802,35.7799230261934],[-80.8588664446624,35.7799207289444],[-80.8588649123922,35.779918176737],[-80.8588639468672,35.779915445497],[-80.8588635777031,35.7799126204151],[-80.8588638167795,35.7799097851497],[-80.8588646561519,35.7799070272676],[-80.8588660700566,35.7799044291988],[-80.8588680172059,35.7799020718069],[-80.8588704361356,35.779900024544],[-80.8588732553044,35.7798983516068],[-80.8588763873562,35.7798971030097],[-80.8588797380097,35.7798963162515],[-80.8588832060373,35.7798960154144],[-80.8588866854562,35.7798962102293],[-80.8588900699109,35.7798968942058],[-80.8588932571382,35.7798980463669],[-80.8588961511997,35.7798996321167],[-80.8588986625028,35.7799016041414],[-80.8589007166063,35.7799039004718],[-80.858902248898,35.77990645358],[-80.8589032144035,35.7799091839185],[-80.8589035835896,35.7799120099015],[-80.8589033445146,35.7799148451669],[-80.8589025051435,35.7799176030492],[-80.858901091219,35.7799202002173],[-80.858899144091,35.7799225585109],[-80.8588967251405,35.7799246048732],[-80.8588939059921,35.7799262787121],[-80.8588907739394,35.7799275273096],[-80.8588874232847,35.7799283140682],[-80.8588839552558,35.7799286149053]]},"properties":{"id":"arcgis-164-2-f39623b09c8bd73b","sourceId":"arcgis-164-2","source":"Fiber_Layer_AGOL \u2014 Statesville_Fiber_Extras","sourceUrl":"https://services2.arcgis.com/WbGEgSzGTEPg4fr6/arcgis/rest/services/Fiber_Layer_AGOL/FeatureServer/2","name":"Fiber_Layer_AGOL \u2014 Statesville_Fiber_Extras","carrier":"Not published","routeStatus":"Unknown","category":"unknown","evidence":"agency_route","dataDate":null,"metadataModified":"2023-12-22T14:55:19+00:00","retrievedAt":"2026-09-18T02:37:01.936831+00:00","networkType":"Published fiber route; network class not specified","serviceability":"Unconfirmed","routeDiversity":"Unconfirmed","states":["NC"]},"bbox":[-80.8589035835896,35.7798960154144,-80.8588635777031,35.7799286149053]},{"type":"Feature","geometry":{"type":"LineString","coordinates":[[-80.8588564899415,35.7798550171391],[-80.8588526959437,35.7798548054879],[-80.8588490047222,35.7798540594806],[-80.8588455274498,35.7798528026627],[-80.8588423722923,35.7798510721484],[-80.8588396323258,35.7798489224102],[-80.858837393092,35.7798464170509],[-80.8588357216426,35.7798436334781],[-80.8588346685646,35.7798406547594],[-80.8588342658511,35.7798375732614],[-80.8588345266739,35.7798344807361],[-80.8588354421689,35.7798314728781],[-80.8588369845472,35.7798286402615],[-80.8588391070946,35.7798260683404],[-80.8588417463426,35.7798238356125],[-80.8588448208999,35.7798220109324],[-80.8588482368785,35.7798206489214],[-80.8588518912327,35.7798197908182],[-80.8588556739288,35.7798194626423],[-80.8588594679457,35.7798196751946],[-80.8588631602717,35.7798204211847],[-80.858866636437,35.7798216780189],[-80.8588697926998,35.7798234085158],[-80.8588725315603,35.7798255582702],[-80.8588747707945,35.7798280636289],[-80.8588764433508,35.7798308471843],[-80.8588774953244,35.7798338259195],[-80.8588778980395,35.7798369074174],[-80.8588776372184,35.7798399999428],[-80.8588767217248,35.7798430078011],[-80.8588751793477,35.7798458404181],[-80.8588730568009,35.7798484123398],[-80.8588704175322,35.7798506441672],[-80.8588673441011,35.7798524697323],[-80.8588639270155,35.7798538317606],[-80.85886027266,35.7798546898643],[-80.8588564899415,35.7798550171391]]},"properties":{"id":"arcgis-164-2-e18a4cb462c086ac","sourceId":"arcgis-164-2","source":"Fiber_Layer_AGOL \u2014 Statesville_Fiber_Extras","sourceUrl":"https://services2.arcgis.com/WbGEgSzGTEPg4fr6/arcgis/rest/services/Fiber_Layer_AGOL/FeatureServer/2","name":"Fiber_Layer_AGOL \u2014 Statesville_Fiber_Extras","carrier":"Not published","routeStatus":"Unknown","category":"unknown","evidence":"agency_route","dataDate":null,"metadataModified":"2023-12-22T14:55:19+00:00","retrievedAt":"2026-09-18T02:37:01.936831+00:00","networkType":"Published fiber route; network class not specified","serviceability":"Unconfirmed","routeDiversity":"Unconfirmed","states":["NC"]},"bbox":[-80.8588778980395,35.7798194626423,-80.8588342658511,35.7798550171391]},{"type":"Feature","geometry":{"type":"LineString","coordinates":[[-80.8588752489655,35.7799329658949],[-80.858858991412,35.7799105240951]]},"properties":{"id":"arcgis-164-2-49be625aea2ceecc","sourceId":"arcgis-164-2","source":"Fiber_Layer_AGOL \u2014 Statesville_Fiber_Extras","sourceUrl":"https://services2.arcgis.com/WbGEgSzGTEPg4fr6/arcgis/rest/services/Fiber_Layer_AGOL/FeatureServer/2","name":"Fiber_Layer_AGOL \u2014 Statesville_Fiber_Extras","carrier":"Not published","routeStatus":"Unknown","category":"unknown","evidence":"agency_route","dataDate":null,"metadataModified":"2023-12-22T14:55:19+00:00","retrievedAt":"2026-09-18T02:37:01.936831+00:00","networkType":"Published fiber route; network class not specified","serviceability":"Unconfirmed","routeDiversity":"Unconfirmed","states":["NC"]},"bbox":[-80.8588752489655,35.7799105240951,-80.858858991412,35.7799329658949]},{"type":"Feature","geometry":{"type":"LineString","coordinates":[[-80.858836390833,35.7798490674353],[-80.8588333444758,35.7798259318054]]},"properties":{"id":"arcgis-164-2-919de8c34017313c","sourceId":"arcgis-164-2","source":"Fiber_Layer_AGOL \u2014 Statesville_Fiber_Extras","sourceUrl":"https://services2.arcgis.com/WbGEgSzGTEPg4fr6/arcgis/rest/services/Fiber_Layer_AGOL/FeatureServer/2","name":"Fiber_Layer_AGOL \u2014 Statesville_Fiber_Extras","carrier":"Not published","routeStatus":"Unknown","category":"unknown","evidence":"agency_route","dataDate":null,"metadataModified":"2023-12-22T14:55:19+00:00","retrievedAt":"2026-09-18T02:37:01.936831+00:00","networkType":"Published fiber route; network class not specified","serviceability":"Unconfirmed","routeDiversity":"Unconfirmed","states":["NC"]},"bbox":[-80.858836390833,35.7798259318054,-80.8588333444758,35.7798490674353]},{"type":"Feature","geometry":{"type":"LineString","coordinates":[[-80.8814394921936,35.7764146463212],[-80.8814357216116,35.7764144361183],[-80.8814320531056,35.7764136955469],[-80.8814285981412,35.7764124471089],[-80.8814254616959,35.7764107287373],[-80.881422739069,35.7764085926442],[-80.881420512986,35.7764061037336],[-80.8814188510855,35.7764033376299],[-80.8814178038634,35.7764003783797],[-80.8814174031389,35.7763973158984],[-80.8814176610877,35.7763942432379],[-80.8814185698722,35.7763912537595],[-80.8814201018793,35.776388438297],[-80.8814222105597,35.7763858823966],[-80.8814248318423,35.7763836637182],[-80.8814278860805,35.776381849675],[-80.881431280473,35.776380495386],[-80.881434911883,35.7763796420004],[-80.8814386699719,35.776379315448],[-80.8814424405522,35.7763795256507],[-80.8814461090568,35.7763802662218],[-80.8814495640201,35.7763815146594],[-80.8814527004648,35.7763832330303],[-80.8814554230917,35.7763853691228],[-80.8814576491751,35.7763878580327],[-80.8814593110766,35.7763906241359],[-80.8814603583001,35.7763935833858],[-80.8814607590262,35.776396645867],[-80.881460501079,35.7763997185275],[-80.881459592296,35.7764027080062],[-80.88145806029,35.7764055234693],[-80.8814559516102,35.7764080793702],[-80.8814533303277,35.7764102980493],[-80.881450276089,35.7764121120931],[-80.8814468816954,35.7764134663826],[-80.8814432502841,35.7764143197685],[-80.8814394921936,35.7764146463212]]},"properties":{"id":"arcgis-164-2-4074ab4479592354","sourceId":"arcgis-164-2","source":"Fiber_Layer_AGOL \u2014 Statesville_Fiber_Extras","sourceUrl":"https://services2.arcgis.com/WbGEgSzGTEPg4fr6/arcgis/rest/services/Fiber_Layer_AGOL/FeatureServer/2","name":"Fiber_Layer_AGOL \u2014 Statesville_Fiber_Extras","carrier":"Not published","routeStatus":"Unknown","category":"unknown","evidence":"agency_route","dataDate":null,"metadataModified":"2023-12-22T14:55:19+00:00","retrievedAt":"2026-09-18T02:37:01.936831+00:00","networkType":"Published fiber route; network class not specified","serviceability":"Unconfirmed","routeDiversity":"Unconfirmed","states":["NC"]},"bbox":[-80.8814607590262,35.776379315448,-80.8814174031389,35.7764146463212]},{"type":"Feature","geometry":{"type":"LineString","coordinates":[[-80.8781011588126,35.7761232916374],[-80.8780962206681,35.7761230161919],[-80.8780914168315,35.776122045417],[-80.8780868929464,35.7761204104228],[-80.8780827851223,35.7761181604966],[-80.8780792199341,35.7761153631027],[-80.8780763044485,35.7761121031349],[-80.8780741283939,35.7761084810798],[-80.8780727573369,35.7761046050089],[-80.8780722327867,35.776100595084],[-80.8780725707966,35.7760965709578],[-80.8780737609628,35.7760926562971],[-80.8780757672996,35.7760889688525],[-80.8780785293668,35.7760856213428],[-80.8780819621441,35.7760827160473],[-80.878085962582,35.7760803410997],[-80.8780904073283,35.7760785678178],[-80.8780951637861,35.7760774505334],[-80.8781000845007,35.776077023073],[-80.8781050226424,35.7760772985183],[-80.8781098264557,35.7760782683915],[-80.8781143514447,35.7760799033678],[-80.8781184581619,35.77608215331],[-80.8781220233709,35.776084951604],[-80.8781249388364,35.7760882106696],[-80.8781271149137,35.7760918336249],[-80.8781284859522,35.7760957087941],[-80.8781290105261,35.77609971962],[-80.878128672498,35.7761037428451],[-80.8781274823553,35.7761076584075],[-80.8781254759994,35.7761113449517],[-80.8781227139332,35.7761146924625],[-80.8781192811561,35.7761175977591],[-80.8781152818232,35.7761199726907],[-80.8781108359692,35.7761217459906],[-80.8781060806359,35.7761228641596],[-80.8781011588126,35.7761232916374]]},"properties":{"id":"arcgis-164-2-69655a262385bf31","sourceId":"arcgis-164-2","source":"Fiber_Layer_AGOL \u2014 Statesville_Fiber_Extras","sourceUrl":"https://services2.arcgis.com/WbGEgSzGTEPg4fr6/arcgis/rest/services/Fiber_Layer_AGOL/FeatureServer/2","name":"Fiber_Layer_AGOL \u2014 Statesville_Fiber_Extras","carrier":"Not published","routeStatus":"Unknown","category":"unknown","evidence":"agency_route","dataDate":null,"metadataModified":"2023-12-22T14:55:19+00:00","retrievedAt":"2026-09-18T02:37:01.936831+00:00","networkType":"Published fiber route; network class not specified","serviceability":"Unconfirmed","routeDiversity":"Unconfirmed","states":["NC"]},"bbox":[-80.8781290105261,35.776077023073,-80.8780722327867,35.7761232916374]},{"type":"Feature","geometry":{"type":"LineString","coordinates":[[-80.8587379702769,35.7747492641618],[-80.8587322602356,35.7747489447213],[-80.8587267043191,35.7747478223936],[-80.8587214725524,35.7747459306442],[-80.8587167244608,35.7747433274396],[-80.8587126023523,35.7747400917435],[-80.8587092323817,35.7747363216975],[-80.8587067167474,35.7747321320363],[-80.8587051313974,35.7747276505157],[-80.8587045259045,35.7747230125063],[-80.8587049178958,35.7747183592752],[-80.8587062962463,35.7747138325281],[-80.8587086176368,35.774709569053],[-80.8587118120415,35.7747056988336],[-80.8587157826048,35.7747023396415],[-80.858720407769,35.7746995933987],[-80.8587255489541,35.7746975433551],[-80.8587310494098,35.7746962523034],[-80.8587367407683,35.7746957588732],[-80.858742450806,35.7746960783136],[-80.8587480056132,35.7746972006575],[-80.8587532373774,35.7746990924057],[-80.8587579854675,35.7747016956089],[-80.8587621086818,35.7747049312867],[-80.8587654786536,35.7747087013312],[-80.8587679931843,35.7747128910082],[-80.8587695785375,35.774717372528],[-80.8587701840341,35.774722010537],[-80.8587697920465,35.7747266637683],[-80.8587684136993,35.7747311905161],[-80.8587660934173,35.7747354539754],[-80.8587628979081,35.7747393242132],[-80.858758927345,35.7747426834067],[-80.8587543021795,35.7747454296509],[-80.8587491609922,35.7747474796957],[-80.8587436605333,35.7747487707482],[-80.8587379702769,35.7747492641618]]},"properties":{"id":"arcgis-164-2-09f31ce7f9e31e66","sourceId":"arcgis-164-2","source":"Fiber_Layer_AGOL \u2014 Statesville_Fiber_Extras","sourceUrl":"https://services2.arcgis.com/WbGEgSzGTEPg4fr6/arcgis/rest/services/Fiber_Layer_AGOL/FeatureServer/2","name":"Fiber_Layer_AGOL \u2014 Statesville_Fiber_Extras","carrier":"Not published","routeStatus":"Unknown","category":"unknown","evidence":"agency_route","dataDate":null,"metadataModified":"2023-12-22T14:55:19+00:00","retrievedAt":"2026-09-18T02:37:01.936831+00:00","networkType":"Published fiber route; network class not specified","serviceability":"Unconfirmed","routeDiversity":"Unconfirmed","states":["NC"]},"bbox":[-80.8587701840341,35.7746957588732,-80.8587045259045,35.7747492641618]},{"type":"Feature","geometry":{"type":"LineString","coordinates":[[-80.8528677194398,35.7731785133675],[-80.8528627704822,35.7731782361659],[-80.8528579560443,35.773177263662],[-80.8528534227783,35.7731756233747],[-80.8528493068351,35.773173367323],[-80.8528457347639,35.7731705629974],[-80.852842814707,35.7731672952972],[-80.8528406352523,35.7731636647447],[-80.8528392619509,35.7731597803259],[-80.8528387373584,35.7731557612936],[-80.8528390775106,35.773151728205],[-80.8528402708597,35.7731478047416],[-80.8528422836376,35.7731441104156],[-80.8528450520124,35.7731407561812],[-80.8528484931671,35.7731378451681],[-80.852852502923,35.7731354655052],[-80.8528569579305,35.7731336893862],[-80.852861724454,35.7731325702311],[-80.8528666561605,35.7731321427201],[-80.8528716051153,35.7731324199216],[-80.8528764195507,35.7731333924249],[-80.8528809528148,35.7731350327114],[-80.852885068757,35.7731372887621],[-80.852888640828,35.7731400930865],[-80.8528915608858,35.7731433607856],[-80.8528937403422,35.7731469913373],[-80.852895113646,35.7731508757555],[-80.8528956382413,35.7731548947876],[-80.8528952980919,35.7731589278764],[-80.8528941047453,35.7731628513402],[-80.8528920919693,35.7731665456671],[-80.8528893235956,35.7731698999025],[-80.8528858824409,35.7731728109167],[-80.8528818726842,35.7731751905807],[-80.852877417675,35.7731769667006],[-80.8528726511491,35.7731780858563],[-80.8528677194398,35.7731785133675]]},"properties":{"id":"arcgis-164-2-da3cbce57afb6779","sourceId":"arcgis-164-2","source":"Fiber_Layer_AGOL \u2014 Statesville_Fiber_Extras","sourceUrl":"https://services2.arcgis.com/WbGEgSzGTEPg4fr6/arcgis/rest/services/Fiber_Layer_AGOL/FeatureServer/2","name":"Fiber_Layer_AGOL \u2014 Statesville_Fiber_Extras","carrier":"Not published","routeStatus":"Unknown","category":"unknown","evidence":"agency_route","dataDate":null,"metadataModified":"2023-12-22T14:55:19+00:00","retrievedAt":"2026-09-18T02:37:01.936831+00:00","networkType":"Published fiber route; network class not specified","serviceability":"Unconfirmed","routeDiversity":"Unconfirmed","states":["NC"]},"bbox":[-80.8528956382413,35.7731321427201,-80.8528387373584,35.7731785133675]},{"type":"Feature","geometry":{"type":"LineString","coordinates":[[-80.8510883484456,35.7725516741145],[-80.8510836587297,35.7725514118327],[-80.8510790955056,35.7725504895315],[-80.851074798809,35.7725489357337],[-80.8510708991359,35.7725467971371],[-80.8510675130188,35.772544138682],[-80.8510647463236,35.7725410425992],[-80.8510626797089,35.7725376014192],[-80.8510613786405,35.7725339205244],[-80.8510608821471,35.7725301102065],[-80.8510612039886,35.7725262883532],[-80.8510623357462,35.7725225704848],[-80.8510642434845,35.7725190689033],[-80.8510668677106,35.7725158908903],[-80.8510701287377,35.7725131314129],[-80.8510739278532,35.772510875811],[-80.8510781504711,35.7725091925373],[-80.8510826683229,35.7725081322224],[-80.8510873427755,35.7725077276242],[-80.8510920324888,35.7725079899058],[-80.8510965946049,35.7725089122233],[-80.8511008912998,35.7725104660204],[-80.8511047920777,35.7725126045992],[-80.8511081770889,35.7725152630701],[-80.8511109448907,35.7725183591351],[-80.8511130104012,35.7725218003311],[-80.8511143114924,35.7725254821266],[-80.8511148090735,35.7725292915263],[-80.8511144861287,35.7725331133965],[-80.8511133543733,35.7725368312654],[-80.8511114477424,35.7725403328308],[-80.851108823538,35.772543511746],[-80.8511055624903,35.7725462703233],[-80.8511017622682,35.7725485259429],[-80.8510975396488,35.7725502092173],[-80.8510930229006,35.772551269516],[-80.8510883484456,35.7725516741145]]},"properties":{"id":"arcgis-164-2-595ed3a2d1e8e402","sourceId":"arcgis-164-2","source":"Fiber_Layer_AGOL \u2014 Statesville_Fiber_Extras","sourceUrl":"https://services2.arcgis.com/WbGEgSzGTEPg4fr6/arcgis/rest/services/Fiber_Layer_AGOL/FeatureServer/2","name":"Fiber_Layer_AGOL \u2014 Statesville_Fiber_Extras","carrier":"Not published","routeStatus":"Unknown","category":"unknown","evidence":"agency_route","dataDate":null,"metadataModified":"2023-12-22T14:55:19+00:00","retrievedAt":"2026-09-18T02:37:01.936831+00:00","networkType":"Published fiber route; network class not specified","serviceability":"Unconfirmed","routeDiversity":"Unconfirmed","states":["NC"]},"bbox":[-80.8511148090735,35.7725077276242,-80.8510608821471,35.7725516741145]},{"type":"Feature","geometry":{"type":"LineString","coordinates":[[-80.8513742278773,35.7687469854352],[-80.8513693157484,35.7687467103213],[-80.8513645371421,35.7687457444287],[-80.851360036511,35.7687441162127],[-80.8513559521885,35.7687418767592],[-80.8513524062721,35.7687390927266],[-80.8513495068963,35.7687358490155],[-80.8513473437277,35.7687322452314],[-80.8513459811852,35.7687283894771],[-80.8513454606728,35.7687243992201],[-80.8513457982442,35.7687203959196],[-80.851346983414,35.7687165014377],[-80.8513489801614,35.7687128335178],[-80.8513517290994,35.7687095039472],[-80.8513551451608,35.7687066140861],[-80.8513591252768,35.7687042520454],[-80.8513635471885,35.7687024890994],[-80.8513682782517,35.7687013777485],[-80.8513731743729,35.7687009535388],[-80.8513780864992,35.7687012286525],[-80.8513828651236,35.7687021954458],[-80.8513873657322,35.7687038227598],[-80.85139145118,35.7687060630967],[-80.85139499597,35.7687088462438],[-80.8513978953466,35.7687120899538],[-80.8514000585375,35.7687156946382],[-80.8514014221882,35.7687195503752],[-80.8514019427032,35.7687235406319],[-80.8514016040289,35.7687275439494],[-80.8514004188615,35.7687314384317],[-80.851398422116,35.7687351063525],[-80.8513956731585,35.7687384350229],[-80.8513922570972,35.7687413248851],[-80.8513882781067,35.7687436878113],[-80.8513838550875,35.768745450775],[-80.8513791240013,35.7687465612252],[-80.8513742278773,35.7687469854352]]},"properties":{"id":"arcgis-164-2-b5053003c0b3c90b","sourceId":"arcgis-164-2","source":"Fiber_Layer_AGOL \u2014 Statesville_Fiber_Extras","sourceUrl":"https://services2.arcgis.com/WbGEgSzGTEPg4fr6/arcgis/rest/services/Fiber_Layer_AGOL/FeatureServer/2","name":"Fiber_Layer_AGOL \u2014 Statesville_Fiber_Extras","carrier":"Not published","routeStatus":"Unknown","category":"unknown","evidence":"agency_route","dataDate":null,"metadataModified":"2023-12-22T14:55:19+00:00","retrievedAt":"2026-09-18T02:37:01.936831+00:00","networkType":"Published fiber route; network class not specified","serviceability":"Unconfirmed","routeDiversity":"Unconfirmed","states":["NC"]},"bbox":[-80.8514019427032,35.7687009535388,-80.8513454606728,35.7687469854352]},{"type":"Feature","geometry":{"type":"LineString","coordinates":[[-80.8516066914732,35.7682985196911],[-80.8515903537804,35.7682884783075],[-80.8516004822711,35.7682744862388]]},"properties":{"id":"arcgis-164-2-a6c2463f63851548","sourceId":"arcgis-164-2","source":"Fiber_Layer_AGOL \u2014 Statesville_Fiber_Extras","sourceUrl":"https://services2.arcgis.com/WbGEgSzGTEPg4fr6/arcgis/rest/services/Fiber_Layer_AGOL/FeatureServer/2","name":"Fiber_Layer_AGOL \u2014 Statesville_Fiber_Extras","carrier":"Not published","routeStatus":"Unknown","category":"unknown","evidence":"agency_route","dataDate":null,"metadataModified":"2023-12-22T14:55:19+00:00","retrievedAt":"2026-09-18T02:37:01.936831+00:00","networkType":"Published fiber route; network class not specified","serviceability":"Unconfirmed","routeDiversity":"Unconfirmed","states":["NC"]},"bbox":[-80.8516066914732,35.7682744862388,-80.8515903537804,35.7682985196911]},{"type":"Feature","geometry":{"type":"LineString","coordinates":[[-80.8520840697746,35.7676611936051],[-80.8520801921632,35.7676609758106],[-80.852076419342,35.7676602137168],[-80.8520728668262,35.7676589281049],[-80.8520696417388,35.7676571597164],[-80.8520668415399,35.7676549620611],[-80.8520645529205,35.7676524014335],[-80.8520628451481,35.7676495561127],[-80.8520617688567,35.767646511873],[-80.8520613582593,35.7676433619507],[-80.8520616243681,35.7676402008363],[-80.8520625605654,35.7676371259929],[-80.8520641369091,35.7676342307306],[-80.8520663067263,35.7676316023037],[-80.8520690032753,35.7676293210593],[-80.8520721451713,35.767627455848],[-80.8520756374716,35.7676260631051],[-80.8520793727812,35.7676251868347],[-80.8520832377223,35.7676248512983],[-80.852087115332,35.7676250690927],[-80.8520908881517,35.7676258311861],[-80.8520944417721,35.7676271167808],[-80.8520976668588,35.7676288851686],[-80.8521004659519,35.7676310828401],[-80.8521027545717,35.767633643467],[-80.8521044623453,35.7676364887873],[-80.8521055386381,35.7676395330265],[-80.8521059492373,35.7676426829487],[-80.8521056831302,35.7676458440632],[-80.8521047469138,35.7676489180057],[-80.8521031705919,35.7676518141697],[-80.8521010007753,35.7676544425973],[-80.8520983042264,35.7676567238423],[-80.8520951623299,35.7676585890543],[-80.8520916700079,35.7676599808965],[-80.8520879347175,35.7676608580686],[-80.8520840697746,35.7676611936051]]},"properties":{"id":"arcgis-164-2-f981fdc63b5ec878","sourceId":"arcgis-164-2","source":"Fiber_Layer_AGOL \u2014 Statesville_Fiber_Extras","sourceUrl":"https://services2.arcgis.com/WbGEgSzGTEPg4fr6/arcgis/rest/services/Fiber_Layer_AGOL/FeatureServer/2","name":"Fiber_Layer_AGOL \u2014 Statesville_Fiber_Extras","carrier":"Not published","routeStatus":"Unknown","category":"unknown","evidence":"agency_route","dataDate":null,"metadataModified":"2023-12-22T14:55:19+00:00","retrievedAt":"2026-09-18T02:37:01.936831+00:00","networkType":"Published fiber route; network class not specified","serviceability":"Unconfirmed","routeDiversity":"Unconfirmed","states":["NC"]},"bbox":[-80.8521059492373,35.7676248512983,-80.8520613582593,35.7676611936051]},{"type":"Feature","geometry":{"type":"LineString","coordinates":[[-80.8521237140433,35.7676850566457],[-80.8521196536909,35.7676848290104],[-80.8521157030588,35.7676840308573],[-80.8521119821473,35.7676826856034],[-80.8521086058199,35.7676808338731],[-80.8521056738101,35.7676785318456],[-80.8521032773559,35.7676758511556],[-80.8521014890626,35.7676728709326],[-80.8521003619204,35.767669683226],[-80.8520999324362,35.7676663848428],[-80.8521002106405,35.7676630756977],[-80.8521011910832,35.7676598559405],[-80.8521028417138,35.7676568234209],[-80.8521051137924,35.767654071735],[-80.8521079383864,35.7676516821652],[-80.8521112276003,35.7676497290696],[-80.8521148843417,35.7676482716212],[-80.8521187956661,35.7676473530066],[-80.8521228427908,35.7676470029789],[-80.8521269031208,35.7676472297129],[-80.8521308537718,35.7676480287669],[-80.852134574682,35.7676493740201],[-80.8521379510087,35.7676512257498],[-80.8521408830184,35.7676535277764],[-80.8521432794732,35.7676562084658],[-80.8521450677676,35.7676591886881],[-80.8521461938057,35.7676623764112],[-80.8521466243976,35.7676656747774],[-80.8521463450893,35.7676689839394],[-80.8521453657541,35.7676722036802],[-80.8521437151248,35.7676752362004],[-80.8521414430469,35.7676779878869],[-80.852138618453,35.7676803774576],[-80.8521353292385,35.7676823305538],[-80.852131672496,35.7676837880029],[-80.8521277611493,35.7676847057167],[-80.8521237140433,35.7676850566457]]},"properties":{"id":"arcgis-164-2-a2c02f679bd77458","sourceId":"arcgis-164-2","source":"Fiber_Layer_AGOL \u2014 Statesville_Fiber_Extras","sourceUrl":"https://services2.arcgis.com/WbGEgSzGTEPg4fr6/arcgis/rest/services/Fiber_Layer_AGOL/FeatureServer/2","name":"Fiber_Layer_AGOL \u2014 Statesville_Fiber_Extras","carrier":"Not published","routeStatus":"Unknown","category":"unknown","evidence":"agency_route","dataDate":null,"metadataModified":"2023-12-22T14:55:19+00:00","retrievedAt":"2026-09-18T02:37:01.936831+00:00","networkType":"Published fiber route; network class not specified","serviceability":"Unconfirmed","routeDiversity":"Unconfirmed","states":["NC"]},"bbox":[-80.8521466243976,35.7676470029789,-80.8520999324362,35.7676850566457]},{"type":"Feature","geometry":{"type":"LineString","coordinates":[[-80.8520947665079,35.767663814783],[-80.8521110788645,35.7676404305126]]},"properties":{"id":"arcgis-164-2-a7d79e8deff81054","sourceId":"arcgis-164-2","source":"Fiber_Layer_AGOL \u2014 Statesville_Fiber_Extras","sourceUrl":"https://services2.arcgis.com/WbGEgSzGTEPg4fr6/arcgis/rest/services/Fiber_Layer_AGOL/FeatureServer/2","name":"Fiber_Layer_AGOL \u2014 Statesville_Fiber_Extras","carrier":"Not published","routeStatus":"Unknown","category":"unknown","evidence":"agency_route","dataDate":null,"metadataModified":"2023-12-22T14:55:19+00:00","retrievedAt":"2026-09-18T02:37:01.936831+00:00","networkType":"Published fiber route; network class not specified","serviceability":"Unconfirmed","routeDiversity":"Unconfirmed","states":["NC"]},"bbox":[-80.8521110788645,35.7676404305126,-80.8520947665079,35.767663814783]},{"type":"Feature","geometry":{"type":"LineString","coordinates":[[-80.852121910726,35.7676430595497],[-80.8521469560879,35.7676555224018]]},"properties":{"id":"arcgis-164-2-4f66a0ea41f5026c","sourceId":"arcgis-164-2","source":"Fiber_Layer_AGOL \u2014 Statesville_Fiber_Extras","sourceUrl":"https://services2.arcgis.com/WbGEgSzGTEPg4fr6/arcgis/rest/services/Fiber_Layer_AGOL/FeatureServer/2","name":"Fiber_Layer_AGOL \u2014 Statesville_Fiber_Extras","carrier":"Not published","routeStatus":"Unknown","category":"unknown","evidence":"agency_route","dataDate":null,"metadataModified":"2023-12-22T14:55:19+00:00","retrievedAt":"2026-09-18T02:37:01.936831+00:00","networkType":"Published fiber route; network class not specified","serviceability":"Unconfirmed","routeDiversity":"Unconfirmed","states":["NC"]},"bbox":[-80.8521469560879,35.7676430595497,-80.852121910726,35.7676555224018]},{"type":"Feature","geometry":{"type":"LineString","coordinates":[[-80.856024821536,35.7696195448668],[-80.8560218276873,35.7696193768338],[-80.8560189160044,35.7696187883492],[-80.856016173173,35.7696177970234],[-80.8560136839155,35.7696164313151],[-80.8560115233536,35.7696147351547],[-80.8560097568017,35.7696127589326],[-80.8560084376172,35.7696105622366],[-80.85600760718,35.7696082129504],[-80.8560072903243,35.7696057810128],[-80.8560074954216,35.7696033420227],[-80.8560082174914,35.7696009681764],[-80.856009434987,35.7695987328239],[-80.8560111096505,35.7695967041612],[-80.8560131908953,35.7695949433598],[-80.8560156157848,35.7695935036662],[-80.8560183112031,35.7695924285651],[-80.8560211949604,35.7695917517633],[-80.856024177922,35.7695914935507],[-80.8560271717489,35.7695916606824],[-80.856030083431,35.7695922491668],[-80.8560328262823,35.7695932413935],[-80.8560353155187,35.7695946062003],[-80.8560374760805,35.7695963023602],[-80.8560392426328,35.7695982785819],[-80.8560405618179,35.7696004752776],[-80.8560413922767,35.7696028254648],[-80.8560417102185,35.7696052564842],[-80.8560415040371,35.7696076963924],[-80.8560407819475,35.7696100693378],[-80.8560395644527,35.7696123046905],[-80.8560378897895,35.7696143333536],[-80.8560358085448,35.7696160941554],[-80.8560333836756,35.7696175347506],[-80.856030688236,35.7696186089508],[-80.8560278055836,35.769619285736],[-80.856024821536,35.7696195448668]]},"properties":{"id":"arcgis-164-2-85987743d59e3047","sourceId":"arcgis-164-2","source":"Fiber_Layer_AGOL \u2014 Statesville_Fiber_Extras","sourceUrl":"https://services2.arcgis.com/WbGEgSzGTEPg4fr6/arcgis/rest/services/Fiber_Layer_AGOL/FeatureServer/2","name":"Fiber_Layer_AGOL \u2014 Statesville_Fiber_Extras","carrier":"Not published","routeStatus":"Unknown","category":"unknown","evidence":"agency_route","dataDate":null,"metadataModified":"2023-12-22T14:55:19+00:00","retrievedAt":"2026-09-18T02:37:01.936831+00:00","networkType":"Published fiber route; network class not specified","serviceability":"Unconfirmed","routeDiversity":"Unconfirmed","states":["NC"]},"bbox":[-80.8560417102185,35.7695914935507,-80.8560072903243,35.7696195448668]},{"type":"Feature","geometry":{"type":"LineString","coordinates":[[-80.8600072465789,35.7715440378671],[-80.8600036025015,35.7715438347856],[-80.8600000583414,35.7715431181236],[-80.8599967197105,35.771541910609],[-80.8599936903615,35.7715402503234],[-80.8599910598991,35.7715381854812],[-80.8599889094341,35.7715357797522],[-80.8599873036971,35.7715331060712],[-80.85998629325,35.7715302466045],[-80.8599859066013,35.7715272865596],[-80.8599861569223,35.7715243176888],[-80.8599870352064,35.7715214293788],[-80.8599885169033,35.7715187085486],[-80.8599905552634,35.7715162388508],[-80.8599930889546,35.7715140951452],[-80.8599960409351,35.7715123426151],[-80.8599993206244,35.7715110349311],[-80.8600028304546,35.7715102105448],[-80.8600064615303,35.7715098963614],[-80.8600101045004,35.7715100994597],[-80.8600136497651,35.7715108161044],[-80.8600169872684,35.7715120227343],[-80.8600200177434,35.7715136839037],[-80.8600226482056,35.7715157487452],[-80.8600247986711,35.7715181544737],[-80.8600264033033,35.7715208281711],[-80.8600274148574,35.7715236876206],[-80.8600278015077,35.7715266476654],[-80.8600275511882,35.7715296165362],[-80.8600266717996,35.7715325048634],[-80.8600251912095,35.7715352256771],[-80.86002315285,35.7715376953755],[-80.860020619159,35.7715398390817],[-80.8600176671779,35.7715415916124],[-80.8600143874877,35.7715428992969],[-80.8600108776562,35.7715437236835],[-80.8600072465789,35.7715440378671]]},"properties":{"id":"arcgis-164-2-fd8b1d745e8eef25","sourceId":"arcgis-164-2","source":"Fiber_Layer_AGOL \u2014 Statesville_Fiber_Extras","sourceUrl":"https://services2.arcgis.com/WbGEgSzGTEPg4fr6/arcgis/rest/services/Fiber_Layer_AGOL/FeatureServer/2","name":"Fiber_Layer_AGOL \u2014 Statesville_Fiber_Extras","carrier":"Not published","routeStatus":"Unknown","category":"unknown","evidence":"agency_route","dataDate":null,"metadataModified":"2023-12-22T14:55:19+00:00","retrievedAt":"2026-09-18T02:37:01.936831+00:00","networkType":"Published fiber route; network class not specified","serviceability":"Unconfirmed","routeDiversity":"Unconfirmed","states":["NC"]},"bbox":[-80.8600278015077,35.7715098963614,-80.8599859066013,35.7715440378671]},{"type":"Feature","geometry":{"type":"LineString","coordinates":[[-80.8626660216172,35.772526739565],[-80.8627114372285,35.7725398966295]]},"properties":{"id":"arcgis-164-2-6052b3ab7de603dd","sourceId":"arcgis-164-2","source":"Fiber_Layer_AGOL \u2014 Statesville_Fiber_Extras","sourceUrl":"https://services2.arcgis.com/WbGEgSzGTEPg4fr6/arcgis/rest/services/Fiber_Layer_AGOL/FeatureServer/2","name":"Fiber_Layer_AGOL \u2014 Statesville_Fiber_Extras","carrier":"Not published","routeStatus":"Unknown","category":"unknown","evidence":"agency_route","dataDate":null,"metadataModified":"2023-12-22T14:55:19+00:00","retrievedAt":"2026-09-18T02:37:01.936831+00:00","networkType":"Published fiber route; network class not specified","serviceability":"Unconfirmed","routeDiversity":"Unconfirmed","states":["NC"]},"bbox":[-80.8627114372285,35.772526739565,-80.8626660216172,35.7725398966295]},{"type":"Feature","geometry":{"type":"LineString","coordinates":[[-80.8626111671128,35.7725111034516],[-80.8625658474695,35.7724986056854]]},"properties":{"id":"arcgis-164-2-c92b6761795adc05","sourceId":"arcgis-164-2","source":"Fiber_Layer_AGOL \u2014 Statesville_Fiber_Extras","sourceUrl":"https://services2.arcgis.com/WbGEgSzGTEPg4fr6/arcgis/rest/services/Fiber_Layer_AGOL/FeatureServer/2","name":"Fiber_Layer_AGOL \u2014 Statesville_Fiber_Extras","carrier":"Not published","routeStatus":"Unknown","category":"unknown","evidence":"agency_route","dataDate":null,"metadataModified":"2023-12-22T14:55:19+00:00","retrievedAt":"2026-09-18T02:37:01.936831+00:00","networkType":"Published fiber route; network class not specified","serviceability":"Unconfirmed","routeDiversity":"Unconfirmed","states":["NC"]},"bbox":[-80.8626111671128,35.7724986056854,-80.8625658474695,35.7725111034516]},{"type":"Feature","geometry":{"type":"LineString","coordinates":[[-80.8626943245201,35.7725336720153],[-80.8626903048932,35.7725334477118],[-80.8626863950225,35.7725326573877],[-80.8626827127482,35.772531326286],[-80.8626793696079,35.7725294941703],[-80.8626764675392,35.7725272162764],[-80.8626740955419,35.7725245624621],[-80.8626723240658,35.772521613687],[-80.8626712093714,35.7725184592411],[-80.8626707824099,35.7725151942106],[-80.8626710587547,35.7725119184242],[-80.8626720274392,35.7725087321169],[-80.8626736619113,35.7725057312541],[-80.8626759100609,35.7725030067831],[-80.8626787052149,35.7725006417605],[-80.8626819605467,35.7724987087329],[-80.8626855800299,35.7724972650623],[-80.8626894507814,35.7724963566485],[-80.8626934572289,35.7724960086982],[-80.8626974757688,35.7724962339198],[-80.8627013867229,35.7724970233254],[-80.8627050690167,35.7724983553278],[-80.8627084121563,35.7725001874428],[-80.8627113131191,35.7725024653528],[-80.862713686202,35.7725051182483],[-80.8627154565943,35.772508067941],[-80.8627165723961,35.7725112223696],[-80.8627169993594,35.7725144874],[-80.8627167229956,35.7725177622852],[-80.8627157532278,35.7725209495109],[-80.8627141198627,35.7725239503574],[-80.8627118717138,35.7725266748291],[-80.8627090765391,35.7725290389513],[-80.8627058201217,35.7725309728976],[-80.8627022017224,35.7725324156508],[-80.8626983309901,35.7725333249661],[-80.8626943245201,35.7725336720153]]},"properties":{"id":"arcgis-164-2-605ca72084a5ddc0","sourceId":"arcgis-164-2","source":"Fiber_Layer_AGOL \u2014 Statesville_Fiber_Extras","sourceUrl":"https://services2.arcgis.com/WbGEgSzGTEPg4fr6/arcgis/rest/services/Fiber_Layer_AGOL/FeatureServer/2","name":"Fiber_Layer_AGOL \u2014 Statesville_Fiber_Extras","carrier":"Not published","routeStatus":"Unknown","category":"unknown","evidence":"agency_route","dataDate":null,"metadataModified":"2023-12-22T14:55:19+00:00","retrievedAt":"2026-09-18T02:37:01.936831+00:00","networkType":"Published fiber route; network class not specified","serviceability":"Unconfirmed","routeDiversity":"Unconfirmed","states":["NC"]},"bbox":[-80.8627169993594,35.7724960086982,-80.8626707824099,35.7725336720153]},{"type":"Feature","geometry":{"type":"LineString","coordinates":[[-80.8625969288996,35.7725060068212],[-80.8625929458082,35.7725057837587],[-80.8625890693013,35.7725050010349],[-80.8625854193687,35.7725036811552],[-80.8625821064625,35.7725018648016],[-80.8625792303089,35.7724996072438],[-80.8625768787808,35.7724969774552],[-80.8625751244979,35.7724940545594],[-80.8625740181918,35.772490927931],[-80.8625735963217,35.7724876916705],[-80.8625738689318,35.7724844456912],[-80.8625748305015,35.7724812865386],[-80.8625764500969,35.7724783120482],[-80.8625786777986,35.7724756122324],[-80.8625814479977,35.7724732683282],[-80.8625846760585,35.7724713519474],[-80.8625882626787,35.7724699223047],[-80.8625920992946,35.7724690207266],[-80.8625960693319,35.7724686769423],[-80.8626000535065,35.7724688990866],[-80.8626039289268,35.7724696827282],[-80.8626075788374,35.772471001706],[-80.8626108928487,35.7724728180421],[-80.8626137690022,35.7724750755992],[-80.8626161194251,35.772477705404],[-80.8626178748356,35.7724806291835],[-80.8626189800375,35.7724837558285],[-80.8626194029945,35.7724869911708],[-80.8626191293011,35.7724902380682],[-80.8626181688181,35.7724933963031],[-80.8626165492239,35.772496370794],[-80.8626143204379,35.7724990715286],[-80.862611550218,35.7725014145323],[-80.8626083232625,35.7725033308969],[-80.862604736662,35.7725047614414],[-80.8626009000237,35.7725056621187],[-80.8625969288996,35.7725060068212]]},"properties":{"id":"arcgis-164-2-580151372b278410","sourceId":"arcgis-164-2","source":"Fiber_Layer_AGOL \u2014 Statesville_Fiber_Extras","sourceUrl":"https://services2.arcgis.com/WbGEgSzGTEPg4fr6/arcgis/rest/services/Fiber_Layer_AGOL/FeatureServer/2","name":"Fiber_Layer_AGOL \u2014 Statesville_Fiber_Extras","carrier":"Not published","routeStatus":"Unknown","category":"unknown","evidence":"agency_route","dataDate":null,"metadataModified":"2023-12-22T14:55:19+00:00","retrievedAt":"2026-09-18T02:37:01.936831+00:00","networkType":"Published fiber route; network class not specified","serviceability":"Unconfirmed","routeDiversity":"Unconfirmed","states":["NC"]},"bbox":[-80.8626194029945,35.7724686769423,-80.8625735963217,35.7725060068212]},{"type":"Feature","geometry":{"type":"LineString","coordinates":[[-80.8632927218291,35.772708727115],[-80.863250789847,35.7726957288267]]},"properties":{"id":"arcgis-164-2-2e9e4bb27c0f163e","sourceId":"arcgis-164-2","source":"Fiber_Layer_AGOL \u2014 Statesville_Fiber_Extras","sourceUrl":"https://services2.arcgis.com/WbGEgSzGTEPg4fr6/arcgis/rest/services/Fiber_Layer_AGOL/FeatureServer/2","name":"Fiber_Layer_AGOL \u2014 Statesville_Fiber_Extras","carrier":"Not published","routeStatus":"Unknown","category":"unknown","evidence":"agency_route","dataDate":null,"metadataModified":"2023-12-22T14:55:19+00:00","retrievedAt":"2026-09-18T02:37:01.936831+00:00","networkType":"Published fiber route; network class not specified","serviceability":"Unconfirmed","routeDiversity":"Unconfirmed","states":["NC"]},"bbox":[-80.8632927218291,35.7726957288267,-80.863250789847,35.772708727115]},{"type":"Feature","geometry":{"type":"LineString","coordinates":[[-80.8675204798008,35.7732285865585],[-80.8675172720147,35.7732284067606],[-80.8675141511808,35.7732277766797],[-80.8675112117322,35.7732267137997],[-80.8675085429472,35.7732252519103],[-80.8675062265713,35.7732234339319],[-80.8675043335831,35.7732213155711],[-80.8675029196873,35.7732189617838],[-80.8675020296759,35.7732164440035],[-80.86750168854,35.7732138384749],[-80.8675019091687,35.7732112243331],[-80.8675026823137,35.7732086801506],[-80.8675039865626,35.7732062846868],[-80.8675057815581,35.7732041106808],[-80.8675080112737,35.7732022229985],[-80.8675106106911,35.7732006803332],[-80.8675134989978,35.7731995280976],[-80.8675165885176,35.7731988018932],[-80.8675197857539,35.7731985247898],[-80.8675229946447,35.7731987045707],[-80.8675261154775,35.7731993346514],[-80.8675290549254,35.7732003975311],[-80.8675317226041,35.773201859437],[-80.8675340389799,35.7732036774149],[-80.8675359319684,35.7732057957752],[-80.867537345865,35.7732081495622],[-80.8675382369832,35.7732106673253],[-80.8675385770145,35.7732132728707],[-80.8675383574928,35.7732158869957],[-80.8675375832222,35.7732184302941],[-80.8675362789741,35.7732208257583],[-80.8675344851057,35.773223000649],[-80.8675322542843,35.7732248883487],[-80.8675296559724,35.7732264309975],[-80.867526767665,35.7732275832334],[-80.8675236770175,35.7732283085538],[-80.8675204798008,35.7732285865585]]},"properties":{"id":"arcgis-164-2-7bd13650695fb04f","sourceId":"arcgis-164-2","source":"Fiber_Layer_AGOL \u2014 Statesville_Fiber_Extras","sourceUrl":"https://services2.arcgis.com/WbGEgSzGTEPg4fr6/arcgis/rest/services/Fiber_Layer_AGOL/FeatureServer/2","name":"Fiber_Layer_AGOL \u2014 Statesville_Fiber_Extras","carrier":"Not published","routeStatus":"Unknown","category":"unknown","evidence":"agency_route","dataDate":null,"metadataModified":"2023-12-22T14:55:19+00:00","retrievedAt":"2026-09-18T02:37:01.936831+00:00","networkType":"Published fiber route; network class not specified","serviceability":"Unconfirmed","routeDiversity":"Unconfirmed","states":["NC"]},"bbox":[-80.8675385770145,35.7731985247898,-80.86750168854,35.7732285865585]},{"type":"Feature","geometry":{"type":"LineString","coordinates":[[-80.8727295463818,35.7735683538618],[-80.8727242650378,35.7735680591371],[-80.8727191268905,35.7735670211726],[-80.8727142875503,35.7735652718329],[-80.8727098942816,35.7735628647472],[-80.8727060815171,35.7735598726735],[-80.8727029630746,35.7735563858157],[-80.8727006365598,35.7735525108536],[-80.8726991699714,35.7735483657406],[-80.8726986093579,35.7735440759797],[-80.8726989710143,35.7735397720385],[-80.872700244675,35.7735355838919],[-80.8727023901956,35.7735316410724],[-80.8727053450228,35.773528060836],[-80.8727090165581,35.7735249527871],[-80.8727132952816,35.7735224123661],[-80.8727180502035,35.7735205155105],[-80.8727231366468,35.7735193203381],[-80.8727284005868,35.7735188634744],[-80.8727336819275,35.7735191581989],[-80.872738820072,35.7735201961628],[-80.8727436594101,35.7735219455015],[-80.8727480526775,35.7735243525861],[-80.8727518654628,35.7735273455596],[-80.8727549838855,35.7735308315151],[-80.8727573104022,35.7735347064762],[-80.8727587770142,35.7735388524896],[-80.8727593376309,35.7735431422503],[-80.8727589759776,35.7735474461916],[-80.8727577034048,35.7735516334206],[-80.8727555568014,35.7735555771593],[-80.8727526019754,35.7735591573969],[-80.8727489304193,35.7735622645459],[-80.8727446516949,35.7735648049681],[-80.8727398967709,35.7735667018247],[-80.8727348103249,35.7735678969978],[-80.8727295463818,35.7735683538618]]},"properties":{"id":"arcgis-164-2-fca07c613c057dc7","sourceId":"arcgis-164-2","source":"Fiber_Layer_AGOL \u2014 Statesville_Fiber_Extras","sourceUrl":"https://services2.arcgis.com/WbGEgSzGTEPg4fr6/arcgis/rest/services/Fiber_Layer_AGOL/FeatureServer/2","name":"Fiber_Layer_AGOL \u2014 Statesville_Fiber_Extras","carrier":"Not published","routeStatus":"Unknown","category":"unknown","evidence":"agency_route","dataDate":null,"metadataModified":"2023-12-22T14:55:19+00:00","retrievedAt":"2026-09-18T02:37:01.936831+00:00","networkType":"Published fiber route; network class not specified","serviceability":"Unconfirmed","routeDiversity":"Unconfirmed","states":["NC"]},"bbox":[-80.8727593376309,35.7735188634744,-80.8726986093579,35.7735683538618]},{"type":"Feature","geometry":{"type":"LineString","coordinates":[[-80.8764832005529,35.7740456266167],[-80.8764794964803,35.7740454195411],[-80.8764758920564,35.7740446916625],[-80.8764724973242,35.7740434656262],[-80.8764694170904,35.7740417767793],[-80.876466742183,35.7740396778129],[-80.8764645548337,35.7740372323686],[-80.8764629231495,35.7740345151238],[-80.8764618943724,35.7740316073876],[-80.8764615004507,35.7740285988187],[-80.8764617545542,35.7740255802663],[-80.876462647736,35.7740226429203],[-80.8764641522287,35.7740198773592],[-80.8764662245952,35.7740173662892],[-80.8764688002406,35.774015186432],[-80.8764718010705,35.7740134048007],[-80.8764751353853,35.7740120741939],[-80.8764787034731,35.774011235814],[-80.8764823952931,35.7740109147956],[-80.8764860993641,35.774011121871],[-80.8764897037866,35.7740118497493],[-80.8764930974328,35.7740130767034],[-80.8764961787509,35.7740147646315],[-80.8764988536583,35.7740168635973],[-80.876501041008,35.774019309041],[-80.8765026726932,35.7740220262853],[-80.8765037014717,35.7740249340211],[-80.8765040953949,35.7740279425899],[-80.876503841293,35.7740309611424],[-80.8765029481126,35.7740338984887],[-80.876501442536,35.7740366649685],[-80.8764993712551,35.7740391751208],[-80.8764967956097,35.7740413549787],[-80.8764937948003,35.7740431375117],[-80.8764904604636,35.7740444672178],[-80.8764868923744,35.7740453055981],[-80.8764832005529,35.7740456266167]]},"properties":{"id":"arcgis-164-2-84eab7e501e2aad9","sourceId":"arcgis-164-2","source":"Fiber_Layer_AGOL \u2014 Statesville_Fiber_Extras","sourceUrl":"https://services2.arcgis.com/WbGEgSzGTEPg4fr6/arcgis/rest/services/Fiber_Layer_AGOL/FeatureServer/2","name":"Fiber_Layer_AGOL \u2014 Statesville_Fiber_Extras","carrier":"Not published","routeStatus":"Unknown","category":"unknown","evidence":"agency_route","dataDate":null,"metadataModified":"2023-12-22T14:55:19+00:00","retrievedAt":"2026-09-18T02:37:01.936831+00:00","networkType":"Published fiber route; network class not specified","serviceability":"Unconfirmed","routeDiversity":"Unconfirmed","states":["NC"]},"bbox":[-80.8765040953949,35.7740109147956,-80.8764615004507,35.7740456266167]},{"type":"Feature","geometry":{"type":"LineString","coordinates":[[-80.8903158956846,35.7857488224737],[-80.8903116116536,35.7857485842425],[-80.8903074440819,35.7857477428998],[-80.8903035186217,35.7857463253441],[-80.8902999557325,35.7857443729785],[-80.890296861959,35.785741947255],[-80.8902943330174,35.7857391197104],[-80.8902924439681,35.7857359775273],[-80.8902912545768,35.7857326162397],[-80.8902907981917,35.7857291372002],[-80.8902910916972,35.7857256474258],[-80.8902921231373,35.7857222507752],[-80.8902938639873,35.7857190522657],[-80.8902962589887,35.7857161492158],[-80.8902992371464,35.7857136283701],[-80.8903027062404,35.7857115677876],[-80.8903065626119,35.7857100294776],[-80.8903106889507,35.7857090594341],[-80.8903149576349,35.7857086884858],[-80.8903192416638,35.7857089267169],[-80.8903234092337,35.7857097680593],[-80.8903273346924,35.7857111856143],[-80.8903308986868,35.785713137962],[-80.8903339913542,35.7857155637018],[-80.8903365202964,35.7857183912457],[-80.8903384093471,35.785721533428],[-80.8903395987402,35.7857248947152],[-80.8903400551273,35.7857283737546],[-80.890339761624,35.7857318635291],[-80.8903387301857,35.78573526018],[-80.890336989316,35.785738457789],[-80.8903345943365,35.7857413617408],[-80.8903316161578,35.7857438816862],[-80.8903281470842,35.7857459431707],[-80.8903242907115,35.7857474814814],[-80.8903201654768,35.7857484515081],[-80.8903158956846,35.7857488224737]]},"properties":{"id":"arcgis-164-2-db4c5e74ccc5e18b","sourceId":"arcgis-164-2","source":"Fiber_Layer_AGOL \u2014 Statesville_Fiber_Extras","sourceUrl":"https://services2.arcgis.com/WbGEgSzGTEPg4fr6/arcgis/rest/services/Fiber_Layer_AGOL/FeatureServer/2","name":"Fiber_Layer_AGOL \u2014 Statesville_Fiber_Extras","carrier":"Not published","routeStatus":"Unknown","category":"unknown","evidence":"agency_route","dataDate":null,"metadataModified":"2023-12-22T14:55:19+00:00","retrievedAt":"2026-09-18T02:37:01.936831+00:00","networkType":"Published fiber route; network class not specified","serviceability":"Unconfirmed","routeDiversity":"Unconfirmed","states":["NC"]},"bbox":[-80.8903400551273,35.7857086884858,-80.8902907981917,35.7857488224737]},{"type":"Feature","geometry":{"type":"LineString","coordinates":[[-80.8486120457624,35.7661805559156],[-80.8486772685775,35.7662305089798],[-80.8486792495506,35.7662316661906],[-80.8486814407419,35.766232535335],[-80.8486837796942,35.7662330939222],[-80.8486861996714,35.7662333258363],[-80.8486886341436,35.766233223974],[-80.8486910123842,35.7662327912116],[-80.8486932683164,35.7662320402719],[-80.84869533826,35.7662309919545],[-80.8486971642695,35.7662296759872],[-80.8486986929872,35.76622812924],[-80.8486998833835,35.7662263956081],[-80.8487007001014,35.7662245252108],[-80.8487011210736,35.7662225688674],[-80.8487011354139,35.7662205826363],[-80.8487007399762,35.7662186224586],[-80.8486999482005,35.7662167440234],[-80.8486987812054,35.7662150001991],[-80.8486972732958,35.7662134400474],[-80.8486954653084,35.7662121080238],[-80.8486934100781,35.7662110411894],[-80.8486120457624,35.7661805559156],[-80.8485336136295,35.7661506418099],[-80.8485319185806,35.7661495082036],[-80.8485304818388,35.7661481579216],[-80.8485293430111,35.7661466300291],[-80.848528536279,35.7661449681809],[-80.8485280837429,35.7661432198212],[-80.8485279975722,35.7661414334466],[-80.8485282822785,35.7661396612759],[-80.8485289268312,35.7661379530591],[-80.8485299157562,35.7661363577124],[-80.848531220228,35.7661349207485],[-80.8485328013459,35.7661336824239],[-80.8485346156833,35.7661326785566],[-80.8485366119086,35.7661319378721],[-80.8485387318706,35.7661314810863],[-80.8485409161269,35.7661313208209],[-80.8485431017529,35.7661314625385],[-80.8485452277889,35.766131900854],[-80.8485472331512,35.7661326249747],[-80.8485490598469,35.766133614145],[-80.8486120457624,35.7661805559156]]},"properties":{"id":"arcgis-164-2-c2edb347260d5eaa","sourceId":"arcgis-164-2","source":"Fiber_Layer_AGOL \u2014 Statesville_Fiber_Extras","sourceUrl":"https://services2.arcgis.com/WbGEgSzGTEPg4fr6/arcgis/rest/services/Fiber_Layer_AGOL/FeatureServer/2","name":"Fiber_Layer_AGOL \u2014 Statesville_Fiber_Extras","carrier":"Not published","routeStatus":"Unknown","category":"unknown","evidence":"agency_route","dataDate":null,"metadataModified":"2023-12-22T14:55:19+00:00","retrievedAt":"2026-09-18T02:37:01.936831+00:00","networkType":"Published fiber route; network class not specified","serviceability":"Unconfirmed","routeDiversity":"Unconfirmed","states":["NC"]},"bbox":[-80.8487011354139,35.7661313208209,-80.8485279975722,35.7662333258363]},{"type":"Feature","geometry":{"type":"LineString","coordinates":[[-80.8440245531182,35.7641472977253],[-80.84410000723,35.7641865263513],[-80.8441022175006,35.7641873637355],[-80.8441045677238,35.7641878870803],[-80.8441069934393,35.7641880829374],[-80.8441094248021,35.7641879442511],[-80.8441117933601,35.7641874765653],[-80.8441140319114,35.7641866917157],[-80.8441160779434,35.7641856131865],[-80.84411787349,35.7641842698021],[-80.8441193674659,35.7641827011006],[-80.8441205188192,35.7641809500744],[-80.8441212932969,35.764179066825],[-80.8441216711025,35.7641771048407],[-80.8441216390941,35.7641751184109],[-80.8441212007982,35.7641731651783],[-80.8441203662724,35.7641712981795],[-80.8441191610957,35.7641695720187],[-80.8441176184432,35.764168034875],[-80.8441157813388,35.7641667302704],[-80.8441137014878,35.7641656943836],[-80.8441114392767,35.76416495605],[-80.8440245531182,35.7641472977253],[-80.8439406760329,35.7641297560498],[-80.8439387517764,35.764128898105],[-80.8439370330631,35.7641277891345],[-80.843935567052,35.7641264599769],[-80.8439343955378,35.7641249487642],[-80.8439335526781,35.7641232982512],[-80.843933062802,35.7641215567509],[-80.8439329380553,35.7641197718591],[-80.8439331840523,35.7641179957779],[-80.843933791992,35.7641162791249],[-80.843934746377,35.7641146699143],[-80.8439360183801,35.7641132136579],[-80.8439375735838,35.7641119532475],[-80.8439393652228,35.7641109236481],[-80.8439413452825,35.7641101535336],[-80.8439434545676,35.7641096663375],[-80.8439456347628,35.7641094755641],[-80.8439478240301,35.7641095857555],[-80.8439499592411,35.7641099933602],[-80.8439519793349,35.7641106884846],[-80.8440245531182,35.7641472977253]]},"properties":{"id":"arcgis-164-2-d79f44733c3b9423","sourceId":"arcgis-164-2","source":"Fiber_Layer_AGOL \u2014 Statesville_Fiber_Extras","sourceUrl":"https://services2.arcgis.com/WbGEgSzGTEPg4fr6/arcgis/rest/services/Fiber_Layer_AGOL/FeatureServer/2","name":"Fiber_Layer_AGOL \u2014 Statesville_Fiber_Extras","carrier":"Not published","routeStatus":"Unknown","category":"unknown","evidence":"agency_route","dataDate":null,"metadataModified":"2023-12-22T14:55:19+00:00","retrievedAt":"2026-09-18T02:37:01.936831+00:00","networkType":"Published fiber route; network class not specified","serviceability":"Unconfirmed","routeDiversity":"Unconfirmed","states":["NC"]},"bbox":[-80.8441216711025,35.7641094755641,-80.8439329380553,35.7641880829374]},{"type":"Feature","geometry":{"type":"LineString","coordinates":[[-80.8377085459389,35.7619878828537],[-80.8377859454006,35.7620245049818],[-80.837788196949,35.7620252661302],[-80.8377905717831,35.7620257089903],[-80.8377930054863,35.7620258219133],[-80.8377954271716,35.7620256005598],[-80.8377977695353,35.7620250522561],[-80.8377999654577,35.762024192439],[-80.837801954638,35.7620230445563],[-80.8378036792114,35.7620216419352],[-80.8378050913875,35.76202002316],[-80.8378061512999,35.7620182348092],[-80.8378068291152,35.7620163269156],[-80.837807106139,35.7620143529501],[-80.8378069726041,35.7620123698547],[-80.8378064341822,35.7620104325356],[-80.8378055054107,35.7620085966666],[-80.8378042117819,35.7620069132487],[-80.8378025919741,35.7620054294779],[-80.8378006889862,35.7620041879773],[-80.8377985589215,35.7620032239606],[-80.8377962599105,35.7620025644971],[-80.8377085459389,35.7619878828537],[-80.8376238441809,35.7619732169971],[-80.8376218784152,35.7619724253897],[-80.8376201036485,35.7619713748734],[-80.8376185703739,35.7619700971402],[-80.8376173225318,35.7619686275873],[-80.8376163964461,35.7619670071357],[-80.8376158164416,35.7619652840996],[-80.8376156012735,35.7619635050741],[-80.8376157554464,35.7619617222785],[-80.8376162756631,35.7619599853452],[-80.8376171453791,35.761958345008],[-80.8376183424188,35.7619568475783],[-80.8376198312361,35.7619555350615],[-80.8376215684428,35.761954445074],[-80.8376235071902,35.7619536089738],[-80.8376255893887,35.7619530501751],[-80.8376277589757,35.7619527839478],[-80.8376299508998,35.7619528193869],[-80.8376321053925,35.7619531546901],[-80.8376341592044,35.761953780895],[-80.8377085459389,35.7619878828537]]},"properties":{"id":"arcgis-164-2-c1c8b334b0ee6306","sourceId":"arcgis-164-2","source":"Fiber_Layer_AGOL \u2014 Statesville_Fiber_Extras","sourceUrl":"https://services2.arcgis.com/WbGEgSzGTEPg4fr6/arcgis/rest/services/Fiber_Layer_AGOL/FeatureServer/2","name":"Fiber_Layer_AGOL \u2014 Statesville_Fiber_Extras","carrier":"Not published","routeStatus":"Unknown","category":"unknown","evidence":"agency_route","dataDate":null,"metadataModified":"2023-12-22T14:55:19+00:00","retrievedAt":"2026-09-18T02:37:01.936831+00:00","networkType":"Published fiber route; network class not specified","serviceability":"Unconfirmed","routeDiversity":"Unconfirmed","states":["NC"]},"bbox":[-80.837807106139,35.7619527839478,-80.8376156012735,35.7620258219133]},{"type":"Feature","geometry":{"type":"LineString","coordinates":[[-80.8412183625399,35.7631539019286],[-80.8412938143647,35.7631931323055],[-80.8412960245791,35.763193969741],[-80.841298375861,35.7631944931233],[-80.8413008004343,35.7631946890531],[-80.8413032317719,35.7631945504228],[-80.8413056003172,35.7631940827914],[-80.8413078388681,35.7631932979931],[-80.8413098849125,35.7631922195107],[-80.8413116804836,35.7631908761672],[-80.8413131756012,35.763189307483],[-80.8413143258954,35.7631875564995],[-80.8413151015347,35.7631856732505],[-80.8413154782979,35.763183711291],[-80.8413154474646,35.7631817248431],[-80.8413150081361,35.7631797716165],[-80.841314174791,35.7631779045812],[-80.8413129696889,35.7631761783921],[-80.841311426003,35.7631746412291],[-80.8413095889664,35.7631733365817],[-80.8413075102825,35.76317230063],[-80.8413052470192,35.7631715622607],[-80.8412183625399,35.7631539019286],[-80.8411344881986,35.7631363582982],[-80.8411325651012,35.7631355002921],[-80.8411308453417,35.7631343912984],[-80.8411293793947,35.7631330621066],[-80.8411282079473,35.7631315508664],[-80.8411273662814,35.763129901218],[-80.8411268753455,35.7631281588213],[-80.841126751768,35.7631263739093],[-80.8411269967179,35.76312459785],[-80.8411276058153,35.7631228811937],[-80.8411285591387,35.7631212720213],[-80.8411298322824,35.7631198157771],[-80.841131386405,35.7631185554187],[-80.8411331791635,35.7631175258437],[-80.8411351581403,35.7631167566923],[-80.8411372685016,35.7631162686269],[-80.8411394486767,35.7631160779036],[-80.8411416368076,35.7631161881623],[-80.8411437719783,35.7631165958162],[-80.8411457920231,35.7631172909874],[-80.8412183625399,35.7631539019286]]},"properties":{"id":"arcgis-164-2-db51725497c55af3","sourceId":"arcgis-164-2","source":"Fiber_Layer_AGOL \u2014 Statesville_Fiber_Extras","sourceUrl":"https://services2.arcgis.com/WbGEgSzGTEPg4fr6/arcgis/rest/services/Fiber_Layer_AGOL/FeatureServer/2","name":"Fiber_Layer_AGOL \u2014 Statesville_Fiber_Extras","carrier":"Not published","routeStatus":"Unknown","category":"unknown","evidence":"agency_route","dataDate":null,"metadataModified":"2023-12-22T14:55:19+00:00","retrievedAt":"2026-09-18T02:37:01.936831+00:00","networkType":"Published fiber route; network class not specified","serviceability":"Unconfirmed","routeDiversity":"Unconfirmed","states":["NC"]},"bbox":[-80.8413154782979,35.7631160779036,-80.841126751768,35.7631946890531]},{"type":"Feature","geometry":{"type":"LineString","coordinates":[[-80.8326753808216,35.7609674792607],[-80.8327581005774,35.760995321373],[-80.8327604558159,35.7609958295337],[-80.832762883252,35.7609960093622],[-80.8327653130856,35.7609958555985],[-80.832767676846,35.760995372879],[-80.8327699084583,35.7609945739178],[-80.8327719442831,35.7609934813087],[-80.8327737264136,35.7609921265743],[-80.8327752048464,35.7609905483302],[-80.8327763396309,35.7609887895483],[-80.8327770954231,35.7609869012447],[-80.8327774535254,35.7609849368896],[-80.8327774030004,35.7609829507376],[-80.8327769451342,35.7609809995642],[-80.8327760933552,35.7609791390603],[-80.8327748709407,35.7609774202614],[-80.832773312204,35.7609758931351],[-80.8327714623523,35.7609746002733],[-80.8327693730837,35.7609735778595],[-80.8327671025671,35.7609728547678],[-80.8327647165476,35.7609724525464],[-80.8326753808216,35.7609674792607],[-80.8325890332134,35.7609621931974],[-80.8325869531099,35.7609616240985],[-80.8325850204692,35.7609607778221],[-80.8325832900613,35.7609596796877],[-80.8325818112097,35.7609583587025],[-80.8325806246169,35.7609568539203],[-80.8325797666648,35.7609552089672],[-80.8325792593819,35.7609534685869],[-80.8325791194315,35.7609516848157],[-80.8325793490218,35.7609499063017],[-80.8325799426822,35.7609481845127],[-80.832580882739,35.7609465692974],[-80.8325821425505,35.7609451052304],[-80.8325836876945,35.7609438352002],[-80.8325854714232,35.760942795069],[-80.8325874457196,35.7609420135058],[-80.8325895514081,35.7609415148403],[-80.8325917312384,35.760941310752],[-80.8325939223506,35.7609414093988],[-80.8325960615985,35.7609418063221],[-80.8326753808216,35.7609674792607]]},"properties":{"id":"arcgis-164-2-03c35b4364afc549","sourceId":"arcgis-164-2","source":"Fiber_Layer_AGOL \u2014 Statesville_Fiber_Extras","sourceUrl":"https://services2.arcgis.com/WbGEgSzGTEPg4fr6/arcgis/rest/services/Fiber_Layer_AGOL/FeatureServer/2","name":"Fiber_Layer_AGOL \u2014 Statesville_Fiber_Extras","carrier":"Not published","routeStatus":"Unknown","category":"unknown","evidence":"agency_route","dataDate":null,"metadataModified":"2023-12-22T14:55:19+00:00","retrievedAt":"2026-09-18T02:37:01.936831+00:00","networkType":"Published fiber route; network class not specified","serviceability":"Unconfirmed","routeDiversity":"Unconfirmed","states":["NC"]},"bbox":[-80.8327774535254,35.760941310752,-80.8325791194315,35.7609960093622]},{"type":"Feature","geometry":{"type":"LineString","coordinates":[[-80.8280694733104,35.7601201410234],[-80.8281521917003,35.7601479853536],[-80.8281545479908,35.7601484935868],[-80.8281569742857,35.7601486735238],[-80.8281594041025,35.7601485198519],[-80.8281617678657,35.7601480372217],[-80.8281639995,35.7601472383448],[-80.8281660353657,35.7601461458123],[-80.8281678175547,35.7601447911449],[-80.8281692971675,35.7601432129397],[-80.8281704309346,35.7601414542168],[-80.828171187932,35.7601395659247],[-80.8281715461424,35.7601376015826],[-80.8281714946253,35.7601356154448],[-80.828171036875,35.7601336642535],[-80.8281701852108,35.7601318037169],[-80.8281689629069,35.7601300848713],[-80.8281674042734,35.7601285576857],[-80.8281655545147,35.7601272647535],[-80.8281634653263,35.7601262422604],[-80.8281611948745,35.7601255190827],[-80.828158808903,35.7601251167709],[-80.8280694733104,35.7601201410234],[-80.8279831279928,35.7601148507753],[-80.8279810479435,35.7601142815976],[-80.8279791153711,35.7601134352479],[-80.8279773839382,35.7601123370643],[-80.8279759051773,35.7601110160229],[-80.8279747197883,35.7601095111788],[-80.8279738608331,35.7601078662094],[-80.8279733547602,35.7601061257928],[-80.8279732138072,35.7601043420325],[-80.8279734434964,35.7601025635266],[-80.8279740372486,35.7601008417596],[-80.8279749773875,35.7600992265795],[-80.8279762383748,35.7600977625431],[-80.8279777824692,35.7600964925876],[-80.8279795662385,35.7600954525236],[-80.8279815405587,35.7600946710349],[-80.8279836473591,35.7600941724322],[-80.8279858271783,35.7600939684263],[-80.8279880171562,35.7600940671726],[-80.8279901563591,35.7600944641768],[-80.8280694733104,35.7601201410234]]},"properties":{"id":"arcgis-164-2-63c556eccafee3aa","sourceId":"arcgis-164-2","source":"Fiber_Layer_AGOL \u2014 Statesville_Fiber_Extras","sourceUrl":"https://services2.arcgis.com/WbGEgSzGTEPg4fr6/arcgis/rest/services/Fiber_Layer_AGOL/FeatureServer/2","name":"Fiber_Layer_AGOL \u2014 Statesville_Fiber_Extras","carrier":"Not published","routeStatus":"Unknown","category":"unknown","evidence":"agency_route","dataDate":null,"metadataModified":"2023-12-22T14:55:19+00:00","retrievedAt":"2026-09-18T02:37:01.936831+00:00","networkType":"Published fiber route; network class not specified","serviceability":"Unconfirmed","routeDiversity":"Unconfirmed","states":["NC"]},"bbox":[-80.8281715461424,35.7600939684263,-80.8279732138072,35.7601486735238]},{"type":"Feature","geometry":{"type":"LineString","coordinates":[[-80.8201673714848,35.7572129685475],[-80.8202384102647,35.7572573315876],[-80.8202405239582,35.7572583204931],[-80.8202428111377,35.7572590075068],[-80.8202452060844,35.7572593719749],[-80.8202476433434,35.7572594049593],[-80.8202500520732,35.7572591039129],[-80.8202523650334,35.7572584788559],[-80.8202545173567,35.7572575469847],[-80.8202564488218,35.7572563353433],[-80.8202581026456,35.757254876333],[-80.8202594333243,35.7572532121029],[-80.820260404321,35.7572513900775],[-80.8202609869193,35.7572494611699],[-80.8202611646456,35.7572474797167],[-80.8202609332492,35.757245502576],[-80.8202602983893,35.7572435846547],[-80.8202592789727,35.7572417797604],[-80.8202579038363,35.7572401406506],[-80.8202562104796,35.7572387118399],[-80.8202542473772,35.7572375340728],[-80.8202520706012,35.7572366416696],[-80.8201673714848,35.7572129685475],[-80.8200856593897,35.7571896248454],[-80.8200838310327,35.7571886352785],[-80.8200822340695,35.7571874105671],[-80.8200809112641,35.7571859834276],[-80.8200799022663,35.757184395638],[-80.8200792357304,35.7571826918452],[-80.8200789293558,35.7571809213672],[-80.8200789931026,35.7571791336378],[-80.8200794248095,35.7571773800748],[-80.8200802123441,35.7571757113436],[-80.8200813324168,35.7571741737691],[-80.8200827550633,35.7571728119725],[-80.82008443691,35.7571716644653],[-80.8200863322505,35.7571707643846],[-80.8200883863307,35.7571701359879],[-80.8200905409779,35.7571697990762],[-80.8200927344395,35.7571697617844],[-80.8200949048205,35.7571700259391],[-80.8200969888976,35.7571705834704],[-80.8200989288133,35.7571714190159],[-80.8201673714848,35.7572129685475]]},"properties":{"id":"arcgis-164-2-664e3d2a165b0b4e","sourceId":"arcgis-164-2","source":"Fiber_Layer_AGOL \u2014 Statesville_Fiber_Extras","sourceUrl":"https://services2.arcgis.com/WbGEgSzGTEPg4fr6/arcgis/rest/services/Fiber_Layer_AGOL/FeatureServer/2","name":"Fiber_Layer_AGOL \u2014 Statesville_Fiber_Extras","carrier":"Not published","routeStatus":"Unknown","category":"unknown","evidence":"agency_route","dataDate":null,"metadataModified":"2023-12-22T14:55:19+00:00","retrievedAt":"2026-09-18T02:37:01.936831+00:00","networkType":"Published fiber route; network class not specified","serviceability":"Unconfirmed","routeDiversity":"Unconfirmed","states":["NC"]},"bbox":[-80.8202611646456,35.7571697617844,-80.8200789293558,35.7572594049593]},{"type":"Feature","geometry":{"type":"LineString","coordinates":[[-80.8229743779167,35.758524714291],[-80.8229174041595,35.7584991134897],[-80.822929766815,35.7584808352841],[-80.8229867416689,35.7585064360632],[-80.8229743779167,35.758524714291]]},"properties":{"id":"arcgis-164-2-ddc396ac00a8dd47","sourceId":"arcgis-164-2","source":"Fiber_Layer_AGOL \u2014 Statesville_Fiber_Extras","sourceUrl":"https://services2.arcgis.com/WbGEgSzGTEPg4fr6/arcgis/rest/services/Fiber_Layer_AGOL/FeatureServer/2","name":"Fiber_Layer_AGOL \u2014 Statesville_Fiber_Extras","carrier":"Not published","routeStatus":"Unknown","category":"unknown","evidence":"agency_route","dataDate":null,"metadataModified":"2023-12-22T14:55:19+00:00","retrievedAt":"2026-09-18T02:37:01.936831+00:00","networkType":"Published fiber route; network class not specified","serviceability":"Unconfirmed","routeDiversity":"Unconfirmed","states":["NC"]},"bbox":[-80.8229867416689,35.7584808352841,-80.8229174041595,35.758524714291]},{"type":"Feature","geometry":{"type":"LineString","coordinates":[[-80.8144749527469,35.7556056436141],[-80.8145557603996,35.755636986415],[-80.8145580800206,35.7556375955219],[-80.81456049187,35.7556378787139],[-80.8145629283441,35.7556378297864],[-80.8145653208549,35.7556374479584],[-80.8145676000118,35.7556367459835],[-80.8145697031793,35.7556357419237],[-80.8145715713013,35.7556344655067],[-80.8145731498858,35.7556329527034],[-80.8145743956181,35.7556312447267],[-80.8145752720193,35.7556293917028],[-80.8145757558977,35.7556274444614],[-80.8145758341338,35.755625459091],[-80.8145755013268,35.7556234906637],[-80.8145747709118,35.7556215957739],[-80.8145736595598,35.7556198273618],[-80.8145722015708,35.7556182354003],[-80.8145704377776,35.7556168652575],[-80.8145684165902,35.7556157549765],[-80.8145661962279,35.755614936144],[-80.8145638391502,35.7556144321696],[-80.8144749527469,35.7556056436141],[-80.8143890715847,35.7555966704837],[-80.8143870296088,35.7555960139647],[-80.8143851529997,35.7555950872359],[-80.8143834943068,35.7555939156577],[-80.8143821007539,35.7555925336852],[-80.8143810130319,35.7555909803782],[-80.8143802608768,35.755589299467],[-80.8143798664068,35.7555875402048],[-80.8143798406636,35.7555857511081],[-80.8143801848192,35.7555839844466],[-80.8143808889292,35.755582289951],[-80.8143819319726,35.7555807166155],[-80.8143832850684,35.7555793081426],[-80.8143849104295,35.7555781056627],[-80.8143867601572,35.7555771432452],[-80.8143887817684,35.7555764478156],[-80.8143909182163,35.7555760400568],[-80.8143931089149,35.755575930788],[-80.8143952909052,35.755576123652],[-80.8143974021321,35.7555766132627],[-80.8144749527469,35.7556056436141]]},"properties":{"id":"arcgis-164-2-c6d0d16c5f5a1f87","sourceId":"arcgis-164-2","source":"Fiber_Layer_AGOL \u2014 Statesville_Fiber_Extras","sourceUrl":"https://services2.arcgis.com/WbGEgSzGTEPg4fr6/arcgis/rest/services/Fiber_Layer_AGOL/FeatureServer/2","name":"Fiber_Layer_AGOL \u2014 Statesville_Fiber_Extras","carrier":"Not published","routeStatus":"Unknown","category":"unknown","evidence":"agency_route","dataDate":null,"metadataModified":"2023-12-22T14:55:19+00:00","retrievedAt":"2026-09-18T02:37:01.936831+00:00","networkType":"Published fiber route; network class not specified","serviceability":"Unconfirmed","routeDiversity":"Unconfirmed","states":["NC"]},"bbox":[-80.8145758341338,35.755575930788,-80.8143798406636,35.7556378787139]},{"type":"Feature","geometry":{"type":"LineString","coordinates":[[-80.8100060488053,35.7546314896717],[-80.8100868537339,35.7546628345464],[-80.8100891732933,35.7546634437386],[-80.8100915851182,35.7546637279204],[-80.8100940215455,35.7546636781811],[-80.8100964140688,35.754663297342],[-80.8100986932168,35.7546625945493],[-80.8101007964346,35.7546615914675],[-80.8101026634789,35.754660314234],[-80.8101042432335,35.7546588014717],[-80.8101054879396,35.7546570935566],[-80.8101063655381,35.7546552405479],[-80.8101068495182,35.7546532933236],[-80.8101069267574,35.7546513079719],[-80.8101065951688,35.7546493395153],[-80.8101058637616,35.7546474446146],[-80.8101047536262,35.7546456761447],[-80.8101032957428,35.7546440841292],[-80.8101015320464,35.7546427139212],[-80.8100995109447,35.7546416035658],[-80.8100972906543,35.7546407846515],[-80.8100949325273,35.7546402806069],[-80.8100060488053,35.7546314896717],[-80.8099201691525,35.754622512486],[-80.8099181272374,35.7546218558919],[-80.8099162507021,35.7546209290939],[-80.8099145920939,35.7546197574545],[-80.809913198634,35.7546183754305],[-80.8099121110109,35.754616822083],[-80.8099113589578,35.7546151411437],[-80.8099109645897,35.7546133818665],[-80.8099109389455,35.7546115927683],[-80.8099112831946,35.7546098261189],[-80.8099119862841,35.754608131665],[-80.8099130305075,35.7546065583509],[-80.8099143836647,35.7546051499272],[-80.8099160079671,35.754603947523],[-80.8099178577257,35.7546029851731],[-80.8099198804565,35.754602289801],[-80.8099220169012,35.7546018821204],[-80.8099242075794,35.7546017729321],[-80.8099263895329,35.7546019658762],[-80.8099284996017,35.7546024555809],[-80.8100060488053,35.7546314896717]]},"properties":{"id":"arcgis-164-2-5a7f55d29ca728d2","sourceId":"arcgis-164-2","source":"Fiber_Layer_AGOL \u2014 Statesville_Fiber_Extras","sourceUrl":"https://services2.arcgis.com/WbGEgSzGTEPg4fr6/arcgis/rest/services/Fiber_Layer_AGOL/FeatureServer/2","name":"Fiber_Layer_AGOL \u2014 Statesville_Fiber_Extras","carrier":"Not published","routeStatus":"Unknown","category":"unknown","evidence":"agency_route","dataDate":null,"metadataModified":"2023-12-22T14:55:19+00:00","retrievedAt":"2026-09-18T02:37:01.936831+00:00","networkType":"Published fiber route; network class not specified","serviceability":"Unconfirmed","routeDiversity":"Unconfirmed","states":["NC"]},"bbox":[-80.8101069267574,35.7546017729321,-80.8099109389455,35.7546637279204]},{"type":"Feature","geometry":{"type":"LineString","coordinates":[[-80.8055683852385,35.7536772090376],[-80.8056565313377,35.7536897905148],[-80.8056589662122,35.7536898707029],[-80.8056613837152,35.7536896184948],[-80.8056637142954,35.7536890394295],[-80.8056658941912,35.7536881506794],[-80.8056678598017,35.7536869766267],[-80.8056695565918,35.7536855514355],[-80.8056709367609,35.7536839136777],[-80.8056719615738,35.7536821117072],[-80.8056726011603,35.753680194648],[-80.8056728379525,35.7536782177521],[-80.805672665438,35.7536762361077],[-80.8056720893065,35.7536743064249],[-80.805671122926,35.7536724825955],[-80.8056697972935,35.7536708155454],[-80.8056681466828,35.7536693543487],[-80.8056662195189,35.7536681379537],[-80.8056640707997,35.753667202506],[-80.8056617585988,35.7536665732881],[-80.8056593507789,35.7536662682253],[-80.8056569138962,35.753666296247],[-80.8055683852385,35.7536772090376],[-80.8054826912815,35.7536872873143],[-80.8054805083784,35.7536870997141],[-80.80547839627,35.7536866153721],[-80.8054764127883,35.7536858487562],[-80.8054746170119,35.7536848206267],[-80.8054730582702,35.7536835609029],[-80.8054717827165,35.7536821058623],[-80.8054708244433,35.7536804964682],[-80.8054702132213,35.7536787782559],[-80.8054699645291,35.7536770005784],[-80.805470087252,35.7536752146894],[-80.8054705758828,35.7536734711546],[-80.8054714182402,35.7536718188357],[-80.8054725888562,35.7536703058898],[-80.8054740555085,35.7536689751651],[-80.8054757759038,35.7536678642503],[-80.8054777009949,35.7536670054251],[-80.8054797760256,35.7536664229404],[-80.8054819416363,35.7536661330017],[-80.8054841360955,35.7536661446379],[-80.8055683852385,35.7536772090376]]},"properties":{"id":"arcgis-164-2-f4388b67316efdf2","sourceId":"arcgis-164-2","source":"Fiber_Layer_AGOL \u2014 Statesville_Fiber_Extras","sourceUrl":"https://services2.arcgis.com/WbGEgSzGTEPg4fr6/arcgis/rest/services/Fiber_Layer_AGOL/FeatureServer/2","name":"Fiber_Layer_AGOL \u2014 Statesville_Fiber_Extras","carrier":"Not published","routeStatus":"Unknown","category":"unknown","evidence":"agency_route","dataDate":null,"metadataModified":"2023-12-22T14:55:19+00:00","retrievedAt":"2026-09-18T02:37:01.936831+00:00","networkType":"Published fiber route; network class not specified","serviceability":"Unconfirmed","routeDiversity":"Unconfirmed","states":["NC"]},"bbox":[-80.8056728379525,35.7536661330017,-80.8054699645291,35.7536898707029]},{"type":"Feature","geometry":{"type":"LineString","coordinates":[[-80.8010519538192,35.7538094587311],[-80.8011391234998,35.7538259496851],[-80.8011415497455,35.7538261391726],[-80.8011439796043,35.7538259941502],[-80.8011463457355,35.7538255201216],[-80.801148582045,35.7538247288822],[-80.8011506238247,35.7538236448282],[-80.8011524131006,35.7538222967638],[-80.8011539009641,35.7538207232751],[-80.8011550453003,35.7538189700603],[-80.8011558117739,35.7538170845052],[-80.801156181688,35.7538151209763],[-80.8011561418938,35.7538131346595],[-80.801155694761,35.7538111823145],[-80.8011548536545,35.7538093178333],[-80.8011536407844,35.7538075949775],[-80.801152091507,35.753806061905],[-80.8011502487975,35.7538047612523],[-80.8011481654811,35.7538037310024],[-80.8011458997102,35.7538030000445],[-80.80114351607,35.753802588158],[-80.8011410811966,35.7538025078796],[-80.8010519538192,35.7538094587311],[-80.8009657105251,35.7538157042595],[-80.8009635442776,35.7538154198716],[-80.8009614677165,35.7538148420714],[-80.8009595398392,35.7538139880163],[-80.8009578153608,35.7538128812375],[-80.8009563436693,35.7538115543601],[-80.8009551676195,35.7538100446132],[-80.8009543191304,35.7538083947968],[-80.8009538246938,35.7538066522986],[-80.8009536953632,35.7538048665376],[-80.8009539367042,35.7538030888168],[-80.800954542101,35.7538013697182],[-80.800955493822,35.7537997572836],[-80.800956764165,35.7537982988005],[-80.8009583175484,35.7537970353626],[-80.8009601094456,35.7537960036886],[-80.8009620884959,35.7537952315829],[-80.8009641999016,35.7537947414922],[-80.8009663809655,35.7537945487675],[-80.8009685709605,35.7537946579131],[-80.8010519538192,35.7538094587311]]},"properties":{"id":"arcgis-164-2-6d4a1f1357067327","sourceId":"arcgis-164-2","source":"Fiber_Layer_AGOL \u2014 Statesville_Fiber_Extras","sourceUrl":"https://services2.arcgis.com/WbGEgSzGTEPg4fr6/arcgis/rest/services/Fiber_Layer_AGOL/FeatureServer/2","name":"Fiber_Layer_AGOL \u2014 Statesville_Fiber_Extras","carrier":"Not published","routeStatus":"Unknown","category":"unknown","evidence":"agency_route","dataDate":null,"metadataModified":"2023-12-22T14:55:19+00:00","retrievedAt":"2026-09-18T02:37:01.936831+00:00","networkType":"Published fiber route; network class not specified","serviceability":"Unconfirmed","routeDiversity":"Unconfirmed","states":["NC"]},"bbox":[-80.801156181688,35.7537945487675,-80.8009536953632,35.7538261391726]},{"type":"Feature","geometry":{"type":"LineString","coordinates":[[-80.7961315231931,35.753119522328],[-80.7962157309465,35.7531442055175],[-80.7962181124911,35.7531446247428],[-80.7962205474999,35.7531447123293],[-80.796222965176,35.7531444675182],[-80.7962252992649,35.7531438948929],[-80.7962274827064,35.7531430125711],[-80.7962294530029,35.7531418449137],[-80.7962311566814,35.7531404242619],[-80.7962325448712,35.7531387910027],[-80.7962335765808,35.7531369917171],[-80.7962342252713,35.7531350763791],[-80.7962344711571,35.753133100272],[-80.796234306614,35.7531311184997],[-80.7962337384104,35.7531291868553],[-80.7962327810337,35.7531273601166],[-80.7962314621781,35.753125690162],[-80.796229819368,35.7531242233158],[-80.7962278977667,35.7531230012824],[-80.7962257523478,35.7531220593107],[-80.7962234433925,35.753121422655],[-80.79622103659,35.7531211110807],[-80.7961315231931,35.753119522328],[-80.7960449763827,35.7531175057149],[-80.7960428653511,35.7531170166869],[-80.7960408851895,35.7531162453623],[-80.7960390916768,35.7531152134559],[-80.7960375385409,35.7531139499249],[-80.7960362664225,35.7531124920326],[-80.7960353149171,35.7531108797625],[-80.7960347094077,35.7531091605198],[-80.7960344664524,35.7531073827412],[-80.7960345949106,35.7531055967798],[-80.7960350903746,35.7531038531848],[-80.7960359385067,35.7531022035529],[-80.7960371148787,35.7531006933195],[-80.7960385861581,35.7530993653467],[-80.7960403100876,35.753098259022],[-80.7960422386821,35.7530974048029],[-80.7960443160772,35.7530968269523],[-80.7960464829321,35.7530965425722],[-80.7960486774746,35.7530965588845],[-80.7960508366667,35.7530968759172],[-80.7961315231931,35.753119522328]]},"properties":{"id":"arcgis-164-2-fc58ff378c1e1cf9","sourceId":"arcgis-164-2","source":"Fiber_Layer_AGOL \u2014 Statesville_Fiber_Extras","sourceUrl":"https://services2.arcgis.com/WbGEgSzGTEPg4fr6/arcgis/rest/services/Fiber_Layer_AGOL/FeatureServer/2","name":"Fiber_Layer_AGOL \u2014 Statesville_Fiber_Extras","carrier":"Not published","routeStatus":"Unknown","category":"unknown","evidence":"agency_route","dataDate":null,"metadataModified":"2023-12-22T14:55:19+00:00","retrievedAt":"2026-09-18T02:37:01.936831+00:00","networkType":"Published fiber route; network class not specified","serviceability":"Unconfirmed","routeDiversity":"Unconfirmed","states":["NC"]},"bbox":[-80.7962344711571,35.7530965425722,-80.7960344664524,35.7531447123293]},{"type":"Feature","geometry":{"type":"LineString","coordinates":[[-80.7933910656927,35.7527030345899],[-80.7934752700056,35.7527277215126],[-80.7934776526293,35.7527281407752],[-80.793480086517,35.7527282284328],[-80.7934825052946,35.7527279836598],[-80.7934848393908,35.7527274110869],[-80.7934870217454,35.7527265288305],[-80.7934889931769,35.7527253612009],[-80.7934906968947,35.7527239405873],[-80.7934920840271,35.7527223073754],[-80.7934931168979,35.7527205080965],[-80.7934937656499,35.7527185927728],[-80.7934940104958,35.7527166166873],[-80.7934938471262,35.7527146348948],[-80.793493278991,35.7527127032374],[-80.7934923216811,35.7527108764768],[-80.7934910028688,35.7527092055911],[-80.7934893590313,35.7527077396252],[-80.7934874374812,35.7527065175484],[-80.7934852921053,35.7527055755283],[-80.793482984289,35.7527049388043],[-80.7934805775094,35.7527046271758],[-80.7933910656927,35.7527030345899],[-80.7933045193761,35.7527010151278],[-80.793302408372,35.7527005260521],[-80.7933004271411,35.7526997546992],[-80.7932986347782,35.752698722736],[-80.7932970805874,35.7526974591862],[-80.7932958096305,35.7526960012488],[-80.7932948581846,35.7526943889571],[-80.793294251631,35.7526926697168],[-80.7932940098427,35.7526908919162],[-80.7932941383607,35.7526891059575],[-80.7932946338813,35.7526873623734],[-80.7932954809593,35.7526857127766],[-80.7932966573764,35.7526842025696],[-80.7932981286932,35.7526828746296],[-80.7932998537569,35.7526817683274],[-80.7933017823703,35.7526809141515],[-80.7933038586688,35.7526803363638],[-80.7933060255222,35.7526800520325],[-80.7933082200528,35.7526800683941],[-80.7933103803286,35.7526803854592],[-80.7933910656927,35.7527030345899]]},"properties":{"id":"arcgis-164-2-3b1168880c8da425","sourceId":"arcgis-164-2","source":"Fiber_Layer_AGOL \u2014 Statesville_Fiber_Extras","sourceUrl":"https://services2.arcgis.com/WbGEgSzGTEPg4fr6/arcgis/rest/services/Fiber_Layer_AGOL/FeatureServer/2","name":"Fiber_Layer_AGOL \u2014 Statesville_Fiber_Extras","carrier":"Not published","routeStatus":"Unknown","category":"unknown","evidence":"agency_route","dataDate":null,"metadataModified":"2023-12-22T14:55:19+00:00","retrievedAt":"2026-09-18T02:37:01.936831+00:00","networkType":"Published fiber route; network class not specified","serviceability":"Unconfirmed","routeDiversity":"Unconfirmed","states":["NC"]},"bbox":[-80.7934940104958,35.7526800520325,-80.7932940098427,35.7527282284328]},{"type":"Feature","geometry":{"type":"LineString","coordinates":[[-80.7889049044722,35.7520825995345],[-80.7889891067707,35.7521072895639],[-80.788991489333,35.7521077080132],[-80.7889939232172,35.7521077966616],[-80.7889963419698,35.7521075510765],[-80.7889986749942,35.752106979507],[-80.7890008584866,35.7521060973144],[-80.7890028299477,35.7521049288561],[-80.7890045337312,35.752103508305],[-80.7890059209436,35.7521018751438],[-80.7890069539063,35.7521000759026],[-80.7890076016738,35.7520981615199],[-80.7890078477329,35.7520961854268],[-80.7890076844546,35.7520942027267],[-80.7890071164308,35.7520922710479],[-80.7890061592295,35.7520904442518],[-80.7890048405399,35.7520887742184],[-80.7890031967763,35.7520873072905],[-80.7890012753087,35.7520860851426],[-80.7889991300014,35.7520851430433],[-80.7889968211525,35.7520845071516],[-80.7889944154943,35.752084194517],[-80.7889049044722,35.7520825995345],[-80.7888183578257,35.7520805769001],[-80.7888162468648,35.7520800877466],[-80.7888142667975,35.7520793163042],[-80.7888124745055,35.7520782842748],[-80.7888109203967,35.7520770206674],[-80.7888096495105,35.7520755617818],[-80.7888086970757,35.7520739503722],[-80.7888080917075,35.7520722301918],[-80.7888078500197,35.7520704523819],[-80.7888079786358,35.7520686664275],[-80.7888084731635,35.7520669237788],[-80.7888093214121,35.7520652732955],[-80.788810497904,35.7520637631314],[-80.788811969303,35.7520624361467],[-80.7888136943949,35.7520613290065],[-80.7888156219354,35.7520604749178],[-80.7888176993555,35.7520598971902],[-80.788819866208,35.7520596129386],[-80.7888220607209,35.7520596293811],[-80.7888242209825,35.7520599474271],[-80.7889049044722,35.7520825995345]]},"properties":{"id":"arcgis-164-2-ee3d7e35c6ef25eb","sourceId":"arcgis-164-2","source":"Fiber_Layer_AGOL \u2014 Statesville_Fiber_Extras","sourceUrl":"https://services2.arcgis.com/WbGEgSzGTEPg4fr6/arcgis/rest/services/Fiber_Layer_AGOL/FeatureServer/2","name":"Fiber_Layer_AGOL \u2014 Statesville_Fiber_Extras","carrier":"Not published","routeStatus":"Unknown","category":"unknown","evidence":"agency_route","dataDate":null,"metadataModified":"2023-12-22T14:55:19+00:00","retrievedAt":"2026-09-18T02:37:01.936831+00:00","networkType":"Published fiber route; network class not specified","serviceability":"Unconfirmed","routeDiversity":"Unconfirmed","states":["NC"]},"bbox":[-80.7890078477329,35.7520596129386,-80.7888078500197,35.7521077966616]},{"type":"Feature","geometry":{"type":"LineString","coordinates":[[-80.7858668248524,35.7517275506684],[-80.78595102696,35.751752242785],[-80.7859534084105,35.7517526622112],[-80.7859558433862,35.7517527509041],[-80.7859582610319,35.7517525053955],[-80.7859605951731,35.7517519338679],[-80.7859627786691,35.7517510508286],[-80.7859647501854,35.7517498833205],[-80.7859664529092,35.7517484628279],[-80.7859678412823,35.751746829685],[-80.7859688732024,35.7517450304855],[-80.7859695221446,35.7517431161026],[-80.7859697682568,35.7517411391141],[-80.7859696050736,35.7517391573109],[-80.7859690371248,35.7517372256178],[-80.7859680799963,35.7517353987975],[-80.7859667613752,35.7517337287311],[-80.7859651176738,35.751732261762],[-80.7859631962606,35.751731039566],[-80.7859610509981,35.751730097413],[-80.7859587421832,35.7517294614637],[-80.7859563354418,35.7517291487853],[-80.7858668248524,35.7517275506684],[-80.7857802797671,35.7517255258584],[-80.7857781688538,35.7517250375534],[-80.7857761888042,35.7517242651604],[-80.7857743965588,35.7517232330862],[-80.7857728425242,35.7517219703411],[-80.7857715716983,35.7517205114235],[-80.7857706193282,35.75171889999],[-80.7857700140273,35.7517171797943],[-80.7857697724073,35.7517154019781],[-80.7857698999843,35.7517136160431],[-80.7857703956809,35.7517118733902],[-80.7857712439877,35.7517102229279],[-80.785772420531,35.751708712793],[-80.7857738919735,35.7517073858448],[-80.7857756159938,35.7517062787638],[-80.7857775446634,35.7517054247069],[-80.7857796220961,35.751704847031],[-80.7857817889498,35.7517045628335],[-80.7857839834524,35.7517045793307],[-80.7857861436926,35.7517048974306],[-80.7858668248524,35.7517275506684]]},"properties":{"id":"arcgis-164-2-1a4382808f462d2a","sourceId":"arcgis-164-2","source":"Fiber_Layer_AGOL \u2014 Statesville_Fiber_Extras","sourceUrl":"https://services2.arcgis.com/WbGEgSzGTEPg4fr6/arcgis/rest/services/Fiber_Layer_AGOL/FeatureServer/2","name":"Fiber_Layer_AGOL \u2014 Statesville_Fiber_Extras","carrier":"Not published","routeStatus":"Unknown","category":"unknown","evidence":"agency_route","dataDate":null,"metadataModified":"2023-12-22T14:55:19+00:00","retrievedAt":"2026-09-18T02:37:01.936831+00:00","networkType":"Published fiber route; network class not specified","serviceability":"Unconfirmed","routeDiversity":"Unconfirmed","states":["NC"]},"bbox":[-80.7859697682568,35.7517045628335,-80.7857697724073,35.7517527509041]},{"type":"Feature","geometry":{"type":"LineString","coordinates":[[-80.7852986758622,35.7516673185616],[-80.7853039211066,35.7516348346177],[-80.7852211863181,35.7516259562539],[-80.7852159399157,35.7516584393093],[-80.7852986758622,35.7516673185616]]},"properties":{"id":"arcgis-164-2-6ce4168ec1805596","sourceId":"arcgis-164-2","source":"Fiber_Layer_AGOL \u2014 Statesville_Fiber_Extras","sourceUrl":"https://services2.arcgis.com/WbGEgSzGTEPg4fr6/arcgis/rest/services/Fiber_Layer_AGOL/FeatureServer/2","name":"Fiber_Layer_AGOL \u2014 Statesville_Fiber_Extras","carrier":"Not published","routeStatus":"Unknown","category":"unknown","evidence":"agency_route","dataDate":null,"metadataModified":"2023-12-22T14:55:19+00:00","retrievedAt":"2026-09-18T02:37:01.936831+00:00","networkType":"Published fiber route; network class not specified","serviceability":"Unconfirmed","routeDiversity":"Unconfirmed","states":["NC"]},"bbox":[-80.7853039211066,35.7516259562539,-80.7852159399157,35.7516673185616]},{"type":"Feature","geometry":{"type":"LineString","coordinates":[[-80.7859565121612,35.7507856707046],[-80.7859523776458,35.750785436878],[-80.7859483557532,35.7507846213526],[-80.7859445686865,35.7507832489078],[-80.7859411315138,35.7507813612445],[-80.7859381486721,35.7507790157185],[-80.7859357107933,35.7507762835976],[-80.7859338919513,35.7507732478957],[-80.7859327474105,35.7507700008513],[-80.7859323119471,35.7507666411241],[-80.7859325987925,35.7507632707978],[-80.7859335992308,35.7507599922779],[-80.7859352828642,35.7507569051808],[-80.7859375985363,35.7507541033062],[-80.7859404758864,35.7507516717875],[-80.7859438274879,35.7507496845054],[-80.7859475515039,35.7507482018422],[-80.7859515347822,35.750747268848],[-80.785955656293,35.7507469138712],[-80.7859597908064,35.7507471476977],[-80.7859638126973,35.7507479632228],[-80.7859675997627,35.7507493356671],[-80.7859710369346,35.7507512233296],[-80.7859740197762,35.7507535688548],[-80.7859764576556,35.750756300975],[-80.7859782764989,35.7507593366762],[-80.7859794210413,35.7507625837202],[-80.7859798565066,35.7507659434473],[-80.7859795696632,35.7507693137737],[-80.7859785692267,35.7507725922939],[-80.7859768855946,35.7507756793916],[-80.7859745699233,35.750778481267],[-80.7859716925732,35.7507809127864],[-80.7859683409711,35.7507829000693],[-80.7859646169539,35.7507843827331],[-80.7859606336739,35.7507853157277],[-80.7859565121612,35.7507856707046]]},"properties":{"id":"arcgis-164-2-75e03b6c52b9c8b9","sourceId":"arcgis-164-2","source":"Fiber_Layer_AGOL \u2014 Statesville_Fiber_Extras","sourceUrl":"https://services2.arcgis.com/WbGEgSzGTEPg4fr6/arcgis/rest/services/Fiber_Layer_AGOL/FeatureServer/2","name":"Fiber_Layer_AGOL \u2014 Statesville_Fiber_Extras","carrier":"Not published","routeStatus":"Unknown","category":"unknown","evidence":"agency_route","dataDate":null,"metadataModified":"2023-12-22T14:55:19+00:00","retrievedAt":"2026-09-18T02:37:01.936831+00:00","networkType":"Published fiber route; network class not specified","serviceability":"Unconfirmed","routeDiversity":"Unconfirmed","states":["NC"]},"bbox":[-80.7859798565066,35.7507469138712,-80.7859323119471,35.7507856707046]},{"type":"Feature","geometry":{"type":"LineString","coordinates":[[-80.8519827452391,35.7678473958236],[-80.8519185109339,35.7678178674737],[-80.8519344081046,35.7677948979239],[-80.8519986423767,35.7678244253644],[-80.8519827452391,35.7678473958236]]},"properties":{"id":"arcgis-164-2-9ad086c7b9dd4ea4","sourceId":"arcgis-164-2","source":"Fiber_Layer_AGOL \u2014 Statesville_Fiber_Extras","sourceUrl":"https://services2.arcgis.com/WbGEgSzGTEPg4fr6/arcgis/rest/services/Fiber_Layer_AGOL/FeatureServer/2","name":"Fiber_Layer_AGOL \u2014 Statesville_Fiber_Extras","carrier":"Not published","routeStatus":"Unknown","category":"unknown","evidence":"agency_route","dataDate":null,"metadataModified":"2023-12-22T14:55:19+00:00","retrievedAt":"2026-09-18T02:37:01.936831+00:00","networkType":"Published fiber route; network class not specified","serviceability":"Unconfirmed","routeDiversity":"Unconfirmed","states":["NC"]},"bbox":[-80.8519986423767,35.7677948979239,-80.8519185109339,35.7678473958236]},{"type":"Feature","geometry":{"type":"LineString","coordinates":[[-80.837615688999,35.7600878982926],[-80.8375937114042,35.7601706562353],[-80.8375933721752,35.7601730079688],[-80.8375933673272,35.7601754240724],[-80.8375936975567,35.7601778378244],[-80.8375943546129,35.7601801781305],[-80.8375953182869,35.7601823830918],[-80.8375965616339,35.7601843864035],[-80.8375980513614,35.7601861344778],[-80.8375997431817,35.7601875765973],[-80.8376015919062,35.7601886710731],[-80.837603542682,35.7601893889835],[-80.8376055419662,35.7601897104015],[-80.8376075331039,35.7601896244627],[-80.8376094597266,35.7601891329191],[-80.8376112669195,35.7601882528264],[-80.837612904293,35.7601870056796],[-80.8376143251221,35.7601854282439],[-80.8376154906265,35.7601835661798],[-80.8376163665712,35.7601814704879],[-80.8376169277713,35.7601792010477],[-80.83761716016,35.7601768202751],[-80.837615688999,35.7600878982926],[-80.8376147519184,35.7600019405072],[-80.8376151737208,35.7599998642891],[-80.8376158851852,35.7599979288423],[-80.8376168632356,35.7599961895066],[-80.8376180824413,35.759994695347],[-80.8376195084244,35.759993491056],[-80.8376210965486,35.7599926079582],[-80.8376228087299,35.7599920736735],[-80.8376245899719,35.7599919016527],[-80.8376263917687,35.7599920989383],[-80.837628161929,35.7599926564015],[-80.837629852623,35.7599935621427],[-80.8376314134408,35.7599947880746],[-80.8376328004428,35.7599962988002],[-80.8376339739894,35.7599980534483],[-80.837634900829,35.7600000002335],[-80.8376355565145,35.7600020854345],[-80.8376359186466,35.7600042480871],[-80.8376359791991,35.76000642701],[-80.8376357367801,35.760008560922],[-80.837615688999,35.7600878982926]]},"properties":{"id":"arcgis-164-2-76f1a90263611c41","sourceId":"arcgis-164-2","source":"Fiber_Layer_AGOL \u2014 Statesville_Fiber_Extras","sourceUrl":"https://services2.arcgis.com/WbGEgSzGTEPg4fr6/arcgis/rest/services/Fiber_Layer_AGOL/FeatureServer/2","name":"Fiber_Layer_AGOL \u2014 Statesville_Fiber_Extras","carrier":"Not published","routeStatus":"Unknown","category":"unknown","evidence":"agency_route","dataDate":null,"metadataModified":"2023-12-22T14:55:19+00:00","retrievedAt":"2026-09-18T02:37:01.936831+00:00","networkType":"Published fiber route; network class not specified","serviceability":"Unconfirmed","routeDiversity":"Unconfirmed","states":["NC"]},"bbox":[-80.8376359791991,35.7599919016527,-80.8375933673272,35.7601897104015]},{"type":"Feature","geometry":{"type":"LineString","coordinates":[[-80.8389569838294,35.7529015644556],[-80.8389407916591,35.7529856463668],[-80.8389406154681,35.7529880154814],[-80.8389407775397,35.752990426366],[-80.8389412741265,35.7529928114641],[-80.8389420926163,35.7529951024516],[-80.8389432060654,35.7529972330241],[-80.8389445855237,35.7529991459224],[-80.8389461932582,35.7530007867244],[-80.8389479806235,35.7530021074833],[-80.8389499014721,35.7530030728359],[-80.838951896533,35.7530036539276],[-80.8389539134554,35.7530038344203],[-80.8389558935625,35.7530036115941],[-80.8389577816374,35.7530029889876],[-80.8389595227908,35.7530019845582],[-80.8389610690335,35.7530006278789],[-80.8389623769414,35.7529989547643],[-80.8389634112191,35.7529970180347],[-80.8389641397645,35.7529948650532],[-80.8389645430879,35.7529925628258],[-80.8389646092742,35.7529901710317],[-80.8389569838294,35.7529015644556],[-80.8389500927707,35.7528158784844],[-80.8389503712898,35.7528137782761],[-80.8389509456302,35.7528117989096],[-80.8389518026485,35.7528099946738],[-80.8389529148289,35.7528084200747],[-80.838954253325,35.7528071197216],[-80.8389557769037,35.7528061284946],[-80.8389574464407,35.7528054767341],[-80.8389592114897,35.7528051832322],[-80.8389610235084,35.7528052532294],[-80.8389628283446,35.7528056884451],[-80.8389645770057,35.7528064742937],[-80.8389662181234,35.752807589013],[-80.8389677067175,35.7528089999269],[-80.8389689988106,35.7528106698362],[-80.8389700600481,35.7528125469723],[-80.8389708572419,35.7528145822536],[-80.8389713690581,35.752816712897],[-80.8389715820655,35.7528188832117],[-80.8389714859449,35.7528210284453],[-80.8389569838294,35.7529015644556]]},"properties":{"id":"arcgis-164-2-2fe0a9e05d301ed4","sourceId":"arcgis-164-2","source":"Fiber_Layer_AGOL \u2014 Statesville_Fiber_Extras","sourceUrl":"https://services2.arcgis.com/WbGEgSzGTEPg4fr6/arcgis/rest/services/Fiber_Layer_AGOL/FeatureServer/2","name":"Fiber_Layer_AGOL \u2014 Statesville_Fiber_Extras","carrier":"Not published","routeStatus":"Unknown","category":"unknown","evidence":"agency_route","dataDate":null,"metadataModified":"2023-12-22T14:55:19+00:00","retrievedAt":"2026-09-18T02:37:01.936831+00:00","networkType":"Published fiber route; network class not specified","serviceability":"Unconfirmed","routeDiversity":"Unconfirmed","states":["NC"]},"bbox":[-80.8389715820655,35.7528051832322,-80.8389406154681,35.7530038344203]},{"type":"Feature","geometry":{"type":"LineString","coordinates":[[-80.8389166066411,35.745249163884],[-80.838900414834,35.7453332451098],[-80.8389002386585,35.7453356142302],[-80.8389004007135,35.7453380251207],[-80.8389008972522,35.7453404102247],[-80.8389017156634,35.7453427012182],[-80.8389028290062,35.7453448317962],[-80.8389042083331,35.7453467446996],[-80.8389058159148,35.7453483855061],[-80.8389076042158,35.7453497062521],[-80.8389095248823,35.7453506716077],[-80.8389115197543,35.7453512527014],[-80.8389135364859,35.7453514331952],[-80.8389155175114,35.7453512103525],[-80.838917405408,35.7453505877451],[-80.8389191464177,35.7453495842151],[-80.8389206925148,35.745348227533],[-80.8389220014055,35.745346554398],[-80.8389230355862,35.745344617664],[-80.8389237640639,35.7453424646776],[-80.8389241673503,35.7453401624447],[-80.8389242335315,35.7453377706448],[-80.8389166066411,35.745249163884],[-80.8389097162767,35.7451634777021],[-80.8389099947706,35.7451613774888],[-80.8389105690576,35.7451593981176],[-80.8389114259957,35.7451575938778],[-80.8389125380718,35.7451560192752],[-80.838913876442,35.7451547189194],[-80.8389153998771,35.7451537276905],[-80.838917070362,35.7451530759122],[-80.8389188352442,35.7451527824102],[-80.8389206470915,35.7451528524082],[-80.838922451757,35.7451532876256],[-80.8389242002522,35.7451540734766],[-80.8389258412142,35.7451551881992],[-80.8389273296668,35.745156599117],[-80.838928621637,35.7451582690307],[-80.8389296827732,35.7451601461718],[-80.8389304798906,35.7451621814584],[-80.8389309927627,35.7451643120903],[-80.838931205749,35.7451664824104],[-80.8389311096364,35.7451686276492],[-80.8389166066411,35.745249163884]]},"properties":{"id":"arcgis-164-2-f991c2c008233cfa","sourceId":"arcgis-164-2","source":"Fiber_Layer_AGOL \u2014 Statesville_Fiber_Extras","sourceUrl":"https://services2.arcgis.com/WbGEgSzGTEPg4fr6/arcgis/rest/services/Fiber_Layer_AGOL/FeatureServer/2","name":"Fiber_Layer_AGOL \u2014 Statesville_Fiber_Extras","carrier":"Not published","routeStatus":"Unknown","category":"unknown","evidence":"agency_route","dataDate":null,"metadataModified":"2023-12-22T14:55:19+00:00","retrievedAt":"2026-09-18T02:37:01.936831+00:00","networkType":"Published fiber route; network class not specified","serviceability":"Unconfirmed","routeDiversity":"Unconfirmed","states":["NC"]},"bbox":[-80.838931205749,35.7451527824102,-80.8389002386585,35.7453514331952]},{"type":"Feature","geometry":{"type":"LineString","coordinates":[[-80.8388545003502,35.7489728300594],[-80.8388499264719,35.749058333183],[-80.8388500754711,35.7490607046016],[-80.838850564968,35.7490630708781],[-80.8388513824123,35.7490653663918],[-80.8388525052635,35.7490675238702],[-80.8388538989633,35.7490694825326],[-80.8388555258217,35.7490711897593],[-80.8388573415766,35.7490725957344],[-80.8388592933475,35.7490736606885],[-80.8388613284789,35.7490743547657],[-80.838863384591,35.7490746581733],[-80.8388654072884,35.7490745618163],[-80.8388673380813,35.7490740710854],[-80.8388691230455,35.7490731976133],[-80.8388707118599,35.7490719655989],[-80.838872057786,35.749070410907],[-80.8388731263693,35.7490685746257],[-80.8388738857552,35.7490665149326],[-80.8388743138747,35.7490642826455],[-80.8388744001445,35.7490619473401],[-80.838874139283,35.7490595685958],[-80.8388545003502,35.7489728300594],[-80.8388359899023,35.7488888844743],[-80.8388359793403,35.7488867651899],[-80.8388362780352,35.7488847259769],[-80.8388368806031,35.7488828219084],[-80.8388377673294,35.7488811100772],[-80.8388389161046,35.7488796394986],[-80.8388402902425,35.7488784503929],[-80.8388418562298,35.7488775766219],[-80.8388435649128,35.7488770450718],[-80.8388453701059,35.748876867258],[-80.8388472167178,35.7488770521262],[-80.8388490559218,35.7488775923002],[-80.8388508332,35.7488784732776],[-80.8388525003804,35.7488796678393],[-80.838854007019,35.7488811460957],[-80.8388553144428,35.7488828608512],[-80.83885638185,35.7488847685479],[-80.8388571802306,35.748886809223],[-80.8388576873716,35.7488889300231],[-80.8388578852567,35.7488910681146],[-80.8388545003502,35.7489728300594]]},"properties":{"id":"arcgis-164-2-e3ba038856db3dcb","sourceId":"arcgis-164-2","source":"Fiber_Layer_AGOL \u2014 Statesville_Fiber_Extras","sourceUrl":"https://services2.arcgis.com/WbGEgSzGTEPg4fr6/arcgis/rest/services/Fiber_Layer_AGOL/FeatureServer/2","name":"Fiber_Layer_AGOL \u2014 Statesville_Fiber_Extras","carrier":"Not published","routeStatus":"Unknown","category":"unknown","evidence":"agency_route","dataDate":null,"metadataModified":"2023-12-22T14:55:19+00:00","retrievedAt":"2026-09-18T02:37:01.936831+00:00","networkType":"Published fiber route; network class not specified","serviceability":"Unconfirmed","routeDiversity":"Unconfirmed","states":["NC"]},"bbox":[-80.8388744001445,35.748876867258,-80.8388359793403,35.7490746581733]},{"type":"Feature","geometry":{"type":"LineString","coordinates":[[-80.8511638761828,35.7720106649407],[-80.8511637592332,35.7720082615088],[-80.8511639808177,35.7720059079232],[-80.8511818315178,35.7719227596599],[-80.8511979198143,35.7718430837218],[-80.8511980546464,35.7718409514213],[-80.8511978822587,35.7718387841241],[-80.8511974084977,35.7718366439451],[-80.8511966469297,35.7718345919803],[-80.8511956188208,35.7718326874055],[-80.8511943519068,35.7718309820865],[-80.8511928849611,35.7718295268194],[-80.851191257595,35.7718283606685],[-80.8511895170984,35.7718275198766],[-80.8511877126224,35.7718270253326],[-80.851184117567,35.7718271268518],[-80.851182429767,35.7718277186483],[-80.8511808803319,35.7718286527159],[-80.8511795117907,35.7718299022646],[-80.851178365381,35.7718314324105],[-80.851177471055,35.7718331985248],[-80.8511768564092,35.7718351497037],[-80.8511878084273,35.7720112207315],[-80.8511876946858,35.77201359792],[-80.851187246867,35.7720158783163],[-80.8511864745028,35.7720179950644],[-80.8511854016867,35.7720198892003],[-80.8511840548886,35.7720215089361],[-80.8511824761839,35.7720228076556],[-80.8511807089598,35.7720237477377],[-80.8511788002306,35.7720243050288],[-80.8511768081512,35.7720244588119],[-80.8511747880747,35.7720242109504],[-80.8511727953747,35.7720235642085],[-80.8511708880284,35.7720225384396],[-80.8511691164991,35.7720211635279],[-80.8511675347119,35.7720194756153],[-80.8511661847371,35.7720175245467],[-80.8511651065366,35.7720153647063],[-80.8511643291582,35.7720130569549],[-80.8511638761828,35.7720106649407]]},"properties":{"id":"arcgis-164-2-d728307b042c1c53","sourceId":"arcgis-164-2","source":"Fiber_Layer_AGOL \u2014 Statesville_Fiber_Extras","sourceUrl":"https://services2.arcgis.com/WbGEgSzGTEPg4fr6/arcgis/rest/services/Fiber_Layer_AGOL/FeatureServer/2","name":"Fiber_Layer_AGOL \u2014 Statesville_Fiber_Extras","carrier":"Not published","routeStatus":"Unknown","category":"unknown","evidence":"agency_route","dataDate":null,"metadataModified":"2023-12-22T14:55:19+00:00","retrievedAt":"2026-09-18T02:37:01.936831+00:00","networkType":"Published fiber route; network class not specified","serviceability":"Unconfirmed","routeDiversity":"Unconfirmed","states":["NC"]},"bbox":[-80.8511980546464,35.7718270253326,-80.8511637592332,35.7720244588119]},{"type":"Feature","geometry":{"type":"LineString","coordinates":[[-80.8522397483395,35.7731606410464],[-80.8522373475899,35.7731608235988],[-80.8522349899085,35.7731606647282],[-80.8521513894916,35.7731450689228],[-80.8520713063989,35.7731311423476],[-80.8520691718259,35.7731310648225],[-80.852067010008,35.773131295124],[-80.8520648838336,35.7731318259854],[-80.8520628527084,35.7731326429808],[-80.8520609769377,35.7731337226556],[-80.8520593056031,35.7731350345139],[-80.852057890939,35.7731365407998],[-80.8520567695741,35.7731381985858],[-80.8520559758635,35.7731399622744],[-80.8520555307272,35.7731417792603],[-80.8520557291069,35.7731453705346],[-80.8520563669325,35.7731470412367],[-80.8520573420962,35.773148564372],[-80.8520586282145,35.7731498988723],[-80.8520601889721,35.7731510047223],[-80.8520619782869,35.7731518501688],[-80.8520639447125,35.7731524107517],[-80.8522396559619,35.7731367030492],[-80.8522420354535,35.7731367516047],[-80.8522443264343,35.7731371377666],[-80.852246463433,35.7731378526141],[-80.8522483862184,35.7731388745256],[-80.8522500410499,35.7731401754702],[-80.852251382848,35.7731417191719],[-80.8522523696442,35.7731434602924],[-80.8522529782693,35.7731453532073],[-80.8522531874768,35.7731473396421],[-80.8522529938376,35.7731493664602],[-80.85225240156,35.7731513759015],[-80.8522514281433,35.7731533109053],[-80.8522501000365,35.7731551187821],[-80.852248456938,35.7731567457395],[-80.8522465431969,35.7731581478311],[-80.8522444120703,35.7731592836791],[-80.8522421270368,35.7731601234703],[-80.8522397483395,35.7731606410464]]},"properties":{"id":"arcgis-164-2-272424ac14e98bd2","sourceId":"arcgis-164-2","source":"Fiber_Layer_AGOL \u2014 Statesville_Fiber_Extras","sourceUrl":"https://services2.arcgis.com/WbGEgSzGTEPg4fr6/arcgis/rest/services/Fiber_Layer_AGOL/FeatureServer/2","name":"Fiber_Layer_AGOL \u2014 Statesville_Fiber_Extras","carrier":"Not published","routeStatus":"Unknown","category":"unknown","evidence":"agency_route","dataDate":null,"metadataModified":"2023-12-22T14:55:19+00:00","retrievedAt":"2026-09-18T02:37:01.936831+00:00","networkType":"Published fiber route; network class not specified","serviceability":"Unconfirmed","routeDiversity":"Unconfirmed","states":["NC"]},"bbox":[-80.8522531874768,35.7731310648225,-80.8520555307272,35.7731608235988]},{"type":"Feature","geometry":{"type":"LineString","coordinates":[[-80.8620917176752,35.7749629426232],[-80.8620917839696,35.7749605363977],[-80.8620921861219,35.7749582070744],[-80.8621163323587,35.7748766647236],[-80.8621384543496,35.774798448309],[-80.8621387518951,35.7747963324381],[-80.8621387461098,35.7747941590009],[-80.8621384372984,35.7747919892949],[-80.8621378346128,35.7747898844824],[-80.8621369549872,35.77478790741],[-80.8621358228273,35.7747861090901],[-80.8621344704249,35.7747845467253],[-80.8621329374187,35.7747832602773],[-80.8621312645323,35.7747822887896],[-80.8621295032577,35.7747816585201],[-80.8621259105832,35.7747814844638],[-80.8621241833,35.7747819462972],[-80.8621225680793,35.7747827589053],[-80.8621211075723,35.7747839009016],[-80.8621198463724,35.77478533915],[-80.8621188211038,35.7747870307201],[-80.8621180605665,35.7747889291947],[-80.8621155380379,35.7749653226351],[-80.8621152439431,35.7749676845635],[-80.8621146228851,35.7749699234771],[-80.8621136910845,35.7749719751211],[-80.8621124759868,35.774973782281],[-80.8621110118178,35.7749752939496],[-80.8621093374548,35.7749764689646],[-80.8621075040641,35.7749772713852],[-80.8621055576357,35.7749776806753],[-80.862103560934,35.7749776841558],[-80.8621015648491,35.7749772819501],[-80.8620996271559,35.7749764848946],[-80.8620978026222,35.774975317394],[-80.8620961417173,35.7749738093279],[-80.8620946930721,35.7749720068311],[-80.8620934965325,35.7749699588771],[-80.8620925865816,35.7749677217335],[-80.8620919868924,35.7749653626511],[-80.8620917176752,35.7749629426232]]},"properties":{"id":"arcgis-164-2-5a0d48099a4ae15d","sourceId":"arcgis-164-2","source":"Fiber_Layer_AGOL \u2014 Statesville_Fiber_Extras","sourceUrl":"https://services2.arcgis.com/WbGEgSzGTEPg4fr6/arcgis/rest/services/Fiber_Layer_AGOL/FeatureServer/2","name":"Fiber_Layer_AGOL \u2014 Statesville_Fiber_Extras","carrier":"Not published","routeStatus":"Unknown","category":"unknown","evidence":"agency_route","dataDate":null,"metadataModified":"2023-12-22T14:55:19+00:00","retrievedAt":"2026-09-18T02:37:01.936831+00:00","networkType":"Published fiber route; network class not specified","serviceability":"Unconfirmed","routeDiversity":"Unconfirmed","states":["NC"]},"bbox":[-80.8621387518951,35.7747814844638,-80.8620917176752,35.7749776841558]},{"type":"Feature","geometry":{"type":"LineString","coordinates":[[-80.858615476729,35.778128563806],[-80.8586150274379,35.7781261988092],[-80.8586149211846,35.7781238375931],[-80.8586210569042,35.7780390171822],[-80.8586259264204,35.7779578779914],[-80.8586257646229,35.7779557475058],[-80.8586252932761,35.7779536262512],[-80.8586245269971,35.777951572602],[-80.8586234881648,35.7779496457159],[-80.8586222057519,35.7779479028471],[-80.8586207150562,35.7779463876304],[-80.8586190593031,35.7779451516936],[-80.8586172867089,35.7779442231488],[-80.8586154444258,35.7779436319277],[-80.8586135892273,35.777943393391],[-80.8586100429409,35.7779439920103],[-80.8586084543705,35.7779448131779],[-80.8586070501164,35.7779459524678],[-80.8586058682227,35.7779473804516],[-80.8586049442315,35.7779490551177],[-80.8586043046722,35.7779509273803],[-80.85860396825,35.7779529446667],[-80.8586392547127,35.7781257903646],[-80.8586394729117,35.7781281606905],[-80.8586393458903,35.778130480391],[-80.8586388743694,35.7781326845469],[-80.8586380745937,35.7781347098051],[-80.8586369673769,35.7781364990534],[-80.8586355837338,35.778138005842],[-80.8586339645916,35.7781391817667],[-80.8586321502265,35.7781399982663],[-80.8586302008837,35.7781404291795],[-80.8586281649745,35.7781404629496],[-80.8586261022384,35.7781400995667],[-80.8586240693253,35.778139348984],[-80.8586221242392,35.7781382319529],[-80.8586203241474,35.7781367809564],[-80.8586187164506,35.7781350367406],[-80.8586173486943,35.7781330463593],[-80.8586162576549,35.7781308696523],[-80.858615476729,35.778128563806]]},"properties":{"id":"arcgis-164-2-d54af58dd5ea6ec3","sourceId":"arcgis-164-2","source":"Fiber_Layer_AGOL \u2014 Statesville_Fiber_Extras","sourceUrl":"https://services2.arcgis.com/WbGEgSzGTEPg4fr6/arcgis/rest/services/Fiber_Layer_AGOL/FeatureServer/2","name":"Fiber_Layer_AGOL \u2014 Statesville_Fiber_Extras","carrier":"Not published","routeStatus":"Unknown","category":"unknown","evidence":"agency_route","dataDate":null,"metadataModified":"2023-12-22T14:55:19+00:00","retrievedAt":"2026-09-18T02:37:01.936831+00:00","networkType":"Published fiber route; network class not specified","serviceability":"Unconfirmed","routeDiversity":"Unconfirmed","states":["NC"]},"bbox":[-80.8586394729117,35.777943393391,-80.85860396825,35.7781404629496]},{"type":"Feature","geometry":{"type":"LineString","coordinates":[[-80.8595304593829,35.7842808239702],[-80.8595310818921,35.7842784976111],[-80.8595320110682,35.7842763243332],[-80.8595743558475,35.7842025752466],[-80.8596139628092,35.784131592272],[-80.8596147424141,35.7841296024784],[-80.8596152381145,35.7841274872026],[-80.8596154390707,35.7841253043063],[-80.8596153400973,35.7841231169737],[-80.8596149416009,35.784120991008],[-80.8596142558433,35.7841189785093],[-80.8596133009683,35.7841171468129],[-80.8596121067675,35.7841155405391],[-80.8596107042216,35.7841142078961],[-80.8596091362698,35.7841131878943],[-80.8596056812977,35.7841121876842],[-80.8596038934562,35.7841122384159],[-80.8596021339349,35.7841126547245],[-80.8596004501257,35.7841134286745],[-80.859598890153,35.7841145360923],[-80.8595975019551,35.7841159446935],[-80.8595963233713,35.7841176160375],[-80.8595530854095,35.7842886461756],[-80.8595522526958,35.7842908765786],[-80.8595511311429,35.7842929112576],[-80.8595497492865,35.7842946920811],[-80.8595481502473,35.7842961697097],[-80.8595463761851,35.7842973011293],[-80.859544475121,35.7842980576604],[-80.8595425062191,35.7842984140592],[-80.8595405168711,35.7842983623904],[-80.8595385746046,35.7842979043275],[-80.8595367250345,35.7842970508938],[-80.8595350251879,35.7842958282639],[-80.859533518965,35.784294269123],[-80.8595322516621,35.7842924187563],[-80.859531259914,35.7842903306946],[-80.8595305693578,35.784288061341],[-80.8595302002665,35.7842856743927],[-80.859530161998,35.7842832400238],[-80.8595304593829,35.7842808239702]]},"properties":{"id":"arcgis-164-2-62f21a41c88932b2","sourceId":"arcgis-164-2","source":"Fiber_Layer_AGOL \u2014 Statesville_Fiber_Extras","sourceUrl":"https://services2.arcgis.com/WbGEgSzGTEPg4fr6/arcgis/rest/services/Fiber_Layer_AGOL/FeatureServer/2","name":"Fiber_Layer_AGOL \u2014 Statesville_Fiber_Extras","carrier":"Not published","routeStatus":"Unknown","category":"unknown","evidence":"agency_route","dataDate":null,"metadataModified":"2023-12-22T14:55:19+00:00","retrievedAt":"2026-09-18T02:37:01.936831+00:00","networkType":"Published fiber route; network class not specified","serviceability":"Unconfirmed","routeDiversity":"Unconfirmed","states":["NC"]},"bbox":[-80.8596154390707,35.7841121876842,-80.859530161998,35.7842984140592]},{"type":"Feature","geometry":{"type":"LineString","coordinates":[[-80.8553408422716,35.7988114150889],[-80.8553423686453,35.7988095518932],[-80.8553441102503,35.7988079540656],[-80.8554130790656,35.7987582023033],[-80.8554784136437,35.7987098418622],[-80.8554799441071,35.7987083500185],[-80.855481267868,35.7987066269337],[-80.8554823495182,35.7987047209265],[-80.8554831615583,35.7987026874068],[-80.855483674359,35.7987005854231],[-80.8554838780994,35.7986984692147],[-80.855483763289,35.7986964074397],[-80.8554833366376,35.7986944513814],[-80.8554826072325,35.7986926594983],[-80.8554815995031,35.7986910837054],[-80.855478863598,35.7986887490282],[-80.8554772133415,35.7986880583724],[-80.8554754382211,35.798687713088],[-80.8554735849654,35.7986877241828],[-80.8554717077775,35.7986880908313],[-80.8554698628455,35.7986888022613],[-80.8554680995342,35.7986898396912],[-80.8553582366116,35.7988278648379],[-80.8553565590621,35.7988295536428],[-80.8553546987638,35.7988309459341],[-80.8553527056294,35.7988319985814],[-80.8553506399412,35.7988326863263],[-80.8553485576186,35.7988329866814],[-80.85534651272,35.798832892513],[-80.8553445728057,35.7988324063984],[-80.855342781286,35.7988315393958],[-80.8553411997249,35.7988303221203],[-80.8553398663739,35.7988287819357],[-80.8553388210867,35.7988269678172],[-80.855338091487,35.7988249262221],[-80.8553376988924,35.7988227181274],[-80.8553376558327,35.7988204073486],[-80.8553379614808,35.7988180542984],[-80.8553386085586,35.7988157276014],[-80.8553395764518,35.7988134933805],[-80.8553408422716,35.7988114150889]]},"properties":{"id":"arcgis-164-2-92c685aee94a3244","sourceId":"arcgis-164-2","source":"Fiber_Layer_AGOL \u2014 Statesville_Fiber_Extras","sourceUrl":"https://services2.arcgis.com/WbGEgSzGTEPg4fr6/arcgis/rest/services/Fiber_Layer_AGOL/FeatureServer/2","name":"Fiber_Layer_AGOL \u2014 Statesville_Fiber_Extras","carrier":"Not published","routeStatus":"Unknown","category":"unknown","evidence":"agency_route","dataDate":null,"metadataModified":"2023-12-22T14:55:19+00:00","retrievedAt":"2026-09-18T02:37:01.936831+00:00","networkType":"Published fiber route; network class not specified","serviceability":"Unconfirmed","routeDiversity":"Unconfirmed","states":["NC"]},"bbox":[-80.8554838780994,35.798687713088,-80.8553376558327,35.7988329866814]},{"type":"Feature","geometry":{"type":"LineString","coordinates":[[-80.8585795017681,35.7978900729586],[-80.8585819043851,35.7978898920682],[-80.8585842627792,35.7978900499134],[-80.8586678612343,35.7979056407146],[-80.8587479467239,35.7979195613915],[-80.8587500819783,35.7979196397001],[-80.8587522433336,35.7979194092987],[-80.8587543689682,35.7979188765395],[-80.8587564006897,35.7979180612415],[-80.8587582758604,35.7979169823905],[-80.8587599486839,35.797915669533],[-80.8587613614442,35.7979141632152],[-80.8587624830153,35.797912505381],[-80.8587632768021,35.797910740762],[-80.858763721924,35.7979089237664],[-80.8587635242918,35.7979053325154],[-80.8587628850263,35.7979036618789],[-80.858761910544,35.7979021387929],[-80.8587606239421,35.7979008052753],[-80.8587590626152,35.7978996995201],[-80.858757274916,35.7978988550464],[-80.8587553078423,35.7978982945761],[-80.8585795983251,35.7979140134258],[-80.85857721808,35.7979139640933],[-80.858574926367,35.7979135780537],[-80.8585727897432,35.7979128624049],[-80.8585708663096,35.7979118415028],[-80.8585692119964,35.797910541539],[-80.8585678696253,35.797908996117],[-80.8585668824325,35.7979072568643],[-80.858566274538,35.7979053621772],[-80.8585660640466,35.7979033775887],[-80.8585662586516,35.7979013489577],[-80.858566850995,35.7978993413044],[-80.858567824517,35.7978974044636],[-80.8585691517827,35.7978955965496],[-80.8585707952981,35.7978939713224],[-80.8585727094943,35.7978925682418],[-80.8585748400567,35.797891431408],[-80.8585771245964,35.7978905906205],[-80.8585795017681,35.7978900729586]]},"properties":{"id":"arcgis-164-2-22cff868103781be","sourceId":"arcgis-164-2","source":"Fiber_Layer_AGOL \u2014 Statesville_Fiber_Extras","sourceUrl":"https://services2.arcgis.com/WbGEgSzGTEPg4fr6/arcgis/rest/services/Fiber_Layer_AGOL/FeatureServer/2","name":"Fiber_Layer_AGOL \u2014 Statesville_Fiber_Extras","carrier":"Not published","routeStatus":"Unknown","category":"unknown","evidence":"agency_route","dataDate":null,"metadataModified":"2023-12-22T14:55:19+00:00","retrievedAt":"2026-09-18T02:37:01.936831+00:00","networkType":"Published fiber route; network class not specified","serviceability":"Unconfirmed","routeDiversity":"Unconfirmed","states":["NC"]},"bbox":[-80.858763721924,35.7978898920682,-80.8585660640466,35.7979196397001]},{"type":"Feature","geometry":{"type":"LineString","coordinates":[[-80.8667254385535,35.7991227599635],[-80.8667273637444,35.7991213106088],[-80.866729433301,35.7991201709602],[-80.866808224654,35.7990881749095],[-80.8668831575455,35.7990566688439],[-80.8668849970489,35.7990555823],[-80.8668866919121,35.7990542221142],[-80.8668881943157,35.7990526259804],[-80.8668894644543,35.7990508431897],[-80.8668904603099,35.7990489230665],[-80.8668911608824,35.7990469146136],[-80.8668915367172,35.7990448840916],[-80.8668915856818,35.7990428829185],[-80.8668913024705,35.7990409688716],[-80.8668906961583,35.7990391995074],[-80.8668885916088,35.7990362829565],[-80.8668871517845,35.7990352214185],[-80.8668855087543,35.7990344649957],[-80.8668837062211,35.799034037359],[-80.8668817953193,35.7990339485427],[-80.8668798336956,35.7990342030727],[-80.8668778753869,35.7990347929088],[-80.866738441281,35.799142861564],[-80.8667364106207,35.7991441042889],[-80.8667342727474,35.7991450169054],[-80.8667320877733,35.7991455669401],[-80.8667299174789,35.7991457462344],[-80.8667278236027,35.7991455448274],[-80.8667258593876,35.7991449682139],[-80.8667240894919,35.7991440370392],[-80.8667225552815,35.799142769601],[-80.8667213065316,35.799141212916],[-80.8667203760913,35.7991393998363],[-80.8667197907969,35.7991373903511],[-80.8667195650667,35.7991352338218],[-80.8667197070567,35.7991329959329],[-80.866720212713,35.7991307407527],[-80.866721066774,35.7991285262109],[-80.8667222475492,35.7991264193506],[-80.8667237165472,35.7991244784573],[-80.8667254385535,35.7991227599635]]},"properties":{"id":"arcgis-164-2-540099fe6bd16edd","sourceId":"arcgis-164-2","source":"Fiber_Layer_AGOL \u2014 Statesville_Fiber_Extras","sourceUrl":"https://services2.arcgis.com/WbGEgSzGTEPg4fr6/arcgis/rest/services/Fiber_Layer_AGOL/FeatureServer/2","name":"Fiber_Layer_AGOL \u2014 Statesville_Fiber_Extras","carrier":"Not published","routeStatus":"Unknown","category":"unknown","evidence":"agency_route","dataDate":null,"metadataModified":"2023-12-22T14:55:19+00:00","retrievedAt":"2026-09-18T02:37:01.936831+00:00","networkType":"Published fiber route; network class not specified","serviceability":"Unconfirmed","routeDiversity":"Unconfirmed","states":["NC"]},"bbox":[-80.8668915856818,35.7990339485427,-80.8667195650667,35.7991457462344]},{"type":"Feature","geometry":{"type":"LineString","coordinates":[[-80.8766324833586,35.7962357003163],[-80.8766313321113,35.7962335832974],[-80.8766305083424,35.7962313683797],[-80.876610409154,35.7961487381706],[-80.876590229816,35.7960699955575],[-80.8765894248027,35.7960680165436],[-80.8765883278341,35.79606614029],[-80.8765869689246,35.7960644204246],[-80.8765853923016,35.796062903144],[-80.8765836389154,35.7960616364986],[-80.8765817547874,35.7960606486274],[-80.8765798005905,35.7960599791635],[-80.8765778285437,35.7960596372189],[-80.8765758932036,35.7960596372789],[-80.876574054281,35.7960599775223],[-80.876570860452,35.7960616313859],[-80.8765695996704,35.7960629002842],[-80.8765686101566,35.7960644147198],[-80.8765679230688,35.7960661345467],[-80.8765675549972,35.79606801173],[-80.8765675190248,35.796069990175],[-80.8765678160465,35.7960720130735],[-80.8766542745756,35.7962257844212],[-80.8766552062458,35.7962279760407],[-80.8766557950959,35.7962302243263],[-80.876656018645,35.7962324665193],[-80.8766558787477,35.796234639486],[-80.8766553717485,35.7962366810793],[-80.8766545141538,35.7962385396596],[-80.8766533333012,35.7962401535035],[-80.8766518548809,35.796241485254],[-80.8766501310258,35.7962424926389],[-80.8766482020154,35.7962431470915],[-80.8766461283113,35.7962434314533],[-80.8766439617561,35.7962433386152],[-80.8766417687817,35.7962428702587],[-80.8766396116459,35.7962420389471],[-80.8766375462629,35.7962408699627],[-80.8766356352879,35.7962393929914],[-80.8766339307124,35.7962376550119],[-80.8766324833586,35.7962357003163]]},"properties":{"id":"arcgis-164-2-806b6048fab01da9","sourceId":"arcgis-164-2","source":"Fiber_Layer_AGOL \u2014 Statesville_Fiber_Extras","sourceUrl":"https://services2.arcgis.com/WbGEgSzGTEPg4fr6/arcgis/rest/services/Fiber_Layer_AGOL/FeatureServer/2","name":"Fiber_Layer_AGOL \u2014 Statesville_Fiber_Extras","carrier":"Not published","routeStatus":"Unknown","category":"unknown","evidence":"agency_route","dataDate":null,"metadataModified":"2023-12-22T14:55:19+00:00","retrievedAt":"2026-09-18T02:37:01.936831+00:00","networkType":"Published fiber route; network class not specified","serviceability":"Unconfirmed","routeDiversity":"Unconfirmed","states":["NC"]},"bbox":[-80.876656018645,35.7960596372189,-80.8765675190248,35.7962434314533]},{"type":"Feature","geometry":{"type":"LineString","coordinates":[[-80.8768280230257,35.7991273031723],[-80.8768276942851,35.7991249156577],[-80.8768277058345,35.7991225526506],[-80.8768381129448,35.7990381517522],[-80.8768470700868,35.7989573602512],[-80.8768470171959,35.798955224513],[-80.8768466542802,35.7989530809295],[-80.8768459905471,35.7989509924638],[-80.8768450516504,35.7989490155153],[-80.8768438600301,35.7989472110401],[-80.8768424465362,35.7989456209336],[-80.8768408545843,35.7989443040258],[-80.8768391312616,35.7989432866364],[-80.8768373205043,35.7989426023455],[-80.876835480315,35.7989422709942],[-80.876831908021,35.7989426893269],[-80.8768302797303,35.7989434301999],[-80.8768288194711,35.7989444975316],[-80.8768275686508,35.7989458636392],[-80.8768265606617,35.798947489244],[-80.8768258276019,35.7989493269735],[-80.8768253903819,35.7989513242187],[-80.8768519119573,35.7991257298761],[-80.8768520092333,35.7991281092367],[-80.8768517652153,35.7991304208334],[-80.8768511816531,35.7991325970267],[-80.8768502826711,35.7991345806505],[-80.8768490867793,35.7991363110192],[-80.8768476273075,35.7991377461505],[-80.8768459518401,35.7991388384334],[-80.8768440985084,35.7991395620386],[-80.8768421298837,35.7991398952676],[-80.8768400943667,35.7991398256554],[-80.8768380540502,35.799139358556],[-80.8768360601118,35.7991385058019],[-80.8768341739985,35.7991372925904],[-80.8768324496021,35.7991357523479],[-80.876830931089,35.7991339285678],[-80.8768296660904,35.7991318710001],[-80.8768286859583,35.7991296431685],[-80.8768280230257,35.7991273031723]]},"properties":{"id":"arcgis-164-2-4511ba2462bbb511","sourceId":"arcgis-164-2","source":"Fiber_Layer_AGOL \u2014 Statesville_Fiber_Extras","sourceUrl":"https://services2.arcgis.com/WbGEgSzGTEPg4fr6/arcgis/rest/services/Fiber_Layer_AGOL/FeatureServer/2","name":"Fiber_Layer_AGOL \u2014 Statesville_Fiber_Extras","carrier":"Not published","routeStatus":"Unknown","category":"unknown","evidence":"agency_route","dataDate":null,"metadataModified":"2023-12-22T14:55:19+00:00","retrievedAt":"2026-09-18T02:37:01.936831+00:00","networkType":"Published fiber route; network class not specified","serviceability":"Unconfirmed","routeDiversity":"Unconfirmed","states":["NC"]},"bbox":[-80.8768520092333,35.7989422709942,-80.8768253903819,35.7991398952676]},{"type":"Feature","geometry":{"type":"LineString","coordinates":[[-80.8773281101053,35.802410537721],[-80.8773267307504,35.8024085621551],[-80.8773256647863,35.8024064528463],[-80.8772965007659,35.8023265696862],[-80.8772676901139,35.8022505602203],[-80.8772666704819,35.8022486827836],[-80.8772653706675,35.8022469394796],[-80.8772638295171,35.8022453828979],[-80.8772620932649,35.8022440501893],[-80.8772602105249,35.8022429856795],[-80.8772582283446,35.8022422138858],[-80.8772562105323,35.8022417662788],[-80.8772542135895,35.8022416455943],[-80.8772522897182,35.8022418600426],[-80.8772505007418,35.8022424032625],[-80.8772475105612,35.8022444019774],[-80.8772463977274,35.8022458029227],[-80.8772455842349,35.8022474183201],[-80.8772450923104,35.8022492045551],[-80.8772449351633,35.8022511109406],[-80.8772451192192,35.8022530805829],[-80.877245638756,35.8022550576775],[-80.8773486628676,35.8023982599713],[-80.8773498331293,35.8024003334159],[-80.8773506681033,35.8024025030779],[-80.8773511397752,35.802404706284],[-80.8773512422974,35.8024068818226],[-80.8773509653553,35.8024089667475],[-80.877350319904,35.8024109086032],[-80.8773493254972,35.8024126439834],[-80.8773480044453,35.8024141328785],[-80.8773464042925,35.802415325875],[-80.8773445596853,35.8024161899852],[-80.8773425309851,35.8024167035445],[-80.8773403665524,35.8024168522853],[-80.8773381348691,35.802416630645],[-80.8773358991579,35.8024160448615],[-80.8773337162552,35.802415112089],[-80.8773316531208,35.8024138565376],[-80.8773297660288,35.8024123188094],[-80.8773281101053,35.802410537721]]},"properties":{"id":"arcgis-164-2-2a24eb4c1568aba2","sourceId":"arcgis-164-2","source":"Fiber_Layer_AGOL \u2014 Statesville_Fiber_Extras","sourceUrl":"https://services2.arcgis.com/WbGEgSzGTEPg4fr6/arcgis/rest/services/Fiber_Layer_AGOL/FeatureServer/2","name":"Fiber_Layer_AGOL \u2014 Statesville_Fiber_Extras","carrier":"Not published","routeStatus":"Unknown","category":"unknown","evidence":"agency_route","dataDate":null,"metadataModified":"2023-12-22T14:55:19+00:00","retrievedAt":"2026-09-18T02:37:01.936831+00:00","networkType":"Published fiber route; network class not specified","serviceability":"Unconfirmed","routeDiversity":"Unconfirmed","states":["NC"]},"bbox":[-80.8773512422974,35.8022416455943,-80.8772449351633,35.8024168522853]},{"type":"Feature","geometry":{"type":"LineString","coordinates":[[-80.8789957655017,35.8056087111231],[-80.8789943860514,35.8056067355782],[-80.8789933200017,35.8056046262862],[-80.8789641564993,35.8055247435596],[-80.878935345332,35.8054487336341],[-80.8789343256209,35.8054468562134],[-80.8789330257191,35.805445112929],[-80.878931485582,35.805443556353],[-80.8789297492336,35.8054422236695],[-80.8789278663973,35.8054411591867],[-80.8789258841226,35.8054403874209],[-80.8789238662213,35.8054399398421],[-80.878921869197,35.8054398191849],[-80.8789199452541,35.8054400336594],[-80.8789181562181,35.8054405769031],[-80.8789151659604,35.8054425756569],[-80.8789140531115,35.8054439766159],[-80.8789132396201,35.8054455920226],[-80.8789127477131,35.8054473782625],[-80.8789125905991,35.8054492846481],[-80.8789127747029,35.8054512542859],[-80.878913294301,35.8054532313712],[-80.8790163188446,35.8055964340064],[-80.879017488089,35.8055985074499],[-80.8790183231407,35.8056006770981],[-80.8790187948767,35.8056028802955],[-80.8790188974478,35.8056050558302],[-80.8790186205378,35.8056071407568],[-80.879017975101,35.8056090826191],[-80.8790169806907,35.8056108180111],[-80.8790156596172,35.8056123069227],[-80.8790140594258,35.8056134999398],[-80.8790122147634,35.8056143640743],[-80.8790101859935,35.8056148776608],[-80.8790080214784,35.8056150264311],[-80.8790057908085,35.8056148048045],[-80.8790035549759,35.805614218151],[-80.8790013719676,35.8056132854094],[-80.8789993087257,35.8056120298876],[-80.8789974215274,35.8056104921869],[-80.8789957655017,35.8056087111231]]},"properties":{"id":"arcgis-164-2-df7135aa23c42c39","sourceId":"arcgis-164-2","source":"Fiber_Layer_AGOL \u2014 Statesville_Fiber_Extras","sourceUrl":"https://services2.arcgis.com/WbGEgSzGTEPg4fr6/arcgis/rest/services/Fiber_Layer_AGOL/FeatureServer/2","name":"Fiber_Layer_AGOL \u2014 Statesville_Fiber_Extras","carrier":"Not published","routeStatus":"Unknown","category":"unknown","evidence":"agency_route","dataDate":null,"metadataModified":"2023-12-22T14:55:19+00:00","retrievedAt":"2026-09-18T02:37:01.936831+00:00","networkType":"Published fiber route; network class not specified","serviceability":"Unconfirmed","routeDiversity":"Unconfirmed","states":["NC"]},"bbox":[-80.8790188974478,35.8054398191849,-80.8789125905991,35.8056150264311]},{"type":"Feature","geometry":{"type":"LineString","coordinates":[[-80.8831224813953,35.8067576580184],[-80.8831201866187,35.8067583921436],[-80.8831178562932,35.8067587878549],[-80.8830329246337,35.8067630699209],[-80.8829517966294,35.8067681585878],[-80.8829497025934,35.8067685785909],[-80.8829476533488,35.8067693062141],[-80.8829457114293,35.8067703179536],[-80.8829439248194,35.8067715833184],[-80.8829423524821,35.806773068042],[-80.8829410300648,35.8067747346123],[-80.8829400061333,35.8067765299917],[-80.8829393016173,35.8067784024716],[-80.8829389386365,35.8067803039306],[-80.8829389290604,35.8067821737851],[-80.8829399566763,35.8067856214603],[-80.882940966052,35.8067870978415],[-80.882942270154,35.8067883515057],[-80.8829438316984,35.8067893496739],[-80.8829456057198,35.8067900623899],[-80.8829475419104,35.8067904678936],[-80.8829495846828,35.8067905553245],[-80.8831168189632,35.8067343958308],[-80.8831191445358,35.8067338911117],[-80.8831214649136,35.8067337335496],[-80.8831237083973,35.8067339332675],[-80.8831258171452,35.8067344776367],[-80.8831277278677,35.806735357719],[-80.8831293923648,35.8067365472143],[-80.8831307566739,35.8067380099952],[-80.8831317901066,35.8067397113776],[-80.8831324569827,35.8067415924139],[-80.8831327385939,35.8067436101215],[-80.8831326301312,35.8067457005684],[-80.8831321337171,35.8067478123363],[-80.8831312632654,35.8067498775978],[-80.8831300429407,35.8067518409882],[-80.8831285069687,35.8067536514945],[-80.8831266982789,35.8067552516591],[-80.8831246723685,35.8067566009582],[-80.8831224813953,35.8067576580184]]},"properties":{"id":"arcgis-164-2-364a13ac1622e796","sourceId":"arcgis-164-2","source":"Fiber_Layer_AGOL \u2014 Statesville_Fiber_Extras","sourceUrl":"https://services2.arcgis.com/WbGEgSzGTEPg4fr6/arcgis/rest/services/Fiber_Layer_AGOL/FeatureServer/2","name":"Fiber_Layer_AGOL \u2014 Statesville_Fiber_Extras","carrier":"Not published","routeStatus":"Unknown","category":"unknown","evidence":"agency_route","dataDate":null,"metadataModified":"2023-12-22T14:55:19+00:00","retrievedAt":"2026-09-18T02:37:01.936831+00:00","networkType":"Published fiber route; network class not specified","serviceability":"Unconfirmed","routeDiversity":"Unconfirmed","states":["NC"]},"bbox":[-80.8831327385939,35.8067337335496,-80.8829389290604,35.8067905553245]},{"type":"Feature","geometry":{"type":"LineString","coordinates":[[-80.887415094776,35.806447588387],[-80.8874127270015,35.8064480379494],[-80.8874103667634,35.8064481466285],[-80.8873255451302,35.8064420447259],[-80.8872444017713,35.8064372073915],[-80.8872422729659,35.8064373692773],[-80.8872401503111,35.8064378420849],[-80.8872380987201,35.8064386094832],[-80.887236171854,35.8064396472025],[-80.8872344299906,35.8064409299685],[-80.8872329143695,35.8064424228855],[-80.8872316792533,35.8064440800383],[-80.8872307511634,35.8064458523352],[-80.887230160045,35.8064476951388],[-80.8872299222525,35.8064495505001],[-80.8872305218682,35.8064530976255],[-80.887231343582,35.8064546859603],[-80.8872324852309,35.8064560890402],[-80.8872339138701,35.8064572704139],[-80.8872355877048,35.8064581937674],[-80.8872374596187,35.8064588318838],[-80.8872394771958,35.8064591675451],[-80.8874123097266,35.8064238094228],[-80.8874146796088,35.8064235924144],[-80.8874170010642,35.8064237187256],[-80.8874192044179,35.8064241903371],[-80.8874212305529,35.8064249874301],[-80.8874230204363,35.8064260937908],[-80.8874245268469,35.8064274776964],[-80.8874257033962,35.8064290956921],[-80.8874265215434,35.8064309103571],[-80.8874269543715,35.8064328590034],[-80.887426987532,35.8064348958768],[-80.8874266250629,35.8064369569086],[-80.8874258746784,35.806438993298],[-80.887424759139,35.8064409370801],[-80.8874233082217,35.8064427364085],[-80.8874215640409,35.8064443464571],[-80.8874195729467,35.8064457142212],[-80.8874173983464,35.8064468062645],[-80.887415094776,35.806447588387]]},"properties":{"id":"arcgis-164-2-426ae379527d5d7f","sourceId":"arcgis-164-2","source":"Fiber_Layer_AGOL \u2014 Statesville_Fiber_Extras","sourceUrl":"https://services2.arcgis.com/WbGEgSzGTEPg4fr6/arcgis/rest/services/Fiber_Layer_AGOL/FeatureServer/2","name":"Fiber_Layer_AGOL \u2014 Statesville_Fiber_Extras","carrier":"Not published","routeStatus":"Unknown","category":"unknown","evidence":"agency_route","dataDate":null,"metadataModified":"2023-12-22T14:55:19+00:00","retrievedAt":"2026-09-18T02:37:01.936831+00:00","networkType":"Published fiber route; network class not specified","serviceability":"Unconfirmed","routeDiversity":"Unconfirmed","states":["NC"]},"bbox":[-80.887426987532,35.8064235924144,-80.8872299222525,35.8064591675451]},{"type":"Feature","geometry":{"type":"LineString","coordinates":[[-80.8923015211442,35.8056125708243],[-80.8922994679045,35.8056138323567],[-80.8922972998057,35.8056147729359],[-80.8922158460269,35.8056392118318],[-80.8921382803416,35.8056635253878],[-80.8921363483075,35.8056644334503],[-80.8921345314578,35.8056656291056],[-80.8921328864751,35.8056670754134],[-80.8921314544277,35.8056687302671],[-80.8921302818522,35.8056705487705],[-80.8921293963941,35.8056724827148],[-80.8921288298075,35.805674470305],[-80.8921285929961,35.8056764572819],[-80.8921286946512,35.8056783894203],[-80.8921291322957,35.8056802081614],[-80.8921309534505,35.8056833107902],[-80.8921322850275,35.8056845035314],[-80.8921338511505,35.8056854095596],[-80.8921356059141,35.8056860061485],[-80.8921374990719,35.8056862742454],[-80.8921394750992,35.8056862056975],[-80.8921414809159,35.8056858022306],[-80.8922904675444,35.8055913336679],[-80.8922926055393,35.8055902889823],[-80.8922948200531,35.8055895820723],[-80.8922970475335,35.8055892400684],[-80.8922992249443,35.8055892648508],[-80.8923012915667,35.8055896627717],[-80.8923031906647,35.8055904211897],[-80.8923048652277,35.8055915157481],[-80.8923062748182,35.8055929209314],[-80.8923073718339,35.8055945887979],[-80.8923081266048,35.8055964810439],[-80.8923085210815,35.8055985357463],[-80.8923085431045,35.8056007062158],[-80.8923081909655,35.8056029194576],[-80.8923074743562,35.8056051167236],[-80.8923064163072,35.8056072417632],[-80.8923050407018,35.8056092274944],[-80.8923033961203,35.8056110217773],[-80.8923015211442,35.8056125708243]]},"properties":{"id":"arcgis-164-2-a3664df3a93424c3","sourceId":"arcgis-164-2","source":"Fiber_Layer_AGOL \u2014 Statesville_Fiber_Extras","sourceUrl":"https://services2.arcgis.com/WbGEgSzGTEPg4fr6/arcgis/rest/services/Fiber_Layer_AGOL/FeatureServer/2","name":"Fiber_Layer_AGOL \u2014 Statesville_Fiber_Extras","carrier":"Not published","routeStatus":"Unknown","category":"unknown","evidence":"agency_route","dataDate":null,"metadataModified":"2023-12-22T14:55:19+00:00","retrievedAt":"2026-09-18T02:37:01.936831+00:00","networkType":"Published fiber route; network class not specified","serviceability":"Unconfirmed","routeDiversity":"Unconfirmed","states":["NC"]},"bbox":[-80.8923085431045,35.8055892400684,-80.8921285929961,35.8056862742454]},{"type":"Feature","geometry":{"type":"LineString","coordinates":[[-80.8975866058963,35.8059311547445],[-80.8975845527309,35.8059324163658],[-80.8975823846851,35.805933357039],[-80.8975009309919,35.8059577958773],[-80.8974233653993,35.8059821092071],[-80.897421433417,35.8059830173533],[-80.8974196166382,35.8059842130873],[-80.8974179717435,35.8059856594663],[-80.8974165397987,35.8059873143819],[-80.8974153673375,35.8059891329359],[-80.8974144820022,35.8059910669185],[-80.897413914437,35.8059930545503],[-80.8974136777545,35.8059950415372],[-80.8974137795363,35.805996973671],[-80.8974142173014,35.8059987923929],[-80.8974160386661,35.8060018949424],[-80.8974173703263,35.8060030876258],[-80.8974189365148,35.8060039935859],[-80.8974206913243,35.8060045900986],[-80.897422584507,35.8060048581134],[-80.8974245605587,35.806004790381],[-80.897426566357,35.8060043868271],[-80.8975755530775,35.8059099180354],[-80.8975776910126,35.8059088732572],[-80.8975799054889,35.8059081662512],[-80.8975821329558,35.8059078241507],[-80.8975843103767,35.8059078488387],[-80.8975863770333,35.80590824667],[-80.8975882761883,35.8059090050054],[-80.8975899508505,35.8059101003922],[-80.8975913594322,35.8059115055315],[-80.8975924565612,35.8059131733503],[-80.8975932114588,35.8059150655633],[-80.8975936060713,35.8059171202484],[-80.8975936282363,35.8059192907168],[-80.8975932762405,35.8059215039735],[-80.897592559772,35.8059237012704],[-80.8975915018577,35.8059258263556],[-80.8975901263767,35.8059278121463],[-80.8975884807786,35.8059296056164],[-80.8975866058963,35.8059311547445]]},"properties":{"id":"arcgis-164-2-269496188ba12ea5","sourceId":"arcgis-164-2","source":"Fiber_Layer_AGOL \u2014 Statesville_Fiber_Extras","sourceUrl":"https://services2.arcgis.com/WbGEgSzGTEPg4fr6/arcgis/rest/services/Fiber_Layer_AGOL/FeatureServer/2","name":"Fiber_Layer_AGOL \u2014 Statesville_Fiber_Extras","carrier":"Not published","routeStatus":"Unknown","category":"unknown","evidence":"agency_route","dataDate":null,"metadataModified":"2023-12-22T14:55:19+00:00","retrievedAt":"2026-09-18T02:37:01.936831+00:00","networkType":"Published fiber route; network class not specified","serviceability":"Unconfirmed","routeDiversity":"Unconfirmed","states":["NC"]},"bbox":[-80.8975936282363,35.8059078241507,-80.8974136777545,35.8060048581134]},{"type":"Feature","geometry":{"type":"LineString","coordinates":[[-80.8977402706695,35.8059681625735],[-80.8977385630049,35.8059664627958],[-80.8977371408913,35.8059645755661],[-80.8976942936336,35.805891117893],[-80.8976524784723,35.8058214106005],[-80.8976511434518,35.8058197446841],[-80.8976495548145,35.8058182594115],[-80.8976477634005,35.8058169990662],[-80.897645818626,35.8058159944309],[-80.8976437766509,35.8058152806911],[-80.8976416887445,35.8058148732753],[-80.8976396238766,35.8058147873364],[-80.8976376362757,35.8058150229313],[-80.8976357822562,35.8058155746757],[-80.8976341167933,35.8058164272892],[-80.8976315271099,35.8058189242094],[-80.8976306798276,35.8058204988038],[-80.8976301660857,35.8058222331785],[-80.8976299969325,35.8058240793817],[-80.8976301799279,35.8058259823042],[-80.8976307093779,35.8058278879447],[-80.8976315718657,35.8058297433234],[-80.8977583257161,35.8059524413719],[-80.8977598428493,35.8059542748344],[-80.8977610492898,35.8059562618834],[-80.8977619039003,35.8059583472666],[-80.8977623897333,35.8059604690445],[-80.897762487777,35.80596257162],[-80.8977621955291,35.8059645955331],[-80.8977615226352,35.8059664802331],[-80.8977604868233,35.8059681794673],[-80.8977591232891,35.8059696367944],[-80.8977574599075,35.8059708139174],[-80.8977555556983,35.8059716792659],[-80.8977534499587,35.8059722096903],[-80.8977512163864,35.8059723860129],[-80.8977489124443,35.8059722046343],[-80.8977465980829,35.8059716736356],[-80.897744345443,35.8059708018097],[-80.8977422161737,35.8059696224538],[-80.8977402706695,35.8059681625735]]},"properties":{"id":"arcgis-164-2-59b9e5d36fb25009","sourceId":"arcgis-164-2","source":"Fiber_Layer_AGOL \u2014 Statesville_Fiber_Extras","sourceUrl":"https://services2.arcgis.com/WbGEgSzGTEPg4fr6/arcgis/rest/services/Fiber_Layer_AGOL/FeatureServer/2","name":"Fiber_Layer_AGOL \u2014 Statesville_Fiber_Extras","carrier":"Not published","routeStatus":"Unknown","category":"unknown","evidence":"agency_route","dataDate":null,"metadataModified":"2023-12-22T14:55:19+00:00","retrievedAt":"2026-09-18T02:37:01.936831+00:00","networkType":"Published fiber route; network class not specified","serviceability":"Unconfirmed","routeDiversity":"Unconfirmed","states":["NC"]},"bbox":[-80.897762487777,35.8058147873364,-80.8976299969325,35.8059723860129]},{"type":"Feature","geometry":{"type":"LineString","coordinates":[[-80.9010427066735,35.8064447905439],[-80.9010404311251,35.8064455824053],[-80.9010381110603,35.8064460341938],[-80.9009533090624,35.806452400199],[-80.9008723308231,35.8064594790801],[-80.9008702491586,35.8064599505854],[-80.9008682178638,35.8064607287166],[-80.9008663005096,35.8064617872402],[-80.900864546201,35.806463096542],[-80.9008630105109,35.8064646196951],[-80.9008617301632,35.8064663182636],[-80.9008607492443,35.8064681374695],[-80.9008600909272,35.8064700273689],[-80.9008597750239,35.8064719362672],[-80.9008598123473,35.8064738062996],[-80.9008609231225,35.806477228198],[-80.9008619687569,35.8064786795297],[-80.9008633033451,35.806479900077],[-80.9008648885743,35.806480860688],[-80.9008666794304,35.8064815296108],[-80.9008686245583,35.8064818878136],[-80.900870670581,35.8064819244095],[-80.9010364759121,35.8064216750018],[-80.9010387889873,35.8064211142407],[-80.9010411035612,35.8064208996326],[-80.9010433524257,35.8064210439456],[-80.9010454722262,35.8064215355471],[-80.9010474063728,35.8064223681079],[-80.9010490978518,35.8064235172756],[-80.901050497118,35.8064249468616],[-80.9010515723692,35.8064266222034],[-80.901052285742,35.8064284861959],[-80.9010526152211,35.806430496812],[-80.9010525592386,35.8064325873649],[-80.9010521145224,35.8064347128307],[-80.9010512959082,35.8064367981534],[-80.9010501242927,35.8064387907199],[-80.9010486338691,35.8064406386111],[-80.9010468630865,35.8064422826295],[-80.9010448707094,35.8064436803893],[-80.9010427066735,35.8064447905439]]},"properties":{"id":"arcgis-164-2-7ac14fb2c5c64078","sourceId":"arcgis-164-2","source":"Fiber_Layer_AGOL \u2014 Statesville_Fiber_Extras","sourceUrl":"https://services2.arcgis.com/WbGEgSzGTEPg4fr6/arcgis/rest/services/Fiber_Layer_AGOL/FeatureServer/2","name":"Fiber_Layer_AGOL \u2014 Statesville_Fiber_Extras","carrier":"Not published","routeStatus":"Unknown","category":"unknown","evidence":"agency_route","dataDate":null,"metadataModified":"2023-12-22T14:55:19+00:00","retrievedAt":"2026-09-18T02:37:01.936831+00:00","networkType":"Published fiber route; network class not specified","serviceability":"Unconfirmed","routeDiversity":"Unconfirmed","states":["NC"]},"bbox":[-80.9010526152211,35.8064208996326,-80.9008597750239,35.8064819244095]},{"type":"Feature","geometry":{"type":"LineString","coordinates":[[-80.9049837778639,35.8056032119016],[-80.9049815023778,35.8056040038368],[-80.9049791823379,35.8056044547993],[-80.904894380363,35.8056108208625],[-80.9048134021415,35.8056178996783],[-80.9048113205217,35.805618371251],[-80.9048092892859,35.8056191494482],[-80.9048073720033,35.8056202080341],[-80.9048056177767,35.805621517393],[-80.9048040821768,35.8056230405962],[-80.9048028019252,35.8056247392065],[-80.9048018199989,35.805626558462],[-80.9048011617809,35.8056284483833],[-80.9048008459738,35.8056303572923],[-80.904800883388,35.805632227324],[-80.9048019943184,35.8056356491874],[-80.9048030400126,35.8056371004857],[-80.9048043746464,35.8056383209902],[-80.9048059599059,35.8056392815502],[-80.904807750776,35.8056399504153],[-80.9048096959011,35.8056403085553],[-80.9048117419042,35.805640345085],[-80.9049775471258,35.8055800956361],[-80.9049798601497,35.8055795348001],[-80.9049821747102,35.8055793210182],[-80.9049844235583,35.8055794652585],[-80.9049865433608,35.8055799567916],[-80.9049884775278,35.8055807892901],[-80.9049901690452,35.8055819384034],[-80.9049915683665,35.8055833679445],[-80.9049926436882,35.8055850432521],[-80.9049933571444,35.8055869072221],[-80.9049936867181,35.805588917828],[-80.904993630838,35.8055910083833],[-80.90499318623,35.8055931338641],[-80.904992367726,35.8055952192139],[-80.9049911951135,35.8055972118361],[-80.9049897047955,35.8055990597759],[-80.9049879341114,35.8056007038521],[-80.9049859418232,35.8056021016768],[-80.9049837778639,35.8056032119016]]},"properties":{"id":"arcgis-164-2-b248afd0bcea7999","sourceId":"arcgis-164-2","source":"Fiber_Layer_AGOL \u2014 Statesville_Fiber_Extras","sourceUrl":"https://services2.arcgis.com/WbGEgSzGTEPg4fr6/arcgis/rest/services/Fiber_Layer_AGOL/FeatureServer/2","name":"Fiber_Layer_AGOL \u2014 Statesville_Fiber_Extras","carrier":"Not published","routeStatus":"Unknown","category":"unknown","evidence":"agency_route","dataDate":null,"metadataModified":"2023-12-22T14:55:19+00:00","retrievedAt":"2026-09-18T02:37:01.936831+00:00","networkType":"Published fiber route; network class not specified","serviceability":"Unconfirmed","routeDiversity":"Unconfirmed","states":["NC"]},"bbox":[-80.9049936867181,35.8055793210182,-80.9048008459738,35.805640345085]},{"type":"Feature","geometry":{"type":"LineString","coordinates":[[-80.909337608066,35.8016363893609],[-80.9093353327341,35.8016371813784],[-80.909333012811,35.8016376315233],[-80.9092482108499,35.8016439979904],[-80.909167232493,35.8016510770746],[-80.9091651510007,35.8016515487223],[-80.9091631188003,35.8016523270104],[-80.9091612016474,35.801653384765],[-80.9091594475774,35.8016546941884],[-80.9091579121349,35.8016562174484],[-80.9091566320375,35.8016579161067],[-80.9091556502573,35.8016597353997],[-80.9091549921733,35.801661625347],[-80.9091546753783,35.8016635342872],[-80.9091547128913,35.80166540432],[-80.9091558239514,35.8016688261483],[-80.9091568696725,35.8016702774112],[-80.9091582043065,35.8016714978696],[-80.90915978954,35.8016724583742],[-80.9091615803582,35.8016731271762],[-80.9091635254285,35.8016734861483],[-80.9091655713332,35.8016735226051],[-80.909331377474,35.8016132723688],[-80.9093336903754,35.8016127123505],[-80.9093360048109,35.8016124984857],[-80.9093382535565,35.8016126426459],[-80.9093403732814,35.8016131341039],[-80.9093423073983,35.8016139665344],[-80.9093439988946,35.8016151155887],[-80.9093453982243,35.8016165450817],[-80.9093464735834,35.8016182203532],[-80.9093471871049,35.8016200843001],[-80.9093475167707,35.8016220948969],[-80.9093474610059,35.8016241854571],[-80.9093470165342,35.8016263109566],[-80.9093461981826,35.8016283963383],[-80.9093450246287,35.8016303890224],[-80.9093435344833,35.801632237018],[-80.9093417639746,35.8016338811595],[-80.9093397718593,35.8016352790572],[-80.909337608066,35.8016363893609]]},"properties":{"id":"arcgis-164-2-22c1b0b468ff09c2","sourceId":"arcgis-164-2","source":"Fiber_Layer_AGOL \u2014 Statesville_Fiber_Extras","sourceUrl":"https://services2.arcgis.com/WbGEgSzGTEPg4fr6/arcgis/rest/services/Fiber_Layer_AGOL/FeatureServer/2","name":"Fiber_Layer_AGOL \u2014 Statesville_Fiber_Extras","carrier":"Not published","routeStatus":"Unknown","category":"unknown","evidence":"agency_route","dataDate":null,"metadataModified":"2023-12-22T14:55:19+00:00","retrievedAt":"2026-09-18T02:37:01.936831+00:00","networkType":"Published fiber route; network class not specified","serviceability":"Unconfirmed","routeDiversity":"Unconfirmed","states":["NC"]},"bbox":[-80.9093475167707,35.8016124984857,-80.9091546753783,35.8016735226051]},{"type":"Feature","geometry":{"type":"LineString","coordinates":[[-80.9167948888419,35.7991792988982],[-80.9167926136522,35.7991800910556],[-80.9167902938411,35.7991805413428],[-80.9167054915971,35.7991869076499],[-80.9166245129068,35.7991939863407],[-80.9166224315213,35.7991944581161],[-80.9166203994543,35.7991952365293],[-80.9166184824572,35.7991962944021],[-80.9166167285613,35.7991976039338],[-80.9166151921997,35.7991991273065],[-80.9166139122978,35.7992008260445],[-80.9166129306938,35.7992026444979],[-80.9166122728041,35.799204534487],[-80.9166119561947,35.7992064434481],[-80.9166119938791,35.7992083134802],[-80.9166131041148,35.7992117352607],[-80.9166141499593,35.7992131873619],[-80.9166154846653,35.7992144077397],[-80.9166170699391,35.799215368148],[-80.9166188607646,35.799216036841],[-80.9166208058089,35.7992163956944],[-80.9166228516549,35.7992164320259],[-80.9167886585199,35.7991561822336],[-80.9167909712995,35.7991556220734],[-80.9167932856448,35.7991554080668],[-80.9167955343354,35.7991555520894],[-80.9167976540412,35.7991560434181],[-80.9167995881762,35.7991568757309],[-80.9168012797271,35.7991580246827],[-80.9168026791674,35.7991594549924],[-80.9168037546483,35.7991611301994],[-80.9168044672139,35.7991629941216],[-80.916804797055,35.7991650046999],[-80.9168047414847,35.7991670952651],[-80.9168042972225,35.7991692207936],[-80.916803479088,35.7991713062271],[-80.9168023057321,35.7991732980835],[-80.9168008146962,35.7991751461891],[-80.9167990443929,35.7991767904404],[-80.9167970524671,35.7991781884612],[-80.9167948888419,35.7991792988982]]},"properties":{"id":"arcgis-164-2-937987cb288c83da","sourceId":"arcgis-164-2","source":"Fiber_Layer_AGOL \u2014 Statesville_Fiber_Extras","sourceUrl":"https://services2.arcgis.com/WbGEgSzGTEPg4fr6/arcgis/rest/services/Fiber_Layer_AGOL/FeatureServer/2","name":"Fiber_Layer_AGOL \u2014 Statesville_Fiber_Extras","carrier":"Not published","routeStatus":"Unknown","category":"unknown","evidence":"agency_route","dataDate":null,"metadataModified":"2023-12-22T14:55:19+00:00","retrievedAt":"2026-09-18T02:37:01.936831+00:00","networkType":"Published fiber route; network class not specified","serviceability":"Unconfirmed","routeDiversity":"Unconfirmed","states":["NC"]},"bbox":[-80.916804797055,35.7991554080668,-80.9166119561947,35.7992164320259]},{"type":"Feature","geometry":{"type":"LineString","coordinates":[[-80.9255080446537,35.7968081682369],[-80.9255057696161,35.7968089605577],[-80.9255034488154,35.7968094110285],[-80.9254186473813,35.7968157771313],[-80.9253376683596,35.7968228553623],[-80.9253355870644,35.7968233263858],[-80.9253335540348,35.7968241049623],[-80.9253316372079,35.796825162973],[-80.9253298835044,35.7968264726312],[-80.925328347352,35.7968279961148],[-80.9253270676707,35.7968296949458],[-80.9253260862915,35.7968315134708],[-80.9253254275185,35.7968334035258],[-80.925325111124,35.7968353125111],[-80.9253251490088,35.796837182542],[-80.9253262595806,35.7968406042457],[-80.9253273055508,35.7968420562734],[-80.925328639243,35.7968432765741],[-80.9253302245738,35.7968442368699],[-80.9253320154189,35.7968449054353],[-80.9253339604448,35.7968452641499],[-80.9253360062347,35.7968453003352],[-80.9255018142362,35.7967850519647],[-80.9255041268876,35.7967844916387],[-80.9255064411421,35.7967842774665],[-80.9255086897822,35.7967844213284],[-80.9255108094788,35.7967849125059],[-80.9255127436682,35.7967857455822],[-80.9255144352932,35.796786894414],[-80.9255158348466,35.7967883246248],[-80.9255169104764,35.7967899997561],[-80.9255176221158,35.7967918636463],[-80.9255179521639,35.7967938742026],[-80.9255178968204,35.7967959647735],[-80.9255174528002,35.7967980903353],[-80.9255166349144,35.796800175829],[-80.9255154607014,35.7968021677883],[-80.9255139699083,35.796804016002],[-80.9255121998126,35.7968056594801],[-80.9255102080959,35.7968070576443],[-80.9255080446537,35.7968081682369]]},"properties":{"id":"arcgis-164-2-10c5b093396b45f6","sourceId":"arcgis-164-2","source":"Fiber_Layer_AGOL \u2014 Statesville_Fiber_Extras","sourceUrl":"https://services2.arcgis.com/WbGEgSzGTEPg4fr6/arcgis/rest/services/Fiber_Layer_AGOL/FeatureServer/2","name":"Fiber_Layer_AGOL \u2014 Statesville_Fiber_Extras","carrier":"Not published","routeStatus":"Unknown","category":"unknown","evidence":"agency_route","dataDate":null,"metadataModified":"2023-12-22T14:55:19+00:00","retrievedAt":"2026-09-18T02:37:01.936831+00:00","networkType":"Published fiber route; network class not specified","serviceability":"Unconfirmed","routeDiversity":"Unconfirmed","states":["NC"]},"bbox":[-80.9255179521639,35.7967842774665,-80.925325111124,35.7968453003352]},{"type":"Feature","geometry":{"type":"LineString","coordinates":[[-80.9304292110599,35.795577755905],[-80.9304269361051,35.795578548318],[-80.9304246153671,35.7955789988827],[-80.9303398144185,35.7955853648259],[-80.9302588347827,35.7955924436617],[-80.9302567535264,35.7955929138683],[-80.930254720575,35.7955936925272],[-80.9302528038417,35.7955947506158],[-80.9302510502446,35.7955960603454],[-80.9302495142082,35.7955975838917],[-80.9302482346498,35.795599282775],[-80.9302472533961,35.7956011013404],[-80.9302465947481,35.7956029914228],[-80.9302462784746,35.7956049004217],[-80.9302463164726,35.7956067704518],[-80.9302474272357,35.7956101921121],[-80.9302484732784,35.795611644098],[-80.9302498059185,35.7956128643629],[-80.9302513912836,35.7956138245951],[-80.9302531821421,35.7956144930885],[-80.9302551271602,35.7956148517246],[-80.9302571729211,35.7956148878273],[-80.9304229815428,35.79555463984],[-80.9304252941249,35.7955540794203],[-80.9304276083312,35.7955538651545],[-80.9304298569459,35.7955540089257],[-80.9304319766401,35.7955545000178],[-80.9304339108507,35.7955553330163],[-80.9304356025199,35.7955564817802],[-80.930437002139,35.7955579119351],[-80.9304380778545,35.7955595870237],[-80.9304387895964,35.7955614508859],[-80.9304391197618,35.7955634614297],[-80.9304390645464,35.7955655520036],[-80.9304386195561,35.7955676776018],[-80.9304378007036,35.7955697631469],[-80.9304366266296,35.7955717551544],[-80.9304351359717,35.7955736034291],[-80.9304333660029,35.7955752469793],[-80.9304313744015,35.7955766452246],[-80.9304292110599,35.795577755905]]},"properties":{"id":"arcgis-164-2-f9dc2b95a8505d11","sourceId":"arcgis-164-2","source":"Fiber_Layer_AGOL \u2014 Statesville_Fiber_Extras","sourceUrl":"https://services2.arcgis.com/WbGEgSzGTEPg4fr6/arcgis/rest/services/Fiber_Layer_AGOL/FeatureServer/2","name":"Fiber_Layer_AGOL \u2014 Statesville_Fiber_Extras","carrier":"Not published","routeStatus":"Unknown","category":"unknown","evidence":"agency_route","dataDate":null,"metadataModified":"2023-12-22T14:55:19+00:00","retrievedAt":"2026-09-18T02:37:01.936831+00:00","networkType":"Published fiber route; network class not specified","serviceability":"Unconfirmed","routeDiversity":"Unconfirmed","states":["NC"]},"bbox":[-80.9304391197618,35.7955538651545,-80.9302462784746,35.7956148878273]},{"type":"Feature","geometry":{"type":"LineString","coordinates":[[-80.9339466114814,35.7962901767127],[-80.9339443627296,35.7962910463053],[-80.9339420594379,35.7962915786974],[-80.9338575253476,35.796300843001],[-80.9337768371577,35.796310688979],[-80.9337747731565,35.7963112328955],[-80.9337727694906,35.7963120787616],[-80.9337708886497,35.7963132021462],[-80.933769181868,35.7963145706834],[-80.9337676969319,35.7963161466526],[-80.9337664771172,35.7963178887991],[-80.933765558675,35.7963197397524],[-80.9337649647766,35.7963216504632],[-80.9337647152103,35.7963235692313],[-80.9337648163182,35.7963254373579],[-80.9337660435856,35.7963288192753],[-80.9337671374657,35.7963302326091],[-80.9337685133602,35.7963314079757],[-80.9337701317569,35.7963323126464],[-80.9337719444239,35.7963329194398],[-80.9337739000693,35.7963332120413],[-80.9337759452751,35.7963331777763],[-80.9339395918703,35.7962672897202],[-80.933941883726,35.7962666493285],[-80.9339441893668,35.7962663539962],[-80.9339464428555,35.7962664228002],[-80.9339485796699,35.796266841439],[-80.9339505399924,35.7962676072562],[-80.9339522701896,35.7962686985653],[-80.933953718474,35.7962700783251],[-80.9339548486949,35.7962717155564],[-80.9339556241197,35.7962735549489],[-80.933956024888,35.7962755526437],[-80.9339560395144,35.7962776448161],[-80.933955667941,35.7962797827853],[-80.9339549206544,35.7962818960672],[-80.9339538173132,35.7962839275545],[-80.9339523909577,35.7962858244351],[-80.9339506800295,35.7962875284024],[-80.9339487343549,35.7962889944912],[-80.9339466114814,35.7962901767127]]},"properties":{"id":"arcgis-164-2-e117446e0d8cf7bc","sourceId":"arcgis-164-2","source":"Fiber_Layer_AGOL \u2014 Statesville_Fiber_Extras","sourceUrl":"https://services2.arcgis.com/WbGEgSzGTEPg4fr6/arcgis/rest/services/Fiber_Layer_AGOL/FeatureServer/2","name":"Fiber_Layer_AGOL \u2014 Statesville_Fiber_Extras","carrier":"Not published","routeStatus":"Unknown","category":"unknown","evidence":"agency_route","dataDate":null,"metadataModified":"2023-12-22T14:55:19+00:00","retrievedAt":"2026-09-18T02:37:01.936831+00:00","networkType":"Published fiber route; network class not specified","serviceability":"Unconfirmed","routeDiversity":"Unconfirmed","states":["NC"]},"bbox":[-80.9339560395144,35.7962663539962,-80.9337647152103,35.7963332120413]},{"type":"Feature","geometry":{"type":"LineString","coordinates":[[-80.9505203551769,35.9019061830432],[-80.950492174553,35.9023116016378]]},"properties":{"id":"arcgis-164-3-1d211a46319b854e","sourceId":"arcgis-164-3","source":"Fiber_Layer_AGOL \u2014 Conterra_Fiber","sourceUrl":"https://services2.arcgis.com/WbGEgSzGTEPg4fr6/arcgis/rest/services/Fiber_Layer_AGOL/FeatureServer/3","name":"Fiber_Layer_AGOL \u2014 Conterra_Fiber","carrier":"Not published","routeStatus":"Unknown","category":"unknown","evidence":"agency_route","dataDate":null,"metadataModified":"2023-12-22T14:55:19+00:00","retrievedAt":"2026-09-18T02:37:02.056547+00:00","networkType":"Published fiber route; network class not specified","serviceability":"Unconfirmed","routeDiversity":"Unconfirmed","states":["NC"]},"bbox":[-80.9505203551769,35.9019061830432,-80.950492174553,35.9023116016378]},{"type":"Feature","geometry":{"type":"LineString","coordinates":[[-80.9303538463906,35.84767141447],[-80.9303500188162,35.8477965927474],[-80.9303454063466,35.8483805697499],[-80.9303239667433,35.8491075697793],[-80.9303521765231,35.8498323119406],[-80.9303306411861,35.8501684780514],[-80.9303013938825,35.8506250005881],[-80.9302913292604,35.8508073498851],[-80.9303694692747,35.851280520201],[-80.9304203136255,35.8515883907388],[-80.9304705150732,35.8518923723236],[-80.9305006924818,35.8520751022211],[-80.930655599834,35.852482728419],[-80.9307797320902,35.8528093696908],[-80.9308719626355,35.8530520600609],[-80.9309883423794,35.8533582944099],[-80.9310536087245,35.8535300337643],[-80.9312269441916,35.8539861455176],[-80.9314301921615,35.8545271521315],[-80.9314810201349,35.8546624490163],[-80.9316841462051,35.855203129268],[-80.9318317938659,35.8556853648731],[-80.9319511620815,35.8560616364527],[-80.9320857966752,35.8564860263728],[-80.9321919005604,35.8567678937943],[-80.9323609952768,35.857206939647],[-80.9325261295942,35.8576557601705],[-80.9325699390649,35.8577721324022],[-80.9326439051258,35.8579245793332],[-80.932782784119,35.8582025621769],[-80.932958159857,35.8584717545039],[-80.9330568771441,35.8586356263023],[-80.933208886419,35.8588393609124],[-80.9333240360703,35.8589785132106],[-80.9336309434318,35.8593166597885],[-80.9342117501707,35.8599511682406],[-80.9347155242974,35.8604244300422],[-80.9355525780214,35.8612902434179],[-80.9364925663056,35.8622624945468],[-80.9371676219397,35.8629575136627],[-80.937541886002,35.8633559504814],[-80.9379122310204,35.8637571826435],[-80.9380846751352,35.8639278314985],[-80.9382535863984,35.8641537008095],[-80.938510207459,35.8645284182626],[-80.9386580859809,35.8647724179659],[-80.9388697282784,35.8652002913047],[-80.9389965370315,35.8654107649236],[-80.939115018464,35.8657625660602],[-80.9392590497146,35.8661393219341],[-80.9393047725813,35.8662850178361],[-80.9394261258683,35.8665483351299],[-80.9395392753954,35.86697152299],[-80.939644621414,35.8673759507466],[-80.9397749999669,35.8681215247509],[-80.9399462885462,35.8687155847231],[-80.9400315537779,35.868971885447],[-80.9401599938798,35.8694557954999],[-80.9402050168103,35.8695977859066],[-80.9402765572485,35.8698687277318],[-80.9403838710808,35.8702884226673],[-80.9404887215804,35.870587740715],[-80.9406874925257,35.8712121085414],[-80.9408324839196,35.8717166507677],[-80.9409359528326,35.8720779962161],[-80.9410495767474,35.8724748082025],[-80.9411098044483,35.8726851474785],[-80.9412273394266,35.8729730650672],[-80.9413845816797,35.8734444617655],[-80.9414757261982,35.8737646156164],[-80.9415111715759,35.8738891216988],[-80.9416166058824,35.8742594677223],[-80.9418253287827,35.8749926078707],[-80.9419063063753,35.8752770409653],[-80.9420093983903,35.875639143152],[-80.9420862927805,35.8759183323867],[-80.9421719256343,35.8762332533236],[-80.9422667947951,35.876582135939],[-80.9423550782051,35.8769068011711],[-80.9424208571759,35.8771487022639],[-80.9424773115392,35.8773563116623],[-80.942539388735,35.877584597837],[-80.9426073619488,35.8778345658328],[-80.9426413926942,35.8780068794359],[-80.9427104541127,35.8783565524716],[-80.9427787317824,35.8787022551548],[-80.9428142520321,35.8788820968575],[-80.9428351803994,35.8789880642935],[-80.9428578898582,35.8790660234162],[-80.942931622051,35.8792656604435],[-80.9430128313287,35.8794613214476],[-80.9430508363948,35.8795460436119],[-80.9430843800602,35.8796179452666],[-80.9431652955259,35.879781312615],[-80.9432656283311,35.8799666970686],[-80.9434528374158,35.8802996272452],[-80.9436585283714,35.8806247226329],[-80.9437589101466,35.8807707073473],[-80.9439443030735,35.8810233379802],[-80.9441341318364,35.8812503508288],[-80.9441621173802,35.8812804366586],[-80.9444099315683,35.8815468532065],[-80.9447686762165,35.8819325231121],[-80.9450787693653,35.8822835760053],[-80.9448581482461,35.8824075603818],[-80.9450231065707,35.8825947630644],[-80.9454558684619,35.8830930961423],[-80.9456689742263,35.883347055396],[-80.946273734776,35.8840677428581],[-80.9465163229021,35.8843568245834],[-80.9469156621705,35.8848702142642],[-80.9472047012269,35.8852354220699],[-80.9474471748423,35.8855463575787],[-80.9477048721009,35.8859117353963],[-80.9480157038256,35.8864234572599],[-80.9481295189806,35.8866372176331],[-80.9483325456943,35.8870615112522],[-80.9485521778647,35.8875504317035],[-80.9487642817218,35.8880503799035],[-80.9489518183174,35.8885272415295],[-80.9490296867801,35.8887273606638],[-80.9493104658771,35.8894489323449],[-80.9494973641556,35.8899292344691],[-80.9498741174592,35.8908974169078],[-80.9499211149118,35.8910181895153],[-80.9500298184129,35.8913885380097],[-80.9502411461016,35.8919725027276],[-80.9504038893445,35.892472050831],[-80.9505909721171,35.8931002443532],[-80.9506855352391,35.89358713317],[-80.9507870917535,35.8940867403374],[-80.9508284845456,35.8945942198889],[-80.9509153350544,35.8954383001557],[-80.9509382554309,35.8958005393444],[-80.9509397416382,35.8962007920577],[-80.9509361257991,35.8970666522899],[-80.950869335096,35.8977103138001],[-80.950851637588,35.8980328859637],[-80.9508340340968,35.8983022361167],[-80.9508269238061,35.8985204995553],[-80.9507994136816,35.8989400706195],[-80.9507467840398,35.8993112867215],[-80.9507167737266,35.8996872591078],[-80.9506913998908,35.9000392228718],[-80.9506454943101,35.9006753029532],[-80.9505458425509,35.9013090184431],[-80.9505328800338,35.9015141165027],[-80.9505194636469,35.901884269736],[-80.9504877865072,35.9023738002247],[-80.9504587991256,35.9026459584179],[-80.9504297722372,35.9029799923929],[-80.9504009986852,35.9033283557495],[-80.9503674741781,35.9037953970484],[-80.9503475083086,35.9043328379878],[-80.9503803235762,35.9049312883765],[-80.9504672996481,35.9052990202042],[-80.9505571610527,35.9056806488794],[-80.950622373587,35.906028216913],[-80.95068611665,35.9062885519682],[-80.9507173240593,35.9064120339452],[-80.9508132228195,35.9066430548898],[-80.950839955728,35.9067472644862],[-80.9508779537306,35.9068584483668],[-80.9509694971612,35.9072080520902],[-80.9513269887901,35.9084624338899],[-80.9515227230548,35.9091766900901],[-80.9516327881408,35.9095375173555],[-80.9517621163461,35.9099902186519],[-80.9519544217866,35.9106859368177],[-80.9520588588548,35.9111103028614],[-80.952188406145,35.911834301441],[-80.951886081638,35.9118723576029]]},"properties":{"id":"arcgis-164-3-ae6adf69713e5346","sourceId":"arcgis-164-3","source":"Fiber_Layer_AGOL \u2014 Conterra_Fiber","sourceUrl":"https://services2.arcgis.com/WbGEgSzGTEPg4fr6/arcgis/rest/services/Fiber_Layer_AGOL/FeatureServer/3","name":"Fiber_Layer_AGOL \u2014 Conterra_Fiber","carrier":"Not published","routeStatus":"Unknown","category":"unknown","evidence":"agency_route","dataDate":null,"metadataModified":"2023-12-22T14:55:19+00:00","retrievedAt":"2026-09-18T02:37:02.056547+00:00","networkType":"Published fiber route; network class not specified","serviceability":"Unconfirmed","routeDiversity":"Unconfirmed","states":["NC"]},"bbox":[-80.952188406145,35.84767141447,-80.9302913292604,35.9118723576029]},{"type":"Feature","geometry":{"type":"LineString","coordinates":[[-80.900167528863,35.7907045929262],[-80.9002107215237,35.7907449379507],[-80.9002469680934,35.7907771491529],[-80.9003123290339,35.7908301457334],[-80.9003614901813,35.7908663697333],[-80.900444075218,35.7909208955447],[-80.9004822270892,35.790943724078],[-80.9006802143461,35.7910580253275],[-80.900799452064,35.7911397830444],[-80.9009437601556,35.791234298776],[-80.9011075514837,35.7913433190261],[-80.9012719896565,35.7912104660481],[-80.9013341545123,35.7912624694768],[-80.9013992622524,35.7913267187748],[-80.901460888604,35.7913786517593],[-80.9015203694757,35.7914323444314],[-80.9016054474982,35.7915160927667],[-80.9016556896437,35.7915788217086],[-80.9017281452959,35.791683789155],[-80.9017834226247,35.7918217703433],[-80.9018202993031,35.7919128881824],[-80.9018409714861,35.7919675987392],[-80.9018785430387,35.7920940948404],[-80.9018953365241,35.7922011733894],[-80.9019114086868,35.7923525437431],[-80.9019223025293,35.7926313110833],[-80.9019316905565,35.7928380828048],[-80.9019425543912,35.7931237182061],[-80.9019241740484,35.7933688216674],[-80.9018679937945,35.7944154553326],[-80.9018507525986,35.7949672890729],[-80.9018265387531,35.7954017762667],[-80.9018186399009,35.7957350447605],[-80.90176315363,35.796116831196],[-80.9017561900505,35.7962988219981],[-80.9017589898622,35.7963448124459],[-80.9017569296783,35.7965968168885],[-80.9017421967707,35.7968937202559],[-80.9017236755869,35.7971826087044],[-80.9017095297083,35.7974121448092],[-80.9017001054406,35.7978284308295],[-80.9016888193154,35.7981130482501],[-80.9016818614424,35.7982484468891],[-80.9016800310851,35.7982765410635],[-80.9016816046308,35.7983160614457],[-80.9016826341914,35.7983470632926],[-80.9016992451736,35.7983690515239],[-80.9017206593414,35.7983925362528],[-80.9017405803737,35.7984096592149],[-80.9018516971881,35.7985040468864],[-80.902083875209,35.7987015243199],[-80.9023129732324,35.7988963819841],[-80.9024495401654,35.7990125355424],[-80.9026222108816,35.7991565959401],[-80.9032132524146,35.7996626554415],[-80.9033817351994,35.7998083171955],[-80.9035763817748,35.7999721012075],[-80.9038946184398,35.8002460430849],[-80.9042144187354,35.8005198506701],[-80.9043649970774,35.8006468326596],[-80.9045241039866,35.800784865749],[-80.9050918157435,35.8011011512252],[-80.9057832446768,35.801757656915],[-80.906123551358,35.8021496603233],[-80.9061359722121,35.8021845476492],[-80.9061473957572,35.8021771284948]]},"properties":{"id":"arcgis-164-3-4790b0197300537b","sourceId":"arcgis-164-3","source":"Fiber_Layer_AGOL \u2014 Conterra_Fiber","sourceUrl":"https://services2.arcgis.com/WbGEgSzGTEPg4fr6/arcgis/rest/services/Fiber_Layer_AGOL/FeatureServer/3","name":"Fiber_Layer_AGOL \u2014 Conterra_Fiber","carrier":"Not published","routeStatus":"Unknown","category":"unknown","evidence":"agency_route","dataDate":null,"metadataModified":"2023-12-22T14:55:19+00:00","retrievedAt":"2026-09-18T02:37:02.056547+00:00","networkType":"Published fiber route; network class not specified","serviceability":"Unconfirmed","routeDiversity":"Unconfirmed","states":["NC"]},"bbox":[-80.9061473957572,35.7907045929262,-80.900167528863,35.8021845476492]},{"type":"Feature","geometry":{"type":"LineString","coordinates":[[-80.9072644779671,35.8031869960391],[-80.907249802008,35.8031939583267],[-80.9072895212004,35.8032469178229],[-80.907447162239,35.8034014086166],[-80.9078008737536,35.8037957235407],[-80.9079214825849,35.8039537296818],[-80.9081161115433,35.8041978761655],[-80.9085595431713,35.8047814599937],[-80.9087270137908,35.8049634513536],[-80.908771208062,35.8050187227911],[-80.9090454217766,35.8053941513844],[-80.9092380528676,35.8056502709593],[-80.9093933637101,35.8058741204991],[-80.909530090881,35.8060721025014],[-80.9096572516765,35.8062702342749],[-80.9098790043268,35.8066412833583],[-80.910179979428,35.8069725103422],[-80.9103291537881,35.8075401015495],[-80.9103834971138,35.8077766440912],[-80.9104593036514,35.8080743687996],[-80.9106278291729,35.808799092765],[-80.9107602099611,35.8094055916895],[-80.9108665078073,35.8098633161606],[-80.9109673673942,35.8102979589314],[-80.9111135904904,35.8109477523721],[-80.9111820024689,35.8112332696486],[-80.9113210191234,35.811731804178],[-80.9114793037613,35.8122452493772],[-80.9116409553497,35.8127022417376],[-80.911811590526,35.8131326551228],[-80.9120586040716,35.8136883229409],[-80.912331349702,35.8142811791954],[-80.9124063486649,35.8144442014547],[-80.9126093808723,35.8148855162413],[-80.9128569184439,35.8154235601366],[-80.9129577156457,35.8156426499514],[-80.9131313628923,35.8160200814885],[-80.9133194892901,35.8164289785214],[-80.9134422308479,35.8166957592718],[-80.9135482128027,35.8169261092697],[-80.9138485520984,35.8175788815164],[-80.9140676119859,35.8180566912881],[-80.9143341377984,35.8186380266927],[-80.9145596203631,35.8191298320654],[-80.914686720654,35.8194070487086],[-80.9148603994683,35.8197858571894],[-80.9150758410874,35.8202557470384],[-80.9152758133661,35.8206918940426],[-80.9154591426127,35.8210917344394],[-80.9156433726511,35.8214935370146],[-80.9157303485393,35.8216838722018],[-80.9159117342009,35.8221592760342],[-80.9160811281204,35.8225104791341],[-80.9162639771235,35.8229232744908],[-80.9164662993675,35.8233949654061],[-80.9167724161926,35.8240468531803],[-80.9170376970678,35.8246344924562],[-80.917216399778,35.8249796357982],[-80.9174382040428,35.825498295977],[-80.9176708099728,35.8259636254737],[-80.9180313100038,35.8266262769074],[-80.9181177000884,35.8268268712314],[-80.9184618400555,35.827558448245],[-80.9187212689443,35.8281631325001],[-80.9189177534008,35.8286616995216],[-80.9192454709334,35.8293445409365],[-80.9195063086773,35.8298671841648],[-80.9200380819325,35.8307959281938],[-80.9204133234321,35.831408698963],[-80.9207562704884,35.8319944438484],[-80.9211758281348,35.8326167606859],[-80.9213573972548,35.8328642678891],[-80.9217803433864,35.8334683821498],[-80.9226164461456,35.8345818787038],[-80.9235889194891,35.8357546169199],[-80.924066850368,35.8363447576163],[-80.9244073158337,35.8367027682655],[-80.9251533167005,35.8375814115384],[-80.9258733064978,35.8384621086135],[-80.926678893299,35.839353695931],[-80.9270638031961,35.839815369866],[-80.9275887009335,35.8403756710281],[-80.927813773236,35.8407068806593],[-80.9279830420175,35.8409601161436],[-80.9282159370594,35.8412138081181],[-80.9286923058161,35.8417636869288],[-80.9289153031992,35.842042284247],[-80.9291619719191,35.842380089645],[-80.92927866856,35.842556082586],[-80.9294230217149,35.8428065069482],[-80.9295767859299,35.8430732585409],[-80.9297889441089,35.8433576067957],[-80.9300175631657,35.843769096641],[-80.9301671133351,35.8441464626259],[-80.9302518666673,35.844442683592],[-80.9303665288108,35.8449279945306],[-80.9303517788992,35.8454686039043],[-80.9303945969514,35.8463385849155],[-80.9303538463906,35.84767141447]]},"properties":{"id":"arcgis-164-3-497aaf92b732ccfb","sourceId":"arcgis-164-3","source":"Fiber_Layer_AGOL \u2014 Conterra_Fiber","sourceUrl":"https://services2.arcgis.com/WbGEgSzGTEPg4fr6/arcgis/rest/services/Fiber_Layer_AGOL/FeatureServer/3","name":"Fiber_Layer_AGOL \u2014 Conterra_Fiber","carrier":"Not published","routeStatus":"Unknown","category":"unknown","evidence":"agency_route","dataDate":null,"metadataModified":"2023-12-22T14:55:19+00:00","retrievedAt":"2026-09-18T02:37:02.056547+00:00","networkType":"Published fiber route; network class not specified","serviceability":"Unconfirmed","routeDiversity":"Unconfirmed","states":["NC"]},"bbox":[-80.9303945969514,35.8031869960391,-80.907249802008,35.84767141447]},{"type":"Feature","geometry":{"type":"LineString","coordinates":[[-80.9388881027876,35.8661658196281],[-80.938857098795,35.8660764524649],[-80.9387961304849,35.8659155382676],[-80.9386904576231,35.8656574584402],[-80.9386478508174,35.8655594864159],[-80.9385759683097,35.8654021895663],[-80.9384914282923,35.8652268372534],[-80.9383896375421,35.8650310397815],[-80.9383106149629,35.8648929605227],[-80.9381382780665,35.8646236418802],[-80.9380412446025,35.8644870782925],[-80.9379341237834,35.8643465746895],[-80.9376765204196,35.8640375987989],[-80.937581199312,35.863922865092],[-80.9372932645208,35.8635912319523],[-80.9368950880872,35.8631642558158],[-80.9364522590533,35.8627093560797],[-80.9361139290159,35.8623593775098],[-80.9353763333926,35.8615963746549],[-80.9348405933177,35.8610421678287],[-80.9342939309856,35.8604766520546],[-80.9339850177302,35.8601668827278],[-80.9335609462462,35.8597371523081],[-80.9333263181915,35.859478511981],[-80.9334509934127,35.8594124869689]]},"properties":{"id":"arcgis-164-3-d6af3e5d114fb31d","sourceId":"arcgis-164-3","source":"Fiber_Layer_AGOL \u2014 Conterra_Fiber","sourceUrl":"https://services2.arcgis.com/WbGEgSzGTEPg4fr6/arcgis/rest/services/Fiber_Layer_AGOL/FeatureServer/3","name":"Fiber_Layer_AGOL \u2014 Conterra_Fiber","carrier":"Not published","routeStatus":"Unknown","category":"unknown","evidence":"agency_route","dataDate":null,"metadataModified":"2023-12-22T14:55:19+00:00","retrievedAt":"2026-09-18T02:37:02.056547+00:00","networkType":"Published fiber route; network class not specified","serviceability":"Unconfirmed","routeDiversity":"Unconfirmed","states":["NC"]},"bbox":[-80.9388881027876,35.8594124869689,-80.9333263181915,35.8661658196281]},{"type":"Feature","geometry":{"type":"LineString","coordinates":[[-80.8650494950189,35.8233873699217],[-80.8652939408536,35.8233890333759],[-80.8653003152853,35.8227760305902],[-80.8653086114792,35.8220500284712],[-80.8653149884884,35.8214920204194],[-80.865318194015,35.8212115283518],[-80.8653196605713,35.821083215512],[-80.8653160072198,35.8209014526004],[-80.8653080223737,35.8204802739624],[-80.8653540544887,35.8201887493984],[-80.8656341959117,35.8202146592464],[-80.8659962352299,35.8202527365602],[-80.8694004633041,35.8206326186738],[-80.8698344376424,35.8206810392824],[-80.8706772649265,35.8207750742724],[-80.8708787467737,35.8207975544604],[-80.871974197711,35.8209197607746],[-80.8721307508764,35.8209340932873],[-80.8722271423931,35.8209429156028],[-80.8725368593744,35.8209712611522],[-80.8730554627243,35.8210178157172],[-80.8735470061178,35.8210791128402],[-80.8738604229542,35.821098275447],[-80.8740638148502,35.8211107112911],[-80.8742150004787,35.8211199556129],[-80.8743900033163,35.8211306546111],[-80.874655896137,35.8211439001244],[-80.8747920178957,35.8211418062161],[-80.8749264266965,35.8211397385084],[-80.8751889010069,35.8211357002487],[-80.875554116087,35.821107000972],[-80.8756732517684,35.8210819847061],[-80.8759003321361,35.8210983170741],[-80.8758925150635,35.8211508798406],[-80.8758546711243,35.8214053755343],[-80.8757900575443,35.8217484596274],[-80.8757663252297,35.8219537571627],[-80.8757255000239,35.822228285026],[-80.8756846754531,35.8225028149461],[-80.8756371510187,35.8227766833098],[-80.8755963266854,35.8230512110264],[-80.875571699439,35.823216820212],[-80.8755555003971,35.8233257408396],[-80.8755134043201,35.8236088022877],[-80.8754696541838,35.8239237795856],[-80.8754369661099,35.8241821241538],[-80.8754021857923,35.824456994771],[-80.8753290597476,35.8250349537344],[-80.8752413257912,35.8257283264504],[-80.8751937211097,35.8260510089091],[-80.8754278825426,35.8260658926712],[-80.8760060478878,35.826081141252],[-80.8761904118203,35.8260970144262],[-80.8762706507426,35.8261056728842],[-80.8763584582151,35.8261186653344],[-80.8765613673905,35.8261508560609],[-80.8766920173844,35.8261806201784],[-80.876805388561,35.826207272388],[-80.8770574285298,35.8262758648062],[-80.8773796829877,35.8263748829528],[-80.8775722829443,35.8264337097942],[-80.8777699868122,35.826487765863],[-80.8779200070414,35.8265272934294],[-80.878055631103,35.8265630197609],[-80.878280434768,35.8265978886692],[-80.8784294034535,35.8266142610318],[-80.8785145054727,35.8266193998123],[-80.8790007254954,35.8266125147718],[-80.8796006442182,35.8265521347685],[-80.8801587104162,35.8264959673072],[-80.8803716637754,35.8264656501737],[-80.8805293599204,35.826436573544],[-80.8807221523838,35.8263946417048],[-80.8808468692433,35.8263655895964],[-80.8809693086853,35.826331208191],[-80.8810724157505,35.8262973508316],[-80.8811732984597,35.8262596652114],[-80.8812398636265,35.8262321876227],[-80.8813043007535,35.8262034970796],[-80.8819238104748,35.8259088877376],[-80.882335526136,35.8256937400057],[-80.882811531907,35.8254448799894],[-80.8832602716584,35.8252099887347],[-80.8833905059174,35.825141860679],[-80.8832956782587,35.8250216327729],[-80.8839904957169,35.824661484746],[-80.8844667162892,35.8244130859803],[-80.884597187628,35.8243432949419],[-80.8846821940554,35.8242957731443],[-80.8847663129393,35.8242472710702],[-80.884849867801,35.8241975874625],[-80.885014127729,35.8240953653278],[-80.885432196611,35.8238213210808],[-80.8858527983727,35.823540900382],[-80.8868256252517,35.822902558128],[-80.8872149470602,35.8226744184627],[-80.8879802052601,35.822274826333],[-80.8891815030634,35.821639180549],[-80.8894448701428,35.8215003662261],[-80.8897077169883,35.8213875889854],[-80.889879296498,35.8213154129786],[-80.8899308832496,35.821298972318],[-80.8900719503487,35.8212596233157],[-80.8902508484589,35.8212205905935],[-80.8903842694301,35.8211955169862],[-80.8905703567001,35.8211729211001],[-80.8907584788094,35.8211643977739],[-80.8911891075627,35.8211584463062],[-80.8915536010291,35.8211561267031],[-80.8919939591037,35.821156184109],[-80.8923214638985,35.821154374527],[-80.8927713824854,35.8211507529894],[-80.8932640084965,35.8211495072642],[-80.8937669546736,35.8211483292048],[-80.8944405033131,35.8211411623214],[-80.8949834599007,35.8211413367407],[-80.8954460979309,35.8211360852225],[-80.895609834898,35.8211342265152],[-80.8957436277698,35.8211327067587],[-80.895870052874,35.8211313148348],[-80.896000719805,35.8211276494326],[-80.8961282062652,35.8211192929733],[-80.896255018658,35.8211066130499],[-80.8964568794134,35.8210787789356],[-80.8966370524257,35.821055350628],[-80.8970905654571,35.8209964177089],[-80.8971849898761,35.8209876736941],[-80.8972919535123,35.8209842352038],[-80.897410924582,35.8209883199519],[-80.897503269949,35.8209956145612],[-80.8975736552677,35.821003469087],[-80.8976434912183,35.8210136752451],[-80.8977403150385,35.8210321976991],[-80.8979355958057,35.8210857861914],[-80.8980887657994,35.8211445659338],[-80.898174140919,35.8211842826704],[-80.8982579919877,35.8212262184849],[-80.8984209462054,35.8213166544319],[-80.898538525129,35.8213900066321],[-80.8992392950468,35.8218207402275],[-80.8994496105319,35.8219157138623],[-80.899480005293,35.8219273742772],[-80.8995201497117,35.8219377185538],[-80.8998655903675,35.8220267270458],[-80.9004049966197,35.8221586088611],[-80.9011208705359,35.8223336484673],[-80.9012252840016,35.8223663631459],[-80.9012824052625,35.8223865945879],[-80.9013667612848,35.8224196902805],[-80.9014761788741,35.8224687271039],[-80.90156203007,35.8225129817325],[-80.9016417070732,35.8225664680601],[-80.9017090027581,35.8226207932795],[-80.9017938670582,35.8227057642009],[-80.9018652745423,35.8227987967229],[-80.9019253443224,35.8228987351271],[-80.9019780082921,35.8230026916943],[-80.9020050184309,35.823065282556],[-80.9020364067071,35.8231504456193],[-80.9021154384218,35.8234183662663],[-80.9021489736722,35.8235286890594],[-80.9021741914526,35.8235907837971],[-80.9022046138571,35.8236514016958],[-80.9022442782206,35.8237163174861],[-80.9023017412081,35.8237959433946],[-80.902348262442,35.8238488044019],[-80.9024006891379,35.8238999820581],[-80.9024609825002,35.8239486185106],[-80.9025195389651,35.8239886298836],[-80.9025804615543,35.8240228565827],[-80.9026436648511,35.8240523304596],[-80.9027096836558,35.8240775721396],[-80.9027986602867,35.8241036912815],[-80.9029347866004,35.8241309685256],[-80.9030518777517,35.8241475876583],[-80.9031348983818,35.8241563200758],[-80.9032653190442,35.8241665723491],[-80.9039321974402,35.8242059351677],[-80.9040918157875,35.8242234484505],[-80.9043698781934,35.8242422826151],[-80.9047143095398,35.8242667931643],[-80.9048843462966,35.8242704060477],[-80.9050122423875,35.8242675593944],[-80.9051400481114,35.8242599257836],[-80.905308573837,35.8242424511106],[-80.9054344974205,35.8242237873146],[-80.9055803829102,35.8241955379848],[-80.9055964403585,35.824181133241],[-80.9055956728711,35.8241597877514],[-80.9053748658166,35.8238791217516],[-80.9050800859755,35.8234589295034],[-80.9050248543799,35.8233855853582],[-80.9048910782682,35.8232079355923],[-80.9047923058012,35.8230602012827],[-80.9046927125951,35.8228862326917],[-80.9046276841639,35.8227529313965],[-80.9045652838751,35.8225770167958],[-80.9045453253962,35.8224611405851],[-80.9045374868746,35.822342749434],[-80.9045361285026,35.8222850930346],[-80.9045382330845,35.8221931375033],[-80.9045503763306,35.8220787749418],[-80.9045714307993,35.8219719454115],[-80.9046030180054,35.8218625835299],[-80.9047050539751,35.8215348610405],[-80.90482399455,35.8211528290592],[-80.9049323449418,35.8208159811789],[-80.9049935689185,35.8206241965622],[-80.9050570472515,35.8204748708102],[-80.9050906726768,35.8203933017086],[-80.9051204839406,35.8202975104965],[-80.9051435181038,35.8202258839002],[-80.9051912014338,35.8200443353742],[-80.9052324049173,35.8198697374069],[-80.9053128508348,35.8196687367788],[-80.9054026705924,35.8194704060519],[-80.9055430492238,35.8191970968231],[-80.9059377946592,35.818396044281],[-80.9059438122615,35.8177315719868],[-80.9059339131447,35.8173155685195],[-80.9059279093203,35.8166624045192],[-80.9059219144379,35.8164950122632],[-80.9059255858739,35.8162832364256],[-80.9059285819931,35.8161058991213],[-80.9059364379564,35.8159597434277],[-80.9059513793049,35.8158296748011],[-80.9059787748327,35.8156960771209],[-80.906121886091,35.8153982593963],[-80.9061806173309,35.8153149563711],[-80.9062207620868,35.8152180590352],[-80.9062676748716,35.8151157709378],[-80.9063343035946,35.8149934220663],[-80.9064148118001,35.81487328356],[-80.9065594084187,35.8146902903796],[-80.9066147756223,35.8146232418605],[-80.9066648197982,35.814556944857],[-80.9067060520001,35.8144930507534],[-80.9067505147285,35.8144205052381],[-80.9068021460891,35.8143218789798],[-80.9068428326358,35.8142306854713],[-80.9068871944715,35.8141231901055],[-80.9069332039534,35.8139996933158],[-80.9070024733574,35.8138647464381],[-80.9070519269298,35.813768611913],[-80.9071200708812,35.8136718232968],[-80.90731425636,35.8133844439442],[-80.9073749477749,35.8132915808867],[-80.9074311413049,35.8132012776405],[-80.9074881950051,35.8131022320219],[-80.9075449577459,35.8130015118353],[-80.9075980806992,35.8128932346543],[-80.9076473303685,35.8127885500068],[-80.9077242117397,35.8126154573764],[-80.9077943112997,35.8124347324081],[-80.9078144287966,35.8123634714717],[-80.9078336338381,35.8122712210563],[-80.9078349466482,35.8122097438088],[-80.9078304687936,35.8121419623239],[-80.9078233737469,35.8120646080146],[-80.9078081596502,35.8119406124683],[-80.9077702422068,35.8117151168747],[-80.9077381826548,35.8115612422877],[-80.9077199863322,35.8114823904012],[-80.9076951881009,35.8113828322472],[-80.9076815003985,35.8113003089017],[-80.9076599739279,35.8112023406222],[-80.9076512736004,35.8111245422238],[-80.9076607000796,35.8110069989389],[-80.9077322764262,35.8108092375691],[-80.9077966710849,35.8107078841698],[-80.9078714379475,35.8106142101938],[-80.9079497501686,35.810525974458],[-80.9081582014508,35.8103108072354],[-80.9083734482149,35.8100886613722],[-80.9084987003142,35.8099593919011],[-80.9086967960102,35.8097396088524],[-80.9088419132247,35.8096045094078],[-80.9089046167707,35.8095237276847],[-80.9090238912214,35.8093700619737],[-80.9090841544582,35.8092935804736],[-80.9091401482706,35.8092146925629],[-80.9092054531798,35.80911025076],[-80.9092629695368,35.8090028520273],[-80.9093084123595,35.8089027724318],[-80.9093470456311,35.808801000838],[-80.9094191181671,35.808593388033],[-80.9094781402341,35.8083968188642],[-80.9095347378756,35.8081783785297],[-80.90957990472,35.8079790410302],[-80.9096174382811,35.8077868286101],[-80.9098065627501,35.8078222248687],[-80.9098414511359,35.807710243046],[-80.9099048501054,35.807620948833],[-80.91032925848,35.8075405486984]]},"properties":{"id":"arcgis-164-3-f4a83b413168f4de","sourceId":"arcgis-164-3","source":"Fiber_Layer_AGOL \u2014 Conterra_Fiber","sourceUrl":"https://services2.arcgis.com/WbGEgSzGTEPg4fr6/arcgis/rest/services/Fiber_Layer_AGOL/FeatureServer/3","name":"Fiber_Layer_AGOL \u2014 Conterra_Fiber","carrier":"Not published","routeStatus":"Unknown","category":"unknown","evidence":"agency_route","dataDate":null,"metadataModified":"2023-12-22T14:55:19+00:00","retrievedAt":"2026-09-18T02:37:02.056547+00:00","networkType":"Published fiber route; network class not specified","serviceability":"Unconfirmed","routeDiversity":"Unconfirmed","states":["NC"]},"bbox":[-80.91032925848,35.8075405486984,-80.8650494950189,35.8266193998123]},{"type":"Feature","geometry":{"type":"LineString","coordinates":[[-80.8750536201727,35.9693870779336],[-80.8750601985618,35.96942865541],[-80.8752010575108,35.97014757995],[-80.8753042205471,35.970661434638],[-80.8754137051905,35.9712071630961],[-80.875426293563,35.9712733173967],[-80.875437557011,35.9713396875856],[-80.8754474790449,35.9714061972474],[-80.8754560584043,35.9714728295203],[-80.8754632938287,35.9715395675427],[-80.875468427919,35.9715954184659],[-80.8754733771175,35.9716674374558],[-80.8754733934152,35.9716677291109],[-80.8754764728502,35.9717289960127],[-80.8754784099859,35.971790109535],[-80.8754784167032,35.9717903985236],[-80.8754792297143,35.9718517311821],[-80.8754790317035,35.9718814438598],[-80.8754790269459,35.9718816858977],[-80.8754790186892,35.9718822241152],[-80.8754781928376,35.9719114315568],[-80.8754781805905,35.9719117236503],[-80.8754767083737,35.971941415805],[-80.8754766955206,35.971941644603],[-80.875474587953,35.971971290245],[-80.8754745643628,35.9719715782924],[-80.8754718247238,35.9720011696339],[-80.8754717959273,35.9720014570578],[-80.875468422846,35.9720310095944],[-80.8754683856446,35.9720313076981],[-80.8754643730173,35.9720608566927],[-80.8754643317186,35.9720611274275],[-80.875459682791,35.9720906264067],[-80.8754596524405,35.9720908097533],[-80.8754543405652,35.9721204152781],[-80.8754483833473,35.9721499913245],[-80.8754418347668,35.9721792915813],[-80.8754417869541,35.9721795054418],[-80.8754346271355,35.9722086427561],[-80.8754345765153,35.9722088475156],[-80.8754267571549,35.9722380146537],[-80.875426697999,35.9722382244681],[-80.8754183125214,35.9722670851831],[-80.8754182160597,35.972267402485],[-80.8754092230309,35.9722961100478],[-80.8754091277762,35.9722964048229],[-80.8753994649543,35.9723251479937],[-80.8753993788211,35.9723253884679],[-80.875389273484,35.972353521564],[-80.875389058411,35.9723540967202],[-80.8753780944962,35.9723827431091],[-80.8753557058059,35.9724352866624],[-80.875355582642,35.9724355720186],[-80.8753322688945,35.972487668352],[-80.8753321248408,35.9724879856814],[-80.8753077723845,35.9725398827249],[-80.8753076750209,35.9725400867954],[-80.8752823540453,35.9725916399794],[-80.8752822267182,35.9725918951539],[-80.8752558981845,35.9726431747129],[-80.8752558137129,35.9726433377889],[-80.8752285340374,35.9726942394579],[-80.8752284179048,35.9726944550708],[-80.8752000558246,35.9727452136857],[-80.8751707865819,35.972795513548],[-80.8751706774497,35.9727956952907],[-80.8751405069513,35.9728455299784],[-80.8751403952075,35.9728457110579],[-80.8751093571046,35.9728950392572],[-80.8751091626011,35.9728953454034],[-80.8750771700693,35.9729443034971],[-80.8750769744228,35.9729445977032],[-80.8750439596176,35.9729932823927],[-80.8750438625612,35.9729934252636],[-80.8750099468548,35.9730416602449],[-80.875009809389,35.9730418515665],[-80.8749749038021,35.9730897549669],[-80.8749549575847,35.9731166112467],[-80.8749547586397,35.9731168752577],[-80.8749342579815,35.9731435184803],[-80.8749340789796,35.9731437470157],[-80.8749129169158,35.9731703033227],[-80.8748913321483,35.973196469406],[-80.8748911670997,35.9731966653714],[-80.8748690933677,35.9732225315783],[-80.8748689188529,35.9732227297991],[-80.8748462540549,35.9732484081286],[-80.8748231626196,35.9732737131754],[-80.8748229785569,35.973273910136],[-80.87479953582,35.9732987697012],[-80.874799269681,35.9732990467011],[-80.8747750996333,35.9733238506062],[-80.8747506248138,35.9733481632981],[-80.8747503675851,35.9733484141358],[-80.8747254165298,35.9733724162034],[-80.8747252319928,35.9733725927729],[-80.8746996572122,35.9733964166067],[-80.874073240556,35.9739706799575],[-80.8730967986538,35.9748657974758],[-80.8728339644043,35.9751067381447],[-80.8717494783503,35.9761211098302],[-80.8716770080456,35.9761893375998],[-80.8716050861479,35.9762579339317],[-80.8716050125039,35.9762580046955],[-80.8715335856899,35.9763270210515],[-80.8714626854122,35.9763964330353],[-80.8714626778062,35.9763964408891],[-80.8713923657128,35.9764661828456],[-80.8713225817886,35.9765363161865],[-80.8713222596756,35.9765366432728],[-80.8712527276714,35.9766074578061],[-80.8711837639717,35.9766786406018],[-80.8711836118835,35.9766787990837],[-80.8711152248944,35.9767503394632],[-80.8710474264828,35.976822226695],[-80.8710472956453,35.9768223686732],[-80.8709799515464,35.9768947461955],[-80.8709135337142,35.9769671059686],[-80.8708513551229,35.9770452859725],[-80.8708513122444,35.9770453400867],[-80.8707903415396,35.9771247127779],[-80.8707310050927,35.9772047447917],[-80.8707309816212,35.9772047775069],[-80.8706731022075,35.9772857001604],[-80.8706164947816,35.9773678180419],[-80.8706164797323,35.9773678407808],[-80.8705615075179,35.9774506587728],[-80.8705614816304,35.9774506992623],[-80.8705080552166,35.9775343544898],[-80.8704564543426,35.9776184086819],[-80.8704134420709,35.9777000720297],[-80.8703709106684,35.9777822871837],[-80.8703708295928,35.9777824480937],[-80.8703288803427,35.9778650299197],[-80.8702876152805,35.9779477883489],[-80.8702470730123,35.9780306341642],[-80.8702071774587,35.978113719759],[-80.8702070726485,35.9781139394132],[-80.8701677876714,35.978197348341],[-80.8701291750881,35.9782809474195],[-80.8701290787489,35.9782811592066],[-80.8700857525162,35.9783786139648],[-80.8700433607029,35.9784763266026],[-80.8700019034096,35.9785743013399],[-80.8699613805743,35.9786725353652],[-80.8699217912534,35.9787710251766],[-80.8698831421912,35.9788697629349],[-80.8698454366719,35.9789687408534],[-80.869711334694,35.9793303772164],[-80.8696099398046,35.9796110969037],[-80.8696095540374,35.9796125243478],[-80.8696086196328,35.9796159690547],[-80.8696003183415,35.9796480248333],[-80.8695926908563,35.9796801413369],[-80.8695857250654,35.9797123560303],[-80.869579423402,35.9797446618427],[-80.8695737856059,35.979777047524],[-80.8695688167056,35.9798095059635],[-80.8695645164737,35.9798420273174],[-80.8695608838505,35.9798746031614],[-80.8695579246479,35.9799072228558],[-80.8695556250667,35.9799400751187],[-80.8695540001343,35.9799729121291],[-80.8695530539162,35.9800057225707],[-80.8695530541103,35.9800057682877],[-80.8695527817559,35.9800386415644],[-80.8695527816567,35.9800386746249],[-80.8695531826189,35.980071437713],[-80.8695531854541,35.9800715600583],[-80.8695542667433,35.9801044407464],[-80.8695560231594,35.9801372892937],[-80.8695560235179,35.9801373047627],[-80.8695584575088,35.9801701520804],[-80.8695615758316,35.9802030283105],[-80.8695642690089,35.9802269316569],[-80.8695642860766,35.9802270706655],[-80.8695673414318,35.9802509930853],[-80.8695673686493,35.9802511966498],[-80.869570807429,35.9802752707573],[-80.8695746026131,35.9802992641461],[-80.8695787542492,35.9803232162051],[-80.8695787581169,35.9803232337305],[-80.8695832762413,35.9803472040935],[-80.8695884452694,35.980372486852],[-80.8695884656522,35.9803725822],[-80.8695940552287,35.9803979007227],[-80.8696000744935,35.9804232759711],[-80.8696064515753,35.980448407294],[-80.8696064810164,35.980448520088],[-80.8696132884081,35.9804736975764],[-80.8696133054625,35.9804737613232],[-80.869622045046,35.9805041937486],[-80.8696505433023,35.9805907490798],[-80.8696735108033,35.9806512372887],[-80.8696988829012,35.9807112237413],[-80.8697265394783,35.9807704169643],[-80.8697565734391,35.9808290167015],[-80.8697887906788,35.9808866383592],[-80.8698243233942,35.9809450849559],[-80.8698600280227,35.9809994464736],[-80.8698989353363,35.981054433486],[-80.8699426345281,35.9811117020389],[-80.8700071058705,35.9811889746475],[-80.8701034969308,35.9812968247499],[-80.8702017480949,35.9814031480836],[-80.8703020975684,35.9815082153156],[-80.8704044689674,35.9816119417982],[-80.8705089429426,35.9817144092903],[-80.8706164861348,35.9818165124546],[-80.8707260381442,35.9819171941642],[-80.8708375715512,35.9820164288087],[-80.870951057205,35.9821141908044],[-80.8710676617553,35.9822114533383],[-80.8713464061907,35.9824733087181],[-80.871468623617,35.9826007732371],[-80.8715890813618,35.9827286191059],[-80.871708524515,35.9828576283264],[-80.8718264225727,35.9829872414022],[-80.8719428906709,35.9831175719277],[-80.8720579670989,35.9832486664466],[-80.8721719664927,35.983380881678],[-80.8722843830047,35.983513639462],[-80.8726983709037,35.9840069779498],[-80.8728483277647,35.9841856777726],[-80.8736556334228,35.9851476971976],[-80.874607839445,35.9862829023114],[-80.8747125673689,35.9864015759647],[-80.8747837897183,35.9864847788257],[-80.8748391029365,35.9865507988685],[-80.8748937611849,35.9866171208445],[-80.8748940969894,35.9866175306849],[-80.8749482924194,35.9866843788373],[-80.8750014700882,35.9867510751854],[-80.8750175061554,35.9867680499004],[-80.8750176312638,35.9867681823257],[-80.8750337726296,35.9867858890497],[-80.8750339458945,35.9867860826333],[-80.8750497169546,35.9868040173092],[-80.8750498583713,35.9868041811362],[-80.8750652075573,35.9868222847684],[-80.8750653571036,35.9868224632416],[-80.8750801728714,35.9868405912393],[-80.875080484763,35.9868409775313],[-80.8750950889783,35.986859535728],[-80.8750951924907,35.9868596698916],[-80.875095452145,35.9868600056387],[-80.875109395253,35.9868784192397],[-80.8751095228929,35.9868785860918],[-80.8751233545816,35.9868975676245],[-80.8751235013051,35.986897773573],[-80.8751368500165,35.9869168272307],[-80.8751370309725,35.9869170910343],[-80.8751500319376,35.9869364123913],[-80.8751501539465,35.9869365976177],[-80.8751628261833,35.9869562229578],[-80.8751750746672,35.9869760109537],[-80.875175166509,35.9869761642877],[-80.8751868983366,35.9869959531812],[-80.8751869965614,35.9869961204848],[-80.8751983332849,35.9870161130939],[-80.8751984751948,35.9870163725733],[-80.8752093815855,35.9870365054312],[-80.8752094865693,35.9870367028765],[-80.8752198529576,35.9870567631357],[-80.8752200689009,35.9870571916968],[-80.8752301575757,35.9870777028669],[-80.8752303666306,35.9870781329405],[-80.875239825875,35.9870983731246],[-80.8752399417651,35.9870986301898],[-80.8752490932089,35.987119255629],[-80.8752492047733,35.9871195127606],[-80.875257937033,35.987140311337],[-80.8752580240613,35.9871405182019],[-80.8752664060117,35.9871616604831],[-80.87527434527,35.987182932653],[-80.8752818009246,35.9872042129512],[-80.8752818510267,35.987204357782],[-80.8752888088414,35.9872255922667],[-80.8752888882153,35.9872258421554],[-80.8752954188781,35.9872472421628],[-80.875295479152,35.987247452252],[-80.8753015327063,35.9872688420003],[-80.8753016028904,35.9872691060977],[-80.8753071582593,35.9872903979878],[-80.8753072709402,35.9872908520493],[-80.8753124812763,35.9873126774769],[-80.8753124961007,35.9873127567314],[-80.8753125520011,35.9873130020569],[-80.8753171674187,35.9873342914979],[-80.875317221263,35.9873345600664],[-80.875321465592,35.9873563046664],[-80.8753215072575,35.9873565333292],[-80.8753252752913,35.9873782282684],[-80.8753253216434,35.9873785096129],[-80.8753286735633,35.987400547158],[-80.8753286929448,35.9874007107484],[-80.8753314926609,35.987422113881],[-80.8753406203104,35.9874669170318],[-80.87534065698,35.9874671169326],[-80.8753488838723,35.987512374934],[-80.875348919595,35.9875125713325],[-80.8753562056485,35.9875581237255],[-80.875356230499,35.9875582991894],[-80.8753625170816,35.987603783226],[-80.8753625469293,35.9876040247311],[-80.8753678795605,35.9876497604545],[-80.8753722140219,35.9876953722345],[-80.8753722422233,35.9876956918404],[-80.8753756053904,35.9877414423293],[-80.8753756209705,35.9877416657656],[-80.8753780047762,35.9877875058505],[-80.87537801301,35.9877877111116],[-80.8753794098877,35.9878334270808],[-80.8753794159849,35.9878336893486],[-80.8753798756176,35.9878551354435],[-80.8753786175666,35.9886375328264],[-80.8753784192645,35.9887652200693],[-80.8753783237952,35.9888273048256],[-80.8753690338517,35.9893182025222],[-80.8753582635932,35.9898874197633],[-80.8753491519092,35.9903689074914],[-80.8753435765245,35.9906635051849],[-80.8753304171863,35.9913588201673],[-80.8753293607377,35.9914357869803],[-80.8753290987631,35.9915128998534],[-80.8753296337683,35.9915898197181],[-80.8753309660554,35.9916667456268],[-80.8753331011182,35.991743876552],[-80.8753360274368,35.9918207913453],[-80.8753397627731,35.9918979560756],[-80.8753442867251,35.9919749026043],[-80.8753496068917,35.9920518087702],[-80.8753557287127,35.9921287223195],[-80.8753626314031,35.9922054564719],[-80.8753703499264,35.9922823236951],[-80.8753788449799,35.9923589736053],[-80.8753881329117,35.9924355508479],[-80.8753982523098,35.9925123748685],[-80.8754071839552,35.9925763438492],[-80.8754275567319,35.9927072347501],[-80.8754478688346,35.9928253503668],[-80.8754675244566,35.9929350699536],[-80.8756349712074,35.9929136501933],[-80.8756651598679,35.9930395292435],[-80.8756934686242,35.9931513730552],[-80.8757181442705,35.993280501255],[-80.8758801548248,35.9939405969018],[-80.8757256764566,35.9939627751042],[-80.8758881233394,35.9945561560042],[-80.8759446198073,35.994767529078],[-80.8759456007053,35.9947736052854],[-80.8759463242032,35.9947797044374],[-80.875946789305,35.9947858209223],[-80.8759469949655,35.9947919470188],[-80.8759469427351,35.994798074966],[-80.8759466315852,35.9948041977459],[-80.8759460613519,35.9948103083271],[-80.8759452353165,35.9948163989222],[-80.8759441516013,35.9948224632296],[-80.875942811773,35.9948284941913],[-80.8759412182311,35.9948344833299],[-80.8759393734405,35.9948404249805],[-80.8759372781029,35.9948463120985],[-80.8759349354829,35.9948521361934],[-80.8759323489269,35.9948578922897],[-80.8759295191203,35.9948635726401],[-80.8759264519726,35.9948691708231],[-80.8759231507976,35.9948746804576],[-80.8759196180436,35.9948800951754],[-80.8759158587223,35.9948854071623],[-80.8759118778943,35.9948906107136],[-80.8759076806529,35.9948957015308],[-80.8759032685487,35.9949006718529],[-80.875898650952,35.9949055152054],[-80.8759248319258,35.9950952754509],[-80.8741566973544,35.9953105794552],[-80.8741562227103,35.995310640195],[-80.8741275710697,35.9953144384565],[-80.8740989167555,35.9953186433059],[-80.8740703537853,35.9953232406397],[-80.8740418917089,35.9953282317183],[-80.8740135545569,35.9953336077324],[-80.8739853346397,35.9953393730203],[-80.8739572353035,35.9953455226071],[-80.8739295794638,35.9953519847177],[-80.8739287845325,35.9953521558773],[-80.8738586249134,35.9953711079378],[-80.8738583084788,35.9953711979013],[-80.8737888254448,35.995391033537],[-80.8737199630145,35.9954117648619],[-80.8737196037582,35.9954118744732],[-80.8736509226462,35.9954336313182],[-80.8735829881657,35.9954562319809],[-80.8735825605221,35.9954563785132],[-80.8735148179181,35.9954800122722],[-80.8734478338432,35.9955044805243],[-80.8734474356993,35.9955046301205],[-80.8733807878461,35.9955300856468],[-80.8709994940772,35.9964597229567],[-80.870982323889,35.9964662931647],[-80.8709821642882,35.9964663532865],[-80.8709816065341,35.9964665629963],[-80.8709648961812,35.9964726949869],[-80.8709648172134,35.9964727236283],[-80.8709473834519,35.996478864587],[-80.8709472855625,35.9964788984419],[-80.8709296130237,35.9964848580668],[-80.8709123959446,35.9964904147104],[-80.8709118966862,35.9964905714739],[-80.8708939732926,35.9964960904003],[-80.8708761238584,35.996501327543],[-80.8708579650384,35.9965063992041],[-80.8708399086992,35.9965111872377],[-80.8708398484572,35.996511202228],[-80.870821668438,35.9965157705888],[-80.8708216081959,35.9965157855791],[-80.8708032450386,35.9965201457285],[-80.8707849716446,35.9965242336993],[-80.8707485106398,35.9965312196082],[-80.8707117402177,35.996537852225],[-80.8706748672093,35.9965440925095],[-80.870637896709,35.9965499361634],[-80.8706008340067,35.9965553873257],[-80.8705357469582,35.9965642415298],[-80.8705235485987,35.9965654397933],[-80.8705234130952,35.9965654566393],[-80.8704829212296,35.9965700219717],[-80.8704424986108,35.9965741023055],[-80.8704424442135,35.9965741080621],[-80.8704018473929,35.9965777310401],[-80.8703611488901,35.9965808885179],[-80.870320662388,35.9965835581077],[-80.8703205940976,35.9965835619669],[-80.8702798252871,35.9965857779663],[-80.8702798010761,35.9965857790403],[-80.8702388690542,35.9965875262612],[-80.8686382146134,35.996646515091],[-80.8681429322541,35.9966647641796],[-80.8680473165484,35.9966682860136],[-80.8679994656059,35.9966747644185],[-80.8679594960774,35.9966812608413],[-80.8679467300443,35.9966831026788],[-80.8679340045527,35.9966851253666],[-80.8679214376551,35.9966873059981],[-80.8679089198212,35.9966896617226],[-80.8678964510998,35.9966921946497],[-80.8678840409273,35.9966949011179],[-80.8678716875405,35.9966977797477],[-80.8678593987594,35.9967008318261],[-80.8678471754327,35.9967040566369],[-80.8678350235034,35.9967074491654],[-80.8678228055387,35.996711055123],[-80.8678218227773,35.9967113768241],[-80.8678211870582,35.9967115841947],[-80.8677951735797,35.9967202705954],[-80.8677949923443,35.9967203310438],[-80.8677692542068,35.9967293206049],[-80.8677688919314,35.9967294499392],[-80.8677432445685,35.9967388087871],[-80.8677429802655,35.9967389077846],[-80.8676519311566,35.9967693797667],[-80.8676395203877,35.9967747154479],[-80.8676391819136,35.9967748634091],[-80.8676145713434,35.9967858614263],[-80.8676143426299,35.9967859648031],[-80.8675898171015,35.996797346263],[-80.8675896381824,35.9967974319973],[-80.8675653296762,35.9968091400184],[-80.8675411270264,35.9968212332743],[-80.8675409011364,35.9968213464551],[-80.8675170704444,35.9968336914555],[-80.8675167591675,35.9968338551782],[-80.8674931207951,35.996846543999],[-80.8674928361785,35.9968467002803],[-80.867469356036,35.9968597559509],[-80.867469189442,35.9968598506405],[-80.8674459043448,35.9968732557169],[-80.8674230423556,35.9968868786979],[-80.8674227794029,35.9968870360545],[-80.8674002012416,35.9969009550344],[-80.8673999674311,35.996901099988],[-80.8673776679386,35.9969153164525],[-80.8673774198092,35.9969154785061],[-80.8673552822022,35.9969300702056],[-80.8673550998516,35.9969301946778],[-80.8673333458431,35.9969450175473],[-80.8672974626616,35.9969698790914],[-80.866709420261,35.9973772938246],[-80.8663045984614,35.997657761439],[-80.8662817655243,35.9976782691204],[-80.8662596929853,35.9976987954245],[-80.8662380791036,35.9977196171692],[-80.8662170008296,35.9977406558076],[-80.8661964520742,35.9977619100262],[-80.8661763566384,35.9977834534373],[-80.86615651283,35.9978055099833],[-80.8661373950578,35.9978275589505],[-80.8661185325857,35.9978501301407],[-80.8661003300092,35.9978727531435],[-80.8660824808113,35.9978957976951],[-80.8660651903282,35.997919010256],[-80.8660483996175,35.9979424620648],[-80.8660321136436,35.9979661431985],[-80.8660164755215,35.9979898418644],[-80.8660008193104,35.9980145923545],[-80.8659863274611,35.9980385267208],[-80.865972105077,35.998063071721],[-80.8659584092128,35.9980878147657],[-80.8659454592939,35.9981123255527],[-80.8659326136028,35.998137862381],[-80.8659205287661,35.9981631378857],[-80.8659089712672,35.998188609313],[-80.8658970047584,35.998216605783],[-80.8658873419535,35.9982404283854],[-80.8658776135499,35.9982659056303],[-80.8658682882182,35.9982918944031],[-80.8655773873621,35.999081265044],[-80.8654245817372,35.9995213380116],[-80.8653202828076,35.999870119981],[-80.8647722559532,36.0014483421168],[-80.8647441673321,36.0015271474887],[-80.8647148538554,36.001605356094],[-80.8646841056506,36.0016835127356],[-80.8646519861772,36.0017614420063],[-80.8646186205751,36.0018388282885],[-80.8645840869304,36.0019155297143],[-80.864510620319,36.0020688196113],[-80.8645157248114,36.0020587424958],[-80.8644489154882,36.0021887038263],[-80.8644167821524,36.0022483770849],[-80.8643838545261,36.0023128236118],[-80.8643307548774,36.0024104777293],[-80.864276615712,36.0025123362898],[-80.8642212108299,36.0026137442807],[-80.8641708297401,36.0027037582473],[-80.8640775580559,36.0028646314012],[-80.8640330192651,36.0029391958117],[-80.8639877884523,36.0030134851914],[-80.8639418706619,36.003087493132],[-80.863895264129,36.0031612182531],[-80.8638479739308,36.0032346555527],[-80.863800001699,36.0033078007848],[-80.8637513507309,36.0033806468647],[-80.8637020236378,36.0034531944551],[-80.8636520228518,36.0035254364842],[-80.8636013526334,36.0035973700727],[-80.8635500154798,36.0036689909615],[-80.8634781554063,36.0037678803799],[-80.8634628309652,36.0037909991926],[-80.8633771210351,36.0039016830128],[-80.8632997090635,36.00400150527],[-80.8632055304001,36.0041200728484],[-80.8630934958072,36.0042555447016],[-80.8629814625849,36.0043910171214],[-80.8627242818784,36.0047019843149],[-80.8624468347172,36.0050374538931],[-80.8621882426797,36.0053501224],[-80.8618111427614,36.0058060776197],[-80.8614540805441,36.0062378008974],[-80.8611822216593,36.0065665007273],[-80.860910359661,36.0068951985163],[-80.8608892657805,36.0069230773626],[-80.8608689908864,36.0069507341237],[-80.8608488705808,36.006979088384],[-80.8608295118775,36.0070072847374],[-80.8608104923534,36.007035924674],[-80.8607794371369,36.0070843312958],[-80.86049586583,36.0075968582137],[-80.8600559561619,36.0083998345813],[-80.8598648238494,36.0087487041191],[-80.8596554188544,36.0091309304184],[-80.8594461851468,36.0094926615676],[-80.8593966046579,36.009570880178],[-80.8593332637363,36.0096806427964],[-80.8592716461333,36.0097915636286],[-80.8592154921758,36.0098965653809],[-80.8591606659536,36.0100030640721],[-80.8591076489822,36.0101101661255],[-80.8590564538271,36.0102178530646],[-80.8590070959324,36.0103260810476],[-80.8588076737033,36.0104353846641],[-80.8588376641905,36.0104974863938],[-80.8588648992928,36.0105604206323],[-80.8588893450879,36.0106241056025],[-80.8588973924594,36.0106485787202],[-80.858904564384,36.0106732304507],[-80.8589108552146,36.0106980411857],[-80.8589162601209,36.0107229891942],[-80.858920774305,36.0107480541514],[-80.8589246953898,36.0107759697619],[-80.85892749745,36.01080397555],[-80.8589291771426,36.0108320392115],[-80.8589297338183,36.0108601326214],[-80.8589296954501,36.0109945745996],[-80.8589294331449,36.0119376305612],[-80.8589292723588,36.0125159055627],[-80.8589297597515,36.0125732167155],[-80.8589312569032,36.0126304660801],[-80.8589337603803,36.0126876923941],[-80.8589372706127,36.0127448766602],[-80.8589425404369,36.0128104535251],[-80.8589491390794,36.0128759883645],[-80.8589570736874,36.0129415281954],[-80.8589663118987,36.0130067956779],[-80.8589768876182,36.0130720596874],[-80.8589887847231,36.0131371840149],[-80.8590020697559,36.0132024637672],[-80.8590284560229,36.0133155085609],[-80.8590537041486,36.013410425053],[-80.8591224376646,36.0136249340493],[-80.8592827027391,36.0140909723133],[-80.859467863669,36.0146293973954],[-80.8595891739233,36.0149953704947],[-80.859752679997,36.0149612672246],[-80.859852574082,36.0152261608442],[-80.8599721044035,36.0154979579607],[-80.8601085934569,36.0157653278633],[-80.860232672755,36.0159866574099],[-80.8603170243711,36.0161227768184],[-80.8604891795289,36.0163791454539],[-80.8606459241205,36.0165916555375],[-80.8608421732776,36.0168493272371],[-80.8610634343902,36.0171327640721],[-80.8612940308666,36.0173797671026],[-80.8614857281108,36.0175908517304],[-80.8630944310168,36.0193468420213],[-80.864157513344,36.0205145131728],[-80.8643944747494,36.0208070887318],[-80.864555009043,36.0210250278088],[-80.8647387971857,36.0213000336061],[-80.8649113297834,36.0215577778532],[-80.8650468750553,36.0217575821228],[-80.8652512946221,36.0220616077001],[-80.8652888523848,36.0221172723895],[-80.8653648727371,36.0222299433148]]},"properties":{"id":"arcgis-164-3-796ba9a23d7fe56d","sourceId":"arcgis-164-3","source":"Fiber_Layer_AGOL \u2014 Conterra_Fiber","sourceUrl":"https://services2.arcgis.com/WbGEgSzGTEPg4fr6/arcgis/rest/services/Fiber_Layer_AGOL/FeatureServer/3","name":"Fiber_Layer_AGOL \u2014 Conterra_Fiber","carrier":"Not published","routeStatus":"Unknown","category":"unknown","evidence":"agency_route","dataDate":null,"metadataModified":"2023-12-22T14:55:19+00:00","retrievedAt":"2026-09-18T02:37:02.056547+00:00","networkType":"Published fiber route; network class not specified","serviceability":"Unconfirmed","routeDiversity":"Unconfirmed","states":["NC"]},"bbox":[-80.8759469949655,35.9693870779336,-80.8588076737033,36.0222299433148]},{"type":"Feature","geometry":{"type":"LineString","coordinates":[[-80.8646625976768,35.9333724025563],[-80.8648317671988,35.9337951546199],[-80.8648403225137,35.9338104577964],[-80.8648446022888,35.9338180699618],[-80.8648573754485,35.9338406254069],[-80.8648880073498,35.9338937096468],[-80.8648880839101,35.9338938414187],[-80.8649194501762,35.9339468145471],[-80.8649497073877,35.9339966674714],[-80.8649806012827,35.9340463742003],[-80.8649840182409,35.9340519414108],[-80.8650246815953,35.9341093023095],[-80.8650543784092,35.9341510662854],[-80.8650656904227,35.9341669765531],[-80.8650693053,35.9341720504702],[-80.8652019016835,35.9343573628871],[-80.8653354145202,35.9345422222313],[-80.8653375984564,35.9345452190791],[-80.8654283057534,35.9346691327059],[-80.865530766505,35.9348091009699],[-80.8655881125485,35.9348874400657],[-80.8655997705686,35.9349032683238],[-80.8656048685169,35.9349101251701],[-80.8657522021628,35.9351084699989],[-80.8659056893715,35.9353130201759],[-80.8659701372925,35.9353945121572],[-80.8660353336404,35.9354757485833],[-80.8661011981964,35.935556626577],[-80.866167726606,35.9356371447971],[-80.866234921318,35.9357172968745],[-80.8663027736547,35.9357970815342],[-80.8663712835196,35.9358764945561],[-80.8664404456284,35.9359555317996],[-80.8665102590201,35.9360341890581],[-80.8665807193398,35.9361124649902],[-80.8666518238809,35.9361903547125],[-80.8667235673102,35.936267851975],[-80.8668130708774,35.9363630260761],[-80.8668463609527,35.9363980355158],[-80.8669709382256,35.9365270493362],[-80.8670503195004,35.936605367199],[-80.8671290854519,35.9366843731992],[-80.8672070642941,35.9367638948207],[-80.867284250692,35.9368439258161],[-80.8673606368143,35.9369244641963],[-80.8674362207519,35.9370055022548],[-80.8675109945758,35.9370870337838],[-80.8675849556096,35.9371690553085],[-80.867658097621,35.9372515591885],[-80.8677304171175,35.9373345440718],[-80.8678019095797,35.9374180015883],[-80.8678725705367,35.9375019254772],[-80.8679423938207,35.9375863109105],[-80.8680113732803,35.9376711537633],[-80.868079507903,35.9377564477221],[-80.8681469607967,35.9378424013099],[-80.8682239464402,35.9379509693887],[-80.868298652305,35.9380603594129],[-80.8683711803051,35.9381707147258],[-80.868441512458,35.9382820060636],[-80.8685096415143,35.9383942194731],[-80.8685755388059,35.9385073124895],[-80.8686391871975,35.9386212551326],[-80.8686955625944,35.9387255283923],[-80.8687459957206,35.9388310250687],[-80.8687895604473,35.938925800941],[-80.8688021172715,35.9389496141271],[-80.8688022432035,35.9389498604971],[-80.8688144602587,35.9389740910732],[-80.8688146081957,35.9389743912676],[-80.8688263825659,35.9389988530032],[-80.868826491728,35.9389990848587],[-80.8688377443143,35.9390236115571],[-80.8688378846976,35.9390239217148],[-80.8688487834177,35.9390488920448],[-80.8688590882042,35.9390737624417],[-80.8688592092562,35.9390740595308],[-80.8688691170449,35.9390993038805],[-80.8688784888737,35.9391245613594],[-80.8688785721943,35.9391247978309],[-80.8688874450906,35.9391501733814],[-80.8688874972714,35.9391503350665],[-80.8688958786891,35.9391758517865],[-80.8689037512388,35.9392014684421],[-80.8689038019183,35.9392016399977],[-80.8689111528617,35.9392272920718],[-80.8689112104566,35.9392275008014],[-80.8689180122273,35.9392530810968],[-80.8689180930484,35.9392533963866],[-80.8689243937642,35.939279077905],[-80.8689244723008,35.9392794065944],[-80.8689303346755,35.9393054697333],[-80.8689356707116,35.9393315507785],[-80.8689357054025,35.9393317415706],[-80.8689404906523,35.9393576812261],[-80.8689405366127,35.9393579478122],[-80.868944808442,35.9393839403461],[-80.8689448531615,35.939384228053],[-80.8689486001049,35.9394101892336],[-80.8689486487046,35.9394105324492],[-80.8689519392883,35.9394369936967],[-80.8689552653976,35.9394739173894],[-80.8689579603846,35.9395107789992],[-80.8689600324824,35.9395476726549],[-80.8689616235865,35.9395894939178],[-80.868961630607,35.9395897224135],[-80.8689624207497,35.9396316178389],[-80.8689624212781,35.9396318274423],[-80.8689624034773,35.9396737570436],[-80.868962400093,35.939673909732],[-80.8689615763411,35.9397158101733],[-80.8689599603044,35.9397574125487],[-80.8689599383069,35.9397578820494],[-80.8689575027608,35.9397997663725],[-80.8689574900933,35.9397999290506],[-80.868954248755,35.9398417912449],[-80.8689502109933,35.9398835129969],[-80.8689501811576,35.9398837934046],[-80.868945339363,35.9399254944075],[-80.8689453164987,35.939925664979],[-80.8689396910544,35.939967179623],[-80.8689396536339,35.9399674313077],[-80.8689332144297,35.9400089534872],[-80.868933184223,35.9400091431627],[-80.8689259645974,35.9400504690862],[-80.8689259141563,35.9400507561399],[-80.8689178692964,35.9400921544864],[-80.8689178304104,35.9400923428881],[-80.8689089874862,35.9401336423167],[-80.8688870095214,35.9402317386504],[-80.8683020580459,35.9428425319425],[-80.8682899680956,35.942894477593],[-80.8682899225498,35.9428946773504],[-80.8682769756903,35.942946449715],[-80.8682768811257,35.9429468112997],[-80.8682630110872,35.9429986491394],[-80.8682483751425,35.9430499852218],[-80.8682482363746,35.9430504551023],[-80.8682327522951,35.9431015861109],[-80.8682326203652,35.9431020150898],[-80.8682161883493,35.9431532632992],[-80.8681991824674,35.943207411234],[-80.8681991364351,35.9432075526172],[-80.8681810954953,35.9432614547276],[-80.8681810062384,35.9432617093153],[-80.8681619644564,35.9433152743394],[-80.8681618554395,35.9433155721364],[-80.8681417730964,35.9433689153348],[-80.8681416440916,35.9433692464972],[-80.868120515981,35.9434223672454],[-80.8681204038001,35.943422640472],[-80.8680981890291,35.9434756406842],[-80.8680981216069,35.9434757922421],[-80.8680748870911,35.9435284985621],[-80.868050690542,35.9435807884191],[-80.8680506338074,35.9435809158981],[-80.8680253541021,35.9436330499938],[-80.8680252292616,35.9436332994987],[-80.8679990373996,35.9436849298496],[-80.8679989123149,35.9436851688073],[-80.8679717164473,35.9437364754802],[-80.8679715986564,35.9437366932244],[-80.8679434270746,35.9437876279549],[-80.8679432932937,35.9437878649354],[-80.8679141251274,35.9438384603984],[-80.8679140494667,35.9438385923873],[-80.8678836089955,35.9438893064896],[-80.8676501402579,35.9442275363719],[-80.8665417366174,35.9458327148161],[-80.8663136400925,35.9461558829497],[-80.8660855596191,35.9464753716041],[-80.8658555470224,35.9467939432372],[-80.8656236064324,35.9471115900377],[-80.8653897446057,35.9474283055611],[-80.8651538649431,35.9477442150692],[-80.8650943447993,35.94781912198],[-80.8650943137138,35.9478191618449],[-80.865036451594,35.9478945111462],[-80.8650364113213,35.9478945652193],[-80.8649799517245,35.9479706801567],[-80.8649799140297,35.947970733487],[-80.8649248781867,35.9480475968568],[-80.8649248538566,35.9480476295845],[-80.8648712534379,35.9481252222186],[-80.8648191990505,35.94820338909],[-80.8648191965862,35.9482033947548],[-80.8647686543749,35.9482821680352],[-80.8647686118326,35.9482822362107],[-80.8647195837249,35.9483616243131],[-80.8647195112376,35.9483617442936],[-80.8646719579421,35.9484418062016],[-80.864671903878,35.9484418998751],[-80.8646710726334,35.9484433256858],[-80.8646601187534,35.9484622454212],[-80.8646482683268,35.9484829098963],[-80.864635911742,35.9485046934598],[-80.8646258747612,35.9485225630905],[-80.8645949610242,35.9485786432948],[-80.8645647993696,35.9486349652226],[-80.8645353806763,35.9486915458953],[-80.8645066461312,35.9487484980508],[-80.8644673329554,35.948824667342],[-80.8644296912369,35.9489009595042],[-80.8644296251918,35.9489010962674],[-80.8643934200496,35.9489779784242],[-80.8643933953416,35.9489780322592],[-80.8643586896091,35.9490553782487],[-80.8643586435219,35.9490554802409],[-80.8643254298749,35.9491333098711],[-80.8642936920941,35.9492116698148],[-80.8642635284151,35.9492903187167],[-80.8642348994455,35.9493693486202],[-80.8642078326908,35.9494486768099],[-80.864207814933,35.9494487319455],[-80.864182285344,35.949528434771],[-80.8641822684509,35.9495284898934],[-80.864158262744,35.9496086287537],[-80.8641403103263,35.9496724964739],[-80.8641370593466,35.9496844784419],[-80.8641339439004,35.9496955868388],[-80.8641138834951,35.9497741081289],[-80.8641138621279,35.9497741942688],[-80.8640936271108,35.9498597268055],[-80.8640751942676,35.9499453464686],[-80.8640751771267,35.9499454283237],[-80.8640584573157,35.9500315451455],[-80.8640338205384,35.9501642263374],[-80.8640101198155,35.9502970254607],[-80.8639873558051,35.9504299333619],[-80.8639658826581,35.9505607169959],[-80.8639459150007,35.9506878066358],[-80.8639271278944,35.95081275189],[-80.8639091678504,35.9509377766507],[-80.8638941041273,35.9510477848095],[-80.8638632913506,35.9512882506888],[-80.8638372979621,35.9515132541794],[-80.8638275628225,35.9515876702851],[-80.8638187222946,35.9516620171611],[-80.8638186951002,35.9516622630594],[-80.8638107156583,35.9517368120232],[-80.8638106874812,35.9517370902925],[-80.8638035676455,35.95181196446],[-80.8637894600332,35.9519744379135],[-80.8637785044237,35.9523592604313],[-80.863779029915,35.9524564109828],[-80.8637772255628,35.9525347877466],[-80.8637772231466,35.9525349453428],[-80.8637768253547,35.9526132436555],[-80.8637768257686,35.9526133364966],[-80.8637778321658,35.9526916408011],[-80.863777832588,35.9526916590828],[-80.8637802440107,35.9527699679596],[-80.8637802445466,35.9527699911634],[-80.8637840644376,35.9528483411362],[-80.8637892786159,35.9529264925656],[-80.8637892814334,35.9529265396498],[-80.8637958946895,35.9530045874201],[-80.8637959074987,35.9530047300127],[-80.8638039241727,35.9530827120405],[-80.863803935159,35.9530828131609],[-80.8638133507728,35.9531606852009],[-80.8638133583203,35.9531607497976],[-80.8638242018015,35.9532387153909],[-80.8638363612191,35.9533160482375],[-80.8638363721284,35.9533161085625],[-80.8638499220445,35.95339333999],[-80.8638499408466,35.9533934423978],[-80.8638648708632,35.9534704965984],[-80.8638648874485,35.9534705779384],[-80.8638812132902,35.9535475362648],[-80.8638989978513,35.9536246495697],[-80.8639147106046,35.9537079097738],[-80.8639147212217,35.9537079574422],[-80.8639318245871,35.9537906709777],[-80.8639318575145,35.9537908231105],[-80.863950463636,35.9538735003326],[-80.8639704778405,35.9539557501947],[-80.8639705103294,35.9539558833426],[-80.8639920280986,35.9540380940641],[-80.864015009185,35.9541200960383],[-80.8640150505333,35.9541202381951],[-80.864039510195,35.9542020551038],[-80.8640395252662,35.9542021083313],[-80.864065455631,35.9542836987938],[-80.8640654667232,35.9542837295736],[-80.8640928038844,35.9543649109803],[-80.8640928473889,35.9543650341126],[-80.864121767882,35.9544462954361],[-80.8643905305428,35.9552684200261],[-80.8644070965624,35.9553161550746],[-80.8644071251749,35.9553162327138],[-80.8644247048845,35.9553639192193],[-80.8644432077017,35.9554113060477],[-80.8644626054862,35.9554583359507],[-80.8644626558292,35.9554584554614],[-80.864483034603,35.955505331811],[-80.8644830610474,35.9555053904919],[-80.8645043876316,35.9555520251673],[-80.8645266476219,35.9555983937695],[-80.864549768276,35.9556443433668],[-80.8645497899902,35.9556443845351],[-80.8645738512803,35.9556900813121],[-80.8645738838435,35.9556901427131],[-80.8645988214928,35.9557354631511],[-80.8645988485423,35.9557355105685],[-80.8646247184943,35.9557805543974],[-80.8646247454788,35.9557805990021],[-80.8646515161012,35.9558253076197],[-80.8646515475724,35.9558253591899],[-80.8646791784058,35.9558696663916],[-80.864679223288,35.9558697367483],[-80.8647077942437,35.9559137686265],[-80.8647371645085,35.9559573092805],[-80.8647371645247,35.9559573099837],[-80.8647674255937,35.9560005001003],[-80.8647674658107,35.9560005557572],[-80.8647985470076,35.9560432944238],[-80.8647986229063,35.9560433966627],[-80.8648306482125,35.9560858451712],[-80.8648634526315,35.9561277893974],[-80.8648634633345,35.9561278033017],[-80.8648970495912,35.9561692488305],[-80.8648970905107,35.9561692974427],[-80.8649316438363,35.9562104728589],[-80.8649668944213,35.9562510460634],[-80.8650030141668,35.95629123037],[-80.8650399219363,35.9563309215092],[-80.8650399441096,35.9563309450857],[-80.8650775345515,35.9563700391578],[-80.86507759479,35.9563701001358],[-80.8651160266255,35.9564087642321],[-80.8651160727018,35.9564088113586],[-80.8651552492436,35.9564469421506],[-80.8651552952874,35.9564469878709],[-80.8651953139585,35.9564846830473],[-80.8652358387776,35.9565216298087],[-80.865235888232,35.9565216733666],[-80.8652772852191,35.9565582114843],[-80.8653192452471,35.9565940671384],[-80.865319275269,35.9565940934085],[-80.8653621160325,35.9566295367694],[-80.8654055420591,35.9566643233513],[-80.8654497216689,35.9566985863357],[-80.8654497375284,35.9566985987544],[-80.8654947939436,35.956732429105],[-80.8655454387532,35.9567715542678],[-80.8655454545966,35.9567715659833],[-80.8655967183638,35.956809807354],[-80.8655967861427,35.9568098576656],[-80.8656488336958,35.956847347072],[-80.8656489233883,35.9568474097097],[-80.8657019973393,35.9568843129599],[-80.8657556835392,35.9569203416617],[-80.8658100691825,35.9569555627107],[-80.8658101350695,35.9569556060173],[-80.8658654396166,35.9569901567362],[-80.8659144244268,35.9570197346945],[-80.8659144288161,35.957019737441],[-80.8659639101328,35.9570486740374],[-80.8659640381224,35.9570487466404],[-80.8660141587834,35.9570771205811],[-80.8660141789511,35.9570771322304],[-80.8660648810474,35.9571049085267],[-80.8661160418912,35.9571320194177],[-80.8661675661576,35.9571584206397],[-80.8661676834281,35.9571584786352],[-80.8662198118899,35.9571842938206],[-80.8662198390089,35.9571843067705],[-80.8662724761135,35.9572094818116],[-80.8676666973685,35.9578305000709],[-80.8677072087051,35.9578464873393],[-80.8677479195511,35.9578631320247],[-80.8677883374474,35.9578802390849],[-80.8678285086219,35.9578978246942],[-80.8678683737609,35.9579158679554],[-80.8678836105022,35.9579225815091],[-80.8679555636821,35.9579574589769],[-80.8679559085008,35.9579576295483],[-80.8680030415788,35.9579813792956],[-80.8680033024934,35.9579815131677],[-80.8680499982398,35.9580059532829],[-80.868050161136,35.958006038714],[-80.8680962497365,35.9580310838724],[-80.8680966107904,35.958031283034],[-80.868142414693,35.9580571090731],[-80.8681875264048,35.9580834915173],[-80.86818767548,35.9580835778631],[-80.8682322342868,35.9581105912511],[-80.8682324923452,35.9581107511918],[-80.8682765843212,35.9581384511815],[-80.8683199979614,35.9581667080696],[-80.8683202071002,35.9581668476571],[-80.8683629264308,35.958195644104],[-80.8683631119094,35.958195770689],[-80.86840525466,35.9582251843767],[-80.868405485109,35.9582253475531],[-80.8684469150629,35.9582552870161],[-80.8684471852443,35.9582554847538],[-80.8684880272128,35.9582860345994],[-80.8684882526846,35.9582862069959],[-80.8685284037872,35.9583172956468],[-80.8685286407954,35.9583174805277],[-80.8685681484667,35.9583491389111],[-80.8685684042067,35.9583493481238],[-80.8686076107823,35.9583818636106],[-80.8686299789761,35.9584024301956],[-80.8686302062578,35.9584026433607],[-80.8686519190643,35.9584233015661],[-80.8686520845528,35.958423461516],[-80.8686524323526,35.9584237980397],[-80.8686734135217,35.958444468143],[-80.8686736163435,35.9584446711317],[-80.8686945181853,35.9584659874534],[-80.8686946555753,35.9584661295452],[-80.8687151089309,35.9584877298635],[-80.8687152731296,35.9584879088246],[-80.86873510494,35.95850960517],[-80.868735371316,35.9585099000331],[-80.8687549056053,35.9585320482847],[-80.8687550772114,35.9585322482341],[-80.8687739629998,35.9585544493159],[-80.8687742379576,35.9585547785136],[-80.8687926304531,35.9585771967533],[-80.8687929671866,35.9585776157425],[-80.8688109817166,35.9586004118579],[-80.8688112216898,35.9586007247096],[-80.8688289304732,35.958623991146],[-80.8688460472449,35.958647358786],[-80.8688462421664,35.9586476315307],[-80.8688628677649,35.9586712331782],[-80.8688629402118,35.9586713354674],[-80.8688632427752,35.9586717732677],[-80.8688791113008,35.9586952226122],[-80.8688792941796,35.9586954983548],[-80.8688948467259,35.9587194245083],[-80.8688950513709,35.9587197435278],[-80.8689102152122,35.9587440695275],[-80.8689103177302,35.9587442374749],[-80.8689249012425,35.9587686462121],[-80.868925067085,35.9587689334697],[-80.8689392334999,35.9587937115389],[-80.868939299419,35.9587938308093],[-80.8689528719451,35.9588186665021],[-80.8689529759144,35.9588188597493],[-80.8689659431633,35.95884370963],[-80.8689661788716,35.9588441744788],[-80.868978646998,35.9588692514563],[-80.8689788159712,35.9588695991573],[-80.8689909824195,35.9588953222425],[-80.8690126758329,35.9589473708241],[-80.8690127262663,35.9589474938485],[-80.8690331948747,35.9589995154559],[-80.8690332813827,35.9589997392161],[-80.8690526497099,35.9590520301805],[-80.8690527291362,35.9590522470152],[-80.8690710155683,35.9591048541825],[-80.869071089887,35.9591050746123],[-80.8690883077842,35.9591580519396],[-80.869088355703,35.9591582157991],[-80.8691043772457,35.9592111622016],[-80.8691044240716,35.9592113162302],[-80.8691194236228,35.9592648121485],[-80.8691332535247,35.9593183470728],[-80.8691333154734,35.9593185937173],[-80.8691460160236,35.9593723013784],[-80.8691460701235,35.9593725453295],[-80.8691576134048,35.9594263037654],[-80.8691576787284,35.9594266214006],[-80.8691681035188,35.9594806107888],[-80.8691681500794,35.9594808654062],[-80.869177460258,35.9595351412554],[-80.8691774848747,35.9595353075817],[-80.8691856314827,35.959589549193],[-80.8691856606338,35.9595897618735],[-80.869192677159,35.9596442198441],[-80.869391344275,35.9612336332241],[-80.8693913442587,35.9612336325209],[-80.8694174218151,35.9614422486345],[-80.8695458849647,35.9625597254921],[-80.8695775733744,35.9628324622348],[-80.8695964196367,35.9629910746395],[-80.8697161478081,35.9639987161353],[-80.8697263382232,35.964084482418],[-80.8697338247263,35.9641436943099],[-80.8697421178168,35.9642028024078],[-80.8697512206289,35.9642618298755],[-80.8697611300482,35.964320754252],[-80.8697768802734,35.9644057650503],[-80.8697768900631,35.9644058141375],[-80.8697943155761,35.9644905713783],[-80.8697943473933,35.964490712272],[-80.8698134713525,35.964575318998],[-80.8698134847486,35.9645753743605],[-80.8698343132461,35.9646598318844],[-80.8698567802859,35.9647438683019],[-80.8698808923168,35.9648275376741],[-80.8698809148509,35.9648276139982],[-80.8699067020971,35.96491102559],[-80.8699067104843,35.9649110514869],[-80.8699341910965,35.9649942415953],[-80.8699343203478,35.9649946292926],[-80.869946531418,35.9650314095133],[-80.8699465490573,35.9650314612938],[-80.8699594449199,35.9650680340765],[-80.8699594476451,35.9650680396619],[-80.8699730634329,35.9651045022393],[-80.8699873169543,35.9651406307859],[-80.8699873307755,35.9651406671503],[-80.8700023125133,35.9651767071692],[-80.8700023372351,35.9651767658752],[-80.8700180349033,35.9652126725374],[-80.8700343773071,35.9652482858574],[-80.8700514228006,35.9652837343644],[-80.8700691705199,35.9653190180715],[-80.8700875602842,35.9653540042566],[-80.8701065906741,35.9653887063053],[-80.870106634897,35.9653887851107],[-80.8701264005601,35.9654233668693],[-80.8701467707537,35.9654576003322],[-80.870167779845,35.9654915496844],[-80.8701678220448,35.9654916158598],[-80.8701895642904,35.965525428072],[-80.8702117946187,35.965558720738],[-80.8702118922856,35.9655588655466],[-80.8702348091309,35.9655919500406],[-80.8702348744382,35.9655920425908],[-80.8702585946432,35.965625069758],[-80.8702815922081,35.9656571556033],[-80.8702816824995,35.96565728083],[-80.8703055592635,35.9656897442865],[-80.8705433823431,35.9659741093616],[-80.8705802094422,35.9660129214934],[-80.870617248364,35.9660507920501],[-80.870654968231,35.966088213249],[-80.8706933646048,35.9661251802341],[-80.8707324251484,35.9661616833461],[-80.8707724103974,35.9661979507105],[-80.8708129349104,35.9662336288012],[-80.8708129940511,35.9662336792423],[-80.8708541471592,35.9662688517999],[-80.8708542442422,35.9662689340154],[-80.8708961529091,35.9663037031951],[-80.8708961767025,35.9663037218221],[-80.8709386864832,35.9663379570496],[-80.8709752917531,35.966365694111],[-80.8710123343192,35.9663932211816],[-80.8710772773432,35.9664402152965],[-80.8710773688456,35.9664402807161],[-80.8711432943696,35.9664863952772],[-80.8711433840281,35.9664864558013],[-80.8712104256094,35.9665317787936],[-80.8712782359874,35.9665760735723],[-80.8712782526659,35.9665760838675],[-80.8713471568895,35.9666195620929],[-80.8714168379859,35.9666620246389],[-80.8714871425506,35.9667033859322],[-80.8714871785188,35.9667034071859],[-80.8715583752174,35.9667438354372],[-80.8715583945071,35.9667438463957],[-80.8716305304694,35.9667833591691],[-80.8717032254329,35.9668217519793],[-80.8717033489065,35.9668218155016],[-80.8717769131036,35.9668592580317],[-80.8717769586189,35.9668592805458],[-80.8718517953701,35.9668959642631],[-80.8719896920248,35.9669681327785],[-80.8721286486926,35.9670405177081],[-80.8722971415131,35.9671277285521],[-80.8726567705384,35.9673125647991],[-80.8729426670905,35.967457831635],[-80.8733216874589,35.9676470502396],[-80.8737017728737,35.9678346222926],[-80.8738639615449,35.9679101424857],[-80.8738979291102,35.9679263871263],[-80.8738981592873,35.9679264996526],[-80.8739317137506,35.9679431374869],[-80.8739319807946,35.9679432726591],[-80.8739652026953,35.9679603439511],[-80.8739654865002,35.9679604929337],[-80.8739985861383,35.9679781112183],[-80.8740312244986,35.9679960974115],[-80.8740314559329,35.9679962267996],[-80.8740635776742,35.9680145451749],[-80.8740638837402,35.9680147212478],[-80.874095751028,35.9680335204167],[-80.8740958966354,35.9680336054019],[-80.8741276210175,35.9680529568049],[-80.8741587056788,35.9680725557639],[-80.8741589937444,35.9680727391468],[-80.8741896914666,35.9680927400442],[-80.8741899410825,35.9680929071358],[-80.8742201534554,35.9681132453642],[-80.8742204321539,35.9681134352211],[-80.8742505126715,35.9681343543538],[-80.8742803674935,35.9681558002636],[-80.8742804802984,35.9681558885656],[-80.8743093884992,35.9681773328214],[-80.8743095690817,35.9681774707268],[-80.8743383378881,35.9681995065541],[-80.8743667464398,35.9682219755642],[-80.8743944163531,35.9682445684488],[-80.8743947436385,35.968244838449],[-80.8744220488907,35.9682678610678],[-80.8744222492377,35.9682680303221],[-80.8744492198744,35.9682915096463],[-80.8744493692536,35.968291645217],[-80.8744758711064,35.9683154672475],[-80.8745018486208,35.9683395871176],[-80.8745020290905,35.9683397573803],[-80.8745273439518,35.9683640316123],[-80.8745276511162,35.9683643293532],[-80.8745526990428,35.9683891429558],[-80.8745528328531,35.9683892787653],[-80.8745775618486,35.968414591037],[-80.8746724714332,35.9685210011424],[-80.8746817624708,35.9685322020196],[-80.8746924738735,35.9685455081316],[-80.8746925834654,35.9685456443129],[-80.8747122476295,35.9685705250675],[-80.8747126567533,35.9685711145549],[-80.8747137450243,35.9685726685097],[-80.8747360150016,35.9686050551897],[-80.8747361950503,35.968605319009],[-80.8747579858874,35.9686382729378],[-80.8747789803111,35.9686713220905],[-80.8747791484303,35.9686715938302],[-80.8747995699024,35.9687050829527],[-80.874819232497,35.9687387187742],[-80.8748193506103,35.9687389237565],[-80.8748384154287,35.9687729739043],[-80.8748566713446,35.9688070660117],[-80.8748568215943,35.9688073506866],[-80.8748744791781,35.9688418704937],[-80.8748915390992,35.9688768468295],[-80.8748916737308,35.968877129634],[-80.8749080794374,35.9689124747402],[-80.8749236816243,35.968947870165],[-80.8749238097285,35.968948169951],[-80.8749387581404,35.9689839531315],[-80.8749529227953,35.9690198179802],[-80.8749530177033,35.9690200669286],[-80.8749664848576,35.9690562252475],[-80.8749791310238,35.9690923525615],[-80.874979246204,35.9690926919356],[-80.8749912256665,35.9691292093148],[-80.8750024726013,35.9691659651351],[-80.8750025685073,35.9691662942543],[-80.8750130517391,35.9692031757493],[-80.875013130067,35.9692034559013],[-80.8750228566299,35.9692405051664],[-80.8750229195018,35.9692407532],[-80.8750318839762,35.9692779604712],[-80.8750319309673,35.9692781581047],[-80.8750401356856,35.9693155120921],[-80.875040181241,35.9693157224087],[-80.8750475908323,35.9693530787578],[-80.8750476549801,35.9693534189155],[-80.875053620091,35.9693870744179]]},"properties":{"id":"arcgis-164-3-b94783ac2766876f","sourceId":"arcgis-164-3","source":"Fiber_Layer_AGOL \u2014 Conterra_Fiber","sourceUrl":"https://services2.arcgis.com/WbGEgSzGTEPg4fr6/arcgis/rest/services/Fiber_Layer_AGOL/FeatureServer/3","name":"Fiber_Layer_AGOL \u2014 Conterra_Fiber","carrier":"Not published","routeStatus":"Unknown","category":"unknown","evidence":"agency_route","dataDate":null,"metadataModified":"2023-12-22T14:55:19+00:00","retrievedAt":"2026-09-18T02:37:02.056547+00:00","networkType":"Published fiber route; network class not specified","serviceability":"Unconfirmed","routeDiversity":"Unconfirmed","states":["NC"]},"bbox":[-80.875053620091,35.9333724025563,-80.8637768253547,35.9693870744179]},{"type":"Feature","geometry":{"type":"LineString","coordinates":[[-80.8000413287408,35.9557423475579],[-80.8000128886825,35.9557386176418],[-80.7999318922541,35.9557249782387],[-80.7998340031595,35.9557022054292],[-80.7997363632538,35.9556779187096],[-80.7995427846001,35.9556242310019],[-80.7994071651436,35.9555822412654],[-80.7992026420718,35.9555163559334],[-80.7990045612691,35.9554473395376],[-80.79873595491,35.9553505310733],[-80.7983104762064,35.9551971831379],[-80.7976165602767,35.9549470822392],[-80.797465596085,35.9548805108849],[-80.7970166947627,35.9546738360948],[-80.7967165576005,35.954525533541],[-80.7964978523328,35.9544128040097],[-80.7963489561158,35.9543360567001],[-80.7961701183917,35.9542636746071],[-80.7960621920304,35.9542277722777],[-80.7959518906469,35.9541969438132],[-80.7958653105671,35.9541768515819],[-80.7957906913389,35.9541621597508],[-80.7957257302703,35.9541514011978],[-80.7956601234003,35.9541423718756],[-80.7955776600268,35.9541336523442],[-80.7954946836545,35.9541276152592],[-80.7954113676501,35.9541245098801],[-80.7953395956829,35.9541240545296],[-80.7952700096891,35.9541256152356],[-80.7952119596895,35.9541284538218],[-80.795112653864,35.954136502652],[-80.7950415822077,35.9541447798506],[-80.7949647749265,35.9541560913175],[-80.7948297989842,35.9541735051637],[-80.7947029040579,35.9541898758192],[-80.7946126059538,35.9542032725602],[-80.7945595258157,35.9542111654216],[-80.7944919577476,35.9542201448202],[-80.7943397072678,35.9542365086774],[-80.7942841947481,35.9542410700865],[-80.7942065738108,35.9542461821816],[-80.7941550797413,35.95424880082],[-80.794152180586,35.9542489475275],[-80.7941132736486,35.9542505110802],[-80.7940666250699,35.9542519260287],[-80.7940203857877,35.9542528397647],[-80.7939623298661,35.9542531991287],[-80.7939057025679,35.954252795406],[-80.793830730778,35.9542510680513],[-80.7937717518363,35.9542488214984],[-80.7937166266537,35.9542459788016],[-80.7936647935411,35.9542426459886],[-80.7935981016293,35.9542374529689],[-80.7935607275182,35.9542340279592],[-80.7935339530581,35.9542314783713],[-80.7917265100423,35.953924874652],[-80.7911452804257,35.9538332100375],[-80.790593232263,35.9537567304054],[-80.7904253504101,35.9537417361811],[-80.7900814461389,35.9537142339869],[-80.7897413958008,35.9536887457815],[-80.7894144665641,35.9536658314047],[-80.7890814033516,35.9536440969909],[-80.7889856963228,35.9536405899452],[-80.7887021649022,35.9536302007522],[-80.7883782602685,35.9536176155533],[-80.7877528953133,35.9535903343558],[-80.7875589958508,35.9535822916956],[-80.7868839780889,35.9535497107495],[-80.7858730715533,35.9535009134507],[-80.7847335160014,35.9534458955517],[-80.7843267210332,35.9534243630422],[-80.7840205886314,35.9533980698843],[-80.7837521823137,35.9533682986791],[-80.7830863789679,35.9532867349579],[-80.7822579465698,35.9531862190346],[-80.7812781590493,35.9530673258833],[-80.7794034657916,35.9528398213589],[-80.7789049725537,35.9527793213588],[-80.7786304400539,35.9527459994817],[-80.7785343323508,35.9527361280392],[-80.7784697363029,35.9527314828692],[-80.7783726833206,35.9527274708534],[-80.7781685034871,35.9527306363734],[-80.7780467275131,35.9527401015178],[-80.7779256409617,35.9527550632528],[-80.7777722862867,35.9527824923084],[-80.7776380887753,35.9528144371497],[-80.7774905820635,35.9528586470132],[-80.7773961575722,35.9528924433535],[-80.7772652276814,35.9529467639185],[-80.7771855217899,35.9529844204863],[-80.7770416252783,35.9530589160731],[-80.7768996990876,35.9531315610551],[-80.7767634853043,35.9532038350455],[-80.7766266485601,35.9532750938252],[-80.7763421426851,35.9534232766838],[-80.7760726391985,35.9535637214806],[-80.7757830851772,35.953714614805],[-80.7754973006055,35.9538634437485],[-80.7752188510913,35.9540085007376],[-80.774919672422,35.9541643556641],[-80.7747530582075,35.9542573223833],[-80.774477284065,35.9543716362777],[-80.7741984855071,35.9544872039997],[-80.7739185633687,35.9546033275888],[-80.7736791114585,35.954665748382],[-80.7735856284123,35.9546783844835],[-80.7733667145588,35.9547079750587],[-80.7729110733203,35.9547232212005],[-80.7726088267171,35.9547329030571],[-80.7724743172819,35.9547372123503],[-80.7724641096084,35.9547401916472],[-80.7724540344688,35.9547434545903],[-80.7724441030905,35.9547470003134],[-80.7724343291563,35.9547508215839],[-80.7724247221018,35.9547549147482],[-80.7724152956561,35.9547592746831],[-80.7724060592552,35.954763897735],[-80.772397025717,35.9547687766839],[-80.7723882044463,35.9547739064698],[-80.7723796056976,35.9547792813167],[-80.7723712405438,35.9547848933269],[-80.7723631183743,35.9547907367369],[-80.7723552494283,35.954796805068],[-80.7723476430642,35.9548030911503],[-80.7723403077452,35.9548095864207],[-80.7723332519651,35.9548162837219],[-80.7723264867967,35.9548231751563],[-80.7723200163791,35.9548302522232],[-80.7723138509202,35.9548375070373],[-80.7723079962733,35.9548449303698],[-80.772302462631,35.9548525136322],[-80.7722972523872,35.9548602476459],[-80.7722923731245,35.954868123157],[-80.7722878324258,35.9548761309116],[-80.7722836344146,35.9548842617057],[-80.7722797840484,35.954892504917],[-80.7722762854505,35.9549008513416],[-80.7722560538,35.9549623325621],[-80.7719523130897,35.9558138590574],[-80.77182904935,35.9564634134514],[-80.7717583704986,35.9568748801015],[-80.7717024358715,35.9571603477813],[-80.7716579429389,35.9574920335467],[-80.771649663938,35.9577020919607],[-80.7716527206326,35.9580406517423],[-80.7716552036036,35.9582960145768],[-80.7716578290951,35.9585661047261],[-80.7716607126426,35.9588439289473],[-80.771662419478,35.9590067562185],[-80.7716657952624,35.9593285560749],[-80.7716691055752,35.9596442198844],[-80.7716738399574,35.9600958776463],[-80.7716813994213,35.9608071610428],[-80.7716817623124,35.9610312077253],[-80.7716917713828,35.9611318485043],[-80.7717132859447,35.9612232072729],[-80.7717286891196,35.9612689803096],[-80.7717781656074,35.9613720151797],[-80.7718341932598,35.9614894290221],[-80.7720042455203,35.9617054274648],[-80.7720103146034,35.9617158618814]]},"properties":{"id":"arcgis-164-3-870c9b8303f1c694","sourceId":"arcgis-164-3","source":"Fiber_Layer_AGOL \u2014 Conterra_Fiber","sourceUrl":"https://services2.arcgis.com/WbGEgSzGTEPg4fr6/arcgis/rest/services/Fiber_Layer_AGOL/FeatureServer/3","name":"Fiber_Layer_AGOL \u2014 Conterra_Fiber","carrier":"Not published","routeStatus":"Unknown","category":"unknown","evidence":"agency_route","dataDate":null,"metadataModified":"2023-12-22T14:55:19+00:00","retrievedAt":"2026-09-18T02:37:02.056547+00:00","networkType":"Published fiber route; network class not specified","serviceability":"Unconfirmed","routeDiversity":"Unconfirmed","states":["NC"]},"bbox":[-80.8000413287408,35.9527274708534,-80.771649663938,35.9617158618814]},{"type":"Feature","geometry":{"type":"LineString","coordinates":[[-80.8646625976768,35.9333724025563],[-80.8646472999223,35.9333801710476],[-80.8646637249229,35.9334051776224],[-80.8646637604432,35.933405592083],[-80.8646646213728,35.9334212962971],[-80.8646644125122,35.9334372285777],[-80.8646631200215,35.9334531267695],[-80.8646607504791,35.9334689387209],[-80.8646573229131,35.9334845895812],[-80.8646537465193,35.9334972047509],[-80.8646529747883,35.9334996277804],[-80.8646475028962,35.9335148414123],[-80.8646409291247,35.9335299424536],[-80.8646333385824,35.9335447213988],[-80.8646247502125,35.9335591371614],[-80.8646151888477,35.933573141531],[-80.864604688129,35.9335866931965],[-80.8645932773423,35.9335997495063],[-80.8645811069405,35.9336121590421],[-80.8645086366112,35.9336729640382],[-80.8644209658054,35.9337530976691],[-80.8643703006161,35.9337986469483],[-80.8642996110353,35.9338604740743],[-80.8642091085194,35.9339372154141],[-80.8641170442964,35.9340126286095],[-80.863310473681,35.9346746273907],[-80.8628588116525,35.9350453282812],[-80.8628140609242,35.9350823395278],[-80.862813865684,35.9350824993647],[-80.8627682970321,35.9351189997516],[-80.8627681373424,35.9351191259863],[-80.8627219324332,35.9351549671373],[-80.8627216739907,35.9351551617015],[-80.8626747138242,35.9351904340597],[-80.8626745684593,35.9351905438975],[-80.8626269269743,35.9352251907655],[-80.8626268555968,35.9352252460162],[-80.8625783115821,35.9352594262193],[-80.8625781634285,35.9352595276588],[-80.8625292454157,35.9352928694754],[-80.8625290052311,35.9352930307011],[-80.8624791878713,35.9353258938447],[-80.8624288322416,35.9353580336505],[-80.8624286676925,35.9353581367468],[-80.8623778422969,35.9353895233295],[-80.8623775368883,35.935389706652],[-80.8623259286184,35.9354205269678],[-80.8623257843492,35.9354206093561],[-80.8622737958494,35.9354506209199],[-80.8622734970652,35.9354507914799],[-80.8622207324306,35.9354802289351],[-80.8622205513237,35.9354803266566],[-80.8621672127902,35.9355090708566],[-80.862167042696,35.9355091585625],[-80.8621132251653,35.9355371616345],[-80.8621129960619,35.9355372783764],[-80.8620588226437,35.9355644779498],[-80.861971057058,35.9356065357025],[-80.8618824145339,35.9356465760683],[-80.8617925540544,35.9356847758756],[-80.8617015304078,35.9357211103708],[-80.8616094027541,35.9357555568438],[-80.861516231967,35.9357880918552],[-80.861422077272,35.9358186955079],[-80.8613278777016,35.9358470559433],[-80.8611943037711,35.9358950034604],[-80.8610616926808,35.9359328368135],[-80.8609478857684,35.935958595831],[-80.8608046046862,35.9359824646209],[-80.8605756595963,35.9360079493455],[-80.8603903480121,35.9360227135379],[-80.8602050239521,35.9360360757737],[-80.8600196745379,35.9360480397664],[-80.8598341901512,35.9360586149236],[-80.8596205976101,35.9360689639104],[-80.8594630363336,35.9360755299644],[-80.8591915628074,35.9360871665664],[-80.8589628960752,35.9360988933669],[-80.8587213013333,35.9361125722897],[-80.8585257147572,35.9361220345969],[-80.8583521914287,35.9361373617776],[-80.8581680941203,35.9361623701274],[-80.8579857046478,35.9361959343055],[-80.8578450790392,35.9362282062298],[-80.8577064172112,35.9362656496956],[-80.857520087483,35.9363252178151],[-80.8573649762177,35.9363829565399],[-80.8570323989102,35.9365176736974],[-80.8568859906269,35.9365695080391],[-80.856558944818,35.93670197397],[-80.8564806168531,35.9367308741747],[-80.8550675201442,35.9371774927506],[-80.8536782861117,35.9375418777322],[-80.8517594062505,35.937915140801],[-80.8510485952148,35.9380747008569],[-80.8507109182851,35.9381222304198],[-80.8492154788793,35.9381048024438],[-80.8490981206275,35.9381028369919],[-80.8489822626548,35.9381081041881],[-80.8488362350535,35.9381251655455],[-80.8486904856977,35.938154378532],[-80.8485623608699,35.9381906446142],[-80.8484377101025,35.9382341879943],[-80.8479714857433,35.9384418775754],[-80.8474977634078,35.9387474812001],[-80.8471981904998,35.9389527400417],[-80.84700225167,35.9391081793855],[-80.8468100415762,35.93929419467],[-80.8467232471606,35.9393927116618],[-80.8466171878484,35.9395297725756],[-80.8465216963496,35.9396746295703],[-80.8464057248351,35.9398930270441],[-80.8463489090818,35.9400286555369],[-80.8462937946251,35.9401828939018],[-80.8461681164477,35.9405109805064],[-80.8460400183389,35.9409177883418],[-80.8460230728076,35.94106464745],[-80.8460388427037,35.9412274162408],[-80.8460692519749,35.9413331000992],[-80.8461168215145,35.9414348126126],[-80.8461694697361,35.9415136964148],[-80.8463063757128,35.9416535206321],[-80.8464319079332,35.9417802332162],[-80.846832529481,35.9421090066505],[-80.8470752262439,35.9423532147991],[-80.8471634275441,35.9424687547538],[-80.8472062356648,35.9425684638823],[-80.8472239381386,35.9426588581003],[-80.8472213745029,35.9427640523721],[-80.84719603574,35.9428624821349],[-80.8471463710221,35.9429685558802],[-80.8470538675903,35.9431567332622],[-80.846833935386,35.9435594812515],[-80.8467331575594,35.9437355916572],[-80.8466314785566,35.9438808008954],[-80.8465088686618,35.9440149648063],[-80.846377140136,35.9441286234217],[-80.8462737645463,35.9442020946231],[-80.8461296625418,35.9442867916272],[-80.8460095585953,35.9443487063821],[-80.8458620184885,35.9444013270162],[-80.8456813092386,35.9444531765738],[-80.845494466989,35.944488158449],[-80.8453128489252,35.9445122309664],[-80.8451961874277,35.944526764577],[-80.8451093744011,35.9445375789472],[-80.8450235860146,35.9445538262246],[-80.8449552990843,35.9445760824493],[-80.844887251011,35.9446087902095],[-80.8448332918607,35.9446437574132],[-80.8447796039633,35.9446906323964],[-80.8447374320665,35.944740165867],[-80.8447001443707,35.9447992928966],[-80.8446309370524,35.9449142534138],[-80.8445349762979,35.9451438190747],[-80.8443842761686,35.94551068898],[-80.8442067920598,35.9459427559888],[-80.8440383003401,35.9463529281565],[-80.843778310245,35.9469858357589],[-80.8435401168793,35.9475603493785],[-80.8434313697293,35.9478303991633],[-80.8433318394178,35.9480189254652],[-80.8432289354767,35.9482047847127],[-80.8431477237731,35.9483181395233],[-80.8430565348166,35.9484183304706],[-80.8429473312105,35.9485164468128],[-80.8427557199961,35.9486438054523],[-80.8425504947699,35.9487707425475],[-80.8420296646935,35.9490515505181],[-80.8414753415434,35.9493690345668],[-80.8411778750096,35.9495502449111],[-80.8409588341881,35.9497202182806],[-80.8407773181144,35.949889172411],[-80.8405955935162,35.9500896411615],[-80.8404790845797,35.9502463730848],[-80.8404074474165,35.9503885498563],[-80.8403389729789,35.9505958393073],[-80.8402828652039,35.950778769658],[-80.8401902468331,35.9511333085223],[-80.8400774704451,35.9515077678705],[-80.8399795831547,35.9519248149929],[-80.8399142820987,35.9522030652494],[-80.8398729431344,35.9523791805339],[-80.8398148736135,35.9526614196212],[-80.8390025878094,35.952544345302],[-80.8378451430159,35.9523725908045],[-80.8370780279409,35.9522499759708],[-80.8361277950021,35.9520893459427],[-80.8342869327461,35.9517794937081],[-80.8337073929354,35.9516660361919],[-80.8328341730614,35.9515203750151],[-80.8326145566889,35.9514837394626],[-80.8324452391255,35.9514563787959],[-80.8323587023285,35.9514470622369],[-80.8322779729316,35.951442399275],[-80.83220052103,35.9514415338881],[-80.8321200569467,35.9514443656403],[-80.8320369216346,35.9514513191775],[-80.831943683443,35.9514640823063],[-80.8318175780189,35.9514844554195],[-80.8316906390351,35.9515143387314],[-80.8315789175857,35.9515499027398],[-80.8305540483091,35.9519649038398],[-80.8298381354582,35.9522506698824],[-80.8290451243713,35.9525650652364],[-80.8276586196286,35.9531393225617],[-80.827492139344,35.9532322132026],[-80.8273092811684,35.9532916945945],[-80.8271722889175,35.9533344977758],[-80.8270021173032,35.9533827217567],[-80.826828550272,35.9534240412357],[-80.8266295221653,35.9534646645503],[-80.8264070220536,35.9535042199721],[-80.8260881563084,35.9535585596896],[-80.8257248978055,35.9536301194526],[-80.8252803148553,35.953697432998],[-80.8250317883515,35.9537350622938],[-80.8244923192399,35.9538327293579],[-80.8240762156164,35.9539115837539],[-80.8239138081465,35.953940754365],[-80.8237283410428,35.9539662416639],[-80.823616140898,35.9539755593145],[-80.8234469246652,35.9539810242595],[-80.8233075797916,35.9539779595413],[-80.8231670588724,35.9539678699433],[-80.8230683719418,35.953956446457],[-80.8228897885297,35.9539201703067],[-80.8227064614598,35.9538734547534],[-80.8224861501867,35.9538041553396],[-80.8223883813346,35.953768514851],[-80.8222089223971,35.95369523026],[-80.8219489851249,35.9535878710891],[-80.8216130861254,35.953459589543],[-80.8212159843165,35.953308955706],[-80.8209532027801,35.9532092714023],[-80.8204756019146,35.9530280963833],[-80.8200889278989,35.9528814125867],[-80.81971570044,35.952739827143],[-80.8190064470107,35.9524707641185],[-80.818488799044,35.9522743857367],[-80.8182233874571,35.9521736966013],[-80.818055738172,35.9521107745089],[-80.8177721589536,35.9520226705194],[-80.8175598819208,35.9519715517629],[-80.8173336916061,35.9519321295451],[-80.8171420448983,35.9519107205683],[-80.8169011559977,35.951897372041],[-80.8166237703702,35.9518950557184],[-80.8163247398819,35.9518928286945],[-80.8160609491557,35.9518908630875],[-80.8156793752818,35.9518880160176],[-80.8154608280365,35.9518863848417],[-80.8152972380446,35.9518882731322],[-80.8151625412962,35.9518940658447],[-80.8149871222855,35.9519051905951],[-80.8148052433595,35.9519205329557],[-80.8146726505147,35.951939950046],[-80.8145161552326,35.9519755955335],[-80.8143682604241,35.9520230916192],[-80.8142229353707,35.9520844313132],[-80.8140825599335,35.9521600033983],[-80.8139454446378,35.95225300666],[-80.813790957446,35.9523891679345],[-80.8137158235646,35.9524741458321],[-80.8136077959,35.9526216226455],[-80.8135373772188,35.9527302386125],[-80.8134483120174,35.9528857004272],[-80.8133098104499,35.9531712472651],[-80.8131280575789,35.953552798156],[-80.8128499985807,35.9541365187291],[-80.8126473677546,35.9545618878786],[-80.812104907581,35.9557006187612],[-80.8119054744222,35.9561218353133],[-80.8117502705505,35.9564092898439],[-80.8116818967774,35.9565147989641],[-80.8116075873207,35.9566156131201],[-80.8115880296779,35.9566395615923],[-80.8114706341911,35.9567558844913],[-80.811305335195,35.9568838520684],[-80.811119907772,35.9569924430119],[-80.810953500127,35.9570723630379],[-80.8108161560375,35.9571260495926],[-80.8106580014926,35.9571713170702],[-80.8104549257652,35.9572112773842],[-80.8102197163016,35.95724029442],[-80.8088323824207,35.9573999600637],[-80.8082695323559,35.9574648259607],[-80.8075536396996,35.957517509183],[-80.8066702792644,35.9575322369023],[-80.8062408022032,35.957533687022],[-80.8059476648229,35.9575440593024],[-80.8059468844354,35.9575415450044],[-80.8059358156486,35.9574997063312],[-80.8059214050017,35.9574365729877],[-80.8059059097502,35.9573504867714],[-80.8058950929269,35.9572641955948],[-80.8058904232235,35.957205986016],[-80.8058825773123,35.9571497731912],[-80.8058764875755,35.9570403601687],[-80.8058733495648,35.9569585843486],[-80.8058714346076,35.9568646191238],[-80.8058712584538,35.9567699142434],[-80.8058725907919,35.9566839335935],[-80.8058765792806,35.9565718660303],[-80.8058811090931,35.9564885130361],[-80.8058888045987,35.9563830551687],[-80.8058954738949,35.9563096015633],[-80.80590431026,35.9562275627802],[-80.805914714833,35.9561418017124],[-80.8059261901553,35.9560472149474],[-80.8059358020407,35.9559679789107],[-80.8059472043464,35.9558739974217],[-80.8059556148212,35.9558046708057],[-80.8059674397255,35.9557071921736],[-80.8059826676519,35.9555816714171],[-80.8060025916725,35.9554090390103],[-80.8060090240958,35.9553105892779],[-80.8060086034733,35.9551529718593],[-80.805995190061,35.9549955621126],[-80.8059727640644,35.9548588384996],[-80.8059458032637,35.9547426053573],[-80.8059098079084,35.9546202112855],[-80.8058471146161,35.9544170144095],[-80.8058461139225,35.9544145504938],[-80.8058450057401,35.9544121155999],[-80.8058437953366,35.954409713167],[-80.8058424819415,35.9544073474265],[-80.8058410681966,35.9544050204498],[-80.8058395550296,35.9544027350364],[-80.8058379442173,35.9544004932704],[-80.8058362384486,35.9543982993321],[-80.8058344395004,35.9543961553055],[-80.8058325491494,35.9543940632743],[-80.8058305709179,35.9543920260002],[-80.8058285057652,35.954390047689],[-80.8058263562699,35.9543881275994],[-80.8058241260015,35.9543862706021],[-80.8058218175701,35.954384477362],[-80.8058194345138,35.9543827513436],[-80.8058169768639,35.9543810939532],[-80.8058144498408,35.9543795065204],[-80.8058118569825,35.9543779925097],[-80.8058092009307,35.9543765539922],[-80.805806484264,35.9543751902263],[-80.8058037096713,35.9543739053926],[-80.8058008823416,35.9543726994143],[-80.8057980049479,35.9543715757689],[-80.8057950809338,35.9543705337018],[-80.8057921138056,35.9543695752715],[-80.8057891070543,35.9543687018331],[-80.8057860650196,35.9543679140257],[-80.805782992057,35.9543672131918],[-80.8057798890628,35.9543666007247],[-80.8057767629556,35.9543660765221],[-80.805773615465,35.9543656405585],[-80.8057704518428,35.9543652955698],[-80.8057672746362,35.954365039408],[-80.8057640882324,35.9543648748218],[-80.8057608969238,35.954364800341],[-80.8057577050346,35.9543648159016],[-80.805754514326,35.9543649228843],[-80.8057513317006,35.9543651204837],[-80.8057481588724,35.954365407971],[-80.8057450001654,35.9543657852821],[-80.8057418599195,35.9543662530564],[-80.805738741531,35.9543668084301],[-80.8057356493555,35.9543674527455],[-80.8057325850912,35.9543681845707],[-80.8057295556407,35.9543690031003],[-80.8057265635514,35.9543699061864],[-80.8057236114493,35.9543708951969],[-80.8057207035796,35.9543719665523],[-80.8057178434017,35.9543731202011],[-80.8057150351768,35.954374353267],[-80.8057122806659,35.9543756671307],[-80.8057095858284,35.9543770574837],[-80.8054741200332,35.9544764103052],[-80.8049936932253,35.9547216563322],[-80.8041575082582,35.9551321066785],[-80.8039890591724,35.9552136349249],[-80.8038665937619,35.955267128284],[-80.8037413934484,35.9553161652064],[-80.8036041607327,35.9553641467327],[-80.8034579482005,35.9554088486521],[-80.8032988843702,35.9554502669249],[-80.8031646583028,35.9554795850311],[-80.8030562827266,35.955499766214],[-80.8029472367449,35.9555169319573],[-80.802769060298,35.9555383286878],[-80.8026732865688,35.9555487046995],[-80.8026000904586,35.9555566322031],[-80.8024321302449,35.955574824214],[-80.8022156771334,35.9555982672672],[-80.8020909675246,35.9556117744749],[-80.8019549426793,35.9556265071574],[-80.8017425938972,35.9556495061478],[-80.8014715277409,35.9556788632206],[-80.8012527542634,35.9557025568452],[-80.8011088181326,35.9557180488991],[-80.800907190359,35.9557389173861],[-80.800776823877,35.9557524103282],[-80.8006950280428,35.9557608764174],[-80.800601668351,35.9557675681587],[-80.800484687641,35.9557714774449],[-80.8004393916188,35.9557717051461],[-80.8003826944585,35.9557710529279],[-80.8002773496476,35.9557667043511],[-80.8001368022406,35.9557548681717],[-80.8000413287408,35.9557423475579]]},"properties":{"id":"arcgis-164-3-044a6d42df6ac936","sourceId":"arcgis-164-3","source":"Fiber_Layer_AGOL \u2014 Conterra_Fiber","sourceUrl":"https://services2.arcgis.com/WbGEgSzGTEPg4fr6/arcgis/rest/services/Fiber_Layer_AGOL/FeatureServer/3","name":"Fiber_Layer_AGOL \u2014 Conterra_Fiber","carrier":"Not published","routeStatus":"Unknown","category":"unknown","evidence":"agency_route","dataDate":null,"metadataModified":"2023-12-22T14:55:19+00:00","retrievedAt":"2026-09-18T02:37:02.056547+00:00","networkType":"Published fiber route; network class not specified","serviceability":"Unconfirmed","routeDiversity":"Unconfirmed","states":["NC"]},"bbox":[-80.8646646213728,35.9333724025563,-80.8000413287408,35.9575440593024]},{"type":"Feature","geometry":{"type":"LineString","coordinates":[[-80.8636388586589,35.9255198542922],[-80.8636391170471,35.9255198461259],[-80.863638755203,35.9253866486133],[-80.8636478315701,35.925227253827],[-80.8636627297746,35.9250624285219],[-80.863665664754,35.9250114725032],[-80.8636693365802,35.9249631781404],[-80.8636738669576,35.9249150254126],[-80.8636795011393,35.9248654258196],[-80.8636857599524,35.9248179725991],[-80.8636928250356,35.9247709438739],[-80.8637013717492,35.924720441652],[-80.8637108578406,35.9246702486451],[-80.8637213234124,35.9246201166444],[-80.8637327532668,35.9245701366201],[-80.8637451321458,35.9245203594495],[-80.8637584447585,35.9244708346038],[-80.8637727196438,35.9244214498064],[-80.8637883963294,35.9243707908457],[-80.8638321079109,35.9242260744532],[-80.8638767884214,35.9240825418254],[-80.8638771392296,35.924081442684],[-80.8639138220569,35.9239587008226],[-80.8647008997056,35.921589847727],[-80.8651303275429,35.9203059644359],[-80.8652947604632,35.9197854195759],[-80.8653323363174,35.9196872478765],[-80.8653778827912,35.9195758056784],[-80.8654158551258,35.9194874297472],[-80.8654609093011,35.919388149768],[-80.8655316897889,35.9192378781531],[-80.8655554640052,35.9191946509533],[-80.8656073714693,35.9190957704662],[-80.8657043402394,35.9189228343461],[-80.8658074271222,35.9187528777346],[-80.865924904137,35.9185737410733],[-80.8660931228959,35.918339004651],[-80.8661900559848,35.9182141424493],[-80.8663586582407,35.9180103894153],[-80.8664157656974,35.9179451562858],[-80.866484409852,35.9178690599102],[-80.866601767058,35.917744744484],[-80.8667244975297,35.9176210381746],[-80.8668845613008,35.91747015446],[-80.8670063202174,35.9173642270678],[-80.8671673051614,35.9172302252257],[-80.8672894690595,35.9171327173608],[-80.8673589734032,35.9170786244048],[-80.8678003071938,35.916770626655],[-80.8679688588657,35.9166575725854],[-80.8681520912377,35.9165455329006],[-80.8689287909258,35.9160787494054],[-80.8694104717431,35.9157876380106],[-80.8696826571861,35.915623133848],[-80.8700953177601,35.9153737274171],[-80.8704705202844,35.9151469608332],[-80.8707785724435,35.9149607748411],[-80.8714302208325,35.9145669150235],[-80.8718487425922,35.9143139545848],[-80.8723224258511,35.9140276504841],[-80.8724684235135,35.9139400333472],[-80.8726150125304,35.9138527614668],[-80.8726973779383,35.9137991931319],[-80.8727737194705,35.9137465394726],[-80.8728270712289,35.9137079964646],[-80.8728963368089,35.9136553008046],[-80.8729391636728,35.9136213099287],[-80.8729854561736,35.9135877307869],[-80.8730661625238,35.9135213358063],[-80.8731249802054,35.9134667155104],[-80.8731792306458,35.9134092651748],[-80.8732258188005,35.9133541495685],[-80.8732763886077,35.9132873631683],[-80.8733091805028,35.9132497545762],[-80.8733627501377,35.9131814203166],[-80.8733816894801,35.9131548638068],[-80.8733993415928,35.9131288039637],[-80.8734203186225,35.9130971277526],[-80.8734522657442,35.9130437618199],[-80.8734793840823,35.9129933223149],[-80.8735093715443,35.9129399090793],[-80.8735388530615,35.9128820953842],[-80.8735658159706,35.9128234713477],[-80.8735903141424,35.912763898981],[-80.8736137690996,35.9126986830552],[-80.8736312707461,35.9126434898718],[-80.8736445085615,35.9125947005141],[-80.8736591711558,35.9125324514844],[-80.8736729847273,35.9124593261231],[-80.8736816171638,35.9123967075516],[-80.8736874953864,35.9123343021989],[-80.8736908515603,35.9122681787036],[-80.8736874166231,35.9122001906708]]},"properties":{"id":"arcgis-164-3-cf95659eba91d767","sourceId":"arcgis-164-3","source":"Fiber_Layer_AGOL \u2014 Conterra_Fiber","sourceUrl":"https://services2.arcgis.com/WbGEgSzGTEPg4fr6/arcgis/rest/services/Fiber_Layer_AGOL/FeatureServer/3","name":"Fiber_Layer_AGOL \u2014 Conterra_Fiber","carrier":"Not published","routeStatus":"Unknown","category":"unknown","evidence":"agency_route","dataDate":null,"metadataModified":"2023-12-22T14:55:19+00:00","retrievedAt":"2026-09-18T02:37:02.056547+00:00","networkType":"Published fiber route; network class not specified","serviceability":"Unconfirmed","routeDiversity":"Unconfirmed","states":["NC"]},"bbox":[-80.8736908515603,35.9122001906708,-80.863638755203,35.9255198542922]},{"type":"Feature","geometry":{"type":"LineString","coordinates":[[-80.8646625976768,35.9333724025563],[-80.8640601208737,35.9318346979188],[-80.8640417385999,35.9317890286575],[-80.8640416698444,35.9317888601893],[-80.8640223855273,35.9317434530005],[-80.8640222969558,35.9317432503686],[-80.8640021507973,35.9316981981896],[-80.864002050678,35.9316979823695],[-80.8639809906388,35.9316531664174],[-80.8639589530996,35.9316084533149],[-80.8639360490588,35.9315640805207],[-80.8639359378305,35.9315638704974],[-80.8639122559132,35.9315200054725],[-80.8639121637825,35.9315198359544],[-80.8638875283415,35.931476138124],[-80.8638620001124,35.9314327282471],[-80.8638618993849,35.9314325609705],[-80.8638356061209,35.9313896530384],[-80.8638354497614,35.9313893986868],[-80.8638083104058,35.9313468532575],[-80.8638082117648,35.9313467014236],[-80.863780226351,35.931304519903],[-80.8637801277752,35.9313043708816],[-80.8637512613037,35.9312624982353],[-80.8637511467925,35.9312623332792],[-80.8637214235492,35.9312208099326],[-80.8637212646248,35.9312205943069],[-80.8636908499926,35.9311796533715],[-80.8636906857025,35.9311794300903],[-80.8636515307659,35.9311268379225],[-80.8636211341368,35.9310808294315],[-80.8635846620942,35.9310212685286],[-80.863550480436,35.9309608159052],[-80.8635186199004,35.9308995294755],[-80.8634891104093,35.9308374692765],[-80.8634619836137,35.9307746953184],[-80.8634372616374,35.9307112670535],[-80.8634149746615,35.9306472557688],[-80.8633905228005,35.930567125454],[-80.8633684521067,35.9304864776539],[-80.8633487944838,35.9304054209088],[-80.8633315604411,35.93032399867],[-80.863316759737,35.9302422593236],[-80.8633044070322,35.930160313783],[-80.8632945019947,35.9300781479861],[-80.8632870483632,35.9299958118174],[-80.8632820524209,35.9299133530122],[-80.8632795152478,35.9298308186816],[-80.8632794345953,35.9297482616148],[-80.8632818175627,35.929665727424],[-80.8632866583458,35.9295832647319],[-80.8632939563278,35.9295009220819],[-80.8633037177404,35.9294186325555],[-80.8633578297916,35.9289955843506],[-80.8633790926597,35.9287850799609],[-80.8633793284163,35.9287827045089],[-80.8633920046413,35.9287548020686],[-80.8635720909,35.9287263199083],[-80.8636024817354,35.9284369266108],[-80.8636763298552,35.9278543727224],[-80.8636941529382,35.9276728971264],[-80.8637012671158,35.9275462797763],[-80.8637038127546,35.9274409937608],[-80.8637018613823,35.9272777201587],[-80.8636927057151,35.926881117444],[-80.8636830648055,35.9265886902477],[-80.8636785601489,35.926488635407],[-80.8636733478341,35.9264457001712],[-80.863654113708,35.9263514531261],[-80.8636445721717,35.9262683954113],[-80.8636449250044,35.9261555932737],[-80.8636459610081,35.9259211844417],[-80.8636434430568,35.9256122789051],[-80.8636391163103,35.9255194395736]]},"properties":{"id":"arcgis-164-3-effb77556312a3ea","sourceId":"arcgis-164-3","source":"Fiber_Layer_AGOL \u2014 Conterra_Fiber","sourceUrl":"https://services2.arcgis.com/WbGEgSzGTEPg4fr6/arcgis/rest/services/Fiber_Layer_AGOL/FeatureServer/3","name":"Fiber_Layer_AGOL \u2014 Conterra_Fiber","carrier":"Not published","routeStatus":"Unknown","category":"unknown","evidence":"agency_route","dataDate":null,"metadataModified":"2023-12-22T14:55:19+00:00","retrievedAt":"2026-09-18T02:37:02.056547+00:00","networkType":"Published fiber route; network class not specified","serviceability":"Unconfirmed","routeDiversity":"Unconfirmed","states":["NC"]},"bbox":[-80.8646625976768,35.9255194395736,-80.8632794345953,35.9333724025563]},{"type":"Feature","geometry":{"type":"LineString","coordinates":[[-80.8756621475704,35.8210384433682],[-80.8756496045095,35.8210399082019],[-80.8755529726206,35.8211140021723],[-80.8752420506176,35.8211295490866],[-80.8749261977795,35.8211320655545],[-80.8746614610304,35.8211290454169],[-80.8743687795564,35.8211203980019],[-80.8740626167216,35.8211035498584],[-80.8737835695559,35.8210862538027],[-80.8734596273311,35.8210577509377],[-80.8730554635877,35.8210178157039],[-80.8725368598793,35.8209712829506],[-80.8721305725802,35.8209340770336],[-80.8708787718931,35.8207975575919],[-80.8706772649102,35.8207750735692],[-80.8698344376424,35.8206810392824],[-80.8694004676373,35.8206326193108],[-80.8658152639757,35.8202331215437],[-80.8655436640498,35.8202060072337],[-80.8653568236652,35.8201889461777],[-80.8653051640193,35.8205297768406],[-80.8653126347055,35.8209014978874],[-80.865316287222,35.8210832249371],[-80.8653148207287,35.8212115033081],[-80.8653116151903,35.8214919953757],[-80.8653052381579,35.8220500034273],[-80.8652898651062,35.8233952893941],[-80.8649956536777,35.8233894635103]]},"properties":{"id":"arcgis-164-3-0db3ede19efd189a","sourceId":"arcgis-164-3","source":"Fiber_Layer_AGOL \u2014 Conterra_Fiber","sourceUrl":"https://services2.arcgis.com/WbGEgSzGTEPg4fr6/arcgis/rest/services/Fiber_Layer_AGOL/FeatureServer/3","name":"Fiber_Layer_AGOL \u2014 Conterra_Fiber","carrier":"Not published","routeStatus":"Unknown","category":"unknown","evidence":"agency_route","dataDate":null,"metadataModified":"2023-12-22T14:55:19+00:00","retrievedAt":"2026-09-18T02:37:02.056547+00:00","networkType":"Published fiber route; network class not specified","serviceability":"Unconfirmed","routeDiversity":"Unconfirmed","states":["NC"]},"bbox":[-80.8756621475704,35.8201889461777,-80.8649956536777,35.8233952893941]},{"type":"Feature","geometry":{"type":"LineString","coordinates":[[-80.8633790926597,35.9287850799609],[-80.8641978759354,35.9286170750113],[-80.8659688987676,35.9282536575669],[-80.8671163562652,35.9280123036261]]},"properties":{"id":"arcgis-164-3-f053baf2ae30c77e","sourceId":"arcgis-164-3","source":"Fiber_Layer_AGOL \u2014 Conterra_Fiber","sourceUrl":"https://services2.arcgis.com/WbGEgSzGTEPg4fr6/arcgis/rest/services/Fiber_Layer_AGOL/FeatureServer/3","name":"Fiber_Layer_AGOL \u2014 Conterra_Fiber","carrier":"Not published","routeStatus":"Unknown","category":"unknown","evidence":"agency_route","dataDate":null,"metadataModified":"2023-12-22T14:55:19+00:00","retrievedAt":"2026-09-18T02:37:02.056547+00:00","networkType":"Published fiber route; network class not specified","serviceability":"Unconfirmed","routeDiversity":"Unconfirmed","states":["NC"]},"bbox":[-80.8671163562652,35.9280123036261,-80.8633790926597,35.9287850799609]},{"type":"Feature","geometry":{"type":"LineString","coordinates":[[-80.8633787001519,35.928785160514],[-80.863378985928,35.9287851019891]]},"properties":{"id":"arcgis-164-3-936839e827292871","sourceId":"arcgis-164-3","source":"Fiber_Layer_AGOL \u2014 Conterra_Fiber","sourceUrl":"https://services2.arcgis.com/WbGEgSzGTEPg4fr6/arcgis/rest/services/Fiber_Layer_AGOL/FeatureServer/3","name":"Fiber_Layer_AGOL \u2014 Conterra_Fiber","carrier":"Not published","routeStatus":"Unknown","category":"unknown","evidence":"agency_route","dataDate":null,"metadataModified":"2023-12-22T14:55:19+00:00","retrievedAt":"2026-09-18T02:37:02.056547+00:00","networkType":"Published fiber route; network class not specified","serviceability":"Unconfirmed","routeDiversity":"Unconfirmed","states":["NC"]},"bbox":[-80.863378985928,35.9287851019891,-80.8633787001519,35.928785160514]},{"type":"Feature","geometry":{"type":"LineString","coordinates":[[-80.9128811176918,35.9118791337388],[-80.9130172548479,35.9118650660438],[-80.9138015256792,35.9117840181691],[-80.9148452573744,35.9116745809919],[-80.9150186382757,35.9116543063224],[-80.9156311834826,35.9116008332677],[-80.9158540031658,35.9116112509587],[-80.9165176919553,35.9116821270444],[-80.9181860707193,35.911891625144],[-80.9188758219154,35.911983644524],[-80.9191543808527,35.912012623209],[-80.9196739080714,35.9120295656206],[-80.9202469009408,35.9120251016554],[-80.9210786918177,35.9119746838198],[-80.9218281775653,35.9119354269425],[-80.9226805025844,35.9119055948009],[-80.9236289579954,35.9118722237875],[-80.9241071133413,35.9118280015854],[-80.9242981623263,35.9118042549673],[-80.9246573634614,35.9117444958173],[-80.9248595466867,35.9116957683644],[-80.9252340839742,35.9115477212378],[-80.9259313735378,35.9112597204557],[-80.9266416050179,35.9109663664823],[-80.9272086740118,35.9107304844948],[-80.9274094427318,35.9106571494064],[-80.9275898253438,35.9106021883597],[-80.9276904708924,35.9105747528845],[-80.9278715470306,35.9105279948763],[-80.9280558923511,35.9104911642101],[-80.9282191424033,35.9104671099679],[-80.9284306827656,35.9104477753465],[-80.9286432841247,35.9104411538985],[-80.9290109509593,35.9104419557377],[-80.9297191849463,35.9104434965375],[-80.9305162648186,35.9104481061065],[-80.9315075799738,35.9104546229343],[-80.9320088682866,35.9104579161337],[-80.9324736209314,35.9104609671825],[-80.9325585408323,35.9104615241656],[-80.9327051744931,35.9104479856284],[-80.9329055046332,35.9104169521605],[-80.9330309116615,35.9103900097839],[-80.9332235158794,35.9103365496616],[-80.9337906358742,35.9101624241522],[-80.9341606749617,35.9100487806775],[-80.9344711709863,35.909952909237],[-80.9347392503829,35.9098926332594],[-80.9348984069146,35.9098808166083],[-80.9349867797387,35.9098769742746],[-80.9352307571188,35.9098943301505],[-80.9353734607847,35.9099162329926],[-80.9355815472932,35.909966688835],[-80.9357931613787,35.9100432017889],[-80.9359669875076,35.9101284229],[-80.9362273368666,35.9102976085537],[-80.9364989954089,35.9104832392842],[-80.9368376664417,35.910714659163],[-80.937238302177,35.9109889048294],[-80.9377761495668,35.9113567746705],[-80.9380215954258,35.9115212707666],[-80.9384135493139,35.9117839535001],[-80.9388635708327,35.9120855478406],[-80.9391611774986,35.9122898629109],[-80.9394223212131,35.9124736889925],[-80.9395971400675,35.9125956431438],[-80.9397073396457,35.9126637294547],[-80.9398602654894,35.9127479591594],[-80.9400193753986,35.9128243239892],[-80.9401629054862,35.9128844118226],[-80.9404182608839,35.9129724536374],[-80.9406379862523,35.9130307614946],[-80.9408175269341,35.9130673199982],[-80.9409995548964,35.9130947175423],[-80.9412021787943,35.9131141607637],[-80.9415456520413,35.9131211510631],[-80.9419227531259,35.9131122194873],[-80.9424425622007,35.9131004276039],[-80.9429834182549,35.9130995501157],[-80.9431170677048,35.9131018940722],[-80.9433845302735,35.9131091414671],[-80.9436161985654,35.9131186958881],[-80.9439962057714,35.9131461103329],[-80.9443530635616,35.9131840328744],[-80.9449868574035,35.9132543961161],[-80.9452542074844,35.9132840765265],[-80.9455412686678,35.9133162106875],[-80.9457079254478,35.9133259086365],[-80.9459775009951,35.9133190322582],[-80.9461709186597,35.9132967477265],[-80.9463751029646,35.9132628262312],[-80.9465507562198,35.9132269102822],[-80.9468066984925,35.9131622476364],[-80.9469931554795,35.9131038422206],[-80.9473365895914,35.9129927583172],[-80.9475943780078,35.9129164300944],[-80.9478484688667,35.9128500074097],[-80.9486942437153,35.9126307389027],[-80.9496007776269,35.9123986460405],[-80.9503942764171,35.9121956759261],[-80.9509981071514,35.9120507734627],[-80.9515859626607,35.9119223990571],[-80.9517577395869,35.9118928808897],[-80.9518860833667,35.9118723575753],[-80.9521905074746,35.9118705378961],[-80.9522337691235,35.9120458269312],[-80.952243105474,35.9120728109921],[-80.9522443346009,35.912076869713],[-80.9528030614506,35.9140928783699],[-80.9535641575412,35.9168401244194],[-80.9537774883602,35.9176167937159],[-80.9538873679923,35.9180135148215],[-80.953911100935,35.9180992084415],[-80.953989046041,35.9183806268885],[-80.9540712959467,35.9186776047213],[-80.9541517476454,35.9189680744723],[-80.954428220737,35.9199662691604],[-80.9544681924347,35.9201105822608],[-80.9546299342249,35.9206945293714],[-80.9548109829944,35.9213481696266],[-80.9548759761809,35.9215833218135],[-80.9548978720917,35.9216650970504],[-80.9549779780804,35.9219796493137],[-80.9550724980965,35.9223172717423],[-80.9551416757129,35.9225907368728],[-80.955176242119,35.9227198237033],[-80.9552538821031,35.9229946675975],[-80.9553568840132,35.9233793238038],[-80.955429556543,35.9236507223461],[-80.9556974004858,35.9243355772262],[-80.9557006817443,35.9243465801366],[-80.9559299748097,35.9251148794348],[-80.9559471372185,35.9251723901839],[-80.9560644529154,35.9254175958776],[-80.95616507679,35.9256074904943],[-80.9562728830109,35.9257945097056],[-80.9563294800046,35.9258869568474],[-80.9563965704291,35.9259920525656],[-80.9565098184354,35.9261596630598],[-80.9566381429733,35.9263366726516],[-80.9567301081329,35.9264247358237],[-80.9569057360844,35.9265799307887],[-80.9570280306724,35.926679125602],[-80.9571545332018,35.9267749404528],[-80.9572186995845,35.9268211003032],[-80.9582958749973,35.9274586111603],[-80.9587942373774,35.927330358107],[-80.9596696691842,35.9280108594515]]},"properties":{"id":"arcgis-164-3-ebd56aa64bc2f673","sourceId":"arcgis-164-3","source":"Fiber_Layer_AGOL \u2014 Conterra_Fiber","sourceUrl":"https://services2.arcgis.com/WbGEgSzGTEPg4fr6/arcgis/rest/services/Fiber_Layer_AGOL/FeatureServer/3","name":"Fiber_Layer_AGOL \u2014 Conterra_Fiber","carrier":"Not published","routeStatus":"Unknown","category":"unknown","evidence":"agency_route","dataDate":null,"metadataModified":"2023-12-22T14:55:19+00:00","retrievedAt":"2026-09-18T02:37:02.056547+00:00","networkType":"Published fiber route; network class not specified","serviceability":"Unconfirmed","routeDiversity":"Unconfirmed","states":["NC"]},"bbox":[-80.9596696691842,35.9098769742746,-80.9128811176918,35.9280108594515]},{"type":"Feature","geometry":{"type":"LineString","coordinates":[[-80.8925181298777,35.9118611548813],[-80.891224790097,35.9118091687952],[-80.8909850347509,35.9117995004207],[-80.8906576377961,35.911794507616],[-80.8903304641692,35.9117880452823],[-80.8900033538353,35.91178010957],[-80.889349262597,35.9117598182449],[-80.8890065110672,35.9117468303532],[-80.8871269744996,35.9116715542615],[-80.886353902306,35.9116405840709],[-80.8857805551771,35.911617612159],[-80.8853469202358,35.9116002359426],[-80.8850405899245,35.9115879592636],[-80.8836307882304,35.9115314528604],[-80.8834874960213,35.9115182519348],[-80.8833431640405,35.911508996103],[-80.8831263434515,35.9115026314748],[-80.8829094790965,35.9115052896932],[-80.8826208189374,35.9115228666582],[-80.8824157847085,35.9115452161249],[-80.8822123277861,35.9115756638149],[-80.8819444864492,35.9116287043598],[-80.8815477463853,35.9117226710992],[-80.8812940479795,35.9117953308855],[-80.880712911835,35.9119672120978],[-80.8805332889601,35.9120144575356],[-80.8802768156843,35.912080317345],[-80.8800196933581,35.9121444625675],[-80.8797615541146,35.9122069874956],[-80.8793764801924,35.912298617744],[-80.8789945626243,35.9123864708228],[-80.8787387552634,35.9124408797712],[-80.8784820605878,35.9124919508277],[-80.8782241894626,35.9125397426001],[-80.8779652260681,35.9125842298702],[-80.8778383152222,35.9126047571715],[-80.8776449708563,35.9126348762322],[-80.8775448001998,35.9126473154963],[-80.8773765380508,35.9126595123429],[-80.8773089117016,35.9126613863852],[-80.877238165332,35.912661499945],[-80.8772028638995,35.9126608493896],[-80.8771675775278,35.9126597308298],[-80.8770969362966,35.9126560724535],[-80.8770616246728,35.9126535326753],[-80.8770121975427,35.9126491054534],[-80.8767832848523,35.9126252566203],[-80.876542214501,35.9125977003052],[-80.8760259229304,35.9125195684677],[-80.8755891769091,35.9124534736691],[-80.8748957890854,35.9123485374545],[-80.8740808555905,35.9122252013627],[-80.8740297672897,35.9122169480304],[-80.8739788807104,35.9122079973208],[-80.8739284097256,35.912198399408],[-80.8738554268371,35.9121849471935],[-80.8736897087444,35.9121953048119]]},"properties":{"id":"arcgis-164-3-40a486898e064cc4","sourceId":"arcgis-164-3","source":"Fiber_Layer_AGOL \u2014 Conterra_Fiber","sourceUrl":"https://services2.arcgis.com/WbGEgSzGTEPg4fr6/arcgis/rest/services/Fiber_Layer_AGOL/FeatureServer/3","name":"Fiber_Layer_AGOL \u2014 Conterra_Fiber","carrier":"Not published","routeStatus":"Unknown","category":"unknown","evidence":"agency_route","dataDate":null,"metadataModified":"2023-12-22T14:55:19+00:00","retrievedAt":"2026-09-18T02:37:02.056547+00:00","networkType":"Published fiber route; network class not specified","serviceability":"Unconfirmed","routeDiversity":"Unconfirmed","states":["NC"]},"bbox":[-80.8925181298777,35.9115026314748,-80.8736897087444,35.912661499945]},{"type":"Feature","geometry":{"type":"LineString","coordinates":[[-80.8925181298777,35.9118611548813],[-80.8925867864273,35.9118584840759],[-80.8935633829706,35.9118977282909],[-80.8943041872137,35.9119274551391],[-80.8950094438249,35.9119593854138],[-80.8956033052964,35.9119899874182],[-80.8963507289248,35.9120312101357],[-80.8976444618182,35.9121031463553],[-80.8990485915792,35.9121865304114],[-80.8995499602695,35.9122218637269],[-80.900047888768,35.9122619304282],[-80.9003318780866,35.9122872047892],[-80.9006704836526,35.9123019017311],[-80.901515883861,35.9123021379204],[-80.9021296621863,35.9122834963666],[-80.902970417834,35.9122404193536],[-80.9037062702039,35.9121854601853],[-80.9040824465167,35.9121647920992],[-80.9044089969108,35.9121721410541],[-80.904845974902,35.9122038538542],[-80.905194777199,35.9122476020744],[-80.9053725488544,35.912270203608],[-80.9055999970532,35.9122846453954],[-80.9059287198522,35.9122985360276],[-80.9061788316581,35.912294716805],[-80.9066066283932,35.9122680602206],[-80.9070369272165,35.9122394989977],[-80.9081458290643,35.9121699159418],[-80.9086406231413,35.9121479604069],[-80.9093026463638,35.9121185699015],[-80.90995220759,35.9120897282032],[-80.9105754218925,35.9120620524678],[-80.9109814222377,35.9120426988993],[-80.9115418666782,35.9120062774046],[-80.9122614925425,35.9119431628462],[-80.9128649482375,35.9118808053062]]},"properties":{"id":"arcgis-164-3-889235fcecc52a33","sourceId":"arcgis-164-3","source":"Fiber_Layer_AGOL \u2014 Conterra_Fiber","sourceUrl":"https://services2.arcgis.com/WbGEgSzGTEPg4fr6/arcgis/rest/services/Fiber_Layer_AGOL/FeatureServer/3","name":"Fiber_Layer_AGOL \u2014 Conterra_Fiber","carrier":"Not published","routeStatus":"Unknown","category":"unknown","evidence":"agency_route","dataDate":null,"metadataModified":"2023-12-22T14:55:19+00:00","retrievedAt":"2026-09-18T02:37:02.056547+00:00","networkType":"Published fiber route; network class not specified","serviceability":"Unconfirmed","routeDiversity":"Unconfirmed","states":["NC"]},"bbox":[-80.9128649482375,35.9118584840759,-80.8925181298777,35.9123021379204]},{"type":"Feature","geometry":{"type":"LineString","coordinates":[[-80.9065878375411,35.7847137140837],[-80.9065852077191,35.7847445046165],[-80.9065866567423,35.7847360617881],[-80.9064336205034,35.7846986521909],[-80.9061232813045,35.7846660744977],[-80.9055870252889,35.7846149071687],[-80.9050359296127,35.7845553756659],[-80.9046676620978,35.7845194964457],[-80.9043244069278,35.7844879951154],[-80.9039094670904,35.7844416184732],[-80.9037660420761,35.7844320057128],[-80.9031330426099,35.7844632453617],[-80.9026975087189,35.7844781145614],[-80.9018680954162,35.7845814795042],[-80.9010826146907,35.7846020275884],[-80.9006579226806,35.7847353204451],[-80.9004181870145,35.7848149045849],[-80.9001030001903,35.7849197986694],[-80.8995926315018,35.785089757731],[-80.899262321034,35.7852029686224],[-80.8989509574637,35.7853091126701],[-80.8986401583879,35.7854156536935],[-80.898305506667,35.7855297997506],[-80.8980769301902,35.785607590907],[-80.8975650621753,35.7856777984103]]},"properties":{"id":"arcgis-164-3-6e563824b4474899","sourceId":"arcgis-164-3","source":"Fiber_Layer_AGOL \u2014 Conterra_Fiber","sourceUrl":"https://services2.arcgis.com/WbGEgSzGTEPg4fr6/arcgis/rest/services/Fiber_Layer_AGOL/FeatureServer/3","name":"Fiber_Layer_AGOL \u2014 Conterra_Fiber","carrier":"Not published","routeStatus":"Unknown","category":"unknown","evidence":"agency_route","dataDate":null,"metadataModified":"2023-12-22T14:55:19+00:00","retrievedAt":"2026-09-18T02:37:02.056547+00:00","networkType":"Published fiber route; network class not specified","serviceability":"Unconfirmed","routeDiversity":"Unconfirmed","states":["NC"]},"bbox":[-80.9065878375411,35.7844320057128,-80.8975650621753,35.7856777984103]},{"type":"Feature","geometry":{"type":"LineString","coordinates":[[-80.8868986148819,35.7868768893676],[-80.8867304006408,35.7869346102688],[-80.8863129246091,35.786095468961],[-80.8860103362826,35.7855070770198],[-80.8854288697834,35.7844465082597],[-80.8852959525249,35.7841898540321],[-80.885178550387,35.7839278293928],[-80.8850262048893,35.7836336630711],[-80.8849332184992,35.7834584384641],[-80.8846878526479,35.7829711296383],[-80.8845851153223,35.7827802733442],[-80.8844929725036,35.7826082690226],[-80.8844022089589,35.7824393496609],[-80.8843316547546,35.7823077281826],[-80.8840486680799,35.7817820774692],[-80.8839752057045,35.7816451518317],[-80.8839059234529,35.7815169326347],[-80.8838454548901,35.7814046294863],[-80.8837713441451,35.7812615931551],[-80.8837156806719,35.781164255079],[-80.8836464320153,35.7810363679323],[-80.8835889943751,35.7809296684778],[-80.8837190637742,35.7808824416838],[-80.8828856359065,35.7793590591413],[-80.8828422942883,35.7792763733705],[-80.8822945478647,35.7794670231133],[-80.8819558088164,35.7795849229096],[-80.881848534119,35.7796222599267],[-80.8814444214502,35.7797538828238],[-80.8808776051586,35.7799525380029],[-80.8807036779684,35.7800134939921],[-80.8804976886544,35.7800668847474],[-80.8802202990047,35.7801459194396],[-80.8798997202342,35.7802281495925],[-80.8796343675776,35.7802887226201],[-80.8793805935416,35.7803423550007],[-80.8792498393654,35.7803642633457],[-80.8786800915053,35.7803790240995],[-80.8786792711908,35.7803549314425]]},"properties":{"id":"arcgis-164-3-1cc9fb272085bcc5","sourceId":"arcgis-164-3","source":"Fiber_Layer_AGOL \u2014 Conterra_Fiber","sourceUrl":"https://services2.arcgis.com/WbGEgSzGTEPg4fr6/arcgis/rest/services/Fiber_Layer_AGOL/FeatureServer/3","name":"Fiber_Layer_AGOL \u2014 Conterra_Fiber","carrier":"Not published","routeStatus":"Unknown","category":"unknown","evidence":"agency_route","dataDate":null,"metadataModified":"2023-12-22T14:55:19+00:00","retrievedAt":"2026-09-18T02:37:02.056547+00:00","networkType":"Published fiber route; network class not specified","serviceability":"Unconfirmed","routeDiversity":"Unconfirmed","states":["NC"]},"bbox":[-80.8868986148819,35.7792763733705,-80.8786792711908,35.7869346102688]},{"type":"Feature","geometry":{"type":"LineString","coordinates":[[-80.8786792710928,35.7803549272234],[-80.8786785734602,35.7803258586856],[-80.8785192224114,35.7800719915964],[-80.8785050306471,35.780073743243]]},"properties":{"id":"arcgis-164-3-f883d76936e9c782","sourceId":"arcgis-164-3","source":"Fiber_Layer_AGOL \u2014 Conterra_Fiber","sourceUrl":"https://services2.arcgis.com/WbGEgSzGTEPg4fr6/arcgis/rest/services/Fiber_Layer_AGOL/FeatureServer/3","name":"Fiber_Layer_AGOL \u2014 Conterra_Fiber","carrier":"Not published","routeStatus":"Unknown","category":"unknown","evidence":"agency_route","dataDate":null,"metadataModified":"2023-12-22T14:55:19+00:00","retrievedAt":"2026-09-18T02:37:02.056547+00:00","networkType":"Published fiber route; network class not specified","serviceability":"Unconfirmed","routeDiversity":"Unconfirmed","states":["NC"]},"bbox":[-80.8786792710928,35.7800719915964,-80.8785050306471,35.7803549272234]},{"type":"Feature","geometry":{"type":"LineString","coordinates":[[-80.8960572721729,35.7827894566811],[-80.8960697278368,35.782803126839],[-80.8966003434029,35.7838602895314],[-80.8966331492704,35.7838493453841]]},"properties":{"id":"arcgis-164-3-322ce69510e3946c","sourceId":"arcgis-164-3","source":"Fiber_Layer_AGOL \u2014 Conterra_Fiber","sourceUrl":"https://services2.arcgis.com/WbGEgSzGTEPg4fr6/arcgis/rest/services/Fiber_Layer_AGOL/FeatureServer/3","name":"Fiber_Layer_AGOL \u2014 Conterra_Fiber","carrier":"Not published","routeStatus":"Unknown","category":"unknown","evidence":"agency_route","dataDate":null,"metadataModified":"2023-12-22T14:55:19+00:00","retrievedAt":"2026-09-18T02:37:02.056547+00:00","networkType":"Published fiber route; network class not specified","serviceability":"Unconfirmed","routeDiversity":"Unconfirmed","states":["NC"]},"bbox":[-80.8966331492704,35.7827894566811,-80.8960572721729,35.7838602895314]},{"type":"Feature","geometry":{"type":"LineString","coordinates":[[-80.9066034788561,35.7847318381438],[-80.9066331509466,35.7843764830488],[-80.9066723699014,35.7839908023935],[-80.906688388225,35.7838209169141],[-80.9066983585158,35.78375269831],[-80.9067448000845,35.7836535582941],[-80.9071495949244,35.7831658995348],[-80.9078047923736,35.7824142735002],[-80.9078998477097,35.7823043820471],[-80.9080847792567,35.7820595524937],[-80.9082265045331,35.7818597688633],[-80.908735087322,35.7808716536783],[-80.9087386742451,35.7808507686464],[-80.9088286015755,35.7806910695322],[-80.9089390624604,35.7804938943065],[-80.9091013237831,35.780176693879],[-80.9092611434646,35.7798827906704]]},"properties":{"id":"arcgis-164-3-24bba9debcb5efe9","sourceId":"arcgis-164-3","source":"Fiber_Layer_AGOL \u2014 Conterra_Fiber","sourceUrl":"https://services2.arcgis.com/WbGEgSzGTEPg4fr6/arcgis/rest/services/Fiber_Layer_AGOL/FeatureServer/3","name":"Fiber_Layer_AGOL \u2014 Conterra_Fiber","carrier":"Not published","routeStatus":"Unknown","category":"unknown","evidence":"agency_route","dataDate":null,"metadataModified":"2023-12-22T14:55:19+00:00","retrievedAt":"2026-09-18T02:37:02.056547+00:00","networkType":"Published fiber route; network class not specified","serviceability":"Unconfirmed","routeDiversity":"Unconfirmed","states":["NC"]},"bbox":[-80.9092611434646,35.7798827906704,-80.9066034788561,35.7847318381438]},{"type":"Feature","geometry":{"type":"LineString","coordinates":[[-81.0119507920656,35.8443502596286],[-81.0119425695088,35.8443623270536],[-81.0119770831165,35.844363508999],[-81.0120260574626,35.844380018652],[-81.0124975819589,35.8445389763107]]},"properties":{"id":"arcgis-164-3-2c5c481c31fb0794","sourceId":"arcgis-164-3","source":"Fiber_Layer_AGOL \u2014 Conterra_Fiber","sourceUrl":"https://services2.arcgis.com/WbGEgSzGTEPg4fr6/arcgis/rest/services/Fiber_Layer_AGOL/FeatureServer/3","name":"Fiber_Layer_AGOL \u2014 Conterra_Fiber","carrier":"Not published","routeStatus":"Unknown","category":"unknown","evidence":"agency_route","dataDate":null,"metadataModified":"2023-12-22T14:55:19+00:00","retrievedAt":"2026-09-18T02:37:02.056547+00:00","networkType":"Published fiber route; network class not specified","serviceability":"Unconfirmed","routeDiversity":"Unconfirmed","states":["NC"]},"bbox":[-81.0124975819589,35.8443502596286,-81.0119425695088,35.8445389763107]},{"type":"Feature","geometry":{"type":"LineString","coordinates":[[-80.8025054695669,35.806959312629],[-80.8025338709015,35.806958146873],[-80.8028114720048,35.8069532824751],[-80.804566709631,35.8070201599789],[-80.8051916469916,35.8070255788091],[-80.8058858369283,35.807138094184],[-80.8067469808412,35.8072786396621],[-80.8077915729697,35.8075317487413],[-80.8084026645448,35.807668279801],[-80.8090130013613,35.8078086125664],[-80.8098126613788,35.8080020101893],[-80.8110329340743,35.8082821863148],[-80.8113043851238,35.8082920061711],[-80.8121513305553,35.8084708796686],[-80.8124222009127,35.8085247932115],[-80.8136905599644,35.8088016313781],[-80.8146200115599,35.8090153332745],[-80.8152869172967,35.8091674012531],[-80.8160461785386,35.8093396174141],[-80.816735717426,35.8094562824698],[-80.817718327881,35.8095725064955],[-80.8186561366195,35.8096729214133],[-80.8194454376793,35.8097658028406],[-80.8205835570427,35.8098936517811],[-80.8215106123908,35.810006893789],[-80.8218381331106,35.8100406470094],[-80.822566352193,35.8101260845808],[-80.8233108828566,35.810210861552],[-80.8243216816194,35.8103363771019],[-80.8249732126236,35.8104093323178],[-80.8257902674867,35.8104894677254],[-80.826583877997,35.8105898545069],[-80.8275618848366,35.8107058371199]]},"properties":{"id":"arcgis-164-3-5d72986790c0b8d8","sourceId":"arcgis-164-3","source":"Fiber_Layer_AGOL \u2014 Conterra_Fiber","sourceUrl":"https://services2.arcgis.com/WbGEgSzGTEPg4fr6/arcgis/rest/services/Fiber_Layer_AGOL/FeatureServer/3","name":"Fiber_Layer_AGOL \u2014 Conterra_Fiber","carrier":"Not published","routeStatus":"Unknown","category":"unknown","evidence":"agency_route","dataDate":null,"metadataModified":"2023-12-22T14:55:19+00:00","retrievedAt":"2026-09-18T02:37:02.056547+00:00","networkType":"Published fiber route; network class not specified","serviceability":"Unconfirmed","routeDiversity":"Unconfirmed","states":["NC"]},"bbox":[-80.8275618848366,35.8069532824751,-80.8025054695669,35.8107058371199]},{"type":"Feature","geometry":{"type":"LineString","coordinates":[[-80.8640639266455,35.8319779853143],[-80.8640409051242,35.8323993593262],[-80.8640350424966,35.8331721283923],[-80.8634180841632,35.8333801492361],[-80.8624539732238,35.8334698413789],[-80.8614282209726,35.8335742514266],[-80.8602949493409,35.8336718865066],[-80.8594132934155,35.8338437371105],[-80.8586939297115,35.8342140898111],[-80.8580151569308,35.8346125477543],[-80.8576908847326,35.8348284646037],[-80.8572525002842,35.8358320965361],[-80.8561298046231,35.8358312656228],[-80.8550202172101,35.835838866388],[-80.8541025957503,35.8358419046645],[-80.8535742865336,35.8358452841569],[-80.8526674794903,35.8358539679697],[-80.8519965813842,35.8358545113317],[-80.8513650272521,35.835849063859],[-80.8506724361463,35.8358494032504],[-80.8507118163988,35.8349345522991],[-80.8508949342131,35.8344680250295],[-80.8509238048094,35.8336336417189],[-80.8509413502423,35.8330775675662],[-80.8509479605658,35.832401127812],[-80.8509818085111,35.8316779316187],[-80.850711735627,35.8309557754556],[-80.850701367386,35.8309461863052],[-80.8501052054972,35.8309281142697],[-80.8491142622407,35.830889579046],[-80.8481343103852,35.8308510935146],[-80.8478204455221,35.8308337928733],[-80.8472412458225,35.8308174924347],[-80.8471255272311,35.8308137425682],[-80.846045987045,35.8307583493952],[-80.8449855850292,35.8306957332468],[-80.844041184807,35.8306915508157],[-80.8429855529308,35.8306148070172],[-80.8419297943942,35.8305753174903],[-80.8408690254963,35.8305144022695],[-80.8397859300617,35.8304589350211],[-80.8387388782984,35.8304134424942],[-80.8380514455232,35.8304200510535],[-80.8378481177898,35.8304402635474],[-80.836821530109,35.8305046715443],[-80.8357462187027,35.8305592829855],[-80.8346965144694,35.8306165101004],[-80.8344136764909,35.8306995920646],[-80.8334001394007,35.8307460556649],[-80.8318526143347,35.8308244935185],[-80.830773214336,35.830886859299],[-80.8306247715528,35.8303807759802],[-80.8304365568086,35.8297234733407],[-80.8303799902714,35.8289558538004],[-80.8303252767422,35.8281819795721],[-80.83028261813,35.8275216800721],[-80.8301918977503,35.8267588615252],[-80.8301066480149,35.8260895784639],[-80.8300671360616,35.8257892320339],[-80.8300254317526,35.8254230117428],[-80.8299100199527,35.8248044263136],[-80.829842706869,35.8243662480137],[-80.8297813773131,35.8240027763601],[-80.8297064541053,35.8235237077747],[-80.8297827390788,35.8225403265727],[-80.8299701703631,35.8222216711327],[-80.8301590650626,35.821940863328]]},"properties":{"id":"arcgis-164-3-02df49d98fe2923d","sourceId":"arcgis-164-3","source":"Fiber_Layer_AGOL \u2014 Conterra_Fiber","sourceUrl":"https://services2.arcgis.com/WbGEgSzGTEPg4fr6/arcgis/rest/services/Fiber_Layer_AGOL/FeatureServer/3","name":"Fiber_Layer_AGOL \u2014 Conterra_Fiber","carrier":"Not published","routeStatus":"Unknown","category":"unknown","evidence":"agency_route","dataDate":null,"metadataModified":"2023-12-22T14:55:19+00:00","retrievedAt":"2026-09-18T02:37:02.056547+00:00","networkType":"Published fiber route; network class not specified","serviceability":"Unconfirmed","routeDiversity":"Unconfirmed","states":["NC"]},"bbox":[-80.8640639266455,35.821940863328,-80.8297064541053,35.8358545113317]},{"type":"Feature","geometry":{"type":"LineString","coordinates":[[-80.8236393045062,35.818964518559],[-80.8240453357868,35.8181472145795],[-80.8243168689894,35.817568224038],[-80.8251663899026,35.8158829951492],[-80.8254835767243,35.8152554336759],[-80.825849984793,35.8145211149591],[-80.8261995349543,35.813802519919],[-80.8265849482886,35.8130164907776],[-80.8268308898763,35.8124919570759],[-80.82708505007,35.8118803531918],[-80.8273690270434,35.8112372841233],[-80.8275628460021,35.8107157325012],[-80.827564775668,35.8105291626121],[-80.8275614511515,35.8101930889935],[-80.8275548274322,35.8098292219958],[-80.8275392415204,35.8093723535591],[-80.8275325392557,35.808995643867],[-80.8275927759932,35.8084469438638],[-80.8276344641753,35.8080715819613],[-80.8276673856342,35.8077432225892],[-80.8277265191726,35.8071531353922],[-80.8277816493165,35.8066804705464],[-80.8278278148179,35.8062698510665],[-80.8278674496652,35.8058534143939],[-80.8279120280429,35.8054416515853],[-80.8279582909553,35.8050223382118],[-80.8280217691723,35.8046226212899],[-80.8281345559903,35.8041759566442],[-80.8282514894851,35.8037239693938],[-80.8284005590139,35.803122742642],[-80.8285699607345,35.8024654338896],[-80.8287206150158,35.8018580115067],[-80.8288589415768,35.8012903955549],[-80.828879765428,35.8007088251108],[-80.8287287320709,35.8001642448799],[-80.8285211433598,35.7997962523469],[-80.8295070332145,35.7995254886065],[-80.8302612444264,35.7992029552254],[-80.8309566501845,35.7988929023508],[-80.8316254372284,35.7985949519531],[-80.8321755167426,35.7983560494373],[-80.83280677716,35.7980798994054],[-80.8333202792272,35.7978526601399],[-80.8335652782732,35.7977476836584],[-80.8338783379274,35.7976025901091],[-80.8343134435719,35.7974163987691],[-80.8350511277548,35.797110036031],[-80.8357212383016,35.7967762494936],[-80.8357231527006,35.7967758393925],[-80.8365020012707,35.796654537684],[-80.8371774798673,35.7965533123402],[-80.8372799300312,35.7968716200051],[-80.8374600080436,35.7972839197797],[-80.8374572870962,35.7975644904284],[-80.8374410390351,35.7980019748685],[-80.8374407252068,35.798470220296],[-80.8374231309853,35.7993310285475],[-80.8374120835072,35.8001233009075],[-80.8374090534629,35.8017220184883],[-80.8373808762692,35.8025077794677],[-80.837389805267,35.8029486812826],[-80.8375153631903,35.8034913415498],[-80.8375570917264,35.803656668985],[-80.8376991769934,35.8042625236371]]},"properties":{"id":"arcgis-164-3-8f660c28c357e9db","sourceId":"arcgis-164-3","source":"Fiber_Layer_AGOL \u2014 Conterra_Fiber","sourceUrl":"https://services2.arcgis.com/WbGEgSzGTEPg4fr6/arcgis/rest/services/Fiber_Layer_AGOL/FeatureServer/3","name":"Fiber_Layer_AGOL \u2014 Conterra_Fiber","carrier":"Not published","routeStatus":"Unknown","category":"unknown","evidence":"agency_route","dataDate":null,"metadataModified":"2023-12-22T14:55:19+00:00","retrievedAt":"2026-09-18T02:37:02.056547+00:00","networkType":"Published fiber route; network class not specified","serviceability":"Unconfirmed","routeDiversity":"Unconfirmed","states":["NC"]},"bbox":[-80.8376991769934,35.7965533123402,-80.8236393045062,35.818964518559]},{"type":"Feature","geometry":{"type":"LineString","coordinates":[[-80.8570172345337,35.790812795696],[-80.8570833764664,35.7905933992827],[-80.8573752429511,35.7898206799153],[-80.8574100910101,35.7897410858961],[-80.8576007224699,35.7892413593023],[-80.8576680802825,35.7890553631363],[-80.8577644148759,35.7887893445686],[-80.8578583921991,35.7885298397308],[-80.8579176637524,35.7883661697595],[-80.857976403316,35.788203968182],[-80.8580405582623,35.7880268071182],[-80.8580975258214,35.7878694924844],[-80.8581693228737,35.7876712328372],[-80.8582408069236,35.7874738318684],[-80.8583102076084,35.7872764766888],[-80.8583849721929,35.7870757201354],[-80.8584562028528,35.7868790220611],[-80.8585381756074,35.7866526518227],[-80.8586227066706,35.7864192144948],[-80.858695173301,35.7862190976814],[-80.8588120873493,35.785893452037],[-80.858888402398,35.7856854788036],[-80.8589735022824,35.7854504722369],[-80.8590604376628,35.7852103841237],[-80.8591549781438,35.7849667625849],[-80.8592162886085,35.7847799894515],[-80.8592780244497,35.7846184918062],[-80.8593544049763,35.7844208308693],[-80.8594121661245,35.7842598038973],[-80.8594204593905,35.7842333886666],[-80.8594280686073,35.784207485423],[-80.8594352670812,35.7841812149263],[-80.8594419546886,35.7841548783667],[-80.8594481500279,35.7841284585779],[-80.859453845759,35.7841019366794],[-80.859463704576,35.7840488051338],[-80.8594672264776,35.7840262612604],[-80.8594719506652,35.7839639783651],[-80.8594740871262,35.783901601317],[-80.8594736331682,35.7838392005007],[-80.8594705913415,35.7837768490341],[-80.8594649615105,35.7837146158556],[-80.8594567548393,35.7836525732478],[-80.8594459764183,35.7835907921793],[-80.8594326417101,35.7835293441636],[-80.8594223565349,35.7835056133248],[-80.8593537316121,35.78335324167],[-80.8593433948619,35.7833276784682],[-80.8593340227906,35.7833018691118],[-80.8593256228994,35.7832758395137],[-80.8593182060442,35.7832496113145],[-80.8593117762904,35.7832232111829],[-80.8592838470747,35.7829910843549],[-80.8592676921868,35.7828844944178],[-80.8592265831088,35.782683705427],[-80.8591841965757,35.782482089681],[-80.8591792464875,35.7824633843047],[-80.8591120096441,35.7820953774572],[-80.8591047613487,35.7820226561443],[-80.8590888376345,35.7818289826724],[-80.8590918097117,35.781726746228],[-80.8590614240146,35.7814599198607],[-80.8590431070685,35.7812476341864],[-80.8590112425107,35.7808896718588],[-80.8589773322912,35.7805720466705]]},"properties":{"id":"arcgis-164-3-d827e545fc3ce021","sourceId":"arcgis-164-3","source":"Fiber_Layer_AGOL \u2014 Conterra_Fiber","sourceUrl":"https://services2.arcgis.com/WbGEgSzGTEPg4fr6/arcgis/rest/services/Fiber_Layer_AGOL/FeatureServer/3","name":"Fiber_Layer_AGOL \u2014 Conterra_Fiber","carrier":"Not published","routeStatus":"Unknown","category":"unknown","evidence":"agency_route","dataDate":null,"metadataModified":"2023-12-22T14:55:19+00:00","retrievedAt":"2026-09-18T02:37:02.056547+00:00","networkType":"Published fiber route; network class not specified","serviceability":"Unconfirmed","routeDiversity":"Unconfirmed","states":["NC"]},"bbox":[-80.8594740871262,35.7805720466705,-80.8570172345337,35.790812795696]},{"type":"Feature","geometry":{"type":"LineString","coordinates":[[-80.8248756533415,35.8188328683401],[-80.8248741714115,35.8188269044363],[-80.8250112450643,35.8188001597166],[-80.8251143929109,35.8187839557789],[-80.8252054886181,35.8187724292115],[-80.8253439532003,35.8187603626272],[-80.8255125708119,35.818759932475],[-80.8255963788783,35.8187658828934],[-80.8257153228519,35.8187816112778],[-80.8258320399419,35.8188056190898],[-80.8259573596717,35.8188415425421],[-80.8260407891257,35.8188689997364],[-80.8261987138236,35.8189209394247],[-80.8263184263303,35.8189603109852],[-80.8264118698755,35.818991042806],[-80.8265527379773,35.8190373725507],[-80.8275090858404,35.8193518950443],[-80.8302537660605,35.8202675289573],[-80.8307086535649,35.8203556625107],[-80.8306803939087,35.8204490178305],[-80.8302972823645,35.8217775099292],[-80.8301858586119,35.8218966907413],[-80.830139605408,35.8219369420681],[-80.8301590650626,35.821940863328]]},"properties":{"id":"arcgis-164-3-52d45775556f79c3","sourceId":"arcgis-164-3","source":"Fiber_Layer_AGOL \u2014 Conterra_Fiber","sourceUrl":"https://services2.arcgis.com/WbGEgSzGTEPg4fr6/arcgis/rest/services/Fiber_Layer_AGOL/FeatureServer/3","name":"Fiber_Layer_AGOL \u2014 Conterra_Fiber","carrier":"Not published","routeStatus":"Unknown","category":"unknown","evidence":"agency_route","dataDate":null,"metadataModified":"2023-12-22T14:55:19+00:00","retrievedAt":"2026-09-18T02:37:02.056547+00:00","networkType":"Published fiber route; network class not specified","serviceability":"Unconfirmed","routeDiversity":"Unconfirmed","states":["NC"]},"bbox":[-80.8307086535649,35.818759932475,-80.8248741714115,35.821940863328]},{"type":"Feature","geometry":{"type":"LineString","coordinates":[[-80.8236382194685,35.8189645826278],[-80.8236857540736,35.8189753264944],[-80.8236334319778,35.8190320333284],[-80.8236238563838,35.8190647596672],[-80.8235509245312,35.8192242650514],[-80.823541113928,35.8192461158261],[-80.8235314303867,35.8192665930325],[-80.8236652806309,35.8193259303883],[-80.8238152863478,35.8192409235053],[-80.8242046335758,35.8190402774097],[-80.8242755641514,35.8190175011374],[-80.8244226459828,35.8189647911061],[-80.8245280097285,35.8189249125941],[-80.8246660672249,35.8188807896462],[-80.8247864611858,35.8188479986115],[-80.8248878639992,35.8188242332173]]},"properties":{"id":"arcgis-164-3-736dee505ed52e2f","sourceId":"arcgis-164-3","source":"Fiber_Layer_AGOL \u2014 Conterra_Fiber","sourceUrl":"https://services2.arcgis.com/WbGEgSzGTEPg4fr6/arcgis/rest/services/Fiber_Layer_AGOL/FeatureServer/3","name":"Fiber_Layer_AGOL \u2014 Conterra_Fiber","carrier":"Not published","routeStatus":"Unknown","category":"unknown","evidence":"agency_route","dataDate":null,"metadataModified":"2023-12-22T14:55:19+00:00","retrievedAt":"2026-09-18T02:37:02.056547+00:00","networkType":"Published fiber route; network class not specified","serviceability":"Unconfirmed","routeDiversity":"Unconfirmed","states":["NC"]},"bbox":[-80.8248878639992,35.8188242332173,-80.8235314303867,35.8193259303883]},{"type":"Feature","geometry":{"type":"LineString","coordinates":[[-80.8593218936089,35.7754987809184],[-80.8592803087472,35.7754947554595],[-80.859264594624,35.7756025531202],[-80.8593027205698,35.7756042826208],[-80.8592230801874,35.7759556927669],[-80.8586511010408,35.7758962187132]]},"properties":{"id":"arcgis-164-3-80d5487ec0642ca8","sourceId":"arcgis-164-3","source":"Fiber_Layer_AGOL \u2014 Conterra_Fiber","sourceUrl":"https://services2.arcgis.com/WbGEgSzGTEPg4fr6/arcgis/rest/services/Fiber_Layer_AGOL/FeatureServer/3","name":"Fiber_Layer_AGOL \u2014 Conterra_Fiber","carrier":"Not published","routeStatus":"Unknown","category":"unknown","evidence":"agency_route","dataDate":null,"metadataModified":"2023-12-22T14:55:19+00:00","retrievedAt":"2026-09-18T02:37:02.056547+00:00","networkType":"Published fiber route; network class not specified","serviceability":"Unconfirmed","routeDiversity":"Unconfirmed","states":["NC"]},"bbox":[-80.8593218936089,35.7754947554595,-80.8586511010408,35.7759556927669]},{"type":"Feature","geometry":{"type":"LineString","coordinates":[[-80.8650629757086,35.8234255860006],[-80.8652911862403,35.8234273157214],[-80.8652903325579,35.8235020520081],[-80.8652892759734,35.8237156998519],[-80.8652838742501,35.8238078922423],[-80.8652688906424,35.8239228153717],[-80.8652429209467,35.824049250729],[-80.8652235313795,35.8241194409731],[-80.8651885351534,35.8242104050764],[-80.8651477362462,35.8243215413911],[-80.8651115511323,35.8244260469602],[-80.8650785064599,35.8245271097378],[-80.8650538843601,35.8246117579722],[-80.8650368513285,35.8246781551268],[-80.8648853248921,35.8250608889361],[-80.8648602377385,35.825129475241],[-80.8648355242135,35.8251970365625],[-80.8645558234385,35.8259616845371],[-80.8644521732837,35.8262450365027],[-80.8644080915093,35.8263734973231],[-80.864382988081,35.8264557188713],[-80.8643539184539,35.8265610923195],[-80.8643290068378,35.826665267534],[-80.8643092440374,35.8267625548564],[-80.8642881368892,35.8268818130205],[-80.8642722130215,35.8270004706576],[-80.864265898549,35.8270600373542],[-80.8642566260322,35.8271790919705],[-80.8642536522081,35.8272387194096],[-80.8642367852498,35.8276206048992],[-80.8642194919163,35.8280024363614],[-80.8642098053993,35.828222086576],[-80.8641823432229,35.8288531965768],[-80.864170186434,35.8290928236895],[-80.8641626330954,35.8292994736136],[-80.8641527141297,35.8295020165504],[-80.864143662329,35.8297053825771],[-80.8641344871596,35.8299114164417],[-80.8641307124243,35.8301175294836],[-80.8641244072478,35.8303032876226],[-80.8641159109627,35.8305506370531],[-80.8641031029441,35.8308384540973],[-80.8641041688703,35.8309244141412],[-80.8640927799752,35.8312052272857],[-80.864084978366,35.8314797855873],[-80.8640717330122,35.8317241539896],[-80.8640651382335,35.8318867281802],[-80.8640627704072,35.8319369506541],[-80.8640364327189,35.8319781398832],[-80.8640639266455,35.8319779853143]]},"properties":{"id":"arcgis-164-3-dd4ece6c15d368a8","sourceId":"arcgis-164-3","source":"Fiber_Layer_AGOL \u2014 Conterra_Fiber","sourceUrl":"https://services2.arcgis.com/WbGEgSzGTEPg4fr6/arcgis/rest/services/Fiber_Layer_AGOL/FeatureServer/3","name":"Fiber_Layer_AGOL \u2014 Conterra_Fiber","carrier":"Not published","routeStatus":"Unknown","category":"unknown","evidence":"agency_route","dataDate":null,"metadataModified":"2023-12-22T14:55:19+00:00","retrievedAt":"2026-09-18T02:37:02.056547+00:00","networkType":"Published fiber route; network class not specified","serviceability":"Unconfirmed","routeDiversity":"Unconfirmed","states":["NC"]},"bbox":[-80.8652911862403,35.8234255860006,-80.8640364327189,35.8319781398832]},{"type":"Feature","geometry":{"type":"LineString","coordinates":[[-80.8368657704225,35.8040089223535],[-80.8376991813649,35.8042823587194],[-80.8376873948165,35.8042638303305],[-80.8376991769934,35.8042625236371]]},"properties":{"id":"arcgis-164-3-527ee0d1f714f973","sourceId":"arcgis-164-3","source":"Fiber_Layer_AGOL \u2014 Conterra_Fiber","sourceUrl":"https://services2.arcgis.com/WbGEgSzGTEPg4fr6/arcgis/rest/services/Fiber_Layer_AGOL/FeatureServer/3","name":"Fiber_Layer_AGOL \u2014 Conterra_Fiber","carrier":"Not published","routeStatus":"Unknown","category":"unknown","evidence":"agency_route","dataDate":null,"metadataModified":"2023-12-22T14:55:19+00:00","retrievedAt":"2026-09-18T02:37:02.056547+00:00","networkType":"Published fiber route; network class not specified","serviceability":"Unconfirmed","routeDiversity":"Unconfirmed","states":["NC"]},"bbox":[-80.8376991813649,35.8040089223535,-80.8368657704225,35.8042823587194]},{"type":"Feature","geometry":{"type":"LineString","coordinates":[[-80.8650629757086,35.8234255860006],[-80.8631121417254,35.8234539008442],[-80.8631215989448,35.8239005471509],[-80.8622162609321,35.8239132580802]]},"properties":{"id":"arcgis-164-3-ecd6a765a4fbc68d","sourceId":"arcgis-164-3","source":"Fiber_Layer_AGOL \u2014 Conterra_Fiber","sourceUrl":"https://services2.arcgis.com/WbGEgSzGTEPg4fr6/arcgis/rest/services/Fiber_Layer_AGOL/FeatureServer/3","name":"Fiber_Layer_AGOL \u2014 Conterra_Fiber","carrier":"Not published","routeStatus":"Unknown","category":"unknown","evidence":"agency_route","dataDate":null,"metadataModified":"2023-12-22T14:55:19+00:00","retrievedAt":"2026-09-18T02:37:02.056547+00:00","networkType":"Published fiber route; network class not specified","serviceability":"Unconfirmed","routeDiversity":"Unconfirmed","states":["NC"]},"bbox":[-80.8650629757086,35.8234255860006,-80.8622162609321,35.8239132580802]},{"type":"Feature","geometry":{"type":"LineString","coordinates":[[-80.8045665773979,35.807020154903],[-80.804617549647,35.8070146174741],[-80.8051924090428,35.8070196025259],[-80.8052009645174,35.8070270895875],[-80.8052837461509,35.807442985031],[-80.8052429204103,35.8076914219483],[-80.8054244968777,35.8082441309169],[-80.805570142291,35.8090493702883],[-80.8056934757905,35.8097201825405],[-80.8058009104818,35.8103496215495],[-80.8055275135992,35.8111818773223],[-80.8052136757567,35.8121169821907],[-80.8049357008963,35.8129460188182],[-80.8046224333637,35.8138745922787],[-80.8044078402171,35.8145162132395],[-80.8043737449654,35.8146141898893],[-80.8041960392216,35.8151479282787],[-80.8040702925839,35.8155251169873],[-80.8039937033675,35.8157527692955],[-80.8036874034907,35.8166853643601],[-80.8034537380915,35.8173924738942],[-80.8032380143001,35.8180423546356],[-80.8030306564103,35.8186744475505],[-80.8020886761052,35.8195289283196],[-80.8017067097461,35.8202744887536],[-80.8014751755227,35.8208318207816],[-80.8012957145063,35.8213383303808],[-80.8011379156371,35.8217853608515],[-80.8008889182644,35.8224991806866],[-80.8006280824223,35.8232300770279],[-80.8004289747049,35.8239009858526],[-80.79954421286,35.8242220418896],[-80.7982672700315,35.8246329349914],[-80.7975333706596,35.8248802291208],[-80.7968669941479,35.8251061840743],[-80.7963086940251,35.8252952445057],[-80.7956180868112,35.8255290156442],[-80.7950618491535,35.825720311891],[-80.7942068966031,35.8260104702474],[-80.7937706780544,35.8260088101827],[-80.7929656538483,35.8260034435027],[-80.7916771010313,35.8260347715715],[-80.7908681230628,35.8265051312539],[-80.7901261722714,35.8269795443957],[-80.7893794113391,35.8274595381857],[-80.7883648764957,35.8281117315411],[-80.7877356959189,35.8285368812323],[-80.7876552435264,35.8293784959808],[-80.7875820577719,35.8301875983845],[-80.7875096612805,35.8329949088762],[-80.7877904288235,35.8342567563149],[-80.7881182901196,35.8347759829827],[-80.7882670419427,35.8355775390639],[-80.7882248575378,35.836455993138],[-80.7882122868014,35.8373321864499]]},"properties":{"id":"arcgis-164-3-bc6656b4c9d984fe","sourceId":"arcgis-164-3","source":"Fiber_Layer_AGOL \u2014 Conterra_Fiber","sourceUrl":"https://services2.arcgis.com/WbGEgSzGTEPg4fr6/arcgis/rest/services/Fiber_Layer_AGOL/FeatureServer/3","name":"Fiber_Layer_AGOL \u2014 Conterra_Fiber","carrier":"Not published","routeStatus":"Unknown","category":"unknown","evidence":"agency_route","dataDate":null,"metadataModified":"2023-12-22T14:55:19+00:00","retrievedAt":"2026-09-18T02:37:02.056547+00:00","networkType":"Published fiber route; network class not specified","serviceability":"Unconfirmed","routeDiversity":"Unconfirmed","states":["NC"]},"bbox":[-80.8058009104818,35.8070146174741,-80.7875096612805,35.8373321864499]},{"type":"Feature","geometry":{"type":"LineString","coordinates":[[-80.7883505538263,35.8372212744563],[-80.7882380258825,35.8373464292348],[-80.7882122868014,35.8373321864499]]},"properties":{"id":"arcgis-164-3-1f35da4dce25b2ba","sourceId":"arcgis-164-3","source":"Fiber_Layer_AGOL \u2014 Conterra_Fiber","sourceUrl":"https://services2.arcgis.com/WbGEgSzGTEPg4fr6/arcgis/rest/services/Fiber_Layer_AGOL/FeatureServer/3","name":"Fiber_Layer_AGOL \u2014 Conterra_Fiber","carrier":"Not published","routeStatus":"Unknown","category":"unknown","evidence":"agency_route","dataDate":null,"metadataModified":"2023-12-22T14:55:19+00:00","retrievedAt":"2026-09-18T02:37:02.056547+00:00","networkType":"Published fiber route; network class not specified","serviceability":"Unconfirmed","routeDiversity":"Unconfirmed","states":["NC"]},"bbox":[-80.7883505538263,35.8372212744563,-80.7882122868014,35.8373464292348]},{"type":"Feature","geometry":{"type":"LineString","coordinates":[[-80.8559733827178,35.7492698118764],[-80.8559709012894,35.7492692996106],[-80.85594659632,35.7493161019751],[-80.8559438640596,35.7493213954966],[-80.8559409125315,35.7493266100578],[-80.8559377476774,35.7493317413474],[-80.8559343719077,35.7493367815911],[-80.8559307885599,35.7493417258136],[-80.8559270035755,35.7493465697039],[-80.8559230193972,35.7493513068937],[-80.8559188419021,35.7493559302591],[-80.8559144753548,35.7493604376247],[-80.8559099247375,35.7493648204733],[-80.8559051934845,35.7493690780491],[-80.855900290875,35.7493732010659],[-80.8558952185858,35.7493771873879],[-80.8558899851142,35.7493810312579],[-80.8558278438389,35.7494251385929],[-80.8555676400022,35.7496065431217],[-80.8555395610388,35.7496267376516],[-80.8555123172275,35.7496476784584],[-80.8554859373651,35.7496693418905],[-80.855460451974,35.7496917042697],[-80.8554358863848,35.7497147412938],[-80.8554122684998,35.7497384279178],[-80.8553896253589,35.7497627391098],[-80.8553679796406,35.749787647794],[-80.8553473574256,35.7498131247327],[-80.8553277797157,35.749839144986],[-80.8553092682464,35.7498656779753],[-80.8552987212175,35.7498820339509],[-80.8552888467419,35.7498986680877],[-80.8552796555828,35.7499155605256],[-80.8552711593819,35.7499326920945],[-80.855263365484,35.7499500443933],[-80.8552562846683,35.7499675982649],[-80.8552499216755,35.7499853346445],[-80.8552442872851,35.7500032343751],[-80.8552393852945,35.750021274889],[-80.8552352205093,35.7500394399337],[-80.8552318001775,35.7500577068891],[-80.8552291264684,35.7500760574326],[-80.8552272014704,35.750094469726],[-80.8552166421233,35.7502460422691],[-80.855210409677,35.7503977739785],[-80.8551976604123,35.7515492726447],[-80.8551985134335,35.751959222797],[-80.8551806702958,35.7534067193718],[-80.8551746817563,35.7540424180785],[-80.8551593999925,35.7546171949228],[-80.8551558879191,35.7546710262384],[-80.8551500703651,35.7547247245547],[-80.8551419544692,35.7547782250466],[-80.8551315499102,35.7548314607393],[-80.855118869898,35.7548843681217],[-80.8551039921051,35.7549455666373],[-80.8550913371574,35.7550070963703],[-80.8550809159119,35.7550689036947],[-80.8550752618299,35.7551503233896],[-80.8550663429113,35.7552315480223],[-80.8550541666849,35.7553124923612],[-80.8550422575199,35.7553553267162],[-80.8550286032299,35.7553978155354],[-80.8550132207841,35.7554399086158],[-80.8549961272969,35.7554815620829],[-80.8549773406325,35.7555227271265],[-80.8549568813562,35.7555633598195],[-80.854934773436,35.7556034140725],[-80.8549110400094,35.7556428452155],[-80.8548857094387,35.7556816106095],[-80.8548588074822,35.7557196669513],[-80.8548303659532,35.7557569715491],[-80.8548004149561,35.7557934824404],[-80.8547689889894,35.755829161113],[-80.8547361215925,35.7558639648489],[-80.8547018507797,35.7558978578958],[-80.8546662136384,35.7559308017024],[-80.8546292481508,35.7559627591099],[-80.8542429776192,35.7562296293772],[-80.8538096982291,35.7565052486621],[-80.853792448569,35.7564868652539],[-80.8537480690248,35.7564693541876],[-80.8537792760746,35.7564593827197]]},"properties":{"id":"arcgis-164-3-6d950695368dec2b","sourceId":"arcgis-164-3","source":"Fiber_Layer_AGOL \u2014 Conterra_Fiber","sourceUrl":"https://services2.arcgis.com/WbGEgSzGTEPg4fr6/arcgis/rest/services/Fiber_Layer_AGOL/FeatureServer/3","name":"Fiber_Layer_AGOL \u2014 Conterra_Fiber","carrier":"Not published","routeStatus":"Unknown","category":"unknown","evidence":"agency_route","dataDate":null,"metadataModified":"2023-12-22T14:55:19+00:00","retrievedAt":"2026-09-18T02:37:02.056547+00:00","networkType":"Published fiber route; network class not specified","serviceability":"Unconfirmed","routeDiversity":"Unconfirmed","states":["NC"]},"bbox":[-80.8559733827178,35.7492692996106,-80.8537480690248,35.7565052486621]},{"type":"Feature","geometry":{"type":"LineString","coordinates":[[-80.9129835120478,35.7879839685512],[-80.9129828219314,35.7879547930492],[-80.913037789944,35.7879657363621],[-80.9133426584983,35.7879669325681],[-80.9133731765794,35.7879766664564]]},"properties":{"id":"arcgis-164-3-ceffef95e1edb70c","sourceId":"arcgis-164-3","source":"Fiber_Layer_AGOL \u2014 Conterra_Fiber","sourceUrl":"https://services2.arcgis.com/WbGEgSzGTEPg4fr6/arcgis/rest/services/Fiber_Layer_AGOL/FeatureServer/3","name":"Fiber_Layer_AGOL \u2014 Conterra_Fiber","carrier":"Not published","routeStatus":"Unknown","category":"unknown","evidence":"agency_route","dataDate":null,"metadataModified":"2023-12-22T14:55:19+00:00","retrievedAt":"2026-09-18T02:37:02.056547+00:00","networkType":"Published fiber route; network class not specified","serviceability":"Unconfirmed","routeDiversity":"Unconfirmed","states":["NC"]},"bbox":[-80.9133731765794,35.7879547930492,-80.9129828219314,35.7879839685512]},{"type":"Feature","geometry":{"type":"LineString","coordinates":[[-80.9129835120478,35.7879839685512],[-80.9129841840926,35.7879984009833],[-80.9128668146816,35.7880005324156],[-80.9128722321162,35.788730367393],[-80.9128656466019,35.7888541843745],[-80.9128170314741,35.7888517119109],[-80.9125756082712,35.788849677961],[-80.912319665291,35.7888517720207],[-80.9120654602522,35.7888532093915],[-80.911006508696,35.7888516937801],[-80.9110072890879,35.7887058364608],[-80.9100281213511,35.788709599242]]},"properties":{"id":"arcgis-164-3-a3bf7afe15b44660","sourceId":"arcgis-164-3","source":"Fiber_Layer_AGOL \u2014 Conterra_Fiber","sourceUrl":"https://services2.arcgis.com/WbGEgSzGTEPg4fr6/arcgis/rest/services/Fiber_Layer_AGOL/FeatureServer/3","name":"Fiber_Layer_AGOL \u2014 Conterra_Fiber","carrier":"Not published","routeStatus":"Unknown","category":"unknown","evidence":"agency_route","dataDate":null,"metadataModified":"2023-12-22T14:55:19+00:00","retrievedAt":"2026-09-18T02:37:02.056547+00:00","networkType":"Published fiber route; network class not specified","serviceability":"Unconfirmed","routeDiversity":"Unconfirmed","states":["NC"]},"bbox":[-80.9129841840926,35.7879839685512,-80.9100281213511,35.7888541843745]},{"type":"Feature","geometry":{"type":"LineString","coordinates":[[-80.9148477641249,35.7862410285605],[-80.9149906663888,35.7864607599625],[-80.9149976423083,35.786766235909],[-80.9148258443213,35.7869381063408],[-80.9148069036648,35.7874106439726],[-80.914803876093,35.7878354577696],[-80.9148011372547,35.7880153586836],[-80.9134942519855,35.787977806399],[-80.9133731765794,35.7879766664564]]},"properties":{"id":"arcgis-164-3-185e1b5ea814d626","sourceId":"arcgis-164-3","source":"Fiber_Layer_AGOL \u2014 Conterra_Fiber","sourceUrl":"https://services2.arcgis.com/WbGEgSzGTEPg4fr6/arcgis/rest/services/Fiber_Layer_AGOL/FeatureServer/3","name":"Fiber_Layer_AGOL \u2014 Conterra_Fiber","carrier":"Not published","routeStatus":"Unknown","category":"unknown","evidence":"agency_route","dataDate":null,"metadataModified":"2023-12-22T14:55:19+00:00","retrievedAt":"2026-09-18T02:37:02.056547+00:00","networkType":"Published fiber route; network class not specified","serviceability":"Unconfirmed","routeDiversity":"Unconfirmed","states":["NC"]},"bbox":[-80.9149976423083,35.7862410285605,-80.9133731765794,35.7880153586836]},{"type":"Feature","geometry":{"type":"LineString","coordinates":[[-80.9129910999878,35.7879738957505],[-80.9129853498885,35.7876843771603],[-80.9129901469788,35.7872519196266],[-80.9124706126568,35.7871253418933],[-80.9118477952036,35.7871842855231],[-80.9110334984242,35.7871520923548],[-80.9105313845818,35.7871157339005],[-80.9098478002315,35.7870764419228],[-80.909154495674,35.7870346697088],[-80.9085834002372,35.787002164997],[-80.9080618479973,35.7869715807182],[-80.9073485797737,35.786903620199],[-80.9068677629272,35.7868792466056],[-80.906365972203,35.7868966423451],[-80.9061984476022,35.786842700459],[-80.9063795141282,35.7867129184319],[-80.9064061550867,35.7865056016299],[-80.9064373287161,35.7861563080484],[-80.9064720068425,35.785833773197],[-80.9065004303057,35.7855555662262],[-80.9065280998244,35.7852687496892],[-80.9065537287212,35.7850129338958],[-80.9065731496899,35.784812721393],[-80.9065878375411,35.7847137140837]]},"properties":{"id":"arcgis-164-3-22c522bb41d486fe","sourceId":"arcgis-164-3","source":"Fiber_Layer_AGOL \u2014 Conterra_Fiber","sourceUrl":"https://services2.arcgis.com/WbGEgSzGTEPg4fr6/arcgis/rest/services/Fiber_Layer_AGOL/FeatureServer/3","name":"Fiber_Layer_AGOL \u2014 Conterra_Fiber","carrier":"Not published","routeStatus":"Unknown","category":"unknown","evidence":"agency_route","dataDate":null,"metadataModified":"2023-12-22T14:55:19+00:00","retrievedAt":"2026-09-18T02:37:02.056547+00:00","networkType":"Published fiber route; network class not specified","serviceability":"Unconfirmed","routeDiversity":"Unconfirmed","states":["NC"]},"bbox":[-80.9129910999878,35.7847137140837,-80.9061984476022,35.7879738957505]},{"type":"Feature","geometry":{"type":"LineString","coordinates":[[-80.8975650621753,35.7856777984103],[-80.8977379123356,35.7859981335599],[-80.8979049849637,35.7863357300444],[-80.8980529223513,35.786633186702],[-80.8982151573756,35.7869627467843],[-80.898391092978,35.7873032988679],[-80.898568836487,35.787706199688],[-80.8987435041523,35.7880565607054],[-80.8988820797999,35.7883430296231],[-80.8991726424569,35.7888952935202],[-80.8993957074815,35.7893228629279],[-80.8996790283723,35.7898980227349],[-80.8999639886735,35.7904646629886]]},"properties":{"id":"arcgis-164-3-6d0a79b4618f36f3","sourceId":"arcgis-164-3","source":"Fiber_Layer_AGOL \u2014 Conterra_Fiber","sourceUrl":"https://services2.arcgis.com/WbGEgSzGTEPg4fr6/arcgis/rest/services/Fiber_Layer_AGOL/FeatureServer/3","name":"Fiber_Layer_AGOL \u2014 Conterra_Fiber","carrier":"Not published","routeStatus":"Unknown","category":"unknown","evidence":"agency_route","dataDate":null,"metadataModified":"2023-12-22T14:55:19+00:00","retrievedAt":"2026-09-18T02:37:02.056547+00:00","networkType":"Published fiber route; network class not specified","serviceability":"Unconfirmed","routeDiversity":"Unconfirmed","states":["NC"]},"bbox":[-80.8999639886735,35.7856777984103,-80.8975650621753,35.7904646629886]},{"type":"Feature","geometry":{"type":"LineString","coordinates":[[-80.8999639886735,35.7904646629886],[-80.9001559905594,35.7906843732658],[-80.9006771337568,35.791042777186],[-80.9006751348809,35.7908243797008],[-80.9010991750986,35.7906212346092],[-80.9008273748884,35.7902621956116]]},"properties":{"id":"arcgis-164-3-ec9f1b6e2f503f37","sourceId":"arcgis-164-3","source":"Fiber_Layer_AGOL \u2014 Conterra_Fiber","sourceUrl":"https://services2.arcgis.com/WbGEgSzGTEPg4fr6/arcgis/rest/services/Fiber_Layer_AGOL/FeatureServer/3","name":"Fiber_Layer_AGOL \u2014 Conterra_Fiber","carrier":"Not published","routeStatus":"Unknown","category":"unknown","evidence":"agency_route","dataDate":null,"metadataModified":"2023-12-22T14:55:19+00:00","retrievedAt":"2026-09-18T02:37:02.056547+00:00","networkType":"Published fiber route; network class not specified","serviceability":"Unconfirmed","routeDiversity":"Unconfirmed","states":["NC"]},"bbox":[-80.9010991750986,35.7902621956116,-80.8999639886735,35.791042777186]},{"type":"Feature","geometry":{"type":"LineString","coordinates":[[-80.8975650621753,35.7856777984103],[-80.8974085971887,35.7853632714119],[-80.8972322441668,35.7850171903893],[-80.8970740444538,35.7847036058248],[-80.8969525792739,35.7844588795921],[-80.8967729882583,35.7841163218555]]},"properties":{"id":"arcgis-164-3-24d2ab7cd1166049","sourceId":"arcgis-164-3","source":"Fiber_Layer_AGOL \u2014 Conterra_Fiber","sourceUrl":"https://services2.arcgis.com/WbGEgSzGTEPg4fr6/arcgis/rest/services/Fiber_Layer_AGOL/FeatureServer/3","name":"Fiber_Layer_AGOL \u2014 Conterra_Fiber","carrier":"Not published","routeStatus":"Unknown","category":"unknown","evidence":"agency_route","dataDate":null,"metadataModified":"2023-12-22T14:55:19+00:00","retrievedAt":"2026-09-18T02:37:02.056547+00:00","networkType":"Published fiber route; network class not specified","serviceability":"Unconfirmed","routeDiversity":"Unconfirmed","states":["NC"]},"bbox":[-80.8975650621753,35.7841163218555,-80.8967729882583,35.7856777984103]},{"type":"Feature","geometry":{"type":"LineString","coordinates":[[-80.8960044114836,35.784000468238],[-80.8948015205922,35.7844027151337],[-80.8944986796068,35.7845123963027],[-80.8940531671557,35.7846702491764],[-80.8934609699911,35.7848763162476],[-80.8932949903123,35.7849240939125],[-80.892917951013,35.785040119827],[-80.8925507107481,35.7851565431061]]},"properties":{"id":"arcgis-164-3-ecc5625e3ab24e33","sourceId":"arcgis-164-3","source":"Fiber_Layer_AGOL \u2014 Conterra_Fiber","sourceUrl":"https://services2.arcgis.com/WbGEgSzGTEPg4fr6/arcgis/rest/services/Fiber_Layer_AGOL/FeatureServer/3","name":"Fiber_Layer_AGOL \u2014 Conterra_Fiber","carrier":"Not published","routeStatus":"Unknown","category":"unknown","evidence":"agency_route","dataDate":null,"metadataModified":"2023-12-22T14:55:19+00:00","retrievedAt":"2026-09-18T02:37:02.056547+00:00","networkType":"Published fiber route; network class not specified","serviceability":"Unconfirmed","routeDiversity":"Unconfirmed","states":["NC"]},"bbox":[-80.8960044114836,35.784000468238,-80.8925507107481,35.7851565431061]},{"type":"Feature","geometry":{"type":"LineString","coordinates":[[-80.8916002677778,35.785416805206],[-80.8912982377788,35.785408742221],[-80.8910710542694,35.7854017450911],[-80.8907652982545,35.7853923852188],[-80.8903646781845,35.7851569410004],[-80.8901523459148,35.7853899313627],[-80.8898704207969,35.7855997978996],[-80.8895702618595,35.7858228926011],[-80.889476559364,35.78599202948],[-80.8885875967531,35.786286490056],[-80.8880449746872,35.7864606319052],[-80.8878510909565,35.786526775607],[-80.8874918641522,35.7866500034835],[-80.8872148484107,35.7867398695319]]},"properties":{"id":"arcgis-164-3-7b4eccd394806156","sourceId":"arcgis-164-3","source":"Fiber_Layer_AGOL \u2014 Conterra_Fiber","sourceUrl":"https://services2.arcgis.com/WbGEgSzGTEPg4fr6/arcgis/rest/services/Fiber_Layer_AGOL/FeatureServer/3","name":"Fiber_Layer_AGOL \u2014 Conterra_Fiber","carrier":"Not published","routeStatus":"Unknown","category":"unknown","evidence":"agency_route","dataDate":null,"metadataModified":"2023-12-22T14:55:19+00:00","retrievedAt":"2026-09-18T02:37:02.056547+00:00","networkType":"Published fiber route; network class not specified","serviceability":"Unconfirmed","routeDiversity":"Unconfirmed","states":["NC"]},"bbox":[-80.8916002677778,35.7851569410004,-80.8872148484107,35.7867398695319]},{"type":"Feature","geometry":{"type":"LineString","coordinates":[[-80.8864172732055,35.7859547911166],[-80.8861659647298,35.7861899464786],[-80.8858024571439,35.786379878335],[-80.8855549346863,35.7866013313395],[-80.885271852434,35.7868796426414],[-80.8850391994422,35.7870978670634],[-80.884900256298,35.78722277962],[-80.8847502087233,35.7873685187463],[-80.8845417007983,35.7875649384582],[-80.8843150094471,35.7878032788202],[-80.8841837328726,35.7879341882671],[-80.8839699042985,35.7881361443424],[-80.8836877486499,35.7883903517536],[-80.8834948501747,35.7885521182977],[-80.8833629522677,35.7886692455782],[-80.8830416700559,35.7889422055633],[-80.8827568473089,35.789174916273],[-80.8824565965413,35.7894336272164],[-80.8826914124727,35.7896642017574],[-80.8821405633694,35.7896966379013],[-80.8823353468612,35.7893717408403],[-80.8821955106229,35.789265391896],[-80.8818920681887,35.7890285200462],[-80.8816911382122,35.7888693269456],[-80.8815747105807,35.7887571451212],[-80.8813337799932,35.7885227728923],[-80.8810935547031,35.7882164041415],[-80.8809351470688,35.7879218766345],[-80.8808589111131,35.7877627770798],[-80.8807030445932,35.7874015857153],[-80.8806055127449,35.7871636552645],[-80.8805422927609,35.7870167687545],[-80.8802478181039,35.7871167786013],[-80.8798123655719,35.7872495928414],[-80.8794289590577,35.7873686150593],[-80.8791659260561,35.787452350003],[-80.878803254247,35.7875660285561],[-80.8784374829048,35.7876793711357],[-80.877997268387,35.7878159023136],[-80.8775861773953,35.7879443774881],[-80.8771724513862,35.7880751716796],[-80.876930935647,35.7881456839549],[-80.8763322480559,35.7883193375079],[-80.8759838517639,35.7884230816746],[-80.8756739408315,35.7885163349856],[-80.8752399442724,35.7886560530524],[-80.8749447259881,35.7887457412231],[-80.8744904001637,35.788887684898],[-80.8741428006201,35.7889937869382],[-80.8737888264973,35.7891041545575],[-80.8733443908627,35.7891574739044],[-80.8732553279222,35.7889597468019]]},"properties":{"id":"arcgis-164-3-8afdd6403f34c68c","sourceId":"arcgis-164-3","source":"Fiber_Layer_AGOL \u2014 Conterra_Fiber","sourceUrl":"https://services2.arcgis.com/WbGEgSzGTEPg4fr6/arcgis/rest/services/Fiber_Layer_AGOL/FeatureServer/3","name":"Fiber_Layer_AGOL \u2014 Conterra_Fiber","carrier":"Not published","routeStatus":"Unknown","category":"unknown","evidence":"agency_route","dataDate":null,"metadataModified":"2023-12-22T14:55:19+00:00","retrievedAt":"2026-09-18T02:37:02.056547+00:00","networkType":"Published fiber route; network class not specified","serviceability":"Unconfirmed","routeDiversity":"Unconfirmed","states":["NC"]},"bbox":[-80.8864172732055,35.7859547911166,-80.8732553279222,35.7896966379013]},{"type":"Feature","geometry":{"type":"LineString","coordinates":[[-80.8733443908627,35.7891574739044],[-80.8733085552863,35.7892512255055],[-80.8730233998867,35.7893382478687],[-80.8725830858797,35.7894749386279],[-80.8722486003587,35.7895809405089],[-80.8718296926277,35.7897103678937],[-80.8714565403471,35.7898310176433],[-80.8710460672008,35.7899497879673],[-80.8708581840382,35.7899992989897],[-80.8705494928798,35.7901012611428],[-80.8701628345187,35.7902200278564]]},"properties":{"id":"arcgis-164-3-b3c343b3d5258cfb","sourceId":"arcgis-164-3","source":"Fiber_Layer_AGOL \u2014 Conterra_Fiber","sourceUrl":"https://services2.arcgis.com/WbGEgSzGTEPg4fr6/arcgis/rest/services/Fiber_Layer_AGOL/FeatureServer/3","name":"Fiber_Layer_AGOL \u2014 Conterra_Fiber","carrier":"Not published","routeStatus":"Unknown","category":"unknown","evidence":"agency_route","dataDate":null,"metadataModified":"2023-12-22T14:55:19+00:00","retrievedAt":"2026-09-18T02:37:02.056547+00:00","networkType":"Published fiber route; network class not specified","serviceability":"Unconfirmed","routeDiversity":"Unconfirmed","states":["NC"]},"bbox":[-80.8733443908627,35.7891574739044,-80.8701628345187,35.7902200278564]},{"type":"Feature","geometry":{"type":"LineString","coordinates":[[-80.8644339094664,35.7913057819437],[-80.8643527830854,35.7919333902799],[-80.8643411215073,35.7921896321473],[-80.8643192585915,35.792738913813],[-80.8642954736407,35.7932859182351],[-80.8642874528474,35.7935611580716],[-80.8642671167886,35.79403899054],[-80.8646504499906,35.7945990250119]]},"properties":{"id":"arcgis-164-3-083f225b45067fdf","sourceId":"arcgis-164-3","source":"Fiber_Layer_AGOL \u2014 Conterra_Fiber","sourceUrl":"https://services2.arcgis.com/WbGEgSzGTEPg4fr6/arcgis/rest/services/Fiber_Layer_AGOL/FeatureServer/3","name":"Fiber_Layer_AGOL \u2014 Conterra_Fiber","carrier":"Not published","routeStatus":"Unknown","category":"unknown","evidence":"agency_route","dataDate":null,"metadataModified":"2023-12-22T14:55:19+00:00","retrievedAt":"2026-09-18T02:37:02.056547+00:00","networkType":"Published fiber route; network class not specified","serviceability":"Unconfirmed","routeDiversity":"Unconfirmed","states":["NC"]},"bbox":[-80.8646504499906,35.7913057819437,-80.8642671167886,35.7945990250119]},{"type":"Feature","geometry":{"type":"LineString","coordinates":[[-80.8630194919493,35.7911082901092],[-80.8619431813104,35.790984840875]]},"properties":{"id":"arcgis-164-3-ba33d68ac42b0759","sourceId":"arcgis-164-3","source":"Fiber_Layer_AGOL \u2014 Conterra_Fiber","sourceUrl":"https://services2.arcgis.com/WbGEgSzGTEPg4fr6/arcgis/rest/services/Fiber_Layer_AGOL/FeatureServer/3","name":"Fiber_Layer_AGOL \u2014 Conterra_Fiber","carrier":"Not published","routeStatus":"Unknown","category":"unknown","evidence":"agency_route","dataDate":null,"metadataModified":"2023-12-22T14:55:19+00:00","retrievedAt":"2026-09-18T02:37:02.056547+00:00","networkType":"Published fiber route; network class not specified","serviceability":"Unconfirmed","routeDiversity":"Unconfirmed","states":["NC"]},"bbox":[-80.8630194919493,35.790984840875,-80.8619431813104,35.7911082901092]},{"type":"Feature","geometry":{"type":"LineString","coordinates":[[-80.9419559499062,35.8050445348437],[-80.9418705422368,35.8045809109208],[-80.9420632145073,35.8040888691256],[-80.9423227767898,35.8036957269407],[-80.9425251435899,35.8033554568517],[-80.9428134308869,35.8038417900167],[-80.9431391684108,35.8043687664151],[-80.9434656537894,35.8049332534859]]},"properties":{"id":"arcgis-164-3-fd27dc8e07ed26fa","sourceId":"arcgis-164-3","source":"Fiber_Layer_AGOL \u2014 Conterra_Fiber","sourceUrl":"https://services2.arcgis.com/WbGEgSzGTEPg4fr6/arcgis/rest/services/Fiber_Layer_AGOL/FeatureServer/3","name":"Fiber_Layer_AGOL \u2014 Conterra_Fiber","carrier":"Not published","routeStatus":"Unknown","category":"unknown","evidence":"agency_route","dataDate":null,"metadataModified":"2023-12-22T14:55:19+00:00","retrievedAt":"2026-09-18T02:37:02.056547+00:00","networkType":"Published fiber route; network class not specified","serviceability":"Unconfirmed","routeDiversity":"Unconfirmed","states":["NC"]},"bbox":[-80.9434656537894,35.8033554568517,-80.9418705422368,35.8050445348437]},{"type":"Feature","geometry":{"type":"LineString","coordinates":[[-80.9425251435899,35.8033554568517],[-80.9421961026869,35.8028087816823],[-80.9419072722987,35.8023164961318],[-80.9416102221376,35.8018151384751],[-80.9413140172378,35.8013185499839],[-80.9410299619717,35.8008350994676],[-80.9407408921649,35.8003436146775],[-80.9403980806275,35.7998234856648],[-80.9403457826862,35.7992318028186],[-80.940087545148,35.7987939852253],[-80.9400275045143,35.7986919641289],[-80.9398296921919,35.7983694904098]]},"properties":{"id":"arcgis-164-3-357b7ad856f33cfe","sourceId":"arcgis-164-3","source":"Fiber_Layer_AGOL \u2014 Conterra_Fiber","sourceUrl":"https://services2.arcgis.com/WbGEgSzGTEPg4fr6/arcgis/rest/services/Fiber_Layer_AGOL/FeatureServer/3","name":"Fiber_Layer_AGOL \u2014 Conterra_Fiber","carrier":"Not published","routeStatus":"Unknown","category":"unknown","evidence":"agency_route","dataDate":null,"metadataModified":"2023-12-22T14:55:19+00:00","retrievedAt":"2026-09-18T02:37:02.056547+00:00","networkType":"Published fiber route; network class not specified","serviceability":"Unconfirmed","routeDiversity":"Unconfirmed","states":["NC"]},"bbox":[-80.9425251435899,35.7983694904098,-80.9398296921919,35.8033554568517]},{"type":"Feature","geometry":{"type":"LineString","coordinates":[[-80.9391405396833,35.7971643636949],[-80.9389293415277,35.796800681602],[-80.938631262308,35.7963196769266],[-80.9384347797054,35.7959607802356],[-80.9382082679922,35.7955658974526],[-80.9381464049996,35.7954538916286],[-80.9378902036415,35.7950078002429],[-80.9384082466016,35.794807640232],[-80.9390448631824,35.7947352164946],[-80.9395647126696,35.7946772688307],[-80.940077372221,35.7945729135362],[-80.9403970621018,35.7945076021613],[-80.94066729209,35.7944600869885],[-80.9412527095192,35.7943408273983],[-80.9416111138482,35.7942336518062]]},"properties":{"id":"arcgis-164-3-14df49b95dbd12ed","sourceId":"arcgis-164-3","source":"Fiber_Layer_AGOL \u2014 Conterra_Fiber","sourceUrl":"https://services2.arcgis.com/WbGEgSzGTEPg4fr6/arcgis/rest/services/Fiber_Layer_AGOL/FeatureServer/3","name":"Fiber_Layer_AGOL \u2014 Conterra_Fiber","carrier":"Not published","routeStatus":"Unknown","category":"unknown","evidence":"agency_route","dataDate":null,"metadataModified":"2023-12-22T14:55:19+00:00","retrievedAt":"2026-09-18T02:37:02.056547+00:00","networkType":"Published fiber route; network class not specified","serviceability":"Unconfirmed","routeDiversity":"Unconfirmed","states":["NC"]},"bbox":[-80.9416111138482,35.7942336518062,-80.9378902036415,35.7971643636949]},{"type":"Feature","geometry":{"type":"LineString","coordinates":[[-80.9378902036415,35.7950078002429],[-80.9375527214417,35.7946532100878],[-80.9373753468156,35.7944736964864],[-80.9367154984733,35.7940416264336],[-80.9357577566524,35.7936011778807],[-80.9349647592858,35.7932944672021],[-80.9343684710098,35.7932796128445],[-80.9338193859946,35.7930664256372],[-80.9335798048276,35.7929779729571],[-80.9334012179016,35.7929099870633],[-80.9331282999873,35.7928015537742],[-80.9327228238494,35.7926455790726],[-80.932477018766,35.7925519760343],[-80.9317853503601,35.7922804196952],[-80.9313785892712,35.7921231286368],[-80.9307798150996,35.7919046625397],[-80.9302738147467,35.7917061897751],[-80.9298882103571,35.7915553932013],[-80.9294997718208,35.7913870712101],[-80.9291699149131,35.7912602110009],[-80.9287307902844,35.7910914504608],[-80.9283829124951,35.7909535326032],[-80.9281543714929,35.7908642749004],[-80.9279194215047,35.7907753151615],[-80.9274211844306,35.7905839483419],[-80.9270038859771,35.7904190112474],[-80.9263558950472,35.7901728396142],[-80.9259253649377,35.7900060997791],[-80.9255310912989,35.7898528956664],[-80.9251375319907,35.7897018174603],[-80.9247445416426,35.7895495155769],[-80.9242772774603,35.7893687455621],[-80.9239260324391,35.7892334084441],[-80.9236356931678,35.7891238027148],[-80.9234184742929,35.7890396557594],[-80.9231204488899,35.788935123085]]},"properties":{"id":"arcgis-164-3-db6f94d6f8361c00","sourceId":"arcgis-164-3","source":"Fiber_Layer_AGOL \u2014 Conterra_Fiber","sourceUrl":"https://services2.arcgis.com/WbGEgSzGTEPg4fr6/arcgis/rest/services/Fiber_Layer_AGOL/FeatureServer/3","name":"Fiber_Layer_AGOL \u2014 Conterra_Fiber","carrier":"Not published","routeStatus":"Unknown","category":"unknown","evidence":"agency_route","dataDate":null,"metadataModified":"2023-12-22T14:55:19+00:00","retrievedAt":"2026-09-18T02:37:02.056547+00:00","networkType":"Published fiber route; network class not specified","serviceability":"Unconfirmed","routeDiversity":"Unconfirmed","states":["NC"]},"bbox":[-80.9378902036415,35.788935123085,-80.9231204488899,35.7950078002429]},{"type":"Feature","geometry":{"type":"LineString","coordinates":[[-80.8881104521135,35.789553995657],[-80.8881811963091,35.7897087858133],[-80.8883154379333,35.7899977108362],[-80.8884356883816,35.7902986688633],[-80.8885952792144,35.7908085156792],[-80.8887687780391,35.7913982304289],[-80.888855740137,35.7916690139392],[-80.8889732118934,35.7920837575284],[-80.8891406904114,35.7926506217433],[-80.8892591034566,35.7930549754311],[-80.8893392263497,35.7933298143373],[-80.8894625223303,35.7933708883065],[-80.8899714182515,35.7930570799704],[-80.8904371715336,35.7927709211824],[-80.8908164082732,35.7925463489169],[-80.8911454078013,35.7923514642887]]},"properties":{"id":"arcgis-164-3-069b3a2503311553","sourceId":"arcgis-164-3","source":"Fiber_Layer_AGOL \u2014 Conterra_Fiber","sourceUrl":"https://services2.arcgis.com/WbGEgSzGTEPg4fr6/arcgis/rest/services/Fiber_Layer_AGOL/FeatureServer/3","name":"Fiber_Layer_AGOL \u2014 Conterra_Fiber","carrier":"Not published","routeStatus":"Unknown","category":"unknown","evidence":"agency_route","dataDate":null,"metadataModified":"2023-12-22T14:55:19+00:00","retrievedAt":"2026-09-18T02:37:02.056547+00:00","networkType":"Published fiber route; network class not specified","serviceability":"Unconfirmed","routeDiversity":"Unconfirmed","states":["NC"]},"bbox":[-80.8911454078013,35.789553995657,-80.8881104521135,35.7933708883065]},{"type":"Feature","geometry":{"type":"LineString","coordinates":[[-80.8893392263497,35.7933298143373],[-80.8894978115737,35.7938661088508],[-80.8896508877715,35.7942122984974],[-80.8898754971152,35.7947464688822],[-80.8895137149055,35.7950295959569],[-80.8890711174689,35.7953426469187],[-80.8889892786276,35.7954623014761],[-80.8886217807239,35.7957817847548],[-80.8881941155661,35.796119311743],[-80.8881173171795,35.7961983677098]]},"properties":{"id":"arcgis-164-3-f307e551f0c21337","sourceId":"arcgis-164-3","source":"Fiber_Layer_AGOL \u2014 Conterra_Fiber","sourceUrl":"https://services2.arcgis.com/WbGEgSzGTEPg4fr6/arcgis/rest/services/Fiber_Layer_AGOL/FeatureServer/3","name":"Fiber_Layer_AGOL \u2014 Conterra_Fiber","carrier":"Not published","routeStatus":"Unknown","category":"unknown","evidence":"agency_route","dataDate":null,"metadataModified":"2023-12-22T14:55:19+00:00","retrievedAt":"2026-09-18T02:37:02.056547+00:00","networkType":"Published fiber route; network class not specified","serviceability":"Unconfirmed","routeDiversity":"Unconfirmed","states":["NC"]},"bbox":[-80.8898754971152,35.7933298143373,-80.8881173171795,35.7961983677098]},{"type":"Feature","geometry":{"type":"LineString","coordinates":[[-80.8881173171795,35.7961983677098],[-80.8876667441018,35.7966257996114],[-80.8873688067729,35.796982008435],[-80.88697564036,35.7974610066857],[-80.8865939260146,35.7979264813821],[-80.8862599495726,35.7983344515538],[-80.8860109833814,35.7986661844061],[-80.8856526688703,35.7991862414208]]},"properties":{"id":"arcgis-164-3-6143b19b914dc249","sourceId":"arcgis-164-3","source":"Fiber_Layer_AGOL \u2014 Conterra_Fiber","sourceUrl":"https://services2.arcgis.com/WbGEgSzGTEPg4fr6/arcgis/rest/services/Fiber_Layer_AGOL/FeatureServer/3","name":"Fiber_Layer_AGOL \u2014 Conterra_Fiber","carrier":"Not published","routeStatus":"Unknown","category":"unknown","evidence":"agency_route","dataDate":null,"metadataModified":"2023-12-22T14:55:19+00:00","retrievedAt":"2026-09-18T02:37:02.056547+00:00","networkType":"Published fiber route; network class not specified","serviceability":"Unconfirmed","routeDiversity":"Unconfirmed","states":["NC"]},"bbox":[-80.8881173171795,35.7961983677098,-80.8856526688703,35.7991862414208]},{"type":"Feature","geometry":{"type":"LineString","coordinates":[[-80.8856526688703,35.7991862414208],[-80.8853176476814,35.7996822234131],[-80.8849929693012,35.8001582385168],[-80.8848080873014,35.8004057457077],[-80.8846488607863,35.8006429633908],[-80.884307000548,35.8011251868557]]},"properties":{"id":"arcgis-164-3-b72047c17c252629","sourceId":"arcgis-164-3","source":"Fiber_Layer_AGOL \u2014 Conterra_Fiber","sourceUrl":"https://services2.arcgis.com/WbGEgSzGTEPg4fr6/arcgis/rest/services/Fiber_Layer_AGOL/FeatureServer/3","name":"Fiber_Layer_AGOL \u2014 Conterra_Fiber","carrier":"Not published","routeStatus":"Unknown","category":"unknown","evidence":"agency_route","dataDate":null,"metadataModified":"2023-12-22T14:55:19+00:00","retrievedAt":"2026-09-18T02:37:02.056547+00:00","networkType":"Published fiber route; network class not specified","serviceability":"Unconfirmed","routeDiversity":"Unconfirmed","states":["NC"]},"bbox":[-80.8856526688703,35.7991862414208,-80.884307000548,35.8011251868557]},{"type":"Feature","geometry":{"type":"LineString","coordinates":[[-80.884307000548,35.8011251868557],[-80.8840174048015,35.8015595732195],[-80.8837188478976,35.8019797529689],[-80.8834322310952,35.8023985338957],[-80.8831531821055,35.8028266793212]]},"properties":{"id":"arcgis-164-3-8fbd01767535be0c","sourceId":"arcgis-164-3","source":"Fiber_Layer_AGOL \u2014 Conterra_Fiber","sourceUrl":"https://services2.arcgis.com/WbGEgSzGTEPg4fr6/arcgis/rest/services/Fiber_Layer_AGOL/FeatureServer/3","name":"Fiber_Layer_AGOL \u2014 Conterra_Fiber","carrier":"Not published","routeStatus":"Unknown","category":"unknown","evidence":"agency_route","dataDate":null,"metadataModified":"2023-12-22T14:55:19+00:00","retrievedAt":"2026-09-18T02:37:02.056547+00:00","networkType":"Published fiber route; network class not specified","serviceability":"Unconfirmed","routeDiversity":"Unconfirmed","states":["NC"]},"bbox":[-80.884307000548,35.8011251868557,-80.8831531821055,35.8028266793212]},{"type":"Feature","geometry":{"type":"LineString","coordinates":[[-80.8831531821055,35.8028266793212],[-80.8829394771196,35.8031403467093],[-80.8827810764044,35.8033814155611],[-80.8828214932771,35.8036300127959],[-80.882369249454,35.804325657466]]},"properties":{"id":"arcgis-164-3-0b2056c380a94683","sourceId":"arcgis-164-3","source":"Fiber_Layer_AGOL \u2014 Conterra_Fiber","sourceUrl":"https://services2.arcgis.com/WbGEgSzGTEPg4fr6/arcgis/rest/services/Fiber_Layer_AGOL/FeatureServer/3","name":"Fiber_Layer_AGOL \u2014 Conterra_Fiber","carrier":"Not published","routeStatus":"Unknown","category":"unknown","evidence":"agency_route","dataDate":null,"metadataModified":"2023-12-22T14:55:19+00:00","retrievedAt":"2026-09-18T02:37:02.056547+00:00","networkType":"Published fiber route; network class not specified","serviceability":"Unconfirmed","routeDiversity":"Unconfirmed","states":["NC"]},"bbox":[-80.8831531821055,35.8028266793212,-80.882369249454,35.804325657466]},{"type":"Feature","geometry":{"type":"LineString","coordinates":[[-80.882369249454,35.804325657466],[-80.8820840319601,35.8047350194387],[-80.881919900226,35.8051121273217],[-80.8816617658428,35.80541359424]]},"properties":{"id":"arcgis-164-3-0ecf46790e70f3a2","sourceId":"arcgis-164-3","source":"Fiber_Layer_AGOL \u2014 Conterra_Fiber","sourceUrl":"https://services2.arcgis.com/WbGEgSzGTEPg4fr6/arcgis/rest/services/Fiber_Layer_AGOL/FeatureServer/3","name":"Fiber_Layer_AGOL \u2014 Conterra_Fiber","carrier":"Not published","routeStatus":"Unknown","category":"unknown","evidence":"agency_route","dataDate":null,"metadataModified":"2023-12-22T14:55:19+00:00","retrievedAt":"2026-09-18T02:37:02.056547+00:00","networkType":"Published fiber route; network class not specified","serviceability":"Unconfirmed","routeDiversity":"Unconfirmed","states":["NC"]},"bbox":[-80.882369249454,35.804325657466,-80.8816617658428,35.80541359424]},{"type":"Feature","geometry":{"type":"LineString","coordinates":[[-80.9072618692742,35.8031790500897],[-80.9068535039783,35.8027833970458],[-80.9066285928049,35.8025728062947],[-80.9061595684092,35.8021629158167]]},"properties":{"id":"arcgis-164-3-2221c1c302fc9c2a","sourceId":"arcgis-164-3","source":"Fiber_Layer_AGOL \u2014 Conterra_Fiber","sourceUrl":"https://services2.arcgis.com/WbGEgSzGTEPg4fr6/arcgis/rest/services/Fiber_Layer_AGOL/FeatureServer/3","name":"Fiber_Layer_AGOL \u2014 Conterra_Fiber","carrier":"Not published","routeStatus":"Unknown","category":"unknown","evidence":"agency_route","dataDate":null,"metadataModified":"2023-12-22T14:55:19+00:00","retrievedAt":"2026-09-18T02:37:02.056547+00:00","networkType":"Published fiber route; network class not specified","serviceability":"Unconfirmed","routeDiversity":"Unconfirmed","states":["NC"]},"bbox":[-80.9072618692742,35.8021629158167,-80.9061595684092,35.8031790500897]},{"type":"Feature","geometry":{"type":"LineString","coordinates":[[-77.5789156379206,35.2649944981472],[-77.579441811676,35.2650033446327],[-77.5799796977502,35.2650187543092],[-77.5802542976293,35.2650189529304],[-77.580521870389,35.2651319832873],[-77.5808539121481,35.2651384501553],[-77.5812096303793,35.2651540703368],[-77.5825832655493,35.2651861523819],[-77.5832890299759,35.2651813793124],[-77.583952610384,35.2652238420869],[-77.5842584337867,35.2653247304972],[-77.5847592260969,35.2654589078393],[-77.5851493625297,35.2655780715753],[-77.5855230311377,35.2656838861572],[-77.5863189367823,35.2658695221581],[-77.5866694123147,35.2659363641159],[-77.5871715110045,35.2660347821337],[-77.5875599976367,35.2661050601505],[-77.5883808081969,35.2662171947746],[-77.5895097489119,35.2663486246161],[-77.5900132475079,35.2663816531741],[-77.5905510726188,35.2664484177837],[-77.5914645726773,35.2665447067043],[-77.591818265376,35.2665803188906],[-77.5920172503463,35.2665913572649],[-77.5924038335025,35.2667307165914],[-77.593387757252,35.2668387853908],[-77.5948655852368,35.2670038982408],[-77.597566654278,35.2672530953897],[-77.5979245455115,35.267295764079],[-77.5983288638745,35.2673578901793],[-77.5987634646538,35.2673967548603],[-77.5996437162049,35.2674779313832],[-77.6008628517434,35.267602208818]]},"properties":{"id":"arcgis-201-0-4d03c39b90f0c3a2","sourceId":"arcgis-201-0","source":"E_FiberOptic \u2014 E_FiberOptic","sourceUrl":"https://services5.arcgis.com/oHyVM17u2FMyV4oB/arcgis/rest/services/E_FiberOptic/FeatureServer/0","name":"RecToTerminal","carrier":"Not published","routeStatus":"Unknown","category":"unknown","evidence":"agency_route","dataDate":null,"metadataModified":"2025-03-17T20:41:57+00:00","retrievedAt":"2026-09-18T02:37:16.516886+00:00","networkType":"Published fiber route; network class not specified","serviceability":"Unconfirmed","routeDiversity":"Unconfirmed","states":["NC"]},"bbox":[-77.6008628517434,35.2649944981472,-77.5789156379206,35.267602208818]},{"type":"Feature","geometry":{"type":"LineString","coordinates":[[-77.6187346863909,35.2673360976626],[-77.6195797005173,35.2682118586279],[-77.6195865767573,35.2682977416612],[-77.61957154985,35.2683952951219],[-77.6195275157798,35.2686727006496],[-77.6176376971645,35.2689769664412],[-77.6172306602715,35.2690416422253],[-77.6169360549103,35.2691704301705],[-77.6172870931368,35.2695656378678],[-77.6177571134816,35.270148259788],[-77.6179782157036,35.2708306075839],[-77.618220926751,35.2716110002759],[-77.6183615478395,35.2720658213316],[-77.6185548736761,35.272671519554],[-77.6187202950837,35.273207724296],[-77.61888588163,35.2737343886705],[-77.6191090618075,35.2744668500028],[-77.6192597112747,35.2748454520973],[-77.6193686762989,35.2752808275071],[-77.6195751448383,35.2759701601193],[-77.6197160225612,35.2764106699971],[-77.6198070210918,35.2767051043972],[-77.6199336432749,35.2771287529918],[-77.6200203917268,35.2774187941804],[-77.6202486120071,35.2781103331907],[-77.6205195601997,35.2789435196124],[-77.6208736441369,35.2800209565271],[-77.6210708049657,35.2805742161122],[-77.621308242142,35.2811541725278],[-77.6215459665237,35.2817174341669],[-77.6218003765149,35.282326206688],[-77.622055718917,35.2828801266774],[-77.6223308188915,35.2834700504179],[-77.6228239067876,35.2844154831957],[-77.6231024116726,35.285363264985],[-77.6234383682301,35.2858950675912],[-77.6236708538797,35.2861502897215],[-77.6239515155806,35.2864360695166],[-77.6244150435355,35.2867989475222],[-77.6252153930519,35.2873356266886],[-77.6248967976249,35.2873613886945],[-77.6242332863606,35.2876378586771],[-77.6203090351194,35.2893653629248],[-77.6193660377146,35.2896763867405],[-77.6189816936906,35.290029437625],[-77.618612800367,35.2905473257933],[-77.6182976568538,35.2911885874785],[-77.6178118849722,35.2922499917067],[-77.6173844648872,35.2931336496466],[-77.6172868854624,35.2933604135471],[-77.6171807431722,35.2937215030819],[-77.6169026523837,35.2943177888861],[-77.6155747795856,35.296984950248],[-77.6150404120777,35.298123100905],[-77.6159059273202,35.2980025908428],[-77.6174337816962,35.2984971132472]]},"properties":{"id":"arcgis-201-0-a65b05cb0c3487bc","sourceId":"arcgis-201-0","source":"E_FiberOptic \u2014 E_FiberOptic","sourceUrl":"https://services5.arcgis.com/oHyVM17u2FMyV4oB/arcgis/rest/services/E_FiberOptic/FeatureServer/0","name":"WOWToCareyFire","carrier":"Not published","routeStatus":"Unknown","category":"unknown","evidence":"agency_route","dataDate":null,"metadataModified":"2025-03-17T20:41:57+00:00","retrievedAt":"2026-09-18T02:37:16.516886+00:00","networkType":"Published fiber route; network class not specified","serviceability":"Unconfirmed","routeDiversity":"Unconfirmed","states":["NC"]},"bbox":[-77.6252153930519,35.2673360976626,-77.6150404120777,35.2984971132472]},{"type":"Feature","geometry":{"type":"LineString","coordinates":[[-77.6187346863909,35.2673360976626],[-77.6195797005173,35.2682118586279],[-77.6195865767573,35.2682977416612],[-77.61957154985,35.2683952951219],[-77.6195275157798,35.2686727006496],[-77.6199103759409,35.2686129362159],[-77.6213763551638,35.2683662916169],[-77.6219940592039,35.2682469544426],[-77.6221006235833,35.2682356262536],[-77.6227217119608,35.2681042278818],[-77.6235577149457,35.2679767969242],[-77.6240451574137,35.2678954636906],[-77.6244740879546,35.2678141974021],[-77.6250735999634,35.2677014355005],[-77.6261753462551,35.267533604678],[-77.6271817549469,35.267388671757],[-77.6279040771385,35.2672759139572],[-77.6282307041178,35.2672392703893],[-77.6284489024579,35.2672220309327],[-77.6293258922045,35.2671310468935],[-77.6300120208247,35.2670802436449],[-77.6305025396368,35.267030360714],[-77.6310075024268,35.2669873205223],[-77.6316140405682,35.2669189005314],[-77.6325129753488,35.2667083497854],[-77.6333589016814,35.2665080124042],[-77.6345475036157,35.2661028651124],[-77.6351264353896,35.2659140611494],[-77.6378181933225,35.2648832735954],[-77.6378648346246,35.2645076780117],[-77.637983076867,35.2643766746898],[-77.6386187265855,35.2641563154619],[-77.6392953450675,35.2638944520802],[-77.6400698140685,35.2635814706759],[-77.6415494916968,35.2630159945981],[-77.6420521285498,35.2628247652239],[-77.6425541981844,35.2626107814743],[-77.6434267041254,35.2622965658956],[-77.6437004575055,35.2621754680749],[-77.6444048749,35.262043875191],[-77.644951222438,35.2619041517411],[-77.6453588960851,35.2617998902139],[-77.6463254445935,35.2616186924484],[-77.6472184140042,35.2614567374443],[-77.6479876273345,35.2613000251778],[-77.6482605166466,35.2622791578743],[-77.648505364896,35.2641830171541],[-77.6486783043256,35.2655015843808],[-77.6487693134867,35.2661483707804],[-77.6483971746701,35.2659387125785]]},"properties":{"id":"arcgis-201-0-284c467c2dc766b4","sourceId":"arcgis-201-0","source":"E_FiberOptic \u2014 E_FiberOptic","sourceUrl":"https://services5.arcgis.com/oHyVM17u2FMyV4oB/arcgis/rest/services/E_FiberOptic/FeatureServer/0","name":"WOWToHillFarmFire","carrier":"Not published","routeStatus":"Unknown","category":"unknown","evidence":"agency_route","dataDate":null,"metadataModified":"2025-03-17T20:41:57+00:00","retrievedAt":"2026-09-18T02:37:16.516886+00:00","networkType":"Published fiber route; network class not specified","serviceability":"Unconfirmed","routeDiversity":"Unconfirmed","states":["NC"]},"bbox":[-77.6487693134867,35.2613000251778,-77.6187346863909,35.2686727006496]},{"type":"Feature","geometry":{"type":"LineString","coordinates":[[-77.57485735062,35.268500519065],[-77.5769159047332,35.2685296681846],[-77.5791453515822,35.2685593289325],[-77.5796446296252,35.2685659355152],[-77.5816720810829,35.2685919439773],[-77.5827679052779,35.2686010919962],[-77.5830987384457,35.2686193928673],[-77.5834412009416,35.2686383356104],[-77.5841212998541,35.2687115890426],[-77.5849992905426,35.2688216672543],[-77.5867428689632,35.2690330751053],[-77.5877316003201,35.2691389161343],[-77.5895024273776,35.2693558237734],[-77.591134968497,35.2695730963576],[-77.5923558443653,35.2697212109461],[-77.5934847443883,35.2698560428313],[-77.5954484693677,35.2700908752993],[-77.5967196688073,35.2702342077965],[-77.5978612592814,35.2703639583081],[-77.5996470662252,35.2705830297708],[-77.6010312209528,35.2707422457852],[-77.6023113295257,35.2709026110445],[-77.6028453640401,35.2709585266902],[-77.6033538935603,35.2709963338059],[-77.6037782484959,35.2710426818573],[-77.6039821773197,35.2710331354464],[-77.6044438922547,35.2710018119186],[-77.6048791941171,35.2709383170106],[-77.6052451576106,35.2708770363372],[-77.6064017207851,35.2706782782228],[-77.6075510381739,35.2704734728453],[-77.6087695937031,35.2702707317644],[-77.6095248837867,35.2701176454258],[-77.609592922635,35.2703943652131],[-77.6105837405822,35.2702326542184],[-77.6122885760445,35.2699302971939],[-77.6139957077045,35.2696359672438],[-77.6156985397685,35.2693420663306],[-77.6160934661495,35.2692549646754],[-77.6168202815703,35.2691481372333],[-77.6172306602715,35.2690416422253],[-77.6183949470751,35.2688560876103],[-77.6195275157798,35.2686727006496],[-77.61957154985,35.2683952951219],[-77.6195865767573,35.2682977416612],[-77.6195797005173,35.2682118586279],[-77.6187346863909,35.2673360976626]]},"properties":{"id":"arcgis-201-0-96f94a01fc1b62e5","sourceId":"arcgis-201-0","source":"E_FiberOptic \u2014 E_FiberOptic","sourceUrl":"https://services5.arcgis.com/oHyVM17u2FMyV4oB/arcgis/rest/services/E_FiberOptic/FeatureServer/0","name":"VernonFireToWOW","carrier":"Not published","routeStatus":"Unknown","category":"unknown","evidence":"agency_route","dataDate":null,"metadataModified":"2025-03-17T20:41:57+00:00","retrievedAt":"2026-09-18T02:37:16.516886+00:00","networkType":"Published fiber route; network class not specified","serviceability":"Unconfirmed","routeDiversity":"Unconfirmed","states":["NC"]},"bbox":[-77.6195865767573,35.2673360976626,-77.57485735062,35.2710426818573]},{"type":"Feature","geometry":{"type":"LineString","coordinates":[[-77.6064017207851,35.2706782782228],[-77.6064375233692,35.2713072768944],[-77.6064911781741,35.2715955448646],[-77.6065612692548,35.2719593487813],[-77.60664435617,35.2723853899455],[-77.6067165585785,35.2727692143151],[-77.606827891197,35.2733284349991],[-77.6068776054262,35.2735974264243],[-77.6071235507433,35.2742903824726],[-77.6072192961112,35.27478373026],[-77.6073468256954,35.2754041099336],[-77.6077947115532,35.2769156462133],[-77.607483604869,35.2785308678863],[-77.6078638661609,35.2796193708376],[-77.6081789741528,35.280618967392],[-77.6084987135097,35.2816387980859],[-77.6086275217216,35.2822194067608],[-77.6087472324874,35.2827964144752],[-77.6088690769411,35.2833950312951],[-77.6089672854356,35.283880278456],[-77.6090885580544,35.284521296985],[-77.6091585486604,35.2848133603758],[-77.6092516823569,35.2854101618306],[-77.6091407948558,35.2860671369214],[-77.6090665804028,35.2864230036596],[-77.6088053611767,35.287145050065],[-77.6087758295871,35.2874145897187],[-77.6087306504024,35.2878071689606],[-77.6086544127674,35.2884516973058],[-77.6085726321053,35.2891186093759],[-77.6084993343219,35.2897692540055],[-77.6084458185155,35.2902574793215],[-77.608385945407,35.2908057013528],[-77.6083310209428,35.29136973106],[-77.6082393549156,35.2918243155978],[-77.6079301458626,35.2922963032111],[-77.6076143842595,35.2924757080349],[-77.6071407905304,35.2928320877632],[-77.6061572701999,35.2936625887556],[-77.6059286380666,35.2938505922921],[-77.6056063381067,35.2943628539238],[-77.6051597506607,35.2952178479602],[-77.6049537866211,35.2956286351333],[-77.6047132516532,35.296083746412],[-77.6045074235136,35.2966100518043],[-77.6057967307961,35.2969907492991],[-77.6064420256349,35.2968678429436],[-77.6072865722853,35.2967253294846],[-77.608371089632,35.2964572880522],[-77.6092585558474,35.2964289865114],[-77.6099358176327,35.2965541961217],[-77.6105866152148,35.2966550964717],[-77.611362351969,35.2967682168495],[-77.6120852848201,35.2968786317685],[-77.6128969046301,35.2973004511814],[-77.6149534885735,35.29790854043],[-77.6150404120777,35.298123100905],[-77.6159059273202,35.2980025908428],[-77.6174337816962,35.2984971132472]]},"properties":{"id":"arcgis-201-0-13e4e7903b66947d","sourceId":"arcgis-201-0","source":"E_FiberOptic \u2014 E_FiberOptic","sourceUrl":"https://services5.arcgis.com/oHyVM17u2FMyV4oB/arcgis/rest/services/E_FiberOptic/FeatureServer/0","name":"VernonFireToCareyFire","carrier":"Not published","routeStatus":"Unknown","category":"unknown","evidence":"agency_route","dataDate":null,"metadataModified":"2025-03-17T20:41:57+00:00","retrievedAt":"2026-09-18T02:37:16.516886+00:00","networkType":"Published fiber route; network class not specified","serviceability":"Unconfirmed","routeDiversity":"Unconfirmed","states":["NC"]},"bbox":[-77.6174337816962,35.2706782782228,-77.6045074235136,35.2984971132472]},{"type":"Feature","geometry":{"type":"LineString","coordinates":[[-77.6008628517434,35.267602208818],[-77.6013623475375,35.2676651066946],[-77.6017197782798,35.2676867310878],[-77.6033354650018,35.2678460743394],[-77.6038713082353,35.2678867956697],[-77.6045717829136,35.2679604071071],[-77.6053221666423,35.2680287809161],[-77.6069082171812,35.2681983063528],[-77.6086074771559,35.2683601573436],[-77.610109196119,35.2685066013234],[-77.6107070773479,35.2685718388781],[-77.6112856638661,35.2686232793045],[-77.6117168815035,35.2686610244281],[-77.6124872887711,35.2687409166767],[-77.6139288928609,35.2688916428548],[-77.6146269310138,35.2689577410468],[-77.6153272530725,35.2690237324069],[-77.6157950873024,35.2690492629079],[-77.6160934661495,35.2692549646754],[-77.6168202815703,35.2691481372333],[-77.6172306602715,35.2690416422253],[-77.6183949470751,35.2688560876103],[-77.6195275157798,35.2686727006496],[-77.61957154985,35.2683952951219],[-77.6195865767573,35.2682977416612],[-77.6195797005173,35.2682118586279],[-77.6187346863909,35.2673360976626]]},"properties":{"id":"arcgis-201-0-f398c98a48aef797","sourceId":"arcgis-201-0","source":"E_FiberOptic \u2014 E_FiberOptic","sourceUrl":"https://services5.arcgis.com/oHyVM17u2FMyV4oB/arcgis/rest/services/E_FiberOptic/FeatureServer/0","name":"TerminalToWOW","carrier":"Not published","routeStatus":"Unknown","category":"unknown","evidence":"agency_route","dataDate":null,"metadataModified":"2025-03-17T20:41:57+00:00","retrievedAt":"2026-09-18T02:37:16.516886+00:00","networkType":"Published fiber route; network class not specified","serviceability":"Unconfirmed","routeDiversity":"Unconfirmed","states":["NC"]},"bbox":[-77.6195865767573,35.2673360976626,-77.6008628517434,35.2692549646754]},{"type":"Feature","geometry":{"type":"LineString","coordinates":[[-77.5790531043426,35.2611719364836],[-77.579324488507,35.2612519311304],[-77.5794911525019,35.2613022376772],[-77.5795300877509,35.2615608089631],[-77.5794959223287,35.2617095047935],[-77.5795036120481,35.262026156927],[-77.579504452595,35.2622931703552],[-77.5795021034808,35.2624623946909],[-77.5795001512883,35.2628802094177],[-77.5794537145936,35.2646227556033],[-77.5794802030932,35.265004200034],[-77.5792406125038,35.264998860683],[-77.5789156379206,35.2649944981472]]},"properties":{"id":"arcgis-201-0-780555cd1d924d0e","sourceId":"arcgis-201-0","source":"E_FiberOptic \u2014 E_FiberOptic","sourceUrl":"https://services5.arcgis.com/oHyVM17u2FMyV4oB/arcgis/rest/services/E_FiberOptic/FeatureServer/0","name":"GateToREC","carrier":"Not published","routeStatus":"Unknown","category":"unknown","evidence":"agency_route","dataDate":null,"metadataModified":"2025-03-17T20:41:57+00:00","retrievedAt":"2026-09-18T02:37:16.516886+00:00","networkType":"Published fiber route; network class not specified","serviceability":"Unconfirmed","routeDiversity":"Unconfirmed","states":["NC"]},"bbox":[-77.5795300877509,35.2611719364836,-77.5789156379206,35.265004200034]},{"type":"Feature","geometry":{"type":"LineString","coordinates":[[-77.6008628517434,35.267602208818],[-77.6008221722011,35.2678410283682],[-77.6007651981117,35.2682001342952],[-77.6006976049421,35.2685769256892],[-77.6006177733342,35.2690518469647],[-77.6005501026797,35.269444958965],[-77.6004847210813,35.2698041883584],[-77.6004309466485,35.2701247231535],[-77.6004023009772,35.2702650703393],[-77.6003394075179,35.2705915282795],[-77.6003004006882,35.2706619181246],[-77.6000043326961,35.2706275862405],[-77.5996470662252,35.2705830297708],[-77.5994664237473,35.2707590170303],[-77.5990284244629,35.2706981071835],[-77.598817892959,35.2706858928945],[-77.5985471897679,35.2709447306424],[-77.5984985903163,35.2711412571163],[-77.5983899955183,35.2715609747397],[-77.5982587163926,35.2721105256003],[-77.5985423445127,35.2720040644878],[-77.5987878676189,35.2718492785995]]},"properties":{"id":"arcgis-201-0-2588501b4349c9b3","sourceId":"arcgis-201-0","source":"E_FiberOptic \u2014 E_FiberOptic","sourceUrl":"https://services5.arcgis.com/oHyVM17u2FMyV4oB/arcgis/rest/services/E_FiberOptic/FeatureServer/0","name":"TerminalToFairfield","carrier":"Not published","routeStatus":"Unknown","category":"unknown","evidence":"agency_route","dataDate":null,"metadataModified":"2025-03-17T20:41:57+00:00","retrievedAt":"2026-09-18T02:37:16.516886+00:00","networkType":"Published fiber route; network class not specified","serviceability":"Unconfirmed","routeDiversity":"Unconfirmed","states":["NC"]},"bbox":[-77.6008628517434,35.267602208818,-77.5982587163926,35.2721105256003]},{"type":"Feature","geometry":{"type":"LineString","coordinates":[[-77.5789156379206,35.2649944981472],[-77.5785476197415,35.2649841306512],[-77.5781769815236,35.2649734842305],[-77.5778201911326,35.2649717372333],[-77.577524704279,35.2649689814335],[-77.5772424587758,35.2649639040088],[-77.5768526180561,35.2649584812797],[-77.5764436125381,35.2650514805672],[-77.5759581850406,35.2650383718386],[-77.5757367645795,35.2651778193954],[-77.5757238440401,35.2655587135995],[-77.5757088307534,35.2660364747102],[-77.5756870326728,35.2663846769039],[-77.5756907857668,35.2669622090106],[-77.5756851128874,35.2673915710502],[-77.5756935221753,35.2679066082182],[-77.5756887807452,35.2682751264382],[-77.575490631139,35.2682709940906]]},"properties":{"id":"arcgis-201-0-9328a5b97e271bce","sourceId":"arcgis-201-0","source":"E_FiberOptic \u2014 E_FiberOptic","sourceUrl":"https://services5.arcgis.com/oHyVM17u2FMyV4oB/arcgis/rest/services/E_FiberOptic/FeatureServer/0","name":"RecToFire1","carrier":"Not published","routeStatus":"Unknown","category":"unknown","evidence":"agency_route","dataDate":null,"metadataModified":"2025-03-17T20:41:57+00:00","retrievedAt":"2026-09-18T02:37:16.516886+00:00","networkType":"Published fiber route; network class not specified","serviceability":"Unconfirmed","routeDiversity":"Unconfirmed","states":["NC"]},"bbox":[-77.5789156379206,35.2649584812797,-77.575490631139,35.2682751264382]},{"type":"Feature","geometry":{"type":"LineString","coordinates":[[-77.5928246841252,35.2667803451935],[-77.5928569649439,35.2664878017144],[-77.593208971376,35.2665184055621],[-77.5932649409999,35.2662371704798],[-77.5933090975603,35.2659416924239],[-77.593288649977,35.2657973060374]]},"properties":{"id":"arcgis-201-0-5ceaaf36c83eba93","sourceId":"arcgis-201-0","source":"E_FiberOptic \u2014 E_FiberOptic","sourceUrl":"https://services5.arcgis.com/oHyVM17u2FMyV4oB/arcgis/rest/services/E_FiberOptic/FeatureServer/0","name":"POD","carrier":"Not published","routeStatus":"Unknown","category":"unknown","evidence":"agency_route","dataDate":null,"metadataModified":"2025-03-17T20:41:57+00:00","retrievedAt":"2026-09-18T02:37:16.516886+00:00","networkType":"Published fiber route; network class not specified","serviceability":"Unconfirmed","routeDiversity":"Unconfirmed","states":["NC"]},"bbox":[-77.5933090975603,35.2657973060374,-77.5928246841252,35.2667803451935]},{"type":"Feature","geometry":{"type":"LineString","coordinates":[[-77.6187894355801,35.2721588470366],[-77.6183615478395,35.2720658213316]]},"properties":{"id":"arcgis-201-0-013b5e8389839cf8","sourceId":"arcgis-201-0","source":"E_FiberOptic \u2014 E_FiberOptic","sourceUrl":"https://services5.arcgis.com/oHyVM17u2FMyV4oB/arcgis/rest/services/E_FiberOptic/FeatureServer/0","name":"HULLLRD_SUB","carrier":"Not published","routeStatus":"Unknown","category":"unknown","evidence":"agency_route","dataDate":null,"metadataModified":"2025-03-17T20:41:57+00:00","retrievedAt":"2026-09-18T02:37:16.516886+00:00","networkType":"Published fiber route; network class not specified","serviceability":"Unconfirmed","routeDiversity":"Unconfirmed","states":["NC"]},"bbox":[-77.6187894355801,35.2720658213316,-77.6183615478395,35.2721588470366]},{"type":"Feature","geometry":{"type":"LineString","coordinates":[[-77.6558128125662,35.2699794210937],[-77.6568769345768,35.2700797743375],[-77.6577323936034,35.2701559961167],[-77.6585773452395,35.2702345953544],[-77.659531398942,35.2703203029905],[-77.660119687607,35.2703625970276],[-77.6607167015558,35.2704049838419],[-77.6612362574976,35.2703821076715],[-77.6618775621212,35.2702673786008],[-77.6626640277931,35.2701952945142],[-77.6634586100016,35.2701232949579],[-77.6642642487726,35.270042570816],[-77.66506227757,35.2700431006249],[-77.66598071241,35.2701266570177],[-77.665880592709,35.2706254671322],[-77.6657672075955,35.2711915462295],[-77.6656550310711,35.2717248405026],[-77.6655552473736,35.2721542913243],[-77.6655364814827,35.2722425038081],[-77.6653635811577,35.2728619149451],[-77.6649533141949,35.2730482175918]]},"properties":{"id":"arcgis-201-0-ae191e3659253112","sourceId":"arcgis-201-0","source":"E_FiberOptic \u2014 E_FiberOptic","sourceUrl":"https://services5.arcgis.com/oHyVM17u2FMyV4oB/arcgis/rest/services/E_FiberOptic/FeatureServer/0","name":"FALLINGCREEK","carrier":"Not published","routeStatus":"Unknown","category":"unknown","evidence":"agency_route","dataDate":null,"metadataModified":"2025-03-17T20:41:57+00:00","retrievedAt":"2026-09-18T02:37:16.516886+00:00","networkType":"Published fiber route; network class not specified","serviceability":"Unconfirmed","routeDiversity":"Unconfirmed","states":["NC"]},"bbox":[-77.66598071241,35.2699794210937,-77.6558128125662,35.2730482175918]},{"type":"Feature","geometry":{"type":"LineString","coordinates":[[-77.6187894355801,35.2721588470366],[-77.6183615478395,35.2720658213316],[-77.6185548736761,35.272671519554],[-77.6187202950837,35.273207724296],[-77.61888588163,35.2737343886705],[-77.6191090618075,35.2744668500028],[-77.6192597112747,35.2748454520973],[-77.6193686762989,35.2752808275071],[-77.6195751448383,35.2759701601193],[-77.6197160225612,35.2764106699971],[-77.6198070210918,35.2767051043972],[-77.6199336432749,35.2771287529918],[-77.6200203917268,35.2774187941804],[-77.6202486120071,35.2781103331907],[-77.6205195601997,35.2789435196124],[-77.6208736441369,35.2800209565271],[-77.6210708049657,35.2805742161122],[-77.621308242142,35.2811541725278],[-77.6215459665237,35.2817174341669],[-77.6218003765149,35.282326206688],[-77.622055718917,35.2828801266774],[-77.6223308188915,35.2834700504179],[-77.6228239067876,35.2844154831957],[-77.6225957766756,35.2844568830509],[-77.6219584393123,35.2845459966163],[-77.621326560724,35.2846391276826],[-77.6206874999,35.2847243374229],[-77.6200528536949,35.2848187961754],[-77.6200524603627,35.2855030844433],[-77.6200462847033,35.2861513126213],[-77.6200500282024,35.28681248635],[-77.6200501675356,35.2874842273705],[-77.6192376976971,35.287458679126],[-77.6184501361628,35.2874505507065],[-77.6176292406125,35.2874324188817],[-77.6168272251738,35.2874310621478],[-77.6160281705253,35.2874070853816],[-77.6152196382716,35.2873906039525],[-77.6144148346676,35.2873768418864],[-77.6136111923636,35.2873652740089],[-77.6128102808098,35.2873407119926],[-77.6120028333562,35.2873292764513],[-77.6110576554249,35.287320769472],[-77.6103790389167,35.2872989520925],[-77.6103577937849,35.2875049562177],[-77.61067636729,35.2877365390635]]},"properties":{"id":"arcgis-201-0-a168a0a168a0b158","sourceId":"arcgis-201-0","source":"E_FiberOptic \u2014 E_FiberOptic","sourceUrl":"https://services5.arcgis.com/oHyVM17u2FMyV4oB/arcgis/rest/services/E_FiberOptic/FeatureServer/0","name":"WOWToCareyFire(alt 2)","carrier":"Not published","routeStatus":"Unknown","category":"unknown","evidence":"agency_route","dataDate":null,"metadataModified":"2025-03-17T20:41:57+00:00","retrievedAt":"2026-09-18T02:37:16.516886+00:00","networkType":"Published fiber route; network class not specified","serviceability":"Unconfirmed","routeDiversity":"Unconfirmed","states":["NC"]},"bbox":[-77.6228239067876,35.2720658213316,-77.6103577937849,35.2877365390635]},{"type":"Feature","geometry":{"type":"LineString","coordinates":[[-77.61067636729,35.2877365390635],[-77.6103577937849,35.2875049562177],[-77.6102792271468,35.2881358418191],[-77.6101993153175,35.2888040925748],[-77.6101123077341,35.2894721526657],[-77.6100303302642,35.2901448547302],[-77.6099607522158,35.2908077901748],[-77.6098693807405,35.2914813163408],[-77.6097641583405,35.2921675835087],[-77.6096720142992,35.2928400610488],[-77.6096159105375,35.2935541438401],[-77.6095370502909,35.2942302392212],[-77.6094442476706,35.2949086418784],[-77.6093885602829,35.2953183484815],[-77.6093441440939,35.2956750737158],[-77.6092585558474,35.2964289865114],[-77.6099358176327,35.2965541961217],[-77.6105866152148,35.2966550964717],[-77.611362351969,35.2967682168495],[-77.6120852848201,35.2968786317685],[-77.6128969046301,35.2973004511814],[-77.6137454766851,35.297553053102],[-77.6142135941132,35.2976938701955],[-77.6149534885735,35.29790854043],[-77.6150404120777,35.298123100905],[-77.6159059273202,35.2980025908428],[-77.6174337816962,35.2984971132472]]},"properties":{"id":"arcgis-201-0-e40bb47ff8153f65","sourceId":"arcgis-201-0","source":"E_FiberOptic \u2014 E_FiberOptic","sourceUrl":"https://services5.arcgis.com/oHyVM17u2FMyV4oB/arcgis/rest/services/E_FiberOptic/FeatureServer/0","name":"WOWToCareyFire(alt 2)","carrier":"Not published","routeStatus":"Unknown","category":"unknown","evidence":"agency_route","dataDate":null,"metadataModified":"2025-03-17T20:41:57+00:00","retrievedAt":"2026-09-18T02:37:16.516886+00:00","networkType":"Published fiber route; network class not specified","serviceability":"Unconfirmed","routeDiversity":"Unconfirmed","states":["NC"]},"bbox":[-77.6174337816962,35.2875049562177,-77.6092585558474,35.2984971132472]},{"type":"Feature","geometry":{"type":"LineString","coordinates":[[-77.6187346863909,35.2673360976626],[-77.6195797005173,35.2682118586279],[-77.6195865767573,35.2682977416612],[-77.61957154985,35.2683952951219],[-77.6195275157798,35.2686727006496],[-77.6176376971645,35.2689769664412],[-77.6172306602715,35.2690416422253],[-77.6169360549103,35.2691704301705],[-77.6172870931368,35.2695656378678],[-77.6177571134816,35.270148259788],[-77.6179782157036,35.2708306075839],[-77.618220926751,35.2716110002759],[-77.6183615478395,35.2720658213316]]},"properties":{"id":"arcgis-201-0-b5dc6024ff71d570","sourceId":"arcgis-201-0","source":"E_FiberOptic \u2014 E_FiberOptic","sourceUrl":"https://services5.arcgis.com/oHyVM17u2FMyV4oB/arcgis/rest/services/E_FiberOptic/FeatureServer/0","name":"WOWToCareyFire(alt 2)","carrier":"Not published","routeStatus":"Unknown","category":"unknown","evidence":"agency_route","dataDate":null,"metadataModified":"2025-03-17T20:41:57+00:00","retrievedAt":"2026-09-18T02:37:16.516886+00:00","networkType":"Published fiber route; network class not specified","serviceability":"Unconfirmed","routeDiversity":"Unconfirmed","states":["NC"]},"bbox":[-77.6195865767573,35.2673360976626,-77.6169360549103,35.2720658213316]},{"type":"Feature","geometry":{"type":"LineString","coordinates":[[-77.6483971746701,35.2659387125785],[-77.6487693134867,35.2661483707804],[-77.6488603288197,35.2668040787553],[-77.6489529547264,35.2674497974327],[-77.6490434271815,35.2681058046547],[-77.6491335380904,35.2687496368687],[-77.6492208274196,35.2693964521956],[-77.6495174661657,35.269730819276],[-77.6496417270512,35.2707877161465],[-77.6497608709757,35.2714956996392],[-77.6498081043994,35.2721551748203],[-77.6497683696266,35.2724939671352]]},"properties":{"id":"arcgis-201-0-da8f09b79c3e39da","sourceId":"arcgis-201-0","source":"E_FiberOptic \u2014 E_FiberOptic","sourceUrl":"https://services5.arcgis.com/oHyVM17u2FMyV4oB/arcgis/rest/services/E_FiberOptic/FeatureServer/0","name":"FALLINGCREEK","carrier":"Not published","routeStatus":"Unknown","category":"unknown","evidence":"agency_route","dataDate":null,"metadataModified":"2025-03-17T20:41:57+00:00","retrievedAt":"2026-09-18T02:37:16.516886+00:00","networkType":"Published fiber route; network class not specified","serviceability":"Unconfirmed","routeDiversity":"Unconfirmed","states":["NC"]},"bbox":[-77.6498081043994,35.2659387125785,-77.6483971746701,35.2724939671352]},{"type":"Feature","geometry":{"type":"LineString","coordinates":[[-77.5803840301972,35.2589264696704],[-77.580673717743,35.2589306860777],[-77.5810305382347,35.2589523910989],[-77.581355501728,35.2589578993941],[-77.5816989772183,35.2589662499899],[-77.5821786067563,35.2589910641002],[-77.5826920928669,35.2589895463119],[-77.5828136160735,35.2590164941793],[-77.5829570945387,35.2593048010081],[-77.5829557604755,35.2596059613545],[-77.5829499278657,35.2599340037686],[-77.5829562468816,35.2602242637794],[-77.5829437290239,35.2606170377175],[-77.5829353725272,35.2609409142063],[-77.582929000135,35.2612913700085],[-77.5829237896942,35.261510839472],[-77.5829168539903,35.261717776095],[-77.5829045251577,35.2620339888051],[-77.5829043262346,35.2623224612524],[-77.5828959415841,35.2625394430949],[-77.5828868767811,35.262752934273],[-77.582874915683,35.2630390376219],[-77.5827234209733,35.2631583203318],[-77.582722561507,35.2633707265369],[-77.5827196023535,35.2636574617699],[-77.582713504517,35.263856134592],[-77.5827059463501,35.2640335587796],[-77.5827020303802,35.2641247030053],[-77.5826928701506,35.2642359165491],[-77.5826925415239,35.2643846758274],[-77.5826818876727,35.2646046025269],[-77.5826775148271,35.2648492160139],[-77.5826645937563,35.2652402178788],[-77.5826575224458,35.2656205038717],[-77.582649678306,35.2658943355944],[-77.5826367080732,35.2663836103481],[-77.5826261285985,35.266761255113],[-77.582622433997,35.2669691058119],[-77.5826210570987,35.26742373803],[-77.5826034706961,35.2678475321811],[-77.5825932282824,35.2681052836102],[-77.5825899250123,35.2685296236296],[-77.5827679052779,35.2686010919962],[-77.5834412009416,35.2686383356104],[-77.5839031574953,35.2686882986431],[-77.5841212998541,35.2687115890426],[-77.5841613010646,35.2691586371081],[-77.584156142148,35.2695397701455],[-77.5841518070405,35.2701856484227],[-77.584138767946,35.2706491494708],[-77.5838561018726,35.2706318460524],[-77.5834900057355,35.2707766469818]]},"properties":{"id":"arcgis-201-0-c76105fe5131b7e1","sourceId":"arcgis-201-0","source":"E_FiberOptic \u2014 E_FiberOptic","sourceUrl":"https://services5.arcgis.com/oHyVM17u2FMyV4oB/arcgis/rest/services/E_FiberOptic/FeatureServer/0","name":"County911","carrier":"Not published","routeStatus":"Unknown","category":"unknown","evidence":"agency_route","dataDate":null,"metadataModified":"2025-03-17T20:41:57+00:00","retrievedAt":"2026-09-18T02:37:16.516886+00:00","networkType":"Published fiber route; network class not specified","serviceability":"Unconfirmed","routeDiversity":"Unconfirmed","states":["NC"]},"bbox":[-77.5841613010646,35.2589264696704,-77.5803840301972,35.2707766469818]},{"type":"Feature","geometry":{"type":"LineString","coordinates":[[-77.5833417098395,35.2707583390958],[-77.5831153490012,35.2706036232735],[-77.5824441149957,35.2705242033391],[-77.5821582991546,35.2704433322297],[-77.5800499916132,35.2704186170695],[-77.5798741061842,35.2704970583946],[-77.5795433210632,35.2704931768727],[-77.5791629965546,35.2704111894976],[-77.5791767845794,35.2696212017742],[-77.5793025066333,35.2695004281701],[-77.5792998216011,35.269029287742],[-77.5793658305825,35.2687885452039],[-77.5793623579041,35.2685708403396],[-77.5794693738321,35.2636880747337],[-77.5794964357707,35.2633872407954],[-77.579496057167,35.2621587757694],[-77.5794967974863,35.2616996025034],[-77.5795355362661,35.2615628986995],[-77.5794894370379,35.2612880415405],[-77.5794912309034,35.260351808116],[-77.5795247213703,35.2603074761136],[-77.5804115544201,35.2603178818704],[-77.58055169545,35.2602032389659]]},"properties":{"id":"arcgis-201-0-8737e6c642178e1f","sourceId":"arcgis-201-0","source":"E_FiberOptic \u2014 E_FiberOptic","sourceUrl":"https://services5.arcgis.com/oHyVM17u2FMyV4oB/arcgis/rest/services/E_FiberOptic/FeatureServer/0","name":"county911","carrier":"Not published","routeStatus":"Unknown","category":"unknown","evidence":"agency_route","dataDate":null,"metadataModified":"2025-03-17T20:41:57+00:00","retrievedAt":"2026-09-18T02:37:16.516886+00:00","networkType":"Published fiber route; network class not specified","serviceability":"Unconfirmed","routeDiversity":"Unconfirmed","states":["NC"]},"bbox":[-77.5833417098395,35.2602032389659,-77.5791629965546,35.2707583390958]},{"type":"Feature","geometry":{"type":"LineString","coordinates":[[-77.5858743385293,35.2760381780597],[-77.5857234522449,35.2759610259204],[-77.5856380730863,35.2759753068871]]},"properties":{"id":"arcgis-201-0-959efa35a7467a63","sourceId":"arcgis-201-0","source":"E_FiberOptic \u2014 E_FiberOptic","sourceUrl":"https://services5.arcgis.com/oHyVM17u2FMyV4oB/arcgis/rest/services/E_FiberOptic/FeatureServer/0","name":"W Highland Ave","carrier":"Not published","routeStatus":"Unknown","category":"unknown","evidence":"agency_route","dataDate":null,"metadataModified":"2025-03-17T20:41:57+00:00","retrievedAt":"2026-09-18T02:37:16.516886+00:00","networkType":"Published fiber route; network class not specified","serviceability":"Unconfirmed","routeDiversity":"Unconfirmed","states":["NC"]},"bbox":[-77.5858743385293,35.2759610259204,-77.5856380730863,35.2760381780597]},{"type":"Feature","geometry":{"type":"LineString","coordinates":[[-77.5857234522449,35.2759610259204],[-77.5857257604618,35.2758541796866]]},"properties":{"id":"arcgis-201-0-eccc00a6e9841631","sourceId":"arcgis-201-0","source":"E_FiberOptic \u2014 E_FiberOptic","sourceUrl":"https://services5.arcgis.com/oHyVM17u2FMyV4oB/arcgis/rest/services/E_FiberOptic/FeatureServer/0","name":"College St","carrier":"Not published","routeStatus":"Unknown","category":"unknown","evidence":"agency_route","dataDate":null,"metadataModified":"2025-03-17T20:41:57+00:00","retrievedAt":"2026-09-18T02:37:16.516886+00:00","networkType":"Published fiber route; network class not specified","serviceability":"Unconfirmed","routeDiversity":"Unconfirmed","states":["NC"]},"bbox":[-77.5857257604618,35.2758541796866,-77.5857234522449,35.2759610259204]},{"type":"Feature","geometry":{"type":"LineString","coordinates":[[-77.5857234522449,35.2759610259204],[-77.5857186748626,35.2761137438563]]},"properties":{"id":"arcgis-201-0-e3bc8b06a39b9dda","sourceId":"arcgis-201-0","source":"E_FiberOptic \u2014 E_FiberOptic","sourceUrl":"https://services5.arcgis.com/oHyVM17u2FMyV4oB/arcgis/rest/services/E_FiberOptic/FeatureServer/0","name":"College St","carrier":"Not published","routeStatus":"Unknown","category":"unknown","evidence":"agency_route","dataDate":null,"metadataModified":"2025-03-17T20:41:57+00:00","retrievedAt":"2026-09-18T02:37:16.516886+00:00","networkType":"Published fiber route; network class not specified","serviceability":"Unconfirmed","routeDiversity":"Unconfirmed","states":["NC"]},"bbox":[-77.5857234522449,35.2759610259204,-77.5857186748626,35.2761137438563]},{"type":"Feature","geometry":{"type":"LineString","coordinates":[[-77.6137118926926,35.3220892085787],[-77.6136413025202,35.3221459836057],[-77.6135663987259,35.3222109024035],[-77.6134955445519,35.3222788062894],[-77.6134289168655,35.3223495257706]]},"properties":{"id":"arcgis-201-0-a97a5f5abfed43b6","sourceId":"arcgis-201-0","source":"E_FiberOptic \u2014 E_FiberOptic","sourceUrl":"https://services5.arcgis.com/oHyVM17u2FMyV4oB/arcgis/rest/services/E_FiberOptic/FeatureServer/0","name":"E_FiberOptic \u2014 E_FiberOptic","carrier":"Not published","routeStatus":"Unknown","category":"unknown","evidence":"agency_route","dataDate":null,"metadataModified":"2025-03-17T20:41:57+00:00","retrievedAt":"2026-09-18T02:37:16.516886+00:00","networkType":"Published fiber route; network class not specified","serviceability":"Unconfirmed","routeDiversity":"Unconfirmed","states":["NC"]},"bbox":[-77.6137118926926,35.3220892085787,-77.6134289168655,35.3223495257706]},{"type":"Feature","geometry":{"type":"LineString","coordinates":[[-77.6137275433183,35.3221101393093],[-77.6136813122408,35.3221587484624],[-77.6136591140873,35.3221804387061],[-77.613642312721,35.322192888654],[-77.6136199664243,35.322206229857],[-77.6135966523305,35.3222250449333],[-77.613591606126,35.3222137765483],[-77.6135262325109,35.322156018564],[-77.6134745336784,35.3221155922868],[-77.6134302499767,35.3220840760306],[-77.6134101100911,35.3220724518278],[-77.6133770635798,35.3220505817334],[-77.6133152477462,35.3220203107788],[-77.6132904130261,35.3220117223733],[-77.6132731026462,35.3220084724727],[-77.6132013683453,35.3219898402676],[-77.613128808472,35.3219734958358],[-77.6131146629436,35.3219709483887],[-77.6130526218812,35.3219609953817],[-77.612994542321,35.3219534722771],[-77.6129125084813,35.3219510813315],[-77.6128891234366,35.3219501815326],[-77.612837791653,35.3219521224453],[-77.6128256162258,35.3219526726738],[-77.6127870785689,35.3219567434823],[-77.6127802698209,35.3219573723031],[-77.6127402186761,35.3219587265574],[-77.6127304624311,35.3219581640402],[-77.6127011764744,35.3219637435836],[-77.6126882287227,35.3219673970607],[-77.6126732333086,35.3219723730775],[-77.6126514840945,35.3219774646589],[-77.6126443244752,35.321978994597],[-77.6126127585106,35.3219866197363],[-77.6125973163236,35.3219919278011]]},"properties":{"id":"arcgis-201-0-6736fbf822b8a134","sourceId":"arcgis-201-0","source":"E_FiberOptic \u2014 E_FiberOptic","sourceUrl":"https://services5.arcgis.com/oHyVM17u2FMyV4oB/arcgis/rest/services/E_FiberOptic/FeatureServer/0","name":"E_FiberOptic \u2014 E_FiberOptic","carrier":"Not published","routeStatus":"Unknown","category":"unknown","evidence":"agency_route","dataDate":null,"metadataModified":"2025-03-17T20:41:57+00:00","retrievedAt":"2026-09-18T02:37:16.516886+00:00","networkType":"Published fiber route; network class not specified","serviceability":"Unconfirmed","routeDiversity":"Unconfirmed","states":["NC"]},"bbox":[-77.6137275433183,35.3219501815326,-77.6125973163236,35.3222250449333]},{"type":"Feature","geometry":{"type":"LineString","coordinates":[[-77.6136942677368,35.3221033845671],[-77.6136678743569,35.3221104110637],[-77.6136389833413,35.3220979150148],[-77.6136093834585,35.3220928052572],[-77.613458229472,35.3219963783097],[-77.6133686183125,35.3219332184188],[-77.6132992332381,35.3218984423586],[-77.6132273100745,35.3218587878247],[-77.6132203929009,35.3218534526574],[-77.613169070995,35.3218258450184],[-77.6131183583982,35.3217999870069],[-77.61306689542,35.3217806583335],[-77.6130335290792,35.3217665917973],[-77.6130144742424,35.3217584505851],[-77.6129968386831,35.3217483878923],[-77.6129707817106,35.3217310405049],[-77.6129554830798,35.3217202551029],[-77.6129290412112,35.3217016122961],[-77.6129143182266,35.3217083557719],[-77.6128707494474,35.3217439002744],[-77.6128207468419,35.3217746559339],[-77.6127754592927,35.3218099788682],[-77.6127423799119,35.3218461104639],[-77.6127077314946,35.3218759439655],[-77.6126915200556,35.3218978522636],[-77.6126762246462,35.3219215822418],[-77.6126096385658,35.3219747062354],[-77.6126013268438,35.3219838707196],[-77.6125973163236,35.3219919278011]]},"properties":{"id":"arcgis-201-0-eed73440921dfc4a","sourceId":"arcgis-201-0","source":"E_FiberOptic \u2014 E_FiberOptic","sourceUrl":"https://services5.arcgis.com/oHyVM17u2FMyV4oB/arcgis/rest/services/E_FiberOptic/FeatureServer/0","name":"E_FiberOptic \u2014 E_FiberOptic","carrier":"Not published","routeStatus":"Unknown","category":"unknown","evidence":"agency_route","dataDate":null,"metadataModified":"2025-03-17T20:41:57+00:00","retrievedAt":"2026-09-18T02:37:16.516886+00:00","networkType":"Published fiber route; network class not specified","serviceability":"Unconfirmed","routeDiversity":"Unconfirmed","states":["NC"]},"bbox":[-77.6136942677368,35.3217016122961,-77.6125973163236,35.3221104110637]},{"type":"Feature","geometry":{"type":"LineString","coordinates":[[-77.6125973163236,35.3219919278011],[-77.6125816875108,35.3219875385877],[-77.6125756308427,35.3219950231926],[-77.6125709856151,35.3219999843336]]},"properties":{"id":"arcgis-201-0-5de943c678c072d3","sourceId":"arcgis-201-0","source":"E_FiberOptic \u2014 E_FiberOptic","sourceUrl":"https://services5.arcgis.com/oHyVM17u2FMyV4oB/arcgis/rest/services/E_FiberOptic/FeatureServer/0","name":"E_FiberOptic \u2014 E_FiberOptic","carrier":"Not published","routeStatus":"Unknown","category":"unknown","evidence":"agency_route","dataDate":null,"metadataModified":"2025-03-17T20:41:57+00:00","retrievedAt":"2026-09-18T02:37:16.516886+00:00","networkType":"Published fiber route; network class not specified","serviceability":"Unconfirmed","routeDiversity":"Unconfirmed","states":["NC"]},"bbox":[-77.6125973163236,35.3219875385877,-77.6125709856151,35.3219999843336]},{"type":"Feature","geometry":{"type":"LineString","coordinates":[[-77.6129622263118,35.3215468151304],[-77.612943241805,35.3215651811156],[-77.6129256134125,35.3215853639014],[-77.6129159852451,35.3215943889182],[-77.6129118423907,35.3215981459617],[-77.6128964967004,35.3216122514747],[-77.6128501142916,35.3216575301063],[-77.6128122855407,35.3216988028889],[-77.6128166084487,35.321708033663],[-77.6128371840295,35.3217213839932],[-77.6128256388815,35.3217516777664],[-77.6127865361555,35.3217937960167],[-77.6127863239939,35.3218136571713],[-77.612731226763,35.3218701204911],[-77.6127045631489,35.3218974445132],[-77.6126502330352,35.3219303972628],[-77.6125941269491,35.3219745393664],[-77.6125973163236,35.3219919278011]]},"properties":{"id":"arcgis-201-0-e9190978b5cb9598","sourceId":"arcgis-201-0","source":"E_FiberOptic \u2014 E_FiberOptic","sourceUrl":"https://services5.arcgis.com/oHyVM17u2FMyV4oB/arcgis/rest/services/E_FiberOptic/FeatureServer/0","name":"E_FiberOptic \u2014 E_FiberOptic","carrier":"Not published","routeStatus":"Unknown","category":"unknown","evidence":"agency_route","dataDate":null,"metadataModified":"2025-03-17T20:41:57+00:00","retrievedAt":"2026-09-18T02:37:16.516886+00:00","networkType":"Published fiber route; network class not specified","serviceability":"Unconfirmed","routeDiversity":"Unconfirmed","states":["NC"]},"bbox":[-77.6129622263118,35.3215468151304,-77.6125941269491,35.3219919278011]},{"type":"Feature","geometry":{"type":"LineString","coordinates":[[-77.6694323991564,35.2704554824521],[-77.6694082038905,35.2705584995025],[-77.6693250413489,35.2705920835581],[-77.6684857956021,35.2704662247483],[-77.6675919730718,35.2703462224489],[-77.6666139648992,35.2701990143765],[-77.6664315642616,35.2701880661088],[-77.6662151344098,35.2701472261787],[-77.66598071241,35.2701266570177]]},"properties":{"id":"arcgis-201-0-3c351425583ac7f7","sourceId":"arcgis-201-0","source":"E_FiberOptic \u2014 E_FiberOptic","sourceUrl":"https://services5.arcgis.com/oHyVM17u2FMyV4oB/arcgis/rest/services/E_FiberOptic/FeatureServer/0","name":"SMITHFIELD WAY","carrier":"Not published","routeStatus":"Unknown","category":"unknown","evidence":"agency_route","dataDate":null,"metadataModified":"2025-03-17T20:41:57+00:00","retrievedAt":"2026-09-18T02:37:16.516886+00:00","networkType":"Published fiber route; network class not specified","serviceability":"Unconfirmed","routeDiversity":"Unconfirmed","states":["NC"]},"bbox":[-77.6694323991564,35.2701266570177,-77.66598071241,35.2705920835581]},{"type":"Feature","geometry":{"type":"LineString","coordinates":[[-77.6693205306323,35.2708054237712],[-77.6693129929051,35.2706398381541],[-77.6693016848009,35.2706422336357],[-77.6691944384029,35.2706855806433],[-77.6678555500233,35.2704969481532],[-77.6674734956028,35.2704314145712]]},"properties":{"id":"arcgis-201-0-b184e7444e5f766e","sourceId":"arcgis-201-0","source":"E_FiberOptic \u2014 E_FiberOptic","sourceUrl":"https://services5.arcgis.com/oHyVM17u2FMyV4oB/arcgis/rest/services/E_FiberOptic/FeatureServer/0","name":"E_FiberOptic \u2014 E_FiberOptic","carrier":"Not published","routeStatus":"Unknown","category":"unknown","evidence":"agency_route","dataDate":null,"metadataModified":"2025-03-17T20:41:57+00:00","retrievedAt":"2026-09-18T02:37:16.516886+00:00","networkType":"Published fiber route; network class not specified","serviceability":"Unconfirmed","routeDiversity":"Unconfirmed","states":["NC"]},"bbox":[-77.6693205306323,35.2704314145712,-77.6674734956028,35.2708054237712]},{"type":"Feature","geometry":{"type":"LineString","coordinates":[[-77.6683851190958,35.2704411155125],[-77.6684402429416,35.2705117832688],[-77.6686289052817,35.2709397980219]]},"properties":{"id":"arcgis-201-0-7deaf32752de0136","sourceId":"arcgis-201-0","source":"E_FiberOptic \u2014 E_FiberOptic","sourceUrl":"https://services5.arcgis.com/oHyVM17u2FMyV4oB/arcgis/rest/services/E_FiberOptic/FeatureServer/0","name":"E_FiberOptic \u2014 E_FiberOptic","carrier":"Not published","routeStatus":"Unknown","category":"unknown","evidence":"agency_route","dataDate":null,"metadataModified":"2025-03-17T20:41:57+00:00","retrievedAt":"2026-09-18T02:37:16.516886+00:00","networkType":"Published fiber route; network class not specified","serviceability":"Unconfirmed","routeDiversity":"Unconfirmed","states":["NC"]},"bbox":[-77.6686289052817,35.2704411155125,-77.6683851190958,35.2709397980219]},{"type":"Feature","geometry":{"type":"LineString","coordinates":[[-77.6666016198413,35.270198273447],[-77.6664950780558,35.2703090132135],[-77.6663880627214,35.2703965690884],[-77.665992675703,35.2706475190318]]},"properties":{"id":"arcgis-201-0-a24cdceed19129b9","sourceId":"arcgis-201-0","source":"E_FiberOptic \u2014 E_FiberOptic","sourceUrl":"https://services5.arcgis.com/oHyVM17u2FMyV4oB/arcgis/rest/services/E_FiberOptic/FeatureServer/0","name":"SMIFHFIELD /INDUSTRIAL","carrier":"Not published","routeStatus":"Unknown","category":"unknown","evidence":"agency_route","dataDate":null,"metadataModified":"2025-03-17T20:41:57+00:00","retrievedAt":"2026-09-18T02:37:16.516886+00:00","networkType":"Published fiber route; network class not specified","serviceability":"Unconfirmed","routeDiversity":"Unconfirmed","states":["NC"]},"bbox":[-77.6666016198413,35.270198273447,-77.665992675703,35.2706475190318]}]}